PESSOA
1 A0139U 26067CZ  26208.55991354  .00008754  00000-0  41981-3 0  9993
2 A0139  97.4565 166.5645 0005770 283.9583  76.1009 15.19118965 17806
HULIANWANG DIGUI-73
1 65305U 25187A   26208.50875113 -.00000090  00000-0  73972-4 0  9992
2 65305  50.0056  61.2692 0000085 105.9677 254.1205 13.29323989 45064
RAPIDEYE 5
1 33313U 08040B   26208.49941354  .00001522  00000-0  11841-3 0  9990
2 33313  97.3864 224.6969 0009596 349.6099  10.4927 15.02645234971551
ONEWEB-0142
1 47288U 20100AG  26208.63804769 -.00000309  00000-0 -89499-3 0  9999
2 47288  87.8981 342.6277 0002000  85.8659 274.2698 13.12442162269973
GLOBALSTAR M059
1 25944U 99058B   26208.43494434 -.00000077  00000-0  10977-3 0  9990
2 25944  51.9988 190.8226 0000406   9.0107 159.2302 12.00000998622697
KUIPER-00458
1 68950U 26098AH  26208.50002315 -.00776454  00000-0 -33864-1 0  9997
2 68950  51.8791 233.1228 0002485   7.7488   5.5221 15.24207792  5880
ESSAIM-3
1 28496U 04049E   26208.56720600  .00002641  00000-0  23680-3 0  9995
2 28496  98.2252 147.5295 0002832 106.3204 253.8328 14.96716560168767
PICOSAT 4
1 26092U 00004K   26208.54612610  .00000776  00000-0  22030-3 0  9996
2 26092 100.2065 243.4649 0031631  28.7462 331.5460 14.48885594392181
ONEWEB-0589
1 54655U 22166P   26208.77010867 -.00000055  00000-0 -16568-3 0  9997
2 54655  87.9225 235.9020 0001216  95.2457 264.8816 13.21826389176904
HYDROGNSS-2
1 66763U 25276DB  26208.15234697  .00003351  00000-0  20063-3 0  9991
2 66763  97.4186 279.4203 0010414 209.4724 150.5921 15.11639640 36389
SPOT 7
1 40053U 14034A   26208.52116608  .00000486  00000-0  10830-3 0  9994
2 40053  98.0613 269.9689 0001694  91.2899 268.8496 14.60990031643029
WNISAT 1
1 39423U 13066H   26208.83678336  .00001164  00000-0  21820-3 0  9997
2 39423  97.7251 355.1182 0164309 103.7958 258.1588 14.58144954672653
COSMOS 1104
1 11378U 79046A   26208.47576035  .00000053  00000-0  38448-4 0  9990
2 11378  82.9448  30.6893 0034114  93.1426 295.8113 13.75998957367114
OTB-3-GAZELLE
1 54023U 22127A   26208.42481128  .00000179  00000-0  66848-4 0  9999
2 54023  98.3971 199.5215 0014392  69.4022 290.8710 14.42688059200160
GEOS 3
1 07734U 75027A   26208.42485936 -.00000096  00000-0  38122-4 0  9997
2 07734 114.9952  31.0046 0025080 291.2403  68.5997 14.19189482654987
RASSVET-3 15
1 68374U 26061Q   26208.48473693  .00003624  00000-0  18522-3 0  9991
2 68374  82.2969 330.0583 0000333 172.0610 188.0627 15.16390036 19741
KOMPSAT 5
1 39227U 13042A   26208.47016020  .00001841  00000-0  13574-3 0  9998
2 39227  97.6200  34.6045 0003975  19.0302 341.1072 15.04521874709911
CINEMA 3
1 39426U 13066L   26208.55082118  .00001661  00000-0  21975-3 0  9999
2 39426  97.8364 119.6861 0091332  81.5362 279.6188 14.78382658680410
HULIANWANG DIGUI-46
1 65049U 25162G   26208.56256616 -.00000084  00000-0  85657-4 0  9993
2 65049  50.0061 120.8732 0000261  33.5467 326.5422 13.29327792 48739
CENTAURI-8
1 62714U 25009DK  26208.63824419  .00004394  00000-0  37703-3 0  9994
2 62714  97.7044 288.2148 0002728  68.1425 292.0087 14.97998452 83536
HUBBLE 7
1 64592U 25135BS  26208.55076149  .00001882  00000-0  18335-3 0  9999
2 64592  97.7785 322.8150 0002604 181.7692 178.3519 14.93682444 59933
OSCAR 31
1 19420U 88074B   26208.39499910  .00000047  00000-0  67523-4 0  9993
2 19420  90.0422  21.5031 0092847 314.7735  62.3227 13.42616205856929
COSMOS 1912
1 18791U 88002D   26208.48130347  .00000039  00000-0  15104-3 0  9998
2 18791  82.6064 212.7860 0010852  17.5662 136.2899 12.65072447778988
FLOCK 4G 22
1 62645U 25009AN  26208.18302232  .00011549  00000-0  40023-3 0  9990
2 62645  97.4003 290.0158 0003786 135.1951 224.9596 15.29985941 85038
COSMOS 2484
1 39059U 13001C   26208.55379075  .00000021  00000-0  82661-4 0  9990
2 39059  82.5002 196.7955 0025192 307.9782  51.9022 12.42940949613577
HULIANWANG DIGUI-10
1 62332U 24240K   26208.50727986  .00000033  00000-0  41959-4 0  9998
2 62332  86.5062 329.8277 0002182 102.6318 257.5060 13.24411182 77979
HULIANWANG DIGUI-140
1 67438U 26007D   26208.62748526 -.00000084  00000-0  86105-4 0  9998
2 67438  50.0065 301.0032 0000811 162.1934 197.8966 13.29326524 26169
COSMOS 2212
1 22183U 92068B   26208.67507648  .00000017  00000-0  37559-4 0  9993
2 22183  82.5914 302.8821 0003610  87.2257 272.9248 12.63151106556693
LINGQIAO VIDEO A
1 40959U 15057B   26208.52379247  .00000295  00000-0  48159-4 0  9999
2 40959  97.6643 201.3411 0017750 134.2048 226.0625 14.77438564581363
YAM-7
1 60504U 24149AN  26208.68195015  .00007809  00000-0  25255-3 0  9994
2 60504  97.3776 288.7773 0004643 133.9186 226.2439 15.32334676108250
YAOGAN-43 O1G
1 60464U 24148G   26208.52772343  .00006680  00000-0  22319-3 0  9990
2 60464  35.0014 252.3986 0005670 165.7568 194.3309 15.30298282108464
ONEWEB-0542
1 54646U 22166E   26208.49591911  .00000064  00000-0  12226-3 0  9995
2 54646  87.9233 235.9493 0001815  98.6119 261.5220 13.21826016176869
KONDOR FKA 2
1 62138U 24223A   26208.54096065  .00002923  00000-0  14013-3 0  9994
2 62138  97.4398  51.4067 0001695  90.2002 269.9427 15.19689410 91833
COSMOS 2558
1 53323U 22089A   26208.49466275  .00178504  00000-0  74191-3 0  9998
2 53323  97.2230 314.4808 0004214 221.8516 138.2433 15.85273451224198
SKYSAT C1
1 41601U 16040C   26208.33055450  .00009389  00000-0  26207-3 0  9995
2 41601  96.9551 237.8867 0001556 174.0168 186.1096 15.36925913564037
AE5RB
1 66693U 25276AD  26208.15275702  .00015121  00000-0  63163-3 0  9991
2 66693  97.4158 281.5690 0003505 198.6580 161.4529 15.23719500 36535
FLOCK 4BE 5
1 60559U 24149CV  26208.22661952  .00016254  00000-0  39103-3 0  9993
2 60559  97.3840 292.6392 0004675 137.5301 222.6308 15.41365618108443
GEESAT 6-11
1 65723U 25214M   26208.15091234  .00001953  00000-0  26234-3 0  9998
2 65723  49.9833 122.7329 0010251  16.1621 343.9642 14.83470800 45446
QIANFAN-45
1 62246U 24232K   26208.49417593  .00000043  00000-0  48979-4 0  9991
2 62246  89.0087  18.4507 0012394 255.9159 104.0614 13.51022837129879
ORBVIEW 1 (MICROLAB)
1 23547U 95017C   26208.17366666  .00001248  00000-0  23217-3 0  9995
2 23547  69.9761 128.6486 0012206 269.6459  90.3285 14.67526516664150
KUIPER-00191
1 67143U 25301L   26208.60647588  .00000218  00000-0  57643-4 0  9994
2 67143  51.9017 174.4330 0000972  41.9089 318.1948 14.79948043 34377
COSMOS 416
1  5215U 71041F   26208.21042307  .00000006  00000-0  13255-3 0  9998
2  5215  74.0121 221.5072 0077834 331.8715  99.6589 12.58072182535821
SDA_1670
1 65980U 25230G   26208.83881891  .00000042  00000-0  30521-4 0  9995
2 65980  81.2996 174.7976 0001648  73.1686 286.9647 13.78090540 39388
GJZ 04
1 62293U 24238D   26208.55447035 -.00000055  00000-0  66421-4 0  9996
2 62293  59.9125 148.8705 0018073  38.9001 321.3303 13.75203062 81461
HULIANWANG DIGUI-17
1 62977U 25030G   26208.48139742 -.00000086  00000-0  81134-4 0  9993
2 62977  50.0063  91.0817 0000682 306.4350  53.6459 13.29326310 71224
GEESAT 5-06
1 65555U 25201F   26208.49712147  .00001702  00000-0  22782-3 0  9993
2 65555  49.9897 212.3100 0013310 118.0300 242.1986 14.84279876 47777
AAUSAT3
1 39087U 13009B   26208.76080537  .00000667  00000-0  22537-3 0  9995
2 39087  98.3714  31.6351 0012687  90.4408 269.8234 14.39985283703016
UKUBE 1
1 40074U 14037F   26208.48803102  .00009002  00000-0  49813-3 0  9993
2 40074  98.4249 216.0146 0002845  68.3441 291.8091 15.14124325654652
YAM-6
1 59126U 24043AE  26208.33916280  .00009233  00000-0  25067-3 0  9996
2 59126  97.5607 350.6189 0009648  87.9382 272.2967 15.37780768133481
SPACEMOBILE-004
1 61049U 24163E   26208.18893837  .00019551  00000-0  89276-3 0  9997
2 61049  52.9750 124.9778 0005164 270.3678  89.6725 15.20605758103850
MKA PN2 (RELEK)
1 40070U 14037B   26208.37395229  .00000571  00000-0  12755-3 0  9990
2 40070  98.0729 184.9787 0128969 304.2792  54.6249 14.55703266638932
ONEWEB-0369
1 49295U 21090S   26208.66812326  .00000023  00000-0  26241-4 0  9997
2 49295  87.9185 296.9137 0002050 102.5278 257.6084 13.19727055231758
ONEWEB-0431
1 51630U 22012J   26208.45041162 -.00000635  00000-0 -18566-2 0  9997
2 51630  87.8825  28.2418 0002392  90.3313 269.8088 13.10371984214617
RADIO 5
1 12999U 81120C   26208.55857948  .00000158  00000-0  17250-2 0  9992
2 12999  82.9554  63.4875 0013999 230.9606 155.7631 12.05303858962443
COSMOS 511
1  6124U 72057H   26208.44155843  .00000001  00000-0  12545-3 0  9997
2  6124  74.0248 200.7626 0031126 132.8228  21.2559 12.36882850439094
GONETS M 14 (M24)
1 44905U 19096A   26208.53877622  .00000184  00000-0  12528-2 0  9998
2 44905  82.5213  59.6192 0014411  65.7879 294.4705 12.42871637298696
COSMOS 1233
1 12112U 80102F   26208.40375909 -.00000016  00000-0 -35757-7 0  9996
2 12112  73.9960   0.2217 0029040  61.9554 326.1889 12.55585768 89589
ONEWEB-0178
1 48075U 21025AK  26208.71925420 -.00000014  00000-0 -73624-4 0  9995
2 48075  87.8977 312.1693 0002230  99.8221 260.3160 13.13471785259043
ONEWEB-0363
1 49289U 21090L   26208.16358070  .00000025  00000-0  30217-4 0  9996
2 49289  87.9175 266.4729 0001699  98.9087 261.2239 13.20773145235584
COSMOS 1795
1 17139U 86092B   26208.35162544 -.00000022  00000-0 -44003-4 0  9995
2 17139  74.0167 341.5357 0009659 141.9146 246.0504 12.47816399807557
IRIDIUM 63
1 25286U 98021B   26208.58883706  .00000300  00000-0  94695-4 0  9996
2 25286  86.3959 272.0114 0002412  88.2872 271.8601 14.36908708482056
HONGHU 2
1 58555U 23193C   26208.48312205  .00029399  00000-0  57417-3 0  9998
2 58555  97.2792 198.5021 0042227 125.5307 234.9892 15.46431201108207
OSCAR 17 (DOVE)
1 20440U 90005E   26208.88977959  .00000133  00000-0  63585-4 0  9992
2 20440  98.8598 240.3354 0011695  86.5582  88.8162 14.34501775908171
COSMOS 1194
1 11877U 80058C   26208.54782227 -.00000032  00000-0 -97971-4 0  9994
2 11877  74.0185 147.0906 0027630 278.6812  81.1111 12.52801981106007
NORSAT 2
1 42828U 17042D   26208.45323980  .00010166  00000-0  43942-3 0  9999
2 42828  97.4057  21.2815 0007950 268.0180  92.0146 15.22634900493867
IRIDE-MS2-HEO-12
1 68984U 26100E   26208.69011589  .00001449  00000-0  15215-3 0  9996
2 68984  97.7290 105.2817 0004944  46.5076 313.6553 14.90981795 12736
PELICAN-4 300B
1 65316U 25188B   26208.20293033  .00000190  00000-0  66939-5 0  9993
2 65316  97.1987 283.9022 0001070  48.0261 312.1077 15.40365626 51475
KIKU 4 (ETS 3)
1 13492U 82087A   26208.82325301 -.00000086  00000-0  34038-4 0  9993
2 13492  44.6154 123.2107 0011984 310.3644  90.6927 13.71277382198197
HULIANWANG DIGUI-81
1 65313U 25187J   26208.50060245 -.00000086  00000-0  82316-4 0  9990
2 65313  50.0075  61.2755 0000068 101.6530 258.4349 13.29320140 45079
COSMOS 1842
1 17911U 87038A   26208.24085050  .00033819  00000-0  42258-3 0  9995
2 17911  82.5049 132.7040 0006574 122.8699 237.3191 15.59647864147019
ONEWEB-0637
1 56078U 23043AJ  26208.51632906 -.00000032  00000-0 -12012-3 0  9994
2 56078  87.8975 251.1776 0001802  89.7403 270.3933 13.15548667161734
GLOBAL-17
1 49949U 21120A   26208.59635149  .00030048  00000-0  44860-3 0  9991
2 49949  41.9927 168.1263 0015325 184.8580 175.2118 15.54292241261184
COSMOS 1525
1 14614U 84001D   26208.58595565  .00000012  00000-0  17508-3 0  9992
2 14614  74.0071  66.8514 0022064 318.6485  68.6470 12.54912105949515
COSMOS 1085
1 11300U 79024E   26208.20963147 -.00000025  00000-0 -62849-4 0  9999
2 11300  74.0339 125.6265 0024199  42.5531  29.4127 12.45294064153275
ONEWEB-0405
1 50485U 21132S   26208.72576994 -.00000014  00000-0 -67088-4 0  9998
2 50485  87.9212 327.3836 0002273  92.2755 267.8637 13.18686274227331
A-SEANSAT-PG1
1 57197U 23091AH  26208.48941243  .00018989  00000-0  50510-3 0  9996
2 57197  97.5064 278.9634 0005049 294.3589  65.7128 15.38262759170903
RAZAKSAT
1 35578U 09037A   26208.33699535  .00001126  00000-0  89173-4 0  9990
2 35578   8.9867 255.1360 0016113 270.4220  89.4124 14.70375846914815
CRYOSAT 2
1 36508U 10013A   26208.53765372  .00000098  00000-0  23598-4 0  9991
2 36508  92.0351 287.1107 0002589  98.0690 262.0811 14.51900760863938
KUIPER-00106
1 65144U 25171N   26208.09912213 -.00001376  00000-0 -15153-3 0  9998
2 65144  51.9023 247.9538 0000296  85.0494 275.0502 14.79934270 53732
ONEWEB-0390
1 50470U 21132B   26208.37063531  .00000058  00000-0  11696-3 0  9990
2 50470  87.9160 357.8769 0001982  89.2218 270.9141 13.17647901223374
COSMOS 1510
1 14521U 83115A   26208.25940056  .00000015  00000-0  23687-3 0  9995
2 14521  73.6156 257.1199 0028411 273.8293 149.5356 12.41203555934015
SSU 2
1 08836U 76038D   26208.27865938 -.00000033  00000-0  38310-4 0  9991
2 08836  63.3613 154.6740 0377817 180.7388 179.3150 13.82951624356825
KUIPER-00103
1 65141U 25171K   26208.55195477  .00002832  00000-0  40029-3 0  9997
2 65141  51.8980 272.0828 0000326  81.3780 278.7219 14.79941691 53428
YAOGAN-30 U
1 46807U 20076A   26208.37407956  .00002487  00000-0  18387-3 0  9990
2 46807  34.9922 206.2547 0000765 269.5393  90.5227 15.02866958314167
GLOBALSTAR M064
1 26084U 00008D   26208.41712320 -.00000042  00000-0  59161-3 0  9998
2 26084  51.9997 218.3780 0001378 120.9432 239.1536 11.88545551215281
TIANQI 17
1 64059U 25105B   26208.48801075 -.00000067  00000-0  42184-4 0  9995
2 64059  44.9784 202.3821 0010999 221.9217 138.0774 13.99166653 60849
BLACKJACK ACES-2
1 56955U 23084Z   26208.36856622  .00006870  00000-0  33286-3 0  9999
2 56955  97.6252 343.9685 0002221 123.8135 236.3311 15.18869720173277
SHIYAN 27D
1 63602U 25078D   26208.47042618  .00000013  00000-0  80464-4 0  9999
2 63602  99.6948 215.1201 0000970  86.7660 273.3590 13.57252490 62998
IRIDIUM 181
1 56726U 23068S   26208.52549490  .00000125  00000-0  31039-4 0  9999
2 56726  86.4475  39.9192 0002274  83.7867 276.3593 14.43310242168250
AAC-HSI-SAT2
1 56995U 23084BX  26208.48665073  .00003446  00000-0  15986-3 0  9997
2 56995  97.8295   0.2629 0013161  51.1321 309.1085 15.20702479172463
HULIANWANG DIGUI-102
1 66418U 25258G   26208.86096361 -.00000113  00000-0  24793-4 0  9999
2 66418  50.0004 149.5421 0000767 293.5639  66.5152 13.29323921 35142
ONEWEB-0678
1 56714U 23068E   26208.54644110  .00000010  00000-0 -83233-5 0  9991
2 56714  87.8978 251.1534 0002178 102.1825 257.9550 13.15548310154598
IRIDE FM6
1 66700U 25276AL  26208.18572803  .00007760  00000-0  34640-3 0  9993
2 66700  97.4206 281.5247 0002594 145.8819 214.2584 15.21639528 36528
PAYLOAD C
1 39210U 13037C   26208.48504402  .00000730  00000-0  12557-3 0  9997
2 39210  98.1055 211.3194 0006807  31.5633 328.5981 14.71548971700255
FLOCK 4H 20
1 66723U 25276BK  26208.50821463  .00007235  00000-0  32371-3 0  9999
2 66723  97.4203 281.8539 0003865 140.2581 219.8938 15.21583195 35828
SPACEMOBILE-008
1 69589U 26139A   26208.04453573  .00001800  00000-0  11816-3 0  9996
2 69589  52.9954  81.6093 0005366  84.5176 275.6427 15.12833559  6013
COSMOS 2439
1 32956U 08025D   26208.49454918 -.00000058  00000-0 -48803-3 0  9993
2 32956  82.5100 332.7391 0020299 224.6965 135.2479 12.43070971824725
FFLY-3
1 65319U 25188E   26208.48073759  .00001526  00000-0  15276-3 0  9997
2 65319  97.7309 282.8981 0007498 340.3807  19.7123 14.92852957 49921
SHIYAN 28B-01(SY-28B 01)
1 64753U 25145A   26208.89619997  .00000596  00000-0  63395-4 0  9998
2 64753  10.9994  61.1758 0003349 294.2457  65.7421 14.29407871 55748
CENTISPACE-1 S14
1 62583U 25007J   26208.53558781 -.00000086  00000-0  52020-4 0  9996
2 62583  54.9834 151.4981 0011213 162.3467 197.7881 13.80616421 80286
HULIANWANG DIGUI-43
1 65046U 25162D   26208.51241056 -.00000098  00000-0  56114-4 0  9998
2 65046  49.9984 121.0583 0000326  21.2485 338.8401 13.29326785 48723
USA 76
1 21808U 91076D   26208.83910103  .00007461  00000-0  56695-3 0  9997
2 21808  63.2987  43.8284 0883913  75.2649 294.4563 13.60232994111566
KUIPER-00030
1 63743U 25088V   26208.70107534 -.00000588  00000-0 -48133-4 0  9997
2 63743  51.9004 211.4293 0000382  33.6599 326.4388 14.79941676 68365
CONNECTA IOT-16
1 67390U 26004AD  26208.45719304  .00003058  00000-0  15337-3 0  9996
2 67390  97.4600 206.8378 0003616 174.4824 185.6451 15.18081975 29852
GHGSAT-C13
1 64548U 25135W   26208.50622513  .00005871  00000-0  26386-3 0  9994
2 64548  97.4809 323.6066 0001244  58.7578 301.3779 15.21520391 60985
KKS-1 (KISEKI)
1 33499U 09002H   26208.53265974  .00001394  00000-0  17737-3 0  9993
2 33499  98.1167 131.6133 0008402 149.8774 210.2924 14.83215946942170
ONEWEB-0539
1 54644U 22166C   26208.78861430  .00000092  00000-0  19087-3 0  9994
2 54644  87.9233 235.8918 0001903  97.7993 262.3357 13.21824501176908
GLAST
1 33053U 08029A   26208.49528720  .00003403  00000-0  12240-3 0  9990
2 33053  25.5826 284.5657 0008552  83.2555 276.8956 15.24134942  1840
COSMOS 1639
1 15621U 85023E   26208.59503906  .00000008  00000-0  15391-3 0  9998
2 15621  74.0550 273.7790 0025139  13.4095  56.7752 12.51058933888569
YAOGAN-30 X
1 48423U 21039A   26208.22321792  .00002842  00000-0  20964-3 0  9992
2 48423  34.9963 147.5642 0003588  25.8978 334.1910 15.02896991285577
ONEWEB-0510
1 54128U 22138R   26208.58614882  .00000045  00000-0  78276-4 0  9999
2 54128  87.9172 266.3850 0001723  86.4605 273.6725 13.20773339184618
ORBCOMM FM 19
1 25415U 98046C   26208.87969303  .00001045  00000-0  37687-3 0  9991
2 25415  44.9944  50.1234 0003668 144.9397 230.0833 14.39563926462647
COSMOS 1627
1 15505U 85011A   26208.49148576  .00000056  00000-0  43623-4 0  9996
2 15505  82.9208  17.2740 0040813 235.2183 147.5249 13.74604281 80644
NEOSSAT
1 39089U 13009D   26208.48816124  .00000169  00000-0  73145-4 0  9994
2 39089  98.4197  27.5670 0012038 123.1860 237.0482 14.35839389702526
IRIDIUM 57
1 25273U 98019B   26208.63511516  .00000334  00000-0  10783-3 0  9994
2 25273  86.3995 335.2194 0002219  96.5622 263.5828 14.36201844482979
CAPE 1
1 31130U 07012P   26208.40041918  .00001379  00000-0  25514-3 0  9993
2 31130  98.4492 183.9813 0082191 306.3471  53.0164 14.64981564 24243
JILIN-01 KUANFU 01C
1 52443U 22048A   26208.52857391  .00002840  00000-0  17977-3 0  9990
2 52443  97.5246 284.9638 0018445 176.6455 183.4901 15.09658646233283
FLOCK 4Q 26
1 58284U 23174AE  26208.66976401  .00289552  00000-0  22702-2 0  9997
2 58284  97.3850 302.9534 0006517 274.3968  85.6550 15.70674404152156
SHIYAN 3 (SY-3)
1 33433U 08056A   26208.82864689  .00000159  00000-0  77309-4 0  9999
2 33433  98.6058 234.9723 0013933  19.9293 340.2431 14.30814112924610
COSMOS 2117
1 21031U 90114D   26208.62909307  .00000020  00000-0  52526-4 0  9992
2 21031  82.5767 171.4070 0007855 345.1785 188.8703 12.65032670643383
KUIPER-00155
1 65774U 25217N   26208.72113904 -.00004563  00000-0 -56993-3 0  9996
2 65774  51.9036  98.9257 0001352  95.3032 264.8085 14.79934654 46249
FLOCK 4Q 9
1 58322U 23174BU  26208.54606632  .00028142  00000-0  46927-3 0  9995
2 58322  97.3848 298.1184 0004412   2.5387 357.5887 15.51941953151845
QIANFAN-43
1 62244U 24232H   26208.46536174  .00000065  00000-0  82040-4 0  9994
2 62244  89.0085  18.4919 0013470 259.9692  99.9939 13.51023238 98473
E3TESTER
1 66662U 25274N   26208.74474706  .00002393  00000-0  22760-3 0  9990
2 66662  97.7476 137.7240 0013374 241.4742 118.5132 14.94330741 36291
COSMOS 1388
1 13375U 82073A   26208.61447828 -.00000015  00000-0  81406-5 0  9998
2 13375  74.0180 323.8558 0051642  99.1545 273.8019 12.57509531 20646
IRIDIUM 100
1 42956U 17061B   26208.42118850 -.00000035  00000-0 -19424-4 0  9992
2 42956  86.3977   8.3617 0002070  91.0196 269.1236 14.34217456460543
PRETTY
1 58023U 23155H   26208.23392026  .00006084  00000-0  25185-3 0  9991
2 58023  97.5686 290.2094 0000917 163.2123 196.9144 15.24311807154457
GRUS-1B
1 47934U 21022C   26208.50149008  .00001382  00000-0  11909-3 0  9996
2 47934  97.5355  90.3522 0015083 173.0499 187.0936 14.98814649291936
COSMOS 2327
1 23773U 96004A   26208.25063448  .00000007  00000-0 -91865-5 0  9993
2 23773  82.9822  95.3229 0048496 145.5136 333.5820 13.74771147531130
ORBCOMM FM 112
1 41184U 15081F   26208.68502800  .00000746  00000-0  19373-3 0  9993
2 41184  46.9990  78.7348 0002910  26.4840 333.6194 14.58955663564860
COSMOS 412
1  5211U 71041B   26208.53876130  .00000006  00000-0  16357-3 0  9994
2  5211  74.0143  51.1273 0035129  33.2574 354.9684 12.39884975738567
COSMOS 1857
1 18118U 87051F   26208.11826125 -.00000005  00000-0  66020-4 0  9998
2 18118  74.0035  98.3945 0037983 106.1819 254.3420 12.54274613790780
HAWK-8A
1 59443U 24066B   26208.95825740  .00001180  00000-0  11390-3 0  9998
2 59443  45.6004  65.8188 0003526 268.0708  91.9769 14.99307173125956
CUPID
1 49264U 21088E   26208.11861938  .00007825  00000-0  30196-3 0  9993
2 49264  97.3849 268.8554 0010134 283.9706  76.0405 15.26517822266273
ONEWEB-0364
1 49290U 21090M   26208.50533701  .00000097  00000-0  20719-3 0  9996
2 49290  87.9168 266.4118 0002099  96.7998 263.3375 13.20771102236768
TIANHUI 2-01B
1 44209U 19024C   26208.53479745  .00001827  00000-0  96548-4 0  9991
2 44209  97.4816 211.9336 0001543  85.0936 275.0473 15.16741734400826
COSMOS 1823
1 17535U 87020A   26208.38269123 -.00000018  00000-0 -52894-5 0  9994
2 17535  73.6047 348.9854 0028265 189.9310 198.8095 12.41380607786851
ONEWEB-0108
1 48076U 21025AL  26208.67847654  .00002352  00000-0  64026-2 0  9992
2 48076  87.8997 312.1623 0001941 101.5535 258.5812 13.13486004258969
COSMOS 1758
1 16791U 86046A   26208.41821095  .00006749  00000-0  24976-3 0  9993
2 16791  82.4595   2.4874 0013225 195.3162 164.7678 15.27413898187388
COSMOS 1072
1 11238U 79003A   26208.36959535  .00000050  00000-0  36697-4 0  9997
2 11238  82.9419 176.0305 0036279 213.9657 309.1765 13.74385272382895
IRIDIUM 117
1 42808U 17039F   26208.03086730  .00000006  00000-0 -49448-5 0  9998
2 42808  86.4002 336.9399 0002084  95.2862 264.8571 14.34217448475683
VSP RF A1
1 59135U 24043AP  26208.83824681  .00000547  00000-0  25971-4 0  9998
2 59135  97.5469 345.5361 0001845  88.7542 271.3906 15.23484459133183
COSMOS 1844
1 17973U 87041A   26208.69670561 -.00000212  00000-0 -84639-4 0  9996
2 17973  70.8992  98.8621 0030575 176.8293 183.3029 14.14579784 23386
ONEWEB-0613
1 56071U 23043AB  26208.56545417  .00000153  00000-0  37251-3 0  9996
2 56071  87.8967 251.1767 0002286  99.3923 260.7466 13.15548144161744
RADIO 6
1 13002U 81120F   26208.66899186  .00000035  00000-0  26508-3 0  9991
2 13002  82.9591 277.1836 0050940 325.1515 204.0074 12.13847033976377
ONEWEB-0417
1 50492U 21132Z   26208.62122373  .00000138  00000-0  31685-3 0  9991
2 50492  87.9200 327.4172 0001755  94.3399 265.7934 13.18685886226931
EMISAT
1 44078U 19018A   26208.48216714  .00000369  00000-0  12141-3 0  9993
2 44078  98.4633 267.0551 0019689  96.5151 263.8282 14.43654443385874
COSMOS 397
1 04964U 71015A   26208.42780665  .00000057  00000-0  63059-4 0  9992
2 04964  65.7237  29.0135 1030878 220.1108 131.9245 12.74959457673381
RESURS DK-1
1 29228U 06021A   26208.48857066  .00002034  00000-0  11984-3 0  9999
2 29228  69.9300 235.2150 0007677 258.8783 101.1520 15.13358426108678
KUIPER-00540
1 69609U 26140T   26208.18214257  .00031254  00000-0  85122-3 0  9997
2 69609  51.8777 205.5405 0006843  63.0312 297.1373 15.37201693  7381
SNAP 1
1 26386U 00033C   26208.41705201  .00001178  00000-0  18222-3 0  9994
2 26386  97.7594 193.4760 0011045 130.6606 229.5566 14.74969240654388
HAIYANG 1C
1 43609U 18068A   26208.50002334  .00000231  00000-0  98034-4 0  9994
2 43609  98.5179 280.2213 0010362 341.9107  18.1708 14.34189920412865
NUSAT-39 (TIKVAH ALPER)
1 56201U 23054Z   26208.52053646  .00030120  00000-0  56467-3 0  9994
2 56201  97.3083 118.6950 0002230 218.6095 141.4997 15.48607115184695
LEONAV-1
1 69937U 26156BW  26208.25097204  .00002745  00000-0  27091-3 0  9991
2 69937  97.7504 108.4040 0012462  87.4962 272.7684 14.92743026  2978
SPOT 5
1 27421U 02021A   26208.54584232  .00000508  00000-0  11578-3 0  9990
2 27421  97.9831 245.6172 0130269 150.3755 210.4904 14.54777920268719
KUIPER-00639
1 69786U 26151Z   26208.17663786  .00023328  00000-0  69360-3 0  9998
2 69786  51.8678 122.7763 0009649 207.3632 152.6846 15.34597571  3857
NEXTSAT-1
1 43811U 18099BF  26208.11932876  .00003090  00000-0  20009-3 0  9995
2 43811  97.4054 249.4359 0011811 191.2097 168.8871 15.08810298417907
COSMOS 1140
1 11573U 79089A   26208.37696754  .00000119  00000-0  48250-4 0  9999
2 11573  74.0681 352.6462 0014687  85.0320 275.2511 14.37630347450636
KUIPER-00613
1 69293U 26118AC  26208.50002315  .00004513  00000-0  60315-3 0  9992
2 69293  51.8984 224.9127 0000767 206.6292 139.2135 14.81147921  5759
YAOGAN-30 H
1 43082U 17085B   26208.50196148  .00002536  00000-0  18741-3 0  9990
2 43082  34.9944 264.3977 0004908 329.5063  30.5359 15.02869315468765
COSMOS 1637
1 15619U 85023C   26208.55656365  .00000008  00000-0  16429-3 0  9992
2 15619  74.0541  56.1584 0015313 231.6175 143.1288 12.47244591882815
ONEWEB-0018
1 45434U 20020L   26208.42615814 -.00000061  00000-0 -20902-3 0  9998
2 45434  87.8900  13.0546 0001849 104.7559 255.3773 13.11419739307906
RAPIDEYE 4
1 33316U 08040E   26208.53309957  .00001980  00000-0  14651-3 0  9995
2 33316  97.3901 231.2282 0007152 270.6092  89.4315 15.04247238971843
HAIYANG 2A
1 37781U 11043A   26208.60808203 -.00000040  00000-0  32895-5 0  9997
2 37781  99.3430 210.3442 0001040 347.1648  12.9473 13.72932443752200
COSMOS 1048
1 11111U 78105A   26208.20429351  .00000109  00000-0  47328-4 0  9998
2 11111  74.0257 261.6253 0016364   1.8939 358.2273 14.35263256493831
QIANFAN-136
1 69082U 26104K   26208.45769084  .00000024  00000-0  18307-4 0  9998
2 69082  88.9911 337.3737 0010487 338.0947  21.9754 13.49921044 10589
COSMOS 923
1 10120U 77059A   26208.68573281  .00000109  00000-0  49392-4 0  9991
2 10120  74.0503 309.3426 0013365 223.1213 136.8892 14.32909870561668
LEMUR 2 ARIANNA
1 62699U 25009CU  26208.17618430  .00008680  00000-0  64921-3 0  9993
2 62699  97.6868 289.2402 0001530   8.3047 351.8203 15.03000159 83564
NADEZHDA 6
1 26384U 00033A   26208.34821749  .00000746  00000-0  12814-3 0  9991
2 26384  97.8449 182.1414 0011994 219.4832 140.5503 14.71408659394098
YAOGAN-30 AB
1 48861U 21055B   26208.50903329  .00002232  00000-0  16543-3 0  9990
2 48861  34.9952 266.0914 0003199  67.1160 292.9886 15.02835729279242
XINGYUN-2 02
1 45603U 20028B   26208.50052044  .00002738  00000-0  16441-3 0  9997
2 45603  97.5078 213.7886 0012249 127.3363 232.8985 15.11680231340927
YUNHAI 2-1C
1 43911U 18112C   26208.43109834  .00000278  00000-0  17272-3 0  9990
2 43911  50.0094 176.6191 0000934 277.8497  82.2312 14.29012587397544
COSMOS 1959
1 19324U 88062A   26208.66549890  .00000061  00000-0  46370-4 0  9999
2 19324  82.9494  92.9440 0034313   9.2546  18.0313 13.76357321909276
LEMUR 2 LEIA-PHILIP
1 63246U 25052AN  26208.23180767  .00001511  00000-0  13486-3 0  9990
2 63246  97.6775  99.5002 0005311  94.6599 265.5230 14.97410930 74665
ONEWEB-0179
1 48212U 21031C   26208.24625173  .00000296  00000-0  89038-4 0  9991
2 48212  87.8979 277.3326 0223037 126.4029 235.7964 14.25581862254759
KUIPER-00517
1 69600U 26140J   26208.50002315  .00043346  00000-0  11757-2 0  9991
2 69600  51.8748 203.5052 0010838 340.6587 216.2817 15.37137603  5510
KUIPER-00261
1 67158U 25301AB  26208.10271544  .00003081  00000-0  43279-3 0  9990
2 67158  51.9006 174.1859 0000705  59.0565 301.0467 14.79955805 34301
GLOBAL-32
1 64231U 25118B   26208.60244281  .00013165  00000-0  35048-3 0  9997
2 64231  58.9942 328.9953 0013220  67.4020 292.8453 15.38503727 64465
ONEWEB-0505
1 54123U 22138L   26208.68708848  .00000046  00000-0  82261-4 0  9991
2 54123  87.9187 296.9053 0002264 111.0737 249.0638 13.19724186182156
COSMOS 887
1 09637U 76128A   26208.27801333  .00000054  00000-0  38649-4 0  9997
2 09637  82.9422 131.0142 0045964 132.2501 344.1645 13.76509114489205
ICEYE-X47
1 62389U 24247N   26208.93698369  .00003805  00000-0  22278-3 0  9998
2 62389  44.9957 139.3041 0000615 139.8682 220.2241 15.13545536 88353
ONEWEB-0473
1 51653U 22012AH  26208.49469541  .00000692  00000-0  19450-2 0  9995
2 51653  87.8814  28.2419 0001864  91.0443 269.0898 13.10373472214587
COSMOS 2279
1 23092U 94024A   26208.35239068  .00000046  00000-0  31179-4 0  9994
2 23092  82.9493 184.9379 0036091 137.1906 223.2072 13.76650053619583
ORBVIEW 2 (SEASTAR)
1 24883U 97037A   26208.72403366  .00000220  00000-0  92537-4 0  9994
2 24883  98.8725  16.8750 0002570  34.3275 325.8075 14.35572030528567
LIBERTAD 1
1 31128U 07012M   26208.40701641  .00001324  00000-0  25110-3 0  9998
2 31128  98.4417 179.3434 0083815 315.9618  43.4927 14.63868067 24159
FLOCK 4G 11
1 62629U 25009W   26208.46769009  .00011279  00000-0  38937-3 0  9993
2 62629  97.3919 289.6785 0003698 151.1214 209.0231 15.30115538 85070
COSMOS 1321
1 12976U 81116B   26208.35297736 -.00000016  00000-0 -42924-5 0  9997
2 12976  73.9846 354.5840 0094371 206.5202 165.5851 12.28399280  2696
JILIN-01 GAOFEN 3E
1 46457U 20065D   26208.47348872  .00081940  00000-0  70924-3 0  9997
2 46457  97.2197 262.1536 0007685  26.3712 333.7940 15.68883201326063
LT-1 01A
1 51284U 22007A   26208.51728013  .00000682  00000-0  79459-4 0  9990
2 51284  97.8118 215.3659 0001593  90.5462 269.5937 14.88421716244475
COSMOS 739
1 07828U 75045H   26208.10032534  .00000003  00000-0  11739-3 0  9999
2 07828  74.0165  57.9734 0031536 271.9512 265.9581 12.54207942342584
LEMUR 2 STAR-FOX
1 62696U 25009CR  26208.17775982  .00006549  00000-0  49132-3 0  9995
2 62696  97.6924 289.4983 0001184 354.8235   5.2977 15.02981590 83567
ZY 1
1 38038U 11079A   26208.50781688  .00000531  00000-0  18887-3 0  9995
2 38038  98.4059 274.9698 0006388 175.5404 308.4312 14.38244497765000
COSMOS 2248
1 22649U 93030D   26208.24780943  .00000022  00000-0  64930-4 0  9993
2 22649  82.5789 285.6998 0009075 194.0093 166.0748 12.63523075531474
HODOYOSHI 3
1 40015U 14033F   26208.87180505  .00001363  00000-0  16270-3 0  9995
2 40015  97.6459  10.2864 0031857 218.4872 141.4072 14.85463417653667
COSMOS 509
1 06122U 72057F   26208.61695902 -.00000023  00000-0 -53484-4 0  9993
2 06122  74.0269 168.4211 0016375 277.5915 195.1293 12.44997818455021
COSMOS 588
1 06845U 73069A   26208.24647603 -.00000008  00000-0  50229-4 0  9999
2 06845  74.0027 298.2812 0028172  93.8698 295.4993 12.48637019407407
DISKSAT B
1 67220U 25305B   26208.75066402  .00006709  00000-0  43272-3 0  9993
2 67220  45.0006 228.4940 0004160  11.6058 348.4913 15.08987229 33442
COSMOS 2278
1 23087U 94023A   26208.48818633  .00000367  00000-0  21650-3 0  9990
2 23087  71.0515 242.6049 0008905 188.0515 172.0466 14.14399656664570
FLOCK 4BE 19
1 60563U 24149CZ  26208.21002089  .00027281  00000-0  55618-3 0  9998
2 60563  97.3743 294.2880 0006188 140.8948 219.2750 15.46178020108600
COSMOS 585
1 06825U 73064A   26208.23164244 -.00000013  00000-0  18732-4 0  9995
2 06825  74.0226 109.7272 0018211 107.4554  13.9803 12.68234133448273
ICEYE-X77
1 69892U 26156Z   26208.66382749  .00001966  00000-0  19958-3 0  9994
2 69892  97.7522 108.7897 0008878  87.9496 272.2739 14.91946756  3032
ASTRO H
1 41337U 16012A   26208.20884145  .00002760  00000-0  15693-3 0  9990
2 41337  30.9975 175.6807 0009689 295.0200  64.9432 15.10677528573349
DISKSAT C
1 67219U 25305A   26208.13421256  .00008105  00000-0  49980-3 0  9999
2 67219  45.0003 230.6925 0005957  21.5897 338.5230 15.10397212 33364
KUIPER-00184
1 67139U 25301G   26208.58619733  .00003562  00000-0  49597-3 0  9990
2 67139  51.8979 161.9692 0000724  75.5742 284.5300 14.79937095 34793
LKW-2
1 43080U 17084A   26208.53706193  .00008236  00000-0  31486-3 0  9991
2 43080  97.1176 246.4550 0004011  96.6195 263.5501 15.26834062477845
LEMUR 2 DEVERILL-M-T
1 57391U 23100F   26208.11108372  .00028669  00000-0  68172-3 0  9990
2 57391  99.4454 258.4612 0005245 249.4930 110.5748 15.41624072167391
METEOR 2-7
1 12456U 81043A   26208.11812751  .00000288  00000-0  15167-3 0  9999
2 12456  81.2637  60.2441 0047700  18.8442 341.4481 14.11061908324688
COSMOS 1891
1 18402U 87087A   26208.38239199  .00000065  00000-0  52931-4 0  9992
2 18402  82.9220 185.0991 0051338  47.8883 312.6619 13.73935382944123
ONEWEB-0615
1 54676U 22166AL  26208.52114870  .00000017  00000-0  93225-5 0  9995
2 54676  87.9227 235.9592 0002294  96.4857 263.6538 13.21824622176778
IRIDIUM 7
1 24793U 97020B   26208.90329844  .00000320  00000-0  10293-3 0  9993
2 24793  86.3970   6.7704 0001979  98.1044 262.0378 14.36266170530121
LEMUR 2 BASS
1 58259U 23174D   26208.20429868  .00018320  00000-0  39842-3 0  9996
2 58259  97.3845 293.5089 0006759  39.3776 320.7963 15.44351337151536
AQUA
1 27424U 02022A   26208.49992332  .00000828  00000-0  17452-3 0  9994
2 27424  98.4308 178.5952 0001442 101.1618 332.2731 14.62144534289160
QIANFAN-213
1 69812U 26153N   26208.47981773  .00000433  00000-0  19284-3 0  9994
2 69812  88.9934 357.6361 0008625 141.6074 218.5732 14.21103404  3296
FOURIER
1 65298U 25185B   26208.24270069  .00009906  00000-0  13117-2 0  9998
2 65298  97.9664 291.2793 0009130 305.8877  54.1487 14.80076708 49763
KUIPER-00609
1 69770U 26151H   26208.06238332  .00027429  00000-0  72809-3 0  9992
2 69770  51.8796 122.7838 0000766  81.5476 278.5598 15.38084550  3846
SBSS (USA 216)
1 37168U 10048A   26208.52114667  .00005225  00000-0  24730-3 0  9991
2 37168  97.7279  94.7609 0082037  64.9322  54.8875 15.16820133858580
QIANFAN-222
1 69851U 26155D   26208.56519853  .00000226  00000-0  10178-3 0  9998
2 69851  89.0056  59.5537 0029981 182.0912 178.0157 14.18565470  3132
GEESAT 4-06
1 65124U 25170F   26208.47524667  .00002097  00000-0  27492-3 0  9997
2 65124  49.9847 347.2175 0018922 195.5040 164.5321 14.84147984 52410
STARLING 1
1 57388U 23100C   26208.55768929  .00002734  00000-0  18918-3 0  9992
2 57388  99.5125 236.3572 0005899 141.8935 218.2705 15.06880015165982
COSMOS 2245
1 22646U 93030A   26208.19881147  .00000022  00000-0  59342-4 0  9993
2 22646  82.5852 284.6469 0012257 163.4457 224.8112 12.64077282532131
ONEWEB-0404
1 50484U 21132R   26208.38731007  .00000176  00000-0  45940-3 0  9996
2 50484  87.8894  13.0636 0001599  83.6222 276.5088 13.11415490220967
OPS 5721
1 09415U 76091A   26208.64373338  .00000199  00000-0  97103-4 0  9990
2 09415  98.3630 357.9001 0018175 136.7588 223.5025 14.27872717358286
KUIPER-00051
1 64511U 25134M   26208.70220701 -.00005235  00000-0 -65825-3 0  9995
2 64511  51.9015 327.5932 0000566  33.3119 326.7878 14.79929133 60890
PADRE
1 64559U 25135AH  26208.23564430  .00001591  00000-0  16009-3 0  9995
2 64559  97.7751 321.3944 0003185 115.5175 244.6374 14.92605297 59824
NEONSAT-1
1 59587U 24077A   26208.51910859  .00012104  00000-0  31045-3 0  9994
2 59587  97.3488 292.6502 0006742 238.7584 121.3001 15.39472207125935
ICEYE-X78
1 68995U 26100R   26208.32024991  .00001085  00000-0  11301-3 0  9997
2 68995  97.7318 105.0229 0002812  28.6517 331.4856 14.91830457 12684
OPTOS
1 39420U 13066E   26208.16991287  .00001099  00000-0  16408-3 0  9996
2 39420  97.6762  70.8315 0114945 242.3026 116.6483 14.72408233677401
HULIANWANG DIGUI-33
1 64286U 25121D   26208.48821075  .00000006  00000-0 -21188-4 0  9991
2 64286  86.5029   0.0204 0001852  89.9985 270.1361 13.24410231 55492
GONETS M 04
1 38736U 12041D   26208.56434185  .00000081  00000-0  50459-3 0  9994
2 38736  82.4772  45.5746 0024839 327.0838  32.8694 12.43905562627977
GONETS D1 7
1 27058U 01058D   26208.65068818  .00000005  00000-0 -30022-4 0  9993
2 27058  82.5354 175.8780 0001637 271.7732  88.3171 12.62087171132091
ONEWEB-0315
1 49101U 21075AC  26208.61420633  .00000094  00000-0  22488-3 0  9993
2 49101  87.8986 342.6105 0001460  95.4417 264.6878 13.12442488240470
HULIANWANG DIGUI-78
1 65310U 25187F   26208.55906823 -.00000093  00000-0  65918-4 0  9990
2 65310  50.0115  61.0254 0000087  92.6655 267.4227 13.29323214 45071
NUSAT-53 (JANE GOODALL)
1 68432U 26067S   26208.32349703  .00005516  00000-0  26713-3 0  9992
2 68432  97.4578 166.2857 0000992 180.5639 179.5594 15.18958921 18033
CHUANG XIN 1-03
1 37930U 11068A   26208.54750944  .00000369  00000-0  15836-3 0  9998
2 37930  98.6987 226.1554 0015065   3.1013 148.2433 14.30547110766427
KUIPER-00234
1 68581U 26072J   26208.41041409  .00004226  00000-0  58278-3 0  9993
2 68581  51.9006  12.7715 0000043 270.6660  89.4297 14.79951490 17149
CENTAURI-1
1 43809U 18099BD  26208.58646106  .00005441  00000-0  28016-3 0  9999
2 43809  97.4200 259.4424 0014159 180.5313 179.5908 15.16733348418620
HERMES-3
1 63835U 25052BR  26208.18254451  .00016803  00000-0  49102-3 0  9994
2 63835  97.3821 103.7034 0005717   9.8590 350.2765 15.35349155 76198
FLOCK 4H 4
1 66707U 25276AT  26208.65293836  .00006851  00000-0  31951-3 0  9990
2 66707  97.4214 281.5385 0004124 198.9701 161.1382 15.20174680 36569
AETHER-11
1 67382U 26004V   26208.42602860  .00000758  00000-0  92175-4 0  9992
2 67382  97.8051 206.3464 0002476  92.0951 268.0549 14.86320637 29261
ONEWEB-0576
1 56065U 23043V   26208.49197219  .00000138  00000-0  32626-3 0  9998
2 56065  87.9081 220.7696 0001819  90.3911 269.7428 13.16593256164269
ICEYE-X46
1 63258U 25052BA  26208.23720493  .00002189  00000-0  20332-3 0  9999
2 63258  97.6838  99.3545 0001558  86.9616 273.1784 14.95399482 74633
ONEWEB-0098
1 45442U 20020U   26208.70860442 -.00000359  00000-0 -10494-2 0  9991
2 45442  87.8902  13.0017 0001886  93.8841 266.2503 13.11414862307952
HULIANWANG DIGUI-23
1 63690U 25086D   26208.54882826  .00000025  00000-0  25043-4 0  9991
2 63690  86.5099 299.6583 0002254 107.8792 252.2588 13.24410897 60201
COSMOS 2452
1 35499U 09036B   26208.83417117  .00000040  00000-0  21747-3 0  9996
2 35499  82.4874  54.2637 0016752  51.5623 308.6957 12.43011082773822
LEMUR 2 UNTITLED-SC
1 63351U 25061A   26208.61390200  .00004421  00000-0  24793-3 0  9990
2 63351  97.5661 183.6936 0020266 122.7244 237.5944 15.13720231 73704
ONEWEB-0102
1 47258U 20100A   26208.61591052 -.00000796  00000-0 -22496-2 0  9995
2 47258  87.8976 342.6377 0002086 101.4285 258.7078 13.12433835270034
QIANFAN-131
1 69077U 26104E   26208.81690375  .00000013  00000-0  14032-5 0  9998
2 69077  88.9906 337.3133 0002083  96.3067 263.8321 13.51016335 10642
HULIANWANG DIGUI-80
1 65312U 25187H   26208.51720054 -.00000093  00000-0  67251-4 0  9990
2 65312  50.0035  61.2553 0000201 183.0011 177.0860 13.29323354 45060
AC1-003
1 66689U 25276Z   26208.65341395  .00002319  00000-0  11607-3 0  9994
2 66689  97.4190 281.1807 0001893 196.6743 163.4429 15.18383692 36544
ONEWEB-0291
1 49081U 21075G   26208.40945912  .00000045  00000-0  81484-4 0  9997
2 49081  87.9160 357.8630 0001898  83.7948 276.3400 13.17650743238903
ONEWEB-0128
1 47274U 20100S   26208.66503080  .00000525  00000-0  14226-2 0  9992
2 47274  87.8975 342.6347 0001970 106.3821 253.7524 13.12444550270058
YAOGAN-35 05C
1 53763U 22109D   26208.06934517  .00008103  00000-0  32749-3 0  9991
2 53763  34.9911 105.8593 0004619 270.8443  89.1743 15.24003537216463
GONETS M 08 (M18)
1 40061U 14036A   26208.53384788  .00000018  00000-0  54649-4 0  9990
2 40061  82.5111 282.5199 0030828  62.8822 297.5396 12.42986174547467
KL-BETA A
1 49059U 21070A   26208.47222703  .00000025  00000-0  88105-5 0  9996
2 49059  89.0034 214.2142 0000987  81.6225 278.5062 13.94398565253549
ONEWEB-0024
1 45137U 20008G   26208.43711892 -.00000225  00000-0 -68055-3 0  9991
2 45137  87.8828  28.2386 0001842  92.5921 267.5418 13.10369820313514
KINEIS-2E
1 62931U 25028D   26208.59976544  .00001548  00000-0  22616-3 0  9993
2 62931  97.8934 259.3700 0001971  84.3688 275.7747 14.77116868 78748
KUIPER-00088
1 65133U 25171B   26208.55735210  .00002961  00000-0  41714-3 0  9998
2 65133  51.8982 267.0809 0000341  80.5556 279.5445 14.79936410 53505
ORBCOMM FM 107
1 40087U 14040B   26208.58001002  .00000346  00000-0  10924-3 0  9994
2 40087  47.0043 261.2877 0001582 295.4825  64.5897 14.58974510640321
ONEWEB-0684
1 56720U 23068L   26208.52582279 -.00000099  00000-0 -29628-3 0  9997
2 56720  87.8979 251.1474 0003307 105.7553 254.3942 13.15550013154556
RISING 2
1 39769U 14029D   26208.47050900  .00006358  00000-0  53044-3 0  9994
2 39769  97.6510 276.2334 0005249 140.6060 219.5545 14.98910377659581
HULIANWANG DIGUI-09
1 62331U 24240J   26208.51483745  .00000050  00000-0  82254-4 0  9992
2 62331  86.5031 329.6605 0002063 101.2520 258.8846 13.24410413 77977
GLOBALSTAR M078
1 39076U 13005E   26208.26900509 -.00000119  00000-0 -82985-4 0  9992
2 39076  51.9857 161.5499 0001135  10.6507 349.4383 12.62260118621075
CENTISPACE-2 S5
1 68354U 26060E   26208.59216573  .00000311  00000-0  12411-3 0  9993
2 68354  54.9746 236.0924 0008260 264.7353  95.2693 14.49578169 18653
ONEWEB-0564
1 55801U 23029F   26208.21071654 -.00000007  00000-0 -49461-4 0  9996
2 55801  87.9165 266.4742 0001634  96.1526 263.9794 13.20772966166434
ONEWEB-0456
1 51646U 22012AA  26208.43019986  .00000129  00000-0  33282-3 0  9990
2 51646  87.8829  28.2357 0001824  95.4908 264.6427 13.10369163214611
ONEWEB-0617
1 55158U 23004U   26208.88576381 -.00000213  00000-0 -63766-3 0  9996
2 55158  87.8905  12.9655 0001621  80.3095 279.8216 13.11417718171194
ELEVATION-1
1 62677U 25009BW  26208.20100250  .00030496  00000-0  66887-3 0  9992
2 62677  97.3810 293.9452 0004907 158.8636 201.2816 15.44007884142995
XRISM
1 57800U 23137A   26208.90532496  .00005412  00000-0  29539-3 0  9995
2 57800  31.0026  95.7807 0007656  12.8142 347.2691 15.12764168159033
HJS-7C
1 65619U 25209C   26208.37529748 -.00000049  00000-0  14162-3 0  9999
2 65619  49.9974 211.3697 0002955 257.8819 102.1727 13.41468584 43035
TK-2
1 52150U 22031A   26208.52476959  .00002495  00000-0  18606-3 0  9990
2 52150  97.8302  45.1411 0015229 356.7007   3.4115 15.03752988236527
ESTCUBE 1
1 39161U 13021C   26208.58510977  .00001663  00000-0  21844-3 0  9995
2 39161  97.7271 261.3485 0006923 236.6245 123.4306 14.81508153711006
ONEWEB-0151
1 48066U 21025AA  26208.21803741  .00000097  00000-0  23183-3 0  9994
2 48066  87.8989 312.2560 0002062 100.0929 260.0433 13.13470365258843
CYGFM04
1 41885U 16078B   26208.46172215  .00033770  00000-0  34742-3 0  9997
2 41885  34.9331 319.1083 0004909 216.6545 143.3845 15.63789943535306
USA 485
1 62756U 25014X   26208.45607029  .00156726  00000-0  94586-3 0  9991
2 62756  42.9989 226.1166 0001629 264.3533  95.7151 15.76410995 87120
ONEWEB-0321
1 49191U 21083F   26208.57941449  .00000054  00000-0  10090-3 0  9991
2 49191  87.9171 266.3848 0002202 100.4120 259.7262 13.20770988242163
COSMOS 738
1 07827U 75045G   26208.62202903 -.00000031  00000-0 -10652-3 0  9990
2 07827  74.0173 158.1376 0025702 212.4099 321.2117 12.44242375324035
HULIANWANG DIGUI-110
1 66920U 25285F   26208.43041233 -.00000108  00000-0  33880-4 0  9999
2 66920  50.0125   1.6258 0000818  82.1312 277.9653 13.29326786 31419
DEIMOS
1 60526U 24149BL  26208.76145825  .00021429  00000-0  44595-3 0  9993
2 60526  97.3780 295.5406 0006773 132.4990 227.6832 15.45619111108718
IRIDIUM 38
1 25043U 97069E   26208.13201985  .00000370  00000-0  11475-3 0  9993
2 25043  86.3912  62.8008 0001993 142.6407 217.4931 14.38508882504165
YAOGAN-35 02A
1 52907U 22068A   26208.47571113  .00005704  00000-0  22658-3 0  9990
2 52907  34.9901 244.5978 0009876  82.0682 278.1154 15.24625258228040
BALKAN-1
1 62611U 25009C   26208.49200404  .00007557  00000-0  30091-3 0  9993
2 62611  97.3914 287.2330 0006786 178.4018 181.7243 15.25505273 84904
HULIANWANG DIGUI-86
1 65821U 25220E   26208.47702659  .00000039  00000-0  55900-4 0  9996
2 65821  86.4954  30.2225 0001963  83.7526 276.3832 13.24411839 40252
RAISE-4
1 67073U 25297B   26208.38290645  .00003458  00000-0  22088-3 0  9996
2 67073  97.5159 355.6069 0010774 256.8307 103.1720 15.09263866 33955
HULIANWANG DIGUI-06
1 62328U 24240F   26208.52997161  .00000033  00000-0  42662-4 0  9991
2 62328  86.5012 329.4942 0002236 103.1141 257.0242 13.24409003 77981
HAWK-9A
1 59446U 24066E   26208.64895076  .00001575  00000-0  14595-3 0  9994
2 59446  45.6103  68.0818 0003543 256.5498 103.4989 14.99249143125901
SKYSAT C4
1 41771U 16058B   26208.50850281  .00016988  00000-0  30662-3 0  9999
2 41771  96.9170 228.6224 0003607 103.6983 256.4671 15.49794020551717
ONEWEB-0691
1 61599U 24188F   26208.86204611 -.00000441  00000-0 -12791-2 0  9992
2 61599  87.8915  12.8794 0001426  85.9446 274.1845 13.11415673 89819
ODIN
1 26702U 01007A   26208.54410598  .00810873  32128-3  14133-2 0  9999
2 26702  97.3672 252.6554 0007658 185.3953 174.7245 16.02196348395795
EAGLEEYE
1 60508U 24149AS  26208.70203066  .00166313  00000-0  88385-3 0  9996
2 60508  97.3705 304.5342 0003145 173.5179 186.6130 15.80018085109314
COSMOS 2354
1 25365U 98036C   26208.27016034  .00000008  00000-0 -25914-4 0  9992
2 25365  82.5868 323.6244 0354136 152.7535 236.0155 12.20880559252960
QIANFAN-218
1 69817U 26153T   26208.51587514  .00000459  00000-0  18343-3 0  9992
2 69817  88.9936 357.6232 0008830 143.4205 216.7594 14.26816426  3302
GAOFEN 10R
1 44622U 19066A   26208.50064749  .00001233  00000-0  15820-3 0  9991
2 44622  98.0517 162.3782 0006091  18.7229 341.4207 14.83081159368350
DUMMY CUBESAT
1 52983U 22065H   26208.65682563  .00000398  00000-0  91475-4 0  9991
2 52983  98.2336 349.5339 0006374 255.1278 104.9217 14.60624062216055
KUIPER-00603
1 69287U 26118W   26208.50002315 -.02117826  00000-0 -12256+0 0  9998
2 69287  51.8812 219.1971 0002580 340.9045 280.7703 15.15694247  5308
COSMOS 505
1 06118U 72057B   26208.30229473 -.00000021  00000-0 -27420-4 0  9999
2 06118  74.0273 158.8221 0092155 144.1727   7.3228 12.59822326484127
IKONOS 2
1 25919U 99051A   26208.24803773  .00002630  00000-0  23117-3 0  9990
2 25919  98.1290  98.7678 0007944  75.8386 284.3717 14.97470083444910
COSMOS 1862
1 18152U 87055A   26208.57143379  .00006331  00000-0  20201-3 0  9990
2 18152  82.4848 265.6721 0007500 229.3060 130.7531 15.32277408111244
IRIDIUM 129
1 42958U 17061D   26208.41484858  .00000233  00000-0  76055-4 0  9998
2 42958  86.3979   8.4318 0002005  87.8809 272.2616 14.34219264460566
ORBCOMM FM 113
1 41185U 15081G   26208.59464282  .00000449  00000-0  13110-3 0  9998
2 41185  47.0008  79.5606 0001465  16.0269 344.0663 14.58893499564835
OAO 2
1  3597U 68110A   26208.41082507  .00000165  00000-0  49514-4 0  9994
2  3597  34.9919 205.0842 0005999 240.4962 119.5130 14.47365257 39355
ONEWEB-0284
1 49002U 21060AM  26208.50940727 -.00000004  00000-0 -44396-4 0  9992
2 49002  87.9082 220.7629 0002297  85.4008 274.7386 13.16594853244905
ORBCOMM FM 32
1 25982U 99065C   26208.40025642  .00000692  00000-0  27767-3 0  9995
2 25982  45.0170 342.8884 0006680 247.1643 112.8500 14.37182964392870
JY1SAT
1 43803U 18099AX  26208.59708709  .00018998  00000-0  56269-3 0  9994
2 43803  97.4108 271.6001 0007316 122.2750 237.9203 15.34889602419828
ONEWEB-0046
1 45447U 20020Z   26208.42968301  .00000017  00000-0  11617-4 0  9997
2 45447  87.8896  13.0565 0001537  90.4981 269.6323 13.11419607307889
OOV-CUBE
1 60240U 24128F   26208.64231668  .00002335  00000-0  18585-3 0  9996
2 60240  61.9952  84.4931 0039438 142.8622 217.5209 15.02920433112196
GLOBALSTAR M073
1 37193U 10054F   26208.68798573 -.00000083  00000-0  11763-3 0  9997
2 37193  52.0072 301.0107 0000886 115.2541  47.7395 12.62267076729040
COSMOS 256
1  3576U 68106A   26208.48264816 -.00000060  00000-0 -10746-3 0  9998
2  3576  74.0487  30.8000 0033450  24.5345   3.4953 13.16884572771006
ONEWEB-0490
1 54113U 22138A   26208.69656869 -.00000041  00000-0 -13590-3 0  9991
2 54113  87.9188 296.9038 0002169 102.8699 257.2676 13.19725046182179
SWARM C
1 39453U 13067C   26208.47666346  .00009879  00000-0  17599-3 0  9998
2 39453  87.3294  39.8398 0003171  87.5594 272.6029 15.49942009712459
LANDSAT 5
1 14780U 84021A   26208.72854783  .00003538  00000-0  24407-3 0  9996
2 14780  98.0667 129.7204 0068112 341.6085  18.2679 15.04651384797483
ONEWEB-0502
1 54120U 22138H   26208.71393710 -.00000046  00000-0 -14650-3 0  9998
2 54120  87.9190 296.8889 0002071 107.0926 253.0434 13.19724319182173
ONEWEB-0237
1 48770U 21045D   26208.54007903 -.00000292  00000-0 -80873-3 0  9998
2 48770  87.8971 251.1628 0002306  89.3446 270.7949 13.15547693249690
OKEAN 1
1 19274U 88056A   26208.70374484  .00010601  00000-0  31879-3 0  9994
2 19274  82.4706 120.4377 0013537  43.1597 317.0704 15.34153045 56536
RANGE A
1 43773U 18099R   26208.50631778  .00004548  00000-0  25594-3 0  9995
2 43773  97.3949 249.9086 0009718 197.6036 162.4860 15.13698403418596
LEMUR 2 LANGER2SPACE
1 63358U 25061H   26208.38701363  .00003735  00000-0  20547-3 0  9997
2 63358  97.5637 183.8558 0018382 116.1846 244.1278 15.14539919 73703
STERKH 2
1 35866U 09049B   26208.65884664  .00000092  00000-0  59396-4 0  9992
2 35866  98.7176 169.5114 0003566 144.5025 215.6391 14.23983783875405
CO3D4
1 64901U 25156C   26208.53715616  .00003062  00000-0  14455-3 0  9994
2 64901  97.4341 286.6498 0002300 130.9889 229.1546 15.20193060 55664
COSMOS 726
1  7736U 75028A   26208.36044513  .00000057  00000-0  41624-4 0  9992
2  7736  82.9952 192.2219 0024457 295.5898  64.2733 13.78457480579221
BRO-20
1 66674U 25276J   26208.56189067  .00003229  00000-0  16027-3 0  9996
2 66674  97.4157 280.8764 0005427 208.8705 151.2230 15.18388028 36521
COSMOS 1994
1 19785U 89009A   26208.30877603  .00000007  00000-0 -19968-4 0  9993
2 19785  82.6249 326.2345 0012450 213.7878 178.7389 12.64343703728458
YAOGAN-47
1 66988U 25289A   26208.20984694  .00005990  00000-0  25291-3 0  9998
2 66988  97.5005 278.5088 0002769 105.2590 254.8953 15.23645247 35024
GAOFEN 11 04
1 54818U 22176A   26208.50928487  .00006173  00000-0  25938-3 0  9992
2 54818  97.4274 341.2911 0008325 153.9886 206.1771 15.23765103199398
LYRA-3
1 64577U 25135BB  26208.53764308  .00001682  00000-0  25899-3 0  9992
2 64577  97.7753 311.9267 0020222 208.4105 151.6003 14.74580332 59216
ALICE
1 39467U 13072F   26208.19916619  .00009385  00000-0  43421-3 0  9994
2 39467 120.4639  92.4995 0169087  38.8364 322.4722 15.09274069121310
KUIPER-00454
1 68948U 26098AF  26208.09658754  .00001787  00000-0  28507-3 0  9990
2 68948  51.8986 248.0282 0003319 175.7947 184.3043 14.76448939 13301
ONEWEB-0062
1 45163U 20008AJ  26208.47079407  .00000027  00000-0  40376-4 0  9998
2 45163  87.8832  28.2383 0002131  91.6479 268.4892 13.10376004313467
ONEWEB-0304
1 49092U 21075T   26208.64233027  .00000055  00000-0  10977-3 0  9991
2 49092  87.9160 357.8242 0001779  90.0235 270.1101 13.17648946238904
HULIANWANG DIGUI-136
1 67244U 25311J   26208.72530656 -.00000106  00000-0  38940-4 0  9993
2 67244  50.0115 330.3317 0000782 120.9266 239.1683 13.29324953 28733
COSMOS 2438
1 32955U 08025C   26208.50896154 -.00000064  00000-0 -53279-3 0  9996
2 32955  82.5053 327.7316 0020864 213.7520 146.2233 12.43369690824848
ONEWEB-0034
1 45454U 20020AG  26208.88421542  .00001694  00000-0  47425-2 0  9992
2 45454  87.8922  12.9683 0002253  90.4977 269.6410 13.11433185307926
QPS-SAR-12 KUSHINADA-I
1 65116U 25169A   26208.22985454  .00004806  00000-0  38275-3 0  9995
2 65116  42.0103 155.4179 0006382 122.8599 237.2842 15.01154091 53438
YAOGAN-30 AE
1 49028U 21065C   26208.56046747  .00003057  00000-0  22568-3 0  9995
2 49028  34.9946  26.7049 0000983 294.5111  65.5494 15.02838412274708
COSMOS 1925
1 18938U 88016B   26208.41704714 -.00000015  00000-0  52431-5 0  9995
2 18938  74.0074 358.9471 0024310 266.5181 122.3768 12.46849975746796
YAOGAN-36 01A
1 53943U 22120A   26208.56012951  .00010288  00000-0  41207-3 0  9994
2 53943  34.9929  30.4746 0005343 354.4191   5.6464 15.24263946213472
HULIANWANG DIGUI-119
1 67059U 25295A   26208.82860723 -.00000073  00000-0  11012-3 0  9993
2 67059  50.0021 240.0211 0001124 240.0132 120.0628 13.29322907 30906
COSMOS 796
1  8612U 76008F   26208.51061523  .00000011  00000-0  18995-3 0  9996
2  8612  74.0533 260.3289 0027300 154.0380 272.2717 12.43169047291551
ONEWEB-0588
1 55153U 23004P   26208.62627440 -.00000002  00000-0 -36554-4 0  9998
2 55153  87.9198 327.4278 0001887  84.4479 275.6868 13.18687500175022
COSMOS 2588
1 64095U 25109A   26208.76431396  .00011119  00000-0  38922-3 0  9998
2 64095  72.9719 116.8330 0009738   1.6099 358.5126 15.29554813 65818
COSMOS 2008
1 19902U 89025A   26208.36963931 -.00000019  00000-0 -15519-4 0  9990
2 19902  74.0130 343.9660 0050072 206.5450 183.3506 12.57870967714601
IRS 1C
1 23751U 95072A   26208.07475691  .00000089  00000-0  59785-4 0  9993
2 23751  99.0213 228.1582 0000992  96.6180 263.5111 14.23577020587248
MR-1
1 67557U 26015B   26208.59466027  .00000072  00000-0  90885-4 0  9994
2 67557  88.9978 264.4462 0002516   0.9223 359.1933 13.52671572 25176
RAPIDEYE 2
1 33312U 08040A   26208.82131120  .00002438  00000-0  17321-3 0  9994
2 33312  97.4235 237.1074 0019582  82.5599 277.7853 15.05447578972082
SARI-2
1 66669U 25276D   26208.49337668  .00031698  00000-0  11113-2 0  9995
2 66669  97.4053 282.4832 0006513 210.6204 149.4657 15.29373589 36649
ONEWEB-0517
1 54135U 22138Y   26208.68865976  .00000013  00000-0  12854-5 0  9996
2 54135  87.9189 296.9036 0001713 102.3892 257.7433 13.19726640182173
LAPAN-TUBSAT
1 29709U 07001A   26208.52196189  .00000303  00000-0  41209-4 0  9990
2 29709  98.1363 208.6596 0013497  57.8739 302.3783 14.85987708 57148
ONEWEB-0028
1 45140U 20008K   26208.41799902 -.00000332  00000-0 -97073-3 0  9992
2 45140  87.8886  13.0638 0001297  99.0502 261.0773 13.11562063313894
CENTISPACE-2 S3
1 68352U 26060C   26208.51111931  .00000615  00000-0  20137-3 0  9996
2 68352  54.9822 236.4327 0008080 267.1048  92.9015 14.49926471 18649
COSMOS 1326
1 12981U 81116G   26208.19880416  .00000011  00000-0  21490-3 0  9994
2 12981  73.9804 258.5258 0081668  92.0708 325.6862 12.30856598987096
OSCAR 23 (KITSAT 1)
1 22077U 92052B   26208.75652277 -.00000037  00000-0  97920-4 0  9997
2 22077  66.0825 196.1166 0015835 273.1795 262.2184 12.86614340594900
LANDSAT 2
1 07615U 75004A   26208.26868171 -.00000236  00000-0 -13794-3 0  9992
2 07615  99.0421 162.7740 0008349 194.9501 165.1416 13.96978333624723
CS1
1 49261U 21088B   26208.16264357  .00014496  00000-0  41836-3 0  9992
2 49261  97.3745 271.4657 0009844 297.8318  62.1928 15.35743044266552
METEOR 3-2
1 19336U 88064A   26208.73857529  .00000142  00000-0  33523-3 0  9998
2 19336  82.5454 302.0758 0018376 105.6955  48.2838 13.17283959826998
ARVAKER-1
1 63252U 25052AU  26208.65240491  .00002509  00000-0  23638-3 0  9992
2 63252  97.6824  99.0139 0004242  84.6908 275.4797 14.94704734 74650
COSMOS 1331
1 13027U 82001A   26208.61208914  .00000147  00000-0  57457-4 0  9997
2 13027  74.0465  81.5237 0023322  14.4468 345.7347 14.37740077333389
KUIPER-00247
1 67152U 25301V   26208.25125434 -.00000222  00000-0 -86955-7 0  9994
2 67152  51.8953 160.9367 0000769  82.3923 277.7127 14.79925073 34507
SKYKRAFT-1
1 55041U 23001AJ  26208.49726218  .00064994  00000-0  51987-3 0  9993
2 55041  97.3160 287.5341 0002573 234.6659 125.4363 15.70890152199376
COSMOS 570
1 06681U 73037G   26208.60815499 -.00000024  00000-0 -43777-4 0  9991
2 06681  74.0215 323.7055 0091574 101.7313 270.9572 12.63534175450759
WORLDVIEW 3
1 40115U 14048A   26208.52735795  .00000906  00000-0  11231-3 0  9995
2 40115  97.8549 282.8004 0002111 136.8517 223.2864 14.85081244647893
QIANFAN-69
1 62799U 25016Q   26208.55299228  .00000105  00000-0  14396-3 0  9999
2 62799  88.9675  79.3896 0017623  53.0371 307.2391 13.51020258 77903
HAWK-10C
1 60575U 24149DM  26208.62073562  .00002301  00000-0  20698-3 0  9996
2 60575  97.6719 282.4477 0001524 289.5104  70.5953 14.96622880106034
SSD
1 13792U 83008B   26208.27548615  .00000315  00000-0  25446-3 0  9990
2 13792  63.3410 312.5600 0560076 140.4170 223.9184 13.47538136108288
GRACE-FO 1
1 43476U 18047A   26208.49103205  .00004064  00000-0  10605-3 0  9995
2 43476  88.9927 192.4103 0008491 328.1044  31.9697 15.38521941455999
QIANFAN-29
1 61562U 24185L   26208.51205225  .00000159  00000-0  22635-3 0  9996
2 61562  88.9764  57.8719 0011648 110.5386 249.7016 13.51081375 98410
GHGSAT-C1
1 46278U 20061G   26208.49898944  .00041826  00000-0  29025-3 0  9991
2 46278  97.2092 295.0310 0001833 166.6944 193.4369 15.74345966329817
ORBCOMM FM 114
1 41179U 15081A   26208.24827552  .00000523  00000-0  14687-3 0  9999
2 41179  47.0036 172.5943 0002374 357.6218   2.4656 14.58898843563604
QIANFAN-26
1 61559U 24185H   26208.54018650  .00000223  00000-0  20947-3 0  9995
2 61559  88.9792  55.2721 0007520  56.6987 303.4898 13.77928071 99905
COSMOS 1852
1 18113U 87051A   26208.86442034  .00000006  00000-0  15232-3 0  9996
2 18113  74.0027  70.3106 0017221 245.5860 114.3392 12.44886493777492
YAOGAN-36 04B
1 54748U 22171C   26208.53595244  .00009586  00000-0  39738-3 0  9997
2 54748  35.0056 301.2148 0006478 229.8517 130.1631 15.23116660201545
COSMOS 1428
1 13757U 83001A   26208.39771903  .00000064  00000-0  48724-4 0  9991
2 13757  82.9125  11.7125 0035753 129.0067 256.5557 13.77092558187230
COSMOS 991
1 10692U 78022A   26208.45733828  .00000070  00000-0  55857-4 0  9996
2 10692  82.9856 216.9476 0036613 173.5085 353.0236 13.76574140430918
ZHUHAI-1 OHS-02
1 43441U 18040C   26208.53996175  .00008381  00000-0  32373-3 0  9993
2 43441  97.0361 230.3667 0011452  89.3065 270.9487 15.26425530120435
ZHANGHENG 1
1 43194U 18015C   26208.53784505  .00007750  00000-0  35388-3 0  9990
2 43194  97.6897  15.0031 0017127 124.3626 235.9232 15.20753251470773
OPS 5390
1 11389U 79050A   26208.63769363  .00000128  00000-0  67611-4 0  9990
2 11389  98.6325 162.9279 0012506  28.2456 331.9402 14.29354572381482
ALSAT 1B
1 41785U 16059C   26208.47411608  .00000655  00000-0  11104-3 0  9991
2 41785  97.7763 215.5007 0010839  95.5279 264.7166 14.72303828526502
YAOGAN-30 N
1 44449U 19045A   26208.63321384  .00002789  00000-0  20591-3 0  9998
2 44449  34.9936  83.5378 0004919 272.9702  87.0444 15.02863457382705
ONEWEB-0339
1 49205U 21083V   26208.27052951  .00000303  00000-0  79557-3 0  9995
2 49205  87.8981 312.2512 0002221 102.3895 257.7483 13.13470145236156
OPS 1294 (DMSP 5D-2 F7)
1 14506U 83113A   26208.36267402  .00000223  00000-0  10304-3 0  9998
2 14506  98.4310 352.4353 0011951 110.8523 278.5971 14.29846570221230
SENTINEL 1A
1 39634U 14016A   26208.55051019  .00000343  00000-0  82481-4 0  9998
2 39634  98.1654 215.4823 0001415  83.5308 276.6053 14.59176420655906
COSMOS 1821
1 17525U 87017A   26208.27339704  .00000045  00000-0  32051-4 0  9990
2 17525  82.9149 138.1843 0036270 194.0809 328.4600 13.73953720960729
METEOR 1-22
1 08293U 75087A   26208.29764545  .00000110  00000-0  50996-4 0  9994
2 08293  81.2581 306.1621 0074103 212.5303 147.1293 14.12934435618737
YAOGAN 12
1 37875U 11066B   26208.50630155  .00007744  00000-0  29435-3 0  9995
2 37875  97.1129 245.1835 0010855  85.2214 275.0265 15.26998365818198
KUIPER-00550
1 69617U 26140AB  26208.00988709  .00039550  00000-0  13055-2 0  9999
2 69617  51.8762 207.3474 0009416  94.7127 265.4933 15.30987939  7347
HULIANWANG DIGUI-65
1 65171U 25174H   26208.51861076  .00000056  00000-0  95557-4 0  9997
2 65171  86.4854 238.1633 0001801 101.9052 258.2284 13.24408292 46120
SZ-23
1 69180U 26113A   26208.71262562  .00019844  00000-0  25636-3 0  9997
2 69180  41.4686  75.9459 0001215 307.6750  52.3978 15.58480055298184
ONEWEB-0418
1 50493U 21132AA  26208.63120024 -.00000028  00000-0 -10377-3 0  9999
2 50493  87.9203 327.4167 0001730  93.1654 266.9676 13.18685755226990
ONEWEB-0210
1 48787U 21045W   26208.53851612 -.00000063  00000-0 -20117-3 0  9990
2 48787  87.8981 251.1471 0002260 118.2156 241.9203 13.15548268249629
SMOS
1 36036U 09059A   26208.77540637  .00000280  00000-0  10321-3 0  9998
2 36036  98.4430  35.5160 0001264  98.7342 261.3990 14.39742267879294
COSMOS 2613
1 68763U 26083J   26208.62010971  .00001948  00000-0  13929-3 0  9992
2 68763  97.7844 347.0585 0006702 207.1820 152.9056 15.05659870 15299
COSMOS 2490
1 39485U 13076C   26208.47516285  .00000055  00000-0  32859-3 0  9992
2 39485  82.4845 143.0397 0022480  26.5144 333.7080 12.42879583570888
QIANFAN-84
1 63170U 25046M   26208.55534942  .00000140  00000-0  19820-3 0  9997
2 63170  88.9721 296.5190 0016233 181.2561 178.8552 13.51047779 78022
OT-FOREST-16 SIWITASGOHT
1 68998U 26100U   26208.85721966  .00001573  00000-0  16162-3 0  9996
2 68998  97.7349 105.5722 0000243 269.5978  90.5213 14.91749346 12762
ONEWEB-0212
1 48791U 21045AA  26208.82452271  .00000004  00000-0 -23445-4 0  9997
2 48791  87.8982 251.0925 0002055  94.1152 266.0213 13.15547484249772
CHECKMATE 4
1 56164U 23050C   26208.53772668  .00000065  00000-0  47680-4 0  9994
2 56164  81.0001  33.1387 0005040 219.0745 141.0047 13.84819172167720
ONEWEB-0538
1 56047U 23043B   26208.08667133  .00000097  00000-0  21884-3 0  9998
2 56047  87.9075 220.8478 0002308  89.4359 270.7036 13.16594639164229
ONEWEB-0043
1 45149U 20008U   26208.06210738 -.00000443  00000-0 -13053-2 0  9995
2 45149  87.8821  28.3202 0001254  95.7235 264.4035 13.10370625313402
EGYPTSAT 2
1 39678U 14021A   26208.44790488  .00000118  00000-0  67249-4 0  9995
2 39678  51.6190 359.2969 0000936  73.5744 286.5307 14.56080817649086
ICEYE-X53
1 64584U 25135BJ  26208.55861424  .00003719  00000-0  29649-3 0  9999
2 64584  97.7352 325.1588 0002400 159.9259 200.2060 15.00940782 60136
QIANFAN-143
1 69089U 26104S   26208.85798251  .00000018  00000-0  89906-5 0  9994
2 69089  88.9915 337.2872 0008582 333.5935  26.4778 13.50997833 10665
COSMOS 654
1 07297U 74032A   26208.39461068 -.00000067  00000-0  19688-4 0  9996
2 07297  64.9470 189.8314 0072410 315.5273 196.3701 13.79616619630523
COSMOS 641
1 07265U 74024A   26208.57671480  .00000017  00000-0  20057-3 0  9998
2 07265  74.0170 265.6510 0060640 217.4089 213.7646 12.57357009398685
ONEWEB-0672
1 55831U 23029AM  26208.16863879  .00000076  00000-0  15399-3 0  9997
2 55831  87.9172 266.4673 0001928  90.0679 270.0675 13.20771787166422
FLOCK 4G 10
1 62670U 25009BP  26208.65800038  .00011054  00000-0  38223-3 0  9997
2 62670  97.3920 289.5814 0004880 169.9004 190.2335 15.30064885142728
YAM-15
1 68997U 26100T   26208.50002315  .00681971  00000-0  68457-1 0  9995
2 68997  97.7848 105.2030 0000952 103.4584  15.6746 14.88859741  5757
ONEWEB-0520
1 54138U 22138AB  26208.69183136  .00000007  00000-0 -16094-4 0  9994
2 54138  87.9190 296.9046 0002214 105.2191 254.9186 13.19725002182164
NOAA 9
1 15427U 84123A   26208.82481339  .00000089  00000-0  67342-4 0  9996
2 15427  99.0983 236.4028 0013817 232.2858 302.6003 14.17077777149178
QIANFAN-60
1 62790U 25016F   26208.56139495  .00000122  00000-0  17000-3 0  9994
2 62790  88.9679  79.5050 0017568  51.6063 308.6663 13.51023223 77858
TIANPING 3A-01
1 61614U 24189A   26208.51162431  .00003235  00000-0  25768-3 0  9997
2 61614  97.5173 227.4468 0001754  68.8239 291.3173 15.01034391 96534
KUIPER-00157
1 65970U 25228Z   26208.48730159  .00002276  00000-0  31797-3 0  9998
2 65970  51.9022  79.8650 0001504  78.1015 282.0117 14.81218394 44241
GEESAT 6-06
1 65718U 25214G   26208.17796159  .00001717  00000-0  23512-3 0  9996
2 65718  49.9903 120.9021 0010228  30.2172 329.9354 14.83240737 45470
CINEMA 2
1 39424U 13066J   26208.28595736  .00002930  00000-0  33643-3 0  9997
2 39424  97.8850 138.7993 0074942 359.8505   0.2675 14.84611628682043
ONEWEB-0631
1 55171U 23004AH  26208.31602512  .00000010  00000-0 -67369-5 0  9994
2 55171  87.9206 327.4593 0002142  86.2712 273.8665 13.18687644174963
SHIJIAN 6 01B (SJ-6 01B)
1 28414U 04035B   26208.50331825  .00005682  00000-0  38764-3 0  9998
2 28414  97.6055 225.8588 0005243  27.9978 332.1530 15.06599553192891
QIANFAN-66
1 62796U 25016M   26208.46673397  .00000102  00000-0  13879-3 0  9991
2 62796  88.9703  79.5209 0016741  47.8775 312.3796 13.51025105 77903
ONEWEB-0709
1 55172U 23004AJ  26208.41273437 -.00000470  00000-0 -13633-2 0  9999
2 55172  87.8893  13.0689 0002676  90.1165 270.0270 13.11418170171144
COSMOS 617
1 06985U 73104A   26208.36368309 -.00000027  00000-0 -54927-4 0  9991
2 06985  74.0319 343.8470 0096144   9.7180  18.5614 12.63532593426301
SUPERVIEW NEO-2 04
1 62080U 24218C   26208.47967256  .00000059  00000-0  59294-5 0  9995
2 62080  97.4400 215.2490 0001318 114.2434 245.8939 15.19719582 92567
ONEWEB-0436
1 51633U 22012M   26208.38241548 -.00012257  00000-0 -31617-1 0  9996
2 51633  87.9175 357.8543 0001571 104.1569 255.9737 13.17708127218974
ACCENTURE-1
1 66767U 25276DF  26208.15592792  .00003983  00000-0  18688-3 0  9999
2 66767  97.4151 281.0892 0002208  85.1074 275.0413 15.20227048 36505
KUIPER-00167
1 65780U 25217U   26208.83873214  .00004131  00000-0  57058-3 0  9994
2 65780  51.8941 145.7679 0000731  83.3162 276.7883 14.79931557 45594
ONEWEB-0620
1 55161U 23004X   26208.88068291 -.00000486  00000-0 -14068-2 0  9998
2 55161  87.8895  12.9731 0002058  88.1272 272.0092 13.11417693171165
ONEWEB-0146
1 47292U 20100AL  26208.81581198  .00000322  00000-0  85861-3 0  9994
2 47292  87.8986 342.5872 0001667 108.1477 251.9833 13.12444124270007
LEOPARD
1 67687U 98067YD  26208.27537814  .00081057  00000-0  79658-3 0  9998
2 67687  51.6283  91.5153 0004389 334.1661  25.9115 15.65302824 26471
OAO 3 (COPERNICUS)
1 06153U 72065A   26208.09972796  .00000266  00000-0  58708-4 0  9998
2 06153  35.0043 222.9835 0007010 224.7719 174.1797 14.60079747866587
SMDC ONE 1.2
1 38759U 12048B   26208.56594522  .00010439  00000-0  42511-3 0  9996
2 38759  64.6574  45.9767 0086200 163.5968 196.7981 15.21535253122297
COSMOS 1410
1 13589U 82096A   26208.20029024  .00000006  00000-0 -27703-4 0  9998
2 13589  82.6072  87.6408 0005404 217.3266 263.8064 12.42352780988925
COSMOS 871
1 09588U 76118A   26208.42295472 -.00000010  00000-0  38990-4 0  9991
2 09588  74.0316  16.4953 0030227 281.2657 102.5913 12.55776167275312
STRIX-3
1 59224U 24047A   26208.47533027  .00009240  00000-0  43169-3 0  9999
2 59224  97.6640 184.7677 0010916 286.4294  73.5740 15.19984358130865
ONEWEB-0712
1 54680U 22166AQ  26208.79437656  .00000141  00000-0  33622-3 0  9990
2 54680  87.9080 220.7085 0002090 104.6295 255.5068 13.16593480177409
ONEWEB-0167
1 48064U 21025Y   26208.26968411  .00000281  00000-0  73496-3 0  9990
2 48064  87.8982 312.2557 0002620  99.1028 261.0398 13.13470921258836
OKEAN 2
1 20510U 90018A   26208.45865789  .00004627  00000-0  23452-3 0  9994
2 20510  82.4974 193.6852 0006998 154.0618   4.6111 15.16710416960162
DEORBITSAIL
1 40719U 15032E   26208.53843813  .00008244  00000-0  59329-3 0  9994
2 40719  97.5868  64.6092 0014440  97.2879 262.9989 15.04387463597319
COSMOS 1067
1 11168U 78122A   26208.38384035  .00000042  00000-0  69599-4 0  9997
2 11168  82.9718 187.6827 0037390  83.4247  69.9036 13.20236501276408
COSMOS 2548
1 47230U 20091D   26208.49548507 -.00000078  00000-0 -63839-3 0  9997
2 47230  82.4999 276.5774 0016323 105.5019 254.7864 12.42928008256064
SKYMED 2
1 32376U 07059A   26208.53234892  .00000453  00000-0  63488-4 0  9991
2 32376  97.8898  31.5480 0001495  93.6107 266.5277 14.82159595  7986
COSMOS 504
1 06117U 72057A   26208.32210531 -.00000017  00000-0  16524-5 0  9993
2 06117  74.0306 328.8632 0112270 284.2752 102.7670 12.63626099491676
COSMOS 1574
1 15055U 84062A   26208.54730286  .00000060  00000-0  47837-4 0  9998
2 15055  82.9546  48.3807 0026078 300.3436  87.9558 13.74561658111106
FLOCK 4Q 13
1 58328U 23174CA  26208.46906553  .00022116  00000-0  35103-3 0  9996
2 58328  97.4010 300.5125 0004705  11.3037 348.8321 15.53364432151929
POLYTECH UNIVERSE-5
1 61745U 24199L   26208.51521471  .00072522  00000-0  70239-3 0  9994
2 61745  97.2889  87.5412 0007710 114.2196 245.9870 15.66131956143987
COSMOS 983
1 10590U 78005H   26208.20486453 -.00000006  00000-0  69946-4 0  9990
2 10590  74.0320 288.5457 0047169 323.0199  36.7599 12.41511611199951
ONEWEB-0573
1 55152U 23004N   26208.63302834  .00000022  00000-0  23795-4 0  9998
2 55152  87.9200 327.4272 0002637  87.3655 272.7779 13.18684885175023
COSMOS 1192
1 11875U 80058A   26208.25465719 -.00000020  00000-0 -24863-4 0  9991
2 11875  74.0211 322.0054 0049335  59.1808 321.5320 12.57210742113349
COSMOS 1877
1 18336U 87074C   26208.20369521  .00000032  00000-0  11561-3 0  9995
2 18336  82.5625 272.0403 0000520 331.5525  82.6377 12.63668025793292
SJ-11-03
1 37730U 11030A   26208.52809962  .00000382  00000-0  81012-4 0  9993
2 37730  97.9359 171.1213 0006708 266.8128 203.8308 14.64372459803015
QIANFAN-104
1 66046U 25233P   26208.47677926  .00000052  00000-0  62235-4 0  9992
2 66046  88.9990  39.0248 0002062  87.9341 272.2046 13.51022466 38672
COSMOS 1473
1 14171U 83069A   26208.23941369 -.00000013  00000-0  21159-4 0  9992
2 14171  74.0269 295.1224 0043793 192.5094 196.7917 12.58767573978572
KUIPER-00133
1 65764U 25217C   26208.15535007  .00010207  00000-0  13652-2 0  9998
2 65764  51.9021 156.4509 0000685  87.4418 272.6623 14.79952032 45390
ION SCV-015
1 58469U 23185H   26208.53117541  .00006958  00000-0  21728-3 0  9997
2 58469  97.5767 298.2553 0007709 323.5073  36.5642 15.33498867147265
SHIYAN 6 (SY-6)
1 43711U 18094B   26208.97712843  .00005526  00000-0  19236-3 0  9999
2 43711  97.3594 222.7268 0012908  13.0306 347.1265 15.30022368427727
ESSA 8 (TOS-F)
1 03615U 68114A   26208.35674972 -.00000051  00000-0 -33795-4 0  9995
2 03615 101.7017 157.3559 0031517 244.3775 115.4042 12.56250178641609
KUIPER-00592
1 69277U 26118L   26208.50002315 -.00033681  00000-0 -32603-2 0  9992
2 69277  51.8915 222.0242 0001953 198.0973 248.9125 14.92246081  3406
COSMOS 1383
1 13301U 82066A   26208.41528697  .00000035  00000-0  22661-4 0  9999
2 13301  82.9343 344.4316 0028105 144.5554 231.8806 13.68909813201210
MOMENTUS-X1
1 44408U 19038Y   26208.56321735  .00055944  00000-0  46108-3 0  9990
2 44408  97.6721 257.7458 0007064 201.7568 158.3395 15.70173472392889
COSMOS 2554
1 52202U 22036A   26208.51578944 -.00000062  00000-0  96372-5 0  9996
2 52202  67.1482 130.6794 0004980 265.0674  94.9842 13.96676742219584
LEMUR 2 GREENBERG
1 42837U 17042N   26208.45460176  .00017814  00000-0  56891-3 0  9992
2 42837  97.3832  28.9331 0007963 210.3827 149.6954 15.32500827494550
COSMOS 1875
1 18334U 87074A   26208.53697484  .00000043  00000-0  17341-3 0  9995
2 18334  82.5647 232.0232 0013526  23.3486 131.3293 12.66345105797176
NOAA 20
1 43013U 17073A   26208.46042035  .00000043  00000-0  41214-4 0  9994
2 43013  98.7774 147.5666 0001765 110.6762 249.4603 14.19518394450183
HULIANWANG DIGUI-79
1 65311U 25187G   26208.54230691 -.00000094  00000-0  65611-4 0  9994
2 65311  50.0045  61.4098 0000082  71.9490 288.1391 13.29320105 45063
COSMOS 394
1 04922U 71010A   26208.75657476  .00005368  00000-0  10318-3 0  9999
2 04922  65.8197 141.6527 0010739 227.8338 132.1901 15.48974402 64308
COSMOS 942
1 10288U 77079D   26208.52155296  .00000017  00000-0  23586-3 0  9997
2 10288  74.0225 250.0657 0043993  90.6422 339.1281 12.42259517201353
RAPTOR1
1 58957U 24028C   26208.91177481 -.00000035  00000-0  45809-4 0  9995
2 58957  39.9884 216.1649 0011122 131.0666 229.1044 13.73443211122653
KUIPER-00438
1 68940U 26098X   26208.50002315 -.00034251  00000-0 -33589-2 0  9993
2 68940  51.8966 237.7353 0004008   1.5121 182.4764 14.91731318  4426
METEOR 2-13
1 16408U 85119A   26208.46722981  .00000064  00000-0  43175-4 0  9994
2 16408  82.5342 221.9872 0016135  12.1387 348.0160 13.85594573 51574
KUIPER-00598
1 69768U 26151F   26208.25104256  .00025180  00000-0  76328-3 0  9999
2 69768  51.8647 122.5107 0008413 203.0284 157.0325 15.33950386  3865
ONEWEB-0720
1 55835U 23029AR  26208.68550009  .00000012  00000-0 -28971-5 0  9999
2 55835  87.9183 296.9136 0002302 104.2950 255.8439 13.19727099164182
METEOR M2-4
1 59051U 24039A   26208.48934759  .00000020  00000-0  28821-4 0  9992
2 59051  98.7042 167.2861 0008095  58.0176 302.1787 14.22433276124999
KUIPER-00504
1 68885U 26095X   26208.67787327  .00004031  00000-0  55738-3 0  9991
2 68885  51.9012  76.6093 0000914 103.3943 256.7121 14.79941201 13548
COSMOS 2012
1 19906U 89025E   26208.53569081  .00000017  00000-0  21891-3 0  9996
2 19906  74.0075 243.5785 0010011 164.6515 349.4398 12.50246969704314
FUSE 1
1 25791U 99035A   26208.82337919  .00000437  00000-0  72660-4 0  9999
2 25791  24.9838 116.5036 0010286 155.2089 204.8914 14.44495496429844
STRELA 3
1 37153U 10043B   26208.54549648  .00000212  00000-0  15027-2 0  9992
2 37153  82.4555  53.2720 0007787   3.0843 357.0282 12.40793446719370
TOMORROW-S11
1 67399U 26004AN  26208.45640140  .00004213  00000-0  19952-3 0  9997
2 67399  97.4579 207.2406 0006842 188.2590 171.8533 15.19854774 29887
KANOPUS-V 6
1 43877U 18111B   26208.71689740  .00001235  00000-0  31911-4 0  9991
2 43877  97.3681 126.1321 0001711  85.9562 274.1880 15.41109209421768
IRIDIUM 146
1 43254U 18030F   26208.22064204  .00000010  00000-0 -34262-5 0  9992
2 43254  86.3943 273.6792 0002277  94.5835 265.5621 14.34217602435875
RISAT-2BR1
1 44857U 19089F   26208.45402179  .00001989  00000-0  15809-3 0  9998
2 44857  36.9592 232.7506 0009497 156.8502 203.2669 15.01205700363253
SPACEEYE-T1
1 63229U 25052V   26208.21842208  .00004772  00000-0  20703-3 0  9996
2 63229  97.3904 100.1193 0005476  30.5686 329.5869 15.22806562 75934
COSMOS 2600
1 67674U 26023A   26208.62461070  .00062563  00000-0  29470-3 0  9994
2 67674  96.7597 280.4349 0009007 194.2132 165.8887 15.82879504 27183
ONEWEB-0497
1 54116U 22138D   26208.71236052  .00000028  00000-0  36947-4 0  9990
2 54116  87.9187 296.8964 0002053 100.2419 259.8945 13.19724268182152
ONEWEB-0249
1 48967U 21060A   26208.10328813  .00000093  00000-0  21033-3 0  9991
2 48967  87.9077 220.8482 0002159  91.6206 268.5172 13.16592513244862
HULIANWANG DIGUI-63
1 65169U 25174F   26208.49587324  .00000096  00000-0  18990-3 0  9991
2 65169  86.4931 238.4140 0001825 107.1928 252.9406 13.24404336 46127
COSMOS 1130
1 11538U 79084A   26208.43536021 -.00000022  00000-0 -34179-4 0  9992
2 11538  74.0263   5.5072 0052817  25.4713   3.8567 12.56271831147878
IRIDIUM 137
1 43076U 17083G   26208.67438963  .00000008  00000-0 -40580-5 0  9994
2 43076  86.3987 305.2399 0002471  87.8640 272.2838 14.34217553449971
ONEWEB-0273
1 48991U 21060AA  26208.11356845  .00000050  00000-0  97382-4 0  9999
2 48991  87.9073 220.8515 0002171  94.9341 265.2038 13.16594205244845
KUIPER-00448
1 68871U 26095H   26208.55399778  .00002437  00000-0  37745-3 0  9998
2 68871  51.9041  63.2314 0001120 200.3683 159.7233 14.76453161 13717
ONEWEB-0258
1 48976U 21060K   26208.45872695  .00000054  00000-0  10725-3 0  9994
2 48976  87.9075 220.7828 0002059  90.8676 269.2690 13.16593294244897
KUIPER-00442
1 68943U 26098AA  26208.50002315 -.02064851  00000-0 -10232+0 0  9994
2 68943  51.8862 234.3765 0003100 313.1156 166.4055 15.20924778  2640
IRS P6
1 28051U 03046A   26208.58673399  .00000390  00000-0  14467-3 0  9994
2 28051  98.1896 243.1192 0063187 220.0922 302.2290 14.36174828186325
P 76-5
1  8860U 76047A   26208.55353939  .00000064  00000-0  13020-3 0  9995
2  8860  99.8999  62.8676 0040833 255.3404 132.7687 13.68308846501910
HULIANWANG DIGUI-28
1 63695U 25086J   26208.51103343  .00000073  00000-0  13693-3 0  9993
2 63695  86.5018 299.3463 0002274 106.7067 253.4317 13.24411611 60192
NEONSAT-1A
1 67614U 26019A   26208.76485871  .00002746  00000-0  17904-3 0  9999
2 67614  97.4302 327.6087 0014296  57.5644 302.6965 15.08629664 26935
IRIDE-MS2-HEO-13
1 68985U 26100F   26208.52274246  .00004459  00000-0  44884-3 0  9998
2 68985  97.7338 105.2178 0003699  33.8876 326.2578 14.91678210 12714
ONEWEB-0513
1 54131U 22138U   26208.25289825 -.00000008  00000-0 -53080-4 0  9999
2 54131  87.9187 296.9341 0002091 125.0711 235.0619 13.20270110182003
EDDA-1 300F
1 69018U 26100AQ  26208.21408656  .00008190  00000-0  33390-3 0  9992
2 69018  97.3647 105.4305 0003107 107.8964 252.2613 15.24702239 12915
SHIYAN 2 (SY-2)
1 28479U 04046A   26208.49967732  .00000930  00000-0  17606-3 0  9994
2 28479  98.0584 217.8218 0010678 127.3293 232.8886 14.66575103155718
KUIPER-00301
1 68598U 26072AB  26208.50002315 -.01824453  00000-0 -67309-1 0  9992
2 68598  51.8719 341.8285 0008886 171.1795 144.4609 15.30694283  5825
GONETS D1 1
1 23787U 96009A   26208.26169706  .00000020  00000-0  50527-4 0  9991
2 23787  82.5755 273.2341 0010112 315.4823 110.9080 12.64108054404372
HULIANWANG DIGUI-04
1 62326U 24240D   26208.47706796  .00000005  00000-0 -21913-4 0  9991
2 62326  86.5022 329.5878 0002186  99.4938 260.6443 13.24410852 77970
RASSVET-3 2
1 68361U 26061B   26208.86893502  .00004115  00000-0  21081-3 0  9994
2 68361  82.2945 329.1300 0002687 329.8605  30.2472 15.16336584 19831
COSMOS 2144
1 21300U 91033B   26208.25926749  .00000014  00000-0  18160-4 0  9999
2 21300  82.5800 303.8052 0005332  34.7717 325.3721 12.62394035621517
KOMPSAT 3
1 38338U 12025B   26208.47471201  .00000473  00000-0  10303-3 0  9993
2 38338  98.1201 165.2457 0005387   3.9573 356.1670 14.62238497757236
ONEWEB-0428
1 51629U 22012H   26208.48110008  .00000525  00000-0  14662-2 0  9993
2 51629  87.8820  28.2422 0001796  89.4209 270.7125 13.10378168214563
HULIANWANG DIGUI-41
1 65044U 25162B   26208.45396046 -.00000098  00000-0  55286-4 0  9998
2 65044  50.0002 121.4639 0000301  38.9508 321.1385 13.29327565 48717
COSMOS 2407
1 28380U 04028A   26208.54990647  .00000067  00000-0  52292-4 0  9994
2 28380  82.9581  44.9325 0040121 137.9963 240.0176 13.76337402105438
LEMUR 2 ROUNDTRIPPER
1 62711U 25009DG  26208.54176786  .00007879  00000-0  56847-3 0  9999
2 62711  97.7240 291.1764 0003694  33.2773 326.8685 15.04391364 83695
CSS (MENGTIAN)
1 54216U 22143A   26208.71262562  .00019844  00000-0  25636-3 0  9990
2 54216  41.4686  75.9459 0001215 307.6750  52.3978 15.58480055298368
ROCK
1 60474U 24149G   26208.20194820  .00016045  00000-0  39384-3 0  9991
2 60474  97.3767 291.9234 0003327 107.8720 252.2890 15.40764522108421
COSMOS 2123
1 21089U 91007A   26208.30397311  .00000034  00000-0  19815-4 0  9997
2 21089  82.9254 307.4989 0028864 192.2369 187.9986 13.74894562779439
KUIPER-00194
1 68577U 26072E   26208.44410657  .00003844  00000-0  53284-3 0  9993
2 68577  51.9027  12.6456 0000409 129.1090 230.9908 14.79935492 17156
CAPELLA-13 (ACADIA)
1 60419U 24142A   26208.47597795  .00002144  00000-0  25910-3 0  9995
2 60419  53.0042 241.7071 0001355  90.2113 269.9022 14.87648298106406
ONEWEB-0248
1 48798U 21045AH  26208.57494864  .00000175  00000-0  43028-3 0  9996
2 48798  87.8981 251.1449 0002521  98.9748 261.1668 13.15549642249724
COSMOS 1931
1 18944U 88016H   26208.28052690 -.00000020  00000-0 -17425-4 0  9996
2 18944  74.0091 310.3509 0040766 313.3849  75.3356 12.58576640763171
COSMOS 374
1  4594U 70089A   26208.46373257  .00000468  00000-0  18881-3 0  9998
2  4594  62.9316  24.0087 0980810  63.1398 306.6439 12.96902520674136
FLOCK 4BE 2
1 60511U 24149AV  26208.21499451  .00078093  00000-0  10597-2 0  9997
2 60511  97.3825 296.7842 0004944 142.6665 217.4935 15.57370460108725
IRIDIUM 24
1 25105U 97082B   26208.25783790  .00000351  00000-0  99878-4 0  9992
2 25105  86.3883 268.4205 0011603 167.8627 192.2855 14.42545677501605
METEOR 1-12
1 06079U 72049A   26208.23300977  .00000137  00000-0  79238-4 0  9997
2 06079  81.2296 308.6993 0010690   7.5097 352.6228 14.03586097766723
CENTISPACE-2 S8
1 68357U 26060H   26208.36211909  .00000374  00000-0  13789-3 0  9997
2 68357  54.9841 236.8972 0007032 263.6181  96.4007 14.50541429 18626
BB3
1 57760U 23133D   26208.39035958  .00002425  00000-0  35086-3 0  9995
2 57760  80.9986 305.7590 0049850 183.2106 176.8789 14.75024410147964
SATELIOT_3
1 60552U 24149CN  26208.21072873  .00002220  00000-0  19201-3 0  9998
2 60552  97.6799 284.2711 0003796 315.1181  44.9734 14.98196993106071
SPOT 3
1 22823U 93061A   26208.19004340  .00000113  00000-0  73853-4 0  9990
2 22823  98.8550 272.2536 0017620 126.1443 234.1366 14.20102853700253
SDA_1684
1 65994U 25230W   26208.34904497  .00000161  00000-0  14826-3 0  9995
2 65994  81.3013 175.5068 0001849  81.0626 279.0736 13.78096017 39309
IRIDIUM 126
1 42809U 17039G   26208.26554309  .00000019  00000-0 -17954-6 0  9998
2 42809  86.4004 336.8931 0002036  94.0361 266.1067 14.34217800475693
NEE 01 PEGASUS
1 39151U 13018B   26208.92635882  .00002491  00000-0  24005-3 0  9993
2 39151  98.1267 354.4390 0013044  35.0070 325.2004 14.93841669716785
COSMOS 1709
1 16368U 85116A   26208.17518153  .00000059  00000-0  45470-4 0  9992
2 16368  82.9436  83.5389 0035285  15.1217  97.9636 13.74721302 36328
COSMOS 445
1  5548U 71086B   26208.53386425  .00000015  00000-0  17800-3 0  9993
2  5548  74.0253 233.7043 0103142 179.0621 335.2918 12.58229887516290
NOAA 3
1  6920U 73086A   26208.54425608 -.00000017  00000-0  21518-3 0  9992
2  6920 102.2845 222.8544 0006849  54.2121 100.3325 12.40395785386904
COSMOS 592
1 06849U 73069E   26208.61658928  .00000012  00000-0  15549-3 0  9995
2 06849  74.0012 278.4310 0099298 293.3536  65.7100 12.63909243436771
SJ-30C
1 66547U 25266C   26208.66379378  .00009155  00000-0  49165-3 0  9994
2 66547  51.7980 349.7922 0006885  27.2256 332.9080 15.15575761 37993
ONEWEB-0692
1 61600U 24188G   26208.88237594 -.00000456  00000-0 -13234-2 0  9992
2 61600  87.8894  12.9816 0002553  87.5591 272.5829 13.11417923 89808
ONEWEB-0176
1 48210U 21031A   26208.59753755  .00000127  00000-0  30776-3 0  9992
2 48210  87.8960 281.6480 0002124  97.9147 262.2224 13.14503112253629
ONEWEB-0699
1 61605U 24188M   26208.45564206 -.00000611  00000-0 -17876-2 0  9992
2 61605  87.8822  28.2399 0002465  90.4244 269.7165 13.10373568 88580
COSMOS 996
1 10744U 78031A   26208.16907595  .00000063  00000-0  49119-4 0  9992
2 10744  82.9242  68.7884 0036016 311.8822 168.9600 13.76739727427361
AIST 2
1 39133U 13015D   26208.48246171  .00005996  00000-0  23447-3 0  9992
2 39133  64.8689 125.5325 0016605 248.4729 111.4632 15.26681440730059
ORBCOMM FM 103
1 40091U 14040F   26208.57709350  .00000355  00000-0  11138-3 0  9997
2 40091  47.0047 262.1296 0002083 307.8334  52.2363 14.58876525623280
HAWK-10A
1 60540U 24149CA  26208.68738278  .00002079  00000-0  18752-3 0  9996
2 60540  97.6877 283.9016 0001864 311.5752  48.5310 14.96621185106048
GLOBALSTAR M031
1 25946U 99058D   26208.98822773  .00000016  00000-0  10790-2 0  9997
2 25946  51.9972  48.9039 0000818 321.8656 202.9477 12.16054229213911
COSMOS 2517 (GEO-IK)
1 41579U 16034A   26208.49943488  .00000015  00000-0  51508-4 0  9996
2 41579  99.1901 216.5219 0001059  94.0628 266.0649 13.85906847513213
NIGERIASAT 2
1 37789U 11044B   26208.49417399  .00000465  00000-0  84140-4 0  9994
2 37789  97.8803 184.3328 0030002 356.3373 112.2576 14.70549133796491
SKYSAT C3
1 41774U 16058E   26208.53389510  .00023638  00000-0  36384-3 0  9994
2 41774  96.8989 237.8694 0003190 121.2934 238.8633 15.54199521552375
QIANFAN-205
1 69804U 26153E   26208.51551477  .00000388  00000-0  18074-3 0  9999
2 69804  88.9934 357.6413 0008909 141.0430 219.1403 14.18486183  3296
YAOGAN-31 F
1 47536U 21007E   26208.55124853  .00000044  00000-0  20533-3 0  9990
2 47536  63.4035  38.4054 0179428   0.9062 359.2255 13.45452659269642
ONEWEB-0673
1 55832U 23029AN  26208.67839821  .00000031  00000-0  45039-4 0  9990
2 55832  87.9188 296.9078 0002007 103.9182 256.2174 13.19725849164243
COSMOS 413
1 05212U 71041C   26208.75666550  .00000006  00000-0  15335-3 0  9997
2 05212  74.0119 214.1880 0020972 138.2201  36.7571 12.43854333507518
DMC 3-FM2
1 40716U 15032B   26208.56815811  .00000184  00000-0  27105-4 0  9994
2 40716  97.6469  73.7511 0004648 293.6587  66.4141 14.85783278595900
IRIDIUM 103
1 41918U 17003B   26208.61831238  .00000009  00000-0 -36735-5 0  9993
2 41918  86.3926  71.5466 0001892  90.7062 269.4351 14.34217560499029
COSMOS 1771
1 16917U 86062A   26208.21638337 -.00000048  00000-0  36410-4 0  9998
2 16917  64.9815 248.8297 0067019 282.3682  76.9881 13.82650801 17318
EINSTEIN PROBE
1 58753U 24007A   26208.50249928  .00003077  00000-0  21734-3 0  9995
2 58753  29.0001 311.2250 0009304 277.8738  82.0805 15.02065279139636
ORBCOMM FM 16
1 25417U 98046E   26208.53680904  .00001074  00000-0  38163-3 0  9995
2 25417  44.9940  45.8350 0004502 169.0427 191.0520 14.40133994462666
ONEWEB-0324
1 49193U 21083H   26208.27387312  .00000078  00000-0  16417-3 0  9998
2 49193  87.9210 327.4825 0001994  94.1069 266.0291 13.18687667235287
NOAA 8
1 13923U 83022A   26208.79447061  .00000126  00000-0  66252-4 0  9993
2 13923  98.7323 222.0184 0015550 136.5694 223.6716 14.29810624256873
ONEWEB-0414
1 50491U 21132Y   26208.30927644  .00000023  00000-0  25826-4 0  9993
2 50491  87.9207 327.4626 0001750 103.6104 256.5223 13.18687339226916
GEESAT 1-07
1 52791U 22058G   26208.49530882  .00001985  00000-0  27836-3 0  9990
2 52791  49.9889  15.3086 0012556 248.9091 111.0504 14.81514069225907
IRIDIUM 172
1 43927U 19002F   26208.36702499 -.00000013  00000-0 -11637-4 0  9993
2 43927  86.4001 336.7778 0002080  92.5044 267.6390 14.34217364394724
KUIPER-00555
1 69620U 26140AE  26208.40520866  .00038816  00000-0  10268-2 0  9990
2 69620  51.8794 204.0455 0011530 322.4236  37.5944 15.37956956  7422
UWE-4
1 43880U 18111E   26208.82706495  .00038261  00000-0  71667-3 0  9994
2 43880  97.5830 139.1635 0008189 152.6557 207.5126 15.48551863417069
ONEWEB-0522
1 54140U 22138AD  26208.24956339  .00000063  00000-0  12411-3 0  9990
2 54140  87.9192 296.9844 0002046 104.1518 255.9843 13.19724658182098
ESSAIM-4
1 28497U 04049F   26208.49034173  .00001280  00000-0  14526-3 0  9998
2 28497  98.2474  97.4010 0001733 118.0030 242.1361 14.88210154165458
COSMOS 1052
1 11129U 78109B   26208.14645169 -.00000003  00000-0  80319-4 0  9992
2 11129  74.0163  97.7501 0049009  89.2912  62.8694 12.53729365180321
COSMOS 2194
1 21983U 92030H   26208.58089418  .00000005  00000-0  13878-3 0  9993
2 21983  74.0033 280.7833 0017046 216.3244 211.3154 12.48476338556350
GAOFEN 11 2
1 46396U 20064A   26208.52744439  .00006157  00000-0  26068-3 0  9990
2 46396  97.5181 334.5974 0020420 148.9347 211.3102 15.23353396327675
MATS
1 54227U 22147A   26208.46051693  .00002970  00000-0  21009-3 0  9991
2 54227  97.6842 209.8908 0014366  67.1258 293.1484 15.05567520203825
COSMOS 272
1  3818U 69024A   26208.26879122  .00000022  00000-0  10656-3 0  9991
2  3818  73.9889 195.9637 0018793  21.3014  78.0220 13.17951153759135
ZHUHAI-1 OVS-02
1 43440U 18040B   26208.51254228  .00008025  00000-0  31905-3 0  9991
2 43440  97.0383 223.3615 0005761 107.2782 252.9088 15.25520141458866
RAWHIDE-2
1 68632U 26074F   26208.50790904  .00003513  00000-0  14778-3 0  9998
2 68632  60.0310  23.0260 0033917  57.5418 302.8935 15.25299184 16938
KHALIFASAT
1 43676U 18084F   26208.51716909  .00001633  00000-0  13150-3 0  9999
2 43676  98.0865  32.5461 0006543 353.2649   6.8485 15.01451703421820
IRIDE-MS2-HEO-5
1 64571U 25135AV  26208.56936093  .00001707  00000-0  17413-3 0  9992
2 64571  97.7760 322.1984 0001636 149.5615 210.5699 14.91951212 59907
CO3D1
1 64903U 25156E   26208.63560722  .00005096  00000-0  23833-3 0  9992
2 64903  97.4343 286.6457 0001304  96.5006 263.6377 15.20208628 55677
COSMOS 2338
1 24726U 97006B   26208.15069709  .00000032  00000-0  12384-3 0  9994
2 24726  82.5964 238.2478 0005135  15.7366 344.3883 12.61394361355511
KUIPER-00215
1 67779U 26030R   26208.66547783 -.00001793  00000-0 -20609-3 0  9993
2 67779  51.8986 291.5825 0001218 117.2056 242.9031 14.79947643 26228
MINXSS-2
1 43758U 18099A   26208.48580507  .00041235  00000-0  74230-3 0  9993
2 43758  97.4515 286.0271 0008649 122.2303 237.9787 15.49668410420368
HULIANWANG DIGUI-161
1 68135U 26047G   26208.55868563 -.00000066  00000-0  12560-3 0  9996
2 68135  50.0092 271.2998 0001051 239.0908 120.9861 13.29325701 18444
UNISAT
1 26547U 00057C   26208.40628804  .00004652  00000-0  28787-3 0  9998
2 26547  64.5453 342.6148 0045964 293.3271  66.3015 15.10222042402596
GONETS D1 5
1 24729U 97006E   26208.49040909  .00000011  00000-0 -82727-6 0  9994
2 24729  82.5958 216.8861 0004913 145.3611  21.3404 12.62987845357543
QPS-SAR-14 YACHIHOKO-1
1 66316U 25252A   26208.21953351  .00003830  00000-0  31902-3 0  9997
2 66316  42.0038 271.7126 0004665 168.7237 191.3694 14.99792050 39520
HULIANWANG DIGUI-75
1 65307U 25187C   26208.55063426 -.00000083  00000-0  89473-4 0  9990
2 65307  50.0091  60.9179 0000094 100.7348 259.3535 13.29323339 45072
HULIANWANG DIGUI-98
1 66414U 25258C   26208.22617046 -.00000109  00000-0  31463-4 0  9991
2 66414  50.0034 152.2682 0000964 287.2157  72.8610 13.29323926 35059
QIANFAN-72
1 62802U 25016T   26208.50779907  .00000108  00000-0  14880-3 0  9997
2 62802  88.9680  79.5371 0020949  62.4416 297.8860 13.51016232 77848
HULIANWANG DIGUI-100
1 66416U 25258E   26208.29298750 -.00000102  00000-0  47400-4 0  9998
2 66416  50.0039 151.9597 0000879 302.1881  57.8906 13.29324003 35073
COSMOS 1830
1 17585U 87026D   26208.34539715  .00000016  00000-0  32009-4 0  9999
2 17585  82.5618 180.2784 0005962 127.3497  46.0114 12.63620344815712
ONEWEB-0529
1 54145U 22138AJ  26208.22902377  .00000072  00000-0  14669-3 0  9993
2 54145  87.9184 297.0018 0002190 102.9976 257.1401 13.19726996182106
OKEAN O
1 25860U 99039A   26208.42627288  .00000593  00000-0  84212-4 0  9996
2 25860  97.9292 266.7573 0000997 109.1744 250.9577 14.80509167455064
METEOR 1-21
1 07714U 75023A   26208.38117354  .00000053  00000-0  23675-4 0  9991
2 07714  81.1884 190.2429 0028369 237.3382 122.5051 14.08467755953194
HAWK-13C
1 67393U 26004AG  26208.43605288  .00004340  00000-0  20798-3 0  9994
2 67393  97.4597 207.1874 0005290 175.5187 184.6096 15.19440211 29878
KUIPER-00023
1 63737U 25088P   26208.23383803  .00001621  00000-0  24152-3 0  9994
2 63737  51.8992 208.4868 0000442  46.5577 313.5422 14.79934194 68423
COSMOS 2135
1 21130U 91013A   26208.35997392  .00000053  00000-0  35929-4 0  9996
2 21130  82.8280 186.2205 0067228  89.5796 271.3065 13.78804979781556
YAOGAN 20B
1 40110U 14047B   26208.57233264 -.00000166  00000-0 -79229-4 0  9990
2 40110  63.3790 275.8976 0393358  14.9047 346.3188 13.45440917587715
KUIPER-00425
1 68934U 26098R   26208.50002315  .00009482  00000-0  10437-2 0  9999
2 68934  51.8970 240.0713 0012153 285.4587 245.9257 14.88091259  5826
SAUDICOMSAT 1
1 28369U 04025D   26208.50734211  .00000350  00000-0  91351-4 0  9991
2 28369  98.5781 219.7292 0030859 259.6638 100.1079 14.55500966169997
TOMORROW-S9
1 66309U 25248S   26208.53696301  .00003619  00000-0  17373-3 0  9999
2 66309  45.4028 265.3692 0004839 285.2266  74.8085 15.20817335 40659
HULIANWANG DIGUI-106
1 66916U 25285B   26208.46396106 -.00000106  00000-0  39261-4 0  9996
2 66916  50.0084   1.7187 0000890  74.9726 285.1244 13.29323459 31419
ONEWEB-0501
1 54119U 22138G   26208.19744242  .00000141  00000-0  31964-3 0  9999
2 54119  87.9188 297.0026 0002321 108.7007 251.4377 13.19726984182088
YAOGAN-30 R
1 45460U 20021A   26208.49248251  .00002301  00000-0  17058-3 0  9997
2 45460  34.9962 325.1954 0003866   6.4686 353.6071 15.02798566346621
COSMOS 2015
1 19909U 89025H   26208.60778161 -.00000003  00000-0  89997-4 0  9996
2 19909  74.0095  91.5824 0025449 168.5063 211.4199 12.44067210695810
QIANFAN-95
1 66037U 25233E   26208.50962594  .00000056  00000-0  67527-4 0  9997
2 66037  88.9983  38.5803 0002289  92.6084 267.5329 13.51017463 38923
KUIPER-00437
1 68870U 26095G   26208.88816522  .00054439  00000-0  13977-2 0  9993
2 68870  51.8781  45.3660 0005218 115.3667 244.7861 15.38772576 13995
ONEWEB-0707
1 61612U 24188U   26208.45903844 -.00000470  00000-0 -13815-2 0  9997
2 61612  87.8830  28.2354 0002294  80.6106 279.5281 13.10373658 88595
ONEWEB-0503
1 54121U 22138J   26208.70287280 -.00000025  00000-0 -94906-4 0  9992
2 54121  87.9194 296.8978 0001759 102.4952 257.6377 13.19727303182168
DRAGON FREEDOM 3
1 67796U 26031A   26208.37844919  .00011554  00000-0  21591-3 0  9997
2 67796  51.6322 101.1989 0007008 342.7043  17.3706 15.49203967577743
ONEWEB-0719
1 55179U 23004AR  26208.66425530  .00000066  00000-0  13567-3 0  9992
2 55179  87.9170 357.7895 0001758 100.4952 259.6378 13.17648343172917
PICO-02A021
1 60538U 24149BY  26208.16677581  .00005925  00000-0  43784-3 0  9991
2 60538  97.6745 286.6578 0004158 229.5390 130.5474 15.03592173105749
LEGION 5
1 62900U 25025A   26208.92440468  .00004673  00000-0  25405-3 0  9995
2 62900  45.0017  82.9781 0006913 355.5415   4.5401 15.15784060 80670
KAZEOSAT 2
1 40010U 14033A   26208.51094638  .00000974  00000-0  11856-3 0  9994
2 40010  97.5395  45.9903 0008475 175.4838 184.6456 14.85513840654946
ONEWEB-0623
1 55164U 23004AA  26208.34026370  .00000044  00000-0  80094-4 0  9996
2 55164  87.9159 357.8918 0001183  75.6709 284.4554 13.17649499172870
TOMORROW-S1
1 60479U 24149M   26208.21484599  .00007875  00000-0  24754-3 0  9998
2 60479  97.3742 288.5717 0004366 105.0358 255.1368 15.33243257108227
FASAT B
1 25395U 98043B   26208.39414307  .00000131  00000-0  73528-4 0  9991
2 25395  98.9737 199.2626 0002989  16.3244 343.8031 14.26524600458573
COSMOS 2353
1 25364U 98036B   26208.24514701 -.00000011  00000-0 -17908-3 0  9990
2 25364  82.5930 317.4753 0357053 108.3602 255.6641 12.21844637253920
GJZ 01
1 62290U 24238A   26208.54995399 -.00000059  00000-0  62779-4 0  9999
2 62290  59.9121 164.4849 0013027 291.8063  68.1559 13.75226410 81156
SNAP-3 JIMI
1 40975U 15058M   26208.65715667  .00007483  00000-0  50216-3 0  9994
2 40975  64.7653  91.6840 0108723  39.4980 321.3997 15.02765236120307
FLOCK 4BE 36
1 60486U 24149U   26208.70572233  .00034760  00000-0  76133-3 0  9994
2 60486  97.3737 293.6509 0004998 118.7993 241.3757 15.44022611108604
HULIANWANG DIGUI-124
1 67064U 25295F   26208.26063508 -.00000077  00000-0  10105-3 0  9999
2 67064  49.9979 241.6136 0001155 237.3364 122.7397 13.29329967 30831
RAISE 2
1 49397U 21102C   26208.03475606  .00006868  00000-0  30396-3 0  9999
2 49397  97.3241 240.0026 0010013 136.5271 223.6757 15.21931925259493
VELOX 1
1 40057U 14034E   26208.53569476  .00003954  00000-0  33841-3 0  9994
2 40057  98.2490 115.8294 0007916 133.1719 227.0165 14.98205231652649
LKW-4
1 43236U 18025A   26208.00677149  .00046342  00000-0  46295-3 0  9994
2 43236  97.6354  22.1052 0003609 149.5279 210.6190 15.65485355466250
OPS 2644
1 03673U 69010B   26208.59661094  .00000039  00000-0  18078-3 0  9992
2 03673  80.3953 136.6880 0026439   5.3836 108.8738 12.63660591648563
ONEWEB-0435
1 51632U 22012L   26208.43529007 -.00000122  00000-0 -38488-3 0  9993
2 51632  87.8813  28.2546 0002018  97.1124 263.0233 13.10369693214586
KUIPER-00526
1 69764U 26151B   26208.50002315 -.01732572  00000-0 -73139-1 0  9994
2 69764  51.8817 121.1679 0004658 194.1633 177.0399 15.26207851  4031
COSMOS 1727
1 16510U 86008A   26208.26318443  .00000051  00000-0  37521-4 0  9992
2 16510  82.9503 303.3322 0039224 119.7135 269.4062 13.74686860 31197
QIANFAN-100
1 66042U 25233K   26208.07750831  .00000058  00000-0  70839-4 0  9996
2 66042  88.9995  39.0878 0002142  95.2415 264.8980 13.51016166 38624
FLYING LAPTOP
1 42831U 17042G   26208.51008909  .00003211  00000-0  25272-3 0  9990
2 42831  97.4856   2.5415 0018855 353.1203   6.9760 15.01377286492508
QIANFAN-8
1 60386U 24140H   26208.49053044  .00000084  00000-0  11191-3 0  9999
2 60386  88.9729 275.7482 0014341 260.5743  99.3787 13.51017040 97969
COSMOS 839
1  9011U 76067A   26208.35078617 -.00000050  00000-0  20008-4 0  9992
2  9011  65.8525 186.1287 0710096 272.3154  79.6770 12.32898132265080
GLOBALSTAR M050
1 25908U 99049B   26208.66635201 -.00000146  00000-0 -64861-3 0  9993
2 25908  51.9989  83.8032 0009362 115.7489 277.4623 12.07467312197175
HBTSS-SV1
1 58960U 24028F   26208.51929230  .00003376  00000-0  29175-3 0  9999
2 58960  39.9881 252.5012 0009413 125.9351 234.2316 14.98137495113230
FALCONSAT-6
1 43815U 18099BK  26208.22230861  .00004007  00000-0  15103-3 0  9994
2 43815  97.3791 283.8059 0016031 155.0419 271.1870 15.27536973419840
COSMOS 842
1  9025U 76070A   26208.45816506  .00000054  00000-0  41280-4 0  9997
2  9025  82.9861  26.6495 0028349 149.9527 238.1594 13.74250203507626
QIANFAN-123
1 68650U 26075Q   26208.60191920  .00000036  00000-0  37291-4 0  9996
2 68650  88.9918 316.8542 0002598 113.4213 246.7212 13.51024314 15248
KUIPER-00490
1 69595U 26140D   26208.54968512 -.00059913  00000-0 -15889-2 0  9997
2 69595  51.8758 203.4909 0006966  15.1312 344.9882 15.37795600  7443
QIANFAN-151
1 69110U 26108G   26208.82942925 -.01988503  00000-0 -34717+1 0  9991
2 69110  89.0106  17.9666 0024262 345.0732  14.9698 13.47271803  9921
TOM-1
1 69872U 26156D   26208.54603795  .00001322  00000-0  14020-3 0  9997
2 69872  97.7507 108.6327 0004838  56.7204 303.4477 14.90727774  3013
CHUANG XIN 19 (CX-19)
1 58505U 23190A   26208.51198861  .00000044  00000-0  54012-4 0  9999
2 58505  86.5064 318.6292 0001724  87.3175 272.8165 13.39554460130094
KUIPER-00049
1 64509U 25134K   26208.38863236  .00004173  00000-0  57595-3 0  9995
2 64509  51.9014 330.2855 0000431 103.5488 256.5522 14.79939520 60832
KUIPER-00662
1 69791U 26151AE  26208.50002315 -.01092036  00000-0 -59408-1 0  9991
2 69791  51.8877 121.7638 0008136 208.2878 192.2535 15.16675123  2917
ICEYE-X55
1 64581U 25135BF  26208.51621796  .00003441  00000-0  31654-3 0  9999
2 64581  97.7770 322.9872 0002975 188.8029 171.3140 14.95422247 59949
COSMOS 2227
1 22284U 92093A   26208.69323603 -.00000262  00000-0 -11312-3 0  9994
2 22284  70.9787  98.1262 0018802 188.8861 171.1931 14.13784847732557
FASTSAT-HSV01 (USA 220)
1 37225U 10062D   26208.59160102  .00000529  00000-0  73559-4 0  9999
2 37225  71.9714  69.8550 0015014  47.5226 312.7205 14.82176921120116
QIANFAN-174
1 69391U 26124K   26208.88641376 -.02099780  00000-0 -23002+1 0  9998
2 69391  88.9994 357.4976 0005806  80.1766 280.0055 13.76631599  7530
ONEWEB-0664
1 55824U 23029AE  26208.56930894  .00000062  00000-0  11978-3 0  9999
2 55824  87.9163 266.4306 0001751 108.4232 251.7092 13.20772439166479
CHECKMATE 5
1 56163U 23050B   26208.50619438  .00000095  00000-0  74248-4 0  9998
2 56163  80.9995  32.8782 0006063 204.0676 156.0198 13.84990370167742
SSETI-EXPRESS
1 28894U 05043E   26208.39964977  .00000573  00000-0  11507-3 0  9997
2 28894  98.3127 348.8099 0016548 149.5009 210.7159 14.65412821106169
ONEWEB-0049
1 45154U 20008Z   26208.46398769 -.00000350  00000-0 -10382-2 0  9995
2 45154  87.8824  28.2476 0001627  76.7059 283.4250 13.10375225313300
YAM-12
1 69003U 26100Z   26208.50002315  .00601068  00000-0  58284-1 0  9990
2 69003  97.7836 105.0949 0001006  66.2667 203.7972 14.90170719  5732
GLOBALSTAR M048
1 25872U 99041A   26208.71888362 -.00000063  00000-0  20029-3 0  9994
2 25872  51.9368  93.3033 0012719 164.7002 228.9958 11.33864728170980
MOZHAYETS 4
1 27939U 03042A   26208.55433685  .00000537  00000-0  90857-4 0  9994
2 27939  98.3480  34.0578 0012089 135.6112 317.0977 14.73531854221493
QUAKESAT
1 27845U 03031F   26208.46428373  .00000416  00000-0  19656-3 0  9999
2 27845  98.6639 216.7471 0009912  86.9265 273.3048 14.24977975197340
COSMOS 1924
1 18937U 88016A   26208.61212590  .00000005  00000-0  14458-3 0  9995
2 18937  74.0042  75.6513 0034661 337.0660  49.6843 12.44623017743704
USPWSA-DRAGOON
1 64542U 25135Q   26208.24004254  .00009443  00000-0  36353-3 0  9999
2 64542  97.4732 324.4024 0003752  60.4972 299.6641 15.26580170 61031
IRIDIUM 175
1 43928U 19002G   26208.61681809  .00000290  00000-0  79598-4 0  9998
2 43928  86.4500 273.6218 0005584  91.3049 268.8792 14.43632462404812
COSMOS 1803
1 17177U 86094A   26208.38320784 -.00000009  00000-0 -14141-3 0  9998
2 17177  82.6091 346.0476 0003212  12.6078  13.7358 12.41548022796944
FLOCK 4G 4
1 62659U 25009BC  26208.73065889  .00040353  00000-0  12643-2 0  9991
2 62659  97.3941 289.9500 0005195 157.5790 202.5680 15.32958033142717
KUIPER-00296
1 68595U 26072Y   26208.50002315 -.02035371  00000-0 -10429+0 0  9992
2 68595  51.8811 342.4999 0007452 157.5041 241.5296 15.19686532  4526
KUIPER-00499
1 68881U 26095T   26208.50002315  .00008901  00000-0  11961-2 0  9995
2 68881  51.8992  54.9462 0001000 220.7071 143.8438 14.79894931  4760
ZINYUAN-3
1 45939U 20051A   26208.50448523  .00004603  00000-0  20902-3 0  9996
2 45939  97.5367 275.5324 0003920 188.8071 171.3097 15.21284955333474
YUNYAO-1 48
1 63349U 25059F   26208.52567374  .00003532  00000-0  21203-3 0  9997
2 63349  97.6113  29.8500 0015848  27.2147 332.9910 15.11478861 74399
AUREOLE 2
1  7003U 73107A   26208.47384560  .00122099  64860-5  55755-3 0  9995
2  7003  73.8890  83.8504 0071216  12.6083 347.6903 15.79759359710811
KUIPER-00544
1 69613U 26140X   26208.21793370  .00026990  00000-0  70817-3 0  9990
2 69613  51.8758 205.0232 0007429   3.6694 356.4346 15.38429188  7394
COSMOS 2191
1 21980U 92030E   26208.81705251  .00000006  00000-0  15000-3 0  9996
2 21980  74.0026  41.1259 0018104  61.3181 310.4227 12.44573699551221
GOSAT-GW
1 64694U 25141A   26208.48539145  .00000046  00000-0  16615-4 0  9992
2 64694  98.0566 145.1477 0001463  84.8018 275.3354 14.67552951 57755
QIANFAN-98
1 66040U 25233H   26208.45199630  .00000062  00000-0  77499-4 0  9994
2 66040  88.9973  38.8406 0002264  79.7440 280.3966 13.51016172 38761
FLOCK 4G 13
1 62621U 25009N   26208.68911304  .00107075  00000-0  18276-2 0  9999
2 62621  97.3941 292.8594 0006001 170.0933 190.0439 15.50926215 85264
QIANFAN-78
1 63164U 25046F   26208.54318396  .00000140  00000-0  19743-3 0  9996
2 63164  88.9720 296.4596 0015232 185.0710 175.0289 13.51012649 78056
TOMORROW-S6
1 63225U 25052R   26208.65126617  .00005109  00000-0  22190-3 0  9996
2 63225  97.3964 100.9298 0005360  14.6489 345.4902 15.22735291 76000
DUMMY SAT
1 40073U 14037E   26208.50558145  .00000380  00000-0  53880-4 0  9999
2 40073  98.3747 161.1812 0005700 167.4262 192.7093 14.83073315651417
STARLETTE
1  7646U 75010A   26208.50247355 -.00000129  00000-0  95723-5 0  9999
2  7646  49.8255 305.4609 0205757 196.2513 163.1713 13.82350872600117
COSMOS 571
1  6682U 73037H   26208.47132132  .00000001  00000-0  95549-4 0  9990
2  6682  74.0158 205.9980 0103383 322.9765 109.1272 12.65927120455397
HULIANWANG DIGUI-142
1 67440U 26007F   26208.66089396 -.00000083  00000-0  87740-4 0  9993
2 67440  50.0134 300.6276 0000815 161.4542 198.6360 13.29327282 26175
COSMOS 1589
1 15171U 84084A   26208.24316093  .00000006  00000-0 -25991-4 0  9992
2 15171  82.5996 131.0746 0005360 313.3729 214.4074 12.42257343902837
ONEWEB-0700
1 61606U 24188N   26208.91549726 -.00000576  00000-0 -16859-2 0  9994
2 61606  87.8842  28.0642 0002365  89.5551 270.5847 13.10373930 88637
YAOGAN-31 J
1 47695U 21014E   26208.52398578 -.00000203  00000-0 -17276-3 0  9997
2 47695  63.4029  94.0312 0180742   1.1240 359.0157 13.45451216266158
SPARK 1
1 41900U 16081C   26208.31067492  .00000524  00000-0  11994-3 0  9998
2 41900  98.5510 204.0273 0023332 193.2976 166.7611 14.59827096510120
ONEWEB-0688
1 61596U 24188C   26208.35375948  .00000047  00000-0  89078-4 0  9999
2 61596  87.9157 357.8857 0000603  88.9819 271.1382 13.17648191 91185
KUIPER-00010
1 63726U 25088C   26208.62946347  .00001100  00000-0  17317-3 0  9990
2 63726  51.9019 184.2984 0000584  50.6077 309.4937 14.79950904 68455
YAOGAN-40 01B
1 57832U 23139C   26208.53358556  .00000171  00000-0  82396-4 0  9992
2 57832  85.9881 241.8258 0002404  87.4583 272.6875 14.12455180148406
ONEWEB-0685
1 54679U 22166AP  26208.50833028  .00000043  00000-0  70412-4 0  9990
2 54679  87.9221 235.9500 0001594  81.3497 278.7818 13.23185181176746
COSMOS 1361
1 13164U 82040E   26208.32482324 -.00000025  00000-0 -64359-4 0  9995
2 13164  74.0150 332.2180 0013786 113.4234 274.8008 12.48211308 15135
ONEWEB-0057
1 45160U 20008AF  26208.46427229 -.00000337  00000-0 -10008-2 0  9996
2 45160  87.8830  28.2464 0001291  83.0170 277.1104 13.10375554313621
OPS 7898 (P/L 3)
1 05681U 71110D   26208.23782689 -.00000013  00000-0  39617-4 0  9998
2 05681  69.9892 283.2183 0006113 133.9378 226.2222 13.74646668362322
LEMUR 2 STELLA
1 60533U 24149BT  26208.18084514  .00012606  00000-0  72527-3 0  9997
2 60533  97.6731 290.8300 0001379 126.6590 233.4767 15.12594061106545
COSMOS 1867
1 18187U 87060A   26208.23334564 -.00000037  00000-0  23818-4 0  9991
2 18187  65.0104 275.9075 0017435 281.9134  77.9995 14.31519586 39917
TIANMU-1 20
1 58661U 23208B   26208.46662188  .00008850  00000-0  27697-3 0  9995
2 58661  97.4474 325.6716 0007443 168.9729 191.1677 15.33334383143593
HAWK-11C
1 62381U 24247E   26208.04721205  .00006609  00000-0  22774-3 0  9994
2 62381  45.0039  70.5038 0003013  95.6531 264.4697 15.30801116 89115
FLOCK 4G 17
1 62681U 25009CA  26208.68380659  .00011172  00000-0  38319-3 0  9991
2 62681  97.3918 289.8493 0005208 170.5874 189.5465 15.30323401142740
ONEWEB-0129
1 47275U 20100T   26208.33975459 -.00000140  00000-0 -42452-3 0  9998
2 47275  87.8985 342.6772 0002780  82.1522 277.9922 13.12443749269946
QIANFAN-17
1 60395U 24140S   26208.51518095  .00000095  00000-0  12897-3 0  9990
2 60395  88.9734 275.9306 0012659 269.4351  90.5350 13.51017983 98758
AE1C
1 62649U 25009AS  26208.68225123  .00039471  00000-0  75405-3 0  9998
2 62649  97.4023 297.1574 0003126 147.9496 212.1945 15.48007437 85546
COSMOS 1754
1 16764U 86042G   26208.37710719 -.00000020  00000-0 -25408-4 0  9994
2 16764  74.0171 173.7518 0020942 309.9016 123.6860 12.52611796660124
QIANFAN-106
1 66048U 25233R   26208.48084922  .00000060  00000-0  74596-4 0  9995
2 66048  88.9971  39.0731 0002238  82.1321 278.0084 13.51016099 38626
QIANFAN-216
1 69815U 26153R   26208.44746633  .00000512  00000-0  20581-3 0  9998
2 69815  88.9934 357.6311 0009578 148.1143 212.0632 14.26681820  3297
SPIP
1 58298U 23174AU  26208.49721280  .00004823  00000-0  17918-3 0  9996
2 58298  97.3834 284.6267 0010350  52.1272 308.0902 15.27975481150930
ONEWEB-0602
1 54666U 22166AA  26208.49676053  .00000047  00000-0  83258-4 0  9993
2 54666  87.9225 235.9763 0002050 101.5752 258.5612 13.21824656176871
R5-S4
1 60206U 24125D   26208.14278594  .00017648  00000-0  38397-3 0  9995
2 60206  97.2358  59.1424 0017596  86.6564 273.6697 15.44199294115294
QIANFAN-207
1 69806U 26153G   26208.49300549  .00000425  00000-0  19374-3 0  9996
2 69806  88.9935 357.6382 0008701 139.5733 220.6105 14.19835501  3291
MOS 1B (MOMO 1B)
1 20478U 90013A   26208.19218118 -.00000020  00000-0  18000-4 0  9999
2 20478  99.2169 269.3436 0006431  79.9647 280.2240 13.96079803777610
ADRAS-J
1 58992U 24034A   26208.49134308  .00105373  00000-0  10373-2 0  9991
2 58992  98.2144 245.2334 0132854 328.1074  31.2182 15.55213783133839
HULIANWANG DIGUI-83
1 65818U 25220B   26208.49960321  .00000019  00000-0  95296-5 0  9997
2 65818  86.4977  30.3031 0002306  95.4339 264.7058 13.24410234 40252
KUIPER-00132
1 65763U 25217B   26208.55690957  .00053165  00000-0  11593-2 0  9999
2 65763  51.8528  42.3372 0007611 112.0840 248.0958 15.43691969 47000
QIANFAN-178
1 69395U 26124P   26208.85647404 -.02010483  00000-0 -21346+1 0  9999
2 69395  88.9982 357.4922 0010146  42.2571 317.9376 13.78310012  7541
NANOSAT 1B
1 35685U 09041E   26208.56519471  .00001594  00000-0  15502-3 0  9992
2 35685  98.1205 328.5369 0049932  32.9534 327.4780 14.93198192920440
FLOCK 4Q 28
1 58280U 23174AA  26208.48995881  .00032712  00000-0  44634-3 0  9999
2 58280  97.3882 301.0805 0003728  16.9688 343.1691 15.57428368152012
KSM1-C
1 46906U 20081B   26208.24065917  .00008439  00000-0  31112-3 0  9993
2 46906  36.8928 171.5512 0003463 226.1478 133.8986 15.27338776315298
KUIPER-00644
1 69788U 26151AB  26208.03067098  .00030752  00000-0  85484-3 0  9993
2 69788  51.8742 123.3101 0007875 200.8410 159.2257 15.36568000  3828
LEMUR 2 JK0903EM1407
1 58336U 23174CJ  26208.48769366  .00029729  00000-0  46625-3 0  9994
2 58336  97.3924 300.1503 0002770 336.2168  23.8956 15.53647415151986
COSMOS 1016
1 10933U 78056D   26208.73521602 -.00000015  00000-0  28934-5 0  9994
2 10933  74.0269 115.4912 0017583 286.1388 101.6227 12.45304067188276
TSIKADA
1 23463U 95002A   26208.37354186  .00000030  00000-0  15798-4 0  9996
2 23463  82.9298 346.1946 0039516  29.7960 359.3318 13.72737896577822
IRIDIUM 118
1 42807U 17039E   26208.63975694 -.00000032  00000-0 -18341-4 0  9996
2 42807  86.4004 336.7283 0002084  92.8430 267.3004 14.34217119475749
QIANFAN-14
1 60392U 24140P   26208.52349787  .00000093  00000-0  12482-3 0  9996
2 60392  88.9697 275.7221 0014314 272.3425  87.6087 13.51023114 97893
ONEWEB-0658
1 55819U 23029Z   26208.25113906  .00000086  00000-0  18220-3 0  9999
2 55819  87.9194 296.9764 0002456 101.3967 258.7442 13.19727719164207
COSMOS 2482
1 39057U 13001A   26208.52600674  .00000047  00000-0  27101-3 0  9992
2 39057  82.4969 195.2645 0026295 298.6445  61.1990 12.42997313613724
COSMOS 1732
1 16593U 86015A   26208.51492751  .00000010  00000-0  19973-3 0  9999
2 16593  73.6083 251.3172 0026618   6.4750 353.6633 12.41027512832826
COSMOS 2285
1 23189U 94045A   26208.55733728  .00000020  00000-0  46240-4 0  9995
2 23189  74.0281  46.7001 0024781  34.7860 355.0397 13.72528317601935
METEOR 2-14
1 16735U 86039A   26208.23450774  .00000048  00000-0  29011-4 0  9997
2 16735  82.5334 251.9102 0016009  91.4889 336.5489 13.85554171 30241
COSMOS 1718
1 16451U 86002C   26208.30184241  .00000005  00000-0  14821-3 0  9998
2 16451  73.9877  53.4801 0013376 183.6100 289.3365 12.45096312842867
ASTROCAST-01
1 43798U 18099AS  26208.65101985  .00042217  00000-0  69295-3 0  9991
2 43798  97.4368 288.4884 0004823  93.7760 266.4044 15.52300155420707
TIANQI-14
1 48864U 21055E   26208.61773116  .00006603  00000-0  35666-3 0  9997
2 48864  34.9974 187.7594 0005374 306.4113  53.6102 15.14041615279852
ONEWEB-0427
1 50499U 21132AG  26208.26375771  .00000083  00000-0  17664-3 0  9990
2 50499  87.9210 327.4697 0001717  95.8786 264.2542 13.18687783226897
COSMOS 2270
1 23001U 94011C   26208.68740451  .00000033  00000-0  12338-3 0  9990
2 23001  82.5741 287.9332 0008573  89.7264  76.8264 12.62935925495766
COSMOS 1230
1 12109U 80102C   26208.20902605  .00000013  00000-0  17516-3 0  9993
2 12109  73.9927 262.8126 0041945 322.6134  94.3071 12.57925843 93476
BOTSAT-1
1 63216U 25052G   26208.51353088  .00009365  00000-0  34777-3 0  9997
2 63216  97.3841 101.9707 0002719  33.8332 326.3081 15.27775840 76112
COSMOS 2605
1 67679U 26023F   26208.62602282  .00009863  00000-0  38160-3 0  9991
2 67679  96.6205 268.0060 0018651 348.1972  11.8829 15.26206154 26168
KUIPER-00285
1 68589U 26072S   26208.46298895  .00004218  00000-0  58203-3 0  9998
2 68589  51.9057 355.1177 0001303 175.4067 184.6907 14.79926782 17391
ONEWEB-0060
1 45455U 20020AH  26208.45768297  .00000400  00000-0  10942-2 0  9995
2 45455  87.8896  13.0483 0001774 126.3545 233.7747 13.11415687307825
COSMOS 778
1  8419U 75103A   26208.22329491  .00000069  00000-0  56091-4 0  9998
2  8419  82.9725 264.4745 0023289 103.2227 317.4355 13.74853232544098
HAWK-12B
1 64622U 25138B   26208.70470559  .00004251  00000-0  20906-3 0  9996
2 64622  97.4475 211.1829 0012887   6.1714 353.9677 15.18487644 60012
IHOPSAT-TD
1 44859U 19089H   26208.56648274  .00003058  00000-0  17934-3 0  9990
2 44859  36.9662 154.9874 0005928 225.0576 134.9690 15.12007927364103
KUIPER-00532
1 69604U 26140N   26208.38547747  .00036626  00000-0  10127-2 0  9997
2 69604  51.8780 204.6376 0005398  72.9944 287.1633 15.36663651  7418
ONEWEB-0127
1 47273U 20100R   26208.64299830 -.00000272  00000-0 -79099-3 0  9995
2 47273  87.8976 342.6252 0001952  95.5608 264.5744 13.12444618270032
ELISA W23
1 38009U 11076C   26208.53150273  .00000925  00000-0  16719-3 0  9992
2 38009  97.8413 186.9844 0002538  92.9961 267.1536 14.68591384781250
SWIFT
1 28485U 04047A   26208.33397352  .00066466  00000-0  46577-3 0  9995
2 28485  20.5506 234.2930 0002448 157.1838 202.8718 15.72430012193186
COSMOS 2181
1 21902U 92012A   26208.21049383  .00000052  00000-0  40886-4 0  9993
2 21902  82.9430 278.4289 0027669 330.9661  82.6884 13.72573056721814
KUIPER-00115
1 65152U 25171W   26208.58843111  .00002929  00000-0  41310-3 0  9998
2 65152  51.9001 269.4670 0000341  82.2926 277.8075 14.79932188 53464
ONEWEB-0223
1 48768U 21045B   26208.19942700  .00000087  00000-0  19742-3 0  9996
2 48768  87.8980 251.2192 0002439 101.0416 259.0989 13.15549221249660
CONNECTA IOT-13
1 67400U 26004AP  26208.47787474  .00003153  00000-0  15756-3 0  9994
2 67400  97.4577 206.9020 0007876 198.0527 162.0429 15.18162686 29860
XIWANG-5 02
1 67069U 25296A   26208.17665915  .00007279  00000-0  36994-3 0  9999
2 67069  41.3507 253.2236 0003606  37.0274 323.0796 15.17098698 34316
NAHLA
1 66764U 25276DC  26208.55990286  .00002923  00000-0  14259-3 0  9993
2 66764  97.4188 281.2808 0003139 159.5376 200.5985 15.19077234 36545
TIANMU-1 06
1 55976U 23039D   26208.49972797  .00015473  00000-0  28870-3 0  9999
2 55976  97.5230  24.3617 0001930 359.0809   1.0438 15.48885539187086
KUIPER-00274
1 67792U 26030AE  26208.31432393  .00003229  00000-0  45231-3 0  9992
2 67792  51.9029 305.7033 0000139 240.3844 119.7105 14.79940223 25998
ONEWEB-0407
1 50487U 21132U   26208.33120346  .00000081  00000-0  17357-3 0  9998
2 50487  87.9208 327.4698 0002080 103.2224 256.9140 13.18685221226850
GEESAT 5-11
1 65560U 25201L   26208.39994127  .00001618  00000-0  21803-3 0  9997
2 65560  49.9858 212.3060 0008063 138.0002 222.1556 14.84258019 47794
CTC-0
1 62401U 24247AA  26208.54754608  .00021666  00000-0  52297-3 0  9998
2 62401  44.9724  45.4243 0006395 190.2459 169.8299 15.40869113 89447
TIANQI-15
1 49027U 21065B   26208.49563479  .00005356  00000-0  31653-3 0  9991
2 49027  34.9998 326.8823 0005587  43.8651 316.2503 15.10868458275370
QIANFAN-24
1 61557U 24185F   26208.51743889  .00000584  00000-0  24777-3 0  9994
2 61557  88.9780  50.6956 0007108 282.2380  77.8016 14.24110010102295
ASTROCAST-0403
1 55111U 23001DG  26208.69067493  .00028655  00000-0  90160-3 0  9996
2 55111  97.5621 303.7123 0005486 172.9730 187.1590 15.32898053150760
COSMOS 1292
1 12641U 81074F   26208.65666838 -.00000022  00000-0 -42859-4 0  9998
2 12641  74.0364 332.9439 0007899  82.6002 289.4859 12.48741863 50132
ICEYE-X50
1 63255U 25052AX  26208.50816153  .00002133  00000-0  19829-3 0  9993
2 63255  97.6838  99.6206 0003498  81.4117 278.7500 14.95396178 74678
ONEWEB-0182
1 48228U 21031U   26208.60069158 -.00000010  00000-0 -62665-4 0  9996
2 48228  87.8958 281.6535 0001804  93.8391 266.2944 13.14501377253743
SHIYAN 30-03
1 68139U 26048A   26208.58233656  .00002189  00000-0  21513-3 0  9998
2 68139  35.0011  25.8290 0005122 323.5554  36.4802 14.91882961 20400
ONEWEB-0275
1 48993U 21060AC  26208.50780804  .00000031  00000-0  48760-4 0  9995
2 48993  87.9083 220.7660 0001296 107.5186 252.6086 13.16589515244866
COSMOS 2607
1 67681U 26023H   26208.12869936  .00010777  00000-0  42117-3 0  9993
2 67681  96.6285 267.6667 0020185 344.0027  16.0573 15.25820910 26083
COSMOS 2498
1 39763U 14028C   26208.46271282  .00000210  00000-0  14416-2 0  9994
2 39763  82.4452  83.6790 0021492 349.2168  10.8448 12.42981791552550
FLOCK 4H 9
1 66712U 25276AY  26208.67168708  .00007850  00000-0  35760-3 0  9999
2 66712  97.4206 281.7955 0003670 170.2024 189.9284 15.20937930 36583
COSMOS 2169
1 21783U 91077E   26208.34290353  .00000018  00000-0  38860-4 0  9990
2 21783  82.6038 182.7552 0016512 237.3925 122.5575 12.66316581603876
PROSPERO (BLACK ARROW)
1 05580U 71093A   26208.20447530  .00001542  00000-0  32273-3 0  9993
2 05580  82.0362 255.7039 0502281 112.3634 253.1553 14.01718817754132
ORBCOMM FM 3
1 25158U 98007B   26208.12018031  .00000725  00000-0  29397-3 0  9996
2 25158 107.9642 248.1255 0046166 259.4915 100.1022 14.35582607482132
SHIYAN 27A
1 63599U 25078A   26208.49488157  .00000014  00000-0  81429-4 0  9991
2 63599  99.6918 215.1187 0000949  88.1896 271.9351 13.57240750 63004
AEROCUBE 8D
1 41852U 16067E   26208.58337905  .00008058  00000-0  32682-3 0  9993
2 41852  98.0630  81.8316 0003634  24.4288 335.7119 15.24923201532221
HULIANWANG DIGUI-138
1 67436U 26007B   26208.61916397 -.00000087  00000-0  80463-4 0  9992
2 67436  50.0069 300.9677 0000842 157.6462 202.4447 13.29325801 26167
HULIANWANG DIGUI-25
1 63692U 25086F   26208.48842493  .00000040  00000-0  60043-4 0  9998
2 63692  86.5044 299.4514 0002173 108.9525 251.1845 13.24410901 60199
OSCAR 30
1 15935U 85066A   26208.21674531  .00000067  00000-0  10371-3 0  9993
2 15935  90.1546 103.3728 0167971 164.0071 313.5970 13.36116166994772
OPTISAT
1 68418U 26067C   26208.35423346  .00005345  00000-0  25664-3 0  9999
2 68418  97.4604 166.4359 0003746 124.6863 235.4725 15.19273460 18042
HULIANWANG DIGUI-21
1 63688U 25086B   26208.52622300  .00000046  00000-0  72071-4 0  9991
2 63688  86.5093 299.6170 0002220 111.2428 248.8943 13.24410780 60209
COSMOS 535
1  6270U 72087H   26208.40747726 -.00000002  00000-0  82938-4 0  9991
2  6270  74.0326 197.9093 0054879 319.4416 193.6980 12.59354635470097
COSMOS 514
1 06148U 72062A   26208.61600394  .00000069  00000-0  49560-4 0  9996
2 06148  82.9657 265.8860 0010846  41.2071 112.5554 13.82054889719128
LING QIAO
1 40136U 14051A   26208.49246902  .00000152  00000-0  75752-4 0  9997
2 40136  98.7073 210.3201 0021885  56.7585 303.5691 14.30276855620768
HULIANWANG DIGUI-91
1 65999U 25231E   26208.88734668 -.00000107  00000-0  36602-4 0  9999
2 65999  50.0024  29.6675 0000402  23.5267 336.5624 13.29327409 38300
YAOGAN-36 05B
1 57454U 23106C   26208.32921956  .00004756  00000-0  23629-3 0  9999
2 57454  34.9926 190.6957 0020668 101.3665 258.9371 15.16892378166964
HULIANWANG DIGUI-12
1 62972U 25030B   26208.46476928 -.00000097  00000-0  58679-4 0  9996
2 62972  50.0024  91.4927 0000782 310.3649  49.7155 13.29322904 71211
TABLETSAT AURORA
1 40017U 14033H   26208.50576399  .00007946  00000-0  39254-3 0  9997
2 40017  98.0232 285.0404 0012679  80.2281 280.0382 15.18093724661328
ORBCOMM FM 10
1 25113U 97084B   26208.46824391  .00000939  00000-0  29499-3 0  9992
2 25113  45.0134 222.9623 0002067 137.3736 222.7276 14.47047088675191
GEESAT 5-01
1 65550U 25201A   26208.39236266  .00001641  00000-0  22066-3 0  9997
2 65550  49.9906 213.1133 0003200 210.2357 149.8397 14.84257372 47778
SPARK 2
1 41901U 16081D   26208.45393186  .00000535  00000-0  12372-3 0  9999
2 41901  98.5518 199.4286 0024845 197.5759 162.4582 14.59202305509999
EOS-6
1 54361U 22158A   26208.54589052  .00000247  00000-0  79943-4 0  9992
2 54361  98.3552 306.2060 0001101 149.4829 210.6428 14.46990187193678
QIANFAN-64
1 62794U 25016K   26208.51613116  .00000117  00000-0  16202-3 0  9997
2 62794  88.9687  79.4832 0015836  50.3900 309.8646 13.51015362 77882
PELICAN-5 300C
1 66667U 25276B   26208.18382339  .00027376  00000-0  83966-3 0  9998
2 66667  97.4120 283.1829 0002815  49.8987 310.2502 15.33729359 36649
ALSAT 1N
1 41789U 16059G   26208.49839196  .00000987  00000-0  17404-3 0  9990
2 41789  97.8022 210.0574 0027361  60.6023 299.7910 14.69367795525921
FLOCK 4BE 7
1 60481U 24149P   26208.47438618  .00022283  00000-0  52434-3 0  9996
2 60481  97.3751 291.9301 0004372 119.2277 240.9408 15.41969466108459
CELTEE 1
1 41850U 16067C   26208.16991814  .00005405  00000-0  25422-3 0  9997
2 41850  98.0623  77.4637 0002560  94.8074 265.3451 15.20042662531954
SDA_1680
1 65990U 25230S   26208.30512952  .00000142  00000-0  11463-3 0  9991
2 65990  81.3012 174.3606 0005285  87.8439 272.3324 13.85236094 39378
COSMOS 1389
1 13376U 82073B   26208.81151844  .00000008  00000-0  14821-3 0  9997
2 13376  74.0138  48.2996 0042149 205.0778 167.6544 12.55405194 17256
OPS 6630 (2)
1 06938U 73088D   26208.16298640 -.00000022  00000-0 -16248-4 0  9997
2 06938  96.9399 260.0341 0025138 291.0993 132.9119 12.57202646418162
CLEMENTINE
1 25978U 99064B   26208.71784406  .00026390  00000-0  62452-3 0  9996
2 25978  98.1471 307.6303 0001386  50.5943 309.5424 15.41783964714792
TRANSAT
1 10457U 77106A   26208.17987670  .00000081  00000-0  11245-3 0  9996
2 10457  89.6441  70.5035 0023488 259.9982 216.4954 13.48976106397960
HBTSS-SV2
1 58955U 24028A   26208.45703932  .00000005  00000-0  93360-4 0  9999
2 58955  39.9894 218.8855 0018335 111.4775 248.7928 13.70478893122598
COSMOS 1721
1 16454U 86002F   26208.52138161 -.00000023  00000-0 -45585-4 0  9999
2 16454  73.9894 145.4892 0035969 148.4245 333.0755 12.52386712853756
COSMOS 304
1 04138U 69091A   26208.59262196  .00000034  00000-0  16858-4 0  9998
2 04138  74.0392 156.0207 0012280 155.4313 204.7433 14.46478103993573
KSM1-B
1 46914U 20081K   26208.30571200  .00008152  00000-0  32229-3 0  9998
2 46914  36.8996 181.6517 0006526 253.1075 106.8959 15.25022521318317
TIANQI 25
1 59909U 24102A   26208.51216667  .00000111  00000-0  16409-3 0  9999
2 59909  44.9773  82.5075 0011250  67.2064 292.9956 13.99180650110555
KUIPER-00412
1 68927U 26098J   26208.50002315 -.02101219  00000-0 -91622-1 0  9990
2 68927  51.8833 232.7176 0005118  41.5518 194.4847 15.25244803  4138
SAUDISAT 1C
1 27607U 02058C   26208.68108592  .00001287  00000-0  16839-3 0  9992
2 27607  64.5529   3.6894 0074146 254.9838 104.3054 14.83123076270467
CARTOSAT 3
1 44804U 19081A   26208.46605801  .00002666  00000-0  12952-3 0  9999
2 44804  97.4289 269.6785 0011862  19.7456 340.4236 15.19252889369587
CHUANG XIN 20A (CX-20A)
1 58425U 23181A   26208.51152567 -.00000088  00000-0  71964-4 0  9997
2 58425  49.9570 178.8501 0013413  27.6180 332.5407 13.41500326131167
SECOR 13 (EGRS 13)
1 03891U 69037B   26208.11986251 -.00000021  00000-0  36496-4 0  9993
2 03891  99.6427  77.8633 0039806 152.2280   2.1937 13.42978264807115
HJS-4B
1 58692U 23212B   26208.52399748 -.00000091  00000-0  66811-4 0  9992
2 58692  49.9952 196.3145 0001338 251.1265 108.9467 13.41460964126660
DMSP 5D-2 F12 (USA 106)
1 23233U 94057A   26208.48029985  .00000017  00000-0  30432-4 0  9995
2 23233  98.6665 257.6449 0011492 152.5129 207.6656 14.16077224647670
ORIGAMISAT-2
1 68795U 26088D   26208.40859688  .00011502  00000-0  71845-3 0  9992
2 68795  97.5111 356.9452 0013377 302.2679  57.7253 15.09555183 14360
LINK
1 69792U 26152A   26208.33434911  .00194679  00000-0  14668-2 0  9998
2 69792  20.5900 233.8098 0021486 158.8049 201.3291 15.70284677  3761
ONEWEB-0317
1 49103U 21075AE  26208.61759408 -.00000047  00000-0 -16671-3 0  9997
2 49103  87.8981 342.6329 0002583  99.8310 260.3110 13.12442234240495
GLOBALSTAR M080
1 38041U 11080B   26208.13904312 -.00000062  00000-0  23579-3 0  9995
2 38041  52.0045 257.3901 0000311  52.7043 325.3672 12.62257891673936
DUBAISAT 2
1 39419U 13066D   26208.48509553  .00004960  00000-0  30503-3 0  9992
2 39419  97.4588 197.5862 0008987 251.5445 108.4808 15.10451489692470
ONEWEB-0557
1 56058U 23043N   26208.11991693  .00000020  00000-0  19544-4 0  9992
2 56058  87.9081 220.8486 0000803  78.2175 281.9046 13.16594562164216
EAGLET 1
1 43790U 18099AJ  26208.59194552  .00004050  00000-0  23137-3 0  9996
2 43790  97.4212 257.1915 0010584 197.0260 163.0618 15.13215458418444
ONEWEB-0259
1 48977U 21060L   26208.45240795 -.00000029  00000-0 -11005-3 0  9991
2 48977  87.9078 220.7830 0002256  90.8823 269.2566 13.16594474244924
ONEWEB-0521
1 54139U 22138AC  26208.19427238  .00000059  00000-0  11515-3 0  9992
2 54139  87.9191 296.9928 0001806  99.3749 260.7588 13.19724367182044
COSMOS 980
1 10587U 78005E   26208.62457557 -.00000020  00000-0 -28552-4 0  9990
2 10587  74.0342 324.2891 0008247 340.0101  32.4945 12.48949197207800
OPS 6226
1 07816U 75043A   26208.14928067  .00000224  00000-0  11163-3 0  9999
2 07816  98.6071  53.4657 0052914  63.1267 297.5308 14.25273407365532
KUIPER-00046
1 64506U 25134G   26208.33867828  .00004057  00000-0  56079-3 0  9995
2 64506  51.8992 345.5011 0000619  89.1269 270.9764 14.79942467 60618
AC1-002
1 66745U 25276CH  26208.16004721  .00002436  00000-0  12107-3 0  9998
2 66745  97.4182 280.7421 0002052 163.7250 196.4050 15.18590001 36473
ONEWEB-0703
1 56724U 23068Q   26208.87285097  .00000192  00000-0  47614-3 0  9994
2 56724  87.8972 251.0948 0002208 120.8183 239.3165 13.15547950154606
PIAST-S2
1 66757U 25276CV  26208.19019715  .00005517  00000-0  25267-3 0  9997
2 66757  97.4200 281.3629 0002711 133.7831 226.3630 15.20892836 36514
ONEWEB-0713
1 55175U 23004AM  26208.40256654 -.00000443  00000-0 -12851-2 0  9994
2 55175  87.8898  13.0613 0001530  81.7039 278.4263 13.11416012171094
AISSAT 4
1 68454U 26067AQ  26208.32224270  .00006316  00000-0  31175-3 0  9994
2 68454  97.4589 166.1609 0003328 295.9546  64.1345 15.18239510 18025
LEMUR-2-FINNIAN
1 66782U 25276DX  26208.82411415  .00003508  00000-0  28129-3 0  9996
2 66782  97.5360 278.5577 0006906 308.4715  51.5889 15.00722426 26093
ONEWEB-0123
1 47269U 20100M   26208.38379690  .00000033  00000-0  55196-4 0  9990
2 47269  87.8975 342.6765 0001791  95.8881 264.2451 13.12442312269963
SEEDS
1 32791U 08021J   26208.46376188  .00019405  00000-0  59062-3 0  9998
2 32791  97.7534 208.3275 0004253 134.5523 225.6067 15.34046988993460
KUIPER-00512
1 68889U 26095AB  26208.88855965  .00004020  00000-0  55597-3 0  9993
2 68889  51.9009  68.1819 0000711 112.6136 247.4902 14.79938569 13673
COSMOS 2154
1 21666U 91059A   26208.15456525  .00000052  00000-0  39219-4 0  9991
2 21666  82.9046  79.7070 0026374 100.8073  12.9841 13.73541739750328
HULIANWANG DIGUI-155
1 68129U 26047A   26208.52526961 -.00000065  00000-0  12648-3 0  9995
2 68129  50.0028 271.7109 0001082 244.7241 115.3519 13.29326510 18438
COSMOS 1635
1 15617U 85023A   26208.39045439  .00000007  00000-0  15738-3 0  9997
2 15617  74.0526 204.5120 0023772  98.7896 330.5120 12.43258443876717
USA 119
1 23893U 96029A   26208.66761885  .00002523  00000-0  40766-3 0  9994
2 23893  63.3185  86.1462 0853359  49.8249 317.4380 13.46394058110729
COSMOS 2218
1 22207U 92073A   26208.23643527  .00000045  00000-0  32091-4 0  9992
2 22207  82.9214 105.8997 0031198 249.0057 229.8694 13.73096010690431
RASSVET-3 5
1 68364U 26061E   26208.59682777  .00002321  00000-0  11250-3 0  9991
2 68364  82.2983 333.7687 0002063 139.0982 221.0407 15.18076244 19522
TIANMU-1 05
1 55975U 23039C   26208.50305132  .00016525  00000-0  31471-3 0  9993
2 55975  97.5223  23.6879 0001975  11.0738 349.0556 15.48280073187059
GEESAT 6-10
1 65722U 25214L   26208.21080882  .00001767  00000-0  23986-3 0  9995
2 65722  49.9899 123.2748 0011872  27.0461 333.1093 14.83484136 45449
HULIANWANG DIGUI-88
1 65996U 25231B   26208.54486872 -.00000099  00000-0  52903-4 0  9992
2 65996  49.9999  31.1301 0000385  18.8635 341.2251 13.29324195 38257
QIANFAN-133
1 69079U 26104G   26208.52445186  .00000013  00000-0  15305-5 0  9990
2 69079  88.9910 337.3490 0008961 332.0706  27.9966 13.56248527 10599
DB-BECON-2-VU
1 68468U 26067BE  26208.86170896  .00009523  00000-0  46715-3 0  9991
2 68468  97.4562 166.6299 0004383 280.8142  79.2598 15.18312322 18107
IRIDIUM 179
1 56730U 23068W   26208.46587905  .00000526  00000-0  66120-4 0  9994
2 56730  86.6778  17.6241 0002427  94.1798 265.9701 14.80034223172321
NEXTSAT-2
1 56743U 23072A   26208.50836240  .00007772  00000-0  28484-3 0  9997
2 56743  97.5233  45.8762 0004511 224.3301 135.7577 15.28275611175752
DB-WALI-WMU
1 68443U 26067AD  26208.33041317  .00004755  00000-0  23757-3 0  9994
2 68443  97.4570 166.1116 0002820 308.4830  51.6151 15.17938439 18029
ICEYE-X72
1 68504U 26067CS  26208.86623255  .00003313  00000-0  28285-3 0  9997
2 68504  97.7625 166.7598 0001426 174.3391 185.7848 14.98373861 17801
KUIPER-00250
1 67155U 25301Y   26208.20398619  .00003045  00000-0  42798-3 0  9996
2 67155  51.8974 173.6613 0000654  64.1989 295.9041 14.79960797 34353
IOD2_STARTICAL
1 64538U 25135L   26208.26016325  .00004380  00000-0  20267-3 0  9990
2 64538  97.4731 322.5042 0005607  52.1626 308.0116 15.20650591 60916
SENTINEL-6B
1 66514U 25264A   26208.91954207 -.00000042  00000-0  83069-4 0  9993
2 66514  66.0411  50.5765 0007805 268.1208  91.8913 12.80930376 32383
KUIPER-00478
1 68875U 26095M   26208.50002315  .00031010  00000-0  44259-2 0  9991
2 68875  51.8993  54.8492 0000502   8.3582 201.8081 14.76456992  5868
ONEWEB-0140
1 47286U 20100AE  26208.60404352  .00000361  00000-0  96712-3 0  9990
2 47286  87.8988 342.6110 0001847 103.7622 256.3713 13.12442571269997
ONEWEB-0233
1 48795U 21045AE  26208.48132408  .00000150  00000-0  36335-3 0  9992
2 48795  87.8971 251.2042 0002325  99.5631 260.5762 13.15547313249596
RE
1 38765U 12048H   26208.98331244  .00011001  00000-0  44872-3 0  9997
2 38765  64.6561  49.9169 0086050 163.0554 197.3479 15.21454964121601
HAIYANG 4A
1 61936U 24208A   26208.53453909  .00000514  00000-0  87208-4 0  9996
2 61936  98.0049 215.7403 0002111  70.6109 289.5327 14.73292589 91384
SDS-1
1 33497U 09002F   26208.66511522  .00000648  00000-0  10511-3 0  9992
2 33497  98.1865 108.3075 0002712 126.8393 233.3064 14.74565374939528
ONEWEB-0694
1 56722U 23068N   26208.48883111  .00000136  00000-0  32139-3 0  9994
2 56722  87.9091 220.7562 0002020  78.3244 281.8113 13.16593648157074
ZHUHAI-1 03B
1 44536U 19060C   26208.52623728  .00031966  00000-0  45414-3 0  9997
2 44536  97.5560   8.5478 0008963 162.4877 197.6688 15.56304654382590
FLOCK 4H 1
1 66704U 25276AQ  26208.44914920  .00006478  00000-0  29538-3 0  9991
2 66704  97.4167 281.5049 0002991 144.6058 215.5377 15.20977099 36555
GAOFEN 9 04
1 46025U 20054A   26208.49245876  .00014076  00000-0  37669-3 0  9993
2 46025  97.2416 276.9167 0008546 311.5580  48.4932 15.38110832332552
NOAA 14
1 23455U 94089A   26208.51094977  .00000041  00000-0  43063-4 0  9994
2 23455  98.5156 176.2339 0008945 335.0909  24.9833 14.14679114628903
ONEWEB-0145
1 47291U 20100AK  26208.81920009  .00000480  00000-0  12980-2 0  9997
2 47291  87.8980 342.5917 0001925  95.9983 264.1365 13.12444069270095
ONEWEB-0047
1 45152U 20008X   26208.46569314 -.00000234  00000-0 -70704-3 0  9995
2 45152  87.8835  28.2407 0001957  93.5635 266.5716 13.10375790313471
ONEWEB-0110
1 47260U 20100C   26208.65147969 -.00000014  00000-0 -74697-4 0  9991
2 47260  87.8989 342.6017 0001959 106.1544 253.9800 13.12444833270030
ONEWEB-0348
1 49213U 21083AD  26208.18883412  .00000089  00000-0  18625-3 0  9998
2 49213  87.9175 266.4697 0001815  82.9799 277.1541 13.20773108242093
HULIANWANG DIGUI-131
1 67239U 25311D   26208.62512565 -.00000105  00000-0  40941-4 0  9998
2 67239  50.0072 331.0511 0000892 118.4520 241.6442 13.29323749 28711
COSMOS 1252
1 12322U 81022C   26208.38066359 -.00000003  00000-0  82614-4 0  9990
2 12322  74.0287  80.4954 0034651 167.8472 304.2232 12.54811840 79190
KOSEN-1
1 49402U 21102H   26208.04680001  .00008110  00000-0  30435-3 0  9990
2 49402  97.3170 249.4378 0015125  70.6784 289.6090 15.27365220260107
GONETS M 12 (M22)
1 40553U 15020B   26208.47169177  .00000107  00000-0  70446-3 0  9997
2 40553  82.4906   7.0192 0014260 258.1355 101.8125 12.42892657513732
GEESAT 2-08
1 58912U 24023H   26208.52573140  .00002011  00000-0  26981-3 0  9994
2 58912  49.9875 166.3566 0003536 142.9471 217.1712 14.83375777134907
COSMOS 594
1  6851U 73069G   26208.51352637  .00000008  00000-0  14821-3 0  9992
2  6851  73.9977 223.8154 0068037 285.6978 241.5986 12.57651552424710
COSMOS 2126
1 21101U 91009B   26208.49891035  .00000001  00000-0  11888-3 0  9991
2 21101  74.0300  31.8247 0019106   2.8464 357.2690 12.46068326612736
COSMOS 1375
1 13259U 82055A   26208.21180956  .00000132  00000-0  18949-3 0  9990
2 13259  65.8327 303.9887 0018723 179.9143 180.1931 13.84970452219622
COSMOS 678
1 07436U 74072B   26208.23431549 -.00000013  00000-0  22423-4 0  9991
2 07436  74.0375 300.7114 0042171 309.7781  78.0837 12.41800412350570
LEMUR 2 NIMBUS2000
1 58899U 24022A   26208.14925463  .00023059  00000-0  54951-3 0  9997
2 58899  97.4071  58.6899 0007392 344.9369  15.1656 15.41564223138428
QIANFAN-20
1 61553U 24185B   26208.52295672  .00000334  00000-0  18492-3 0  9993
2 61553  88.9800  52.5041 0005588   7.5923 352.5344 14.09042322101425
ORBCOMM FM 23
1 25477U 98053C   26208.24339149  .00000813  00000-0  30961-3 0  9997
2 25477  45.0073 151.1908 0001770  28.7040 331.3906 14.38520077455700
DMC 3-FM3
1 40717U 15032C   26208.52443288  .00000749  00000-0  92159-4 0  9994
2 40717  97.6521  75.4875 0003775 295.1618  64.9206 14.85774315595901
GAOFEN 12 04
1 57654U 23123A   26208.50353765  .00001021  00000-0  14245-3 0  9993
2 57654  97.9096 125.9146 0002748  22.8894 337.2440 14.79795161158592
HULIANWANG DIGUI-112
1 66922U 25285H   26208.41370330 -.00000108  00000-0  34604-4 0  9997
2 66922  50.0104   1.5029 0000876  78.7277 281.3694 13.29326147 31413
SKYSAT C11
1 42987U 17068A   26208.88149347  .00031853  00000-0  39527-3 0  9993
2 42987  97.4385 359.5579 0001514 142.1407 217.9956 15.59970081489589
IRIDIUM 147
1 43480U 18047E   26208.15530443  .00000039  00000-0  68658-5 0  9992
2 43480  86.3925  71.6204 0002299  86.5729 273.5730 14.34217595428218
COSMOS 1302
1 12791U 81084A   26208.60065413  .00000121  00000-0  51433-4 0  9998
2 12791  74.0275 157.0384 0019416 300.4193  59.5041 14.35066039348529
LEO 3
1 57392U 23100G   26208.61963114 -.00000048  00000-0 -38861-5 0  9996
2 57392  99.5683 332.5725 0017326 271.4864  88.4296 13.68420851151176
COSMOS 978
1 10585U 78005C   26208.44316347 -.00000002  00000-0  87027-4 0  9990
2 10585  74.0310  26.9940 0028822 167.6834 214.5694 12.55701843214311
SERVIS 2
1 36588U 10023A   26208.42189222 -.00000005  00000-0  10351-3 0  9993
2 36588 100.4285  35.5422 0017306 180.9471 196.9481 13.16055610776062
ICEYE-X37
1 59102U 24043E   26208.37185637  .00003882  00000-0  26762-3 0  9995
2 59102  97.8358 346.0212 0014003 228.3534 131.6494 15.06370447131136
ONEWEB-0015
1 61594U 24188A   26208.36527096  .00000496  00000-0  13629-2 0  9996
2 61594  87.8894  13.0921 0001253  87.2270 272.9001 13.11418944 89727
COSMOS 2535
1 44421U 19039A   26208.51650527  .00000967  00000-0  10056-3 0  9993
2 44421  97.5757 235.1350 0009895  80.8577 279.3762 14.92017326382657
GEESAT 2-05
1 58909U 24023E   26208.51114603  .00001709  00000-0  23363-3 0  9998
2 58909  50.0042 167.5989 0011015 220.0213 139.9914 14.83339604134901
STRIX 2
1 62406U 24248A   26208.51973056  .00005312  00000-0  33647-3 0  9999
2 62406  97.6302 163.9411 0014805 189.8173 170.2769 15.09302907 87673
COSMOS 2573
1 58614U 23201A   26208.53661941  .00004052  00000-0  16481-3 0  9999
2 58614  97.6288 158.7429 0000866 123.3395 236.7925 15.25129348144630
YINHE-1
1 45024U 20004A   26208.52348990  .00000684  00000-0  88631-4 0  9997
2 45024  86.3931  97.4078 0011632 211.4526 148.6001 14.79178298351887
COSMOS 1320
1 12975U 81116A   26208.40536530 -.00000010  00000-0  42210-4 0  9990
2 12975  73.9840   8.6942 0096857 218.6928 165.6932 12.28045764  2112
COSMOS 1359
1 13162U 82040C   26208.64058990 -.00000020  00000-0 -23096-4 0  9994
2 13162  74.0105 178.0441 0031700 266.4353 266.6691 12.52042672 22648
GOKTURK-1A
1 41875U 16073A   26208.53532159 -.00000019  00000-0  53455-5 0  9991
2 41875  98.1202 102.5675 0001430  82.5599 277.5765 14.62799210514720
ONEWEB-0550
1 56052U 23043G   26208.12078190  .00000046  00000-0  79080-4 0  9994
2 56052  87.9226 236.0292 0001946 100.0288 260.1065 13.21827735163501
YAOGAN-39 04B
1 58143U 23163C   26208.12966833  .00005894  00000-0  29858-3 0  9993
2 58143  34.9934 119.7653 0010004 211.2704 148.7414 15.16295805153380
OSCAR 14 (UOSAT 3)
1 20437U 90005B   26208.12915660  .00000100  00000-0  52817-4 0  9996
2 20437  98.8007 258.0545 0011098 142.1135 237.1409 14.33276553907310
ONEWEB-0373
1 49299U 21090W   26208.18715194  .00000047  00000-0  83397-4 0  9994
2 49299  87.9174 266.4702 0001990  94.6699 265.4661 13.20770722236305
FORMOSAT7-2/COSMIC2-2
1 44351U 19036N   26208.22967328  .00002491  00000-0  18728-3 0  9998
2 44351  23.9971 238.8341 0000308 326.1972  33.8509 14.96649074389592
KINEIS-1B
1 60079U 24114A   26208.53166281  .00000987  00000-0  13526-3 0  9998
2 60079  97.9830 232.5245 0001954   6.5783 353.5454 14.80685019113377
GLOBALSTAR M088
1 37740U 11033B   26208.27551399 -.00000120  00000-0 -89183-4 0  9996
2 37740  52.0200 156.9619 0000301  37.7245 110.0796 12.62269561693553
YAOGAN-31 B
1 43276U 18034B   26208.49655407 -.00000093  00000-0 -28505-5 0  9995
2 43276  63.3963 347.5655 0278549   7.5715 352.9386 13.45459012407640
QIANFAN-1
1 60379U 24140A   26208.54805207  .00000095  00000-0  12795-3 0  9996
2 60379  88.9723 275.7456 0015179 280.0219  79.9220 13.51022017 97978
JILIN-01-07
1 43159U 18008E   26208.50906477  .00008679  00000-0  25497-3 0  9995
2 43159  97.1766 227.3777 0006191 270.9073  89.1462 15.35339851471184
KAZSTSAT
1 43783U 18099AB  26208.32461592  .00000434  00000-0  39451-4 0  9999
2 43783  97.4289 238.4460 0007423 288.8723  71.1696 14.99965904417320
RUBIN 9.1/RUBIN 9.2/PSLV
1 35936U 09051F   26208.71906212  .00000194  00000-0  69309-4 0  9992
2 35936  98.3043 130.9066 0052359 298.4606  61.1316 14.43577094886384
RADIO 4
1 13000U 81120D   26208.07955410  .00000050  00000-0  46360-3 0  9992
2 13000  82.9598  38.6555 0018696  89.7698  38.0746 12.06925581964967
YAOGAN-31 A
1 43275U 18034A   26208.49523488 -.00000142  00000-0 -68665-4 0  9992
2 43275  63.3960 347.5608 0278537   7.6189 352.8938 13.45463287407525
JILIN-01-08
1 43160U 18008F   26208.47331767  .00006538  00000-0  20021-3 0  9997
2 43160  97.1804 226.6123 0004173 296.1566  63.9248 15.34132595471122
ORSTED
1 25635U 99008B   26208.22445298  .00000700  00000-0  16179-3 0  9995
2 25635  96.4787 106.6379 0133332  58.6656 302.7515 14.51845511447774
ICEYE-X73
1 68496U 26067CJ  26208.86708078  .00002471  00000-0  24676-3 0  9998
2 68496  97.7626 166.5808 0002470 128.6578 231.4863 14.92401911 17799
ONEWEB-0375
1 49301U 21090Y   26208.17536806  .00000038  00000-0  62705-4 0  9998
2 49301  87.9172 266.4648 0001461  92.8245 267.3056 13.20771040235803
ONEWEB-0289
1 49079U 21075E   26208.37569711  .00000042  00000-0  73812-4 0  9992
2 49079  87.9167 357.8905 0002163  93.5069 266.6310 13.17648289239490
QIANFAN-187
1 69405U 26125E   26208.48798257  .00000041  00000-0  29718-4 0  9994
2 69405  88.9951 275.9657 0023579  42.9827 317.3175 13.74679307  7365
MCUBED-2
1 39469U 13072H   26208.29609730  .00019461  00000-0  69577-3 0  9996
2 39469 120.4879 147.0399 0148310  61.1204 300.4663 15.19174431123923
QIANFAN-3
1 60381U 24140C   26208.51109973  .00000100  00000-0  13583-3 0  9996
2 60381  88.9701 275.6734 0011642 262.1026  97.8804 13.51018925 97939
MOZ.5/SAFIR/RUBIN 5/SL-8
1 28898U 05043G   26208.01259054  .00000642  00000-0  13063-3 0  9999
2 28898  98.3588 353.0257 0017727 212.7559 147.2545 14.64432410729081
COSMOS 2366
1 25892U 99045A   26208.18731212  .00000052  00000-0  38731-4 0  9999
2 25892  82.9284  94.5551 0030286 245.9689 228.3209 13.74696513350449
YAOGAN 17C
1 39241U 13046C   26208.52952435 -.00000202  00000-0 -10659-3 0  9996
2 39241  63.3881 345.5959 0430440  11.7112 349.3550 13.45482139633807
YUNHAI 2-1E
1 43913U 18112E   26208.50146066  .00000077  00000-0  93693-4 0  9997
2 43913  50.0085 355.6028 0005310 146.9063 213.2185 14.29025168394924
HULIANWANG DIGUI-162
1 68136U 26047H   26208.54221618 -.00000062  00000-0  13374-3 0  9990
2 68136  50.0060 271.1811 0001034 248.5835 111.4927 13.29325036 18436
HONGYAN 1
1 43914U 18112F   26208.91774959 -.00000185  00000-0 -95874-4 0  9996
2 43914  50.0081  87.1997 0006730  21.4073 338.7086 13.43821959372014
LIDE
1 64869U 25154A   26208.56618711  .00003660  00000-0  34326-3 0  9999
2 64869  97.6701 271.4840 0006724  97.9207 262.2777 14.94594079 55032
KUIPER-00434
1 68938U 26098V   26208.50002315 -.00007725  00000-0 -10183-2 0  9991
2 68938  51.8966 240.0799 0002700 288.5929 346.1324 14.78560625  5264
ONEWEB-0661
1 55821U 23029AB  26208.19950632  .00000240  00000-0  61202-3 0  9990
2 55821  87.8949 281.7673 0001944 107.9832 252.1510 13.14502977164646
HULIANWANG DIGUI-76
1 65308U 25187D   26208.53398360 -.00000092  00000-0  68534-4 0  9992
2 65308  50.0015  61.2889 0000162 113.3128 246.7761 13.29324358 45065
VIREON-1
1 68434U 26067U   26208.31406973  .00003024  00000-0  14834-3 0  9999
2 68434  97.4611 166.3347 0002180 133.3301 226.8115 15.18866072 18031
COSMOS 2549
1 47546U 21008A   26208.83849685 -.00000284  00000-0 -14935-3 0  9997
2 47546  67.1456 246.2098 0006315 270.4743  89.5618 13.97090823279513
ONEWEB-0409
1 50488U 21132V   26208.38561652  .00000256  00000-0  68521-3 0  9996
2 50488  87.8902  13.0533 0001721  82.8653 277.2670 13.11415862220859
KUIPER-00213
1 67777U 26030P   26208.31148722  .00004035  00000-0  55703-3 0  9996
2 67777  51.8966 308.2688 0000255 121.8642 238.2345 14.79999850 25951
KUIPER-00244
1 68583U 26072L   26208.45488078  .00004039  00000-0  55839-3 0  9998
2 68583  51.9007   2.5960 0001105 151.3561 208.7462 14.79946838 17292
IRIDIUM 167
1 43931U 19002K   26208.62072804 -.00000090  00000-0 -39305-4 0  9994
2 43931  86.4003 336.6941 0002330  98.3252 261.8208 14.34217221394754
HUNITY-1
1 66670U 25276E   26208.20478637  .00030169  00000-0  10723-2 0  9996
2 66670  97.4059 282.1307 0006231 211.7799 148.3065 15.28936763 36592
KUIPER-00094
1 64839U 25151Z   26208.43464556  .00004117  00000-0  56857-3 0  9996
2 64839  51.9048 350.2191 0000824 127.6210 232.4827 14.79940526 56739
ICEYE-X62
1 66755U 25276CT  26208.15188970  .00006531  00000-0  40280-3 0  9990
2 66755  97.4188 279.1079 0001877 189.2515 170.8680 15.10256134 36363
GRUS-3ALPHA
1 64579U 25135BD  26208.56605969  .00001173  00000-0  11765-3 0  9996
2 64579  97.7798 322.3801 0002373 190.4884 169.6286 14.93217115 59903
YUNHAI 2-1A
1 43909U 18112A   26208.52268883  .00000222  00000-0  15040-3 0  9997
2 43909  50.0084 232.9871 0000329 252.1843 107.9036 14.29035879396850
HULIANWANG DIGUI-72
1 65232U 25178E   26208.51859426  .00000027  00000-0  27995-4 0  9994
2 65232  86.5003 359.8860 0001883  90.3567 269.7783 13.24411187 45655
ANDESITE
1 45726U 20037D   26208.50571418  .00002384  00000-0  16841-3 0  9995
2 45726  97.7838  41.8149 0009839  40.8575 319.3387 15.05871553331734
ASTROSAT
1 40930U 15052A   26208.52193737  .00001727  00000-0  12806-3 0  9991
2 40930   5.9957 225.0135 0008410 253.0294 106.8911 14.82570844585826
OPS 8737
1 14690U 84012A   26208.46257006  .00012236  00000-0  88861-3 0  9991
2 14690  63.3000  25.2746 0615144 125.9398 240.0361 14.15841025113662
SDA_1673
1 65983U 25230K   26208.63770276  .00000109  00000-0  89702-4 0  9999
2 65983  81.3016 174.3292 0001637  98.6063 261.5278 13.82263389 39401
GEN1A-2
1 69005U 26100AB  26208.70058339  .00003299  00000-0  15389-3 0  9994
2 69005  97.3988 105.7678 0003711 220.4730 139.6230 15.20547251 12975
SHIYAN 27F
1 63604U 25078F   26208.50745582  .00000028  00000-0  10187-3 0  9995
2 63604  99.6922 215.1177 0001001  81.9727 278.1525 13.57245177 63009
ONEWEB-0155
1 48057U 21025R   26208.20618888  .00000346  00000-0  91380-3 0  9990
2 48057  87.8988 312.2598 0001941  97.1496 262.9854 13.13468593258931
ONEWEB-0594
1 54660U 22166U   26208.47405132  .00000042  00000-0  71206-4 0  9998
2 54660  87.9223 235.9722 0002213  95.1162 265.0224 13.21825203176884
CONNECTA IOT-6
1 62709U 25009DE  26208.17288719  .00001427  00000-0  13817-3 0  9998
2 62709  97.7016 285.7800 0002185  50.2644 309.8769 14.94288433 83338
KINEIS-2C
1 62929U 25028B   26208.59178796  .00001653  00000-0  26257-3 0  9995
2 62929  98.1223 263.0271 0004950 128.4259 231.7393 14.73460467 78561
ONEWEB-0160
1 48060U 21025U   26208.20788718  .00000319  00000-0  83923-3 0  9998
2 48060  87.8980 312.2639 0001816 121.9832 238.1473 13.13470220258813
GLOBALSTAR M093
1 39073U 13005B   26208.12408124 -.00000109  00000-0 -27619-4 0  9992
2 39073  52.0101 115.1267 0000906  62.2434 297.8525 12.62266460621903
PIESAT-2 10
1 62334U 24241B   26208.54064053  .00009338  00000-0  50643-3 0  9990
2 62334  97.5346 156.2095 0001984  95.7695 264.3763 15.14787762 88910
QIANFAN-88
1 63174U 25046R   26208.54721762  .00000141  00000-0  20008-3 0  9999
2 63174  88.9721 296.3207 0012114 188.5622 171.5324 13.51020370 78132
AETHER-8
1 67379U 26004S   26208.46653452  .00000710  00000-0  86804-4 0  9995
2 67379  97.8035 206.2471 0003064  66.3820 293.7717 14.86281165 29263
SOYUZ MS-28
1 66664U 25275A   26208.37844919  .00011554  00000-0  21591-3 0  9999
2 66664  51.6322 101.1989 0007008 342.7043  17.3706 15.49203967577566
COSMOS 566
1  6677U 73037C   26208.34365925 -.00000014  00000-0  12147-4 0  9996
2  6677  74.0172 180.8305 0030954  53.2817  17.5338 12.51705156427497
ONEWEB-0599
1 55155U 23004R   26208.87856495  .00000028  00000-0  38361-4 0  9995
2 55155  87.9165 357.7698 0001940 101.0310 259.1039 13.17648261172844
COSMOS 1642
1 15624U 85023H   26208.13015987  .00000004  00000-0  11905-3 0  9991
2 15624  74.0543  73.8095 0050695 128.4998 352.5158 12.56394026896483
ONEWEB-0439
1 51635U 22012P   26208.42344137  .00000505  00000-0  14093-2 0  9992
2 51635  87.8819  28.2479 0001633  90.0326 270.0989 13.10372875214591
COSMOS 622
1  6990U 73104F   26208.38744426 -.00000005  00000-0  66314-4 0  9995
2  6990  74.0269 197.9496 0074551 257.8753 172.7111 12.59122146417698
ONEWEB-0570
1 55149U 23004K   26208.26711869 -.00000252  00000-0 -67258-3 0  9993
2 55149  87.9194 327.4976 0001590  86.3141 273.8173 13.18684485174977
TIANQI 21
1 57792U 23135A   26208.50666663 -.00000011  00000-0  65236-4 0  9999
2 57792  49.9734 342.6690 0013164  39.0075 321.1784 14.23139119150373
COSMOS 2250
1 22651U 93030F   26208.73086086  .00000018  00000-0  40640-4 0  9994
2 22651  82.5853 295.3618 0009478 189.6637 338.6716 12.63099253531138
COSMOS 1478
1 14176U 83069F   26208.65772487 -.00000022  00000-0 -38984-4 0  9991
2 14176  74.0284 346.0824 0011670 106.7413 264.7260 12.48264192962193
AAC-AIS-SAT-1
1 55107U 23001DC  26208.47080794  .00004937  00000-0  48689-3 0  9992
2 55107  97.9186 285.4561 0010470 141.4130 218.7839 14.92434035184294
COSMOS 2082
1 20624U 90046A   26208.09118259 -.00000230  00000-0 -94270-4 0  9999
2 20624  71.0398  88.6320 0015363 343.0742  16.9867 14.14847899867342
QIANFAN-235
1 69864U 26155S   26208.56626463  .00000262  00000-0  10181-3 0  9992
2 69864  89.0056  59.5354 0031722 181.7569 178.3519 14.26769008  3141
OPS 5268 (DMSP 5A F3)
1  4953U 71012A   26208.23321271  .00000223  00000-0  80501-4 0  9996
2  4953  98.4769  77.6192 0036344 307.9730  51.8178 14.42192172904553
GNOMES-3
1 52158U 22033B   26208.52787257  .00002105  00000-0  25157-3 0  9993
2 52158  97.8217 284.1155 0010902 183.4549 176.6592 14.85216256233328
COSMOS 1753
1 16763U 86042F   26208.72399338 -.00000013  00000-0  18488-4 0  9993
2 16763  74.0204 307.9260 0009825 178.1709 336.2630 12.48905631830144
COSMOS 2198
1 22035U 92042B   26208.11280535  .00000030  00000-0  11007-3 0  9997
2 22035  82.5937 229.0539 0005580 213.6095 146.4643 12.62674915568451
OPS 6553
1 13172U 82041C   26208.24696877  .00005004  00000-0  34040-3 0  9999
2 13172  96.0110 313.4841 0010549 139.6069 220.5947 15.06579196121697
YAOGAN-35 02B
1 52908U 22068B   26208.19873139  .00110505  00000-0  99262-3 0  9994
2 52908  34.9928 150.4501 0005375 256.2237 103.7893 15.66910940228963
COSMOS 945
1 10291U 77079G   26208.50164656 -.00000000  00000-0  10506-3 0  9990
2 10291  74.0245  30.8297 0018242 199.3656 189.6698 12.47250209206155
LATINSAT B
1 27606U 02058B   26208.37473196  .00000536  00000-0  91398-4 0  9992
2 27606  64.5544 127.5242 0087003 262.1314  96.9907 14.77070043268033
FENGYUN 1C
1 25730U 99025A   26208.12809874  .00000828  00000-0  35816-3 0  9993
2 25730  98.8636 282.1809 0013807 141.0669 219.1508 14.27105906403654
COSMOS 343
1 04390U 70036H   26208.40523112 -.00000011  00000-0  33408-4 0  9993
2 04390  74.0304   5.7479 0060209 297.0759  88.2846 12.60463314588168
IRIDIUM 44
1 25078U 97077B   26208.54233249  .00000361  00000-0  10699-3 0  9990
2 25078  86.3916  50.1269 0003734 110.0644 250.0958 14.40594043502058
SNAP-3 EDDIE
1 40972U 15058J   26208.31857263  .00208712  00000-0  14925-2 0  9997
2 40972  64.7402 314.5420 0029185 343.5934  16.4270 15.72295512125313
KITSAT 3
1 25756U 99029A   26208.83117109  .00000240  00000-0  65839-4 0  9993
2 25756  98.6158 245.7201 0014110 134.7376 225.4972 14.55820172440940
YAOGAN-43 O1A
1 60458U 24148A   26208.46011782  .00014690  00000-0  39809-3 0  9991
2 60458  35.0038 240.2311 0005583 223.4259 136.6020 15.36771690108647
COSMOS 1019
1 10936U 78056G   26208.63652911 -.00000022  00000-0 -35670-4 0  9997
2 10936  74.0256 176.8965 0041499 243.8345 292.1382 12.52162067200295
UHETSAT
1 58466U 23185E   26208.50434574  .00007366  00000-0  24261-3 0  9998
2 58466  97.3463 275.6158 0013510 160.6897 199.4859 15.31688344147464
METEOR 2-5
1 11605U 79095A   26208.36140493  .00000129  00000-0  69069-4 0  9997
2 11605  81.2095 192.2805 0014647 151.4304 208.7671 14.07480359398953
QIANFAN-238
1 69867U 26155V   26208.56618052  .00000284  00000-0  11070-3 0  9992
2 69867  89.0056  59.5353 0031749 181.5098 178.6006 14.26742060  3140
COSMOS 767
1 08291U 75086G   26208.74793410 -.00000015  00000-0  45585-5 0  9998
2 08291  74.0120 309.1193 0019523  65.3054  88.0133 12.48525994318032
FLOCK 4BE 9
1 60514U 24149AY  26208.46987350  .00016477  00000-0  38850-3 0  9998
2 60514  97.3789 293.1621 0004383 139.9563 220.2008 15.41971573108522
XIWANG-1 (HOPE-1)
1 36122U 09072B   26208.52340758  .00000205  00000-0  65323-3 0  9993
2 36122 100.4040 161.7152 0007908 137.5766 222.5959 13.16441548798316
ORBCOMM FM 27
1 25481U 98053G   26208.17166061  .00000975  00000-0  35734-3 0  9997
2 25481  45.0043 145.4293 0001663 339.5472  20.5310 14.39204480455993
TEN-KOH
1 43677U 18084G   26208.80045281  .00002225  00000-0  16981-3 0  9993
2 43677  98.0767  42.8769 0009001 354.9589   5.1543 15.03096649422262
3CAT-5/B (TYVAK-0162)
1 46293U 20061X   26208.16965551  .00019795  00000-0  37003-3 0  9996
2 46293  97.2374 272.1055 0001437  42.9992 317.1371 15.48772920327246
PRSS 1
1 43530U 18056B   26208.49744653  .00001306  00000-0  17089-3 0  9993
2 43530  97.7807 275.2473 0001385  95.3402 264.7969 14.82046880434404
HAIYANG 2B
1 43655U 18081A   26208.49453413  .00000143  00000-0  18187-3 0  9998
2 43655  99.3298 216.6435 0001374 131.9035 228.2234 13.79308545390481
ONEWEB-0261
1 48979U 21060N   26208.48962241  .00000108  00000-0  24858-3 0  9999
2 48979  87.9078 220.7767 0002194  99.0121 261.1258 13.16594424244966
SCD 1
1 22490U 93009B   26208.59718137  .00000448  00000-0  71330-4 0  9991
2 22490  24.9707 318.0684 0041739 205.4483 177.3789 14.46133390766979
KUIPER-00608
1 69291U 26118AA  26208.50002315  .00009490  00000-0  31226-3 0  9998
2 69291  51.8577 219.4169 0010465 347.8243 184.9891 15.32148371  5797
COSMOS 337
1 04384U 70036B   26208.38718995 -.00000014  00000-0  12996-4 0  9990
2 04384  74.0308   3.9557 0053759 243.9666 139.5841 12.39254761544719
OPS 8781
1 10502U 77112A   26208.42039132  .00001660  00000-0  39656-3 0  9993
2 10502  63.3329 344.7167 0462690 163.1566 198.5460 14.07470531113733
COSMOS 1995
1 19786U 89009B   26208.44004444  .00000026  00000-0  85372-4 0  9996
2 19786  82.6247   3.2252 0003813  46.5233 341.7257 12.62236839725425
COSMOS 2486
1 39177U 13028A   26208.55390485  .00000164  00000-0  47020-4 0  9996
2 39177  98.0164 174.3885 0009487 248.6255 111.3931 14.56209505697258
AEROCUBE 5C
1 40965U 15058B   26208.19902559  .00004111  00000-0  35856-3 0  9998
2 40965  64.7674 138.0971 0133203  47.8892 313.3452 14.91652510371623
GONETS M 07
1 39251U 13048C   26208.48654045 -.00000100  00000-0 -79585-3 0  9990
2 39251  82.4924 321.2032 0018480 125.5051 234.7756 12.42915309583842
COSMOS 2239
1 22590U 93020A   26208.21815819  .00000050  00000-0  35607-4 0  9995
2 22590  82.9318 111.0309 0022890 178.2550 336.4854 13.75637664672281
GLOBALSTAR M074
1 37189U 10054B   26208.37883963 -.00000106  00000-0 -14463-4 0  9994
2 37189  52.0041 345.5807 0000783 110.5629 267.9820 12.62262041728238
ONEWEB-0031
1 45431U 20020H   26208.01430211 -.00000353  00000-0 -10332-2 0  9995
2 45431  87.8889  13.1432 0001979  93.7612 266.3743 13.11416676307877
KUIPER-00095
1 65134U 25171C   26208.51140338  .00002570  00000-0  36599-3 0  9997
2 65134  51.8969 247.3299 0000334  60.3015 299.7981 14.79927910 53776
DOORY-SAT
1 58500U 23188A   26208.53097127  .00001455  00000-0  21336-3 0  9995
2 58500  46.9828  97.2679 0008663 231.8026 128.2088 14.80714378142977
YUNHAI 3
1 54235U 22151A   26208.49144737 -.00000009  00000-0  18523-4 0  9990
2 54235  98.8180 215.3279 0001637  44.7057 315.4248 14.13370053190631
HAWK-7B
1 56193U 23054R   26208.65866502  .00005713  00000-0  21342-3 0  9995
2 56193  97.2676  93.2444 0000168 217.7390 142.3838 15.27748538183206
DROID.002
1 63223U 25052P   26208.21443840  .00005658  00000-0  24266-3 0  9991
2 63223  97.3887 100.4413 0004336  23.8653 336.2784 15.23120154 75960
PARUS-6U1
1 68456U 26067AS  26208.86744747  .00005928  00000-0  29556-3 0  9999
2 68456  97.4574 166.6223 0003586 290.4938  69.5911 15.17911871 18102
ONEWEB-0281
1 48999U 21060AJ  26208.11674517  .00000065  00000-0  13672-3 0  9991
2 48999  87.9080 220.8401 0001884  91.6848 268.4499 13.16593271244883
VINDLER 2.2
1 68484U 26067BW  26208.34788159  .00001776  00000-0  18033-3 0  9993
2 68484  97.7681 166.8525 0001536 151.9601 208.1701 14.92082862 17763
KUIPER-00222
1 67782U 26030U   26208.58714835  .00003743  00000-0  51954-3 0  9994
2 67782  51.8984 302.1278 0000330  86.0639 274.0362 14.79946595 26065
PAKTES 1A
1 43529U 18056A   26208.51847884  .00003270  00000-0  27252-3 0  9999
2 43529  98.1310   6.7307 0018887 342.7148  17.3428 14.99256464437965
OSCAR 15 (UOSAT 4)
1 20438U 90005C   26208.15763212  .00000065  00000-0  41331-4 0  9993
2 20438  98.7816 265.2443 0008912 229.9822 188.5705 14.31727648905942
ONEWEB-0683
1 56719U 23068K   26208.51791251 -.00000045  00000-0 -15332-3 0  9994
2 56719  87.8981 251.1599 0002084  87.8907 272.2461 13.15548645154721
CENTISPACE-1 S3
1 53757U 22108A   26208.49458675  .00000244  00000-0  87104-4 0  9990
2 53757  53.5316 248.5805 0010803  92.5439 267.6773 14.61292257207420
QPS-SAR-9 SUSANOO-I
1 63205U 25050A   26208.51345944  .00004396  00000-0  33066-3 0  9994
2 63205  42.0180 239.3409 0003621  44.9492 315.1628 15.03483793 75031
ICEYE-X45
1 62705U 25009DA  26208.19864055  .00004195  00000-0  33481-3 0  9993
2 62705  97.8443 295.2238 0001054  83.3409 276.7935 15.00845316 83682
FLOCK 4G 12
1 62625U 25009S   26208.22213643  .00010997  00000-0  38116-3 0  9996
2 62625  97.4017 289.8897 0005218 152.1141 208.0380 15.29985341 85026
ONEWEB-0037
1 45440U 20020S   26208.44311549 -.00012659  00000-0 -35769-1 0  9996
2 45440  87.8915  13.0225 0001925  87.2454 272.8894 13.11483626307978
COSMOS 858
1 09443U 76098A   26208.12771295  .00000112  00000-0  48168-4 0  9997
2 09443  74.0485  85.0140 0014185 198.3682 161.6961 14.35138863604488
ALSAT 3A
1 67474U 26009A   26208.52343980  .00005477  00000-0  23413-3 0  9996
2 67474  97.4531 282.1231 0009239 336.5938  23.4877 15.23228450 29417
TISAT 1
1 36799U 10035E   26208.33992411  .00022900  00000-0  71590-3 0  9991
2 36799  98.0712 158.5008 0004902  99.2085 260.9710 15.33161311873859
KUIPER-00061
1 64521U 25134X   26208.62499103  .00002834  00000-0  40062-3 0  9997
2 64521  51.9003 329.3067 0001089 111.7764 248.3314 14.79927794 60856
KUIPER-00015
1 63731U 25088H   26208.42289422  .00000487  00000-0  92852-4 0  9993
2 63731  51.8980 220.2168 0000382  53.6451 306.4547 14.79926268 68390
PRAETORIAN SDA_602
1 65565U 25203A   26208.29237830  .00000094  00000-0  73619-4 0  9994
2 65565  81.3056 333.6402 0007160  90.0207 270.1770 13.83889710 44241
XSS 10
1 27664U 03005B   26208.13526330  .00001979  00000-0  17573-3 0  9996
2 27664  39.7449 223.5964 0146570  17.0586 343.5057 14.90492048268592
SDA_1675
1 65985U 25230M   26208.61764764  .00000173  00000-0  14298-3 0  9992
2 65985  81.2984 174.1998 0004135  60.0294 300.1273 13.84764776 39405
HULIANWANG DIGUI-35
1 64956U 25159A   26208.51860536  .00000061  00000-0  10838-3 0  9994
2 64956  86.4928 268.8051 0003757  42.5391 317.6034 13.24413791 48466
CORAL
1 67684U 98067YA  26208.66732201  .01433540  13639-2  16169-2 0  9995
2 67684  51.6062  75.9097 0010498 266.1275  93.8539 16.08812555 26793
TIANPING 3B-02
1 61616U 24189C   26208.51114706  .00002771  00000-0  22175-3 0  9994
2 61616  97.5173 227.4626 0002275  62.0805 298.0649 15.00976149 96498
QIANFAN-39
1 62240U 24232D   26208.51158713  .00000167  00000-0  64391-4 0  9997
2 62240  89.0073  11.4734 0018081  60.5571 299.7424 14.25534966133699
DMC 3-FM1
1 40715U 15032A   26208.54627652 -.00000219  00000-0 -19353-4 0  9992
2 40715  97.6419  72.1291 0004020 287.9059  72.1718 14.85776656595902
COSMOS 762
1  8286U 75086B   26208.41391727 -.00000005  00000-0  75448-4 0  9990
2  8286  74.0069 200.0668 0030285 282.5945 245.0658 12.50906605322402
COSMOS 1933
1 18958U 88020A   26208.68653977  .00004134  00000-0  19634-3 0  9996
2 18958  82.5137 112.3255 0005971  77.3748 282.8154 15.18960680 71479
FLOCK 4H 14
1 66717U 25276BD  26208.19051278  .00007148  00000-0  32065-3 0  9999
2 66717  97.4197 281.4865 0002424 126.7054 233.4405 15.21502698 35779
ONEWEB-0033
1 45142U 20008M   26208.44546471 -.00000511  00000-0 -14991-2 0  9994
2 45142  87.8816  28.2517 0002296  91.3416 268.7975 13.10370656313489
ONEWEB-0508
1 54126U 22138P   26208.22428762  .00000024  00000-0  27410-4 0  9999
2 54126  87.9184 297.0034 0002409 105.6106 254.5293 13.19726592182114
YUNHAI 1
1 41857U 16068A   26208.46504795  .00000359  00000-0  14790-3 0  9995
2 41857  98.5856 219.1005 0002443 304.2524  55.8428 14.32730330507593
NESS
1 58020U 23155E   26208.20778981  .00017611  00000-0  58279-3 0  9991
2 58020  97.5909 294.9071 0006683  69.6039 290.5919 15.31373595154618
WEINA 2
1 47303U 20103B   26208.52558037  .00000599  00000-0  12023-3 0  9990
2 47303  98.0489  96.8651 0003737  74.8759 285.2857 14.65100639297631
COSMOS 1269
1 12442U 81041A   26208.26524317  .00000106  00000-0  47989-4 0  9993
2 12442  74.0548 292.4611 0009155 156.2530 203.9046 14.33140532361729
VIZARD-ION
1 61749U 24199Q   26208.51402713  .00043954  00000-0  58742-3 0  9997
2 61749  97.2924  85.6371 0008333 116.8582 243.3527 15.57893584143841
LIZZIESAT-3 (LS-3)
1 63233U 25052Z   26208.66086615  .00005270  00000-0  23308-3 0  9990
2 63233  97.3867  99.7854 0006828  35.2997 324.8690 15.22095638 75960
ONEWEB-0711
1 55174U 23004AL  26208.38392171  .00000306  00000-0  82835-3 0  9991
2 55174  87.8893  13.0633 0001388  66.4769 293.6505 13.11415269171104
COSMOS 619
1 06987U 73104C   26208.30163638 -.00000025  00000-0 -55500-4 0  9991
2 06987  74.0285 169.4545 0041332 288.8036  70.8535 12.52234233404610
IRIDIUM 39
1 25042U 97069D   26208.48605798  .00000590  00000-0  14741-3 0  9993
2 25042  86.3879  37.2603 0018936  37.6993 322.5534 14.49806455507676
HULIANWANG DIGUI-103
1 66419U 25258H   26208.85245296 -.00000109  00000-0  32585-4 0  9995
2 66419  49.9995 149.4825 0000868 304.3740  55.7050 13.29327091 35141
COSMOS 2254
1 22689U 93038C   26208.37455542  .00000009  00000-0 -76119-5 0  9992
2 22689  82.5818 178.3238 0010901 212.9798 300.9834 12.64914438527218
ONEWEB-0622
1 55163U 23004Z   26208.91292245  .00000512  00000-0  14102-2 0  9999
2 55163  87.8903  12.9620 0001789  63.9134 296.2178 13.11415598171134
HULIANWANG DIGUI-03
1 62325U 24240C   26208.48460772  .00000005  00000-0 -21676-4 0  9998
2 62325  86.5013 329.5407 0002074 101.0269 259.1098 13.24410554 77978
OPS 7898 (P/L 1)
1 05678U 71110A   26208.20881466 -.00000022  00000-0  30171-4 0  9990
2 05678  69.9907 301.9859 0006425 150.4918 209.6540 13.74141906362281
COSMOS 590
1 06847U 73069C   26208.36633942 -.00000018  00000-0 -11522-4 0  9990
2 06847  73.9995 179.6846 0035049 296.4613 216.0513 12.51111074412099
SENTINEL-2C
1 60989U 24157A   26208.66207639  .00000106  00000-0  57095-4 0  9995
2 60989  98.5676 282.8677 0001122 109.7180 250.4124 14.30818565 98777
KINEIS-3C
1 61220U 24172A   26208.71360851  .00002066  00000-0  33455-3 0  9993
2 61220  98.0433 298.1827 0002191  62.1817 297.9612 14.72328512 99037
COSMOS 1023
1 10961U 78063A   26208.40911374  .00000131  00000-0  52383-4 0  9998
2 10961  74.0762  14.4525 0015939 164.9087 195.2546 14.37615586518718
CENTISPACE-1 S8
1 62577U 25007C   26208.47749233 -.00000085  00000-0  52316-4 0  9993
2 62577  54.9843 150.6876 0013195 193.9118 166.1477 13.80619213 80291
COSMOS 2341
1 24772U 97017A   26208.23886484  .00000049  00000-0  37297-4 0  9992
2 24772  82.9213  95.2868 0026159 148.2755 328.7914 13.71628953664568
3CAT-4
1 60236U 24128B   26208.50450282  .00001825  00000-0  15118-3 0  9993
2 60236  61.9914  85.2128 0037543 146.9761 213.3685 15.02333653112161
QIANFAN-41
1 62242U 24232F   26208.46948889  .00000067  00000-0  84731-4 0  9993
2 62242  89.0081  18.4162 0011988 253.7100 106.2733 13.51013132129869
COSMOS 531
1 06266U 72087D   26208.85268894  .00000007  00000-0  14349-3 0  9993
2 06266  74.0339  60.8151 0031301 222.0569 149.0420 12.54805743461373
SORAYA
1 58817U 24015A   26208.52791616  .00000079  00000-0  55843-4 0  9991
2 58817  64.5170 323.6911 0008991 277.6076  82.3988 14.42726560132596
GNOMES-4
1 58462U 23185A   26208.48586731  .00003586  00000-0  28503-3 0  9997
2 58462  97.4822 264.1665 0008756 176.3765 183.7524 15.01028954145331
COSMOS 586
1 06828U 73065A   26208.26414493  .00000039  00000-0  24517-4 0  9991
2 06828  82.9432 133.4764 0029044  89.3497  64.2673 13.75379713652402
QIANFAN-209
1 69808U 26153J   26208.49888997  .00000420  00000-0  19204-3 0  9993
2 69808  88.9934 357.6390 0008988 140.3965 219.7883 14.19695081  3294
HJS-4C
1 58693U 23212C   26208.52722648 -.00000080  00000-0  87002-4 0  9995
2 58693  49.9966 196.4306 0001158 240.4919 119.5843 13.41462908126670
ONEWEB-0374
1 49300U 21090X   26208.23279526 -.00000180  00000-0 -52069-3 0  9998
2 49300  87.8962 281.7201 0001435  98.1676 261.9616 13.14503154232824
COSMOS 2361
1 25590U 98076A   26208.37545448  .00000046  00000-0  33604-4 0  9999
2 25590  82.9352 176.4969 0031485 358.3566 164.5015 13.73240049382212
ESSA 7 (TOS-E)
1  3345U 68069A   26208.37769343 -.00000042  00000-0  12082-4 0  9998
2  3345 101.5627 173.5988 0027158  90.9901  75.6907 12.53011000650010
LEMUR 2 DEMBITZ
1 42842U 17042T   26208.29963012  .00016624  00000-0  54925-3 0  9991
2 42842  97.3829  29.6952 0005597 222.3943 137.6867 15.31439442494487
COSMOS 292
1 04070U 69070A   26208.23142192  .00000226  00000-0  58553-4 0  9995
2 04070  74.0457 229.3933 0009728 184.5612 175.5464 14.55473517 11954
COSMOS 828
1 08892U 76054D   26208.37141503 -.00000012  00000-0  23699-4 0  9998
2 08892  73.9990 186.2260 0036348 340.8604  90.9832 12.50988770288523
JILIN 1
1 40961U 15057D   26208.49295785  .00000887  00000-0  12864-3 0  9992
2 40961  97.6529 205.8632 0018154 128.7064 231.5774 14.78218267581563
COSMOS 1198
1 11881U 80058G   26208.29923795 -.00000027  00000-0 -79802-4 0  9995
2 11881  74.0176 161.8631 0021704 140.5296 291.2926 12.43794230 90828
NORSAT 1
1 42826U 17042B   26208.44870415  .00006381  00000-0  34976-3 0  9997
2 42826  97.4471  15.2858 0005603 310.9543  49.1203 15.14522018493323
TIANHUI 6B
1 55839U 23030D   26208.77694771 -.00000262  00000-0 -14455-3 0  9998
2 55839  99.0148 216.5153 0000545 356.4015   3.7146 14.01346839173072
COSMOS 1782
1 16986U 86074A   26208.14582704  .00009933  00000-0  28260-3 0  9999
2 16986  82.5254  97.1363 0007353  74.7300 285.4756 15.35956962152697
ONEWEB-0397
1 50477U 21132J   26208.32108173  .00000077  00000-0  16170-3 0  9997
2 50477  87.9205 327.4779 0001695 104.5229 255.6091 13.18687214226907
QIANFAN-171
1 69388U 26124G   26208.83256264 -.02012974  00000-0 -24262+1 0  9996
2 69388  89.0025 357.5281 0009177  64.1802 296.0306 13.70654686  7522
JILIN-01 GAOFEN 2B
1 44836U 19086A   26208.47755685  .00006970  00000-0  31548-3 0  9990
2 44836  97.4869 280.2222 0014382 172.5160 187.6293 15.21122742366613
IRIDIUM 149
1 43250U 18030B   26208.21429897 -.00000001  00000-0 -72603-5 0  9992
2 43250  86.3942 273.6311 0002142  94.3144 265.8297 14.34217452435896
KINEIS-1C
1 60081U 24114C   26208.49770990  .00000860  00000-0  11878-3 0  9992
2 60081  97.9847 232.3488 0002458  79.2448 280.9040 14.80685185113345
DAMPE
1 41173U 15078A   26208.49915191  .00001065  00000-0  38260-4 0  9999
2 41173  97.4572 214.1688 0010371 298.0166  62.0025 15.30879614590717
KUIPER-00623
1 69780U 26151T   26208.50002315 -.01058451  00000-0 -33048-1 0  9994
2 69780  51.8804 120.8849 0003983 175.6769 336.4652 15.35332365  4665
ONEWEB-0327
1 49196U 21083L   26208.29229324  .00000052  00000-0  98136-4 0  9992
2 49196  87.9200 327.4854 0001516 104.9659 255.1641 13.18686607235300
ISS (DESTINY)
1 26700U 01006B   26208.37844919  .00011554  00000-0  21591-3 0  9992
2 26700  51.6322 101.1989 0007008 342.7043  17.3706 15.49203967577620
SWARM A
1 39452U 13067B   26208.47716970  .00009878  00000-0  17443-3 0  9993
2 39452  87.3293  41.2591 0002637  74.0743 286.0808 15.50194722712493
COSMOS 1171
1 11750U 80026A   26208.45762595 -.00000074  00000-0  62735-5 0  9991
2 11750  65.8431  12.7864 0031575 271.0970 119.8459 13.73774456323044
HOTSAT-1
1 56954U 23084Y   26208.56294434  .00005215  00000-0  22325-3 0  9991
2 56954  97.6272 343.5477 0002220 125.7999 234.3444 15.23251499173247
COSMOS 1196
1 11879U 80058E   26208.61835179 -.00000023  00000-0 -45379-4 0  9994
2 11879  74.0214 330.4397 0004659 170.2691 203.1592 12.48410633577468
NUSAT-38 (MARIA AGNESI)
1 56202U 23054AA  26208.55420918  .00035415  00000-0  59003-3 0  9999
2 56202  97.3023 119.5151 0007842 267.0878  92.9477 15.51896408184764
ONEWEB-0020
1 45133U 20008C   26208.43868277 -.00000284  00000-0 -84853-3 0  9996
2 45133  87.8821  28.2457 0001756  89.6907 270.4422 13.10369909313614
HAIYANG 2D
1 48621U 21043A   26208.48840919  .00000072  00000-0  13902-3 0  9999
2 48621  65.9960 204.3629 0011589 264.3913  95.5834 13.83375074262124
KUIPER-00028
1 63741U 25088T   26208.34848428  .00000823  00000-0  13686-3 0  9993
2 63741  51.8993 195.4764 0000569  43.0258 317.0748 14.79957719 68740
ONEWEB-0227
1 48792U 21045AB  26208.59554224 -.00000041  00000-0 -14203-3 0  9996
2 48792  87.8982 251.1386 0002134  96.9928 263.1445 13.15546839249693
COSMOS 2168
1 21782U 91077D   26208.40278803  .00000021  00000-0  53723-4 0  9991
2 21782  82.5967 187.1338 0012403 296.1329 230.8006 12.65532525602881
QIANFAN-155
1 69114U 26108L   26208.55298285 -.00000109  00000-0 -16862-3 0  9998
2 69114  89.0114  17.9831 0020794 352.9205   7.1653 13.57371591  9893
AETHER-7
1 67378U 26004R   26208.41912134  .00000757  00000-0  91911-4 0  9990
2 67378  97.8031 206.1445 0003458  27.8443 332.2958 14.86353798 29255
FLOCK 4G 14
1 62667U 25009BL  26208.19010186  .00011462  00000-0  39759-3 0  9997
2 62667  97.4020 289.8324 0005290 156.2142 203.9344 15.29950587 85014
MIMIR 1
1 68490U 26067CC  26208.61228358  .00002093  00000-0  21775-3 0  9990
2 68490  97.7635 166.1520 0000401 232.3997 127.7185 14.90917059 17742
DISKSAT A
1 67222U 25305D   26208.09264080  .00004202  00000-0  26943-3 0  9996
2 67222  45.0014 231.2224 0005235  21.3084 338.8009 15.09989620 33347
ONEWEB-0013
1 45131U 20008A   26208.51492802 -.00000046  00000-0 -16957-3 0  9996
2 45131  87.8497  44.6810 0000821 102.1230 257.9989 13.09464607311343
ONEWEB-0181
1 48230U 21031W   26208.20901325  .00000129  00000-0  31332-3 0  9991
2 48230  87.8952 281.7487 0002169  95.1912 264.9465 13.14501893253494
COSMOS 2597
1 66647U 25273A   26208.56873384  .00000011  00000-0  85773-5 0  9997
2 66647  82.5019 145.4176 0012659 124.3574 235.8705 12.42900069 30313
COSMOS 2201
1 22038U 92042E   26208.52417497  .00000037  00000-0  14977-3 0  9990
2 22038  82.5868 234.7786 0008038 220.3915 306.2525 12.61788071567385
NEE 02 KRYSAOR
1 39441U 13066AB  26208.25488132  .00002231  00000-0  24763-3 0  9991
2 39441  97.8897 147.1901 0064494 299.1346  60.3424 14.86782201682155
AEROCUBE 6B
1 40046U 14033AN  26208.72511830  .00006680  00000-0  53484-3 0  9997
2 40046  97.7199  15.1260 0038375 225.8880 133.9185 14.99915581652838
NADEZHDA 3
1 21152U 91019A   26208.19981624  .00000062  00000-0  49650-4 0  9995
2 21152  82.9261 274.0983 0040734 327.1780  59.0003 13.74506212773656
DB-GLOBE MISSION EARTH-U
1 68459U 26067AV  26208.34524119  .00006103  00000-0  30453-3 0  9998
2 68459  97.4554 166.0661 0003994 294.2787  65.8029 15.17867622 18024
CAS500-2
1 69013U 26100AK  26208.36062742  .00005808  00000-0  27072-3 0  9998
2 69013  97.3846 105.4299 0007873 214.1916 145.8813 15.20236158 12913
YAM-10
1 64580U 25135BE  26208.25381074  .00002041  00000-0  20724-3 0  9992
2 64580  97.7761 321.5585 0002599 191.5505 168.5654 14.91936455 59839
COSMOS 2146
1 21302U 91033D   26208.55809033  .00000033  00000-0  12020-3 0  9999
2 21302  82.5739 268.5019 0014815 299.1959  60.7651 12.64554450624427
ONEWEB-0134
1 47280U 20100Y   26208.37872087  .00000251  00000-0  66338-3 0  9991
2 47280  87.8990 342.6596 0002119  98.8327 261.3041 13.12442144269986
GEESAT 5-03
1 65552U 25201C   26208.37735959  .00001679  00000-0  22517-3 0  9992
2 65552  49.9854 212.8962 0010450  54.0401 306.1505 14.84256575 47769
TOMORROW-S3
1 62392U 24247R   26208.66761902  .00006361  00000-0  22789-3 0  9993
2 62392  45.0021  71.5331 0003145 217.7834 142.2829 15.29580172 89152
INNOCUBE (TUBSAT-31)
1 62616U 25009H   26208.65616871  .00007886  00000-0  29998-3 0  9994
2 62616  97.3899 288.2346 0006072 173.8569 186.2746 15.27020478 84995
ICEYE-X7
1 46496U 20068L   26208.50860663  .00011380  00000-0  36684-3 0  9990
2 46496  97.7513 176.8969 0007572 167.8289 192.3136 15.32325910320967
QIANFAN-77
1 63163U 25046E   26208.44598690  .00000328  00000-0  22843-3 0  9994
2 63163  88.9722 292.7475 0017348  94.4683 265.8476 13.96228664 80081
ONEWEB-0133
1 47279U 20100X   26208.63777046 -.00000365  00000-0 -10508-2 0  9992
2 47279  87.8992 342.6113 0001914 102.8599 257.2743 13.12442092270044
ONEWEB-0201
1 48241U 21031AH  26208.23612223 -.00000137  00000-0 -40454-3 0  9998
2 48241  87.8964 281.7339 0001792  92.0923 268.0412 13.14498096253648
FLOCK 4BE 12
1 60560U 24149CW  26208.22666687  .01193841  82780-3  16804-2 0  9994
2 60560  97.3538 299.0112 0011422 259.3591 100.6404 16.05832412108929
TIANPING-3A02
1 63432U 25068A   26208.58278470  .00002852  00000-0  21867-3 0  9992
2 63432  42.9988 193.3450 0236681 124.6057 237.7347 14.84517654 71383
CENTISPACE-1 S4
1 53758U 22108B   26208.52832919  .00000308  00000-0  98777-4 0  9991
2 53758  53.5291 245.7666 0010293  81.9976 278.2167 14.61978300207467
CBERS-4
1 40336U 14079A   26208.53389803  .00000362  00000-0  14053-3 0  9991
2 40336  98.3516 264.0945 0000547  96.1305 263.9944 14.35519866609741
JAY-D1
1 62669U 25009BN  26208.47250271  .00003622  00000-0  15886-3 0  9995
2 62669  97.4024 287.2351 0005044 181.6246 178.4975 15.22596606142501
PELICAN-2 3009
1 62631U 25009Y   26208.70409735  .00000039  00000-0  29257-5 0  9999
2 62631  97.2037 299.0764 0002457 102.7443 257.4079 15.40691668 85793
FLOCK 4BE 20
1 60489U 24149X   26208.17900006  .00009758  00000-0  25437-3 0  9991
2 60489  97.3689 290.4035 0005581 120.6601 239.5196 15.39041810108364
GLOBALSTAR M002
1 25164U 98008C   26208.23592099 -.00000072  00000-0  95035-4 0  9996
2 25164  52.0032 304.6047 0001851 156.4576 203.6329 11.61516958231133
MACSAT
1 58024U 23155J   26208.61849121  .00004361  00000-0  20062-3 0  9992
2 58024  97.5776 290.8293 0000746 302.4662  57.6501 15.20877259154476
ONEWEB-0156
1 48052U 21025L   26208.26374292  .00000168  00000-0  42617-3 0  9990
2 48052  87.8991 312.2482 0001964  96.0056 264.1298 13.13469383258830
IRIDE-MS1-EAG2-13
1 68450U 26067AL  26208.83657705  .00006548  00000-0  31388-3 0  9992
2 68450  97.4567 166.8075 0001068 173.5927 186.5321 15.19247962 18118
METEOR 2-2
1 09661U 77002A   26208.07177705  .00000022  00000-0  60219-5 0  9997
2 09661  81.2628  55.6422 0009431 237.0325 122.9937 14.04235653535935
PELICAN-6 300D
1 66703U 25276AP  26208.45623089  .00005342  00000-0  17520-3 0  9991
2 66703  97.3683 283.3667 0002608  35.9223 324.2194 15.32040603 36698
ICEYE-X42
1 62698U 25009CT  26208.31634985  .00002191  00000-0  22237-3 0  9996
2 62698  97.7394 285.9065 0001375 101.5398 258.5975 14.91862631 83272
UNISAT 7
1 47945U 21022P   26208.54928484  .00014890  00000-0  35681-3 0  9996
2 47945  97.3849 113.9153 0006539 294.0674  65.9888 15.41495043296073
CONNECTA IOT-8
1 62695U 25009CQ  26208.17693589  .00001067  00000-0  10732-3 0  9990
2 62695  97.7066 285.2317 0001988 194.2942 165.8222 14.93266669 83267
KUIPER-00187
1 67141U 25301J   26208.63216283  .00003094  00000-0  43470-3 0  9996
2 67141  51.9017 181.8383 0000576  69.0385 291.0639 14.79931923 34246
FREJA
1 22161U 92064A   26208.78961926 -.00000066  00000-0  19093-4 0  9998
2 22161  62.9988 137.6990 0726831 244.2044 108.2279 13.32865212639378
COSMOS 417
1  5216U 71041G   26208.53507566  .00000010  00000-0  14254-3 0  9992
2  5216  74.0141  48.5957 0095309 135.7683 253.6820 12.61456203542861
HULIANWANG DIGUI-89
1 65997U 25231C   26208.52807963 -.00000102  00000-0  46858-4 0  9996
2 65997  49.9979  30.9933 0000421  27.0873 333.0021 13.29328501 38250
BISONSAT
1 40968U 15058E   26208.78840187  .00006346  00000-0  49579-3 0  9993
2 40968  64.7752 131.7380 0122028  37.4156 323.5376 14.96209274122732
QIANFAN-99
1 66041U 25233J   26208.45609693  .00000065  00000-0  82246-4 0  9999
2 66041  88.9984  39.1180 0002307  84.5011 275.6404 13.51016328 38625
ONEWEB-0011
1 44062U 19010F   26208.54563529 -.00000019  00000-0 -84062-4 0  9990
2 44062  87.8983 251.1568 0002183  91.7008 268.4373 13.15547156356722
COSMOS 480
1 05905U 72019A   26208.27351319  .00000039  00000-0  65324-4 0  9993
2 05905  82.9731 267.3143 0017324 297.3382 129.6737 13.19938780617398
ONEWEB-0180
1 48213U 21031D   26208.19316256  .00000257  00000-0  65925-3 0  9990
2 48213  87.8969 281.7292 0002378  92.2071 267.9331 13.14503292253471
QB50P1
1 40025U 14033R   26208.47693388  .00008325  00000-0  40273-3 0  9995
2 40025  98.0968 222.4658 0010532  89.7516 270.4923 15.18834389659141
YAOGAN-35 04C
1 53526U 22100E   26208.27144953  .00005727  00000-0  24446-3 0  9993
2 53526  34.9937 184.2671 0007673  55.5307 304.6131 15.22226903219074
OSCAR 5
1 04321U 70008B   26208.76888499 -.00000023  00000-0  12306-3 0  9993
2 04321 101.3228 215.4853 0027528 181.9824 353.0408 12.52191916582526
COSMOS 1391
1 13378U 82073D   26208.42124162  .00000005  00000-0  13752-3 0  9998
2 13378  74.0119 208.1281 0020391  26.3690  44.7649 12.51434772 10875
COSMOS 1066
1 11165U 78121A   26208.14187763  .00000167  00000-0  83469-4 0  9996
2 11165  81.2346 216.6934 0049026 344.0111  15.9510 14.12110326966964
ONEWEB-0695
1 61602U 24188J   26208.40086836 -.00000373  00000-0 -10869-2 0  9992
2 61602  87.8887  13.0689 0002207  82.5250 277.6128 13.11416462 89732
GLOBALSTAR M001
1 25162U 98008A   26208.26487558 -.00000052  00000-0  34086-3 0  9996
2 25162  52.0008 234.1853 0001283  39.7764  41.5296 12.38234992293890
COSMOS 2454
1 35635U 09039A   26208.42535522  .00000059  00000-0  35142-4 0  9992
2 35635  82.9580 356.7603 0020127 140.7358 231.5169 13.89955536862991
GEESAT 2-07
1 58911U 24023G   26208.47344348  .00001717  00000-0  23450-3 0  9993
2 58911  50.0052 168.1790 0010174 216.3718 143.6529 14.83369857134890
METEOR 2-6
1 11962U 80073A   26208.05674325 -.00000078  00000-0 -49836-4 0  9998
2 11962  81.2201  50.8788 0036209  27.0605 333.2444 14.11150330360350
YAOGAN 30
1 41473U 16029A   26208.55224359  .00000446  00000-0  71498-4 0  9997
2 41473  97.8996 257.5702 0017055 101.8710 258.4413 14.76310011549620
COSMOS 1254
1 12324U 81022E   26208.55504810 -.00000032  00000-0 -10132-3 0  9998
2 12324  74.0296 149.2923 0026823 251.5179 224.7508 12.53129204 76430
QPS-SAR-8 AMATERU-IV
1 60542U 24149CC  26208.23680413  .00006207  00000-0  44758-3 0  9998
2 60542  97.6658 287.0564 0002549 356.3706   3.7501 15.04495306106293
RADIO 3
1 12997U 81120A   26208.54645491  .00000020  00000-0  10403-3 0  9999
2 12997  82.9556 241.8611 0058605 179.5762 349.5374 12.15872656979608
FLOCK 4BE 14
1 60517U 24149BB  26208.47632009  .00017643  00000-0  41230-3 0  9992
2 60517  97.3690 292.6246 0005874 140.1447 220.0233 15.42217804108534
GHGSAT-C8
1 56186U 23054J   26208.54675786  .00017175  00000-0  26600-3 0  9994
2 56186  97.2949 118.4831 0001451 279.0961  81.0128 15.54106306184700
ION SCV-023
1 69876U 26156H   26208.19464562  .00006949  00000-0  69191-3 0  9998
2 69876  97.7032 108.2897 0008673  90.2836 269.9377 14.91899136  2964
COSMOS 1461
1 14064U 83044A   26208.24394667  .00023069  00000-0  54785-3 0  9995
2 14064  64.9865 277.6629 0030552 186.5352 173.5393 15.41194225223315
IRIDIUM 163
1 43575U 18061G   26208.81785428  .00000057  00000-0  13402-4 0  9997
2 43575  86.3935  39.7232 0002106  88.7142 271.4295 14.34217171419202
RROCI-2
1 59106U 24043J   26208.61054800  .00001885  00000-0  15604-3 0  9997
2 59106  97.8534 341.7261 0011491 241.9635 118.0427 15.00099320130825
ONEWEB-0311
1 49097U 21075Y   26208.34195519  .00000066  00000-0  13624-3 0  9990
2 49097  87.9160 357.8764 0001456  84.7398 275.3900 13.17649380238918
ICEYE-X79
1 69870U 26156B   26208.53337728  .00003127  00000-0  31628-3 0  9992
2 69870  97.7510 108.6477 0008512  82.7314 277.4872 14.91686499  3013
GLOBALSTAR M028
1 25875U 99041D   26208.04540003 -.00000079  00000-0  13794-3 0  9998
2 25875  51.9630  65.8240 0062596 230.5148 129.0166 12.50601886240838
ONEWEB-0652
1 55814U 23029U   26208.20743138  .00000298  00000-0  76824-3 0  9994
2 55814  87.8961 281.7368 0001922  94.8799 265.2550 13.14503486164628
PREFIRE-2
1 59881U 24099A   26208.45254508  .00003680  00000-0  16714-3 0  9995
2 59881  97.4046  63.9800 0013649  68.1356 292.1330 15.21317940120254
NANOFF B
1 58755U 23185S   26208.48195417  .00003979  00000-0  23174-3 0  9994
2 58755  97.5245 275.3887 0012973 159.7964 200.3783 15.12521327139967
LEMUR 2 CAEL
1 58903U 24022E   26208.52360939  .00018251  00000-0  42635-3 0  9990
2 58903  97.4052  60.0358 0005867 319.9447  40.1367 15.42222595138559
COSMOS 1110
1 11425U 79060A   26208.22897284  .00000141  00000-0  59496-4 0  9998
2 11425  74.0135 175.0053 0014927 233.1123 126.8661 14.34251089460124
KORSAT 7
1 58463U 23185B   26208.52096150  .00002300  00000-0  18388-3 0  9997
2 58463  97.6374 272.1281 0023210 185.3800 174.7178 15.01015241145331
QIANFAN-194
1 69412U 26125M   26208.84084510 -.02089956  00000-0 -23744+1 0  9997
2 69412  88.9947 275.9051 0015963  51.6240 308.6356 13.74365642  7414
NADEZHDA 4
1 23179U 94041A   26208.37257211  .00000049  00000-0  34044-4 0  9998
2 23179  82.9482 357.1849 0034594 339.4538  47.9677 13.76815476609052
ICEYE-X80
1 69893U 26156AA  26208.20140584  .00003049  00000-0  31056-3 0  9991
2 69893  97.7537 108.3217 0007071  79.7922 280.4093 14.91425917  2964
HAWK-6C
1 55326U 23011C   26208.83527110  .00004771  00000-0  20518-3 0  9991
2 55326  40.4977 111.7590 0004757 299.8456  60.1880 15.23250837194052
GLOBALSTAR M037
1 25652U 99012D   26208.44754046 -.00000045  00000-0  32589-3 0  9993
2 25652  52.0017  29.8534 0002273  26.6421 344.2099 12.62469505262464
QIANFAN-154
1 69113U 26108K   26208.44802843  .00000000  00000-0 -17833-4 0  9995
2 69113  89.0115  18.0216 0018528 350.2368   9.8420 13.49945953  9874
HYPERFIELD-1B
1 64552U 25135AA  26208.48304137  .00004637  00000-0  20238-3 0  9994
2 64552  97.4707 323.5523 0002258 118.3545 241.7920 15.22632336 61011
ONEWEB-0240
1 48785U 21045U   26208.56939797  .00000201  00000-0  49898-3 0  9991
2 48785  87.8980 251.1395 0002391  98.1432 261.9970 13.15549677249717
COSMOS 1656
1 15755U 85042A   26208.37666081 -.00000072  00000-0 -11042-4 0  9990
2 15755  71.1102 191.3702 0037371 281.1037  78.5888 14.21012528132874
KUIPER-00581
1 69273U 26118G   26208.50002315  .00007205  00000-0  96553-3 0  9994
2 69273  51.8985 224.9005 0002696  24.9707 233.7868 14.80267397  4490
ONEWEB-0551
1 56053U 23043H   26208.54168830 -.00000087  00000-0 -26569-3 0  9992
2 56053  87.8972 251.1841 0002414  95.1663 264.9743 13.15547875161701
HERMES-6
1 63489U 25052BK  26208.21109237  .00005178  00000-0  21954-3 0  9992
2 63489  97.3959 100.1257 0007421  43.1117 317.0700 15.23539922 75923
COSMOS 1900
1 18665U 87101A   26208.25725291  .00000060  00000-0  37172-4 0  9994
2 18665  66.0837 274.5082 0026265  65.7023 294.6822 14.55674182 54319
JILIN-01-10
1 43946U 19005E   26208.52141299  .00006202  00000-0  24286-3 0  9997
2 43946  97.4800 307.3386 0009469 131.0433 229.1625 15.26126801415468
COSMOS 1909
1 18788U 88002A   26208.57936852  .00000055  00000-0  24766-3 0  9991
2 18788  82.6081 251.7559 0001168 181.0650 346.8780 12.62871646775907
HULIANWANG DIGUI-145
1 67443U 26007J   26208.25998718 -.00000090  00000-0  74235-4 0  9991
2 67443  50.0105 301.8043 0000784 162.3627 197.7273 13.29326317 26126
ONEWEB-0626
1 55167U 23004AD  26208.39595976  .00000008  00000-0 -11844-4 0  9995
2 55167  87.9162 357.8759 0002136  92.2878 267.8499 13.17648325172871
STARK
1 65299U 25185C   26208.23183439  .00002145  00000-0  27573-3 0  9992
2 65299  97.9646 291.6073 0007431 305.8247  54.2275 14.82194454 49781
IRIDE-MS2-HEO-1
1 62697U 25009CS  26208.46685087  .00001611  00000-0  15430-3 0  9993
2 62697  97.7031 286.0246 0001546 192.1805 167.9378 14.94530049 83358
COSMOS 715
1  7682U 75016E   26208.23371904 -.00000017  00000-0 -58918-5 0  9995
2  7682  74.0034 114.5552 0021829  19.2085  98.5061 12.44746343906869
QIANFAN-128
1 69074U 26104B   26208.51246312  .00000087  00000-0  11613-3 0  9991
2 69074  88.9908 337.3828 0001848  91.8054 268.3309 13.51010795 10589
COSMOS 2315
1 23603U 95032A   26208.48307487  .00000058  00000-0  46037-4 0  9999
2 23603  82.9014 221.7451 0032282 104.8297  58.3099 13.73095805556225
HULIANWANG DIGUI-148
1 67524U 26013C   26208.43825420 -.00000082  00000-0  91347-4 0  9991
2 67524  50.0066 211.4158 0001296 263.5643  96.5081 13.29327423 25408
QIANFAN-122
1 68649U 26075P   26208.56072588  .00000123  00000-0  17140-3 0  9994
2 68649  88.9921 316.8696 0002405 110.8710 249.2699 13.51019179 15251
TYVAK-0130
1 48606U 21041BF  26208.21020526  .00006453  00000-0  24503-3 0  9993
2 48606  52.9911 200.1419 0008474 303.1341  56.8843 15.28061990286504
VELOX-P 2
1 39438U 13066Y   26208.30844400  .00001947  00000-0  18689-3 0  9990
2 39438  97.8761 159.7298 0051672 208.4055 151.4346 14.93301578683825
HAWK-11B
1 62379U 24247C   26208.89598753  .00007384  00000-0  25311-3 0  9995
2 62379  45.0151  66.5311 0002396 124.3911 235.7201 15.30813269 89249
BILSAT 1
1 27943U 03042E   26208.16709040  .00000328  00000-0  67549-4 0  9997
2 27943  98.4004  19.3512 0009981 220.4366 139.6097 14.67083170219984
PANDORA
1 67395U 26004AJ  26208.44754907  .00000906  00000-0  10430-3 0  9996
2 67395  97.8058 206.4840 0005468  14.1194 346.0174 14.88138100 29264
COSMOS 2071
1 20556U 90029H   26208.34540605 -.00000005  00000-0  72814-4 0  9995
2 20556  73.9797 188.2908 0002893 346.8486  83.3288 12.50943502657954
HAWK-3A
1 48957U 21059CG  26208.51017241  .00045901  00000-0  33868-3 0  9999
2 48957  97.6687  52.0586 0005505 161.0715 199.0753 15.72873265284183
ONEWEB-0518
1 54136U 22138Z   26208.25272838  .00000088  00000-0  18748-3 0  9997
2 54136  87.9181 296.9972 0002240  98.0588 262.0798 13.19725317182111
COSMOS 2214
1 22185U 92068D   26208.26555581 -.00000002  00000-0 -70229-4 0  9996
2 22185  82.5958 328.2838 0009614  66.4982 317.3844 12.61605118554708
KUIPER-00567
1 69626U 26140AL  26208.39790294  .00011656  00000-0  31207-3 0  9998
2 69626  51.8745 203.9844 0012690 317.4325  42.5677 15.38409338  7422
GRUS-1D
1 47936U 21022E   26208.52618123  .00000412  00000-0  38854-4 0  9991
2 47936  97.5334  90.5754 0011205 166.9191 193.2325 14.98771337291944
ASTROCAST-0402
1 55109U 23001DE  26208.68655770  .00016773  00000-0  59120-3 0  9992
2 55109  97.5587 302.5093 0006411 100.9533 259.2428 15.29335040150727
PRAETORIAN SDA_615
1 65578U 25203P   26208.33943048  .00000189  00000-0  15853-3 0  9998
2 65578  81.3051 333.3553 0010176  84.4171 275.8146 13.84439777 44268
FLOCK 4Q 22
1 58306U 23174BC  26208.24432036  .00176306  00000-0  14246-2 0  9993
2 58306  97.3792 302.4254 0004063 264.3576  95.7223 15.70291124152139
LYRA-4
1 64691U 25140A   26208.30917609  .00001502  00000-0  24044-3 0  9996
2 64691  96.0086 318.2982 0014344  75.1985 285.0816 14.72591124 57964
ONEWEB-0203
1 48235U 21031AB  26208.21378275  .00000007  00000-0 -15607-4 0  9993
2 48235  87.8965 281.7270 0002121 102.5743 257.5625 13.14502209253539
COSMOS 1937
1 19038U 88029A   26208.49089977  .00000115  00000-0  48096-4 0  9997
2 19038  74.0454  30.6596 0022959 107.2911 282.3970 14.36158301  5529
OSCAR 24
1 15936U 85066B   26208.15812756  .00000086  00000-0  13806-3 0  9997
2 15936  90.1701  96.1551 0168769 170.7714 344.0863 13.35972667996668
KOMPSAT-7
1 66820U 25279A   26208.28241698  .00000561  00000-0  48667-4 0  9992
2 66820  97.7172 156.5302 0010925 232.6371 127.3858 15.01026396 35634
ICEYE-X67
1 66302U 25248K   26208.24291206  .00002982  00000-0  20002-3 0  9990
2 66302  45.4050 282.0808 0007562 255.7475 104.2567 15.09229416 41571
ASTROCAST-0404
1 55112U 23001DH  26208.72220371  .00009124  00000-0  32653-3 0  9990
2 55112  97.5671 303.4882 0006163 193.6311 166.4763 15.28996804150729
ONEWEB-0148
1 48059U 21025T   26208.26714043  .00000235  00000-0  60985-3 0  9992
2 48059  87.8981 312.2561 0001646  83.5747 276.5570 13.13470845258878
OPTICUBE 04
1 41851U 16067D   26208.57488420  .00001871  00000-0  11991-3 0  9996
2 41851  98.0660  62.9626 0015105 346.7310  13.3518 15.09815979531269
AMAZONIA 1
1 47699U 21015A   26208.15923705  .00000197  00000-0  75039-4 0  9999
2 47699  98.4297 280.2496 0004294  84.9780 275.1899 14.40830356284405
GRUS-1E
1 47935U 21022D   26208.52785613  .00000363  00000-0  34689-4 0  9996
2 47935  97.5357  91.6037 0009606 182.5516 177.5660 14.98967397291996
COSMOS 1860
1 18122U 87052A   26208.60763908 -.00000051  00000-0  32731-4 0  9990
2 18122  65.0106 284.6434 0051853 197.9138 162.0097 13.84971215978410
FLOCK 4G 30
1 62679U 25009BY  26208.69762430  .00045107  00000-0  13310-2 0  9998
2 62679  97.3912 289.9916 0004874 163.4693 196.6710 15.34837428142756
ONEWEB-0585
1 54652U 22166L   26208.53292225 -.00000005  00000-0 -43058-4 0  9998
2 54652  87.9230 235.9397 0002242  95.3858 264.7532 13.21824741176858
IRIDIUM 115
1 42806U 17039D   26208.26114060  .00000337  00000-0  94167-4 0  9992
2 42806  86.4517 305.3434 0002405  98.4638 261.6836 14.43283582480042
COSMOS 540
1 06323U 72104A   26208.74233698  .00000114  00000-0  46628-4 0  9994
2 06323  74.0804  25.2300 0018102 337.9342  22.1031 14.37520096804844
KUIPER-00169
1 65782U 25217W   26208.17691197 -.00001528  00000-0 -17151-3 0  9990
2 65782  51.9031 136.3048 0000533 114.7014 245.4004 14.79932595 45678
COSMOS 2581
1 62902U 25026A   26208.71383774  .00001420  00000-0  12746-3 0  9992
2 62902  81.9941  33.1370 0008718 284.1851  75.8400 14.95080311 80276
COSMOS 2131
1 21106U 91009G   26208.36717244 -.00000020  00000-0 -26139-4 0  9990
2 21106  74.0330 336.4741 0051442 105.9285 284.4195 12.58965225629323
CENTISPACE-1 S11
1 62580U 25007F   26208.47013221 -.00000074  00000-0  62953-4 0  9994
2 62580  54.9769 150.2210 0010865 165.6632 194.4635 13.80618302 80296
YAOGAN-36 05A
1 57452U 23106A   26208.26025236  .00008240  00000-0  34244-3 0  9993
2 57452  35.0039 165.6729 0000921 342.0429  18.0253 15.23078871167260
COSMOS 2437
1 32954U 08025B   26208.54572184 -.00000064  00000-0 -53367-3 0  9991
2 32954  82.5050 332.3762 0019764 239.5717 193.3702 12.42759405824381
ICEYE-X4
1 44390U 19038D   26208.55786773  .00013787  00000-0  47401-3 0  9992
2 44390  97.8746 243.8649 0014031 156.2859 203.9029 15.30127901387972
ORBCOMM FM 9
1 25116U 97084E   26208.09481862  .00000848  00000-0  27267-3 0  9996
2 25116  45.0132 227.2995 0002940 101.6770 258.4411 14.46620248500080
ONEWEB-0177
1 48074U 21025AJ  26208.24342906 -.00000244  00000-0 -70382-3 0  9996
2 48074  87.8985 312.2551 0002012  93.3818 266.7542 13.13470976258936
YAOGAN 27
1 40878U 15040A   26208.54762619  .00000414  00000-0  12016-2 0  9996
2 40878 100.1179 193.1831 0008853 118.2682 241.9326 13.16073604522979
SUPERVIEW NEO-1 01
1 52320U 22043A   26208.52121293  .00004628  00000-0  23859-3 0  9996
2 52320  97.3393 280.0138 0003171 121.7624 238.3919 15.16836812235674
DX 1
1 40071U 14037C   26208.51892678  .00001755  00000-0  18801-3 0  9990
2 40071  98.3886 172.6769 0008075 132.6899 227.4998 14.90093043652111
QIANFAN-219
1 69848U 26155A   26208.51319273  .00000265  00000-0  10919-3 0  9999
2 69848  89.0056  59.5460 0031750 180.4555 179.6614 14.23744576  3132
GLOBALSTAR M008
1 25309U 98023D   26208.13345487 -.00000057  00000-0  30769-3 0  9995
2 25309  51.9967 103.9906 0002649 321.8561 186.2985 12.36085790287921
YAM-5
1 55076U 23001BV  26208.60197255  .00011238  00000-0  28972-3 0  9998
2 55076  97.3178 271.6010 0007147 332.5899  27.4969 15.39329399198328
GLOBAL-13
1 49773U 21115BB  26208.43830826  .00017458  00000-0  34227-3 0  9998
2 49773  53.1950 223.0270 0000639  27.5886 332.5156 15.47479950261998
GRUS-3C
1 69891U 26156Y   26208.19962854  .00001234  00000-0  12870-3 0  9996
2 69891  97.7505 108.3158 0007741  79.7930 280.4161 14.91536150  2962
NADEZHDA 7
1 27534U 02046A   26208.27451818  .00000052  00000-0  40217-4 0  9992
2 27534  82.9371 301.1394 0035310 219.5686 166.9381 13.72965990194068
KUIPER-00140
1 65965U 25228U   26208.05932452 -.00001554  00000-0 -17490-3 0  9999
2 65965  51.8971  89.3702 0000806 115.0004 245.1043 14.79927557 44078
ASNARO-2
1 43152U 18007A   26208.47698190  .00008997  00000-0  39192-3 0  9993
2 43152  97.3977 214.7755 0001826  89.0942 271.0504 15.22432037473540
ONEWEB-0198
1 48216U 21031G   26208.56913054  .00000187  00000-0  46886-3 0  9990
2 48216  87.8948 281.6624 0002432  93.0380 267.1028 13.14503809253796
ONEWEB-0157
1 48055U 21025P   26208.68017004  .00000066  00000-0  14543-3 0  9998
2 48055  87.8989 312.1687 0002202  91.5397 268.5984 13.13471068258888
COSMOS 2566
1 54383U 22163C   26208.51567345 -.00000017  00000-0  41660-4 0  9991
2 54383  67.1444   3.8867 0005149 359.1073   1.0002 13.97716701186202
KUIPER-00569
1 69766U 26151D   26208.50002315 -.01312663  00000-0 -40100-1 0  9993
2 69766  51.8801 120.8799 0004719 176.8953 347.6123 15.36146477  3008
CBERS 4A
1 44883U 19093E   26208.48059113  .00001222  00000-0  16285-3 0  9990
2 44883  98.0178 275.9515 0002097 119.4113 240.7309 14.81463120357048
COSMOS 2356
1 25367U 98036E   26208.24246299 -.00000020  00000-0 -25074-3 0  9990
2 25367  82.5828 303.2852 0357290  87.8822 276.3110 12.22427182254532
GEESAT 3-01
1 61011U 24159A   26208.53438468  .00002010  00000-0  26345-3 0  9995
2 61011  49.9996 255.9262 0002423  31.3514 328.7569 14.84378167102671
IRS 1D
1 24971U 97057A   26208.69652771  .00000190  00000-0  80739-4 0  9993
2 24971  98.8454 204.1301 0053165 108.3781 252.3196 14.35526682508421
ONEWEB-0440
1 50503U 21132AL  26208.33458034  .00000064  00000-0  12904-3 0  9999
2 50503  87.9210 327.4745 0001899 109.6806 250.4532 13.18685115226865
QIANFAN-199
1 69417U 26125S   26208.85377572 -.02054356  00000-0 -20480+1 0  9996
2 69417  88.9931 275.8721 0026567  41.9998 318.3201 13.82020088  7440
SSU 3
1 08884U 76038J   26208.59254665  .00000112  00000-0  10818-3 0  9997
2 08884  63.3589  58.3627 0366789 183.5774 176.2643 13.88059217367716
COSMOS 2357
1 25368U 98036F   26208.21012505 -.00000016  00000-0 -20433-3 0  9998
2 25368  82.5882 297.1724 0356685  44.8051 318.1239 12.23380646255538
ORBCOMM FM 11
1 25114U 97084C   26208.40730972  .00000865  00000-0  27646-3 0  9998
2 25114  45.0118 224.6523 0002810 133.3796 226.7291 14.46782634500134
KL-ALPHA A
1 44785U 19077A   26208.48219323  .00000122  00000-0  15685-3 0  9995
2 44785  88.9235 218.1568 0011127   3.6983 356.4252 13.56046611331194
CHECKMATE 2
1 56167U 23050F   26208.51112389  .00000104  00000-0  82301-4 0  9996
2 56167  81.0031  33.0167 0006583 200.2157 159.8740 13.85167655167699
COSMOS 941
1 10287U 77079C   26208.62889101 -.00000024  00000-0 -48875-4 0  9995
2 10287  74.0278 338.1337 0031915 286.1330  84.9833 12.56552453215122
LEMUR 2 FURIAUS
1 42840U 17042R   26208.47565378  .00017975  00000-0  59258-3 0  9996
2 42840  97.3780  26.8188 0005628 277.0950  82.9651 15.31491920494371
COSMOS 2488
1 39483U 13076A   26208.52717483 -.00000039  00000-0 -34947-3 0  9993
2 39483  82.4862 143.5653 0020180  11.6399 348.5144 12.42906410570905
ICEYE-X36
1 59103U 24043F   26208.61718245  .00004423  00000-0  29714-3 0  9992
2 59103  97.8408 347.4278 0006254 171.6689 188.4643 15.07314132131237
KUIPER-00409
1 68925U 26098G   26208.50002315 -.00002672  00000-0 -31357-3 0  9990
2 68925  51.8992 239.7731 0003287 115.8326 116.6058 14.80951423  5339
STPSAT-7
1 68630U 26074D   26208.49169555  .00006571  00000-0  26820-3 0  9994
2 68630  60.0224  23.4077 0033479  55.4707 304.9526 15.25041852 16926
HULIANWANG DIGUI-68
1 65228U 25178A   26208.47314102 -.00000003  00000-0 -40196-4 0  9995
2 65228  86.5003 359.9245 0001909  90.9680 269.1673 13.24411509 45648
JASON 3
1 41240U 16002A   26208.54643109 -.00000033  00000-0  11360-3 0  9991
2 41240  66.0416  40.9832 0008109 269.5776  90.4314 12.87629187492447
COSMOS 1037
1 11046U 78091D   26208.41633225 -.00000019  00000-0 -23127-4 0  9992
2 11046  74.0378 353.7820 0013044 233.5134 156.0662 12.48411474178912
HYSIS
1 43719U 18096A   26208.47537829  .00001142  00000-0  16298-3 0  9998
2 43719  97.9825 274.9024 0001559  69.4411 290.6967 14.78631983413376
ONEWEB-0393
1 50473U 21132E   26208.30230992  .00000057  00000-0  11251-3 0  9999
2 50473  87.9158 357.8853 0001667  91.0484 269.0838 13.17648347223393
CONNECTA IOT-11
1 64557U 25135AF  26208.24872353  .00003544  00000-0  16448-3 0  9997
2 64557  97.4747 323.2073 0001581 149.2377 210.8951 15.20688758 60951
COSMOS 2617
1 68828U 26090C   26208.49879406  .00009850  00000-0  43268-4 0  9993
2 68828  96.6426 125.0681 0011797 229.0382 130.9870 15.84677216 15057
QPS-SAR-10 WADATSUMI-I
1 64055U 25104A   26208.55464316  .00005056  00000-0  39173-3 0  9996
2 64055  42.0042  56.2813 0014310 245.1234 114.8105 15.02075962 65502
CARBSAR
1 67397U 26004AL  26208.60168726  .00006498  00000-0  30442-3 0  9991
2 67397  97.4553 207.2878 0005546 174.3363 185.7936 15.20033352 29901
AC1-001
1 66744U 25276CG  26208.63470426  .00002450  00000-0  12206-3 0  9994
2 66744  97.4191 281.2050 0002241 186.0531 174.0677 15.18503981 36542
SELENE
1 69020U 26100AS  26208.52914013  .00006432  00000-0  29933-3 0  9993
2 69020  97.3994 105.5488 0003807 171.6386 188.4914 15.20269724 12939
ICEYE-X56
1 64574U 25135AY  26208.57234009  .00003102  00000-0  28296-3 0  9996
2 64574  97.7773 323.2253 0002179 164.7167 195.4120 14.95824994 59965
KUIPER-00204
1 67145U 25301N   26208.19720486  .00004012  00000-0  55493-3 0  9995
2 67145  51.9003 148.7322 0000817  58.0245 302.0796 14.79933838 34784
HULIANWANG DIGUI-42
1 65045U 25162C   26208.52072751 -.00000104  00000-0  43692-4 0  9997
2 65045  49.9968 121.0511 0000314  30.7858 329.3033 13.29323862 48720
COSMOS 2160
1 21731U 91068D   26208.22633039  .00000020  00000-0  51588-4 0  9997
2 21731  82.5862 278.7073 0007441 280.2308 134.7318 12.64708054607591
UNIFORM 1
1 39767U 14029B   26208.21246437  .00002843  00000-0  25859-3 0  9994
2 39767  97.8062 305.4645 0005691 160.7542 199.3895 14.96008161660203
GHGSAT-C7
1 56209U 23054AH  26208.47383521  .00011170  00000-0  19617-3 0  9994
2 56209  97.2962 117.3690 0005131 241.5159 118.5576 15.50675514184637
COSMOS 825
1 08889U 76054A   26208.33941939 -.00000025  00000-0 -57371-4 0  9990
2 08889  74.0037 328.4820 0058232  81.5748 308.6153 12.55743616297224
SHIJIAN 6 01A (SJ-6 01A)
1 28413U 04035A   26208.82965945  .00008731  00000-0  42575-3 0  9991
2 28413  97.5849 236.0524 0005859  13.1647 346.9739 15.18544167193638
COSMOS 1997
1 19788U 89009D   26208.29352683  .00000012  00000-0  85846-5 0  9994
2 19788  82.6235 335.2204 0008540 248.8786 135.5400 12.63690663727578
CENTISPACE-2 S2
1 68351U 26060B   26208.57775909  .00000354  00000-0  13555-3 0  9998
2 68351  54.9811 236.7272 0009362 260.4175  99.5755 14.49492507 18641
DTUSAT
1 27842U 03031C   26208.01024188  .00000234  00000-0  12107-3 0  9995
2 27842  98.6861 215.9972 0010207  51.9558 308.2540 14.23945695197480
PUNCH-WFI02
1 63181U 25047D   26208.48180433  .00000571  00000-0  93580-4 0  9998
2 63181  97.9576  32.8604 0010526  57.9318 302.2912 14.74391043 73997
KUIPER-00071
1 64818U 25151C   26208.51034994 -.00000623  00000-0 -52705-4 0  9990
2 64818  51.9007  44.8091 0001802  89.9809 270.1360 14.79917709 55970
LEMUR-2 SEJONG-3
1 68482U 26067BU  26208.61159439  .00003570  00000-0  34728-3 0  9997
2 68482  97.7586 166.4042 0004881 106.8930 253.2825 14.93167446 17766
YAOGAN-30 Z
1 48425U 21039C   26208.24525343  .00002301  00000-0  17045-3 0  9990
2 48425  34.9944 146.5306 0000581  37.0456 323.0292 15.02842107285581
KUIPER-00153
1 65773U 25217M   26208.08372551  .00004234  00000-0  58395-3 0  9990
2 65773  51.9014 129.2790 0000846  97.7124 262.3934 14.79940454 45766
ONEWEB-0067
1 45425U 20020B   26208.39272193 -.00000042  00000-0 -15447-3 0  9990
2 45425  87.8916  12.9946 0001617  89.7038 270.4275 13.11423967308007
DUPLEX
1 66906U 98067XS  26208.68949516  .00044796  00000-0  44108-3 0  9993
2 66906  51.6266  84.4962 0002155   2.2738 357.8267 15.65510860 36995
JAS 1B (FUJI 2)
1 20480U 90013C   26208.23544812 -.00000023  00000-0  15659-4 0  9990
2 20480  99.0695 123.7151 0540870  54.0526 310.9516 12.83491441708478
ONEWEB-0200
1 48244U 21031AL  26208.23756629 -.00000138  00000-0 -40754-3 0  9994
2 48244  87.8971 281.7167 0002079  95.7149 264.4218 13.14502575253492
MIRANDA (X-4)
1  7213U 74013A   26208.17694725  .00000386  00000-0  11130-3 0  9993
2  7213  97.7986  60.4180 0111741 214.6280 144.7603 14.46143907725411
QIANFAN-48
1 62249U 24232N   26208.48577998  .00000051  00000-0  60563-4 0  9991
2 62249  89.0083  18.4458 0015080 264.5986  95.3444 13.51016676129868
ONEWEB-0411
1 51623U 22012B   26208.48280475  .00000603  00000-0  16908-2 0  9995
2 51623  87.8830  28.2379 0002359  90.0641 270.0757 13.10377513214560
ASO-S
1 54029U 22129A   26208.49583230  .00000234  00000-0  68827-4 0  9992
2 54029  98.2763 213.0020 0013663 334.2801  25.7714 14.52080036201272
LEMUR-2-VUKASIN
1 66785U 25276EA  26208.50742830  .00006197  00000-0  49426-3 0  9992
2 66785  97.5189 278.1540 0001262 352.1979   7.9225 15.00655481 36196
SCATSAT 1
1 41790U 16059H   26208.58747459  .00001566  00000-0  21081-3 0  9992
2 41790  98.1168 272.7662 0055823 117.3301 243.3608 14.79616590107560
QIANFAN-51
1 62252U 24232R   26208.48182594  .00000036  00000-0  37809-4 0  9999
2 62252  89.0082  18.4573 0011282 264.0976  95.8889 13.51022862 98477
IRIDIUM 177
1 56727U 23068T   26208.54976653  .00001181  00000-0  15258-3 0  9994
2 56727  86.1988 309.6317 0002322  98.2173 261.9311 14.80041528172339
HRC MONOBLOCK CAMERA
1 66052U 98067XR  26208.94370516  .00119599  00000-0  60617-3 0  9999
2 66052  51.6198  68.8317 0001354 240.2362 119.8505 15.80651236 44437
COSMOS 1433
1 13765U 83002E   26208.46142663 -.00000004  00000-0  78384-4 0  9994
2 13765  74.0214 199.7786 0014490 266.3634 167.9301 12.51951423989159
YAOGAN-31 H
1 47693U 21014C   26208.52417834 -.00000216  00000-0 -19224-3 0  9991
2 47693  63.4020  94.9770 0180851   1.1610 358.9801 13.45451244266106
SHIYAN 6 03 (SY-6 03)
1 48157U 21028A   26208.54246032 -.00000002  00000-0  43436-4 0  9999
2 48157  99.5288 222.5513 0045968 342.6823  17.2758 13.77602934265069
FLOCK 4H 35
1 66738U 25276CA  26208.56110105  .00007281  00000-0  33049-3 0  9999
2 66738  97.4186 281.7235 0003327 127.9366 232.2170 15.21088719 35865
JILIN-01 GAOFEN 2D
1 49256U 21086A   26208.49504562  .00004574  00000-0  27482-3 0  9992
2 49256  97.6515 331.1983 0033014   9.0565 351.1253 15.10945239266806
ONEWEB-0690
1 61598U 24188E   26208.40934534 -.00000489  00000-0 -14151-2 0  9999
2 61598  87.8902  13.0568 0001924 112.0898 248.0434 13.11417424 89902
RESURS O1-N4
1 25394U 98043A   26208.37443960  .00000126  00000-0  73603-4 0  9993
2 25394  98.9462 182.7248 0002067  45.8321 314.3027 14.25135584458053
RASSVET-3 3
1 68362U 26061C   26208.72220938  .00002401  00000-0  11649-3 0  9992
2 68362  82.2976 332.8063 0003785 103.0562 257.1094 15.18052294 19595
GLOBAL-9
1 47971U 21023G   26208.53783000  .00024357  00000-0  45944-3 0  9990
2 47971  44.9819  23.4783 0004973 242.0997 117.9390 15.48088562301199
HIBARI
1 49400U 21102F   26208.82541790  .00012421  00000-0  39687-3 0  9993
2 49400  97.3218 254.2808 0012751  62.2130 298.0403 15.32517187260417
COSMOS 2502
1 40358U 14086A   26208.56900619  .00000053  00000-0  90963-4 0  9992
2 40358  67.1530 268.9372 0007539 250.0450 109.9824 13.97827046589597
NOAA 19
1 33591U 09005A   26208.46940064  .00000036  00000-0  43221-4 0  9991
2 33591  98.9502 279.3692 0012691 276.7373  83.2355 14.13479769900172
JILIN-1-03
1 41914U 17002B   26208.51807213  .00013939  00000-0  32305-3 0  9995
2 41914  97.1952 215.0613 0006818  45.7103 314.4703 15.42508858528075
QIANFAN-38
1 62239U 24232C   26208.50237829  .00000062  00000-0  77733-4 0  9998
2 62239  89.0083  18.4656 0012558 258.2391 101.7352 13.51022782129847
USA 22
1 17997U 87043A   26208.90547338  .00017717  00000-0  88399-3 0  9995
2 17997  63.2938  76.5100 0673218 108.8589 258.6674 14.13835161112242
KUIPER-00101
1 65947U 25228A   26208.14442751  .00004297  00000-0  59220-3 0  9999
2 65947  51.8977 103.8828 0000778 106.2787 253.8261 14.79940291 43889
COSMOS 1234
1 12113U 80102G   26208.31318362 -.00000014  00000-0  13969-4 0  9992
2 12113  73.9968 313.3842 0035109  11.9359  17.6172 12.56713531 91369
ONEWEB-0220
1 48232U 21031Y   26208.59120284  .00001352  00000-0  36119-2 0  9998
2 48232  87.8965 281.6512 0001933  89.3086 270.8265 13.14515404253715
YAOGAN-42 02
1 59557U 24075A   26208.55344394  .00009905  00000-0  41084-3 0  9997
2 59557  35.0014  15.7413 0004963 184.3100 175.7572 15.23098035126241
COSMOS 2095
1 20740U 90070F   26208.18265635  .00000047  00000-0  19292-3 0  9990
2 20740  82.5696 241.7942 0018080 285.7938 139.1747 12.66142437662090
GEESAT 2-03
1 58907U 24023C   26208.29345933  .00002472  00000-0  23287-3 0  9996
2 58907  50.0005 134.4446 0005846 194.0346 166.0436 14.97225551135339
KINEIS-5E
1 62083U 24219C   26208.47358141  .00000688  00000-0  11650-3 0  9996
2 62083  97.9036   6.3034 0007534 130.0442 230.1428 14.72312538 89692
SDA_1667
1 65977U 25230D   26208.37122815  .00000202  00000-0  17867-3 0  9999
2 65977  81.2997 175.0135 0001211  92.4124 267.7169 13.81443286 39337
COSMOS 451
1 05554U 71086H   26208.28612084 -.00000022  00000-0 -51799-4 0  9991
2 05554  74.0316 338.1218 0053051 185.1868 193.1027 12.34309230468636
KUIPER-00605
1 69288U 26118X   26208.50002315  .00004094  00000-0  54057-3 0  9996
2 69288  51.8964 224.9142 0000955 127.0963 303.7616 14.81868678  5467
GEESAT 1-04
1 52788U 22058D   26208.51013591  .00001906  00000-0  26849-3 0  9998
2 52788  50.0046  16.8483 0009544 302.8395  57.1624 14.81525132225904
RTU MIREA 1
1 61785U 24199BC  26208.53659814  .00072921  00000-0  71532-3 0  9993
2 61785  97.2863  86.5342 0010012 121.0944 239.1300 15.65784251140778
COSMOS 1322
1 12977U 81116C   26208.63516821 -.00000020  00000-0 -43904-4 0  9991
2 12977  73.9852 341.2661 0093096 188.5205 184.3201 12.28729782  3225
NIMBUS 7
1 11080U 78098A   26208.63419452  .00000000  00000-0  41072-4 0  9992
2 11080  99.4636  93.1633 0009106 158.6985 201.4550 13.84520489412291
COSMOS 418
1  5217U 71041H   26208.52021036  .00000004  00000-0  12505-3 0  9995
2  5217  74.0146  37.6542 0059980 177.7593 211.5002 12.54582871529006
METEOR 2-16
1 18312U 87068A   26208.23281807  .00000112  00000-0  85674-4 0  9991
2 18312  82.5547 262.5597 0011164 289.9575  70.0383 13.84950432967857
WILDFIRE 6
1 57763U 23133G   26208.76538687  .00000086  00000-0  65603-4 0  9996
2 57763  80.9977 328.1564 0004888 266.9685  93.0912 13.85432634146632
PREFIRE-1
1 59965U 24108A   26208.38678805  .00005184  00000-0  21633-3 0  9998
2 59965  97.5350   3.3628 0012771 100.1573 260.1105 15.24043839118714
COSMOS 2453
1 35500U 09036C   26208.52107089  .00000009  00000-0 -96074-5 0  9992
2 35500  82.4865  62.8419 0007871  78.2192 281.9770 12.41520050772987
KUIPER-00647
1 69790U 26151AD  26208.18123450  .00023435  00000-0  70742-3 0  9998
2 69790  51.8669 122.7993 0010862 213.3285 146.7018 15.34102834  3856
COSMOS 371
1 04578U 70083A   26208.12440818  .00000248  00000-0  63057-4 0  9997
2 04578  73.9975  97.8223 0001144  60.5736 299.5541 14.55843952951404
KUIPER-00596
1 69281U 26118Q   26208.41487877  .00002280  00000-0  32770-3 0  9992
2 69281  51.8993 227.7779 0000891 147.9053 212.1964 14.79978586 10045
GLOBALSTAR M033
1 25909U 99049C   26208.22577125 -.00000084  00000-0  77162-4 0  9995
2 25909  51.9916 288.8701 0013782  19.5725 340.5649 12.20309092585199
COSMOS 979
1 10586U 78005D   26208.49193470 -.00000024  00000-0 -47642-4 0  9990
2 10586  74.0314 124.3542 0017531 268.9967 204.1409 12.53501132212217
COSMOS 1831
1 17586U 87026E   26208.27076564 -.00000001  00000-0 -63600-4 0  9997
2 17586  82.5621 144.9755 0016374  36.8783 129.9526 12.65548669818502
DFH-1
1  4382U 70034A   26208.44639791  .00000614  00000-0  94701-4 0  9998
2  4382  68.4298 339.6710 1032625 303.9067  46.7887 13.14563880650978
ONEWEB-0214
1 48788U 21045X   26208.54723229 -.00000041  00000-0 -14352-3 0  9994
2 48788  87.8982 251.1424 0001816 103.7276 256.4057 13.15547166249597
ITOS 1 (TIROS M)
1 04320U 70008A   26208.85043980 -.00000022  00000-0  13045-3 0  9990
2 04320 101.3683 240.5457 0027689 233.1356 300.6194 12.52123281778940
OSCAR 19 (LUSAT)
1 20442U 90005G   26208.01974548  .00000124  00000-0  60864-4 0  9997
2 20442  98.8846 230.9213 0012686  89.7372 270.5265 14.34133627908105
OICETS
1 28809U 05031A   26208.58143850  .00004788  00000-0  19916-3 0  9994
2 28809  98.0597 106.5931 0017560 234.9673 124.9915 15.24191064144750
HJS-9C
1 68833U 26091C   26208.13929589  .00003281  00000-0  16878-3 0  9997
2 68833  54.9986 207.1437 0010281 140.9150 219.2614 15.19207014 14276
ONEWEB-0577
1 56066U 23043W   26208.80228848  .00000083  00000-0  18378-3 0  9994
2 56066  87.9080 220.7053 0001284  99.2774 260.8502 13.16596307164330
COSMOS 976
1 10581U 78005A   26208.52137899  .00000008  00000-0  15472-3 0  9997
2 10581  74.0277 221.1606 0005300   4.4762  69.8292 12.51297937210075
KUIPER-00589
1 69767U 26151E   26208.50002315 -.00009914  00000-0 -34505-3 0  9999
2 69767  51.8821 121.1468 0004892 189.9288 178.1107 15.28031151  4548
ONEWEB-0669
1 55828U 23029AJ  26208.17368686  .00000052  00000-0  96937-4 0  9992
2 55828  87.9172 266.4723 0001484  93.0161 267.1142 13.20770931166426
COSMOS 1035
1 11044U 78091B   26208.04019292  .00000001  00000-0  10403-3 0  9992
2 11044  74.0349  37.3193 0049192 202.0115 323.3189 12.55707118191626
LKW-3
1 43146U 18006A   26208.51981858  .00012502  00000-0  35912-3 0  9999
2 43146  97.6645  10.6995 0003870 143.7595 216.3911 15.35976627474907
UWE-2
1 35934U 09051D   26208.68029272  .00000703  00000-0  15580-3 0  9995
2 35934  98.3982 112.7158 0007180 112.4455 247.7505 14.60222407894760
ONEWEB-0553
1 56055U 23043K   26208.08033853  .00000023  00000-0  26782-4 0  9995
2 56055  87.9077 220.8491 0001831  81.9736 278.1603 13.16594757164224
ICEYE-X64
1 67373U 26004L   26208.47174397  .00001184  00000-0  13486-3 0  9997
2 67373  97.8037 206.4004 0006361  18.9907 341.1545 14.88008508 29284
IRIDIUM 138
1 43071U 17083B   26208.71244421  .00000222  00000-0  72171-4 0  9995
2 43071  86.3999 304.7791 0002039  96.0029 264.1399 14.34217836449945
COSMOS 873
1 09590U 76118C   26208.14292868  .00000003  00000-0  12955-3 0  9992
2 09590  74.0294  77.1462 0020607 198.3267 283.9907 12.46417290258334
COSMOS 736
1 07825U 75045E   26208.80181546  .00000002  00000-0  11962-3 0  9998
2 07825  74.0172  36.4997 0010367  70.0423 301.5930 12.46889598329001
PETREL
1 69503U 26132B   26208.40210149  .00001833  00000-0  15494-3 0  9997
2 69503  97.6938 271.5682 0015157 126.0620 234.2009 14.99231541  6807
NINGXIA-1 3
1 44781U 19076C   26208.48185365 -.00000083  00000-0  30306-4 0  9993
2 44781  45.0025 358.3000 0009958 332.0190  28.0108 14.02008478343519
FLOCK 4G 2
1 62661U 25009BE  26208.16949065  .00011040  00000-0  37625-3 0  9997
2 62661  97.4007 290.0444 0004761 162.6160 197.5245 15.30536891142644
COSMOS 1992
1 19769U 89005A   26208.59701746  .00000130  00000-0  53919-4 0  9996
2 19769  74.0457 174.2981 0021883   7.1719 352.9743 14.35851328962640
ONEWEB-0654
1 55816U 23029W   26208.26293464  .00000092  00000-0  21274-3 0  9995
2 55816  87.8959 281.7202 0001707  95.3582 264.7742 13.14502884164685
HERMES 4
1 63833U 25052BP  26208.23377481  .00011442  00000-0  38141-3 0  9992
2 63833  97.3830 101.8624 0004907  75.5026 284.6759 15.31244725 76077
OPS 6983 (DMSP 5C F1)
1 07411U 74063A   26208.17610906  .00000250  00000-0  11356-3 0  9997
2 07411  98.5140  49.2914 0039722 249.6636 110.0276 14.29707531700081
HULIANWANG DIGUI-123
1 67063U 25295E   26208.49445991 -.00000069  00000-0  11790-3 0  9995
2 67063  50.0020 240.9299 0001091 237.7326 122.3440 13.29324972 30862
IRIDIUM 169
1 43926U 19002E   26208.45546724  .00000300  00000-0  91696-4 0  9999
2 43926  86.4234   8.3541 0002247 104.0885 256.0563 14.38604234396016
GONETS D1M 1
1 28909U 05048B   26208.56144859 -.00000057  00000-0 -41201-3 0  9990
2 28909  82.4692 284.4586 0009017  77.6062 343.4088 12.55293359943610
ONEWEB-0641
1 55805U 23029K   26208.66497040  .00000050  00000-0  92364-4 0  9996
2 55805  87.9189 296.9087 0002094 103.3550 256.7816 13.19727844164259
PUNCH-NFI00
1 63178U 25047A   26208.51405181  .00000541  00000-0  88159-4 0  9991
2 63178  97.9572  33.2822 0011801  35.2838 324.9149 14.74808057 74025
SENTINEL 2B
1 42063U 17013A   26208.48723822  .00000115  00000-0  60705-4 0  9990
2 42063  98.5684 282.6895 0001244  94.4836 265.6489 14.30817950490407
MAGION 3
1 21835U 91086E   26208.57630190  .00004027  00000-0  72393-3 0  9992
2 21835  82.5344 158.2395 1450654  12.5174 350.8203 12.21489664518508
T-MICROSAT-1
1 66766U 25276DE  26208.66704057  .00006232  00000-0  28234-3 0  9991
2 66766  97.4149 281.7673 0002082  91.0246 269.1228 15.21214152 36592
KUIPER-00276
1 67794U 26030AG  26208.43179875 -.00000048  00000-0  22734-4 0  9991
2 67794  51.8989 290.1722 0001517 185.2126 174.8821 14.79928147 26222
SAUDICOMSAT 5
1 31124U 07012H   26208.90928125  .00000823  00000-0  14989-3 0  9992
2 31124  98.3521 184.6209 0047334 359.2509   0.8616 14.68208425 29579
KUIPER-00092
1 64837U 25151X   26208.52381588  .00000755  00000-0  12798-3 0  9997
2 64837  51.9005  32.2560 0000590 101.7980 258.3049 14.79936492 57364
HAIYANG 1D
1 45721U 20036A   26208.50738396  .00000059  00000-0  36279-4 0  9994
2 45721  98.4557 149.3123 0003704  46.0498 314.0992 14.34184920320758
GHGSAT-C12
1 64529U 25135B   26208.52641169  .00003785  00000-0  17625-3 0  9991
2 64529  97.4779 322.9883 0005817  47.7171 312.4556 15.20513689 60950
COSMOS 1565
1 15004U 84052G   26208.31603339  .00000010  00000-0  15773-3 0  9992
2 15004  74.0112  51.6751 0043455 164.2202 306.9740 12.55464398932189
EOSSAT-1
1 55053U 23001AW  26208.53157315  .00005267  00000-0  16263-3 0  9993
2 55053  97.3219 268.7893 0008205 343.3197  16.7775 15.33952091198109
QIANFAN-55
1 62785U 25016A   26208.55730843  .00000137  00000-0  19318-3 0  9991
2 62785  88.9700  79.6874 0019186  55.8347 304.4620 13.51023169 77813
COSMOS 2093
1 20738U 90070D   26208.19907538  .00000021  00000-0  56231-4 0  9990
2 20738  82.5739 275.2725 0009060  25.2309   1.7056 12.64094878659437
HULIANWANG DIGUI-113
1 66923U 25285J   26208.85654661 -.00000100  00000-0  51675-4 0  9997
2 66923  50.0114 359.8601 0000875  79.4796 280.6175 13.29324625 31474
T.MICROSAT-2
1 68433U 26067T   26208.34784134  .00005434  00000-0  27246-3 0  9997
2 68433  97.4586 166.1200 0003731 290.5924  69.4909 15.17751684 18029
COSMOS 1344
1 13110U 82024A   26208.52228377  .00000072  00000-0  60378-4 0  9993
2 13110  82.9205  28.5160 0027386 231.6513 151.3413 13.74239606223087
ONEWEB-0697
1 61603U 24188K   26208.43308983  .00000246  00000-0  65778-3 0  9993
2 61603  87.8897  13.0530 0002569  89.3704 270.7718 13.11419544 89721
COSMOS 593
1  6850U 73069F   26208.46466616 -.00000027  00000-0 -58791-4 0  9996
2  6850  74.0012 123.2379 0077782 170.5978 309.2314 12.59721232428628
SJ-9B
1 38861U 12056B   26208.70329875  .00002319  00000-0  23673-3 0  9998
2 38861  97.6012 191.3442 0016908  81.1274 279.1859 14.91452939745761
COSMOS 2202
1 22039U 92042F   26208.85286446  .00000047  00000-0  20299-3 0  9990
2 22039  82.5928 227.8813 0007900 205.1255 327.7096 12.62664853568533
ONEWEB-0677
1 56713U 23068D   26208.18547541  .00000139  00000-0  31072-3 0  9993
2 56713  87.9174 266.4635 0001691  91.3731 268.7596 13.20772829155086
KORSAT-3
1 63630U 25081A   26208.59362678  .00003626  00000-0  31236-3 0  9993
2 63630  45.4110 126.3486 0009431  64.7614 295.4241 14.99119014 69247
KUIPER-00226
1 67785U 26030X   26208.22785936 -.00004736  00000-0 -64540-3 0  9998
2 67785  51.9004 287.4646 0003571 195.3012 164.7841 14.76380625 26245
ONEWEB-0601
1 54665U 22166Z   26208.53124087  .00000034  00000-0  50743-4 0  9991
2 54665  87.9228 235.9638 0001751  97.2625 262.8708 13.21826340177036
COSMOS 676
1 07433U 74071A   26208.48984482  .00000094  00000-0  43438-4 0  9990
2 07433  74.0479  29.3963 0014337 228.7820 131.2096 14.33541688708627
ONEWEB-0463
1 51650U 22012AE  26208.38076252  .00000044  00000-0  80895-4 0  9997
2 51650  87.9158 357.8850 0001886  89.7935 270.3413 13.17648037218963
LEMUR 2 MARHISYAM
1 60536U 24149BW  26208.70597118  .00011047  00000-0  64698-3 0  9995
2 60536  97.6878 291.8465 0001536  45.8730 314.2626 15.11987295106609
ONEWEB-0680
1 56716U 23068G   26208.51776691 -.00000001  00000-0 -33670-4 0  9990
2 56716  87.9235 235.9462 0001939  78.3459 281.7893 13.21826618156424
GEOEYE 1
1 33331U 08042A   26208.45820985  .00000464  00000-0  96256-4 0  9992
2 33331  98.1320 281.9097 0003271 298.6650  61.4224 14.64658748956049
METEOR 2-1
1 08026U 75064A   26208.62203339  .00000210  00000-0  10989-3 0  9997
2 08026  81.2815 344.0081 0023690 104.9778 255.4018 14.10819235625045
YUNHAI 2-2D
1 59283U 24052D   26208.47964616  .00000043  00000-0  81646-4 0  9997
2 59283  50.0084  91.5958 0004785   4.7729 355.3231 14.28009033124151
PROPCUBE 3
1 40973U 15058K   26208.76403280  .00005219  00000-0  42463-3 0  9999
2 40973  64.7689 125.7351 0126668  44.2153 316.8998 14.94517055120869
HULIANWANG DIGUI-11
1 62971U 25030A   26208.45643728 -.00000095  00000-0  62641-4 0  9990
2 62971  50.0008  91.3861 0000797 311.3056  48.7748 13.29325078 71219
KUIPER-00137
1 65963U 25228S   26208.09309072  .00004220  00000-0  58215-3 0  9998
2 65963  51.9031  89.2079 0001011 100.0129 260.0947 14.79935831 44085
OPS 6432
1 14112U 83056A   26208.51131367  .00005019  00000-0  57305-3 0  9994
2 14112  63.3061  55.7752 0685341 133.9795 231.9912 13.89427922113903
TIANMU-1 10
1 57402U 23101D   26208.50037860  .00006747  00000-0  23295-3 0  9990
2 57402  97.2602 258.5004 0004398  17.6512 342.4881 15.30262071167805
COSMOS 2098
1 20774U 90078A   26208.51924067  .00004585  00000-0  31780-3 0  9990
2 20774  82.9366  49.8612 0744060 103.7071 264.7999 13.90441098778126
TANAGER-1 4001
1 60507U 24149AR  26208.52814558  .00000386  00000-0  10334-4 0  9996
2 60507  97.2296 302.5887 0002367 115.0096 245.1398 15.43948432109261
HULIANWANG DIGUI-14
1 62974U 25030D   26208.49811830 -.00000101  00000-0  49027-4 0  9999
2 62974  50.0033  91.0445 0000603 319.6547  40.4281 13.29324862 71229
COSMOS 1333
1 13033U 82003A   26208.21806244  .00000054  00000-0  41431-4 0  9994
2 13033  82.9441 135.6670 0033679  78.5108  79.6416 13.73478088231687
LIZZIESAT
1 59132U 24043AL  26208.64527016  .00004436  00000-0  16625-3 0  9992
2 59132  97.5683 345.0355 0012229 101.8601 258.4010 15.27739349133117
RCM 3
1 44323U 19033B   26208.51477816  .00000002  00000-0  55808-5 0  9992
2 44323  97.7605 215.4870 0001499  91.1392 268.9999 14.92587678388117
FENGYUN 1B
1 20788U 90081A   26208.48906441 -.00000165  00000-0 -77516-4 0  9991
2 20788  98.9762 188.1314 0014952 218.1861 141.8247 14.03206684837203
LEGION 4
1 60453U 24146B   26208.52904244  .00003164  00000-0  17652-3 0  9991
2 60453  45.0009 266.1422 0010010 187.8117 172.2607 15.15758784106997
GEESAT 2-02
1 58906U 24023B   26208.48128795  .00001705  00000-0  23307-3 0  9992
2 58906  49.9980 167.6146 0014398 154.2699 205.8958 14.83354791134898
LEMUR-2-LUCILLE-ROSE
1 65403U 25135BV  26208.57311692  .00008452  00000-0  67109-3 0  9991
2 65403  97.7686 324.7682 0015869 152.3574 207.8497 15.00637853 54690
COSMOS 2247
1 22648U 93030C   26208.69931259  .00000026  00000-0  85119-4 0  9995
2 22648  82.5807 290.1182 0007946 197.5468 317.3765 12.63280781531192
HAWK-9B
1 59450U 24066J   26208.58264125  .00001695  00000-0  15566-3 0  9999
2 59450  45.6116  69.3629 0003832 241.3169 118.7328 14.99251264125893
COSMOS 1858
1 18119U 87051G   26208.23419367  .00000008  00000-0  14344-3 0  9991
2 18119  74.0034  34.8756 0048344  35.5481  79.1121 12.56041901793315
ONEWEB-0651
1 56080U 23043AL  26208.50682890  .00000210  00000-0  52504-3 0  9999
2 56080  87.8972 251.1850 0001800  95.7474 264.3862 13.15548758162927
GOSAT 2
1 43672U 18084B   26208.27200519 -.00000973  00000-0 -10993-3 0  9993
2 43672  97.8838 319.2890 0001853 105.4230 254.7189 14.84226254419504
ONEWEB-0269
1 48987U 21060W   26208.74847769 -.00000004  00000-0 -44763-4 0  9999
2 48987  87.9071 220.7231 0001883  88.8721 271.2626 13.16594874244960
COSMOS 1159
1 11694U 80012D   26208.50961899  .00000014  00000-0  19717-3 0  9990
2 11694  74.0198 262.6496 0018354 215.8236 209.9212 12.50127904120015
GB 3
1 14180U 83056G   26208.68833767  .00002167  00000-0  26313-3 0  9996
2 14180  63.3097 129.7720 0719693 132.5675 233.8460 13.82174217364595
PE2_FLT2 (TYVAK-0262)
1 59104U 24043G   26208.61828226  .00002398  00000-0  21143-3 0  9991
2 59104  97.8432 339.4255 0005056 266.1677  93.8967 14.97387698130701
AEPEX
1 68506U 26067CU  26208.30439094  .00009053  00000-0  42804-3 0  9994
2 68506  97.4528 166.2488 0001937 347.2967  12.8219 15.19613075 17914
KUIPER-00537
1 69607U 26140R   26208.50002315 -.01975357  00000-0 -10295+0 0  9990
2 69607  51.8876 205.1072 0008582  95.7792  74.5577 15.18982438  5777
ONEWEB-0272
1 48990U 21060Z   26208.47138541  .00000070  00000-0  14835-3 0  9991
2 48990  87.9069 220.7799 0001889  98.8716 261.2629 13.16596263244912
DANDE
1 39267U 13055C   26208.43973936  .00013023  00000-0  24075-3 0  9993
2 39267  80.9895 126.9951 0458870 154.3255 208.1543 14.80681267666169
ICEYE-X54
1 64570U 25135AU  26208.52673896  .00003957  00000-0  36964-3 0  9997
2 64570  97.7753 322.5682 0003140 153.8824 206.2555 14.94726035 59920
GAOFEN 6
1 43484U 18048A   26208.53128253  .00000712  00000-0  10998-3 0  9991
2 43484  98.0955 271.2614 0011714  46.5346 313.6835 14.76396356439348
KUIPER-00055
1 64515U 25134R   26208.58573199  .00003059  00000-0  43010-3 0  9999
2 64515  51.9011 272.0636 0000340  79.8291 280.2710 14.79926663 61661
YAOGAN 16B
1 39012U 12066B   26208.39205383 -.00000005  00000-0  81313-4 0  9997
2 39012  63.3519 186.1792 0438950  27.1792 335.1489 13.45516358671519
COSMOS 2336
1 24677U 96071A   26208.37907272  .00000044  00000-0  32144-4 0  9990
2 24677  82.9423 177.1016 0024050 164.3053 348.5713 13.71685686481535
KUIPER-00622
1 69779U 26151S   26208.03277641  .00029255  00000-0  90226-3 0  9996
2 69779  51.8769 123.3334 0006488 191.8948 168.1885 15.33331341  3839
CHUANG XIN 20C (CX-20C)
1 58427U 23181C   26208.51715380 -.00000085  00000-0  76566-4 0  9997
2 58427  49.9569 178.8678 0011675  18.6844 341.4459 13.41488768131168
KUIPER-00557
1 69622U 26140AG  26208.15670952  .00025301  00000-0  68018-3 0  9998
2 69622  51.8781 205.3738 0009153 342.1619  17.9046 15.37703113  7385
YUNHAI 1-03
1 53877U 22115A   26208.48323882  .00000326  00000-0  13596-3 0  9995
2 53877  98.5561 206.1226 0003554 295.2457  64.8358 14.32744559201287
NOAA 17
1 27453U 02032A   26208.49436316  .00000176  00000-0  92425-4 0  9992
2 27453  98.8681 174.7668 0010635 231.8748 128.1473 14.26251425252737
QIANFAN-172
1 69389U 26124H   26208.88998645 -.02059147  00000-0 -24064+1 0  9991
2 69389  89.0012 357.5183 0009561  24.8670 335.2952 13.72626030  7531
COSMOS 807
1  8744U 76022A   26208.47844492  .00008736  00000-0  34609-3 0  9999
2  8744  82.9151 284.7466 0456046 122.2822   6.5088 14.63176446555512
COSMOS 2128
1 21103U 91009D   26208.41068272  .00000001  00000-0  11173-3 0  9991
2 21103  74.0274 204.3682 0014684  13.4242 346.7198 12.51926264620270
PICOSAT 5
1 26093U 00004L   26208.91868683  .00002918  00000-0  55014-3 0  9999
2 26093 100.1961   6.1224 0024121  97.8557 262.5379 14.65412010398419
KUIPER-00520
1 69601U 26140K   26208.50002315 -.00035414  00000-0 -12369-2 0  9991
2 69601  51.8831 204.0187 0006851  49.7155 259.4512 15.28872189  3061
KUIPER-00035
1 63748U 25088AA  26208.39449982  .00000661  00000-0  11564-3 0  9990
2 63748  51.8991 215.3142 0000446  35.7619 324.3373 14.79950770 68217
ONEWEB-0645
1 55809U 23029P   26208.67761080  .00000011  00000-0 -49470-5 0  9998
2 55809  87.9180 296.9127 0002279 110.8533 249.2844 13.19726537164243
IRIDIUM 168
1 43924U 19002C   26208.31628439 -.00000020  00000-0 -14315-4 0  9990
2 43924  86.4004 336.9037 0002073  92.0335 268.1098 14.34217266394726
YAM-14
1 69008U 26100AE  26208.50002315  .00008968  00000-0  89571-3 0  9990
2 69008  97.7835 105.1212 0001017 106.8109 205.7958 14.91723002  5651
HAWK-3B
1 48931U 21059BE  26208.82869301  .00049399  00000-0  36370-3 0  9993
2 48931  97.6621  49.4823 0005355 158.0088 202.1406 15.72911713284237
HAWK-2C
1 47502U 21006CT  26208.57213708  .00006735  00000-0  19968-3 0  9995
2 47502  97.2261 252.0830 0008361  65.6299 294.5817 15.35123157305694
QIANFAN-150
1 69109U 26108F   26208.46856785  .00000095  00000-0  11493-3 0  9994
2 69109  89.0112  17.9879 0020363 350.5947   9.4824 13.57856804  9885
QIANFAN-147
1 69106U 26108C   26208.81092081 -.02043135  00000-0 -32997+1 0  9996
2 69106  89.0110  17.9833 0017756 359.0906   1.0210 13.52424551  9917
COSMOS 2384
1 27055U 01058A   26208.52391179  .00000021  00000-0  57687-4 0  9998
2 27055  82.5433 207.8509 0010560 157.2810 202.8749 12.59892397130138
ONEWEB-0619
1 55160U 23004W   26208.42125824  .00000067  00000-0  14016-3 0  9990
2 55160  87.9170 357.8503 0001450 101.3218 258.8077 13.17648659172892
FLOCK 4G 26
1 62633U 25009AA  26208.67585441  .00012132  00000-0  41591-3 0  9996
2 62633  97.4013 290.5077 0004587 143.1174 217.0383 15.30322473 85109
LYNK TOWER 4
1 55034U 23001AB  26208.63103630  .00007989  00000-0  24563-3 0  9999
2 55034  97.3176 267.1760 0007123 347.8214  12.2856 15.33928820198028
COSMOS 1620
1 15472U 85003D   26208.00174881  .00000022  00000-0  59054-4 0  9993
2 15472  82.6002  27.5809 0015639  25.2188 133.8688 12.65065698917529
ONEWEB-0445
1 51639U 22012T   26208.43359021 -.00000056  00000-0 -19617-3 0  9996
2 51639  87.8823  28.2358 0001856  87.0923 273.0417 13.10369372214612
HULIANWANG DIGUI-55
1 65112U 25168G   26208.49089192 -.00000087  00000-0  79336-4 0  9995
2 65112  49.9976 180.9396 0011667 216.6932 143.3142 13.29323497 48055
COSMOS 2346
1 24953U 97052A   26208.75000164  .00000049  00000-0  32310-4 0  9993
2 24953  82.9252 316.7546 0038961 207.7726 316.4158 13.79827069451968
COSMOS 1529
1 14618U 84001H   26208.12832005 -.00000010  00000-0  43709-4 0  9991
2 14618  74.0077  94.1839 0031930 206.1047 308.5589 12.44868256760521
QIANFAN-118
1 68645U 26075K   26208.55648062  .00000128  00000-0  17972-3 0  9993
2 68645  88.9922 316.8870 0002015 105.4630 254.6743 13.51016735 15255
DEKART
1 46493U 20068H   26208.48545139  .00012268  00000-0  32781-3 0  9992
2 46493  97.8744 220.6680 0010373 134.2020 226.0078 15.38198642321960
ONEWEB-0721
1 56725U 23068R   26208.39052824  .00000049  00000-0  82058-4 0  9995
2 56725  86.6727  72.6788 0001690  81.1717 278.9608 13.22472023163255
HULIANWANG DIGUI-151
1 67527U 26013F   26208.19614069 -.00000087  00000-0  79590-4 0  9993
2 67527  50.0067 212.1373 0001297 263.2043  96.8682 13.29326982 25376
AISSAT 2
1 40075U 14037G   26208.90265993  .00002058  00000-0  20066-3 0  9994
2 40075  98.4071 184.7556 0005887 117.7472 242.4343 14.93699240652822
SICH 1
1 23657U 95046A   26208.41380786  .00001922  00000-0  17394-3 0  9993
2 23657  82.5241   3.6609 0018341 184.0205 176.0872 14.94778677671991
QIANFAN-97
1 66039U 25233G   26208.81410004  .00000066  00000-0  82918-4 0  9999
2 66039  88.9984  39.0775 0002179  94.8617 265.2783 13.51016514 38671
OPS 0252
1 13791U 83008A   26208.28437488  .00001556  00000-0  21859-3 0  9997
2 13791  63.3076 178.4126 0674262 137.2027 228.3601 13.87517006111852
COSMOS 2414
1 28521U 05002A   26208.90773009  .00000098  00000-0  68760-4 0  9996
2 28521  82.9500  12.8365 0039376 211.5719 148.3082 13.87929922 89468
ONEWEB-0041
1 45148U 20008T   26208.33410125  .00000064  00000-0  79344-4 0  9990
2 45148  87.9383 355.7027 0019327 117.4060 242.9058 13.48609227323462
YAOGAN-35 03B
1 53318U 22088C   26208.50717464  .00008280  00000-0  32118-3 0  9998
2 53318  34.9901 314.3111 0011605  21.9669 338.1542 15.25322028222505
COSMOS 2065
1 20550U 90029B   26208.57127384  .00000013  00000-0  19410-3 0  9999
2 20550  73.9789 245.0911 0009039 280.1645 153.5226 12.49206772655758
FLOCK 4G 29
1 62642U 25009AK  26208.68713749  .00007889  00000-0  27293-3 0  9997
2 62642  97.3986 290.4858 0005476 128.6212 231.5519 15.30146582 85097
HULIANWANG DIGUI-97
1 66413U 25258B   26208.23434477 -.00000107  00000-0  37401-4 0  9992
2 66413  49.9998 152.2291 0000885 291.0692  69.0086 13.29327513 35050
QIANFAN-36
1 61569U 24185T   26208.56325235  .00000106  00000-0  13477-3 0  9998
2 61569  88.9761  57.4091 0008318  99.7858 260.4235 13.55641953 98652
VEERY-0G
1 66675U 25276K   26208.56064706  .00010050  00000-0  44972-3 0  9999
2 66675  97.4161 281.5090 0005165 207.2833 152.8132 15.21470862 36565
ONEWEB-0584
1 54651U 22166K   26208.50937286  .00000077  00000-0  15384-3 0  9994
2 54651  87.9223 235.9554 0001989  93.2088 266.9274 13.21825386176845
HXMT
1 42758U 17034A   26208.38707193  .00005977  00000-0  29008-3 0  9997
2 42758  43.0158 319.1473 0030528  38.1470 322.1532 15.18792747503779
CHECKMATE 10
1 57762U 23133F   26208.27552573  .00000007  00000-0 -32598-5 0  9993
2 57762  81.0029 328.9176 0005417 256.0534 104.0021 13.85473645146585
FLOCK 4G 3
1 62639U 25009AG  26208.22428219  .00009654  00000-0  33418-3 0  9996
2 62639  97.4023 290.0680 0004075 139.4067 220.7478 15.30071141 85022
LILACSAT 2
1 40908U 15049K   26208.50223573  .00018643  00000-0  30258-3 0  9998
2 40908  97.4623 246.9042 0008667 105.7377 254.4832 15.52750486602007
CUTE-1.7+APD 2
1 32785U 08021C   26208.48243749  .00005136  00000-0  32182-3 0  9999
2 32785  97.8303 190.7559 0006933 246.6758 113.3741 15.09799650991271
GAOFEN 12 (02)
1 48079U 21026A   26208.51227331  .00000410  00000-0  60775-4 0  9995
2 48079  97.9951 206.5326 0006285 100.8408 259.3511 14.80324414287729
IRIDIUM 33
1 24946U 97051C   26208.31319690  .00000231  00000-0  74009-4 0  9997
2 24946  86.3907 333.1150 0007689 178.9598 181.1616 14.35163238510841
ION SCV-008
1 55051U 23001AU  26208.75324260  .00007028  00000-0  25160-3 0  9993
2 55051  97.5721 305.7634 0013697 224.4905 135.5236 15.29011249197533
SEDSAT 1
1 25509U 98061B   26208.18270681  .00000322  00000-0  50656-4 0  9999
2 25509  31.4286 246.6737 0335947  66.8299 296.7349 14.33411881451579
GEESAT 5-09
1 65558U 25201J   26208.41448672  .00001691  00000-0  22647-3 0  9994
2 65558  49.9795 212.2047 0008291  60.2066 299.9696 14.84297476 47779
IRIDIUM 128
1 42811U 17039J   26208.39581858  .00000025  00000-0  18865-5 0  9991
2 42811  86.3973   8.3359 0002211  92.6598 267.4851 14.34217821475740
COSMOS 1339
1 13065U 82012A   26208.20391318  .00000049  00000-0  34081-4 0  9996
2 13065  82.9009 289.5584 0044312  49.3126 311.1867 13.75786512230035
IRIDIUM 112
1 41925U 17003J   26208.59928512  .00000059  00000-0  14045-4 0  9993
2 41925  86.3922  71.4039 0002103  85.5396 274.6040 14.34217862499068
IRIDIUM 29
1 24944U 97051A   26208.50056096  .00000286  00000-0  90137-4 0  9994
2 24944  86.3990 333.7257 0002357  89.4210 270.7257 14.36826854511465
IRIDIUM 123
1 42804U 17039B   26208.32896908  .00000233  00000-0  76213-4 0  9992
2 42804  86.4006 336.8598 0002211  97.5321 262.6126 14.34218246475702
ARGOS
1 25634U 99008A   26208.36206949  .00000051  00000-0  43550-4 0  9990
2 25634  98.5156 172.9333 0008997 286.4532  73.5656 14.19995071420001
IRIDIUM 162
1 43482U 18047G   26208.58256576  .00000263  00000-0  72212-4 0  9992
2 43482  86.4446  71.4648 0002187  87.4348 272.7103 14.43283251430953
T2V
1 58016U 23155A   26208.49711792  .00000864  00000-0  11641-3 0  9998
2 58016  97.8859 278.8677 0001478  97.9390 262.1990 14.81656596151399
ALOS-4
1 60182U 24123A   26208.94113356  .00001394  00000-0  19353-3 0  9990
2 60182  97.9224 305.5318 0001543  98.0018 262.1369 14.79470721111909
COSMOS 1153
1 11680U 80007A   26208.22341825  .00000041  00000-0  27513-4 0  9993
2 11680  82.9346 140.8056 0035965 223.5714 306.0354 13.73869392328001
COSMOS 340
1  4387U 70036E   26208.37494394  .00000014  00000-0  18517-3 0  9999
2  4387  74.0257 218.4480 0039729 189.8589 233.9194 12.56337167579434
PVCC
1 58025U 23155K   26208.52568417  .00005986  00000-0  31160-3 0  9994
2 58025  97.5693 284.9645 0003992  17.0212 343.1154 15.16394965154094
XINGCHI-1 02B
1 58498U 23187C   26208.48807017  .00001549  00000-0  18373-3 0  9992
2 58498  97.9291 292.4328 0010763  16.7434 343.4135 14.85917947143168
KUIPER-00611
1 69771U 26151J   26208.12908814  .00027606  00000-0  71707-3 0  9992
2 69771  51.8813 122.4779 0001587 146.3023 213.8065 15.38748992  3857
SOICAL (CONE)
1 04132U 69082K   26208.31153864  .00001297  00000-0  50373-3 0  9994
2 04132  69.9916 180.2719 0006220  65.9346 294.2429 14.32059279926655
COSMOS 827
1 08891U 76054C   26208.07713160 -.00000002  00000-0  87501-4 0  9999
2 08891  73.9996  80.2960 0049111 219.7326 294.7073 12.53309983710544
GEESAT 3-04
1 61014U 24159D   26208.53303608  .00002415  00000-0  31846-3 0  9996
2 61014  49.9964 167.2264 0002461 243.3104 116.7582 14.83382447103999
ICEYE-X39
1 60546U 24149CG  26208.16807730  .00004015  00000-0  32621-3 0  9998
2 60546  97.6820 284.6592 0006367  11.1646 348.9718 15.00150608106117
METEOR 1-5
1  4419U 70047A   26208.41751975  .00000157  00000-0  72723-4 0  9991
2  4419  81.2155 196.0655 0038388 300.3800  59.3581 14.16185030894436
ICESAT-2
1 43613U 18070A   26208.68687623  .00009702  00000-0  35175-3 0  9999
2 43613  92.0093 301.9239 0003615  29.8365 330.3090 15.28323350438642
KSM1-A
1 46912U 20081H   26208.59188558  .00006616  00000-0  25084-3 0  9991
2 46912  36.8931 172.0869 0004331 277.9742  82.0515 15.26526729315359
CATSAT
1 60246U 24125J   26208.52026154  .00078160  00000-0  82247-3 0  9993
2 60246  97.2046  61.6898 0018128  38.6530 321.6023 15.63842226113686
SSTL S1-4
1 43618U 18071A   26208.48252390 -.00000016  00000-0  33788-5 0  9992
2 43618  97.4987  78.4098 0002564  76.6236 283.5271 14.96224321428962
HOKUSHIN1
1 69648U 98067YH  26208.79061221  .00029593  00000-0  49563-3 0  9997
2 69648  51.6320  98.7076 0005931  12.6913 347.4225 15.51587556  5953
IRIDE-MS2-HEO-11
1 68983U 26100D   26208.54533653  .00001591  00000-0  16577-3 0  9990
2 68983  97.7330 105.2039 0004357  46.9571 313.2012 14.91173739 12714
SAUDISAT 1A
1 26545U 00057A   26208.59477706  .00001581  00000-0  16295-3 0  9998
2 26545  64.5503 170.4436 0046849 295.7132  63.9146 14.93266154399069
KUIPER-00091
1 64836U 25151W   26208.53190824  .00003941  00000-0  54551-3 0  9991
2 64836  51.9011  24.7299 0000658 118.9303 241.1725 14.79942293 56253
SAOCOM 1-A
1 43641U 18076A   26208.50738574 -.00000079  00000-0 -33974-5 0  9996
2 43641  97.8892  34.6714 0001498  88.3731 271.7654 14.82154243422071
YAOGAN 7
1 36110U 09069A   26208.23405706  .00000477  00000-0  73072-4 0  9991
2 36110  98.0015  93.8436 0023138 270.3938  89.4622 14.78044896895541
ONEWEB-0036
1 45144U 20008P   26208.06185163 -.00000505  00000-0 -14834-2 0  9990
2 45144  87.8835  28.3411 0001587  87.8166 272.3143 13.10372632313585
ONEWEB-0050
1 45453U 20020AF  26208.09045287  .00001859  00000-0  18834-3 0  9998
2 45453  88.9275 227.7886 0004071 145.1102 215.0394 14.90502299346321
KUIPER-00180
1 67768U 26030E   26208.30891986  .00003784  00000-0  52499-3 0  9991
2 67768  51.8994 310.7124 0000454 103.2472 256.8541 14.79934549 25926
ONEWEB-0137
1 47283U 20100AB  26208.63113476 -.00000407  00000-0 -11669-2 0  9994
2 47283  87.8990 342.6238 0001739  95.0940 265.0387 13.12441818269878
METEOR 1-18
1 07363U 74052A   26208.32881260  .00000028  00000-0  10580-4 0  9993
2 07363  81.2301 331.1598 0017779  30.0975 330.1208 14.00277398657715
KUIPER-00111
1 65149U 25171T   26208.17784601  .00006901  00000-0  93386-3 0  9991
2 65149  51.8937 276.1916 0001083 100.1050 260.0034 14.79910107 53339
VICTUS HAZE PUMA
1 69646U 26142A   26208.61280885  .00003793  00000-0  17270-3 0  9994
2 69646  97.3423 105.8130 0027318 219.4142 140.5107 15.20958538  5811
ONEWEB-0634
1 56075U 23043AF  26208.53534895 -.00000101  00000-0 -30305-3 0  9993
2 56075  87.8973 251.1886 0002120  86.7998 273.3375 13.15548225161701
BLACK KITE-2
1 68474U 26067BL  26208.83813210  .00003218  00000-0  31692-3 0  9992
2 68474  97.7568 166.5338 0003944  98.8635 261.3031 14.92752553 17797
NORSAT 3
1 48272U 21034E   26208.48875494  .00005084  00000-0  35653-3 0  9992
2 48272  97.5306 264.7932 0008365 152.2838 207.8837 15.05592210285908
DB-SKYFORGE CORE-TU
1 68445U 26067AF  26208.34680949  .00004295  00000-0  21667-3 0  9994
2 68445  97.4539 166.0447 0003409 314.6669  45.4287 15.17657155 18029
ONEWEB-0527
1 54642U 22166A   26208.52281035  .00000033  00000-0  47772-4 0  9999
2 54642  87.9225 235.9676 0002108  95.4867 264.6508 13.21828207176867
KINEIS-5A
1 62084U 24219D   26208.51991197  .00003653  00000-0  58521-3 0  9999
2 62084  97.8973   6.6185 0004779 161.2234 198.9151 14.72314657 89705
KAISTSAT 4
1 27945U 03042G   26208.46414942  .00000424  00000-0  83120-4 0  9996
2 27945  98.3874  18.1942 0010861 205.5612 154.5056 14.67913631219942
GONETS M 17
1 46486U 20068A   26208.45830769 -.00000090  00000-0 -71940-3 0  9999
2 46486  82.5016 322.4509 0021437 308.7975  51.1190 12.42873927264164
KUIPER-00320
1 68601U 26072AE  26208.42111047  .00003854  00000-0  53409-3 0  9990
2 68601  51.9032   2.7417 0000539 112.1340 247.9680 14.79947468 17286
ONEWEB-0535
1 54147U 22138AL  26208.26219439  .00000032  00000-0  47459-4 0  9999
2 54147  87.9191 296.9827 0001812  91.8141 268.3199 13.19724266182120
ONEWEB-0144
1 47290U 20100AJ  26208.61928786 -.00000156  00000-0 -46989-3 0  9993
2 47290  87.8991 342.6082 0002182  94.0809 266.0569 13.12442085269870
KUIPER-00165
1 65778U 25217S   26208.78199333  .00004054  00000-0  56054-3 0  9997
2 65778  51.9001 136.1158 0000748 100.2172 259.8875 14.79929310 45725
EXPRESS MD2
1 38745U 12044B   26208.58054594  .00022283  42921-5  39435-3 0  9993
2 38745  49.8362 293.1378 1557110 281.6962  61.3818 12.45946579565845
REFLECTOR
1 27005U 01056E   26208.51621935  .00000074  00000-0  13436-3 0  9997
2 27005  99.7687  19.5545 0018505  13.5961 346.5680 13.71456400232061
TERRA SAR X
1 31698U 07026A   26208.50311822  .00000640  00000-0  33655-4 0  9998
2 31698  97.4464 215.6362 0001561  87.7234 272.4180 15.19148713 59347
IRIDIUM 114
1 41923U 17003G   26208.12359052  .00000076  00000-0  20015-4 0  9990
2 41923  86.3930  71.7628 0002038  88.1491 271.9938 14.34217388498972
KUIPER-00414
1 68929U 26098L   26208.50602943  .00002744  00000-0  38872-3 0  9994
2 68929  51.8955 252.4650 0001474 326.8789  33.2080 14.79937390 13273
FLOCK 4H 23
1 66726U 25276BN  26208.18814330  .00006643  00000-0  30965-3 0  9990
2 66726  97.4229 281.1368 0004083 192.6359 167.4774 15.20203933 36497
RIGIDSPHERE 2 (LCS 4)
1  5398U 71067E   26208.48519604  .00000762  00000-0  24089-3 0  9992
2  5398  87.6248 327.6209 0062181  99.0528 261.7714 14.37916479879678
YAOGAN-39 03B
1 57988U 23152C   26208.55615610  .00005913  00000-0  29455-3 0  9993
2 57988  34.9906  44.7650 0027236 228.4309 131.4068 15.16593042156320
SUPERVIEW NEO-2 05
1 68377U 26062A   26208.51251341  .00004687  00000-0  22257-3 0  9993
2 68377  97.4399 215.2463 0001642  84.6855 275.4567 15.19721913 18774
HULIANWANG DIGUI-133
1 67241U 25311F   26208.65852793 -.00000101  00000-0  50184-4 0  9990
2 67241  50.0125 330.6653 0000814 120.1953 239.9000 13.29324594 28729
NAXING 1
1 28221U 04012B   26208.48941790  .00002573  00000-0  18083-3 0  9992
2 28221  98.0031 237.7816 0009685 322.5989  37.4561 15.06041379213310
ONEWEB-0377
1 49303U 21090AA  26208.23779066 -.00000006  00000-0 -46391-4 0  9994
2 49303  87.9173 266.4547 0001720  97.6480 262.4849 13.20769958235807
QIANFAN-33
1 61566U 24185Q   26208.51624622  .00000313  00000-0  21618-3 0  9998
2 61566  88.9784  53.5262 0007233 355.5916   4.5196 13.96725634100813
COSMOS 700
1 07593U 74105A   26208.41787282  .00000066  00000-0  50957-4 0  9990
2 07593  82.9510  18.1188 0024362 185.9090 200.4811 13.76990229590825
ONEWEB-0196
1 48218U 21031J   26208.63559751  .00000030  00000-0  46430-4 0  9993
2 48218  87.8957 281.6481 0002138  95.3641 264.7732 13.14503184253541
ONEWEB-0114
1 47262U 20100E   26208.63622391 -.00000350  00000-0 -10075-2 0  9999
2 47262  87.8991 342.6219 0002015  94.0913 266.0446 13.12443522269828
ONEWEB-0344
1 49210U 21083AA  26208.26543879  .00000208  00000-0  53553-3 0  9996
2 49210  87.8980 312.2646 0002073  88.1433 271.9933 13.13470297236159
YAOGAN-43 03C
1 61619U 24190C   26208.56585058  .00003030  00000-0  12723-3 0  9993
2 61619  34.9964 304.1232 0006307 340.3931  19.6540 15.22996580 97989
ONEWEB-0526
1 54144U 22138AH  26208.68077149  .00000034  00000-0  51611-4 0  9999
2 54144  87.9189 296.9058 0002152 100.4653 259.6722 13.19725311182142
ARCSAT-1
1 52161U 22033E   26208.23985535  .00012580  00000-0  19212-3 0  9997
2 52161  97.2756 301.1336 0005811  62.9983 297.1864 15.54546938241927
QIANFAN-54
1 62255U 24232U   26208.45708720  .00000040  00000-0  43320-4 0  9994
2 62255  89.0077  18.1047 0001050  12.7551 347.3626 13.51014150130029
COSMOS 1561
1 15000U 84052C   26208.62232100 -.00000021  00000-0 -33347-4 0  9998
2 15000  74.0152 337.3461 0015107 194.4514 177.2375 12.47991715920780
GB 2
1 14144U 83056D   26208.84221566  .00001623  00000-0  22584-3 0  9994
2 14144  63.3124 145.7599 0719259 132.5750 233.8337 13.78821957361551
COSMOS 626
1 07005U 73108A   26208.32538749 -.00000071  00000-0  12752-4 0  9990
2 07005  65.4397 351.3196 0045795  29.8021 330.5637 13.85518593660218
KUIPER-00629
1 69783U 26151W   26208.50002315 -.02321272  00000-0 -13447+0 0  9991
2 69783  51.8878 121.9928 0006412 216.9562 162.1853 15.15348164  4231
COSMOS 2272
1 23003U 94011E   26208.20255932  .00000030  00000-0  10396-3 0  9994
2 23003  82.5696 265.6687 0012733  67.8278 292.4164 12.64401486497486
COSMOS 2310
1 23526U 95012A   26208.23578072  .00000044  00000-0  31190-4 0  9993
2 23526  82.9477 119.3495 0022200 179.1504 303.6619 13.72337386569418
QIANFAN-233
1 69862U 26155Q   26208.51140978  .00000258  00000-0  10624-3 0  9994
2 69862  89.0057  59.5458 0031060 181.4732 178.6374 14.23735923  3136
CHIPSAT
1 27643U 03002B   26208.89080707  .00022039  00000-0  39819-3 0  9993
2 27643  94.0275   5.4311 0005638   9.2194 350.9167 15.49650482293494
GRUS-3D
1 69919U 26156BC  26208.66457140  .00001247  00000-0  12885-3 0  9996
2 69919  97.7512 108.7861 0008731  86.5084 273.7133 14.91879927  3037
WEINA 1A
1 43169U 18011A   26208.30228300  .00002166  00000-0  16793-3 0  9994
2 43169  34.9956 278.0045 0002283  20.6827 339.3973 15.01137339464157
NIMBUS 3
1 03890U 69037A   26208.22955839 -.00000021  00000-0  38681-4 0  9990
2 03890  99.6995  87.4472 0038796 222.8871 252.6036 13.42673247806157
GLOBALSTAR M003
1 25165U 98008D   26208.94740457 -.00000158  00000-0 -73267-3 0  9996
2 25165  51.9790 124.5888 0008621  31.3793  49.5815 12.12000757282426
ORESAT0.5
1 60525U 24149BK  26208.18810070  .00021962  00000-0  44291-3 0  9994
2 60525  97.3724 294.8404 0006698 128.2025 231.9829 15.46534204108650
COSMOS 1429
1 13761U 83002A   26208.64516528 -.00000016  00000-0 -66374-5 0  9996
2 13761  74.0232 173.6443 0032326  72.2480 100.8444 12.43439937975428
YAOGAN-30 B
1 42946U 17058B   26208.19140609  .00003100  00000-0  22780-3 0  9990
2 42946  34.9966 146.2468 0002881 292.5383  67.5020 15.03001936481883
QIANFAN-181
1 69398U 26124S   26208.84098586 -.02046877  00000-0 -27369+1 0  9999
2 69398  89.0009 357.5664 0008167  48.9154 311.2709 13.64344505  7502
COSMOS 1229
1 12108U 80102B   26208.62225656 -.00000026  00000-0 -62507-4 0  9999
2 12108  73.9970 337.4965 0031603  48.7953 324.2788 12.56123858 90492
IRIDIUM 143
1 43258U 18030K   26208.59485486 -.00000004  00000-0 -83364-5 0  9996
2 43258  86.3948 273.6659 0002287  95.0606 265.0851 14.34217468435880
IRIDIUM 155
1 43573U 18061E   26208.50706528  .00000001  00000-0 -66531-5 0  9997
2 43573  86.3931  39.8037 0002087  91.3118 268.8317 14.34217465419134
COSMOS 2159
1 21730U 91068C   26208.58479598  .00000041  00000-0  16067-3 0  9998
2 21730  82.5801 254.4013 0013864 179.3635 335.8325 12.66048012609345
QIANFAN-212
1 69811U 26153M   26208.48237056  .00000419  00000-0  18714-3 0  9993
2 69811  88.9934 357.6365 0009735 145.6444 214.5378 14.20823823  3292
HERMES-5
1 63834U 25052BQ  26208.23946117  .00013062  00000-0  46012-3 0  9997
2 63834  97.3926 102.4239 0004865  32.4727 327.6812 15.29416730 76078
KUIPER-00102
1 65140U 25171J   26208.53707309  .00002674  00000-0  37967-3 0  9998
2 65140  51.8972 254.6499 0000436  58.7753 301.3252 14.79932969 53662
FFLY-2
1 65322U 25188H   26208.50567150  .00001409  00000-0  14172-3 0  9991
2 65322  97.7352 283.0531 0012368 358.1607   1.9565 14.92751921 49926
CORIOLIS
1 27640U 03001A   26208.00979651  .00000111  00000-0  72555-4 0  9999
2 27640  98.7141 214.2887 0015205  97.6752 262.6152 14.19954670219879
KUIPER-00098
1 65137U 25171F   26208.52629037  .00002318  00000-0  33287-3 0  9990
2 65137  51.8991 264.7372 0000629  90.5863 269.5172 14.79937557 52877
GRACE-FO 2
1 43477U 18047B   26208.49132757  .00004142  00000-0  10808-3 0  9992
2 43477  88.9926 192.4101 0008509 328.2085  31.8655 15.38521622455992
GONETS M 05
1 39249U 13048A   26208.52431639 -.00000070  00000-0 -57542-3 0  9999
2 39249  82.4856 318.2364 0017684 124.2558 236.0200 12.42892624583898
COSMOS 1750
1 16760U 86042C   26208.51177681  .00000008  00000-0  14579-3 0  9991
2 16760  74.0172  43.3527 0039400 158.9262 229.0491 12.56168194840671
TIANYAN 23
1 63209U 25051B   26208.53209443  .00039019  00000-0  66747-3 0  9996
2 63209  97.4517 297.1068 0002817 291.9295  68.1657 15.51164315 76618
KUIPER-00164
1 67134U 25301B   26208.61179681 -.00003551  00000-0 -43729-3 0  9993
2 67134  51.9006 169.3921 0000896  97.5755 262.5309 14.79912816 34592
PELICAN-7 300E
1 69017U 26100AP  26208.21144089  .00003773  00000-0  15908-3 0  9995
2 69017  97.3796 105.4689 0003117  68.4298 291.7271 15.23917514 12907
ONEWEB-0059
1 45162U 20008AH  26208.44730356 -.00000573  00000-0 -16789-2 0  9998
2 45162  87.8819  28.2528 0001548  95.1455 264.9849 13.10373381313598
KUIPER-00020
1 63735U 25088M   26208.37161498  .00000911  00000-0  14850-3 0  9996
2 63735  51.9008 205.4335 0000648  48.0302 312.0715 14.79939657 68346
QIANFAN-73
1 63159U 25046A   26208.53479269  .00000156  00000-0  22281-3 0  9994
2 63159  88.9720 296.4923 0015413 179.5114 180.6055 13.51017931 78031
NOVASAR 1
1 43619U 18071B   26208.58058007  .00000153  00000-0  18332-4 0  9991
2 43619  97.5014  79.2331 0001203  81.3537 278.7821 14.96270599428976
CAPELLA-16 (ACADIA)
1 65318U 25188D   26208.67780987  .00007295  00000-0  68592-3 0  9993
2 65318  97.7368 283.2248 0005840 105.9598 254.2266 14.94179423 49967
TIME FLIES
1 64564U 25135AN  26208.21293286  .00005025  00000-0  46244-3 0  9997
2 64564  97.7746 322.3111 0003363 121.7531 238.4017 14.95189347 59881
UPPER FREE FLYER
1 43763U 18099F   26208.60758744  .00004461  00000-0  26463-3 0  9998
2 43763  97.4337 256.6051 0013563 158.9306 201.2486 15.11775120418650
PELICAN-3 300A
1 65315U 25188A   26208.56585763  .00007866  00000-0  19099-3 0  9995
2 65315  97.1972 284.1248 0002767 135.9547 224.1921 15.41281441 51538
BRITE TORONTO
1 40020U 14033L   26208.60006159  .00001275  00000-0  19797-3 0  9993
2 40020  97.9785 336.7942 0079349 146.7382 213.8850 14.72746897648167
DELFI-N3XT
1 39428U 13066N   26208.73074268  .00009179  00000-0  78687-3 0  9992
2 39428  97.8318 129.0095 0075940  72.2877 288.6615 14.95506657680680
METEOR 1-26
1  9481U 76102A   26208.40842241  .00000219  00000-0  11619-3 0  9994
2  9481  81.2181   5.1269 0024282 152.3036 207.9435 14.10365117559341
COSMOS 1794
1 17138U 86092A   26208.02318587  .00000006  00000-0  15282-3 0  9994
2 17138  74.0128  59.1185 0021498 249.7882 182.8109 12.45670832804264
ONEWEB-0413
1 50490U 21132X   26208.32446186  .00000071  00000-0  14784-3 0  9994
2 50490  87.9201 327.4741 0002037 108.2329 251.9025 13.18685464226888
FLAMINGO-1
1 67391U 26004AE  26208.24229928  .00001882  00000-0  96517-4 0  9995
2 67391  97.4568 206.5519 0005791 170.9278 189.2062 15.17769207 29825
HULIANWANG DIGUI-166
1 68658U 26076C   26208.45439448  .00000063  00000-0  11184-3 0  9990
2 68658  86.4913  30.2192 0002074  81.5214 278.6155 13.24411225 14708
ONEWEB-0624
1 55165U 23004AB  26208.66186149  .00000278  00000-0  73121-3 0  9994
2 55165  87.8983 342.5334 0001720  93.6819 266.4506 13.12929734173389
ICEYE-X44
1 62707U 25009DC  26208.68208079  .00003201  00000-0  28887-3 0  9998
2 62707  97.7043 287.1696 0001461  53.3976 306.7380 14.96222326105996
IRIDIUM 170
1 43930U 19002J   26208.33415980  .00000827  00000-0  12716-3 0  9999
2 43930  86.6125 336.7577 0002159  91.0373 269.1091 14.72264306405166
CENTISPACE-2 S7
1 68356U 26060G   26208.78713975  .00000217  00000-0  98975-4 0  9999
2 68356  54.9796 235.2792 0010505 266.7960  93.1826 14.50127056 18680
NUSAT-42 (M WONENBURGER)
1 56966U 23084AL  26208.41972837  .00023430  00000-0  46527-3 0  9997
2 56966  97.5755 354.2917 0006867 108.2114 251.9883 15.46973189174299
KUIPER-00386
1 68921U 26098C   26208.50002315 -.01074205  00000-0 -93120-1 0  9992
2 68921  51.9085 235.2643 0003303  24.6058  81.0411 14.99719378  5520
PRAETORIAN SDA_610
1 65573U 25203J   26208.62260943  .00000082  00000-0  63574-4 0  9997
2 65573  81.3036 333.3418 0007891  90.8883 269.3177 13.83530030 44284
HULIANWANG DIGUI-126
1 67066U 25295H   26208.46942078 -.00000074  00000-0  10834-3 0  9997
2 67066  49.9974 240.7051 0001154 233.6425 126.4341 13.29323495 30863
ONEWEB-0116
1 48046U 21025E   26208.27221263  .00000285  00000-0  74570-3 0  9996
2 48046  87.8991 312.2453 0001896 103.8091 256.3249 13.13471061258915
HULIANWANG DIGUI-39
1 64960U 25159E   26208.49207796  .00000068  00000-0  12395-3 0  9996
2 64960  86.4922 268.7761 0001863 102.5193 257.6150 13.24409488 48465
METEOR 1-14
1 06392U 73015A   26208.25454371 -.00000043  00000-0 -32510-4 0  9999
2 06392  81.2339 249.1839 0053879  87.3798 273.3538 14.08111986738332
FLOCK 4G 20
1 62636U 25009AD  26208.67259351  .00111561  00000-0  11952-2 0  9990
2 62636  97.3838 294.6298 0006123 189.2303 170.8844 15.63455028 85421
ONEWEB-0087
1 45451U 20020AD  26208.39225467 -.00000036  00000-0 -13614-3 0  9998
2 45451  87.8910  13.0433 0001650 100.5581 259.5733 13.11415825307858
COSMOS 1904
1 18709U 87106A   26208.55389491  .00000067  00000-0  55488-4 0  9996
2 18709  82.9120  40.5041 0026152 290.6470  93.2102 13.74475315935247
KUIPER-00547
1 69615U 26140Z   26208.41001720  .00036405  00000-0  96334-3 0  9999
2 69615  51.8790 204.0774 0011216 330.8788  29.1573 15.37979750  7424
FLOCK 4BE 28
1 60519U 24149BD  26208.20187208  .00048620  00000-0  95205-3 0  9991
2 60519  97.3741 294.6356 0005600 144.9726 215.1893 15.47234922108628
GJZ 03
1 62292U 24238C   26208.47723590 -.00000059  00000-0  62872-4 0  9999
2 62292  59.9124 149.0640 0022331  29.4410 330.7850 13.75210976 81431
KUIPER-00561
1 69624U 26140AJ  26208.40459168  .00025010  00000-0  68540-3 0  9999
2 69624  51.8795 204.0438 0008386 346.0581  14.0173 15.37120375  7420
TDS 1
1 40076U 14037H   26208.41942139  .00008147  00000-0  45474-3 0  9990
2 40076  98.3827 204.6412 0007765 124.7582 235.4379 15.13830084654314
LEMUR 2 TOMATOKECHUP
1 60471U 24149D   26208.22641096  .00011310  00000-0  31658-3 0  9998
2 60471  97.3795 290.3934 0003361  99.6904 260.4721 15.36802770108314
COSMOS 785
1  8473U 75116A   26208.19721034 -.00000044  00000-0  39234-4 0  9991
2  8473  65.0757 252.4259 0094741 281.9532  77.0919 13.82330017554575
COSMOS 1695
1 16143U 85094F   26208.07317440  .00000031  00000-0  11166-3 0  9997
2 16143  82.5993 242.9235 0007775  37.9545 350.0157 12.62895779880530
AE1D
1 62618U 25009K   26208.49331480  .00165654  00000-0  13091-2 0  9992
2 62618  97.3935 300.3632 0004974 185.1388 174.9825 15.70854616 85750
CUBEL
1 47448U 21006AM  26208.59478436  .00020585  00000-0  47710-3 0  9992
2 47448  97.2310 258.8229 0006718  45.8312 314.3487 15.42425053305988
FLOCK 4H 11
1 66714U 25276BA  26208.17494819  .00014360  00000-0  60199-3 0  9999
2 66714  97.4186 281.6532 0002505 192.8463 167.2711 15.23613615 36538
TIANQI 33
1 62365U 24245A   26208.36417038 -.00000002  00000-0  86825-4 0  9995
2 62365  44.9826 143.2579 0007296 214.9519 145.0835 13.99217903 81989
YAOGAN-40 02C
1 63920U 25096C   26208.51965058  .00000155  00000-0  73741-4 0  9996
2 63920  85.9983 169.1518 0002032  79.5946 280.5466 14.12455293 81109
ONEWEB-0022
1 45135U 20008E   26208.42438309  .00000432  00000-0  11990-2 0  9990
2 45135  87.8829  28.2928 0002155  86.6885 273.4489 13.10489277313621
RCM 1
1 44322U 19033A   26208.71409617  .00000873  00000-0  90326-4 0  9996
2 44322  97.7606 215.5892 0001506  91.8416  20.0363 14.92587400388121
TIANQI 30
1 61196U 24170B   26208.44343660  .00000087  00000-0  15075-3 0  9991
2 61196  44.8599 317.8291 0008923 281.6579  78.3249 13.97710073 94683
OTP-2
1 63235U 25052AB  26208.20711848  .00008189  00000-0  33575-3 0  9994
2 63235  97.3821 100.0433 0007281  37.2369 322.9372 15.24492806 75966
YAOGAN-33 04
1 57958U 23149A   26208.52727579  .00000481  00000-0  11288-3 0  9991
2 57958  98.1985 157.3915 0000813 105.8840 254.2449 14.58765607150886
TIANQI 29
1 61195U 24170A   26208.49673830  .00000097  00000-0  15787-3 0  9991
2 61195  44.8585 317.3284 0006653 278.0630  81.9445 13.97713727 94508
NUSAT-44 MARIA MITCHELL
1 59122U 24043AA  26208.56498003  .00010461  00000-0  36183-3 0  9991
2 59122  97.5491 349.4501 0006660  96.1432 264.0567 15.30068305133441
SEMI-1L
1 66294U 25248B   26208.24070013  .00005374  00000-0  24734-3 0  9995
2 66294  45.4070 266.4544 0004387 292.2958  67.7463 15.21439234 40617
HAWK-14B
1 68436U 26067W   26208.34962342  .00004579  00000-0  22515-3 0  9992
2 68436  97.4568 166.2337 0000601 253.4459 106.6709 15.18516672 18038
COSMOS 1289
1 12638U 81074C   26208.40176138 -.00000006  00000-0  59880-4 0  9999
2 12638  74.0327  89.6954 0024681  26.3648  87.1518 12.54725587 59837
YAOGAN-39 02B
1 57889U 23145D   26208.48757991  .00007368  00000-0  36975-3 0  9997
2 57889  34.9926 332.9570 0008015 104.3326 255.8277 15.16597936159018
IRIDE FM2
1 66696U 25276AG  26208.17672298  .00007476  00000-0  34038-3 0  9990
2 66696  97.4171 281.1275 0003056 198.5419 161.5705 15.20973571 36500
SKYMED 3
1 33412U 08054A   26208.57802824  .00002410  00000-0  16407-3 0  9992
2 33412  97.8237  67.8157 0016891 126.2866 233.9924 15.07179870963028
SEMI-1N
1 66297U 25248E   26208.17501011  .00004056  00000-0  18987-3 0  9996
2 66297  45.4061 263.6472 0011414 267.1243  92.8338 15.21393377 40646
SPACEMOBILE-001
1 61047U 24163C   26208.15659165  .00000214  00000-0  24335-4 0  9998
2 61047  52.9683 125.3098 0006304 234.2886 125.7522 15.20687987103840
COSMOS 2512
1 41099U 15071B   26208.54119513  .00002555  00000-0  37888-3 0  9998
2 41099  98.0634 230.9217 0004202 237.3267 122.7537 14.75963577569109
COSMOS 1579
1 15085U 84069A   26208.40167096 -.00000080  00000-0  74494-5 0  9999
2 15085  65.0528 339.7230 0044865 359.4502   0.6503 13.86221550131359
APRIZESAT 10
1 40019U 14033K   26208.60267165  .00000738  00000-0  12293-3 0  9994
2 40019  97.9694 334.6708 0079611 143.9658 216.6952 14.70925649648197
COSMOS 1704
1 16291U 85110A   26208.67466564  .00000068  00000-0  55521-4 0  9992
2 16291  82.9344  94.7346 0029756 306.5978  81.1581 13.74891554 39497
COSMOS 2237
1 22565U 93016A   26208.50445058  .00000080  00000-0  69909-4 0  9993
2 22565  70.7588 227.5305 0009078 222.4795 137.5622 14.12373910719044
COSMOS 385
1  4799U 70108A   26208.34708411 -.00000007  00000-0  15836-4 0  9996
2  4799  74.0236 322.7722 0004580 261.8134 129.8429 13.76983352794080
JILIN-01 GAOFEN 3D 29
1 52446U 22048D   26208.52282779  .00245680  00000-0  89295-3 0  9998
2 52446  97.5734 326.8475 0004651 222.4977 137.5934 15.87880944235873
IRIDIUM 153
1 43078U 17083J   26208.62022437  .00000024  00000-0  15101-5 0  9994
2 43078  86.3947 273.5668 0002055  97.0387 263.1043 14.34217699451076
MESON-1
1 59131U 24043AK  26208.32996860  .00006202  00000-0  20592-3 0  9994
2 59131  97.5688 347.2948 0011566  98.7667 261.4884 15.31535226133220
ICEYE-X38
1 59100U 24043C   26208.52554311  .00004682  00000-0  26778-3 0  9995
2 59100  97.8447 353.4021 0001332 334.5008  25.6156 15.13186636117774
WILDFIRE 4
1 57756U 23133A   26208.62823891  .00000128  00000-0  10136-3 0  9994
2 57756  81.0048 327.2904 0009085 241.6370 118.3872 13.86364331146723
ONEWEB-0648
1 55811U 23029R   26208.22645167 -.00000139  00000-0 -40846-3 0  9997
2 55811  87.8959 281.7263 0002712 113.5714 246.5701 13.14504098164653
SHIYAN 21 (SY-21)
1 54752U 22172A   26208.64028003  .00006812  00000-0  24613-3 0  9994
2 54752  35.9862 178.8057 0028539 242.4878 117.2954 15.27556300201877
GLOBALSTAR M060
1 26083U 00008C   26208.39292897 -.00000100  00000-0 -87492-4 0  9991
2 26083  52.0049   1.5057 0002708 217.1636 158.6428 12.17683741201739
YAOGAN-43 02F
1 60950U 24156F   26208.55902155  .00007940  00000-0  33134-3 0  9995
2 60950  34.9935 303.9679 0001104 323.3363  36.7275 15.22941684105605
ORBCOMM FM 18
1 25414U 98046B   26208.60208476  .00000979  00000-0  35491-3 0  9994
2 25414  44.9932  48.8471 0004750 154.3527 205.7558 14.39729366462659
TIANMU-1 11
1 58645U 23205A   26208.48056539  .00005618  00000-0  21222-3 0  9990
2 58645  97.3444 229.4137 0007706 209.5042 150.5763 15.27370450143673
ONEWEB-0371
1 49297U 21090U   26208.67603097  .00000028  00000-0  36645-4 0  9997
2 49297  87.9187 296.9073 0002099  98.8817 261.2553 13.19725626231798
FORMOSAT7-1/COSMIC2-1
1 44349U 19036L   26208.85139613  .00002824  00000-0  21569-3 0  9999
2 44349  23.9977 118.2110 0000386 299.3160  60.7302 14.96658006390751
KENT RIDGE 1
1 41167U 15077B   26208.56522362  .00004409  00000-0  14868-3 0  9995
2 41167  14.9810 325.6503 0008251  88.7885 271.3383 15.23347528587263
YAOGAN 10
1 36834U 10038A   26208.51808475  .00002044  00000-0  24319-3 0  9994
2 36834  97.8974 231.6014 0001567  85.9237  74.9936 14.85462837863193
ONEWEB-0430
1 50501U 21132AJ  26208.23846265  .00000079  00000-0  16852-3 0  9995
2 50501  87.9199 327.4942 0002157 102.1608 257.9766 13.18684961226908
AE1A
1 68487U 26067BZ  26208.83448086  .00005137  00000-0  49999-3 0  9992
2 68487  97.7563 166.5313 0003592  99.2444 260.9182 14.92959564 17794
ONEWEB-0387
1 49313U 21090AL  26208.59455670  .00000005  00000-0 -19393-4 0  9996
2 49313  87.9162 266.3967 0001781  89.1203 271.0135 13.20771360235159
COSMOS 1464
1 14084U 83048A   26208.32749634  .00000050  00000-0  36834-4 0  9999
2 14084  82.9465 175.6114 0028533 278.3221 244.3774 13.74696690165457
COSMOS 1058
1 11135U 78109H   26208.36209354 -.00000018  00000-0 -21250-4 0  9991
2 11135  74.0195 348.7936 0036459 184.1240 207.1285 12.39503693155643
DAQI-2
1 68760U 26084A   26208.53598543  .00000433  00000-0  10526-3 0  9994
2 68760  98.2861 282.5281 0001655  18.0535 342.0722 14.57556532 14772
QIANFAN-16
1 60394U 24140R   26208.51931456  .00000087  00000-0  11686-3 0  9995
2 60394  88.9724 275.8594 0012253 276.9319  83.0438 13.51022006 97790
HORACIO
1 59098U 24043A   26208.54959916  .00001929  00000-0  16555-3 0  9996
2 59098  97.8555 340.6015 0009889 245.1853 114.8341 14.98669956130710
UNISAT 2
1 27608U 02058D   26208.56804247  .00000843  00000-0  11501-3 0  9998
2 27608  64.5507 256.2550 0059461 246.5769 112.9078 14.84371297272781
ONEWEB-0318
1 49104U 21075AF  26208.74936164  .00000045  00000-0  81061-4 0  9990
2 49104  87.9206 327.3947 0001759  96.9107 263.2225 13.18687435242513
BRO-5
1 51061U 22002CF  26208.51178360  .00014176  00000-0  26118-3 0  9998
2 51061  97.2977 282.5930 0006583 160.3059 199.8448 15.49240560252492
QIANFAN-191
1 69409U 26125J   26208.88158812 -.01929727  00000-0 -22799+1 0  9991
2 69409  88.9934 275.9129 0021160  44.5125 315.7733 13.71623274  7425
SJ-11-01
1 36088U 09061A   26208.53436042  .00000516  00000-0  10789-3 0  9996
2 36088  98.0077 188.3823 0009348 254.7017 214.1169 14.63723347890394
SINOD-D 3
1 40977U 15058P   26208.26681523  .00005447  00000-0  45060-3 0  9995
2 40977  64.7721 150.6389 0121941  42.5457 318.5025 14.94274135120741
ONEWEB-0287
1 49077U 21075C   26208.41282545  .00000064  00000-0  13224-3 0  9996
2 49077  87.9159 357.8651 0001585  83.2400 276.8912 13.17649252238928
KUIPER-00618
1 69294U 26118AD  26208.50002315 -.00224169  00000-0 -67131-2 0  9998
2 69294  51.8710 218.0758 0001362  10.5211 126.9967 15.34876700  5698
STUDSAT
1 36796U 10035B   26208.69432244  .00005083  00000-0  36067-3 0  9993
2 36796  98.0911 117.5781 0009526 255.0134 105.0037 15.05202347871240
HULIANWANG DIGUI-51
1 65108U 25168C   26208.51576036 -.00000088  00000-0  76927-4 0  9995
2 65108  50.0019 181.1931 0010058 212.8641 147.1606 13.29325700 48053
KUIPER-00159
1 67764U 26030A   26208.50002315 -.00002206  00000-0 -16143-3 0  9995
2 67764  51.8974 265.8880 0005737 145.5145 189.5008 14.98316944  5397
QIANFAN-175
1 69392U 26124L   26208.84678179 -.02103293  00000-0 -24396+1 0  9998
2 69392  89.0033 357.5114 0004599  31.4160 328.7277 13.73187966  7534
ONEWEB-0081
1 45429U 20020F   26208.43478486  .00000274  00000-0  73831-3 0  9998
2 45429  87.8901  13.0542 0001623  95.4402 264.6911 13.11419039308013
MOHAMMED VI-B
1 43717U 18095A   26208.48338110  .00000495  00000-0  77220-4 0  9991
2 43717  97.9545 280.2487 0001805  87.4579 272.6838 14.77093619414134
ICEYE-X71
1 68494U 26067CG  26208.30602728  .00098121  00000-0  92961-2 0  9998
2 68494  97.7630 165.9366 0001089 164.3337 195.7916 14.93090892 17704
NOAA 18
1 28654U 05018A   26208.53415117  .00000051  00000-0  50232-4 0  9996
2 28654  98.8103 287.6235 0014860  40.1524 320.0744 14.13735982 92019
KUIPER-00131
1 68573U 26072A   26208.47246264  .00000335  00000-0  72881-4 0  9990
2 68573  51.8999  17.5074 0000530 105.2233 254.8788 14.79935987 17080
ONEWEB-0244
1 48776U 21045K   26208.53693288 -.00000108  00000-0 -32143-3 0  9993
2 48776  87.8985 251.1451 0002125  99.1367 261.0004 13.15548542250270
QIANFAN-126
1 68653U 26075T   26208.57301821  .00000114  00000-0  15828-3 0  9996
2 68653  88.9924 316.8364 0002603 112.8530 247.2896 13.51020912 15280
ORBCOMM FM 33
1 25983U 99065D   26208.44537789  .00000624  00000-0  23623-3 0  9992
2 25983  45.0271 230.4800 0010534 294.7079  65.2674 14.41037138394509
FLOCK 4H 32
1 66735U 25276BX  26208.18676454  .00006245  00000-0  29144-3 0  9998
2 66735  97.4210 281.0893 0003901 205.7410 154.3631 15.20188835 36491
JD 2
1 14729U 84012D   26208.17611749  .00003456  00000-0  43106-3 0  9997
2 14729  63.3078 285.7004 0739897 129.2488 237.6640 13.76419083349416
KUIPER-00573
1 69627U 26140AM  26208.03041230  .00028374  00000-0  76223-3 0  9991
2 69627  51.8764 206.0149 0009273 329.6510  30.3939 15.37660383  7367
GONETS D1 3
1 23789U 96009C   26208.70221112  .00000018  00000-0  39635-4 0  9996
2 23789  82.5802 293.9807 0004655 345.3171  14.7784 12.62686612402768
ETV-A1
1 51060U 22002CE  26208.46642316  .00011963  00000-0  28754-3 0  9997
2 51060  97.2861 274.6715 0005184 178.3131 181.8134 15.41460291252043
COSMOS 952
1 10358U 77088A   26208.53014395 -.00000067  00000-0  19354-4 0  9995
2 10358  64.9365  30.5786 0047141 350.6973   9.3208 13.83745818468762
NOVA 2
1 19223U 88052A   26208.21795098  .00000064  00000-0  13002-3 0  9998
2 19223  89.9823  77.9071 0032164 108.0508  13.3368 13.22960388839429
GAOFEN 11
1 43585U 18063A   26208.49963221  .00021702  00000-0  30835-3 0  9991
2 43585  97.1273 275.2897 0004552 157.5361 202.6094 15.56404853446615
IMPULSE-2 MIRA
1 62673U 25009BS  26208.62467488  .00006221  00000-0  27602-3 0  9994
2 62673  97.4216 281.7602 0003638  41.7734 318.3779 15.21926778142752
FLOCK 4H 7
1 66710U 25276AW  26208.67035993  .00007529  00000-0  34731-3 0  9996
2 66710  97.4176 281.5370 0001453 197.6896 162.4290 15.20521895 36574
ONEWEB-0507
1 54125U 22138N   26208.68234397  .00000013  00000-0  12573-5 0  9990
2 54125  87.9183 296.9129 0002158 103.8973 256.2400 13.19724295182193
ANSER-LS
1 62644U 25009AM  26208.54390713  .00117334  00000-0  19036-2 0  9998
2 62644  97.3995 296.2237 0003143 173.1580 186.9716 15.52328091 85459
COSMOS 2483
1 39058U 13001B   26208.48867892 -.00000074  00000-0 -59596-3 0  9990
2 39058  82.4985 189.7938 0015257 286.8167  73.1239 12.44025770606601
PRAETORIAN SDA_605
1 65568U 25203D   26208.61328040  .00000095  00000-0  75382-4 0  9997
2 65568  81.3045 333.3732 0009326  83.7422 276.4796 13.83202115 44288
KINEIS-4D
1 63302U 25056C   26208.49869441  .00001753  00000-0  28549-3 0  9992
2 63302  97.9054 331.5019 0002449 174.0152 186.1086 14.72236119 73063
ONEWEB-0119
1 47265U 20100H   26208.61082216  .00000091  00000-0  21858-3 0  9998
2 47265  87.8976 342.6321 0001854  98.7346 261.3992 13.12442002270007
TURKSAT 3U
1 39152U 13018C   26208.19845775  .00003846  00000-0  34205-3 0  9995
2 39152  97.7931 298.8622 0010672 333.4684  26.5990 14.96647573717077
ONEWEB-0219
1 48223U 21031P   26208.26134176  .00000175  00000-0  43882-3 0  9995
2 48223  87.8968 281.7137 0002032  90.6419 269.4944 13.14501448253641
VIGORIDE 5
1 55056U 23001AZ  26208.20061632  .00063593  00000-0  64510-3 0  9990
2 55056  97.3207 281.1362 0003929  48.3763 311.7833 15.65025594198914
SHIKONGXING 01
1 65712U 25214A   26208.08769478  .00002752  00000-0  28509-3 0  9995
2 65712  49.9858 106.3599 0013317  44.7319 315.4695 14.92981417 45662
COSMOS 618
1 06986U 73104B   26208.64111168  .00000003  00000-0  12282-3 0  9991
2 06986  74.0293 279.1147 0026913  55.6236 111.1934 12.49928927400282
HJS-6B
1 63429U 25067B   26208.53318508  .00005510  00000-0  27325-3 0  9998
2 63429  54.9922 211.3211 0010413  79.0092 281.2098 15.19197807 74070
ONEWEB-0243
1 48774U 21045H   26208.83163343 -.00000076  00000-0 -23540-3 0  9993
2 48774  87.8970 251.1186 0002145 110.1043 250.0318 13.15547024249700
FLOCK 4H 26
1 66729U 25276BR  26208.01019577  .00007102  00000-0  33245-3 0  9990
2 66729  97.4181 280.7618 0004012 210.6452 149.4549 15.20030667 36466
KUIPER-00114
1 65151U 25171V   26208.58031157  .00003248  00000-0  45469-3 0  9990
2 65151  51.8990 276.9993 0000272  82.7438 277.3555 14.79948063 53351
IHI-SAT2
1 66772U 25276DL  26208.19593719  .00007272  00000-0  32232-3 0  9995
2 66772  97.4222 281.7067 0003024  91.3141 268.8441 15.21908335 36532
KUIPER-00134
1 65960U 25228P   26208.45251798  .00063457  00000-0  14557-2 0  9993
2 65960  51.8705   1.3506 0006254  93.2479 266.9226 15.42113094 45338
COSMOS 1950
1 19195U 88046A   26208.54590668 -.00000001  00000-0  12186-3 0  9995
2 19195  73.5986  51.0499 0023369 139.9725 248.2503 12.40924678728613
COSMOS 2068
1 20553U 90029E   26208.45059312 -.00000012  00000-0  27031-4 0  9993
2 20553  73.9830  11.7668 0030894 155.4533 233.9557 12.56274902665038
PRAETORIAN SDA_619
1 65582U 25203T   26208.64893643  .00000208  00000-0  17733-3 0  9993
2 65582  81.3073 333.3436 0009354  84.5323 275.6900 13.83807617 44923
NOAA 15
1 25338U 98030A   26208.49877794  .00000138  00000-0  74163-4 0  9991
2 25338  98.5066 228.0416 0009356 224.3900 135.6532 14.27157393467041
GEESAT 5-05
1 65554U 25201E   26208.23532765  .00001651  00000-0  22186-3 0  9991
2 65554  49.9802 213.3137 0010574  71.8777 288.3312 14.84274778 47744
ONEWEB-0126
1 47272U 20100Q   26208.60080649  .00000434  00000-0  11697-2 0  9993
2 47272  87.8980 342.6367 0001964  95.9971 264.1381 13.12443024270003
COSMOS 2603
1 67677U 26023D   26208.61169131  .00009434  00000-0  37006-3 0  9991
2 67677  96.6296 265.5921 0016459 357.5850   2.5308 15.25794158 26161
IRIDIUM 122
1 42957U 17061C   26208.52901183  .00000238  00000-0  77955-4 0  9999
2 42957  86.3978   8.3163 0002124  93.9371 266.2068 14.34217872460562
ONEWEB-0159
1 48062U 21025W   26208.71742974 -.00000068  00000-0 -22206-3 0  9990
2 48062  87.8991 312.1544 0002149  95.2571 264.8803 13.13470941258929
IRIDIUM 5
1 24795U 97020D   26208.54855917  .00005146  00000-0  38110-3 0  9999
2 24795  86.3845 256.0696 0102510 117.6365 243.5319 14.98689633546093
HYPERFIELD-1A
1 60562U 24149CY  26208.20862943  .00006419  00000-0  21367-3 0  9993
2 60562  97.3792 288.1772 0005964 152.0118 208.1446 15.31468167108168
ONEWEB-0218
1 48214U 21031E   26208.59593971  .00000045  00000-0  87909-4 0  9998
2 48214  87.8969 281.6478 0002903  98.6309 261.5149 13.14503887253685
METEOR 1-20
1 07574U 74099A   26208.24618508  .00000164  00000-0  82540-4 0  9998
2 07574  81.2338 280.2339 0016423 187.9620 172.1293 14.12071921656118
YAOGAN 25A
1 40338U 14080A   26208.49192653  .00000088  00000-0  19957-3 0  9998
2 40338  63.3845 206.9323 0370237   9.3279 351.4380 13.45415409571087
HJ-2F
1 57519U 23116A   26208.53856041  .00007510  00000-0  32360-3 0  9990
2 57519  97.3853 213.0710 0006339 256.0521 104.0011 15.22843910164890
HULIANWANG DIGUI-82
1 65817U 25220A   26208.50709457  .00000033  00000-0  42264-4 0  9991
2 65817  86.4954  30.2388 0002311  96.1801 263.9597 13.24409992 40256
ONEWEB-0378
1 49304U 21090AB  26208.56102899  .00000012  00000-0 -14208-5 0  9994
2 49304  87.9170 266.3934 0001905  98.8885 261.2464 13.20772834235112
FIREFLY-1
1 62701U 25009CW  26208.51403312  .00001455  00000-0  14621-3 0  9991
2 62701  97.7055 285.8050 0003605 176.7252 183.3992 14.92768186 83337
KUIPER-00124
1 65953U 25228G   26208.08228969  .00002873  00000-0  40578-3 0  9996
2 65953  51.8981  99.1655 0000780 105.2598 254.8451 14.79928143 43949
LIME
1 62648U 25009AR  26208.21696020  .00010690  00000-0  35228-3 0  9995
2 62648  97.3949 290.3862 0002198 154.3089 205.8262 15.31642533 85099
SWAS
1 25560U 98071A   26208.16712434  .00004162  00000-0  26313-3 0  9990
2 25560  69.8963 124.4040 0007219 216.3741 143.6934 15.09821485503303
ICEYE-X33
1 60548U 24149CJ  26208.17014632  .00004588  00000-0  36521-3 0  9990
2 60548  97.7397 287.1176 0001830  65.5094 294.6321 15.00879449106203
QIANFAN-5
1 60383U 24140E   26208.53582934  .00000088  00000-0  11803-3 0  9990
2 60383  88.9701 275.6954 0012821 275.6186  84.3503 13.51012597 97926
NEXSAT-1
1 58921U 24024E   26208.49058245  .00007128  00000-0  21869-3 0  9999
2 58921  97.3038 282.1026 0007203 343.7646  16.3365 15.34035789138071
S-NET B
1 43187U 18014H   26208.71455333  .00004819  00000-0  24727-3 0  9993
2 43187  97.5326 113.2411 0007279 224.8659 135.1987 15.16986030464907
ONEWEB-0359
1 49285U 21090G   26208.48008399  .00000050  00000-0  91743-4 0  9992
2 49285  87.9171 266.4045 0001943  89.2494 270.8862 13.20770908235856
COSMOS 2092
1 20737U 90070C   26208.24238516  .00000021  00000-0  57109-4 0  9993
2 20737  82.5683 280.1781 0005149  54.1181   1.4632 12.63350490658412
DRAGRACER 2(AUGURY)
1 46955U 20085AC  26208.81840727  .00042279  00000-0  29653-3 0  9991
2 46955  97.5760  48.5463 0005759 111.8697 248.3180 15.74079248318256
COSMOS 2572
1 58435U 23182A   26208.83945125  .00021520  20418-5  73336-4 0  9992
2 58435  96.6826 312.2554 0010200 156.7751 203.3987 15.90185722154913
IRIDIUM 914
1 24836U 97030A   26208.46541108  .00000419  00000-0  12366-3 0  9994
2 24836  86.3939  10.9509 0001660  46.7389 313.3949 14.41261132665494
COSMOS 2571
1 58172U 23165C   26208.52593653  .00000007  00000-0  58361-4 0  9990
2 58172  67.1489 189.2274 0019386 290.9177  68.9833 13.97337412139993
HULIANWANG DIGUI-95
1 66003U 25231J   26208.47794119 -.00000096  00000-0  60480-4 0  9996
2 66003  50.0045  30.8892 0000384  26.1275 333.9616 13.29332898 38256
KUIPER-00113
1 65948U 25228B   26208.72383310  .00002675  00000-0  37979-3 0  9994
2 65948  51.8989  96.3414 0000715 103.7596 256.3446 14.79923345 44033
COSMOS 449
1  5552U 71086F   26208.46993469 -.00000025  00000-0 -72484-4 0  9995
2  5552  74.0286 122.3322 0037839 277.4675 199.2138 12.38734030477472
ESSA 9 (TOS-G)
1 03764U 69016A   26208.44185265 -.00000031  00000-0  71565-4 0  9998
2 03764 101.4043 206.5572 0051430  34.6880 123.6602 12.49862039992851
JILIN-01 KUANFU 02B 4
1 61192U 24169D   26208.52343859  .00004787  00000-0  30503-3 0  9998
2 61192  97.5532 296.7665 0014761 124.7926 235.4694 15.09124427101913
TOPO 1
1 04363U 70025B   26208.73462279 -.00000037  00000-0  12801-4 0  9995
2 04363  99.8840 122.0501 0001163 252.1504 136.7811 13.46700515766656
QIANFAN-170
1 69387U 26124F   26208.83714610 -.02038209  00000-0 -23865+1 0  9996
2 69387  89.0005 357.5276 0010520  13.3387 346.8053 13.72463275  7528
SKYSAT 1
1 39418U 13066C   26208.06917553  .00003441  00000-0  19649-3 0  9999
2 39418  97.3795 256.1948 0021694 171.8277 188.3313 15.13174041694516
TIANQI 22
1 57793U 23135B   26208.48598389  .00000352  00000-0  22411-3 0  9990
2 57793  49.9701 342.9104 0012658  43.8490 316.3425 14.23261806150368
GRUS-3G
1 69878U 26156K   26208.19708409  .00001239  00000-0  12859-3 0  9997
2 69878  97.7504 108.3188 0008365  84.4017 275.8156 14.91727718  2965
GEESAT 3-06
1 61016U 24159F   26208.50461546  .00001755  00000-0  23350-3 0  9998
2 61016  49.9975 256.3247 0016854 233.5993 126.3392 14.84358009102759
COSMOS 1091
1 11320U 79028A   26208.22431096  .00000051  00000-0  37369-4 0  9996
2 11320  82.9232 103.5846 0031666  53.5222  60.5245 13.74924102372639
LEMUR 2 MONSON
1 42839U 17042Q   26208.48660256  .00017087  00000-0  60680-3 0  9991
2 42839  97.4095  28.8731 0006160 197.2624 162.8407 15.29083658494322
MONOLITH
1 49052U 21068A   26208.57506558  .00005911  00000-0  36635-3 0  9998
2 49052  37.0240  21.7550 0002904 213.6204 146.4358 15.09511850273380
KUIPER-00483
1 68878U 26095Q   26208.50002315  .00037614  00000-0  49350-2 0  9997
2 68878  51.8985  74.8694 0002947 122.2450 355.3584 14.79934495  5464
MUNIN
1 26621U 00075C   26208.51780855 -.00000050  00000-0 -37757-4 0  9996
2 26621  95.4052 112.2313 0710941 147.9861 216.6577 13.04823158222066
HAWK-9C
1 59448U 24066G   26208.64921992  .00001552  00000-0  14411-3 0  9995
2 59448  45.6085  67.1765 0003571 244.3176 115.7337 14.99248628125902
ONEWEB-0313
1 49099U 21075AA  26208.81768007 -.00000030  00000-0 -10959-3 0  9993
2 49099  87.9161 357.7968 0001746  92.4965 267.6366 13.17648007238942
TIANMU-1 14
1 58648U 23205D   26208.53737185  .00005882  00000-0  22291-3 0  9992
2 58648  97.3397 228.6464 0007859 173.9515 186.1820 15.27243002143665
CARTOSAT 2F
1 43111U 18004A   26208.51773924  .00004563  00000-0  21972-3 0  9991
2 43111  97.4773 267.7524 0002974 115.1327 245.0216 15.19254249473459
KUIPER-00513
1 69598U 26140G   26208.54410514 -.00182049  00000-0 -48925-2 0  9998
2 69598  51.8778 203.4696 0009395  26.6418 333.5050 15.37985556  7446
AO-91
1 43017U 17073E   26208.41950647  .00007706  00000-0  33293-3 0  9990
2 43017  97.4658  74.8150 0148856 188.9657 170.8912 15.13212866471473
COSMOS 1928
1 18941U 88016E   26208.53398328 -.00000029  00000-0 -80931-4 0  9993
2 18941  74.0055 148.9189 0010696 164.2749 316.7097 12.52894731661920
S-NET A
1 43188U 18014J   26208.70095329  .00005148  00000-0  26361-3 0  9990
2 43188  97.5335 113.4440 0007132 225.5955 134.4695 15.17024714464908
SPAWAR-CAL-OR
1 43778U 18099W   26208.57504786  .00009659  00000-0  40093-3 0  9994
2 43778  97.3780 256.1651 0011939 165.7836 194.3740 15.23985467418809
KUIPER-00203
1 67773U 26030K   26208.66955687  .00004080  00000-0  56373-3 0  9990
2 67773  51.9075 319.1863 0000474 105.8039 254.2976 14.79942176 25834
HULIANWANG DIGUI-29
1 63696U 25086K   26208.50350935  .00000068  00000-0  12539-3 0  9996
2 63696  86.5046 299.4678 0002171 110.1458 249.9910 13.24411931 60196
UWE-1
1 28892U 05043C   26208.36765743  .00001427  00000-0  23423-3 0  9991
2 28892  98.3114   5.4248 0015024  83.9595 276.3323 14.72209481107676
XINGYUN-2 01
1 45602U 20028A   26208.51457816  .00002497  00000-0  14917-3 0  9991
2 45602  97.4887 200.1233 0010798  68.9185 291.3199 15.11963144340933
COSMOS 1634
1 15597U 85022A   26208.39369106  .00000055  00000-0  41987-4 0  9992
2 15597  82.9400 185.8888 0034075 285.1817 228.0390 13.75331001 75728
ONEWEB-0213
1 48790U 21045Z   26208.16297975 -.00000093  00000-0 -28105-3 0  9997
2 48790  87.8978 251.2301 0002170 102.4780 257.6593 13.15548960249692
FARADAY_PHOENIX
1 48924U 21059AX  26208.81455004  .00366810  54506-4  10189-2 0  9998
2 48924  97.6747  51.7724 0004254 185.4706 174.6522 15.93751178284098
QIANFAN-130
1 69076U 26104D   26208.50014594  .00000135  00000-0  19116-3 0  9997
2 69076  88.9912 337.3815 0001846 111.8821 248.2527 13.51013702 10585
IRIDIUM 178
1 56729U 23068V   26208.40363496  .00000693  00000-0  88197-4 0  9996
2 56729  86.6544   8.5526 0002335  93.4410 266.7078 14.80028431172315
CENTISPACE-1 S13
1 62582U 25007H   26208.48470008 -.00000080  00000-0  57027-4 0  9990
2 62582  54.9801 150.5672 0011343 154.8190 205.3321 13.80619007 80298
KUIPER-00078
1 64825U 25151K   26208.85607424  .00003994  00000-0  55251-3 0  9999
2 64825  51.9003  35.7770 0000617 106.1888 253.9142 14.79943560 56139
NINGXIA-1 9
1 49021U 21064D   26208.51820807 -.00000005  00000-0  73592-4 0  9994
2 49021  45.0030  44.7844 0008158  86.2313 273.9456 14.08564624259918
KUIPER-00040
1 64501U 25134B   26208.44001487  .00004139  00000-0  57161-3 0  9997
2 64501  51.8996 345.2104 0000507 109.5047 250.5970 14.79935746 60620
ONEWEB-0023
1 45136U 20008F   26208.00684433 -.00000202  00000-0 -61589-3 0  9993
2 45136  87.8830  28.3300 0001681  84.7729 275.3591 13.10374955313292
RAWHIDE-1
1 68629U 26074C   26208.49817300  .00003771  00000-0  16013-3 0  9992
2 68629  60.0217  23.4339 0035605  53.3507 307.0838 15.24739549 16932
AUTCUBE 2
1 43681U 18084K   26208.84582858  .00003883  00000-0  24098-3 0  9997
2 43681  98.0677  57.1777 0007424 264.5007  95.5374 15.10338991423064
COSMOS 2528
1 43657U 18082A   26208.82609437 -.00000067  00000-0  56342-5 0  9990
2 43657  67.1507 338.9827 0008165 269.3979  90.6170 13.96711771395629
HULIANWANG DIGUI-52
1 65109U 25168D   26208.50768161 -.00000081  00000-0  92253-4 0  9990
2 65109  50.0013 181.1268 0010300 225.5940 134.4089 13.29323627 48054
COSMOS 1638
1 15620U 85023D   26208.38778865 -.00000025  00000-0 -61131-4 0  9997
2 15620  74.0584 343.1783 0015183 102.5241 287.3021 12.49215060885752
PIESAT-2 09
1 62333U 24241A   26208.52226477  .00008624  00000-0  46848-3 0  9996
2 62333  97.5307 155.7793 0002196  76.1036 284.0440 15.14749961 88902
COSMOS 539
1 06319U 72102A   26208.44203611  .00000004  00000-0  97964-4 0  9993
2 06319  74.0141 212.9286 0023522  33.7791 133.6396 12.75429462495306
HULIANWANG DIGUI-141
1 67439U 26007E   26208.59403099 -.00000087  00000-0  80054-4 0  9998
2 67439  50.0054 300.8176 0000832 161.2964 198.7938 13.29327388 26168
HJ-2B
1 46479U 20067B   26208.52345265  .00001078  00000-0  16189-3 0  9999
2 46479  97.8885 286.9929 0002212  95.2148 264.9314 14.76524906314212
COSMOS 803
1  8688U 76014A   26208.40501947  .00010879  00000-0  11549-3 0  9994
2  8688  65.8331 207.4718 0014702 310.3613  49.6260 15.64356966798145
GAOFEN 9
1 40894U 15047A   26208.54813495  .00001117  00000-0  14299-3 0  9997
2 40894  97.6266 242.4065 0027482  10.9617 349.2190 14.82956155586174
UMBRA-12
1 67371U 26004J   26208.41469321  .00005324  00000-0  56266-3 0  9996
2 67371  97.8029 206.6378 0006310  19.3326 340.8130 14.89622901 29290
KUIPER-00408
1 68924U 26098F   26208.50002315 -.01213015  00000-0 -62275-1 0  9996
2 68924  51.8774 237.6541 0013334 299.7114  33.0824 15.18896457  1665
KUIPER-00130
1 65959U 25228N   26208.08770425 -.00001218  00000-0 -13087-3 0  9990
2 65959  51.9017  94.2285 0001038  93.4531 266.6550 14.79923670 34304
QIANFAN-139
1 69085U 26104N   26208.54124987  .00000027  00000-0  23051-4 0  9993
2 69085  88.9907 337.3494 0001801 102.6646 257.4706 13.51017765 10603
IRIDE-MS1-EAG2-15
1 68462U 26067AY  26208.31718253  .00005724  00000-0  27572-3 0  9999
2 68462  97.4570 166.2862 0001070 208.7375 151.3801 15.19132392 18038
METEOR 2-19
1 20670U 90057A   26208.20650324  .00000082  00000-0  59318-4 0  9996
2 20670  82.5432 246.9924 0015223 333.7525  26.2862 13.84899161823175
RASSVET-3 7
1 68366U 26061G   26208.59473124  .00002124  00000-0  10282-3 0  9992
2 68366  82.2961 332.7740 0002559  62.6691 297.4803 15.18065324 19587
SWOT
1 54754U 22173A   26208.50278785 -.00000019  00000-0 -11500-4 0  9993
2 54754  77.6123 340.8839 0000151  64.9155 295.2013 14.00169559184796
YAOGAN-43 O1H
1 60465U 24148H   26208.51232831  .00007249  00000-0  25725-3 0  9999
2 60465  34.9910 261.5941 0007715 203.6071 156.4292 15.28311007108361
HADES-SA (SPINNYONE)
1 68446U 26067AG  26208.32048383  .00019161  00000-0  88187-3 0  9991
2 68446  97.4415 166.0570 0004308 311.9002  48.1865 15.20355710 18028
NUSAT-35 (WILLIAMINA)
1 55048U 23001AR  26208.49990979  .00014087  00000-0  40204-3 0  9995
2 55048  97.1832 260.2519 0009177 322.2392  37.8208 15.36100655198598
SDA_1671
1 65981U 25230H   26208.63094208  .00000191  00000-0  17807-3 0  9998
2 65981  81.3004 174.5957 0003570  85.9223 274.2338 13.78187651 39388
COSMOS 1861
1 18129U 87054A   26208.21024554  .00000053  00000-0  41365-4 0  9997
2 18129  82.9270 293.2043 0011286 195.7373 193.0257 13.73269826959037
KUIPER-00033
1 63746U 25088Y   26208.78618240  .00002423  00000-0  34656-3 0  9991
2 63746  51.8987 226.0759 0000337  40.7185 319.3802 14.79957867 68367
YAOGAN-43 O1F
1 60463U 24148F   26208.49490794  .00011653  00000-0  35166-3 0  9992
2 60463  34.9913 250.8503 0008400 228.8781 131.1212 15.33425221108470
COSMOS 2408
1 28419U 04037A   26208.56842534 -.00000068  00000-0 -54070-3 0  9998
2 28419  82.4872 300.5687 0016268 176.0748 184.0463 12.45680639992934
ONEWEB-0175
1 48073U 21025AH  26208.30776102 -.00000181  00000-0 -53174-3 0  9991
2 48073  87.8992 312.2253 0002224 105.4173 254.7202 13.13470224258752
YAOGAN-39 03C
1 57990U 23152E   26208.55276929  .00005711  00000-0  28654-3 0  9998
2 57990  34.9908  44.7129 0016593 141.3885 218.8017 15.16565378156293
ONEWEB-0356
1 49283U 21090E   26208.22587792 -.00000111  00000-0 -30592-3 0  9995
2 49283  87.9173 266.4557 0001307 110.5324 249.5949 13.20771464235114
FLOCK 4H 3
1 66706U 25276AS  26208.15448067  .00007172  00000-0  33246-3 0  9998
2 66706  97.4233 281.1874 0003539 195.9717 164.1408 15.20370411 36495
JILIN-01 GAOFEN 3D 31
1 52448U 22048F   26208.45133516  .00633444  19480-3  97134-3 0  9991
2 52448  97.5741 328.3787 0008821 251.8053 108.2267 16.04309458235982
COSMOS 723
1 07718U 75024A   26208.66718859 -.00000070  00000-0  18049-4 0  9993
2 07718  64.7153 188.6694 0053462 326.0592  33.7051 13.89666059604406
ONEWEB-0587
1 54654U 22166N   26208.78356767  .00000065  00000-0  12697-3 0  9997
2 54654  87.9235 235.8921 0002415  91.9436 268.1975 13.21826411177040
ONEWEB-0115
1 48042U 21025A   26208.24514916 -.00000240  00000-0 -69306-3 0  9993
2 48042  87.8985 312.2547 0001935 102.3883 257.7462 13.13472537258859
DMC 2
1 35683U 09041C   26208.49198608  .00000823  00000-0  12640-3 0  9991
2 35683  97.8878 342.4848 0001794  96.5534 263.5880 14.76109380912519
COSMOS 970
1 10531U 77121A   26208.03473645 -.00000050  00000-0  34613-4 0  9995
2 10531  65.8531  64.7452 0144658 182.6742 177.3557 13.59868559804866
YUNHAI 2-2B
1 59281U 24052B   26208.52809729  .00000041  00000-0  80839-4 0  9995
2 59281  50.0096 211.5396 0004937 328.3719  31.6899 14.27986409122371
COSMOS 1480
1 14178U 83069H   26208.59104610 -.00000026  00000-0 -72644-4 0  9998
2 14178  74.0254 162.7879 0036546 314.2111 160.3747 12.43702566954969
COSMOS 1371
1 13241U 82051A   26208.29265365  .00000103  00000-0  47331-4 0  9999
2 13241  74.0425 174.2771 0014405 267.8892  92.0610 14.32622665305193
QIANFAN-22
1 61555U 24185D   26208.56647880  .00000259  00000-0  21219-3 0  9998
2 61555  88.9785  54.3962 0007656  37.4487 322.7217 13.86411387100361
KUIPER-00141
1 65966U 25228V   26208.06472118  .00002642  00000-0  37542-3 0  9996
2 65966  51.9015  84.4060 0000866 101.9423 258.1637 14.79934360 44148
COSMOS 1566
1 15005U 84052H   26208.60755400 -.00000020  00000-0 -21791-4 0  9993
2 15005  74.0154 337.1966 0051102  68.2209 303.8863 12.57384821935194
COSMOS 2084
1 20663U 90055A   26208.42693711  .00001799  00000-0  13566-3 0  9997
2 20663  62.7871 218.7297 0009663 327.7830  32.2679 15.06259631957367
SDX02
1 62460U 24253B   26208.46332639  .00112415  00000-0  69020-3 0  9992
2 62460  54.9930 156.8895 0005419  44.9953 315.1530 15.76479343 88862
FLOCK 4Q 2
1 58320U 23174BS  26208.46924420  .00024164  00000-0  41217-3 0  9999
2 58320  97.3847 297.9152 0003618   3.2767 356.8509 15.51337201151849
CAS500-4
1 69869U 26156A   26208.70475916 -.00000025  00000-0  12718-4 0  9996
2 69869  98.9931 108.5690 0012133 164.1831 195.9714 13.99858408  2858
GHGSAT-C4
1 52746U 22057Q   26208.55724269  .00006870  00000-0  20611-3 0  9992
2 52746  97.6567 354.5416 0005096 333.0413  27.0564 15.34797543231739
COSMOS 2538
1 44424U 19039D   26208.50229234  .00005882  00000-0  26211-3 0  9993
2 44424  97.5872 288.1846 0040077 263.4707  96.1965 15.21101421386036
MACSAT 2 (M 2)
1 20608U 90043B   26208.52746362  .00000984  00000-0  11819-3 0  9999
2 20608  89.7508 243.9608 0082394  26.9434 333.6031 14.80765231944363
SJ-12
1 36596U 10027A   26208.49682558  .00004791  00000-0  24556-3 0  9990
2 36596  97.7616 227.1529 0005317 331.5613  28.5329 15.17067307880971
KUIPER-00607
1 69290U 26118Z   26208.42068191  .00029115  00000-0  76795-3 0  9998
2 69290  51.8652 218.5659 0006037 304.6938  55.3479 15.38234090 10177
COSMOS 1798
1 17142U 86092E   26208.23330535 -.00000028  00000-0 -71856-4 0  9995
2 17142  74.0141 137.9826 0028418 180.7439 332.9363 12.53476950815673
COSMOS 1162
1 11697U 80012G   26208.10454030  .00000007  00000-0  16436-3 0  9990
2 11697  74.0178 211.9065 0030409 311.3564 121.3317 12.42743314107452
IRIDIUM 107
1 42960U 17061F   26208.47192937  .00000041  00000-0  77153-5 0  9999
2 42960  86.3979   8.4256 0002099  97.9936 262.1498 14.34217660460593
HULIANWANG DIGUI-37
1 64958U 25159C   26208.50716059  .00000059  00000-0  10413-3 0  9991
2 64958  86.4888 268.6575 0001786  99.7281 260.4054 13.24409895 48461
TIANMU-1 21
1 58662U 23208C   26208.52327396  .00010502  00000-0  30396-3 0  9999
2 58662  97.4535 328.5877 0007738 161.4682 198.6845 15.35755749143757
ONEWEB-0090
1 45427U 20020D   26208.42135029 -.00000268  00000-0 -79138-3 0  9999
2 45427  87.8906  13.0640 0001873  92.6492 267.4850 13.11419054307941
ONEWEB-0267
1 48985U 21060U   26208.79914277  .00000174  00000-0  42162-3 0  9997
2 48985  87.9083 220.7047 0002124  96.8803 263.2570 13.16595044244931
COSMOS 2190
1 21979U 92030D   26208.57264069 -.00000026  00000-0 -66918-4 0  9993
2 21979  74.0027 162.7472 0031100  44.5722  74.9373 12.52286481561002
YAM-17
1 69884U 26156R   26208.19659813  .00001683  00000-0  17856-3 0  9993
2 69884  97.7506 108.3205 0001793  91.5262 268.6161 14.90377252  2962
BB 2
1 56170U 23050J   26208.49787242  .00000221  00000-0  84510-4 0  9997
2 56170  81.0008  36.8467 0008076 167.8285 192.3092 14.27728128167439
ONEWEB-0270
1 48988U 21060X   26208.76588704  .00000007  00000-0 -15727-4 0  9993
2 48988  87.9077 220.7225 0002413  94.2704 265.8703 13.16593117245002
COSMOS 1125
1 11510U 79078A   26208.14604625  .00000114  00000-0  49945-4 0  9996
2 11510  74.0341 102.1410 0013296 314.1854  45.8204 14.34140448451168
JAWSAT
1 26061U 00004A   26208.45524342  .00000570  00000-0  17916-3 0  9995
2 26061 100.2243 221.7522 0032494 114.3948 246.0634 14.45143965392744
ONEWEB-0574
1 56063U 23043T   26208.15948993 -.00000011  00000-0 -57111-4 0  9991
2 56063  87.9229 236.0210 0001837  94.2561 265.8783 13.21826562163554
YAOGAN-30 G
1 43081U 17085A   26208.54635491  .00002496  00000-0  18472-3 0  9998
2 43081  34.9953 264.0457 0004286 150.0833 210.0121 15.02820070468795
HYDRA-3
1 69022U 26100AU  26208.65696225  .00003362  00000-0  15802-3 0  9990
2 69022  97.3979 105.6625 0004097 187.1479 172.9698 15.20267623 12950
NADEZHDA 1
1 20103U 89050A   26208.22861178  .00000060  00000-0  46752-4 0  9995
2 20103  82.9596 271.8845 0037274 358.4374  65.8727 13.74854098858958
ONEWEB-0524
1 54142U 22138AF  26208.47334867  .00000014  00000-0  31121-5 0  9990
2 54142  87.9173 266.4094 0002634  80.8634 279.2797 13.20770744184627
SMDC ONE 2.3
1 39474U 13072N   26208.57391197  .00200569  00000-0  11543-2 0  9998
2 39474 120.4446 306.1242 0039362  87.4381 273.1225 15.76611434123929
NIMBUS 6
1 07924U 75052A   26208.70481833 -.00000030  00000-0  26714-4 0  9991
2 07924  99.9991 120.4543 0008476 121.5751 266.8962 13.40824315501563
QIANFAN-167
1 69384U 26124C   26208.82318250 -.01859444  00000-0 -24593+1 0  9992
2 69384  89.0010 357.5632 0009647  54.7009 305.5051 13.65301682  7508
COSMOS 943
1 10289U 77079E   26208.39742084 -.00000019  00000-0 -22383-4 0  9999
2 10289  74.0235 176.7109 0007205 150.0764 283.9712 12.52099399210814
YAOGAN-31 E
1 47533U 21007B   26208.55146186 -.00000011  00000-0  12064-3 0  9995
2 47533  63.4036  38.3873 0179800   0.8899 359.2413 13.45451362269667
COSMOS 2330
1 23792U 96009F   26208.28418285  .00000007  00000-0 -22361-4 0  9999
2 23792  82.5846 318.3970 0011073 353.3214   6.7727 12.60978431400691
HORN-L
1 69505U 26132D   26208.84070213  .00007140  00000-0  33013-3 0  9997
2 69505  97.6855 272.6377 0024590 194.0129 166.0426 15.20214499  6915
GOSAT (IBUKI)
1 33492U 09002A   26208.22947580  .00000281  00000-0  58027-4 0  9994
2 33492  98.0918 318.8151 0001062  96.8639 263.2687 14.67532756937330
NOAA 16
1 26536U 00055A   26208.50154071  .00000087  00000-0  67444-4 0  9997
2 26536  98.4632 220.6553 0010382 178.6543 181.4660 14.13929262629425
KOMPSAT
1 26032U 99070A   26208.42011663  .00001207  00000-0  17987-3 0  9994
2 26032  98.3060  21.2975 0004860 126.4778 233.6880 14.76803968699792
HJS-7D
1 65620U 25209D   26208.44556913 -.00000051  00000-0  13772-3 0  9992
2 65620  49.9980 211.0555 0004067 168.5849 191.5122 13.41477566 43043
CAS500-1
1 47932U 21022A   26208.54525488  .00005983  00000-0  27920-3 0  9999
2 47932  97.3852 102.9705 0006292 131.9762 228.2010 15.20191353296892
AETHER-5
1 67376U 26004P   26208.47342084  .00000723  00000-0  88131-4 0  9998
2 67376  97.8057 206.2903 0003736  29.6625 330.4802 14.86322308 29275
NUSAT-51 (YVONNE BRILL)
1 66740U 25276CC  26208.43485245  .00006360  00000-0  29249-3 0  9992
2 66740  97.4201 281.4733 0002851 183.0277 177.0942 15.20688001 36549
GITAI-SC1
1 62388U 24247M   26208.09860442  .00006051  00000-0  27426-3 0  9993
2 62388  45.0034  95.7671 0001242 233.5510 126.5257 15.21733006 88819
ONEWEB-0215
1 48800U 21045AK  26208.56701166 -.00007332  00000-0 -19516-1 0  9992
2 48800  87.8980 251.1376 0002296 103.1158 257.0229 13.15586078249607
COSMOS 2180
1 21875U 92008A   26208.41041822  .00000055  00000-0  42887-4 0  9995
2 21875  82.9263 191.6958 0036583 217.6730 305.8248 13.73966562726345
ONEWEB-0668
1 56711U 23068B   26208.09932438  .00000068  00000-0  14298-3 0  9996
2 56711  87.9077 220.8436 0002023  77.4556 282.6801 13.16595209157030
LARES
1 38077U 12006A   26208.54113513 -.00000040  00000-0 -82009-5 0  9995
2 38077  69.4874 223.3180 0009088 347.6326  12.4476 12.54932359662135
KUIPER-00453
1 68947U 26098AE  26208.50002315 -.01801794  00000-0 -80258-1 0  9999
2 68947  51.8822 232.8888 0004225  10.0636 166.8382 15.24582394  5833
ONEWEB-0597
1 54663U 22166X   26208.10397981  .00000130  00000-0  28396-3 0  9992
2 54663  87.9227 236.0416 0001967  94.7585 265.3773 13.21824930176813
KUIPER-00009
1 63725U 25088B   26208.85818937  .00324582  00000-0  35867-1 0  9997
2 63725  51.9010 205.6419 0000840 119.0470 241.0579 14.85084522 68553
YAOGAN 16C
1 39013U 12066C   26208.54082506 -.00000045  00000-0  43019-4 0  9990
2 39013  63.3515 185.2938 0439090  26.7436 335.5517 13.45507504671568
RAPIDEYE 3
1 33315U 08040D   26208.54001382  .00001929  00000-0  13264-3 0  9998
2 33315  97.3822 237.0688 0008868 256.6486 103.3754 15.07024599972350
UWE-3
1 39446U 13066AG  26208.31652211  .00002872  00000-0  24742-3 0  9992
2 39446  97.8729 164.6740 0048172 183.6412 176.4466 14.97269736683583
GJZ 05
1 62294U 24238E   26208.55264507 -.00000078  00000-0  42797-4 0  9993
2 62294  59.9113 148.7975 0019692  37.9741 322.2651 13.75193086 81465
PAYLOAD A
1 39208U 13037A   26208.74781618  .00000618  00000-0  10568-3 0  9994
2 39208  98.0903 211.7964 0008398  26.9864 333.1779 14.72327890698173
USA 121
1 23908U 96029C   26208.61640954  .00002451  00000-0  39609-3 0  9993
2 23908  63.3183  85.7765 0853585  50.1263 317.1720 13.46393905108819
BIOMASS
1 63772U 25090A   26208.80921587  .00000812  00000-0  15162-3 0  9998
2 63772  98.0750  35.5352 0001409  88.6398 271.4968 14.67535634 66648
KUIPER-00156
1 65775U 25217P   26208.79277295  .00004180  00000-0  57683-3 0  9998
2 65775  51.9022 126.1254 0000846  95.9756 264.1302 14.79941234 45866
FLOCK 4BE 25
1 60487U 24149V   26208.65093923  .00013789  00000-0  34928-3 0  9997
2 60487  97.3795 292.1020 0004022 116.2241 243.9418 15.39837084108466
IRIDIUM 108
1 41924U 17003H   26208.50072321 -.00000010  00000-0 -10797-4 0  9990
2 41924  86.3931  39.8937 0002077  86.5252 273.6181 14.34217307500886
QIANFAN-83
1 63169U 25046L   26208.55685109  .00000177  00000-0  21388-3 0  9999
2 63169  88.9721 295.7158 0015407 157.8862 202.2963 13.62055122 78470
PACE
1 58928U 24025A   26208.27268427  .00000428  00000-0  87695-4 0  9994
2 58928  98.0944 138.9965 0003145 111.5517 248.6022 14.65574628131808
TIGER-7
1 59141U 24043AV  26208.89131431  .00013126  00000-0  23907-3 0  9998
2 59141  97.5512   1.7341 0006158  38.7042 321.4649 15.49600657134270
UNICORN-2S
1 68475U 26067BM  26208.63137864  .00010619  00000-0  10345-2 0  9999
2 68475  97.7517 166.1404 0001765 308.4531  51.6530 14.92668860 17236
COSMOS 568
1 06679U 73037E   26208.40164840 -.00000007  00000-0  51923-4 0  9995
2 06679  74.0166 188.6396 0067543 358.4637 154.4298 12.58954433441822
ONEWEB-0192
1 48222U 21031N   26208.20584360  .00000220  00000-0  55904-3 0  9991
2 48222  87.8959 281.7306 0002129  97.4721 262.6650 13.14503711253437
FLOCK 4G 33
1 62685U 25009CE  26208.45226517  .00006447  00000-0  25402-3 0  9990
2 62685  97.3942 287.8699 0005875 170.5524 189.5826 15.25922544 84944
OSCAR 27
1 18361U 87080A   26208.15955654  .00000079  00000-0  11897-3 0  9995
2 18361  90.3683  87.6339 0102116 296.7134  62.3590 13.44947319906004
NUSAT-45 (UZMASAT-1)
1 62640U 25009AH  26208.21288540  .00008886  00000-0  30866-3 0  9998
2 62640  97.3589 289.0450 0002728 148.1888 211.9518 15.29984584 85045
IRS B3
1 23827U 96017A   26208.50520911  .00000127  00000-0  75936-4 0  9990
2 23827  99.0280 233.0620 0003476 165.9498 194.1777 14.23745670575608
IRIDE FM7
1 66701U 25276AM  26208.66006745  .00007767  00000-0  35741-3 0  9994
2 66701  97.4208 281.6554 0003917 200.3356 159.7724 15.20592027 36571
COSMOS 409
1 05180U 71038A   26208.60091271  .00000146  00000-0  42510-3 0  9993
2 05180  74.0042 312.6529 0022959 196.0410 175.6734 13.17845486657579
RIDESHARE ADAPTER
1 47435U 21006Y   26208.40442890  .00015277  00000-0  30134-3 0  9997
2 47435  97.2187 262.2962 0006995  29.7025 330.4621 15.47249640306361
COSMOS 990
1 10676U 78019A   26208.90169912  .00000129  00000-0  51989-4 0  9998
2 10676  74.0377  76.1558 0015657  36.1149 324.1059 14.37256657535878
SPACEMOBILE-002
1 61048U 24163D   26208.14153078  .00019298  00000-0  88421-3 0  9997
2 61048  52.9758 125.4355 0004958 224.6752 135.3843 15.20497795103848
ONEWEB-0606
1 54670U 22166AE  26208.50600028  .00000067  00000-0  13122-3 0  9993
2 54670  87.9225 235.9735 0002203  95.8977 264.2408 13.21826023176898
QIANFAN-25
1 61558U 24185G   26208.53392375  .00000323  00000-0  18837-3 0  9998
2 61558  88.9793  52.5249 0011458   0.8280 359.2919 14.06101344101379
ISS (UNITY)
1 25575U 98069F   26208.37844919  .00011554  00000-0  21591-3 0  9996
2 25575  51.6322 101.1989 0007008 342.7043  17.3706 15.49203967577540
SPACEVAN-001
1 58295U 23174AR  26208.51895741  .00015476  00000-0  19961-3 0  9996
2 58295  97.4009 307.1831 0005827 285.7320  74.3293 15.59074776152425
YAOGAN 21
1 40143U 14053A   26208.53842566  .00007751  00000-0  29583-3 0  9992
2 40143  97.1458 247.0509 0006407 320.7900  39.2874 15.26896797661111
COSMOS 1691
1 16139U 85094B   26208.26319510  .00000027  00000-0  90433-4 0  9993
2 16139  82.6097 264.4464 0001683  97.1724 331.0135 12.62476331880290
HEAD-1
1 43011U 17072B   26208.50523198  .00000475  00000-0  20680-3 0  9992
2 43011  98.9553 228.0888 0010777  42.5137 317.6876 14.28821785453118
OPS 9845 (DMSP 5D-2 F6)
1 13736U 82118A   26208.08626255  .00000159  00000-0  77635-4 0  9999
2 13736  98.5934  35.2272 0007040 199.9063 160.1846 14.30533660270713
ONEWEB-0592
1 54658U 22166S   26208.50769263  .00000057  00000-0  10678-3 0  9998
2 54658  87.9232 235.9412 0002035  95.0161 265.1205 13.21825422176767
COSMOS 846
1  9061U 76078A   26208.46022277  .00000062  00000-0  47222-4 0  9991
2  9061  82.9299  30.7019 0042538  65.4281 321.6142 13.76655758780776
COSMOS 338
1 04385U 70036C   26208.30374737 -.00000026  00000-0 -75267-4 0  9999
2 04385  74.0287 157.7691 0031951   2.0054 149.9747 12.43374478552978
HAMMER
1 59148U 24043BC  26208.47281444  .00021793  00000-0  33074-3 0  9994
2 59148  97.5459 359.3047 0004557  70.1234 290.0510 15.54610766134069
LANDSAT 7
1 25682U 99020A   26208.51994765  .00000453  00000-0  95119-4 0  9998
2 25682  97.8598 210.3104 0001337  77.3639  79.0306 14.63947650451742
COSMOS 1000
1 10776U 78034A   26208.23757904  .00000036  00000-0  21041-4 0  9999
2 10776  82.9457 318.5557 0035323  35.4324 345.6120 13.75617877424877
COSMOS 1855
1 18116U 87051D   26208.19589834  .00000017  00000-0  21616-3 0  9990
2 18116  74.0008 224.4947 0020230 254.5572 175.3537 12.50733705785810
COSMOS 1513
1 14546U 83120A   26208.42826764  .00000075  00000-0  62405-4 0  9994
2 14546  82.9374 202.6977 0039343 144.1717   9.0311 13.74468321137830
COSMOS 1538
1 14759U 84019A   26208.40621967  .00000109  00000-0  47805-4 0  9999
2 14759  74.0380 205.6642 0021261 341.4493  18.5882 14.34531396218737
IRIDIUM 116
1 43072U 17083C   26208.68073244 -.00000029  00000-0 -17452-4 0  9993
2 43072  86.3982 305.0764 0002429  94.7931 265.3543 14.34217317449973
ONEWEB-0242
1 48772U 21045F   26208.20417892  .00000014  00000-0  28792-5 0  9999
2 48772  87.8984 251.2172 0002031 101.3515 258.7843 13.15548845249686
ONEWEB-0083
1 45435U 20020M   26208.41626296 -.00000442  00000-0 -12818-2 0  9993
2 45435  87.8905  13.0523 0001880  93.6034 266.5309 13.11418211307943
COSMOS 2188
1 21977U 92030B   26208.41535307 -.00000018  00000-0 -10418-4 0  9995
2 21977  74.0053 358.4868 0058194 207.2083 181.9503 12.57554129567532
ZY 3 2
1 41556U 16033A   26208.50956745  .00005533  00000-0  25047-3 0  9990
2 41556  97.3825 283.5055 0013922 146.3359 213.8764 15.21208919564119
ONEWEB-0650
1 55813U 23029T   26208.71552272 -.00000008  00000-0 -52488-4 0  9998
2 55813  87.9182 296.9061 0002637 103.3803 256.7624 13.19724854164241
CARTOSAT 2B
1 36795U 10035A   26208.46838459  .00000545  00000-0  81432-4 0  9990
2 36795  97.9940 258.7549 0012600  64.8996 295.3521 14.78663779865803
COSMOS 2406
1 28352U 04021A   26208.42059893  .00000245  00000-0  15933-3 0  9990
2 28352  70.9971  15.3478 0005502  80.2889 279.8854 14.12149714140394
REPLICATOR-2
1 69927U 26156BL  26208.99530244  .00001319  00000-0  13485-3 0  9995
2 69927  97.7529 109.1267 0009947  91.0311 269.2048 14.92216771  2917
HULIANWANG DIGUI-30
1 64283U 25121A   26208.51096536  .00000032  00000-0  39519-4 0  9993
2 64283  86.5009 359.9503 0001819  89.3768 270.7575 13.24409777 55497
ORBCOMM FM 34
1 25986U 99065G   26208.77609395  .00000709  00000-0  27905-3 0  9995
2 25986  45.0402 335.9511 0005271 210.4650 149.5893 14.38001857393266
ONEWEB-0232
1 48781U 21045Q   26208.53218595 -.00000107  00000-0 -31893-3 0  9993
2 48781  87.8981 251.1482 0002109  94.0121 266.1250 13.15548016249958
ONEWEB-0554
1 56056U 23043L   26208.06767333 -.00000041  00000-0 -14096-3 0  9997
2 56056  87.9077 220.8602 0001613 100.3189 259.8124 13.16595008164207
KUIPER-00057
1 64517U 25134T   26208.31842216  .00004482  00000-0  61645-3 0  9996
2 64517  51.8998 333.1336 0000430  99.4252 260.6759 14.79939149 60787
GLOBALSTAR M046
1 25651U 99012C   26208.41475796  .00000030  00000-0  13050-2 0  9995
2 25651  52.0027 204.6334 0001931 338.5867 169.3507 12.09425792232697
GEESAT 4-05
1 65123U 25170E   26208.48925451  .00001685  00000-0  23652-3 0  9999
2 65123  49.9959 302.2175 0007701 117.9977 242.1741 14.82263537 53022
ONEWEB-0666
1 55826U 23029AG  26208.56256886  .00000024  00000-0  27411-4 0  9991
2 55826  87.9161 266.4221 0002142  77.3625 282.7748 13.20770166166488
ONEWEB-0279
1 48997U 21060AG  26208.78014662  .00000079  00000-0  17341-3 0  9993
2 48997  87.9078 220.7085 0002124  98.6948 261.4424 13.16594482244966
ORBCOMM-X
1 21576U 91050C   26208.13153539  .00000276  00000-0  93875-4 0  9995
2 21576  98.2934 270.3685 0004507  55.0555 305.1058 14.43602719840539
WISDOM-A
1 66688U 25276Y   26208.56091385  .00005682  00000-0  26931-3 0  9996
2 66688  97.4208 281.3523 0004377 197.9395 162.1686 15.19685434 36548
HULIANWANG DIGUI-40
1 65043U 25162A   26208.53747206 -.00000095  00000-0  61555-4 0  9997
2 65043  49.9993 121.2092 0000284  26.5581 333.5305 13.29328073 48711
COSMOS 2369
1 26069U 00006A   26208.21731528  .00000067  00000-0  60522-4 0  9998
2 26069  70.9943 227.4763 0012914 236.4336 123.5553 14.13904334629612
METEOR 2-17
1 18820U 88005A   26208.25521934  .00000026  00000-0  10218-4 0  9993
2 18820  82.5433 291.7369 0015737 331.3007  82.4249 13.85662537945736
EZIE-A
1 63247U 25052AP  26208.20523463  .00003359  00000-0  29210-3 0  9996
2 63247  97.6860  99.7275 0004837  69.6356 290.5386 14.97628635 74652
ONEWEB-0225
1 48799U 21045AJ  26208.52109060 -.00000080  00000-0 -24654-3 0  9994
2 48799  87.8978 251.1619 0002450 105.7506 254.3894 13.15548752249726
ONEWEB-0609
1 56070U 23043AA  26208.56783446  .00000169  00000-0  41463-3 0  9998
2 56070  87.8970 251.1637 0002092  94.2436 265.8934 13.15547790161743
SUPERVIEW NEO-2 06
1 68378U 26062B   26208.51251249  .00002406  00000-0  11581-3 0  9996
2 68378  97.4394 215.2514 0001390 111.6669 248.4714 15.19720767 18771
TEN-KOH 2
1 68261U 25241B   26208.80037312  .00007460  00000-0  31430-3 0  9990
2 68261  51.6557 126.2788 0004962 272.5585  87.4825 15.24306425 21103
FLYLAB 1
1 68472U 26067BJ  26208.63034690  .00000926  00000-0  99095-4 0  9990
2 68472  97.7653 166.1521 0001957 274.6218  85.4777 14.91054082 17752
GESAT GEN 1
1 62612U 25009D   26208.46822830  .00009001  00000-0  32015-3 0  9998
2 62612  97.4016 290.2951 0002142 111.7770 248.3698 15.29208258 85079
NISAR
1 65053U 25163A   26208.46557874 -.00000048  00000-0 -12930-5 0  9994
2 65053  98.4058  35.5431 0001164  89.4346 270.6977 14.42504952 52193
PROBA V
1 39159U 13021A   26208.39217657  .00000064  00000-0  46010-4 0  9997
2 39159  98.3618 185.0203 0004712  30.6679 329.4775 14.23605384686832
COSMOS 2162
1 21733U 91068F   26208.29532471  .00000007  00000-0 -19180-4 0  9992
2 21733  82.5919 314.0009 0008023 122.3031 265.5550 12.62439985605002
KUIPER-00085
1 64831U 25151R   26208.52653329  .00003942  00000-0  54575-3 0  9996
2 64831  51.9030  29.8086 0000696 108.6063 251.4975 14.79940031 56181
COSMOS 2550
1 48865U 21056A   26208.77880876  .00005767  00000-0  18108-3 0  9990
2 48865  67.1441 337.1156 0008167 271.1629  88.8589 15.33815785284941
LEMUR 2 THERMORAPTOR
1 63354U 25061D   26208.38548120  .00003692  00000-0  20410-3 0  9994
2 63354  97.5718 184.2379 0020693 114.8125 245.5262 15.14337083 73692
ONEWEB-0229
1 48779U 21045N   26208.82848586  .00000005  00000-0 -20083-4 0  9997
2 48779  87.8979 251.0939 0002040  98.9473 261.1889 13.15548621249758
LILIUM-2
1 66679U 25276P   26208.44801145  .00002108  00000-0  10652-3 0  9999
2 66679  97.4139 280.6847 0005057 212.2834 147.8091 15.18141287 36505
COSMOS 2143
1 21299U 91033A   26208.69330591  .00000024  00000-0  71711-4 0  9990
2 21299  82.5738 276.8203 0012002 325.1258 203.8026 12.63929648623683
KUIPER-00197
1 67769U 26030F   26208.60061909  .00003408  00000-0  47564-3 0  9999
2 67769  51.8994 289.4372 0000119 287.4386  72.6563 14.79941497 26245
KUIPER-00064
1 64524U 25134AA  26208.34679386  .00004092  00000-0  56546-3 0  9994
2 64524  51.9039 337.9945 0000508 109.1610 250.9408 14.79935003 60725
NNSS 19 (TRANSIT 19)
1 04507U 70067A   26208.49841959  .00000126  00000-0  16499-3 0  9994
2 04507  90.0144 234.7972 0171518 356.5950   3.4020 13.51370357752846
SHINSEI (MS-F2)
1 05485U 71080A   26208.21150842  .00000083  00000-0  11530-3 0  9993
2 05485  32.0578 289.9494 0640215 303.7014  50.4122 12.74255731554364
METEOR 2-12
1 15516U 85013A   26208.22091538  .00000046  00000-0  27011-4 0  9998
2 15516  82.5333 299.8364 0016019 162.1615 198.0112 13.85869327 97352
LILIUM-3
1 66770U 25276DJ  26208.19475660  .00003174  00000-0  15184-3 0  9991
2 66770  97.4229 281.2920 0003563 105.6955 254.4673 15.19698073 36507
YAOGAN-43 O1D
1 60461U 24148D   26208.45142640  .00006852  00000-0  22873-3 0  9996
2 60461  35.0027 252.5168 0002417 223.2716 136.7812 15.30335629108455
EDISON-1
1 62610U 25009B   26208.68300228  .00013642  00000-0  43647-3 0  9991
2 62610  97.3997 291.1610 0006341 151.9074 208.2511 15.32513860 85154
ONEWEB-0325
1 49194U 21083J   26208.27723029  .00000088  00000-0  18952-3 0  9995
2 49194  87.9199 327.4862 0001860 101.9918 258.1422 13.18688163235298
GONETS-M 25
1 54152U 22139C   26208.47074223 -.00000004  00000-0 -10195-3 0  9996
2 54152  82.5080 323.0024 0021574 141.2324 219.0309 12.42891081170651
PERSEUS M2
1 40037U 14033AD  26208.47410691  .00001646  00000-0  15350-3 0  9999
2 40037  97.9970 159.8417 0012188 159.1115 201.0606 14.95613686656804
COSMOS 2263
1 22802U 93059A   26208.57542626  .00000209  00000-0  13569-3 0  9993
2 22802  70.9262 167.6194 0025310 270.3004  89.5217 14.13651866695039
COSMOS 1641
1 15623U 85023G   26208.27886266 -.00000026  00000-0 -61574-4 0  9995
2 15623  74.0559 142.6395 0044060 217.8941 296.1745 12.54563844893753
PROTOMETHEE
1 58321U 23174BT  26208.52147693  .00003309  00000-0  11042-3 0  9997
2 58321  97.3761 286.7462 0008394  35.4770 324.7029 15.31745954151142
ONEWEB-0336
1 49202U 21083S   26208.70896821 -.00000250  00000-0 -71818-3 0  9997
2 49202  87.8977 312.1648 0001689  94.4547 265.6775 13.13469921236230
ONEWEB-0604
1 54668U 22166AC  26208.11238577  .00000056  00000-0  10358-3 0  9999
2 54668  87.9236 236.0300 0002120  94.9294 265.2082 13.21824948176711
SUPERVIEW NEO-2 03
1 62079U 24218B   26208.54551789 -.00000016  00000-0  24041-5 0  9997
2 62079  97.4399 215.3118 0001444  91.5909 268.5491 15.19717340 92570
COSMOS 1880
1 18339U 87074F   26208.19390228  .00000044  00000-0  17602-3 0  9999
2 18339  82.5577 237.0501 0010652  84.6509 343.3300 12.65537426796014
YAOGAN-43 O1J
1 60466U 24148J   26208.44870256  .00013498  00000-0  35913-3 0  9994
2 60466  34.9905 235.0630 0008287 266.0176  93.9596 15.37331616108631
COSMOS 402
1 05105U 71025A   26208.21348380 -.00000091  00000-0 -43770-5 0  9991
2 05105  64.9811 144.8211 0059437 263.7008 258.0783 13.73172198773526
COSMOS 1850
1 18095U 87049A   26208.41151509  .00000101  00000-0  45528-4 0  9995
2 18095  74.0407 343.2243 0015068 344.7588  15.3108 14.34140746 45671
ION SCV-007
1 55060U 23001BD  26208.15266067  .00000455  00000-0  70684-4 0  9996
2 55060  97.8983 270.3701 0011813 200.5190 159.5547 14.77585232192151
DUMMY MASS 1
1 24925U 97048A   26208.27366195  .00000389  00000-0  39888-4 0  9997
2 24925  86.3367 307.8749 0008095 134.9559 225.2324 14.87369216565332
IRIDIUM 17
1 24870U 97034B   26208.57368268  .00000347  00000-0  10765-3 0  9993
2 24870  86.3911  64.2909 0003568 104.0080 256.1515 14.38214076521847
BRO-12
1 59108U 24043L   26208.46411763  .00001107  00000-0  10155-3 0  9990
2 59108  97.8533 339.7941 0007298 209.1314 150.9501 14.96925338130669
USA 58
1 20562U 90031C   26208.48615577  .00000793  00000-0  10770-3 0  9996
2 20562  89.8571 262.5895 0063586 158.3119 202.0818 14.76488569119592
METEOR 1-10
1 05731U 71120A   26208.38278648  .00000027  00000-0  81776-5 0  9994
2 05731  81.2615 341.2102 0022447 304.6335  55.2720 14.11893498801780
QIANFAN-197
1 69415U 26125Q   26208.84915579 -.02040933  00000-0 -21990+1 0  9991
2 69415  88.9934 275.8880 0019744  41.7922 318.4747 13.77429210  7429
QIANFAN-190
1 69408U 26125H   26208.88101088 -.02036866  00000-0 -22785+1 0  9992
2 69408  88.9924 275.9130 0016553  40.9369 319.3035 13.75188982  7426
METEOR 2-8
1 13113U 82025A   26208.11655204  .00000044  00000-0  25354-4 0  9999
2 13113  82.5366  66.3422 0018993 122.8588 355.2411 13.85602125241177
TIANQI 31
1 61197U 24170C   26208.46175764  .00000079  00000-0  14480-3 0  9992
2 61197  44.8636 318.1354 0008933 261.9824  97.9993 13.97715078 94587
COSMOS 1176
1 11788U 80034A   26208.54892299 -.00000038  00000-0  40821-4 0  9997
2 11788  64.8279 266.0134 0062555 269.3283  90.0612 13.93148042347446
COSMOS 830
1  8894U 76054F   26208.53332721  .00000001  00000-0  11768-3 0  9992
2  8894  74.0002  40.6617 0016085 261.3640 127.6649 12.46261149279908
ONEWEB-0335
1 49201U 21083R   26208.20451221  .00000363  00000-0  95902-3 0  9995
2 49201  87.8981 312.2703 0001769  98.2261 261.9068 13.13469093236178
DOJO
1 65302U 25185F   26208.64662504  .00010974  00000-0  14527-2 0  9990
2 65302  97.9658 291.6853 0009323 300.4969  59.5322 14.80063841 49828
GLOBALSTAR M036
1 25623U 99004C   26208.57619630 -.00000040  00000-0  62054-3 0  9990
2 25623  51.9948 251.7710 0011224 111.5343  55.9100 11.86625528227103
MOLA
1 59289U 24053B   26208.66704631  .00052795  00000-0  57541-3 0  9991
2 59289  49.9851  82.9722 0003248 160.6281 199.4814 15.62816172127827
YAOGAN-30 V
1 46808U 20076B   26208.35155684  .00002587  00000-0  19143-3 0  9999
2 46808  34.9928 206.1484 0001302 305.2145  54.8441 15.02820824314279
YAOGAN 9C
1 36415U 10009C   26208.52815126 -.00000010  00000-0  56898-4 0  9999
2 36415  63.3634 253.9680 0542293  21.5337 340.7580 13.45714912805338
QIANFAN-179
1 69396U 26124Q   26208.84243395 -.01937502  00000-0 -20631+1 0  9995
2 69396  89.0003 357.4918 0009648  39.0740 321.1122 13.77990251  7544
GLOBALSTAR M038
1 25624U 99004D   26208.40304953 -.00000086  00000-0  71047-4 0  9995
2 25624  51.9998 344.5721 0002128 158.2681 234.5377 12.32547813252345
GPM
1 39574U 14009C   26208.47343340  .00006670  00000-0  14490-3 0  9998
2 39574  64.9700 173.1315 0010780 265.4716  94.5193 15.45175088704033
SHIYAN 30-04
1 68140U 26048B   26208.58311433  .00002151  00000-0  21152-3 0  9998
2 68140  34.9926  25.7562 0003196 335.0600  24.9950 14.91865074 20407
COSMOS 510
1  6123U 72057G   26208.40065910 -.00000016  00000-0 -11904-5 0  9995
2  6123  74.0297 359.0501 0009243 256.4568 131.2298 12.41075264447306
DAQI 1
1 52257U 22039A   26208.50714112  .00000102  00000-0  32251-4 0  9996
2 52257  98.1481 146.5269 0004733 117.1498 243.0184 14.57697978227810
YAM-16
1 68992U 26100N   26208.67265273  .00001779  00000-0  18306-3 0  9994
2 68992  97.7319 105.3322 0004044  32.0165 328.1298 14.91547597 12735
HULIANWANG DIGUI-62
1 65168U 25174E   26208.48833991  .00000098  00000-0  19341-3 0  9996
2 65168  86.4879 238.2340 0001920 105.5861 254.5485 13.24410033 46127
UND ROADS 1
1 64535U 25135H   26208.55232046  .00006298  00000-0  27156-3 0  9993
2 64535  97.4707 323.3534 0005370  53.6617 306.5114 15.22899350 61006
BRO-21
1 69007U 26100AD  26208.50394950  .00003329  00000-0  15020-3 0  9992
2 69007  97.3996 105.7352 0006115 275.9114  84.1425 15.21684085 12931
SAUDISAT 5B
1 43833U 18102C   26208.51084567  .00005151  00000-0  18722-3 0  9992
2 43833  97.3157 272.4613 0009935   3.5951 356.5359 15.28665945421957
COSMOS 2530
1 43751U 18097A   26208.54488377  .00000009  00000-0 -41449-5 0  9996
2 43751  82.5127 197.2334 0018477 311.1558  48.7927 12.42882351347307
KUIPER-00012
1 63728U 25088E   26208.29990478  .00001804  00000-0  26541-3 0  9999
2 63728  51.9013 178.2408 0000515  55.3685 304.7326 14.79953003 68594
ONEWEB-0239
1 48802U 21045AM  26208.58130709  .00000115  00000-0  27248-3 0  9998
2 48802  87.8976 251.1519 0002843 100.6848 259.4602 13.15548202249652
RASSVET-3 1
1 68360U 26061A   26208.60333493  .00002878  00000-0  13993-3 0  9990
2 68360  82.2930 330.8115 0001466 146.9487 213.1838 15.18053062 19700
ICEYE-X25
1 56963U 23084AH  26208.47976826  .00029631  00000-0  32145-3 0  9992
2 56963  97.5915 357.6214 0004732 147.2205 212.9348 15.63471033174264
TROOP-F3
1 68429U 26067P   26208.59873757  .00012387  00000-0  57061-3 0  9992
2 68429  97.4522 166.6035 0000860 165.1214 195.0047 15.20430177 18084
FOSSASAT2E18 (TAT-A)
1 62686U 25009CF  26208.52121691  .00003031  00000-0  13882-3 0  9991
2 62686  97.3962 286.1428 0005965 179.3597 180.7647 15.21232541 84824
GEESAT 4-03
1 65121U 25170C   26208.51961727  .00002104  00000-0  27571-3 0  9998
2 65121  49.9933 347.0428 0020471 215.7638 144.1931 14.84125025 52426
QIANFAN-81
1 63167U 25046J   26208.49355558  .00000151  00000-0  21519-3 0  9990
2 63167  88.9720 296.3486 0015446 177.7879 182.3344 13.51027529 78109
ONEWEB-0533
1 55141U 23004B   26208.32944153 -.00000353  00000-0 -10159-2 0  9995
2 55141  87.8981 342.6912 0001676 100.8333 259.2985 13.12443544173321
FALCON EYE 2
1 47226U 20090A   26208.46569340  .00000464  00000-0  60780-4 0  9996
2 47226  97.8569 282.6582 0001403  94.5172 265.6203 14.84889572306218
NANOSAT(1)
1 28493U 04049B   26208.66114144  .00001127  00000-0  15544-3 0  9991
2 28493  98.2325 346.3249 0004635 147.6996 212.4499 14.80232712161434
HULIANWANG DIGUI-109
1 66919U 25285E   26208.43869650 -.00000107  00000-0  37482-4 0  9999
2 66919  50.0094   1.6093 0000842  91.0254 269.0715 13.29317036 31420
OXP 1
1 22489U 93009A   26208.56976262  .00000534  00000-0  92561-4 0  9996
2 22489  24.9655 304.3634 0039226 241.7563 117.8982 14.47122220767046
COSMOS 2610
1 68758U 26083F   26208.58584070  .00002464  00000-0  17033-3 0  9991
2 68758  97.8104 347.0824 0008959 278.1948  81.8262 15.06672246 15285
KUIPER-00357
1 68866U 26095C   26208.59006031  .00000134  00000-0  46561-4 0  9992
2 68866  51.9001  64.5007 0001154 109.2891 250.8196 14.79931429 13706
KUIPER-00524
1 68892U 26095AE  26208.84534436  .00002510  00000-0  38811-3 0  9992
2 68892  51.8982  59.9881 0002296 136.0224 224.0920 14.76440157 13782
DRISHTI
1 69010U 26100AG  26208.23176916  .00002610  00000-0  12211-3 0  9997
2 69010  97.3993 105.3320 0003648 238.4368 121.6512 15.20627931 12891
COSMOS 2587
1 63290U 25054C   26208.57611082  .00000041  00000-0  22474-3 0  9991
2 63290  82.4947  53.5783 0014003 285.6869  74.2666 12.42894317 61873
HULIANWANG DIGUI-54
1 65111U 25168F   26208.47425257 -.00000093  00000-0  66246-4 0  9991
2 65111  49.9971 180.8393 0010605 220.7351 139.2729 13.29327201 48059
COSMOS 2494 (SKRL 756)
1 39491U 13078B   26208.50821124  .00003033  00000-0  21079-3 0  9997
2 39491  82.4103 210.9535 0017487  71.1438 289.1683 15.05074258684879
KUIPER-00178
1 67767U 26030D   26208.30352817  .00011880  00000-0  15843-2 0  9992
2 67767  51.9005 315.7332 0000325 139.7069 220.3918 14.79939439 25857
SDA_1677
1 65987U 25230P   26208.41816610 -.00019564  00000-0 -19506-1 0  9991
2 65987  81.3002 175.5418 0002239  76.7543 283.3860 13.78185497 39308
AIST 1
1 39492U 13078C   26208.48943970  .00001688  00000-0  14717-3 0  9994
2 39492  82.4133 231.8285 0017810 138.1576 222.1011 14.96162768681270
IRIDIUM 45
1 25104U 97082A   26208.41777371  .00024980  00000-0  49238-3 0  9995
2 25104  86.3484 207.7517 0072727 226.7836 132.7333 15.44141697514111
GONETS M 11 (M21)
1 40552U 15020A   26208.49862771  .00000094  00000-0  61128-3 0  9990
2 40552  82.4873   5.8679 0015238 274.4271  85.5068 12.42879420513742
ONEWEB-0193
1 48238U 21031AE  26208.25976688  .00000123  00000-0  29857-3 0  9991
2 48238  87.8955 281.7150 0002015 110.7140 249.4206 13.14503030253574
SPOT 6
1 38755U 12047A   26208.46737145  .00000371  00000-0  89641-4 0  9990
2 38755  98.2106 275.2998 0001139  96.1103 264.0226 14.58544828738922
GP-B
1 28230U 04014A   26208.50758016  .00000747  00000-0  89277-4 0  9999
2 28230  89.8470  49.4270 0003186  98.8806 261.2780 14.83324992658321
COSMOS 1244
1 12297U 81013A   26208.11113157  .00000074  00000-0  61083-4 0  9995
2 12297  82.9495  56.1081 0031773  80.0576  41.4609 13.75249998924756
APRIZESAT 1
1 28372U 04025G   26208.26870924  .00000298  00000-0  85269-4 0  9992
2 28372  98.6313 220.0865 0045272  34.7502 325.6634 14.51798170167723
WILDFIRE 5
1 57769U 23133N   26208.29658219 -.00000103  00000-0 -10019-3 0  9996
2 57769  81.0055 329.3111 0005396 257.3996 102.6557 13.85528851146585
FALCONSAT-10
1 58291U 23174AM  26208.44216038  .00005127  00000-0  19010-3 0  9997
2 58291  97.3790 284.0892 0009521  53.7063 306.5055 15.28017501150916
XINZHENGCHENG 01
1 68414U 26066C   26208.01325832  .00001160  00000-0  12025-3 0  9996
2 68414  84.9654 202.3818 0028151 113.0983 247.3213 14.88690035 17652
CORVUS BC1
1 42847U 17042Y   26208.43844691  .00003114  00000-0  21355-3 0  9994
2 42847  97.4136   9.0786 0010399 316.5571  43.4837 15.06684627493153
NOVA 3
1 15362U 84110A   26208.19659850  .00000050  00000-0  98521-4 0  9996
2 15362  90.1167  83.1011 0033346  66.3228  58.4988 13.23073384 16927
COSMOS 591
1 06848U 73069D   26208.44536883 -.00000007  00000-0  52633-4 0  9991
2 06848  74.0011  24.0798 0089053  58.0411 330.9399 12.61753659432588
SJ-30B
1 66546U 25266B   26208.59730149  .00010500  00000-0  56178-3 0  9990
2 66546  51.7972 350.0778 0006910  42.5048 317.6462 15.15551356 37982
FLOCK 4H 28
1 66731U 25276BT  26208.53118596  .00012761  00000-0  59075-3 0  9997
2 66731  97.4173 281.2497 0003697 211.8028 148.2984 15.20247067 36544
QIANFAN-11
1 60389U 24140L   26208.50694691  .00000084  00000-0  11138-3 0  9994
2 60389  88.9663 275.6046 0012071 259.4448 100.5344 13.51017755 97733
GUANGCHUAN 02
1 62112U 24221B   26208.47955831  .00004156  00000-0  23629-3 0  9994
2 62112  49.9440 325.8944 0006390 154.2598 205.8672 15.14870549 92286
GLOBALSTAR M015
1 25308U 98023C   26208.56963242 -.00000071  00000-0  68700-4 0  9999
2 25308  51.9832  43.1458 0014066  78.7797 293.9825 11.48866381240678
ONEWEB-0591
1 54657U 22166R   26208.12583722  .00000068  00000-0  13393-3 0  9998
2 54657  87.9223 236.0353 0002000  91.9776 268.1587 13.21824248176830
BB4
1 57757U 23133B   26208.42265730  .00001530  00000-0  29440-3 0  9991
2 57757  81.0024 316.9362 0008869 202.7357 157.3451 14.63190594147308
LEMUR-2-LAILA
1 66776U 25276DQ  26208.20760929  .00006314  00000-0  28217-3 0  9994
2 66776  97.4163 281.5101 0002610  77.0201 283.1327 15.21678409 36534
HULIANWANG DIGUI-07
1 62329U 24240G   26208.52237937  .00000046  00000-0  72167-4 0  9997
2 62329  86.4982 329.3239 0002120 102.3570 257.7801 13.24411495 77980
FLOCK 4H 33
1 66736U 25276BY  26208.20184508  .00006329  00000-0  28583-3 0  9995
2 66736  97.4210 281.5172 0003580 134.9776 225.1751 15.21313507 36529
TIGER-8
1 59120U 24043Y   26208.50299446  .00009931  00000-0  20975-3 0  9995
2 59120  97.5578 358.7494 0008596  65.4991 294.7153 15.45362373134011
ONEWEB-0112
1 48051U 21025K   26208.71235312 -.00000170  00000-0 -50166-3 0  9991
2 48051  87.8989 312.1494 0002203  98.4032 261.7347 13.13470708258915
NOAA 4
1 07529U 74089A   26208.01042950 -.00000020  00000-0  16887-3 0  9996
2 07529 102.0019 221.2095 0009496 119.7710 267.4852 12.53204884364513
FLOCK 4Q 11
1 58273U 23174T   26208.48411612  .00025096  00000-0  42714-3 0  9990
2 58273  97.3851 298.2214 0005425  31.3636 328.7939 15.51381307151839
GEESAT 6-03
1 65715U 25214D   26208.03103950  .00001991  00000-0  26666-3 0  9996
2 65715  49.9824 123.4153 0013399  15.1867 344.9471 14.83502192 45426
TEMISAT
1 22783U 93055B   26208.25629507  .00000053  00000-0  33870-4 0  9991
2 22783  82.5496 266.1580 0024216  96.2321 264.1599 13.83898057661252
COSMOS 1197
1 11880U 80058F   26208.58045510  .00000006  00000-0  15270-3 0  9999
2 11880  74.0167  69.7473 0013312   0.7504 359.3562 12.46012175 94563
HJS-7A
1 65617U 25209A   26208.45566608 -.00000056  00000-0  12939-3 0  9990
2 65617  49.9968 211.7636 0001056 259.8988 100.1770 13.41466740 43075
QIANFAN-105
1 66047U 25233Q   26208.48503676  .00000068  00000-0  86239-4 0  9991
2 66047  89.0003  38.8724 0002249  92.2768 267.8640 13.51021800 38788
ONEWEB-0368
1 49294U 21090R   26208.21241515  .00000086  00000-0  17905-3 0  9998
2 49294  87.9163 266.4704 0001955 117.6535 242.4797 13.20771804236268
ACS 3
1 59588U 24077B   26208.22717737  .00027959  00000-0  18931-1 0  9994
2 59588  97.1808 118.1665 0131082  22.7542 337.9363 13.96043140113623
LEMUR 2 ANDIS
1 42838U 17042P   26208.45212071  .00024143  00000-0  68081-3 0  9999
2 42838  97.3682  29.2621 0007831 210.0331 150.0465 15.36377997494637
COSMOS 1692
1 16140U 85094C   26208.42090787  .00000019  00000-0  45792-4 0  9994
2 16140  82.5990 204.7390 0016484 275.4952 243.5756 12.64914984883468
ATHENA
1 46275U 20061D   26208.61551514  .00015106  00000-0  27035-3 0  9992
2 46275  97.1884 272.8219 0001765 116.5012 243.6422 15.50071780328414
QIANFAN-226
1 69855U 26155H   26208.54705409  .00000242  00000-0  10740-3 0  9997
2 69855  89.0055  59.5508 0031066 181.5759 178.5338 14.19639105  3137
SHIYAN 23 (SY-23)
1 59728U 24089A   26208.70743486  .00000683  00000-0  82012-4 0  9995
2 59728  97.7785 209.6596 0005369  70.5399 289.6397 14.87093043119867
ANSER-FLW2
1 58018U 23155C   26208.54499171  .00113373  00000-0  18462-2 0  9997
2 58018  97.5524 299.5445 0001859 197.1087 163.0103 15.52240777155207
CHUBUSAT 2
1 41338U 16012B   26208.63247632  .00006317  00000-0  27037-3 0  9999
2 41338  30.9987  55.8886 0008344 131.4179 228.7180 15.21258405574582
USA 18
1 16631U 86014H   26208.52592448  .00007395  00000-0  46296-3 0  9997
2 16631  63.2945 274.7632 0748997 113.3211 254.8434 13.93013592349973
ONEWEB-0149
1 48058U 21025S   26208.22820172 -.00000073  00000-0 -23486-3 0  9995
2 48058  87.8987 312.2592 0001807  96.7218 263.4117 13.13470319258749
GAOFEN 9 05
1 46232U 20058A   26208.49801764  .00013300  00000-0  42415-3 0  9995
2 46232  97.2071 247.7281 0006631 322.0660  38.0114 15.32615970329786
KINEIS-3B
1 61224U 24172E   26208.24806191  .00001979  00000-0  32078-3 0  9999
2 61224  98.0417 297.8319 0000711 346.4818  13.6370 14.72331720 99242
ONEWEB-0338
1 49204U 21083U   26208.19220712  .00000086  00000-0  17895-3 0  9992
2 49204  87.9173 266.4740 0002233 103.5231 256.6151 13.20771578242094
LEMUR 2 AHMED-ASRAR
1 60576U 24149DN  26208.69972296  .00012739  00000-0  71355-3 0  9998
2 60576  97.7006 294.0940 0002242 167.2472 192.8816 15.13554030106696
ASUSAT
1 26065U 00004E   26208.57621170  .00000155  00000-0  70247-4 0  9995
2 26065 100.1956 156.6268 0035194 279.5640  80.1565 14.38251703389360
GEESAT 3-10
1 61020U 24159K   26208.48989163  .00001721  00000-0  22969-3 0  9998
2 61020  49.9990 256.2807 0004324 263.9028  96.1418 14.84345813102490
COSMOS 1228
1 12107U 80102A   26208.27338759  .00000015  00000-0  18267-3 0  9997
2 12107  73.9934 234.1027 0046108 278.5370 162.1442 12.58649893 94668
YAOGAN-43 02D
1 60948U 24156D   26208.56450990  .00008007  00000-0  33292-3 0  9998
2 60948  34.9929 304.0006 0003963 261.2046  98.8220 15.23056168105608
ONEWEB-0419
1 50494U 21132AB  26208.72629170 -.00000022  00000-0 -88110-4 0  9991
2 50494  87.9209 327.3992 0001951  92.9772 267.1583 13.18666689226923
JILIN-01 GAOFEN 2A
1 44777U 19075A   26208.49068606  .00015240  00000-0  37986-3 0  9996
2 44777  97.4961 293.2486 0004428 300.6762  59.4047 15.40308378371080
CAPELLA-20 (ACADIA)
1 68485U 26067BX  26208.87853405  .00006210  00000-0  63033-3 0  9997
2 68485  97.7556 166.5231 0000789 330.2986  29.8187 14.91199232 17791
COSMOS 1829
1 17584U 87026C   26208.72570015  .00000030  00000-0  10895-3 0  9992
2 17584  82.5690 206.7209 0001619 114.3707 245.7553 12.62721699814529
CSS (WENTIAN)
1 53239U 22085A   26208.71262562  .00019844  00000-0  25636-3 0  9999
2 53239  41.4686  75.9459 0001215 307.6750  52.3978 15.58480055288237
HYPERION-GR1
1 69883U 26156Q   26208.20255051  .00001053  00000-0  11128-3 0  9997
2 69883  97.7536 108.3204 0006502  79.1603 281.0347 14.91313819  2962
HULIANWANG DIGUI-165
1 68657U 26076B   26208.53741935  .00000013  00000-0 -31536-5 0  9996
2 68657  86.4970  30.2668 0002041  80.6151 279.5214 13.24413023 14717
TIANHUI 4A
1 50572U 21134A   26208.53318588  .00006188  00000-0  12195-3 0  9993
2 50572  88.9742 316.9808 0004990 267.5275  92.5414 15.47006195256107
QIANFAN-184
1 69402U 26125B   26208.53593594  .00000041  00000-0  29314-4 0  9996
2 69402  88.9942 275.9728 0021751  44.8142 315.4775 13.74969258  7364
OSCAR 11 (UOSAT 2)
1 14781U 84021B   26208.89491605  .00001517  00000-0  15949-3 0  9991
2 14781  97.8089 174.0242 0008950  56.2673 303.9397 14.90879901263198
COSMOS 252
1  3530U 68097A   26208.56667338  .00000156  00000-0  94657-4 0  9990
2  3530  62.3177  53.0977 1012250  63.4392 306.6726 12.88316589711154
ONEWEB-0575
1 56064U 23043U   26208.43496831  .00000042  00000-0  76078-4 0  9997
2 56064  87.9080 220.7718 0001597  88.5749 271.5565 13.16596284164260
QIANFAN-75
1 63161U 25046C   26208.50610943  .00000060  00000-0  74677-4 0  9991
2 63161  88.9721 296.6217 0016436 183.3681 176.7362 13.51016885 77966
SWISSCUBE
1 35932U 09051B   26208.19188562  .00001065  00000-0  21960-3 0  9998
2 35932  98.3994 116.7712 0008164  87.5249 272.6886 14.62550556895005
KUIPER-00511
1 68888U 26095AA  26208.50002315 -.00988406  00000-0 -96591-1 0  9992
2 68888  51.9033  50.5194 0003970  58.9153  34.2816 14.94851243  3384
NEMO-HD
1 46277U 20061F   26208.48025711  .00011214  00000-0  23673-3 0  9994
2 46277  97.1899 270.0412 0001275 124.7904 235.3466 15.45361413328206
ONEWEB-0056
1 45159U 20008AE  26208.44701613 -.00000550  00000-0 -16110-2 0  9991
2 45159  87.8827  28.2387 0001918  82.8297 277.3048 13.10371310313458
ICEYE-X59
1 66752U 25276CQ  26208.14700304  .00004678  00000-0  37239-3 0  9997
2 66752  97.4423 277.7391 0001660 121.5548 238.5839 15.00842425 36268
ZY-1 02E
1 50465U 21131A   26208.50850432  .00000106  00000-0  51813-4 0  9992
2 50465  98.4425 284.7380 0001633  59.9033 300.2315 14.35404337240204
KUIPER-00489
1 68880U 26095S   26208.50002315 -.00024554  00000-0 -18919-2 0  9998
2 68880  51.8908  50.4964 0011191  81.8595 119.2581 15.00866984  5919
ONEWEB-0039
1 45146U 20008R   26208.06706996 -.00000587  00000-0 -17192-2 0  9995
2 45146  87.8821  28.3188 0001319  96.9098 263.2179 13.10372703313386
KUIPER-00032
1 63745U 25088X   26208.89576007  .00015664  00000-0  37940-3 0  9996
2 63745  51.8662  64.1211 0002979 254.2511 105.8149 15.41262392 71143
SHIJIAN 6 03B (SJ-6 03B)
1 33409U 08053B   26208.54087300  .00002194  00000-0  16122-3 0  9991
2 33409  97.8569 229.1011 0018055 264.8932  95.0233 15.04406185968812
SEAHAWK-1
1 43820U 18099BQ  26208.14578867  .00009396  00000-0  39708-3 0  9995
2 43820  97.3940 260.0322 0009074 158.3814 201.7807 15.23412467418616
COSMOS 894
1 09846U 77013A   26208.59076883  .00000046  00000-0  32005-4 0  9993
2 09846  82.9406  67.2884 0031215  96.0913 292.8050 13.74211821477726
COSMOS 2014
1 19908U 89025G   26208.47507012 -.00000008  00000-0  55546-4 0  9993
2 19908  74.0107  16.8881 0012285  85.1687 304.5156 12.46290942698863
FLOCK 4H 5
1 66708U 25276AU  26208.50678227  .00006339  00000-0  28870-3 0  9993
2 66708  97.4163 281.5833 0002048 128.7674 231.3745 15.21028914 36566
CSS (TIANHE-1)
1 48274U 21035A   26208.71262562  .00019844  00000-0  25636-3 0  9996
2 48274  41.4686  75.9459 0001215 307.6750  52.3978 15.58480055299490
ONEWEB-0448
1 51641U 22012V   26208.03485263  .00000616  00000-0  17292-2 0  9999
2 51641  87.8815  28.3368 0001794  89.1857 270.9475 13.10371928214517
ONEWEB-0058
1 45161U 20008AG  26208.45069494 -.00000614  00000-0 -17947-2 0  9999
2 45161  87.8813  28.2522 0001971  95.5328 264.6024 13.10374582313695
AETHER-10
1 67381U 26004U   26208.43298413  .00000751  00000-0  91347-4 0  9990
2 67381  97.8061 206.3588 0002722  63.7402 296.4093 14.86320308 29262
FOSSASAT2E19 (TAT-E)
1 62676U 25009BV  26208.49652906  .00003076  00000-0  14044-3 0  9994
2 62676  97.3953 286.0563 0005111 178.1127 182.0129 15.21335624 84827
SZ-20 MODULE
1 67481U 25082C   26208.66125279  .00029758  00000-0  23059-3 0  9992
2 67481  41.4769  66.5966 0014358 290.3537  69.5763 15.71036471299592
COSMOS 729
1 07768U 75034A   26208.26005222  .00000052  00000-0  38908-4 0  9993
2 07768  82.9636 100.8054 0024187  53.7905  67.3157 13.73646585568537
QIANFAN-63
1 62793U 25016J   26208.47490176  .00000108  00000-0  14758-3 0  9994
2 62793  88.9700  79.5438 0018018  56.3620 303.9247 13.51018895 77886
HULIANWANG DIGUI-153
1 67529U 26013H   26208.39667687 -.00000093  00000-0  67013-4 0  9995
2 67529  50.0020 211.1210 0001323 265.6944  94.3777 13.29324508 25394
COSMOS 724
1 07727U 75025A   26208.23243089 -.00000067  00000-0  14185-4 0  9998
2 07727  65.5913 314.2375 0045522 102.1888 258.4290 13.99130945621299
OTB
1 44341U 19036C   26208.72698588  .00001362  00000-0  24813-3 0  9999
2 44341  23.9966  83.4831 0010927  91.8027 268.3717 14.57275267377294
HYPSO-2
1 60531U 24149BR  26208.52234896  .00002003  00000-0  17031-3 0  9992
2 60531  97.6816 284.1990 0000847 110.1435 249.9879 14.98973401106091
SCISAT 1
1 27858U 03036A   26208.67529270  .00000680  00000-0  91406-4 0  9996
2 27858  73.9296  90.8980 0006752 154.9537 205.1968 14.81492166237449
IMPULSE-3 MIRA
1 66687U 25276X   26208.62477254  .00011507  00000-0  50805-3 0  9995
2 66687  97.4249 281.7529 0003532  39.4945 320.6548 15.21900899 36574
COSMOS 2127
1 21102U 91009C   26208.27608978 -.00000019  00000-0 -22504-4 0  9999
2 21102  74.0330 324.4370 0007189 282.4858 101.1026 12.48179479615410
HERMES-2
1 63243U 25052AK  26208.22707076  .00016688  00000-0  56213-3 0  9990
2 63243  97.3851 102.9441 0003990   2.9102 357.2162 15.30818684 76147
SHIYAN 6 02 (SY-6 02)
1 45859U 20043A   26208.50244719  .00000425  00000-0  86417-4 0  9991
2 45859  98.1861 219.3810 0130172 100.5078 261.0819 14.60955027322749
KUIPER-00117
1 65949U 25228C   26208.68734521  .00003961  00000-0  54840-3 0  9999
2 65949  51.8984  99.0017 0000703  99.8164 260.2877 14.79925990 43995
ORBCOMM FM 29
1 33062U 08031C   26208.42994822  .00001512  00000-0  21115-3 0  9996
2 33062  48.4373 197.4114 0006046 326.8575 193.1681 14.82900799974259
BRITE-PL 2
1 40119U 14049B   26208.27302824  .00002086  00000-0  19735-3 0  9993
2 40119  97.9127 320.5916 0013340 342.5276  17.5483 14.94723481647433
EROS C3
1 54880U 22179A   26208.47362448  .00005241  00000-0  29182-3 0  9999
2 54880 139.3351 235.0394 0009188 258.2896 101.6881 15.11129102198426
GAOFEN 1-03
1 43260U 18031B   26208.53237821  .00000768  00000-0  11767-3 0  9993
2 43260  98.0500 270.7954 0001461 329.9018  30.2107 14.76477345448644
LEMUR 2 MARACHE-FRAN
1 63262U 25052BE  26208.68693040  .00004854  00000-0  39079-3 0  9999
2 63262  97.6794 101.8377 0006827 205.4819 154.6069 15.00400643 74838
GEESAT 2-10
1 58914U 24023K   26208.42109154  .00001772  00000-0  24111-3 0  9991
2 58914  49.9937 167.6207 0009365 152.4947 207.6489 14.83357501134881
UMBRA-09
1 60541U 24149CB  26208.19512116  .00020493  00000-0  97560-3 0  9998
2 60541  97.6968 296.1156 0002230 179.9675 180.1559 15.19181450106791
QIANFAN-206
1 69805U 26153F   26208.50074090  .00000383  00000-0  17733-3 0  9996
2 69805  88.9934 357.6393 0009135 142.2519 217.9313 14.18786258  3299
COSMOS 414
1 05213U 71041D   26208.48440001  .00000007  00000-0  14531-3 0  9997
2 05213  74.0123 210.9577 0042430  18.3965  55.5400 12.51149146522198
LEMUR 2 VALHALLA
1 58900U 24022B   26208.09446123  .00016348  00000-0  40033-3 0  9994
2 58900  97.4072  58.5918 0007929 340.1693  19.9244 15.40806701138410
COSMOS 447
1  5550U 71086D   26208.52373939  .00000019  00000-0  22706-3 0  9996
2  5550  74.0264 255.3644 0066674 262.8683 166.6117 12.50624222501249
QIANFAN-91
1 66033U 25233A   26208.49730213  .00000058  00000-0  71905-4 0  9999
2 66033  88.9980  39.1094 0002185  94.8315 265.3085 13.51015714 38620
OSCAR 18 (WEBERSAT)
1 20441U 90005F   26208.85857388  .00000114  00000-0  57620-4 0  9995
2 20441  98.8714 238.3554 0012306 101.0114  72.2166 14.34001273907881
TIANMU-1 16
1 58701U 24004B   26208.52137123  .00005786  00000-0  22022-3 0  9990
2 58701  97.4616  33.9244 0005401 193.7659 166.3433 15.27128964141930
SDA_1683
1 65993U 25230V   26208.86376030  .00000133  00000-0  12025-3 0  9995
2 65993  81.3016 175.0732 0001442  90.9778 269.1541 13.78133104 39370
IRIDIUM 164
1 43577U 18061J   26208.49438223 -.00000050  00000-0 -24979-4 0  9997
2 43577  86.3934  39.9069 0002240  87.4927 272.6525 14.34216780419191
SJ-11-02
1 37765U 11039A   26208.68666076  .00000552  00000-0  11338-3 0  9996
2 37765  98.2566  98.8179 0011454 130.9456 247.6568 14.64517251799886
METOP-C
1 43689U 18087A   26208.47040729  .00000114  00000-0  71875-4 0  9993
2 43689  98.6622 267.3324 0001988  78.2092 281.9308 14.21505611400557
ZHEDA PIXING 1B
1 37166U 10047B   26208.49199009  .00002080  00000-0  21381-3 0  9992
2 37166  97.9502 186.9890 0020171 143.7631 216.4958 14.91329507856425
KUIPER-00584
1 69274U 26118H   26208.43186179  .00007213  00000-0  97485-3 0  9992
2 69274  51.8974 227.8128 0000635 117.6971 242.4056 14.79903865 10040
COSMOS 2034
1 20149U 89059A   26208.36253578  .00000057  00000-0  44272-4 0  9999
2 20149  82.9412 185.1049 0032372 131.2832  23.1268 13.73700138854629
JILIN-01-09
1 43943U 19005B   26208.51672838  .00004500  00000-0  20709-3 0  9996
2 43943  97.4747 303.1438 0001165 359.9612   0.1623 15.20831526415277
SINAH 1
1 28893U 05043D   26208.51068847  .00000385  00000-0  82474-4 0  9994
2 28893  98.2908 343.0810 0015197 146.0731 214.1447 14.64183229106428
COSMOS 1898
1 18585U 87098A   26208.80872193  .00000119  00000-0  51304-4 0  9993
2 18585  74.0046  36.8156 0020335  20.7268 339.4704 14.34583458 21252
COSMOS 1231
1 12110U 80102D   26208.59096245 -.00000004  00000-0  71100-4 0  9992
2 12110  73.9956 295.1388 0037424 355.7718  68.1461 12.57138197 92201
KANOPUS-V 5
1 43876U 18111A   26208.66545517  .00002346  00000-0  10341-3 0  9994
2 43876  97.3537 113.3509 0001818  89.0669 271.0776 15.22770256420948
ESEO
1 43792U 18099AL  26208.55668342  .00001507  00000-0  11211-3 0  9991
2 43792  97.3961 244.2150 0011691 185.8546 174.2546 15.04359715417871
GLOBALSTAR M069
1 31573U 07020C   26208.15838019 -.00000081  00000-0  10987-3 0  9999
2 31573  52.0024 138.9911 0001375 236.7119 262.3965 12.23472796883691
LUMELITE 4
1 56309U 23057B   26208.39135216  .00012001  00000-0  45958-3 0  9996
2 56309   9.9920 115.6065 0005291 328.2468  31.7429 15.22735367180194
CO3D2
1 64902U 25156D   26208.50380794  .00004593  00000-0  21514-3 0  9991
2 64902  97.4341 286.5158 0001061  90.0797 270.0559 15.20206826 55657
COSMOS 1086
1 11301U 79024F   26208.43640780 -.00000007  00000-0  62480-4 0  9990
2 11301  74.0347  15.2805 0010935 293.1100  95.2236 12.47884275157679
ONEWEB-0642
1 55806U 23029L   26208.20533271  .00000104  00000-0  22702-3 0  9992
2 55806  87.9180 297.0093 0002837 103.7746 256.3703 13.19726682164188
LANDSAT 3
1 10702U 78026A   26208.35273171 -.00000049  00000-0 -33858-5 0  9997
2 10702  99.0705 163.0080 0015374  37.6964 114.6150 13.97003593467088
SS 2
1 10544U 77112E   26208.78493297  .00000304  00000-0  12034-3 0  9999
2 10544  63.3370 230.1650 0507148 162.9930 198.8843 13.91335558358044
METEOR 1-17
1 07274U 74025A   26208.58514683  .00000083  00000-0  40607-4 0  9998
2 07274  81.2116 257.8358 0019273 217.1553 142.8284 14.08926273683991
KUIPER-00619
1 69777U 26151Q   26208.77693225  .00023245  00000-0  60422-3 0  9993
2 69777  51.8821 119.3223 0002358 151.2286 208.8832 15.38825411  3953
IRIDE-MS2-HEO-9
1 64585U 25135BK  26208.46853541  .00002121  00000-0  21495-3 0  9998
2 64585  97.7792 322.4705 0001479 157.2456 202.8829 14.91969781 59904
HELIOS 1B
1 25977U 99064A   26208.72598557  .00001431  00000-0  16190-3 0  9993
2 25977  98.1569 115.0328 0001322  41.8868 318.2449 14.88103647706087
SPACEMOBILE-009
1 69590U 26139B   26208.90620359  .00002528  00000-0  15949-3 0  9990
2 69590  52.9935  77.7213 0005681  83.1209 277.0428 15.12734723  6140
EZIE-C
1 63249U 25052AR  26208.20113336  .00003457  00000-0  30096-3 0  9995
2 63249  97.6841  99.6026 0005071  79.1316 281.0476 14.97565321 74656
KUIPER-00294
1 68594U 26072X   26208.73039974  .00003989  00000-0  55196-3 0  9997
2 68594  51.8995 356.3680 0001600  78.7782 281.3360 14.79938542 17405
COSMOS 2115
1 21029U 90114B   26208.41089479  .00000011  00000-0 -19343-6 0  9998
2 21029  82.5680 185.9990 0004831 104.3620  51.5791 12.63533627641487
HYDROGNSS-1
1 66762U 25276DA  26208.64825497  .00002609  00000-0  15699-3 0  9992
2 66762  97.4188 279.9690 0009220 270.6433  89.3741 15.11663124 36467
KUIPER-00488
1 68879U 26095R   26208.86837711  .00005094  00000-0  69555-3 0  9990
2 68879  51.9013  55.7800 0000707 108.2345 251.8695 14.80004892 13849
ICEYE-X6
1 46497U 20068M   26208.49207744  .00002375  00000-0  17344-3 0  9990
2 46497  98.0986 204.1000 0006127 326.8080  33.2759 15.04715965319298
YUNYAO-1 44
1 63345U 25059B   26208.53134066  .00003431  00000-0  20725-3 0  9998
2 63345  97.6106  29.6433 0017317  24.5393 335.6657 15.11256983 74393
FLOCK 4H 19
1 66722U 25276BJ  26208.63897752  .00006393  00000-0  28793-3 0  9993
2 66722  97.4166 281.8675 0003107 127.0078 233.1443 15.21404325 35882
BRO-16
1 62654U 25009AX  26208.19445937  .00003910  00000-0  16340-3 0  9999
2 62654  97.4051 288.1894 0003047 130.2610 229.8894 15.24202330 84891
OBZOR-R 01
1 67234U 25310A   26208.02448015  .00000149  00000-0  29068-4 0  9998
2 67234  97.9639 214.7379 0001676  91.4847 268.6554 14.75897352 31509
COSMOS 2166
1 21780U 91077B   26208.76788134  .00000035  00000-0  13661-3 0  9992
2 21780  82.5958 220.4233 0004676  74.2020  99.5487 12.63449660600291
YAOGAN 17A
1 39239U 13046A   26208.51109486 -.00000093  00000-0 -17602-5 0  9997
2 39239  63.3873 346.2175 0429478  12.0987 348.9970 13.45510132633712
FIREFLY-3
1 62710U 25009DF  26208.46955858  .00001155  00000-0  11698-3 0  9990
2 62710  97.7046 285.7908 0004134  43.7554 316.3992 14.92825919 83341
GONETS M 21
1 47228U 20091B   26208.46996306 -.00000090  00000-0 -71853-3 0  9994
2 47228  82.4964 276.0795 0016033 107.0501 253.2337 12.42887070256075
COSMOS 683
1 07441U 74072G   26208.72182410 -.00000015  00000-0  37988-5 0  9996
2 07441  74.0354 112.9096 0020994 232.0600 127.8556 12.53519534372730
SPEQTRE
1 66769U 25276DH  26208.49703542  .00005222  00000-0  23985-3 0  9999
2 66769  97.4195 281.6921 0002944  94.1996 265.9576 15.20818591 36567
TIANHUI 2-02A
1 49071U 21074A   26208.50497189  .00001757  00000-0  92927-4 0  9999
2 49071  97.4825 211.2029 0001328 104.4330 255.7050 15.16760299273387
COSMOS 2221
1 22236U 92080A   26208.25541929  .00001875  00000-0  16187-3 0  9996
2 22236  82.5055 145.3770 0015995  83.6495 276.6548 14.96636222801663
YAOGAN-35 05A
1 53760U 22109A   26208.04685025  .00010617  00000-0  44018-3 0  9998
2 53760  35.0071  88.2804 0002873 350.0405  10.0252 15.23108529216696
NINGXIA-1 6
1 49018U 21064A   26208.56186646 -.00000122  00000-0  55995-5 0  9999
2 49018  45.0006  44.6947 0007634  60.2360 299.9236 14.08539753259900
SATGUS
1 62713U 25009DJ  26208.65035215  .00008471  00000-0  65603-3 0  9993
2 62713  97.6874 289.6258 0004370 355.0584   5.0596 15.01678788 83632
ONEWEB-0708
1 61613U 24188V   26208.47771898  .00000419  00000-0  11630-2 0  9996
2 61613  87.8822  28.2467 0001678  71.1136 289.0173 13.10374959 88574
COSMOS 2199
1 22036U 92042C   26208.24163591  .00000037  00000-0  15113-3 0  9993
2 22036  82.5964 255.1629 0010481 239.7038 187.7764 12.61052916566285
GAOFEN 9 03
1 45794U 20039A   26208.50344330  .00009359  00000-0  29510-3 0  9999
2 45794  97.5431 343.1549 0009840 302.0890  57.9396 15.33063085339932
LPNTSAT-001
1 68408U 26065A   26208.20424137  .00002718  00000-0  13389-3 0  9991
2 68408  97.3965  87.8607 0015158 220.1261 139.8855 15.18718357 18337
KUIPER-00405
1 68923U 26098E   26208.50002315  .00111244  00000-0  15502-1 0  9994
2 68923  51.9000 242.3691 0000946 133.5292 245.4553 14.76751320  5522
GMS-T
1 47346U 21004A   26208.36414059  .00000013  00000-0  13163-4 0  9993
2 47346  90.1265 242.3243 0001029 339.3323  20.7767 13.16656990264880
BLACKCAT
1 67369U 26004G   26208.44185940  .00001709  00000-0  19315-3 0  9995
2 67369  97.8002 206.2102 0007779  25.0153 335.1439 14.87774852 29279
YAOGAN-50
1 67433U 26006A   26208.40567033  .00000269  00000-0  73003-4 0  9997
2 67433 142.0418  50.1261 0000535 282.1659  77.9000 13.83247019 27006
COSMOS 783
1 08458U 75112A   26208.20684117  .00000111  00000-0  49122-4 0  9993
2 08458  74.0599 289.9443 0012476 347.1763  12.9069 14.33785769645927
HAMSAT
1 28650U 05017B   26208.54807662  .00005022  00000-0  31198-3 0  9994
2 28650  97.9901 233.3372 0017457 258.5303 101.3965 15.10046389152854
ONEWEB-0443
1 51637U 22012R   26208.39426425  .00000101  00000-0  22589-3 0  9993
2 51637  87.9159 357.8825 0001616 104.7202 255.4108 13.17647989219014
ONEWEB-0612
1 54675U 22166AK  26208.76840928  .00000103  00000-0  21672-3 0  9991
2 54675  87.9236 235.8990 0001824  94.5421 265.5922 13.21827323176793
GEESAT 5-08
1 65557U 25201H   26208.40483058  .00001290  00000-0  20726-3 0  9990
2 65557  49.9758 210.6402 0014622  24.7028 335.4605 14.77845629 47803
CANX-4
1 40055U 14034C   26208.20847647  .00000933  00000-0  12671-3 0  9997
2 40055  98.3064  84.9810 0011505 239.7573 120.2500 14.81328915650456
QIANFAN-57
1 62787U 25016C   26208.45853498  .00000117  00000-0  16310-3 0  9991
2 62787  88.9705  79.6977 0001552  99.4253 260.7074 13.51022857 77812
ONEWEB-0048
1 45153U 20008Y   26208.46073679 -.00000424  00000-0 -12522-2 0  9994
2 45153  87.8820  28.2594 0001748  94.3420 265.7907 13.10376383313081
COSMOS 2252
1 22687U 93038A   26208.02055676  .00000034  00000-0  13119-3 0  9992
2 22687  82.5804 202.5097 0006686 242.1391 136.6494 12.63334324525553
KUIPER-00254
1 68585U 26072N   26208.48326353  .00004043  00000-0  55894-3 0  9996
2 68585  51.9033   7.4775 0001422 147.3387 212.7664 14.79939674 17226
SARAL
1 39086U 13009A   26208.47217375  .00000087  00000-0  47761-4 0  9997
2 39086  98.5558  34.5309 0002369 140.3031 219.8327 14.32898323701377
OBSERVER-1A
1 58323U 23174BV  26208.47206301  .00010013  00000-0  25736-3 0  9990
2 58323  97.3939 292.6057 0007762  24.8406 335.3212 15.39455044151400
METEOR 3-1
1 16191U 85100A   26208.87550694 -.00000066  00000-0 -20250-3 0  9990
2 16191  82.5493   7.1525 0018670 254.5727 259.3571 13.17319741959692
GEESAT 6-04
1 65716U 25214E   26208.77946470  .00001844  00000-0  24918-3 0  9995
2 65716  49.9842 120.1213 0009575  20.2984 339.8333 14.83463258 45537
ONEWEB-0628
1 55169U 23004AF  26208.65824488  .00000308  00000-0  82020-3 0  9994
2 55169  87.8988 342.6097 0001193  91.6108 268.5158 13.12441518173349
SDA_1666
1 65976U 25230C   26208.36489393  .00000138  00000-0  11744-3 0  9990
2 65976  81.3003 174.8612 0001640  94.3120 265.8223 13.81917805 39349
CENTISPACE-1 S15
1 62584U 25007K   26208.44801222  .00000267  00000-0  38639-3 0  9997
2 62584  54.9859 151.7914 0013878 147.0044 213.1781 13.80632337 80290
COSMOS 2507
1 40920U 15050A   26208.55992866  .00000157  00000-0  10623-2 0  9991
2 40920  82.4902  54.5279 0008857 262.8374  97.1698 12.42928243491870
GENMAT-1
1 58276U 23174W   26208.66763127  .00009867  00000-0  28977-3 0  9997
2 58276  97.3666 286.4601 0007312  51.5046 308.6853 15.35314050151184
ONEWEB-0452
1 51644U 22012Y   26208.37739458 -.00000013  00000-0 -67802-4 0  9994
2 51644  87.9162 357.8862 0001521 100.4578 259.6725 13.17647622218969
COSMOS 1420
1 13648U 82109A   26208.14174868  .00000104  00000-0  45994-4 0  9999
2 13648  73.9940 108.7351 0020441 212.0758 147.9152 14.34804859285311
SUPERVIEW NEO-3 01
1 59510U 24072A   26208.54849575  .00008924  00000-0  38817-3 0  9993
2 59510  97.4134 288.0499 0001193  57.4661 302.6690 15.22482710126842
QIANFAN-203
1 69802U 26153C   26208.51164322  .00000402  00000-0  18451-3 0  9992
2 69802  88.9934 357.6411 0008668 142.1464 218.0337 14.19393112  3297
ICEYE-X65
1 66300U 25248H   26208.23037786  .00003124  00000-0  21578-3 0  9996
2 66300  45.4049 283.6075 0006392 257.9014 102.1152 15.07994868 41567
NADEZHDA 5
1 25567U 98072A   26208.11937910  .00000039  00000-0  26849-4 0  9995
2 25567  82.9449  58.5084 0025786 359.6839 123.7222 13.72084422383145
SHIYAN 30 02
1 65852U 25222B   26208.58112759  .00002250  00000-0  22110-3 0  9993
2 65852  34.9981  20.0884 0001336 117.5259 242.5582 14.91881606 45053
FLOCK 4BE 29
1 60509U 24149AT  26208.20485782  .00048799  00000-0  98283-3 0  9994
2 60509  97.3803 294.7295 0004184 151.2315 208.9166 15.46421865108592
ONEWEB-0422
1 51626U 22012E   26208.39763686  .00000071  00000-0  14910-3 0  9999
2 51626  87.9166 357.8635 0002222 110.4676 249.6694 13.17648848219102
COSMOS 1707
1 16326U 85113A   26208.69608084  .00171164  91406-5  58942-3 0  9991
2 16326  82.4812 121.9984 0007116 117.6828 242.5167 15.89455555223878
DEIMOS 1
1 35681U 09041A   26208.47508169  .00000816  00000-0  12767-3 0  9996
2 35681  97.7443   3.9669 0002749  75.5051 284.6464 14.75275695912824
GEESAT 5-07
1 65556U 25201G   26208.42226314  .00001643  00000-0  22086-3 0  9994
2 65556  49.9871 212.4764 0012589 107.5435 252.6880 14.84266332 47778
NINGXIA-1 5
1 44783U 19076E   26208.52535469 -.00000257  00000-0 -82576-4 0  9994
2 44783  45.0069 358.9148 0010893 334.6246  25.4053 14.02090234343430
GLOBALSTAR M087
1 52888U 22064A   26208.62547428 -.00000078  00000-0  14522-3 0  9994
2 52888  52.0009 299.3427 0000734 100.0853 260.0096 12.62262238196245
IRIDIUM 132
1 42961U 17061G   26208.47827225  .00000215  00000-0  69591-4 0  9994
2 42961  86.3978   8.4018 0002161  91.8072 268.3371 14.34218358460596
COSMOS 1703
1 16262U 85108A   26208.81951743  .00030146  00000-0  41656-3 0  9994
2 16262  82.4565 174.1716 0005714 161.5456 198.6007 15.56976744223788
YAOGAN-43 02C
1 60947U 24156C   26208.55775170  .00001249  00000-0  53420-4 0  9993
2 60947  34.9990 304.2401 0003045  11.1181 348.9600 15.22986242105604
KUIPER-00631
1 69784U 26151X   26208.50002315 -.02211678  00000-0 -12907+0 0  9990
2 69784  51.8853 121.9535 0007904 211.7918 162.9401 15.14897253  1640
ONEWEB-0362
1 49288U 21090K   26208.66338834  .00000065  00000-0  12991-3 0  9998
2 49288  87.9180 296.9185 0002247  96.4621 263.6768 13.19723762232252
LAPAN A3
1 41603U 16040E   26208.52445427  .00003203  00000-0  10168-3 0  9993
2 41603  97.1509 203.3561 0008772 222.2788 137.7780 15.33342485560992
IRIDIUM 113
1 42803U 17039A   26208.21772196  .00000025  00000-0  19596-5 0  9992
2 42803  86.3992 305.4501 0002129  93.9619 266.1820 14.34217711476929
GEESAT 1-06
1 52790U 22058F   26208.48020135  .00001742  00000-0  24640-3 0  9994
2 52790  50.0067  16.8320 0033340 300.6686  59.0967 14.81538552225901
IMPULSE-1 MIRA
1 58301U 23174AX  26208.70105127  .00010757  00000-0  28258-3 0  9993
2 58301  97.5190 295.0322 0070291 338.3288  21.4984 15.36255097151117
COSMOS 1717
1 16450U 86002B   26208.21289758 -.00000026  00000-0 -75069-4 0  9993
2 16450  73.9895 130.5716 0024673 286.3588 241.5889 12.42993323839762
ORBCOMM FM 35
1 25985U 99065F   26208.65538052  .00000841  00000-0  32121-3 0  9995
2 25985  45.0412 335.8975 0004452 245.5917 114.4468 14.38133170393133
KINEIS-3A
1 61223U 24172D   26208.46920114  .00001994  00000-0  32305-3 0  9994
2 61223  98.0423 298.0295 0001292  11.5144 348.6093 14.72346351 98700
JILIN-01-06
1 43024U 17074C   26208.47314078  .00006723  00000-0  20582-3 0  9992
2 43024  97.4811 312.1463 0008427  98.1099 262.1100 15.34129274480015
COSMOS 2515
1 41394U 16020A   26208.52893122  .00002355  00000-0  15641-3 0  9995
2 41394  97.9759 225.5256 0023693 162.7800 197.4236 15.08061532566496
IRIDIUM 145
1 43253U 18030E   26208.58851279 -.00000006  00000-0 -91484-5 0  9991
2 43253  86.3944 273.5136 0002513  95.4157 264.7326 14.34217429435911
TIANMU-1 19
1 58660U 23208A   26208.52536237  .00008784  00000-0  28542-3 0  9992
2 58660  97.4531 325.0535 0005644 157.2976 202.8516 15.32145370143503
QIANFAN-162
1 69121U 26108T   26208.52865036  .00000036  00000-0  33338-4 0  9992
2 69121  89.0112  17.9419 0019888 354.9068   5.1881 13.57819693  9916
STARS-AO
1 43679U 18084J   26208.56658032  .00006188  00000-0  31276-3 0  9998
2 43679  98.0455  65.0307 0003104  55.2029 304.9495 15.17463344423599
DMSP 5D-3 F18 (USA 210)
1 35951U 09057A   26208.51961976  .00000255  00000-0  15510-3 0  9993
2 35951  98.9068 189.2072 0011868 132.1188 228.0996 14.14918109865296
ONEWEB-0401
1 50481U 21132N   26208.72407796 -.00000001  00000-0 -36430-4 0  9990
2 50481  87.9208 327.3852 0001889 107.1781 252.9558 13.18687253226959
COSMOS 1802
1 17159U 86093A   26208.61046421  .00000037  00000-0  23506-4 0  9991
2 17159  82.9315 151.0492 0042880  13.3012 159.3878 13.72978094987170
GONETS M 16 (M26)
1 44907U 19096C   26208.51321061  .00000148  00000-0  99394-3 0  9996
2 44907  82.5178  59.0361 0011500 125.8860 234.3290 12.42893212298644
HULIANWANG DIGUI-32
1 64285U 25121C   26208.49575605 -.00000004  00000-0 -44178-4 0  9999
2 64285  86.4971 359.7823 0001865  94.1223 266.0124 13.24410584 55496
SS 3
1 10594U 77112F   26208.01438660  .00000803  00000-0  21753-3 0  9995
2 10594  63.3319  59.8897 0478387 164.3201 197.3281 14.03117504372881
WORLDVIEW 2
1 35946U 09055A   26208.52356139  .00000104  00000-0  48821-4 0  9990
2 35946  98.4749 281.4235 0005584 100.8100 259.3716 14.37909871881444
METOP-A
1 29499U 06044A   26208.54931713  .00001065  00000-0  12910-3 0  9996
2 29499  98.3357 316.5256 0172460 300.8938 229.4792 14.76067757 31402
TERRA
1 25994U 99068A   26208.50422134  .00000428  00000-0  95977-4 0  9995
2 25994  97.9434 256.4470 0003691  98.8282  35.9910 14.61132108415498
HAWK-6B
1 55324U 23011A   26208.83590022  .00004772  00000-0  20525-3 0  9990
2 55324  40.4989 114.9208 0004258 303.2535  56.7866 15.23251992194045
SAOCOM 1-B
1 46265U 20059A   26208.47109654  .00000391  00000-0  55648-4 0  9998
2 46265  97.8895  33.7322 0001462  87.2264 272.9117 14.82150248319459
CBERS 1
1 25940U 99057A   26208.00416454  .00000164  00000-0  71195-4 0  9990
2 25940  98.8495 218.6882 0003937 233.1346 126.9479 14.37018279403236
ONEWEB-0566
1 56061U 23043R   26208.54470407  .00000007  00000-0 -14569-4 0  9996
2 56061  87.9231 235.9390 0002388  96.2162 263.9244 13.21824911163561
IRIDE-MS1-EAG2-11
1 68453U 26067AP  26208.31110643  .00008247  00000-0  39391-3 0  9993
2 68453  97.4564 166.2904 0001027 175.9793 184.1450 15.19288550 18031
INFORMATOR 1
1 21087U 91006A   26208.21033507  .00000059  00000-0  45240-4 0  9996
2 21087  82.9426  95.4958 0036235 122.8684 355.9446 13.75526536781040
RSW-01
1 49112U 21076A   26208.51103328  .00000024  00000-0  14734-4 0  9993
2 49112  86.4126 143.4299 0014438 319.3888  40.6178 13.42859788241297
PAYLOAD B
1 39209U 13037B   26208.97892120  .00001059  00000-0  16622-3 0  9998
2 39209  98.0827 215.1345 0004479  23.0342 337.1066 14.74679764698361
HULIANWANG DIGUI-104
1 66420U 25258J   26208.84414230 -.00000115  00000-0  20464-4 0  9992
2 66420  50.0013 149.4802 0000802 292.4768  67.6019 13.29327037 35133
ONEWEB-0262
1 48980U 21060P   26208.46982378  .00000060  00000-0  12444-3 0  9997
2 48980  87.9076 220.7675 0002309  89.8486 270.2910 13.16594783244923
QIANFAN-198
1 69416U 26125R   26208.86814359 -.02032869  00000-0 -21892+1 0  9998
2 69416  88.9923 275.8923 0019551  41.9506 318.3153 13.77444064  7437
COSMOS 660
1  7337U 74044A   26208.49846389  .00003783  00000-0  15272-3 0  9999
2  7337  82.9334 234.1678 0426936 232.6179 123.5443 14.68295979647539
IRS 1A
1 18960U 88021A   26208.16262315  .00000309  00000-0  25050-3 0  9994
2 18960  98.8481 261.3728 0015471  98.1538 325.3935 13.97175778858753
ETIHAD-SAT
1 63226U 25052S   26208.65383265  .00004495  00000-0  19768-3 0  9995
2 63226  97.3912 100.5190 0005559  21.6423 338.5048 15.22376559 75996
HYPSO-1
1 51053U 22002BX  26208.50194275  .00097223  00000-0  59670-3 0  9994
2 51053  97.2795 291.3623 0003848 169.7931 190.3414 15.76978787253254
OPS 8364 (DMSP 4)
1 06787U 73054A   26208.20553412  .00000237  00000-0  10098-3 0  9990
2 06787  98.5606  75.4931 0024434 277.2475  82.5932 14.33713504757508
PRAETORIAN SDA_618
1 65581U 25203S   26208.59777026  .00000160  00000-0  13290-3 0  9993
2 65581  81.3046 333.0515 0010920  86.8973 273.3433 13.84226752 44308
ONEWEB-0271
1 48989U 21060Y   26208.75322902 -.00000029  00000-0 -11031-3 0  9997
2 48989  87.9078 220.7138 0002233  96.0638 264.0748 13.16594452245006
COSMOS 1610
1 15398U 84118A   26208.72073610  .00000062  00000-0  49569-4 0  9997
2 15398  82.9488 103.5685 0032624  28.6891 343.4022 13.73961340 90448
GHGSAT-C2
1 47509U 21006DA  26208.55242209  .00006482  00000-0  17416-3 0  9993
2 47509  97.2129 255.1314 0005847  41.1793 318.9892 15.38235654306053
GLOBALSTAR M097
1 39072U 13005A   26208.70508386 -.00000116  00000-0 -65632-4 0  9991
2 39072  52.0040 119.9951 0000696  56.3641 303.7292 12.62271281622025
KUIPER-00081
1 65132U 25171A   26208.50868921  .00002584  00000-0  36780-3 0  9996
2 65132  51.8982 249.7945 0000321  56.9663 303.1330 14.79933724 53744
STARS (KUKAI)
1 33498U 09002G   26208.62139646  .00004304  00000-0  38889-3 0  9993
2 33498  98.1566 157.5911 0009807  45.7618 314.4405 14.96010433944524
HULIANWANG DIGUI-71
1 65231U 25178D   26208.52614373  .00000031  00000-0  38970-4 0  9994
2 65231  86.5020 359.9489 0001873  90.2529 269.8819 13.24411734 45656
KUIPER-00181
1 67137U 25301E   26208.87121113 -.00001273  00000-0 -13792-3 0  9997
2 67137  51.8987 178.2479 0001879  82.0248 278.0927 14.79928103 34478
QIANFAN-134
1 69080U 26104H   26208.84164326  .00000023  00000-0  17206-4 0  9993
2 69080  88.9916 337.3387 0001931  91.1114 269.0258 13.51019371 10634
KORSAT-2
1 62377U 24247A   26208.38851677  .00002390  00000-0  21403-3 0  9994
2 62377  45.4102 219.4129 0001401  49.1596 310.9403 14.98783350 87598
KUIPER-00173
1 65786U 25217AA  26208.21070659  .00010706  00000-0  14320-2 0  9993
2 65786  51.8994 136.1508 0001131 123.4900 236.6171 14.79907272 45675
HJS-7B
1 65618U 25209B   26208.45248411 -.00000073  00000-0  97929-4 0  9992
2 65618  49.9972 211.7532 0002266 253.2763 106.7866 13.41468275 43049
ONEWEB-0113
1 48050U 21025J   26208.22447348  .00000017  00000-0  12387-4 0  9992
2 48050  87.8986 312.1663 0001816  97.0998 263.0337 13.13890752258867
GONETS-M 23
1 54150U 22139A   26208.51123628  .00000009  00000-0 -82104-5 0  9998
2 54150  82.5102 323.2370 0022502 132.6974 227.6006 12.42892275170652
COSMOS 2540
1 44517U 19057A   26208.47355215  .00000045  00000-0  77390-4 0  9992
2 44517  99.2060 219.3414 0016638  64.7619 295.5259 13.85953825349451
YAM-9
1 66694U 25276AE  26208.15107356  .00005983  00000-0  32061-3 0  9999
2 66694  97.4200 279.7492 0009388 163.2991 196.8553 15.15323965 36404
PRAETORIAN SDA_621
1 65584U 25203V   26208.65078943  .00000082  00000-0  63120-4 0  9996
2 65584  81.3047 333.2711 0008477  79.6503 280.5609 13.83805516 44298
KOMPASS
1 27002U 01056B   26208.08250591  .00000008  00000-0  61525-4 0  9992
2 27002  99.7992  23.6068 0019860  34.2889  78.9457 13.70645200231702
QIANFAN-103
1 66045U 25233N   26208.10225746  .00000054  00000-0  65743-4 0  9999
2 66045  88.9985  39.1588 0002132  94.8242 265.3153 13.51017024 38573
COSMOS 2601
1 67675U 26023B   26208.39427787  .00010434  00000-0  40704-3 0  9999
2 67675  96.6229 265.3022 0016267   1.6740 358.4551 15.25955291 26145
COSMOS 2565
1 54381U 22163A   26208.53965197 -.00000076  00000-0 -32126-6 0  9993
2 54381  67.1488   9.1790 0006716 270.0995  89.9320 13.96672254186400
PANDORE
1 63244U 25052AL  26208.24187043  .00003348  00000-0  30970-3 0  9990
2 63244  97.6851  98.8062 0006445  69.3597 290.8314 14.95198786 74598
KAGAYAKI
1 33495U 09002D   26208.54116769  .00000379  00000-0  64305-4 0  9993
2 33495  98.1182 114.2848 0006261 259.5956 100.4547 14.74823504940168
TOMORROW-S2
1 60485U 24149T   26208.17897131  .00008391  00000-0  26315-3 0  9999
2 60485  97.3812 289.0636 0004551 120.1866 239.9828 15.33295554108213
EOS-4
1 51656U 22013A   26208.51530108  .00001391  00000-0  83070-4 0  9998
2 51656  97.5122 214.5497 0002046  87.2668 272.8797 15.12728082245584
IRIDIUM 174
1 56728U 23068U   26208.32171773  .00000837  00000-0  12879-3 0  9994
2 56728  86.6133 336.9141 0001959  97.3515 262.7925 14.72256387171926
COSMOS 1275
1 12504U 81053A   26208.50267681  .00000072  00000-0  59053-4 0  9997
2 12504  82.9574 235.6874 0041052  67.4738 293.0755 13.74535889264816
APRIZESAT 9
1 40018U 14033J   26208.25261615  .00000656  00000-0  10337-3 0  9994
2 40018  97.9108 340.4829 0067383  71.9534 288.9002 14.74266064649463
HULIANWANG DIGUI-105
1 66915U 25285A   26208.47236271 -.00000105  00000-0  41822-4 0  9997
2 66915  50.0073   1.7407 0000871  75.8367 284.2602 13.29323003 31414
ONEWEB-0185
1 48220U 21031L   26208.63637891  .00000036  00000-0  61529-4 0  9990
2 48220  87.8963 281.6418 0001947  86.3544 273.7808 13.14501791253568
JACKAL-01
1 59127U 24043AF  26208.35368823  .00015967  00000-0  33237-3 0  9992
2 59127  97.5625 354.9878 0007761  79.0376 281.1745 15.45672066133756
ONEWEB-0614
1 55156U 23004S   26208.43987214  .00000506  00000-0  13924-2 0  9999
2 55156  87.8893  13.0611 0001616  88.1719 271.9594 13.11418705171116
HULIANWANG DIGUI-84
1 65819U 25220C   26208.49201248  .00000019  00000-0  98227-5 0  9991
2 65819  86.4914  30.1096 0002277  95.9815 264.1579 13.24410058 40250
ORBCOMM FM 106
1 40088U 14040C   26208.57560340  .00000960  00000-0  18730-3 0  9994
2 40088  47.0606  50.2861 0016186 153.7641 206.4074 14.70565991643122
LIZZIESAT-2
1 62383U 24247G   26208.00815316  .00007851  00000-0  27187-3 0  9992
2 62383  44.9934  73.2531 0001017 143.7008 216.3946 15.30399997 89070
COSMOS 342
1 04389U 70036G   26208.24978612 -.00000014  00000-0  13884-4 0  9991
2 04389  74.0316 315.7622 0101317 190.6599 192.9076 12.68340388604204
AEROCUBE 16A
1 59290U 24053C   26208.15349128  .00017296  00000-0  36863-3 0  9994
2 59290  49.9888 121.3120 0003153 142.4343 217.6842 15.44957561127283
JILIN-01-04
1 43022U 17074A   26208.49001226  .00014202  00000-0  31952-3 0  9994
2 43022  97.4881 319.2102 0004843  66.8174 293.3583 15.43413477480485
YAOGAN 24
1 40310U 14072A   26208.54994705  .00000961  00000-0  14662-3 0  9991
2 40310  98.1534 346.2348 0015490 131.6871 228.5666 14.76133267629671
COSMOS 2304
1 23446U 94086F   26208.69010693  .00000025  00000-0  81510-4 0  9994
2 23446  82.5725 294.3523 0005296  88.3562  66.4570 12.62206517454791
HULIANWANG DIGUI-115
1 66954U 25287B   26208.25014261  .00000050  00000-0  81988-4 0  9996
2 66954  86.4931 268.8604 0002447  88.1665 271.9750 13.24401513 30646
YAOGAN-36 03A
1 54372U 22160A   26208.63527042  .00024414  00000-0  67962-3 0  9997
2 54372  35.0010  63.8283 0004194 308.0429  51.9911 15.35870909204432
YAOGAN-30 F
1 43030U 17075C   26208.57689753  .00003109  00000-0  22924-3 0  9993
2 43030  34.9961  23.9949 0001964  16.3779 343.6992 15.02881283473506
TIANMU-1 08
1 57400U 23101B   26208.48421156  .00006555  00000-0  22655-3 0  9996
2 57400  97.2564 257.9974 0003297   9.4347 350.6955 15.30242424167804
COSMOS 507
1  6120U 72057D   26208.56795322 -.00000029  00000-0 -79887-4 0  9993
2  6120  74.0277 153.8346 0054156 186.4635 288.6931 12.52657199470018
FLOCK 4Q 30
1 58286U 23174AG  26208.69916424  .00156382  00000-0  12632-2 0  9996
2 58286  97.3906 303.0498 0005111 242.4346 117.6397 15.70353516152137
COSMOS 2297
1 23404U 94077A   26208.60269860 -.00000286  00000-0 -12554-3 0  9993
2 23404  71.0144 166.0429 0013571 141.4205 218.7890 14.13944108634265
ONEWEB-0292
1 49186U 21083A   26208.69203022 -.00000216  00000-0 -62516-3 0  9998
2 49186  87.8984 312.1789 0001803 100.0915 260.0418 13.13469946236247
ISAT
1 43879U 18111D   26208.78041448  .00150439  00000-0  10494-2 0  9999
2 43879  97.5838 147.3731 0008995 122.8062 237.4069 15.73825236417534
COSMOS 2094
1 20739U 90070E   26208.20908602  .00000028  00000-0  95235-4 0  9990
2 20739  82.5736 266.1248 0011358   4.7467  50.7623 12.64755519660289
JACKAL-02
1 59134U 24043AN  26208.39455910  .00019811  00000-0  38654-3 0  9998
2 59134  97.5610 356.1058 0007857  70.9029 289.3071 15.47511316133836
FORMOSAT 3C
1 29049U 06011C   26208.74930997  .00000424  00000-0  17424-3 0  9999
2 29049  72.0203 320.9288 0032657 138.6710 221.6909 14.31433337 58476
HILAT
1 14154U 83063A   26208.23876086  .00000339  00000-0  10430-3 0  9999
2 14154  82.0254 123.7950 0039321 167.1795 306.9899 14.38733687253340
QIANFAN-94
1 66036U 25233D   26208.79764151  .00000058  00000-0  70898-4 0  9993
2 66036  88.9987  39.0087 0002118  89.9485 270.1909 13.51016584 38715
ICEYE-X31
1 58288U 23174AJ  26208.49035640  .00019114  00000-0  55495-3 0  9994
2 58288  97.3770 284.2495 0003591 154.6722 205.4698 15.35535203150939
COSMOS 1723
1 16456U 86002H   26208.49143081 -.00000006  00000-0  64866-4 0  9997
2 16456  73.9897  18.6594 0052531 353.2660  36.1011 12.55805907858703
KUIPER-00083
1 64829U 25151P   26208.55219326  .00002607  00000-0  37079-3 0  9998
2 64829  51.9013  37.1292 0000589 119.0400 241.0621 14.79941901 57273
COSMOS 1150
1 11667U 80003A   26208.24981622  .00000044  00000-0  31085-4 0  9993
2 11667  82.9576 149.0932 0032170 169.9135 351.3682 13.73680836327864
ION SCV-006
1 52761U 22057AF  26208.49544367  .00011796  00000-0  24127-3 0  9990
2 52761  97.6137 359.0886 0015699 332.1979  27.8429 15.46165884232343
ONEWEB-0297
1 49086U 21075M   26208.28893002  .00000473  00000-0  12795-2 0  9992
2 49086  87.8975 342.7038 0001811  95.5251 264.6084 13.12444159240446
ONEWEB-0069
1 45430U 20020G   26208.43660250  .00000084  00000-0  20109-3 0  9991
2 45430  87.8903  13.0574 0001674  98.1612 261.9706 13.11418077307945
ONEWEB-0283
1 49001U 21060AL  26208.05975485 -.00000031  00000-0 -11564-3 0  9990
2 49001  87.9075 220.8579 0002064  95.6819 264.4547 13.16594051244866
IRIDIUM 142
1 43256U 18030H   26208.57582651  .00000223  00000-0  72444-4 0  9991
2 43256  86.3943 273.4624 0002430  93.3693 266.7780 14.34217461435927
FENGYUN 3B
1 37214U 10059A   26208.56212652  .00000397  00000-0  22858-3 0  9996
2 37214  98.9607 254.7428 0023142  73.2993  87.3707 14.14850883813135
GEESAT 4-09
1 65127U 25170J   26208.48844480  .00002035  00000-0  28433-3 0  9997
2 65127  49.9917  17.8074 0022211 184.8678 175.2046 14.81505546 51975
CYGNUS NG-24
1 68689U 26079A   26208.37844919  .00011554  00000-0  21591-3 0  9991
2 68689  51.6322 101.1989 0007008 342.7043  17.3706 15.49203967577868
KOYOH
1 58464U 23185C   26208.49511676  .00006673  00000-0  32564-3 0  9998
2 58464  97.5302 280.5557 0007674 155.2852 204.8751 15.18599137146242
GLOBALSTAR M039
1 25961U 99062A   26208.72221523 -.00000064  00000-0  22038-3 0  9990
2 25961  51.9841 113.5060 0002496 153.9098 206.1895 12.62348427231438
KUIPER-00610
1 69292U 26118AB  26208.50002315 -.00848752  00000-0 -32882-1 0  9990
2 69292  51.8768 218.1829 0002011  49.8742  34.2479 15.28340333  5673
KUIPER-00266
1 67789U 26030AB  26208.25757382  .00003472  00000-0  48421-3 0  9993
2 67789  51.9001 295.9575 0001344 222.8941 137.1917 14.79936163 26126
COSMOS 1913
1 18792U 88002E   26208.41542666  .00000031  00000-0  10736-3 0  9991
2 18792  82.5990 190.8832 0013234 341.9590 172.2916 12.65751035779845
KUIPER-00317
1 68600U 26072AD  26208.42653549  .00018989  00000-0  25155-2 0  9998
2 68600  51.8997 357.7228 0001371 104.9516 255.1598 14.79889241 17357
COSMOS 651
1 07291U 74029A   26208.37735062 -.00000052  00000-0  29504-4 0  9994
2 07291  64.9689 207.9931 0028562  22.5857 337.6457 13.93095938656312
AETHER-4
1 67375U 26004N   26208.43985220  .00000784  00000-0  95085-4 0  9991
2 67375  97.8059 206.3394 0003035  88.9691 271.1872 14.86299219 29276
SPAWAR-CAL-O
1 43766U 18099J   26208.13585286  .00022446  00000-0  62974-3 0  9998
2 43766  97.4309 272.4831 0009348 140.9479 219.2441 15.36539623419656
ONEWEB-0045
1 45151U 20008W   26208.90613279  .00000584  00000-0  16112-2 0  9991
2 45151  87.8902  12.9548 0001718  96.1061 264.0263 13.11417817315748
CENTISPACE-2 S10
1 68359U 26060K   26208.52656228  .00000369  00000-0  13868-3 0  9996
2 68359  54.9783 236.4140 0009331 284.5031  75.4922 14.49839090 18643
COSMOS 1528
1 14617U 84001G   26208.73549639 -.00000004  00000-0  81518-4 0  9998
2 14617  74.0095 293.3894 0010228   5.6019 163.5910 12.49038784940484
COSMOS 766
1  8290U 75086F   26208.40151919 -.00000003  00000-0  81442-4 0  9990
2  8290  74.0087  89.1804 0042203 153.2048 320.0236 12.53299329326801
HINCUBE
1 39445U 13066AF  26208.35011313  .00007439  00000-0  47159-3 0  9998
2 39445  97.7986 177.4931 0034653  75.3062 285.2003 15.08730094685588
SAUDISAT 3
1 31118U 07012B   26208.58370925  .00000311  00000-0  58311-4 0  9998
2 31118  98.1475 159.0157 0016008  98.3011 262.0012 14.71446779 33688
KUIPER-00034
1 63747U 25088Z   26208.15135396  .00000668  00000-0  11657-3 0  9994
2 63747  51.9012 191.4162 0000748  56.4066 303.6968 14.79951095 68477
COSMOS 574
1 06707U 73042A   26208.66698005  .00000063  00000-0  51919-4 0  9992
2 06707  82.9515 163.9031 0022296 132.6963  40.5953 13.72425525 96227
SNUSAT-2
1 43782U 18099AA  26208.56593293  .00009442  00000-0  41071-3 0  9996
2 43782  97.4040 261.3383 0011346 147.1421 213.0523 15.22410682419170
ASNARO
1 40298U 14070A   26208.52500971  .00010471  00000-0  49538-3 0  9997
2 40298  97.3444 283.5502 0004286  59.8747 300.2912 15.19538517650138
FLOCK 4H 10
1 66713U 25276AZ  26208.43851840  .00007102  00000-0  32993-3 0  9995
2 66713  97.4181 281.2598 0003941 199.9708 160.1374 15.20297490 36538
HULIANWANG DIGUI-45
1 65048U 25162F   26208.49571442 -.00000089  00000-0  74575-4 0  9993
2 65048  50.0041 121.1344 0000289  32.3986 327.6904 13.29327941 48724
HYDRA-2
1 67389U 26004AC  26208.45291517  .00005261  00000-0  25469-3 0  9990
2 67389  97.4594 206.9928 0003371 161.4866 198.6491 15.18993566 29861
YAOGAN 25C
1 40340U 14080C   26208.49796964  .00000105  00000-0  21844-3 0  9994
2 40340  63.3838 207.4351 0370470   9.7974 351.0023 13.45351564571175
KUIPER-00097
1 65136U 25171E   26208.52900279  .00002784  00000-0  39402-3 0  9991
2 65136  51.9005 262.3619 0000296  75.0783 285.0212 14.79934811 53554
COSMOS 2189
1 21978U 92030C   26208.71183453 -.00000011  00000-0  33031-4 0  9998
2 21978  74.0032 108.4673 0040657 338.4784  49.4652 12.54029748563223
KUIPER-00193
1 68576U 26072D   26208.48596548 -.00000580  00000-0 -47019-4 0  9996
2 68576  51.9066   4.9664 0001255  24.2142 335.8879 14.79945889 17261
NORBI
1 46494U 20068J   26208.52424597  .00024779  00000-0  44076-3 0  9992
2 46494  97.8614 228.0940 0008543 109.5705 250.6468 15.50119170322453
ICEYE-X76
1 68502U 26067CQ  26208.30297650  .00001262  00000-0  13078-3 0  9995
2 68502  97.7647 165.9585 0000950 188.9843 171.1359 14.91771771 17704
KUIPER-00260
1 67787U 26030Z   26208.25489409  .00003884  00000-0  53812-3 0  9990
2 67787  51.9011 298.5560 0000359 106.5838 253.5164 14.79941182 25994
UND ROADS 2
1 64549U 25135X   26208.56235246  .00006952  00000-0  28731-3 0  9991
2 64549  97.4819 324.6571 0001099  43.8260 316.3064 15.24307942 61061
COSMOS 2602
1 67676U 26023C   26208.58630679  .00014298  00000-0  55602-3 0  9992
2 67676  96.6266 265.5790 0016645 350.0720  10.0189 15.25986732 26164
COSMOS 1640
1 15622U 85023F   26208.46761987  .00000005  00000-0  13152-3 0  9990
2 15622  74.0525 207.2364 0034567 290.7717 224.4801 12.52841582891369
COSMOS 1932
1 18957U 88019A   26208.52523897 -.00000061  00000-0  25504-4 0  9993
2 18957  65.0448  30.1747 0056293 232.1521 127.4437 13.79819963934710
SHIYAN 32-03
1 66379U 25255D   26208.60067746  .00011085  00000-0  26718-3 0  9996
2 66379  52.9930 182.6278 0009512 309.0594  50.9563 15.41741143 40218
HAWK-12C
1 64621U 25138A   26208.44094660  .00004080  00000-0  20071-3 0  9994
2 64621  97.4357 210.2102 0014051  11.0353 349.1187 15.18485873 59971
KUIPER-00528
1 69603U 26140M   26208.50002315 -.01616202  00000-0 -68315-1 0  9995
2 69603  51.8825 204.0916 0006329  52.5771 195.1402 15.25912927  5565
YAOGAN-36 02B
1 54043U 22133B   26208.34808134  .00009536  00000-0  28972-3 0  9990
2 54043  34.9938 213.8468 0002905 119.3357 240.7651 15.33278389211010
BRO-17
1 66672U 25276G   26208.19179091  .00002862  00000-0  14316-3 0  9990
2 66672  97.4179 280.5259 0005940 208.4453 151.6458 15.18215166 36466
LQSAT
1 40958U 15057A   26208.51967597  .00000340  00000-0  55151-4 0  9999
2 40958  97.6704 199.9033 0017951 137.1081 223.1534 14.76824921581265
HULIANWANG DIGUI-22
1 63689U 25086C   26208.53374054  .00000037  00000-0  53228-4 0  9996
2 63689  86.5058 299.4688 0002272 107.1501 252.9882 13.24411146 60201
FLOCK 4H 29
1 66732U 25276BU  26208.18610892  .00006523  00000-0  30440-3 0  9999
2 66732  97.4157 280.9161 0002377 213.3210 146.7876 15.20173848 36497
CONNECTA IOT-10
1 64555U 25135AD  26208.56622212  .00003136  00000-0  14615-3 0  9998
2 64555  97.4718 323.2241 0002014 123.1596 236.9833 15.20625007 60990
CHUANG XIN 1-04
1 40137U 14051B   26208.52115051  .00000224  00000-0  10305-3 0  9994
2 40137  98.7072 210.4017 0023422  57.7096 302.6351 14.30419128620317
SOAP
1 63263U 25052BF  26208.53455375  .00002479  00000-0  22054-3 0  9997
2 63263  97.6820 100.1491 0001938 147.3172 212.8170 14.96984106 74725
QIANFAN-114
1 68641U 26075F   26208.51949968  .00000124  00000-0  17286-3 0  9998
2 68641  88.9920 316.8989 0002131 105.5630 254.5757 13.51019626 15245
COSMOS 1524
1 14613U 84001C   26208.38009086 -.00000014  00000-0  12500-4 0  9998
2 14613  74.0105 355.6719 0032207 244.3552 142.9235 12.56747673952357
TIANQI 24
1 57795U 23135D   26208.47057108  .00000221  00000-0  16705-3 0  9994
2 57795  49.9753 343.2849 0013630  43.4391 316.7593 14.23163036150360
ORBCOMM FM 21
1 25475U 98053A   26208.24076473  .00000729  00000-0  28406-3 0  9990
2 25475  45.0072 149.8289 0001424   0.0534   0.0314 14.38235765455542
COSMOS 1693
1 16141U 85094D   26208.83881287  .00000029  00000-0  99373-4 0  9998
2 16141  82.6068 226.5033 0013890 305.5635 228.5945 12.64359157882673
HJ-1A
1 33320U 08041A   26208.55415152  .00000760  00000-0  97008-4 0  9991
2 33320  97.6707 192.8386 0019402  11.0657 349.0980 14.84073785964393
TIANHUI 5A
1 58199U 23168A   26208.43532505  .00000462  00000-0  56832-4 0  9997
2 58199  97.8224 215.2437 0002149  95.1087 265.0375 14.87587217148580
COSMOS 1412
1 13600U 82099A   26208.22964117 -.00000043  00000-0  40329-4 0  9998
2 13600  64.8126 255.9176 0053452   5.0771  56.0370 13.86385988205257
GARAI-A
1 62635U 25009AC  26208.48567696  .00006745  00000-0  32875-3 0  9997
2 62635  97.3953 287.3985 0003097 154.0782 206.0608 15.18649101 84895
COSMOS 2322
1 23704U 95058A   26208.19824793  .00000270  00000-0  16755-3 0  9990
2 23704  70.9855 268.9148 0007478  98.1690 262.0280 14.13831697585774
COSMOS 521
1 06206U 72074A   26208.34313367 -.00000077  00000-0  32197-5 0  9994
2 06206  65.8264 184.1969 0007906 348.6962 159.2166 13.72511064697120
PRAETORIAN SDA_608
1 65571U 25203G   26208.63809485  .00000071  00000-0  53719-4 0  9994
2 65571  81.3032 333.3585 0007143  91.8303 268.3671 13.83821134 44287
ORBCOMM FM 118
1 41183U 15081E   26208.27041419  .00000692  00000-0  18252-3 0  9996
2 41183  47.0030 172.2510 0003392 235.2849 124.7717 14.58919012563587
FOSSASAT2E25
1 68478U 26067BQ  26208.19845410  .00000701  00000-0  74277-4 0  9993
2 68478  97.7622 165.9019 0002954 121.9106 238.2401 14.92195493 17699
YAOGAN-30 A
1 42945U 17058A   26208.18617419  .00003170  00000-0  23101-3 0  9991
2 42945  34.9965 145.2785 0001747 166.9646 193.1108 15.03311759481912
TEMPSAT 2
1  4168U 69082H   26208.47910439  .00000002  00000-0  39731-4 0  9998
2  4168  70.0149  11.9168 0017499  71.3015 288.9988 13.96019499893716
HULIANWANG DIGUI-99
1 66415U 25258D   26208.86927076 -.00000105  00000-0  40929-4 0  9992
2 66415  50.0034 149.6596 0000845 298.6441  61.4346 13.29327298 35139
GHGSAT-C3
1 52737U 22057F   26208.53641039  .00006610  00000-0  19833-3 0  9999
2 52737  97.6641 355.7296 0005267 352.6861   7.4303 15.34810839231721
KUIPER-00122
1 65951U 25228E   26208.71572874  .00004226  00000-0  58290-3 0  9995
2 65951  51.8988 103.8636 0000824  96.8877 263.2179 14.79941619 43933
QIANFAN-71
1 62801U 25016S   26208.56552031  .00000115  00000-0  15839-3 0  9992
2 62801  88.9690  79.5399 0017592  56.2022 304.0802 13.51022670 77864
ONEWEB-0334
1 49200U 21083Q   26208.59372863 -.00000028  00000-0 -10116-3 0  9994
2 49200  87.9170 266.3923 0002749 107.8111 252.3323 13.20769555242125
COSMOS 1677
1 15986U 85075A   26208.42108005 -.00000059  00000-0  27372-4 0  9992
2 15986  64.6811 200.1590 0065856 344.5670  15.3379 13.86702497 63467
GAOFEN 1-02
1 43259U 18031A   26208.48656795  .00001180  00000-0  17712-3 0  9995
2 43259  98.0512 270.8958 0001648 216.6724 143.4373 14.76431757448642
LEMUR 2 MJR092620
1 58340U 23174CN  26208.68758685  .00020514  00000-0  41782-3 0  9995
2 58340  97.3976 299.5019 0004333 340.6024  19.5060 15.46272969151908
ADEOS 2
1 27597U 02056A   26208.31869887  .00000251  00000-0  11628-3 0  9990
2 27597  98.7904 167.9255 0000926  28.0910 332.0322 14.29368478230249
APRIZESAT 4
1 35684U 09041D   26208.17608325  .00000855  00000-0  10823-3 0  9995
2 35684  98.1396 284.2909 0043047 190.1035 169.9318 14.83929494917293
COSMOS 2147
1 21303U 91033E   26208.18345193  .00000033  00000-0  12166-3 0  9992
2 21303  82.5631 249.5296 0017671 270.9640 159.3615 12.65166647625202
ONEWEB-0343
1 49209U 21083Z   26208.28736392  .00000070  00000-0  14475-3 0  9997
2 49209  87.9201 327.4847 0002300 101.5073 258.6317 13.18685011235321
OKEAN 3
1 21397U 91039A   26208.41887462  .00002307  00000-0  15833-3 0  9997
2 21397  82.5150 201.3621 0013568 206.9348 153.1176 15.05486367886051
ONEWEB-0372
1 49298U 21090V   26208.16177105  .00000044  00000-0  77450-4 0  9995
2 49298  87.9173 266.4760 0002085  97.4884 262.6487 13.20770433235112
ONEWEB-0400
1 50480U 21132M   26208.75442970  .00000047  00000-0  85310-4 0  9994
2 50480  87.9207 327.3815 0001992  95.2795 264.8564 13.18685966226951
ONEWEB-0332
1 49279U 21090A   26208.63717408  .00000079  00000-0  17957-3 0  9995
2 49279  87.8956 281.6495 0002120 104.7027 255.4338 13.14503782232895
GLOBAL-4
1 44499U 19054E   26208.44727194  .00066452  00000-0  57232-3 0  9990
2 44499  45.0059   3.4229 0007016 271.5355  88.4740 15.68438174386675
GLOBAL-2
1 43812U 18099BG  26208.33144183  .00003051  00000-0  19733-3 0  9995
2 43812  97.3540 243.1759 0006450  32.8451 327.3178 15.08886025417968
ORBCOMM FM 115
1 41186U 15081H   26208.52102684  .00000445  00000-0  11939-3 0  9990
2 41186  46.9979 270.4301 0000960 204.8680 155.2162 14.63313706567123
PICARD
1 36598U 10028A   26208.47613939  .00000288  00000-0  80984-4 0  9993
2 36598  98.2788  40.7364 0001331  87.9743 272.1606 14.52720118853286
TIANHUI 1-04
1 49049U 21067A   26208.52571061  .00005099  00000-0  21719-3 0  9993
2 49049  97.2750 275.4082 0001639  83.9704 276.1720 15.23398430277735
CHUANG XIN 20B (CX-20B)
1 58426U 23181B   26208.51966975 -.00000087  00000-0  74154-4 0  9997
2 58426  49.9569 178.8800 0011410  30.3672 329.7864 13.41494973131154
ISIS 2
1 05104U 71024A   26208.74425509  .00000005  00000-0 -30041-4 0  9996
2 05104  88.1680 309.8625 0044101  15.2413 152.4119 12.67885533559888
QIANFAN-141
1 69087U 26104Q   26208.77983104  .00000016  00000-0  55437-5 0  9996
2 69087  88.9905 337.2943 0007488 330.7616  29.3115 13.51023924 10658
ONEWEB-0019
1 45449U 20020AB  26208.42107875 -.00000250  00000-0 -74185-3 0  9999
2 45449  87.8899  13.0446 0002006  94.7569 265.3788 13.11419125307819
COSMOS 2253
1 22688U 93038B   26208.17800731  .00000048  00000-0  21297-3 0  9990
2 22688  82.5833 231.8796 0010404 278.6393  81.3519 12.61602486523542
YAOGAN 29
1 41038U 15069A   26208.52330684  .00001015  00000-0  13124-3 0  9997
2 41038  98.0026 237.2172 0000365 157.6131 202.5099 14.83117688576603
IRIDIUM 136
1 42962U 17061H   26208.37044784 -.00000037  00000-0 -20268-4 0  9997
2 42962  86.3979   8.4541 0002116  90.7351 269.4087 14.34217354460598
ONEWEB-0082
1 45452U 20020AE  26208.46515957  .00000200  00000-0  52820-3 0  9996
2 45452  87.8907  13.0415 0001366  97.7660 262.3623 13.11416177307956
KUIPER-00416
1 68931U 26098N   26208.50002315 -.01096427  00000-0 -34599-1 0  9998
2 68931  51.8743 232.2524 0001692  34.0556  58.9503 15.35118459  2866
KUIPER-00601
1 69285U 26118U   26208.50002315 -.00039604  00000-0 -42514-2 0  9994
2 69285  51.8964 222.2390 0003738 323.1598 274.9508 14.88183832  2381
COSMOS 967
1 10512U 77116A   26208.44633221 -.00000077  00000-0  40890-5 0  9995
2 10512  65.8362   5.5143 0027667 235.4614 156.2309 13.75077348440900
HAIYANG 2C
1 46469U 20066A   26208.50624766 -.00000208  00000-0 -11480-3 0  9996
2 46469  65.9975 114.9010 0007008 237.1352 122.9042 13.83373528295072
NOAA 1
1 04793U 70106A   26208.08842086 -.00000024  00000-0  11613-3 0  9993
2 04793 101.3353 241.1236 0030959 267.6740 114.0742 12.54050964545692
QIANFAN-229
1 69858U 26155L   26208.52298633  .00000264  00000-0  11292-3 0  9991
2 69858  89.0054  59.5471 0030643 180.9097 179.2043 14.21822956  3138
TIANQI 16
1 64058U 25105A   26208.39852004 -.00000096  00000-0  22275-4 0  9993
2 64058  44.9822 203.4651 0011633 217.4511 142.5512 13.99164327 60821
COSMOS 2481
1 38733U 12041A   26208.55988412  .00000121  00000-0  81088-3 0  9994
2 38733  82.4725  50.0486 0018809 351.1141   8.9602 12.42435592634767
HAWK-2A
1 47505U 21006CW  26208.11787328  .00007322  00000-0  21672-3 0  9990
2 47505  97.2303 252.3391 0007978  70.9275 289.2832 15.35149433305621
BRITE-PL
1 39431U 13066R   26208.24695924  .00000625  00000-0  13476-3 0  9992
2 39431  97.7988 317.7193 0188497 246.4441 111.6857 14.51398456669740
QIANFAN-121
1 68648U 26075N   26208.56886738  .00000121  00000-0  16937-3 0  9994
2 68648  88.9922 316.8711 0002087 104.3163 255.8219 13.51015604 15266
GONETS M 18
1 46487U 20068B   26208.50244407 -.00000061  00000-0 -51273-3 0  9999
2 46487  82.4970 321.5260 0018702 304.9878  54.9446 12.42875075264158
SATORO-T3
1 64589U 25135BP  26208.47112282  .00002640  00000-0  24994-3 0  9996
2 64589  97.7748 322.5963 0004875 178.8594 181.2638 14.94474848 59929
METEOR 3-5
1 21655U 91056A   26208.22693696 -.00000117  00000-0 -33674-3 0  9998
2 21655  82.5565 111.0832 0014261  40.7048 319.5137 13.17159885679846
ONEWEB-0429
1 50500U 21132AH  26208.32614504  .00000072  00000-0  14915-3 0  9994
2 50500  87.9199 327.4784 0002019 102.4289 257.7069 13.18685295226877
ICEYE-X57
1 64578U 25135BC  26208.46857311  .00005036  00000-0  40084-3 0  9992
2 64578  97.8055 325.0718 0002129  55.0503 305.0920 15.00846871 60065
PRISMA (TANGO)
1 36827U 10028F   26208.16506782  .00000345  00000-0  11064-3 0  9997
2 36827  98.4292  58.7352 0042260 110.2841 250.2900 14.44845581708662
DUTHSAT-2
1 64530U 25135C   26208.22447581  .00013731  00000-0  50789-3 0  9992
2 64530  97.4651 324.1493 0005631  62.0538 298.1271 15.27797713 61047
QIANFAN-120
1 68647U 26075M   26208.54423552  .00000120  00000-0  16682-3 0  9998
2 68647  88.9924 316.8696 0002600 108.1984 251.9451 13.51023549 15265
KUIPER-00082
1 64828U 25151N   26208.49274902  .00003873  00000-0  53661-3 0  9992
2 64828  51.9017  29.9088 0000680 117.4640 242.6392 14.79941853 56185
ONEWEB-0274
1 48992U 21060AB  26208.06289669 -.00000004  00000-0 -44278-4 0  9990
2 48992  87.9073 220.8617 0001869  98.1271 262.0072 13.16596146244872
AMSAT ECHO
1 28375U 04025K   26208.61363754  .00000304  00000-0  99647-4 0  9995
2 28375  98.6644 173.3162 0080107 357.6387   2.4413 14.43894299161412
ONEWEB-0290
1 49080U 21075F   26208.42463671  .00000109  00000-0  24693-3 0  9994
2 49080  87.9170 357.8550 0002318  91.9615 268.1782 13.17648433238910
YAM-11
1 68991U 26100M   26208.60306725  .00001625  00000-0  17488-3 0  9994
2 68991  97.7815 105.1734 0000450  50.6619 309.4638 14.89843195 12715
KINEIS-2D
1 62930U 25028C   26208.59871673  .00001748  00000-0  26236-3 0  9993
2 62930  97.9266 260.2641 0004724  82.3870 277.7876 14.75802190 78676
FLOCK 4G 9
1 62622U 25009P   26208.21010132  .00009263  00000-0  33453-3 0  9993
2 62622  97.3956 288.8782 0005179 164.3385 195.8016 15.28689439 84977
ALMUNTHER
1 63240U 25052AG  26208.20159785  .00019246  00000-0  60332-3 0  9993
2 63240  97.3834 102.9230 0006679  27.9305 332.2295 15.33089048 76147
KUIPER-00218
1 67780U 26030S   26208.61548533  .00005723  00000-0  77863-3 0  9993
2 67780  51.8984 306.8467 0001244 263.6138  96.4683 14.79954225 26001
FLOCK 4G 15
1 62678U 25009BX  26208.65877485  .00012083  00000-0  41614-3 0  9996
2 62678  97.4010 290.3653 0005723 157.3626 202.7868 15.30167101142732
ROCSAT 2
1 28254U 04018A   26208.39937418 -.00000240  00000-0 -13087-3 0  9996
2 28254  98.8459 174.6467 0001760 170.8012 351.1009 14.01246933134385
COSMOS 2184
1 21937U 92020A   26208.17417294  .00000055  00000-0  42173-4 0  9999
2 21937  82.9309  85.6272 0034285  43.4813  69.3905 13.73391630717823
COSMOS 1577
1 15077U 84067A   26208.31178265  .00000050  00000-0  36242-4 0  9992
2 15077  82.9580 176.6196 0034328 243.5630 283.1733 13.75681783858998
PROGRESS MS-34
1 68837U 26093A   26208.37844919  .00011554  00000-0  21591-3 0  9992
2 68837  51.6322 101.1989 0007008 342.7043  17.3706 15.49203967577908
THE ARAB SATELLITE 813
1 66994U 25292B   26208.20875061  .00004488  00000-0  30489-3 0  9992
2 66994  97.6320 283.6221 0013652 216.8860 143.1430 15.06807358 34472
ONEWEB-0319
1 49105U 21075AG  26208.41958014  .00000106  00000-0  24038-3 0  9991
2 49105  87.9159 357.8661 0001307  92.0885 268.0396 13.17648545238909
SENTINEL 1C
1 62261U 24235A   26208.52117296  .00000214  00000-0  55141-4 0  9991
2 62261  98.1832 215.2579 0001375  88.4454 271.6903 14.59197519 87295
MERCURY ONE (M1)
1 66742U 25276CE  26208.42685112  .00004889  00000-0  23059-3 0  9995
2 66742  97.4181 281.2865 0002773 154.2985 205.8389 15.19929746 36537
COSMOS 646
1 07270U 74024F   26208.47948745 -.00000003  00000-0  81468-4 0  9994
2 07270  74.0185  16.5448 0051747 353.2409  33.9304 12.55028479394248
DMSP 5D-2 F10 (USA 68)
1 20978U 90105A   26208.14964155  .00000262  00000-0  94648-4 0  9999
2 20978  98.6073 268.3385 0071418 164.5858 195.7528 14.40181818868267
ONEWEB-0598
1 55154U 23004Q   26208.44495018  .00001673  00000-0  46837-2 0  9999
2 55154  87.8898  13.0525 0002472  90.9671 269.1740 13.11426603171176
ION SCV-020
1 64545U 25135T   26208.20897081  .00003207  00000-0  15443-3 0  9995
2 64545  97.4641 322.6673 0008183  24.3704 335.7916 15.19452848 60924
FLOCK 4H 36
1 66739U 25276CB  26208.20675624  .00007422  00000-0  33906-3 0  9992
2 66739  97.4237 281.4333 0003564 151.9873 208.1555 15.20858120 36514
IRIDE-MS2-HEO-8
1 64587U 25135BM  26208.51388513  .00001834  00000-0  18659-3 0  9996
2 64587  97.7769 322.4634 0001474 157.6565 202.4718 14.91974347 59919
PEARL-1B
1 68980U 26100A   26208.65550856  .00002697  00000-0  28026-3 0  9993
2 68980  97.7315 105.1954 0007894  25.5546 334.6061 14.90709551 12710
GALEX
1 27783U 03017A   26208.13934128  .00000664  00000-0  99021-4 0  9998
2 27783  28.9963 250.2255 0003478 135.7405 224.3462 14.66097204243083
APRIZESAT 2
1 28366U 04025A   26208.29330715  .00000247  00000-0  89211-4 0  9992
2 28366  98.1054  12.0110 0106594 128.6186 232.4605 14.38052944157405
FLOCK 4Q 16
1 58271U 23174R   26208.70869583  .00024239  00000-0  42013-3 0  9997
2 58271  97.3814 297.8004 0006014  36.0178 324.1478 15.50870850151851
ONEWEB-0583
1 54650U 22166J   26208.79197612  .00000084  00000-0  17290-3 0  9991
2 54650  87.9225 235.9147 0001941  94.9042 265.2314 13.21826513176895
ONEWEB-0211
1 48767U 21045A   26208.55749620  .00000146  00000-0  34916-3 0  9997
2 48767  87.8976 251.0289 0002739  95.8694 264.2749 13.16197572249751
KUIPER-00011
1 63727U 25088D   26208.38502450 -.00001889  00000-0 -21892-3 0  9996
2 63727  51.8989 192.9283 0000649  39.1436 320.9573 14.79926494 68442
COSMOS 793
1  8609U 76008C   26208.39267675 -.00000010  00000-0  36521-4 0  9990
2  8609  74.0532 189.1836 0047179 299.9129 226.9922 12.52647198308975
KUIPER-00144
1 67133U 25301A   26208.28770620 -.00002687  00000-0 -32359-3 0  9991
2 67133  51.9001 158.3174 0000592  59.2380 300.8641 14.79932784 34542
PNEO3
1 48268U 21034A   26208.50250804  .00001487  00000-0  19546-3 0  9998
2 48268  97.8946 282.6891 0001458  99.7918 260.3459 14.81684181283622
KUIPER-00016
1 63732U 25088J   26208.39720003  .00000360  00000-0  76222-4 0  9998
2 63732  51.8979 212.7852 0000505  66.6421 293.4595 14.79921951 68036
ORBCOMM FM 2
1 23546U 95017B   26208.20345154  .00010019  00000-0  83331-3 0  9996
2 23546  69.9612 155.7424 0002154  40.3009 319.8310 14.98930264672692
COSMOS 2151
1 21422U 91042A   26208.47174397  .00001553  00000-0  12092-3 0  9998
2 21422  82.4984 308.8048 0011004 311.2795  48.7481 15.00543138884151
COSMOS 1531
1 14624U 84003A   26208.70765003  .00000050  00000-0  38378-4 0  9996
2 14624  82.9320 107.5984 0019752   1.6343  26.8519 13.72419708130050
COSMOS 614
1 06965U 73098A   26208.29288996  .00000146  00000-0  54437-4 0  9992
2 06965  74.0585 321.2669 0023539 241.0719 118.8076 14.40167443760077
JILIN-01 GAOFEN 3D 28
1 52445U 22048C   26208.48826453  .00344592  48597-4  91760-3 0  9994
2 52445  97.5651 326.8450 0005902 239.1639 120.9056 15.94536624235910
FLOCK 4G 34
1 62650U 25009AT  26208.16114889  .00011312  00000-0  39207-3 0  9993
2 62650  97.3960 289.5529 0003190 138.0770 222.0716 15.29988051 85027
LEMUR 2 ALISIA
1 62706U 25009DB  26208.21247059  .00007860  00000-0  58324-3 0  9991
2 62706  97.6963 290.1246 0004937 100.7360 259.4421 15.03327696106171
YAOGAN-35 04A
1 53522U 22100A   26208.56826950  .00008947  00000-0  37373-3 0  9995
2 53522  35.0087 157.9028 0006770 291.1027  68.8964 15.22871314219429
PRAETORIAN SDA_606
1 65569U 25203E   26208.59845975  .00000055  00000-0  38932-4 0  9992
2 65569  81.3081 333.6298 0007234  87.7689 272.4296 13.83201114 44272
QIANFAN-50
1 62251U 24232Q   26208.49826922  .00000053  00000-0  63424-4 0  9990
2 62251  89.0088  18.4758 0013838 259.7859 100.1732 13.51023647 98487
KUIPER-00176
1 65788U 25217AC  26208.19989228 -.00001005  00000-0 -10289-3 0  9998
2 65788  51.8993 146.1822 0000796  85.0728 275.0326 14.79931782 45530
RISAT 2B
1 44233U 19028A   26208.51909380  .00003596  00000-0  28131-3 0  9990
2 44233  36.9970 114.9601 0007833 352.2326   7.8295 15.01143507393898
KUIPER-00241
1 67149U 25301S   26208.33368668  .00003321  00000-0  46414-3 0  9990
2 67149  51.9018 178.1461 0000610  63.4087 296.6937 14.79954924 34605
COSMOS 1716
1 16449U 86002A   26208.32180931 -.00000020  00000-0 -27695-4 0  9992
2 16449  73.9916 346.7377 0017453  67.0726 313.6914 12.46919701845639
COSMOS 1312
1 12879U 81098A   26208.40884039  .00000020  00000-0  74971-4 0  9991
2 12879  82.5984 202.0682 0007560  27.0509 127.5825 12.42393563574549
FGN-100-D2
1 66299U 25248G   26208.16397375  .00004638  00000-0  21931-3 0  9992
2 66299  45.4001 266.7159 0005987 275.3914  84.6289 15.20777411 40606
COSMOS 1360
1 13163U 82040D   26208.53753714  .00000018  00000-0  22396-3 0  9995
2 13163  74.0093 251.9407 0023031   0.2082  70.0172 12.50200178742824
SS 1
1 10529U 77112D   26208.50836744  .00000359  00000-0  13638-3 0  9991
2 10529  63.3376 243.9876 0510183 163.1470 198.7258 13.90435359357801
MOHAMMED VI-A
1 43005U 17070A   26208.51716801  .00001073  00000-0  15901-3 0  9994
2 43005  97.9547 280.2893 0001430 102.7170 257.4200 14.77117341469930
COSMOS 1975
1 19573U 88093A   26208.32216655  .00007813  00000-0  26900-3 0  9990
2 19573  82.5210 337.3152 0011888  43.7390 316.4790 15.29811090 40742
HEAD-3D
1 57629U 23121D   26208.49764287  .00001097  00000-0  24321-3 0  9995
2 57629  45.0052  95.7092 0006670 116.0823 244.0722 14.62983893157703
COSMOS 1720
1 16453U 86002E   26208.48507247  .00000006  00000-0  14257-3 0  9998
2 16453  73.9859 209.8859 0028473 229.8131 204.3951 12.50636516851163
COSMOS 2256
1 22691U 93038E   26208.38467301  .00000021  00000-0  58125-4 0  9991
2 22691  82.5752 185.9435 0005561 253.9882 259.7037 12.63948507526898
USA 16
1 16624U 86014E   26208.44200888  .00006597  00000-0  64922-3 0  9993
2 16624  63.3021   6.1031 0790932 116.9916 251.4109 13.72383704354473
COSMOS 1832
1 17587U 87026F   26208.33720480  .00000018  00000-0  42189-4 0  9993
2 17587  82.5691 175.9186 0010393  91.6456  62.7509 12.64347489816771
YAOGAN-39 03A
1 57986U 23152A   26208.57487917  .00010856  00000-0  44949-3 0  9997
2 57986  35.0017  18.5266 0003359 181.5404 178.5301 15.23149428156606
ONEWEB-0383
1 49309U 21090AG  26208.60229138 -.00000071  00000-0 -22540-3 0  9992
2 49309  87.8963 281.6488 0001918 102.2426 257.8919 13.14503058232908
ION SCV-012
1 60573U 24149DK  26208.66311278  .00000942  00000-0  91256-4 0  9995
2 60573  97.6759 281.8293 0002234 329.6126  30.4965 14.95010736105963
WNISAT 1R
1 42835U 17042L   26208.40132830  .00001756  00000-0  13878-3 0  9994
2 42835  97.4796   3.0847 0009195  22.6204 337.5424 15.01885832492541
COSMOS 1801
1 17145U 86092H   26208.61727034 -.00000012  00000-0  27187-4 0  9994
2 17145  74.0156 302.0213 0055210 302.6168 121.6518 12.58854396823528
GEESAT 4-07
1 65125U 25170G   26208.53104743  .00002142  00000-0  28004-3 0  9995
2 65125  49.9928 347.1093 0018258 208.6867 151.3069 14.84166063 52427
GONETS M 06
1 39250U 13048B   26208.56906356 -.00000031  00000-0 -29296-3 0  9990
2 39250  82.4884 319.1076 0019861 155.6707 204.5315 12.43031948583964
NAOS
1 65317U 25188C   26208.45211961  .00009785  00000-0  25829-3 0  9991
2 65317  97.2023 283.0592 0000296 276.4659  83.6553 15.38658284 51457
IRIDE-MS2-HEO-10
1 68982U 26100C   26208.21637692  .00001550  00000-0  16135-3 0  9996
2 68982  97.7286 104.8212 0005225  39.6631 320.4969 14.91259763 12669
APRIZESAT 7
1 39416U 13066A   26208.33699700  .00001461  00000-0  14915-3 0  9999
2 39416  97.7730 160.9862 0037348  78.6976 281.8435 14.91645181687213
SENTINEL 5P
1 42969U 17064A   26208.59027022  .00000049  00000-0  44376-4 0  9994
2 42969  98.7931 150.4362 0001228  91.1910 268.9407 14.19525033455298
KUIPER-00089
1 64834U 25151U   26208.52921870  .00003930  00000-0  54414-3 0  9997
2 64834  51.9002  27.2235 0000626 106.9828 253.1203 14.79940030 56221
COSMOS 951
1 10352U 77087A   26208.23874841  .00000038  00000-0  24084-4 0  9998
2 10352  82.9716 142.7765 0032514 261.3257 256.9540 13.74346055449982
OPS 1292
1 11852U 80052C   26208.12632413 -.00000036  00000-0 -72622-4 0  9996
2 11852  96.6243 119.5437 0003260 128.6678 231.4720 12.83720724103108
ONEWEB-0323
1 49106U 21075AH  26208.37025190  .00000415  00000-0  11187-2 0  9990
2 49106  87.8987 342.6643 0001386  88.0332 272.0955 13.12443204239827
ONEWEB-0391
1 50471U 21132C   26208.37232237 -.00000001  00000-0 -35032-4 0  9993
2 50471  87.9159 357.8863 0001504  68.1682 291.9609 13.17647536223375
COSMOS 1082
1 11297U 79024B   26208.07586381  .00000007  00000-0  13970-3 0  9998
2 11297  74.0331  73.1744 0026486 133.3856  19.5731 12.54965281769776
MICRO LABSAT
1 27600U 02056D   26208.63622540  .00000123  00000-0  64309-4 0  9996
2 27600  98.8156 175.8917 0010368 184.9782 175.1298 14.30859838232323
GONETS D1 6
1 24730U 97006F   26208.13006358  .00000035  00000-0  13691-3 0  9993
2 24730  82.6039 231.6727 0001991 192.6688 167.4354 12.62499832356712
FLOCK 4H 8
1 66711U 25276AX  26208.66036619  .00007119  00000-0  32757-3 0  9993
2 66711  97.4215 281.6858 0002733 203.7259 156.3850 15.20629586 36575
HULIANWANG DIGUI-144
1 67442U 26007H   26208.64401701 -.00000089  00000-0  76151-4 0  9991
2 67442  50.0102 300.4929 0000841 166.8959 193.1935 13.29329760 26176
DISCO-2
1 68431U 26067R   26208.35673910  .00008701  00000-0  41133-3 0  9996
2 68431  97.4620 166.4596 0002037 151.3659 208.7688 15.19629589 18048
LEMUR-2-STARLIGHT
1 66783U 25276DY  26208.61506641  .00006933  00000-0  56823-3 0  9997
2 66783  97.5259 277.8759 0014130   8.1930 351.9522 14.99490357 36258
ICEYE-X51
1 63257U 25052AZ  26208.65924376  .00004493  00000-0  35779-3 0  9991
2 63257  97.7632 103.6893 0002037  63.4847 296.6585 15.00879578 74870
SATMAR
1 64551U 25135Z   26208.26874860  .00008413  00000-0  33490-3 0  9994
2 64551  97.4647 323.9054 0002673 108.2896 251.8633 15.25499328 61034
CUTE-1
1 27844U 03031E   26208.99142194  .00000300  00000-0  14846-3 0  9998
2 27844  98.6749 217.0391 0010760  69.7499 290.4835 14.24358480197480
KUIPER-00192
1 68575U 26072C   26208.47516327  .00001110  00000-0  17457-3 0  9991
2 68575  51.9009  14.9911 0001093 134.2675 225.8377 14.79935444 17128
ONEWEB-0299
1 49088U 21075P   26208.36389400  .00000009  00000-0 -10517-4 0  9993
2 49088  87.9171 357.8608 0001704  90.5484 269.5843 13.17648795238891
COSMOS 773
1 08343U 75094A   26208.63230923  .00000111  00000-0  47205-4 0  9994
2 08343  74.0554 281.8534 0010076  86.7597 273.4709 14.35972060658178
QIANFAN-132
1 69078U 26104F   26208.50829683  .00000101  00000-0  13702-3 0  9990
2 69078  88.9908 337.4003 0001885 106.9473 253.1885 13.51022947 10575
COSMOS 2130
1 21105U 91009F   26208.25226023 -.00000001  00000-0  90261-4 0  9992
2 21105  74.0296  34.4516 0043597 182.0372 290.7349 12.57181905626998
HJ-2E
1 54035U 22132A   26208.50536799  .00008340  00000-0  35760-3 0  9998
2 54035  97.3808 212.1725 0018709 223.1258 136.8514 15.22839228210555
PRAETORIAN SDA_613
1 65576U 25203M   26208.29431416  .00000081  00000-0  63142-4 0  9998
2 65576  81.3025 333.8602 0006815  87.7267 272.4669 13.82769304 44223
FLOCK 4H 34
1 66737U 25276BZ  26208.65206289  .00006701  00000-0  30541-3 0  9997
2 66737  97.4224 281.8800 0003656 139.7412 220.4095 15.20979193 35830
COSMOS 675
1 07424U 74069A   26208.31688365 -.00000022  00000-0 -27937-4 0  9999
2 07424  74.0581 169.2638 0038875 244.8976 282.6472 12.67186999401273
GEESAT 6-07
1 65719U 25214H   26208.83195832  .00002060  00000-0  27510-3 0  9995
2 65719  49.9793 119.5649 0009996  29.1135 331.0359 14.83470359 45557
SIT-2086
1 61764U 24199AF  26208.49398566  .00042718  00000-0  61527-3 0  9993
2 61764  97.2873  85.5428 0008870 110.3708 249.8501 15.55871913140691
COSMOS 1953
1 19210U 88050A   26208.43066175  .00007118  00000-0  24010-3 0  9991
2 19210  82.5066  17.4306 0010374 358.1000   2.0199 15.30477514 59142
CENTISPACE-2 S6
1 68355U 26060F   26208.34138693  .00000364  00000-0  13762-3 0  9991
2 68355  54.9758 237.3117 0009151 277.4524  82.5424 14.49721811 18617
OKEAN 4
1 23317U 94066A   26208.07629808  .00001822  00000-0  15423-3 0  9990
2 23317  82.5315 216.8462 0017508 135.3811 224.8825 14.97351335721309
JASON
1 26997U 01055A   26208.37257205 -.00000065  00000-0 -14442-4 0  9995
2 26997  66.0407 349.7409 0008871 274.9228 111.9056 12.84089276153797
SDA_1678
1 65988U 25230Q   26208.35743920  .00000171  00000-0  14046-3 0  9996
2 65988  81.3013 174.2871 0002838  93.6276 266.5206 13.84986409 39380
ONEWEB-0438
1 51634U 22012N   26208.49638914  .00000615  00000-0  17250-2 0  9997
2 51634  87.8816  28.2466 0001669  83.9735 276.1583 13.10371292214620
ONEWEB-0580
1 54648U 22166G   26208.51105602  .00000020  00000-0  17278-4 0  9993
2 54648  87.9226 235.9546 0001647  91.7134 268.4189 13.21824577176877
ASTEX 1
1  5560U 71089A   26208.41911647  .00000435  00000-0  11036-3 0  9998
2  5560  92.7017 196.8148 0014626 341.2384  18.8281 14.50880339882563
PUJIANG 2 (PJ-2)
1 52151U 22031B   26208.55081177  .00000746  00000-0  74708-4 0  9991
2 52151  97.8629  34.1365 0013505  70.9885 289.2797 14.94361561235824
ONEWEB-0571
1 55150U 23004L   26208.26039652  .00000051  00000-0  96534-4 0  9993
2 55150  87.9197 327.4990 0003064  88.5292 271.6191 13.18686812174980
COSMOS 872
1  9589U 76118B   26208.56997867  .00000011  00000-0  15667-3 0  9999
2  9589  74.0300 270.2841 0041272 149.5731 280.1343 12.58111026279586
FLOCK 4Q 27
1 58282U 23174AC  26208.49014045  .00032285  00000-0  43739-3 0  9996
2 58282  97.3810 300.4787 0002906  23.7890 336.3499 15.57626062152027
KUIPER-00220
1 67781U 26030T   26208.57493870  .00001295  00000-0  19881-3 0  9998
2 67781  51.8944 282.0608 0001059  70.7530 289.3547 14.79932309 26345
QIANFAN-44
1 62245U 24232J   26208.45296021  .00000039  00000-0  42152-4 0  9999
2 62245  89.0084  18.3003 0011714 256.3785 103.6062 13.51014161129941
GONETS M 10 (M20)
1 40063U 14036C   26208.55856983 -.00000017  00000-0 -19642-3 0  9999
2 40063  82.5114 282.6008 0022665  56.6837 303.6409 12.42946168547260
HJS-6D
1 63431U 25067D   26208.46871858  .00010607  00000-0  50942-3 0  9999
2 63431  54.9921 211.6332 0008674  78.6909 281.5085 15.19378620 74058
HULIANWANG DIGUI-92
1 66000U 25231F   26208.87891758 -.00000102  00000-0  47946-4 0  9994
2 66000  50.0066  29.7130 0000421  27.8043 332.2851 13.29329396 38309
COSMOS 713
1  7680U 75016C   26208.32652233 -.00000024  00000-0 -48608-4 0  9992
2  7680  74.0065 324.6821 0058023  85.0064 302.5930 12.55676224356446
COSMOS 528
1 06262U 72087A   26208.13338343  .00000002  00000-0  10527-3 0  9996
2 06262  74.0343  86.7140 0065297 187.5907 327.4639 12.61617159474829
FIREFLY-2
1 62704U 25009CZ  26208.49197808  .00001650  00000-0  16508-3 0  9994
2 62704  97.7012 285.5464 0005422 318.0923  41.9880 14.92760823 83339
COLIBRI-S
1 61746U 24199M   26208.51378207  .00024939  00000-0  45557-3 0  9996
2 61746  97.2936  82.7691 0009828 124.2550 235.9633 15.49336603143651
GEESAT 1-02
1 52786U 22058B   26208.47292220  .00002008  00000-0  28092-3 0  9995
2 52786  50.0007  16.7200 0022822  46.3448 313.9377 14.81516283225903
QPS-SAR-7 TSUKUYOMI-II
1 59447U 24066F   26208.54787771  .00007182  00000-0  45776-3 0  9991
2 59447  45.6045  33.4415 0002453 220.5595 139.5108 15.09385910126329
ONEWEB-0186
1 48229U 21031V   26208.23121046 -.00000204  00000-0 -58575-3 0  9990
2 48229  87.8967 281.7219 0002044  94.7385 265.3978 13.14503807253640
OPS 1127 (DMSP 4B F3)
1 04047U 69062A   26208.17090553  .00000100  00000-0  54767-4 0  9990
2 04047  98.4198  62.1964 0044752 135.4805 224.9987 14.29524908967043
PRAETORIAN SDA_601
1 65585U 25203X   26208.35059867  .00000095  00000-0  75415-4 0  9992
2 65585  81.3064 333.8910 0006734  96.8692 263.3231 13.83172024 44234
ONEWEB-0205
1 48226U 21031S   26208.55630204 -.00000039  00000-0 -14044-3 0  9992
2 48226  87.8965 281.6567 0002200  91.3734 268.7648 13.14503345253575
LINGQIAO VIDEO B
1 40960U 15057C   26208.49757597  .00001205  00000-0  17518-3 0  9991
2 40960  97.6608 202.4690 0017918 134.2973 225.9711 14.77547927581403
SUPERVIEW NEO-2 02
1 53130U 22082C   26208.49326407  .00004096  00000-0  16950-3 0  9992
2 53130  97.3936 217.9838 0001722  88.8937 271.2498 15.24503271224353
YAOGAN-30 M
1 43172U 18011D   26208.55238473  .00002488  00000-0  18431-3 0  9995
2 43172  34.9963 264.9178 0001164  67.4450 292.6382 15.02798535464166
INTERCOSMOS 22
1 12645U 81075A   26208.28740355  .00000088  00000-0  35188-4 0  9996
2 12645  81.2183 167.4206 0064063  93.9203 266.9300 14.18982818325730
NIGHTJAR
1 60535U 24149BV  26208.17371761  .00003608  00000-0  30070-3 0  9990
2 60535  97.6864 284.3234 0002593  71.9193 288.2312 14.99245881148860
GAOFEN 11 3
1 49492U 21107A   26208.50691156  .00005140  00000-0  21675-3 0  9994
2 49492  97.2064 251.0753 0004200 295.6960  64.3843 15.23722717260771
QIANFAN-9
1 60387U 24140J   26208.53975985  .00000080  00000-0  10525-3 0  9998
2 60387  88.9727 275.8138 0014032 260.0203  99.9365 13.51022752 97953
HEAD-3A
1 57626U 23121A   26208.63196235  .00000915  00000-0  21819-3 0  9997
2 57626  45.0026 112.8189 0005879 128.6074 231.5311 14.60730254157496
COSMOS 1797
1 17141U 86092D   26208.44068617 -.00000002  00000-0  93094-4 0  9995
2 17141  74.0112 204.1429 0019195 260.0427 173.1406 12.51644896813054
COSMOS 1327
1 12982U 81116H   26208.44646016  .00000020  00000-0  28892-3 0  9992
2 12982  73.9788 227.0304 0076279  60.6004   7.8645 12.31647795  7979
ONEWEB-0008
1 44059U 19010C   26208.50622047  .00000036  00000-0  59730-4 0  9994
2 44059  87.9079 220.7662 0001849  79.3270 280.8069 13.16593332357036
OPS 7613 (P/L 5)
1  4247U 69082F   26208.41030285  .00000036  00000-0  64601-4 0  9993
2  4247  70.0152  16.5420 0018005  74.5735 285.7358 13.95998585892028
SKYCRAFT 4C
1 64896U 25154H   26208.63283322  .00002370  00000-0  21938-3 0  9995
2 64896  97.6668 271.8856 0006582 119.9676 240.2199 14.95436676205199
GLOBALSTAR M057
1 25943U 99058A   26208.20484507 -.00000079  00000-0  12962-3 0  9992
2 25943  51.9987 278.7477 0003053 134.6890 225.4209 12.24837115216566
LYNK TOWER 6
1 59123U 24043AB  26208.32962701  .00005731  00000-0  19045-3 0  9999
2 59123  97.5643 346.1138 0011755 101.9710 258.2849 15.31540828133170
COSMOS 1195
1 11878U 80058D   26208.54105130  .00000015  00000-0  20045-3 0  9993
2 11878  74.0151 238.2783 0015807  29.9922 124.1140 12.50617241102401
CE-SAT-IE
1 58987U 24032A   26208.57976464  .00000448  00000-0  85925-4 0  9993
2 58987  97.9943 262.3563 0001882 342.1717  17.9421 14.68317249130767
SPOT 1
1 16613U 86019A   26208.56800671  .00001018  00000-0  15289-3 0  9990
2 16613  98.6625 144.3464 0129084 138.1976 222.9177 14.71566895816939
ONEWEB-0381
1 49307U 21090AE  26208.15853172  .00000039  00000-0  63797-4 0  9993
2 49307  87.9175 266.4754 0001781  96.5413 263.5923 13.20770516235104
COSMOS 2576
1 59773U 24092A   26208.73056655  .00007529  00000-0  34797-3 0  9999
2 59773  97.4419 324.1479 0011448 224.4115 135.6203 15.20404340122541
RAVEN
1 69016U 26100AN  26208.18124072  .00002625  00000-0  11959-3 0  9997
2 69016  97.3984 105.3879 0006080 271.2610  88.7930 15.21542449 12892
TIANQI-6
1 46810U 20076D   26208.21080724  .00003745  00000-0  24375-3 0  9999
2 46810  34.9975 162.7789 0010146 168.4021 191.6924 15.07418649314625
QUICK3
1 64558U 25135AG  26208.26277713  .00013026  00000-0  47647-3 0  9990
2 64558  97.4772 324.8661 0005312  38.1866 321.9749 15.28180470 60972
START 1
1 22561U 93014A   26208.71303972  .00000084  00000-0  35593-4 0  9994
2 22561  75.7635 311.4557 0192309  83.5636 278.7377 14.22598814729623
KUIPER-00050
1 64510U 25134L   26208.33999253  .00003804  00000-0  52770-3 0  9991
2 64510  51.9007 313.0228 0000341 107.2977 252.8022 14.79937855 61073
ONEWEB-0636
1 56077U 23043AH  26208.59872591  .00000000  00000-0 -33502-4 0  9999
2 56077  87.8986 251.1482 0001827  98.4479 261.6859 13.15548419161720
KUIPER-00502
1 68883U 26095V   26208.50002315 -.01816588  00000-0 -14868+0 0  9994
2 68883  51.8952  49.5452 0006214  63.5878 225.9040 15.02536957  4003
CYBERCUBE
1 69938U 26156BX  26208.25388874  .00003378  00000-0  33400-3 0  9992
2 69938  97.7488 108.3964 0011667  85.0001 275.2550 14.92523134  2974
COSMOS 1526
1 14615U 84001E   26208.51654000 -.00000028  00000-0 -76635-4 0  9992
2 14615  74.0085 138.6218 0011669  42.2353  74.7332 12.53056332946638
COSMOS 2612
1 68762U 26083H   26208.62091038  .00002112  00000-0  14471-3 0  9991
2 68762  97.8580 347.5461 0011431 273.2119  86.7800 15.07163426 15294
FLYLAB 2
1 68503U 26067CR  26208.84348731  .00002325  00000-0  24082-3 0  9990
2 68503  97.7590 166.2492 0003907 295.9278  64.1538 14.90990018 17772
HULIANWANG DIGUI-77
1 65309U 25187E   26208.52552918 -.00000089  00000-0  75467-4 0  9992
2 65309  50.0050  61.3359 0000212 181.8960 178.1912 13.29324235 45068
KUIPER-00468
1 68873U 26095K   26208.50002315 -.01847842  00000-0 -12737+0 0  9993
2 68873  51.8906  50.1346 0004609  58.9725   1.9510 15.08939931  4500
COSMOS 1045
1 11084U 78100A   26208.92331495 -.00000022  00000-0 -39581-3 0  9999
2 11084  82.5486  19.0015 0011629 244.6639 284.2180 11.96770924 86137
ONEWEB-0556
1 55798U 23029C   26208.61476090 -.00000022  00000-0 -86861-4 0  9990
2 55798  87.9162 266.4082 0001659 121.5239 238.6056 13.20771631166487
KINEIS-4A
1 63303U 25056D   26208.53359723  .00001717  00000-0  27919-3 0  9995
2 63303  97.9148 331.5025 0002742 130.3922 229.7525 14.72316284 73065
KUIPER-00380
1 68920U 26098B   26208.50002315 -.01583710  00000-0 -75545-1 0  9998
2 68920  51.8789 235.6981 0005595 310.4385 244.9826 15.21828138  5769
KUIPER-00160
1 67765U 26030B   26208.52821469  .00035337  00000-0  94933-3 0  9999
2 67765  51.8786 263.1622 0004783 190.4759 169.6129 15.37575411 26604
COSMOS 711
1 07678U 75016A   26208.37347552 -.00000012  00000-0  28136-4 0  9999
2 07678  74.0051   6.4110 0019942 221.3030 160.4469 12.47085854340343
GXIBA-1
1 67685U 98067YB  26208.16721595  .00070270  00000-0  67462-3 0  9990
2 67685  51.6259  91.5161 0007670   2.0604 358.0422 15.65923613 26549
KUIPER-00519
1 68890U 26095AC  26208.02146190 -.00002234  00000-0 -26409-3 0  9991
2 68890  51.9035  62.0754 0002592  50.2250 309.8941 14.79928251 13682
IRIDE-MS1-EAG2-12
1 68461U 26067AX  26208.62549477  .00006072  00000-0  29730-3 0  9997
2 68461  97.4569 166.4840 0002108 298.7907  61.3115 15.18538220 18077
COSMOS 1816
1 17359U 87009A   26208.33823549 -.00000015  00000-0 -31907-4 0  9996
2 17359  82.9253 354.6336 0033826  97.3831 284.7409 13.74648500980671
COSMOS 1619
1 15471U 85003C   26208.40148711  .00000032  00000-0  11117-3 0  9997
2 15471  82.6073  16.7940 0018427 310.0201  73.0874 12.66280629919147
COSMOS 1232
1 12111U 80102E   26208.34450956 -.00000019  00000-0 -16993-4 0  9995
2 12111  73.9970 329.2040 0032810  31.6123 358.1214 12.56332387 90848
KUIPER-00546
1 69614U 26140Y   26208.58746398 -.00158715  00000-0 -42055-2 0  9994
2 69614  51.8787 203.0085 0014419 265.9211  94.0128 15.38245804  7457
SJ-11-06
1 39624U 14014A   26208.48234523  .00000492  00000-0  10737-3 0  9999
2 39624  97.9474 233.7026 0013113 214.0418 145.9943 14.61887131656583
ONEWEB-0305
1 49093U 21075U   26208.86338687  .00000050  00000-0  95718-4 0  9996
2 49093  87.9170 357.7679 0001600  83.7826 276.3488 13.17648751238963
ONEWEB-0500
1 54118U 22138F   26208.69814541  .00000009  00000-0 -10202-4 0  9990
2 54118  87.9188 296.9028 0002036  97.2399 262.8965 13.19726793182173
KUIPER-00482
1 68877U 26095P   26208.50002315  .00042101  00000-0  55108-2 0  9991
2 68877  51.9009  62.3939 0002124 136.3492 269.8324 14.79980365  3820
FLOCK 4H 15
1 66718U 25276BE  26208.67223301  .00007252  00000-0  33953-3 0  9994
2 66718  97.4210 281.4943 0003416 212.9228 147.1795 15.20020442 36568
ONEWEB-0312
1 49098U 21075Z   26208.66089042  .00000022  00000-0  23895-4 0  9993
2 49098  87.9158 357.8238 0001839  84.9793 275.1549 13.17648879238939
COSMOS 1777
1 16952U 86070A   26208.53947838  .00000135  00000-0  57553-4 0  9997
2 16952  74.0035  48.8469 0026113 194.3222 165.7192 14.34102739 84646
GENA-OT-1
1 66774U 25276DN  26208.62782121  .00007017  00000-0  31440-3 0  9999
2 66774  97.4191 281.9688 0003017  90.5809 269.5773 15.21550769 36590
CAMOES
1 68507U 26067CV  26208.61239503  .00009100  00000-0  43986-3 0  9997
2 68507  97.4662 166.5809 0001263 339.6813  20.4371 15.18847044 18055
ONEWEB-0509
1 54127U 22138Q   26208.19902177  .00000097  00000-0  20961-3 0  9996
2 54127  87.9192 297.0021 0002136 103.5835 256.5536 13.19725210182087
FLOCK 4G 25
1 62646U 25009AP  26208.67804111  .00011165  00000-0  38407-3 0  9995
2 62646  97.4011 290.5941 0003251 137.1218 223.0277 15.30235743 85113
CANX-1
1 27847U 03031H   26208.45238941  .00000231  00000-0  12000-3 0  9991
2 27847  98.6874 216.4455 0010188  52.5356 307.6748 14.23873156197465
KUIPER-00423
1 69592U 26140A   26208.71858509  .00027141  00000-0  70776-3 0  9990
2 69592  51.8786 202.3954 0013653 320.0524  39.9457 15.38551145  7470
COSMOS 797
1 08613U 76008G   26208.43149164 -.00000010  00000-0  39982-4 0  9996
2 08613  74.0561  12.3244 0032230 306.7486  80.9345 12.40689214287006
ONEWEB-0474
1 51654U 22012AJ  26208.48621300  .00000664  00000-0  18669-2 0  9998
2 51654  87.8828  28.2315 0001726  99.0354 261.0969 13.10374128214573
ONEWEB-0514
1 54132U 22138V   26208.20375813  .00000111  00000-0  24520-3 0  9997
2 54132  87.9188 297.0015 0001934  96.8879 263.2474 13.19724939182104
ION SCV-014
1 62630U 25009X   26208.19535542  .00001628  00000-0  11785-3 0  9997
2 62630  97.4841 280.1562 0005120  24.4080 335.7388 15.05345866 84004
TMSAT
1 25396U 98043C   26208.45990021  .00000134  00000-0  76239-4 0  9996
2 25396  98.9890 200.5695 0003561  58.8450 301.3078 14.25773310457733
KUIPER-00297
1 68596U 26072Z   26208.50002315 -.00002882  00000-0 -34959-3 0  9990
2 68596  51.9006   9.8625 0001100   7.5170  96.3590 14.79891988  4391
ONEWEB-0052
1 45156U 20008AB  26208.48464627  .00000617  00000-0  17320-2 0  9999
2 45156  87.8827  28.2319 0001527  78.6837 281.4462 13.10375818313216
KUIPER-00186
1 67140U 25301H   26208.36471811  .00003455  00000-0  48169-3 0  9996
2 67140  51.9010 180.4963 0000679  52.8650 307.2374 14.79959742 34241
FLOCK 4Q 36
1 58274U 23174U   26208.23748622  .00138096  00000-0  13410-2 0  9993
2 58274  97.3830 302.3549 0004107 311.2524  48.8382 15.65875409152083
KUIPER-00200
1 67772U 26030J   26208.23209182  .00012635  00000-0  16798-2 0  9995
2 67772  51.8983 288.5933 0000332 316.0302  44.0634 14.80019626 26226
YAOGAN-40 02A
1 63918U 25096A   26208.51957227  .00000109  00000-0  48801-4 0  9990
2 63918  85.9982 169.9042 0001927  74.8150 285.3246 14.12455403 62260
FLOCK 4H 21
1 66724U 25276BL  26208.67449002  .00007122  00000-0  32257-3 0  9991
2 66724  97.4172 281.8285 0003701 140.0773 220.0736 15.21170722 35842
YAOGAN-35 03C
1 53320U 22088E   26208.45226922  .00041631  00000-0  76794-3 0  9994
2 53320  34.9941 249.4869 0001691 187.6406 172.4290 15.48060152223178
COSMOS 2070
1 20555U 90029G   26208.23970779 -.00000026  00000-0 -59954-4 0  9995
2 20555  73.9823 127.1481 0014041 267.5320 207.1829 12.52805723660422
YAOGAN-36 04C
1 54750U 22171E   26208.52771852  .00014136  00000-0  42497-3 0  9993
2 54750  34.9806 285.8269 0005733 140.6060 219.5076 15.33533698201681
YUNYAO-1 43
1 63344U 25059A   26208.48111080  .00002809  00000-0  17111-3 0  9995
2 63344  97.6119  29.6360 0014593  21.9654 338.2198 15.11142249 74386
IRIDIUM 28
1 24948U 97051E   26208.35976443  .00000321  00000-0  10030-3 0  9991
2 24948  86.3996 331.0772 0002185 107.0561 253.0876 14.37720494512054
CERISE
1 23606U 95033B   26208.46844147  .00016094  00000-0  45680-3 0  9999
2 23606  98.3085  70.5743 0007194  94.0886 266.1178 15.36291277686075
PLATERO
1 58262U 23174G   26208.51693329  .00038767  00000-0  36927-3 0  9997
2 58262  97.3936 308.5260 0002984 295.4541  64.6411 15.66716279152492
LANDSAT 8
1 39084U 13008A   26208.47135142  .00000338  00000-0  85117-4 0  9991
2 39084  98.2283 278.1236 0001302  91.7020 268.4328 14.57101300703760
CROCUBE
1 62394U 24247T   26208.90739924  .00049490  00000-0  82857-3 0  9993
2 62394  44.9711  29.5731 0009447 250.0948 109.8926 15.51125102 89668
TIANHUI 2-01A
1 44207U 19024A   26208.53479623  .00001841  00000-0  97255-4 0  9996
2 44207  97.4815 211.9355 0001037  99.2380 260.8970 15.16741900108253
SKYSAT C7
1 42991U 17068E   26208.15820047  .00010195  00000-0  27804-3 0  9992
2 42991  97.4575 346.3709 0004700 336.0593  24.0432 15.37642447488510
YAOGAN-39 01A
1 57727U 23130A   26208.45249676  .00007289  00000-0  30281-3 0  9991
2 57727  35.0014 235.5231 0002586 161.5292 198.5517 15.23109374161853
PERSEUS M1
1 40039U 14033AF  26208.30995952  .00001663  00000-0  15453-3 0  9994
2 40039  97.9652 153.1067 0011990 157.6421 202.5325 14.95744263656635
RAPTOR2
1 58959U 24028E   26208.44023128 -.00000041  00000-0  41326-4 0  9990
2 58959  39.9888 217.9892 0010702 132.6119 227.5531 13.70559283122591
PERUSAT 1
1 41770U 16058A   26208.50580968  .00000331  00000-0  81010-4 0  9999
2 41770  98.2012 281.6305 0001409  94.7726 265.3635 14.58535278524972
SHIYAN 30 01
1 65851U 25222A   26208.58194683  .00002279  00000-0  22392-3 0  9991
2 65851  34.9895  19.9115 0000746  96.7161 263.3629 14.91882214 45075
ALSAT 1
1 27559U 02054A   26208.47998222  .00000938  00000-0  13648-3 0  9995
2 27559  98.2493  34.0758 0020423 148.6738 211.5693 14.78259788269205
HAWK-8B
1 59445U 24066D   26208.95874177  .00001020  00000-0  10099-3 0  9996
2 59445  45.6159  67.8173 0003689 271.6842  88.3617 14.99304387125949
COSMOS 1363
1 13166U 82040G   26208.24591485 -.00000028  00000-0 -87032-4 0  9993
2 13166  74.0119 133.3495 0019324  12.6560 140.0985 12.44162545  8502
COSMOS 1250
1 12320U 81022A   26208.61986293 -.00000003  00000-0  75335-4 0  9994
2 12320  74.0313 296.0729 0052558 354.7704  71.7584 12.58282213 84994
FORMOSAT7-5/COSMIC2-5
1 44358U 19036V   26208.54018058  .00002960  00000-0  22748-3 0  9995
2 44358  24.0003 356.3035 0000293  34.2660 325.7860 14.96640723388401
IONOSFERA-M 01
1 61735U 24199A   26208.56077476  .00000065  00000-0  48581-4 0  9998
2 61735  98.7116  81.2964 0001903  55.6542 304.4815 14.22761103133443
COSMOS 1158
1 11693U 80012C   26208.37486297 -.00000023  00000-0 -46163-4 0  9996
2 11693  74.0206 169.2678 0026859  88.6136 345.5512 12.52382028123758
PE2_FLT1 (TYVAK-0261)
1 59105U 24043H   26208.81920662  .00002544  00000-0  22405-3 0  9996
2 59105  97.8418 339.5851 0005025 259.5718 100.4938 14.97376901130738
FLOCK 4BE 27
1 60513U 24149AX  26208.22606660  .00009823  00000-0  29052-3 0  9994
2 60513  97.3820 290.1112 0004966 146.1036 214.0525 15.35107287108285
ONEWEB-0705
1 61610U 24188S   26208.46753362 -.00000124  00000-0 -39128-3 0  9996
2 61610  87.8832  28.2349 0002318  64.2177 295.9189 13.10375989 80738
GAOFEN 12 (03)
1 52912U 22069A   26208.48137449  .00000186  00000-0  31219-4 0  9991
2 52912  97.8230  95.3264 0002151  59.0719 301.0704 14.80090402220578
YAOGAN-31 C
1 43277U 18034C   26208.49958272 -.00000066  00000-0  32763-4 0  9991
2 43277  63.3972 346.9271 0278793   7.2746 353.2197 13.45446644407663
ORBCOMM FM 15
1 25418U 98046F   26208.54827478  .00000933  00000-0  34009-3 0  9994
2 25418  44.9972  52.1904 0003907 166.9462 193.1489 14.39751053462646
SIMSAT 2
1 26366U 00026B   26208.67710681  .00002501  00000-0  85558-4 0  9998
2 26366  86.3459 107.6359 0008710 104.8099 255.4115 15.29672360449403
COSMOS 494
1 06059U 72043A   26208.39031075  .00000123  00000-0  50576-4 0  9995
2 06059  74.0559   8.0706 0009638 139.5095 220.6777 14.36543397829916
DUMSAT
1 26086U 00009A   26208.30260737  .00000171  00000-0  28780-4 0  9995
2 26086  64.8528 301.0692 0020653 261.1414  98.7363 14.97234404444245
COSMOS 1864
1 18160U 87057A   26208.24370580  .00000042  00000-0  27044-4 0  9997
2 18160  82.9353 136.4060 0033348  82.4225  69.9396 13.75818751940362
PISAT
1 41784U 16059B   26208.46752890  .00001159  00000-0  20411-3 0  9991
2 41784  97.8200 207.1940 0030533  77.5069 282.9551 14.69050704525654
VSP RF B1
1 59137U 24043AR  26208.87026005  .00001703  00000-0  71106-4 0  9994
2 59137  97.5661 346.3065 0004230  82.8464 277.3254 15.25055322133220
HULIANWANG DIGUI-159
1 68133U 26047E   26208.19120987 -.00000073  00000-0  10939-3 0  9991
2 68133  50.0015 272.6034 0001169 236.4786 123.5974 13.29326861 18394
BRO-6
1 52422U 22047AE  26208.49973910  .00047160  00000-0  74084-3 0  9994
2 52422  97.3393 300.4090 0003779 249.2305 110.8544 15.53503464237403
RAPTOR4
1 58956U 24028B   26208.69360896 -.00000053  00000-0  27513-4 0  9995
2 58956  39.9885 217.9724 0013888 116.3995 243.8179 13.72067943122619
HULIANWANG DIGUI-69
1 65229U 25178B   26208.46568509  .00000015  00000-0  71763-6 0  9994
2 65229  86.5023 359.9898 0001844  92.6298 267.5047 13.24412988 45646
NUSAT-26 (M SOMERVILLE)
1 52184U 22033AD  26208.51588425  .00027099  00000-0  60128-3 0  9993
2 52184  97.2338 287.3182 0007168 102.6610 257.5441 15.43671136110921
ONEWEB-0579
1 56068U 23043Y   26208.51609418  .00000034  00000-0  51855-4 0  9994
2 56068  87.9235 235.9450 0002189 100.0965 260.0416 13.21824295163578
QIANFAN-204
1 69803U 26153D   26208.51161806  .00000406  00000-0  18380-3 0  9992
2 69803  88.9935 357.6411 0009072 143.0533 217.1283 14.20119027  3299
ORBCOMM FM 31
1 25981U 99065B   26208.36618340  .00000718  00000-0  28133-3 0  9999
2 25981  45.0240 323.7840 0004922 248.3785 111.6539 14.38118375392318
QIANFAN-4
1 60382U 24140D   26208.48631074  .00000090  00000-0  12053-3 0  9994
2 60382  88.9726 275.6307 0010894 249.9740 110.0239 13.51021917 98056
CENTAURI-9
1 69924U 26156BH  26208.66115841  .00001298  00000-0  13302-3 0  9992
2 69924  97.7514 108.7914 0009901  86.2725 273.9626 14.92132223  3034
NUSAT-37 (JOAN CLARKE)
1 56203U 23054AB  26208.54441525  .00053856  00000-0  64635-3 0  9992
2 56203  97.2589 116.4715 0008823 114.1622 246.0558 15.60695649184937
ENVISAT
1 27386U 02009A   26208.59804230  .00000088  00000-0  42481-4 0  9995
2 27386  98.3855 159.0199 0001268  81.9712  91.5623 14.39073236279298
ONEWEB-0064
1 45433U 20020K   26208.39409248 -.00000156  00000-0 -47568-3 0  9997
2 45433  87.8895  13.0613 0001963  90.8536 269.2816 13.11414611307951
HONGYUN 1
1 43871U 18108A   26208.52189318  .00000102  00000-0  22441-3 0  9995
2 43871  99.7467 229.5523 0011044 327.7167  32.3291 13.51560010374532
ONEWEB-0302
1 49091U 21075S   26208.32790587 -.00000378  00000-0 -10862-2 0  9996
2 49091  87.8979 342.6888 0002090  91.0734 269.0634 13.12444804239811
ONEWEB-0238
1 48784U 21045T   26208.47208426  .00000003  00000-0 -26707-4 0  9994
2 48784  87.8979 251.1495 0002205  83.9510 276.1872 13.15548718249677
YAOGAN 14
1 38257U 12021A   26208.49666326  .00004312  00000-0  15876-3 0  9991
2 38257  97.3075 344.9874 0006045  54.2469 305.9332 15.28356285791975
YUNHAI 2-1F
1 43915U 18112G   26208.52065316  .00000263  00000-0  16657-3 0  9990
2 43915  50.0115  56.4402 0007233 109.3115 250.8583 14.29044102394073
COSMOS 2401
1 27869U 03037B   26208.51177863 -.00000039  00000-0 -33960-3 0  9999
2 27869  82.4723 300.9290 0021379 324.5562  35.4097 12.45503669 42793
KUIPER-00037
1 63749U 25088AB  26208.38742310  .00000586  00000-0  10586-3 0  9990
2 63749  51.8998 214.2027 0000394  57.3410 302.7591 14.79926948 69017
KNACKSAT-2
1 67683U 98067XZ  26208.66294264  .00057756  00000-0  60990-3 0  9994
2 67683  51.6281  90.3409 0007121   6.2721 353.8361 15.63607367 26606
FOSSASAT2E21
1 64536U 25135J   26208.76243977  .00002950  00000-0  13947-3 0  9996
2 64536  97.4679 322.6667 0005380  58.6101 301.5660 15.20163473 60983
QIANFAN-157
1 69116U 26108N   26208.92054001 -.01709724  00000-0 -25872+1 0  9995
2 69116  89.0103  17.8704 0017877 357.6029   2.5036 13.56484934  9995
KUIPER-00236
1 68582U 26072K   26208.68486120  .00033300  00000-0  87216-3 0  9995
2 68582  51.8754 340.8855 0002834 185.4410 174.6547 15.38394773 17613
JACKAL-004
1 69012U 26100AJ  26208.54725049  .00003955  00000-0  18067-3 0  9998
2 69012  97.4599 105.8524 0003870 313.1486  46.9425 15.21159049 12945
IRIDIUM 173
1 43925U 19002D   26208.65244033  .00000054  00000-0  12281-4 0  9997
2 43925  86.4003 336.6502 0002175  93.9781 266.1663 14.34218211394758
QIANFAN-86
1 63172U 25046P   26208.48537035  .00000151  00000-0  21463-3 0  9995
2 63172  88.9722 296.2638 0011294 184.3585 175.7470 13.51027214 78163
ONEWEB-0534
1 55797U 23029B   26208.60802178  .00000006  00000-0 -18166-4 0  9992
2 55797  87.9166 266.4109 0002085 101.1740 258.9628 13.20770313166481
MOS 1A (MOMO 1)
1 17527U 87018A   26208.10449425 -.00000180  00000-0 -88237-4 0  9996
2 17527  98.8389 256.4209 0009825  80.4267 308.8955 14.03217827 15658
KUIPER-00062
1 64522U 25134Y   26208.35217831  .00003963  00000-0  54852-3 0  9990
2 64522  51.8959 332.9815 0000584 111.6861 248.4163 14.79936455 60793
PROGRESS MS-33
1 68319U 26058A   26208.37844919  .00011554  00000-0  21591-3 0  9998
2 68319  51.6322 101.1989 0007008 342.7043  17.3706 15.49203967577824
QIANFAN-182
1 69399U 26124T   26208.85303604 -.02079331  00000-0 -27682+1 0  9990
2 69399  88.9999 357.5493 0010877  56.9406 303.2796 13.64670713  7509
COSMOS 1621
1 15473U 85003E   26208.79139215  .00000028  00000-0  92339-4 0  9991
2 15473  82.6083  50.5875 0012953  52.2347 319.5183 12.64482068916694
AAC-HSI-SAT1
1 56225U 23054AZ  26208.58320127  .00002042  00000-0  12024-3 0  9990
2 56225  97.3632  83.5559 0009617 355.7600   4.3548 15.12662657181472
TIANQI 38
1 67477U 26010B   26208.50204836  .00000036  00000-0  11251-3 0  9998
2 67477  44.9776 262.1246 0010530 173.1273 186.9705 13.99173127 27048
YAOGAN 4
1 33446U 08061A   26208.57634004  .00001045  00000-0  13417-3 0  9991
2 33446  97.9303 141.7903 0012958 302.9611  57.0356 14.83272145951654
COSMOS 595
1 06852U 73069H   26208.63888872 -.00000023  00000-0 -43746-4 0  9999
2 06852  74.0040 328.4426 0055473  44.8977 327.1545 12.55487943420618
METEOR 2-4
1 11288U 79021A   26208.18014116  .00000095  00000-0  44724-4 0  9998
2 11288  81.2166  98.8858 0023626 180.2798 179.8365 14.12333737440669
SAPPHIRE
1 26932U 01043D   26208.46716822  .00000070  00000-0  57680-4 0  9991
2 26932  67.0556 149.0182 0005565 249.4830 110.5675 14.31303737296159
IRIDIUM 154
1 43574U 18061F   26208.48803868  .00000042  00000-0  80010-5 0  9992
2 43574  86.3938  39.9474 0002318  88.5844 271.5617 14.34217455419187
KUIPER-00080
1 64827U 25151M   26208.58054504  .00009183  00000-0  12311-2 0  9991
2 64827  51.9019  41.9662 0000490 121.5584 238.5426 14.79961700 56028
AE3VA
1 64563U 25135AM  26208.25307499  .00006663  00000-0  57517-3 0  9996
2 64563  97.7696 322.9130 0003923 133.0859 227.0692 14.97583114 59933
ONEWEB-0066
1 45424U 20020A   26208.43137014  .00000150  00000-0  38704-3 0  9995
2 45424  87.8894  13.0570 0001808  96.9140 263.2194 13.11416922307958
BUCCANEER MM
1 63245U 25052AM  26208.53234869  .00002622  00000-0  24570-3 0  9995
2 63245  97.6819  98.7118 0005781  81.1195 279.0680 14.94871184 74620
KINEIS-4B
1 63304U 25056E   26208.51628759  .00001750  00000-0  28450-3 0  9990
2 63304  97.9160 331.5448 0006215 155.8751 204.2748 14.72304580 73050
HULIANWANG DIGUI-49
1 65106U 25168A   26208.53289909 -.00000094  00000-0  64641-4 0  9992
2 65106  50.0012 181.2623 0008156 228.2035 131.8141 13.29322731 48052
CSTB 1
1 31122U 07012F   26208.37325560  .00001981  00000-0  30611-3 0  9991
2 31122  98.4151 212.4877 0064946 138.1465 222.4733 14.73120823 27460
COSMOS 770
1 08325U 75089A   26208.29686554  .00000020  00000-0  16772-4 0  9999
2 08325  82.9614 341.9115 0028393 357.0001  22.7795 13.19808406448687
YAOGAN-30 S
1 45461U 20021B   26208.53612598  .00002952  00000-0  21796-3 0  9998
2 45461  34.9955 324.5256 0002720 226.2679 133.7804 15.02850851346564
ONEWEB-0540
1 54645U 22166D   26208.11421181  .00000049  00000-0  86566-4 0  9996
2 54645  87.9227 236.0539 0001931  94.2414 265.8940 13.21825291176807
IRIDIUM 911
1 24842U 97030G   26208.44276046  .00000514  00000-0  13241-3 0  9994
2 24842  86.4429  33.2484 0014046 176.6993 183.4306 14.48144488533726
YAOGAN-31 G
1 47691U 21014A   26208.52419372 -.00000184  00000-0 -14396-3 0  9997
2 47691  63.4040  94.1849 0180668   0.8311 359.2982 13.45451360266209
GLOBALSTAR M095
1 39077U 13005F   26208.29565790 -.00000122  00000-0 -10026-3 0  9995
2 39077  52.0063 159.1288 0000749  34.0842 326.0073 12.62264107620931
ONEWEB-0451
1 51643U 22012X   26208.37907108  .00000042  00000-0  74776-4 0  9990
2 51643  87.9169 357.8535 0001609  93.5090 266.6226 13.17647593218950
ONEWEB-0236
1 48797U 21045AG  26208.56228434  .00000146  00000-0  35337-3 0  9994
2 48797  87.8968 251.1595 0002058  92.1517 267.9849 13.15548836249566
KINEIS-5C
1 62081U 24219A   26208.49706495  .00000721  00000-0  12166-3 0  9996
2 62081  97.9079   6.2388 0005008 139.6088 220.5492 14.72328812 89688
ONEWEB-0618
1 55159U 23004V   26208.26289498  .00005140  00000-0  28470-3 0  9994
2 55159  86.9120 161.3630 0014181 134.5144 225.7258 15.13506103188328
FLOCK 4Q 29
1 58304U 23174BA  26208.50410220  .00120709  00000-0  12773-2 0  9990
2 58304  97.3915 301.8883 0002271 291.9389  68.1628 15.63759346152042
KUIPER-00168
1 65781U 25217V   26208.79008066  .00003884  00000-0  53810-3 0  9991
2 65781  51.8999 128.5832 0000818  91.6007 268.5049 14.79941745 45834
ONEWEB-0523
1 54141U 22138AE  26208.18041868  .00000085  00000-0  17720-3 0  9998
2 54141  87.9173 266.4710 0001859  74.0939 286.0399 13.20770550184586
COSMOS 1854
1 18115U 87051C   26208.65813429 -.00000003  00000-0  83524-4 0  9993
2 18115  74.0050 291.0853 0014410   1.6093 165.6015 12.48828361783130
KUWAITSAT-1
1 55103U 23001CY  26208.47578251  .00025266  00000-0  43060-3 0  9994
2 55103  97.3236 279.9535 0006592 280.6366  79.4144 15.51334745198835
KUIPER-00142
1 65766U 25217E   26208.20798342  .00000878  00000-0  14418-3 0  9994
2 65766  51.8980 138.6314 0000707  97.5748 262.5294 14.79931405 45645
COSMOS 508
1 06121U 72057E   26208.34825495 -.00000023  00000-0 -51741-4 0  9998
2 06121  74.0304 338.0440 0033771  34.6850 353.7780 12.48902730462718
QIANFAN-19
1 61552U 24185A   26208.53641403  .00000376  00000-0  18902-3 0  9992
2 61552  88.9805  51.9541 0004939 309.4178  50.6571 14.14501307101722
COSMOS 2599
1 66649U 25273C   26208.19350662  .00000001  00000-0 -68606-4 0  9992
2 66649  82.5057 145.7754 0016964 113.3400 246.9467 12.42896667 30261
USA 57
1 20561U 90031B   26208.14217922  .00000501  00000-0  72788-4 0  9995
2 20561  89.8495 264.0696 0063710 276.1626  83.2338 14.73282532121063
JASON 2
1 33105U 08032A   26208.63053094 -.00000058  00000-0  17895-4 0  9991
2 33105  66.0420 325.7997 0007907 268.7008 103.4393 12.87695594848917
SHARJAHSAT-1
1 55104U 23001CZ  26208.46655587  .00020606  00000-0  36198-3 0  9999
2 55104  97.3144 277.8264 0003735 329.8776  30.2261 15.50534808198732
COSMOS 569
1 06680U 73037F   26208.38610052  .00000000  00000-0  92793-4 0  9997
2 06680  74.0177  79.7474 0079388 232.9291 239.8537 12.61179022446135
METEOR 1-11
1 05917U 72022A   26208.24387768  .00000063  00000-0  28983-4 0  9991
2 05917  81.2274 246.1910 0051710 217.9228 141.8297 14.09285502790088
KUIPER-00210
1 67146U 25301P   26208.16751633  .00003003  00000-0  42276-3 0  9995
2 67146  51.8982 176.3282 0000701  70.3999 289.7039 14.79925571 34457
COSMOS 1452
1 13991U 83031A   26208.22139267  .00000112  00000-0  49229-4 0  9992
2 13991  74.0486 129.4116 0014743  88.8868  63.2530 14.34004706262359
HULIANWANG DIGUI-85
1 65820U 25220D   26208.48446493  .00000024  00000-0  20852-4 0  9999
2 65820  86.4974  30.2907 0002283  98.5080 261.6313 13.24409004 40257
COSMOS 2148
1 21304U 91033F   26208.18114030  .00000046  00000-0  18629-3 0  9991
2 21304  82.5695 244.3163 0022570 219.9372 203.7359 12.65994988626160
ZHUHAI-1 03D
1 44538U 19060E   26208.48490814  .00034387  00000-0  56989-3 0  9991
2 44538  97.5399   0.2694 0007901 148.7098 211.4626 15.52051500382327
COSMOS 1430
1 13762U 83002B   26208.10519292 -.00000002  00000-0  96143-4 0  9999
2 13762  74.0231  84.8257 0020322 339.4834 175.0812 12.45726317979226
SHIYAN 20A (SY-20A)
1 54699U 22169A   26208.51941036  .00000037  00000-0  67489-4 0  9998
2 54699  59.9961 107.1489 0002188 237.3934 122.6890 14.29552132189127
ONEWEB-0352
1 49216U 21083AG  26208.70388814 -.00000292  00000-0 -83439-3 0  9998
2 49216  87.8980 312.1714 0002380 101.5768 258.5628 13.13470020236349
ICEYE-X5
1 44389U 19038C   26208.50257729  .00067227  00000-0  86404-3 0  9993
2 44389  97.8668 267.3503 0007042 116.4019 243.7959 15.58850625389234
QIANFAN-28
1 61561U 24185K   26208.51539139  .00000661  00000-0  25872-3 0  9993
2 61561  88.9809  50.3750 0004815 261.7647  98.3002 14.28431422102549
GAOFEN 1-04
1 43262U 18031D   26208.50824528  .00000498  00000-0  79056-4 0  9994
2 43262  98.0513 270.9670 0000634  69.6296 290.4982 14.76452051448631
COSMOS 2302
1 23444U 94086D   26208.70094979  .00000021  00000-0  59117-4 0  9997
2 23444  82.5678 301.4485 0008352  94.0047  74.3087 12.61273735453921
COSMOS 1372
1 13243U 82052A   26208.23986713 -.00000089  00000-0  58957-6 0  9995
2 13243  64.9024 143.6283 0051707 271.7507  87.7631 13.86115564651853
TUBSAT
1 25757U 99029B   26208.45634937  .00000108  00000-0  38313-4 0  9995
2 25757  98.6721 205.2903 0013328 224.5328 135.4797 14.52435818439097
YAOGAN-30 D
1 43028U 17075A   26208.53757267  .00003312  00000-0  24330-3 0  9991
2 43028  34.9957  24.5146 0002734 294.0380  66.0042 15.02998185473325
SSC
1 13874U 83008H   26208.56028935  .00002079  00000-0  29013-3 0  9994
2 13874  63.3058 250.5808 0703062 137.4860 228.2894 13.81224626357224
KUIPER-00590
1 69276U 26118K   26208.50002315  .00017242  00000-0  18395-2 0  9996
2 69276  51.8960 222.5671 0000518  24.4657 126.3441 14.88905494  4746
ITAMSAT
1 22826U 93061D   26208.17339530  .00000097  00000-0  53281-4 0  9997
2 22826  98.6807 275.4893 0008241 333.1277  26.9478 14.31379491713031
PELICAN-11
1 69871U 26156C   26208.66716990  .00000860  00000-0  90985-4 0  9992
2 69871  97.7542 108.7922 0007465  86.2453 273.9619 14.91710593  2847
COSMOS 2391
1 27465U 02036B   26208.56196758  .00000013  00000-0  23514-4 0  9993
2 27465  82.4866 316.2255 0026822 162.1154 198.0877 12.44947206 92879
CHECKMATE 7
1 56166U 23050E   26208.49030515  .00000046  00000-0  29438-4 0  9999
2 56166  80.9994  32.3133 0015321 197.6319 162.4309 13.87946153167701
IRIDIUM 22
1 24907U 97043E   26208.69866890  .00000292  00000-0  93198-4 0  9992
2 24907  86.3980 304.0718 0002396  95.2967 264.8503 14.36276119514973
FLOCK 4BE 15
1 60491U 24149Z   26208.21702771  .00137465  00000-0  12446-2 0  9990
2 60491  97.3659 295.3095 0003826 176.6178 183.5109 15.67625892108680
Z-SAT
1 49399U 21102E   26208.52922278  .00003563  00000-0  17498-3 0  9994
2 49399  97.3316 242.6302 0018404 105.1313 255.1959 15.18546698259561
SPOT 2
1 20436U 90005A   26208.42711499  .00000464  00000-0  71312-4 0  9996
2 20436  98.7178   8.5394 0127911 321.9339  37.2880 14.73947691921255
POSAT 1
1 22829U 93061G   26208.60762510  .00000093  00000-0  51541-4 0  9999
2 22829  98.6638 275.6291 0008531 270.7146  89.3059 14.31927851713838
GEESAT 1-03
1 52787U 22058C   26208.50320806  .00001971  00000-0  27679-3 0  9990
2 52787  49.9875  15.1622 0008102 257.6763 102.3267 14.81504475225916
IRIDIUM 102
1 41920U 17003D   26208.10456288  .00000109  00000-0  31690-4 0  9992
2 41920  86.3928  71.7445 0002229  85.7602 274.3849 14.34217500499001
COSMOS 763
1 08287U 75086C   26208.60653073 -.00000019  00000-0 -26182-4 0  9994
2 08287  74.0082 176.5891 0022399  38.2793  82.9303 12.43564228308780
SHIYAN 13 (SY-13)
1 51102U 22004A   26208.49222853  .00004056  00000-0  26936-3 0  9994
2 51102  98.4564 226.7009 0604638  74.1939 292.5028 14.20592694233012
JILIN-01-05
1 43023U 17074B   26208.49478647  .00008499  00000-0  25694-3 0  9997
2 43023  97.4886 315.2144 0006519  90.5526 269.6464 15.34454186480183
WSF-M
1 59481U 24070A   26208.43706187  .00000056  00000-0  46419-4 0  9993
2 59481  98.7176 215.8382 0004336 193.5750 166.5311 14.20743208118815
ION SCV-010
1 56192U 23054Q   26208.54340584  .00005065  00000-0  19620-3 0  9995
2 56192  97.3728  97.5267 0014422  65.8665 294.4080 15.26521266182358
KUIPER-00527
1 69269U 26118C   26208.50002315 -.00009107  00000-0 -66857-3 0  9998
2 69269  51.8867 221.1692 0009173 358.0794 329.6102 15.01900667  3830
QIANFAN-2
1 60380U 24140B   26208.50292125  .00000092  00000-0  12348-3 0  9994
2 60380  88.9709 275.5588 0010721 246.7148 113.2875 13.51017874 98026
ARVAKER-3
1 64566U 25135AQ  26208.55270604  .00001971  00000-0  19142-3 0  9998
2 64566  97.7759 322.2376 0002669 136.4169 223.7262 14.93762405 59909
KUIPER-00077
1 64824U 25151J   26208.54951120  .00003731  00000-0  51807-3 0  9991
2 64824  51.9015  39.6564 0000694 114.0532 246.0503 14.79937649 56050
ONEWEB-0086
1 45456U 20020AJ  26208.43633733  .00000345  00000-0  93670-3 0  9998
2 45456  87.8906  13.0508 0002215 111.2673 248.8691 13.11419975307887
DEMO8(TENZING)
1 48951U 21059CA  26208.82721848  .00024417  00000-0  34560-3 0  9991
2 48951  97.7003  45.3857 0006698 182.8046 177.3171 15.56482621283623
COSMOS 1766
1 16881U 86055A   26208.49927028  .00031369  00000-0  42012-3 0  9991
2 16881  82.4880 322.1738 0005646  36.4377 323.7262 15.57814363165328
COSMOS 1131
1 11539U 79084B   26208.65303639  .00000004  00000-0  12218-3 0  9991
2 11539  74.0238  85.6543 0045503 127.8752 259.5835 12.54394571144664
GLOBALSTAR M019
1 25677U 99019B   26208.91005080  .00000023  00000-0  11773-2 0  9992
2 25677  51.9895  27.7758 0002271  64.1450 108.4941 12.13888563234410
ONEWEB-0537
1 56046U 23043A   26208.47299341  .00000052  00000-0  10136-3 0  9991
2 56046  87.9074 220.7681 0002060  86.8011 273.3355 13.16594370164262
QIANFAN-156
1 69115U 26108M   26208.48215759  .00000022  00000-0  14801-4 0  9990
2 69115  89.0129  17.9792 0022284 353.2024   6.8825 13.55695355  9909
AETHER-6
1 67377U 26004Q   26208.45310372  .00000819  00000-0  99017-4 0  9993
2 67377  97.8057 206.3204 0003481  37.0283 323.1172 14.86332139 29262
CSG-1
1 44873U 19092A   26208.76018808  .00000251  00000-0  38150-4 0  9992
2 44873  97.8901  31.7782 0001450  91.4952 268.6427 14.82148800357488
EXACTVIEW-1
1 38709U 12039C   26208.26357708  .00000110  00000-0  66739-4 0  9995
2 38709  98.9814 326.5663 0011726  59.5763 300.6572 14.24995173728411
KUIPER-00446
1 68944U 26098AB  26208.50002315 -.01783125  00000-0 -15324+0 0  9993
2 68944  51.8925 235.8283 0000883 280.9901 147.1390 15.00675733  4851
COSMOS 1954
1 19256U 88053A   26208.61882506  .00000107  00000-0  46676-4 0  9992
2 19256  74.0493 329.0707 0016435 330.4199  29.6022 14.34997391992795
SHIYAN 27C
1 63601U 25078C   26208.48273637  .00000014  00000-0  82264-4 0  9997
2 63601  99.6924 215.1757 0001109  83.6361 276.4904 13.57249679 63007
TZINGHUA 1
1 26385U 00033B   26208.40480205  .00000665  00000-0  12321-3 0  9990
2 26385  97.8838 180.3796 0013953 339.2798  20.7840 14.68300240392783
METEOR 2-15
1 17290U 87001A   26208.58841188  .00000019  00000-0  35157-5 0  9992
2 17290  82.4640  63.3999 0014159  62.4944 297.7654 13.85272616999427
COSMOS 878
1 09595U 76118H   26208.27313041 -.00000007  00000-0  57687-4 0  9995
2 09595  74.0339 324.3389 0006554  87.8966 295.3998 12.48947131262984
QIANFAN-138
1 69084U 26104M   26208.55355064  .00000074  00000-0  96140-4 0  9996
2 69084  88.9905 337.3677 0001622  97.9898 262.1437 13.51016680 10596
CUBEBUG 2
1 39440U 13066AA  26208.31781549  .00003125  00000-0  28985-3 0  9998
2 39440  97.8911 157.4785 0055677 254.0267 105.4814 14.94031386682985
COSMOS 1607
1 15378U 84112A   26208.29200959 -.00000072  00000-0  14784-4 0  9992
2 15378  64.9939 317.4507 0051512 321.0629  38.6725 13.83712795110537
HULIANWANG DIGUI-36
1 64957U 25159B   26208.51473806  .00000060  00000-0  10590-3 0  9999
2 64957  86.4947 268.8745 0001739 105.6075 254.5251 13.24409219 48466
NOAA 11
1 19531U 88089A   26208.57086899  .00000024  00000-0  33758-4 0  9998
2 19531  98.6210 153.0360 0011003 176.4523 183.6732 14.15844572953196
M-SEL
1 63231U 25052X   26208.51694988  .00009081  00000-0  34803-3 0  9996
2 63231  97.3871 101.6158 0005511  30.0345 330.1209 15.26730844 76079
RASSVET-3 9
1 68368U 26061J   26208.53528764  .00002781  00000-0  13513-3 0  9998
2 68368  82.2947 331.0664 0003712 159.0361 201.1025 15.18058492 19684
SDS-4
1 38339U 12025C   26208.52192214  .00001021  00000-0  15628-3 0  9999
2 38339  98.1381 304.7100 0007279 157.6640 202.4887 14.75881911761939
COSMOS 1929
1 18942U 88016F   26208.40155394  .00000003  00000-0  11717-3 0  9999
2 18942  74.0044  82.3164 0019829 100.3510  11.0931 12.54809211757937
COSMOS 565
1 06676U 73037B   26208.24395199 -.00000017  00000-0 -74164-5 0  9992
2 06676  74.0215 312.6123 0026178 232.2576 151.3861 12.48971186422511
COSMOS 1550
1 14965U 84043A   26208.36990311  .00000028  00000-0  14004-4 0  9997
2 14965  82.9725 190.5937 0024162 267.9317 250.9653 13.73027387115316
KUIPER-00229
1 68578U 26072F   26208.50622559  .00003940  00000-0  54534-3 0  9993
2 68578  51.9016  17.3563 0000616 123.5565 236.5456 14.79944961 17095
COSMOS 1417
1 13617U 82102A   26208.18571838  .00000082  00000-0  68947-4 0  9998
2 13617  82.9653 229.5246 0033311 315.7308 113.8521 13.75621246196454
KUIPER-00013
1 63729U 25088F   26208.23107616 -.00001361  00000-0 -14959-3 0  9998
2 63729  51.9011 211.0629 0000382  23.7252 336.3728 14.79935144 68239
ERMIS3
1 68425U 26067K   26208.30471110  .00006489  00000-0  31147-3 0  9997
2 68425  97.4605 166.3546 0002269 131.1058 229.0373 15.19203885 18037
COSMOS 2013
1 19907U 89025F   26208.73812659 -.00000014  00000-0  12134-4 0  9990
2 19907  74.0128 312.9260 0010134 312.3577 202.0962 12.48178207701504
QPS-SAR-15 SUKUNAMI-1
1 67228U 25307A   26208.48054796  .00004889  00000-0  40804-3 0  9991
2 67228  42.0073   6.5776 0011715 260.3200  99.6302 14.99284151 32730
BRO-8
1 55011U 23001C   26208.51924072  .00036243  00000-0  61314-3 0  9992
2 55011  97.3182 274.3465 0003694 345.2442  14.8702 15.51488299198452
GEESAT 5-10
1 65559U 25201K   26208.40712413  .00001678  00000-0  22496-3 0  9998
2 65559  49.9814 212.1982 0007145  78.7161 281.4580 14.84278937 47775
PVSAT
1 52894U 22065A   26208.36906527  .00000289  00000-0  70634-4 0  9992
2 52894  98.2337 347.4432 0008106 250.0016 110.0311 14.59564518218217
ICEYE-X48
1 63253U 25052AV  26208.19927103  .00002584  00000-0  22266-3 0  9993
2 63253  97.6840  99.7713 0004205  75.2310 284.9378 14.98189477 74662
KX-09
1 44520U 19058B   26208.49882307  .00001208  00000-0  11073-3 0  9993
2 44520  97.7765 221.5715 0009636 203.5624 156.5157 14.96751170376060
COSMOS 1253
1 12323U 81022D   26208.36436435 -.00000008  00000-0  56886-4 0  9992
2 12323  74.0290  89.0988 0017939 350.4146 131.5741 12.45841449 64328
KUIPER-00272
1 68588U 26072R   26208.44140019  .00004157  00000-0  57386-3 0  9992
2 68588  51.8980  15.1293 0000643 118.6917 241.4110 14.79937364 17111
KUIPER-00248
1 67153U 25301W   26208.20258998  .00001578  00000-0  23602-3 0  9991
2 67153  51.8973 143.7845 0001083  86.6151 273.4935 14.79917694 34904
RUBIN 8/PSLV
1 32792U 08021K   26208.73269363  .00000979  00000-0  11705-3 0  9993
2 32792  98.1465 211.4912 0023721 198.7572 161.2771 14.86390118985123
SAUDICOMSAT 7
1 31119U 07012C   26208.37884409  .00000751  00000-0  14296-3 0  9994
2 31119  98.3811 183.3400 0056949  70.9790 289.7570 14.66149956 28325
ONEWEB-0458
1 51648U 22012AC  26208.42936062  .00000113  00000-0  28673-3 0  9995
2 51648  87.8817  28.2392 0001575  93.0088 267.1219 13.10369661214570
COSMOS 1697
1 16181U 85097A   26208.23244482 -.00000175  00000-0 -66909-4 0  9992
2 16181  70.9644 287.8430 0019645 309.8529  50.0863 14.13673987969333
COSMOS 457
1 05614U 71099A   26208.74222216 -.00000203  00000-0 -48367-3 0  9994
2 05614  74.0375 309.3310 0023410 206.3370 319.0133 13.16117930626897
COSMOS 2509
1 40922U 15050C   26208.53664855  .00000234  00000-0  16208-2 0  9996
2 40922  82.4862  53.1385 0014071 316.5088  43.4881 12.42885728491894
COSMOS 1749
1 16759U 86042B   26208.33528874 -.00000026  00000-0 -58058-4 0  9996
2 16759  74.0212 332.2785 0047969  66.5082 322.6249 12.58109991843499
CUBEBUG 1
1 39153U 13018D   26208.39554157  .00003852  00000-0  33537-3 0  9993
2 39153  98.1700  10.1414 0011635  23.5976 336.5776 14.97518865717081
PRAETORIAN SDA_603
1 65566U 25203B   26208.60920557  .00000151  00000-0  12484-3 0  9991
2 65566  81.3052 333.2684 0010889  84.8843 275.3556 13.83963520 44291
MISRSAT-2
1 58497U 23187B   26208.53369735  .00001292  00000-0  16418-3 0  9990
2 58497  97.9265 290.1505 0011284  22.8912 337.2802 14.83331665143020
SENTINEL 3B
1 43437U 18039A   26208.37410990  .00000109  00000-0  63006-4 0  9992
2 43437  98.6228 275.3251 0001389 116.8069 243.3253 14.26739257429851
YAOGAN 11
1 37165U 10047A   26208.21963726  .00000926  00000-0  12249-3 0  9996
2 37165  98.3803  76.2014 0035852 112.7059 247.7949 14.82134394854023
HAWK-10B
1 60545U 24149CF  26208.48667389  .00002093  00000-0  18870-3 0  9990
2 60545  97.6799 283.0187 0004115 332.8616  27.2390 14.96620061106014
UM5-RIBAT
1 60554U 24149CQ  26208.46569710  .00002801  00000-0  22250-3 0  9991
2 60554  97.6584 285.7162 0001251 209.9877 150.1276 15.01269010106232
COSMOS 2266
1 22888U 93070A   26208.53332603  .00000067  00000-0  53505-4 0  9995
2 22888  82.9480  51.3332 0049451  75.1621 313.1875 13.75179219639576
IRIDIUM 106
1 41917U 17003A   26208.56123062  .00000032  00000-0  45341-5 0  9993
2 41917  86.3928  71.6706 0002441  91.9665 268.1810 14.34217572498995
IRIDIUM 134
1 43075U 17083F   26208.24309204  .00000019  00000-0 -27283-6 0  9999
2 43075  86.3987 305.3266 0002126  96.5518 263.5920 14.34217701449848
NPSAT1
1 44340U 19036B   26208.44506916  .00005454  00000-0  75820-3 0  9990
2 44340  24.0001 315.4915 0007345 310.3587  49.6267 14.74921077378440
3CAT-5/A (TYVAK-0161)
1 46292U 20061W   26208.61119766  .00017516  00000-0  34491-3 0  9991
2 46292  97.2383 271.4834 0001455  54.4810 305.6576 15.47294507327270
SHERPA-AC1
1 52763U 22057AH  26208.37850225  .00007548  00000-0  21238-3 0  9992
2 52763  97.6728 359.3066 0006238 316.4537  43.6213 15.36775756231876
KUIPER-00615
1 69774U 26151M   26208.50002315 -.00907311  00000-0 -33350-1 0  9990
2 69774  51.8819 121.1185 0006614 200.0270 218.8261 15.30177549  2747
FLOCK 4BE 32
1 60497U 24149AF  26208.20584167  .00020827  00000-0  46629-3 0  9996
2 60497  97.3716 292.5995 0005358 126.8068 233.3672 15.43468961108501
COSMOS 381
1 04783U 70102A   26208.71247078  .00000019  00000-0  43057-4 0  9999
2 04783  74.0343 304.1680 0031349 313.9035  45.9497 13.75049118791724
RUBIN 3/SL-8
1 27561U 02054C   26208.37934369  .00000376  00000-0  90413-4 0  9991
2 27561  98.4530  69.7156 0044349   7.3427 352.8411 14.58598037256538
DMSP 5D-2 F8 (USA 26)
1 18123U 87053A   26208.51700404  .00000063  00000-0  50611-4 0  9993
2 18123  98.7341  34.0098 0013279  48.5601 311.6714 14.19560712 22563
DSAT
1 42794U 17036AF  26208.39231264  .00009183  00000-0  42248-3 0  9995
2 42794  97.5580 187.2160 0081492  23.6586 336.8361 15.17577143496955
ONEWEB-0337
1 49203U 21083T   26208.71899891  .00000035  00000-0  61240-4 0  9997
2 49203  87.8981 312.1684 0001910  93.7319 266.4029 13.13470081236232
COSMOS 2037
1 20196U 89068A   26208.55800742  .00000018  00000-0  26189-3 0  9996
2 20196  73.5636 247.3356 0024005 139.8226  28.0629 12.40540496670726
KUIPER-00282
1 69267U 26118A   26208.50002315  .00026835  00000-0  26497-2 0  9996
2 69267  51.8934 222.7649 0013005 340.3938 273.2707 14.91707382  4849
SPIRIT
1 58468U 23185G   26208.17810118  .01105805  81140-3  95264-3 0  9991
2 58468  97.3137 296.6694 0008965 248.3605 111.6726 16.13481527148950
TRACERS 2
1 64873U 25154E   26208.70716059  .00001580  00000-0  15504-3 0  9990
2 64873  97.6669 271.3750 0004635 145.1959 214.9565 14.93584977 55043
WINDOW CLEANER BUNDLE
1 69237U 98067YF  26208.08914330  .00312017  00000-0  22972-2 0  9991
2 69237  51.6159  97.7081 0007983 203.5569 156.5064 15.71524472  9560
ONEWEB-0403
1 50483U 21132Q   26208.33289121  .00000040  00000-0  68420-4 0  9994
2 50483  87.9204 327.4760 0001769  97.4756 262.6577 13.18687347226881
YAOGAN-30 T
1 45462U 20021C   26208.51384838  .00002960  00000-0  21864-3 0  9995
2 45462  34.9969 322.7216 0001162 346.2744  13.7932 15.02834292346482
KUIPER-00104
1 65142U 25171L   26208.83555777  .00002850  00000-0  40274-3 0  9994
2 65142  51.9008 258.3328 0000324  72.7763 287.3235 14.79931397 53646
NULINK-1
1 69002U 26100Y   26208.53633552  .00001515  00000-0  15199-3 0  9996
2 69002  97.7304 105.3408 0001405 155.6525 204.4761 14.92781053 12714
HELIOS 2A
1 28492U 04049A   26208.45101624  .00001961  00000-0  15122-3 0  9994
2 28492  98.2526 264.7659 0002741 168.9217 191.2067 15.02908432159810
KUIPER-00100
1 65139U 25171H   26208.53977341  .00002641  00000-0  37538-3 0  9999
2 65139  51.8998 252.1546 0000343  64.8718 295.2280 14.79929123 53705
KUIPER-00044
1 64505U 25134F   26208.36977138  .00004147  00000-0  57251-3 0  9996
2 64505  51.8998 347.8885 0000457 109.2321 250.8690 14.79939126 60589
COSMOS 2609
1 68754U 26083B   26208.60453082  .00001688  00000-0  12166-3 0  9997
2 68754  98.1268 359.7383 0009920 248.6637 111.3530 15.05646283 15314
SPAWAR-CAL-R
1 43776U 18099U   26208.08973210  .00001628  00000-0  11606-3 0  9996
2 43776  97.4362 247.0794 0018695 220.2378 139.7466 15.05792109418004
LEMUR-2 DELOITTE-2
1 68491U 26067CD  26208.32250409  .00004963  00000-0  49683-3 0  9997
2 68491  97.7576 165.8452 0001060 308.5129  51.5994 14.91848800 17708
COSMOS 533
1 06268U 72087F   26208.24696247 -.00000027  00000-0 -53070-4 0  9994
2 06268  74.0352 147.9323 0097870 210.8190 302.0332 12.67614034486371
COSMOS 764
1 08288U 75086D   26208.21504740 -.00000003  00000-0  94282-4 0  9996
2 08288  74.0105 289.7803 0030046 196.3622 192.4458 12.41090986304217
HAWK-14A
1 68448U 26067AJ  26208.54751559  .00004538  00000-0  22316-3 0  9997
2 68448  97.4630 166.5655 0001906 326.9996  33.1119 15.18520302 18065
GLOBALSTAR M090
1 38044U 11080E   26208.19475433 -.00000092  00000-0  63919-4 0  9997
2 38044  52.0099 206.6915 0000410  75.3885   5.1906 12.62269806674769
KIKU 1 (ETS 1)
1 08197U 75082A   26208.10523431 -.00000114  00000-0  14744-4 0  9995
2 08197  46.9891  82.2315 0085998 231.5277 288.4429 13.59603986527844
KUIPER-00455
1 68949U 26098AG  26208.83490001 -.00002481  00000-0 -29641-3 0  9996
2 68949  51.8981 243.4194 0001826 318.6930  41.3894 14.79942696 13431
OPS 5644
1 10033U 77044A   26208.13331976  .00000253  00000-0  11247-3 0  9998
2 10033  99.1150 258.5111 0038802 112.1619 248.3687 14.31481868373879
COSMOS 755
1 08072U 75074A   26208.85027420  .00000070  00000-0  58204-4 0  9996
2 08072  82.9023  54.4965 0028646  34.2009 336.5524 13.74223096554098
FLOCK 4G 27
1 62641U 25009AJ  26208.76759951  .00012070  00000-0  41767-3 0  9990
2 62641  97.3930 289.9412 0003468 140.6539 219.4954 15.30020976 85107
SCOT-1 (SCOT)
1 62617U 25009J   26208.70506672  .00088048  00000-0  11041-2 0  9996
2 62617  97.3848 297.9699 0004959 159.2949 200.8509 15.59440957 85657
KUIPER-00148
1 65769U 25217H   26208.79546244 -.00003573  00000-0 -43991-3 0  9998
2 65769  51.9060 123.5571 0001113 105.0486 255.0599 14.79932740 45909
GEISAT PRECURSOR
1 56934U 23084C   26208.50775860  .00007544  00000-0  22345-3 0  9999
2 56934  97.6264 350.8141 0005562 183.9544 176.1656 15.35160391173712
QIANFAN-61
1 62791U 25016G   26208.52027964  .00000112  00000-0  15457-3 0  9991
2 62791  88.9746  79.8258 0016529  51.5478 308.7153 13.51023142 77868
KUIPER-00430
1 68935U 26098S   26208.50002315  .00012686  00000-0  16367-2 0  9998
2 68935  51.9019 242.2896 0008707 304.2455 323.3005 14.81263530  5572
HULIANWANG DIGUI-107
1 66917U 25285C   26208.45544158 -.00000115  00000-0  18974-4 0  9996
2 66917  50.0049   1.6092 0000853  80.7407 279.3562 13.29326321 31414
SKYSAT 2
1 40072U 14037D   26208.60462265  .00001395  00000-0  15818-3 0  9991
2 40072  98.3864 169.8823 0006422 136.2610 223.9115 14.88119074651977
APRIZESAT 8
1 39425U 13066K   26208.56477259  .00000945  00000-0  10779-3 0  9997
2 39425  97.8236 155.4748 0046540 151.3593 209.0195 14.87714188685677
COSMOS 911
1 10019U 77039A   26208.73102781  .00000050  00000-0  36553-4 0  9995
2 10019  82.9479 106.8162 0023442 228.3534 141.5072 13.75428686467432
PRSC-S1
1 65055U 25164A   26208.50266450  .00005111  00000-0  34918-3 0  9991
2 65055  41.1310  60.7062 0007964 269.7520  90.2381 15.06732461 54514
COSMOS 1911
1 18790U 88002C   26208.49305059  .00000042  00000-0  17271-3 0  9993
2 18790  82.6052 222.8164 0008256  48.7474 117.9210 12.64385516778048
KUIPER-00252
1 67157U 25301AA  26208.28230713 -.00003963  00000-0 -49110-3 0  9992
2 67157  51.8993 163.3360 0000484  95.6653 264.4365 14.79931908 34474
METEOR 1-24
1  8799U 76032A   26208.48347817  .00000207  00000-0  10571-3 0  9997
2  8799  81.2549 188.9797 0035703  99.8859 260.6346 14.11907696589664
HAISHAO 1
1 62190U 24228A   26208.77238874  .00031808  00000-0  31234-3 0  9996
2 62190  42.9790 122.6314 0002977 237.2100 122.8479 15.65425998 93942
ONEWEB-0461
1 51649U 22012AD  26208.47526267  .00000055  00000-0  10775-3 0  9992
2 51649  87.9168 357.8478 0001865  91.2591 268.8754 13.17648331219194
KUIPER-00556
1 69621U 26140AF  26208.40051574  .00034329  00000-0  89281-3 0  9993
2 69621  51.8783 204.0095 0012712 310.7291  49.2591 15.38522948  7424
IRIDIUM 82
1 25467U 98051A   26208.17924481  .00653792  19066-3  12716-2 0  9997
2 25467  86.3352 263.8295 0018535 165.2134 194.9698 15.99982843486790
ONEWEB-0171
1 48070U 21025AE  26208.69711341 -.00000336  00000-0 -95628-3 0  9996
2 48070  87.8981 312.1704 0002029 100.8166 259.3192 13.13469831258932
LEGION 6
1 62901U 25025B   26208.46229087  .00004284  00000-0  23407-3 0  9995
2 62901  45.0021 354.6031 0010094 340.1345  19.9139 15.15768363 81745
METEOR 1-19
1 07490U 74083A   26208.69937394  .00000018  00000-0  31827-5 0  9995
2 07490  81.1883  98.1553 0030296 329.3370  30.6029 14.10581599660598
COSMOS 2441
1 33272U 08037A   26208.79304379  .00000215  00000-0  62848-4 0  9995
2 33272  98.3300 155.3735 0015339 211.5191 148.5087 14.53280543953940
KUIPER-00199
1 67771U 26030H   26208.55647825  .00028938  00000-0  79402-3 0  9994
2 67771  51.8811 264.8152 0008713 193.6725 166.4027 15.36997695 26581
COSMOS 735
1 07824U 75045D   26208.60982966  .00000006  00000-0  14854-3 0  9997
2 07824  74.0181 282.0629 0008000 212.8607 219.5190 12.49369976333638
ONEWEB-0416
1 51625U 22012D   26208.03315097  .00000642  00000-0  18023-2 0  9990
2 51625  87.8813  28.3408 0002043  81.0757 279.0601 13.10374790214544
COSMOS 2125
1 21100U 91009A   26208.59128888  .00000012  00000-0  18540-3 0  9994
2 21100  74.0290 266.7489 0009410 140.0032 292.1304 12.49967317617783
POSAT 2
1 63488U 25009DR  26208.52078516  .00012821  00000-0  71119-3 0  9993
2 63488  97.4839 282.8502 0005489  25.8248 334.3257 15.13883459 72747
FLOCK 4G 18
1 62680U 25009BZ  26208.53062770  .00041833  00000-0  13075-2 0  9993
2 62680  97.4002 290.2013 0006867 173.1978 186.9359 15.33018630142712
DUCHIFAT 1
1 40021U 14033M   26208.51533748  .00185793  00000-0  12573-2 0  9995
2 40021  98.0406 273.6388 0004481 227.0206 133.0681 15.74468608662071
SAUDISAT 2
1 28371U 04025F   26208.41803436  .00000276  00000-0  72601-4 0  9994
2 28371  98.5528 209.4436 0024875 170.3536 189.8144 14.56704165171608
HULIANWANG DIGUI-16
1 62976U 25030F   26208.48985051 -.00000098  00000-0  55556-4 0  9996
2 62976  50.0051  91.0729 0000581 316.3308  43.7519 13.29326095 71220
LEMUR-2-CELIJO-SB-PK
1 66781U 25276DW  26208.18972152  .00006569  00000-0  52688-3 0  9991
2 66781  97.5187 277.6446 0006244  35.4211 324.7427 15.00405566 28624
ONEWEB-0541
1 55142U 23004C   26208.39070162  .00000024  00000-0  31490-4 0  9999
2 55142  87.8895  13.0569 0001900  85.7313 274.4032 13.11415668171215
GLOBALSTAR M006
1 25307U 98023B   26208.23890255 -.00000042  00000-0  68308-3 0  9996
2 25307  51.9943 286.9209 0004117 126.1221 266.8555 11.58170766263767
SSA
1 13844U 83008E   26208.61857648  .00002637  00000-0  38784-3 0  9993
2 13844  63.3121 277.0161 0708342 135.6187 230.3928 13.77971845364425
TIANMU-1 17
1 58702U 24004C   26208.50687322  .00005662  00000-0  21562-3 0  9991
2 58702  97.4643  34.4096 0004794 198.2636 161.8431 15.27126003141920
COSMOS 1878
1 18337U 87074D   26208.22704663  .00000040  00000-0  16054-3 0  9999
2 18337  82.5679 267.0083 0004209 127.2036 300.4793 12.64387122794353
QIANFAN-232
1 69861U 26155P   26208.51266661  .00000252  00000-0  10327-3 0  9995
2 69861  89.0054  59.5455 0031108 181.8512 178.2570 14.23944948  3135
GLOBALSTAR M004
1 25163U 98008B   26208.54965868 -.00000052  00000-0  28378-3 0  9990
2 25163  51.9993 257.4623 0003560 112.2167  62.8733 12.63422908312921
KUIPER-00174
1 65787U 25217AB  26208.08100719  .00002858  00000-0  40340-3 0  9991
2 65787  51.9013 131.7763 0000750 101.5882 258.5165 14.79966195 45726
RANDEV
1 52898U 22065E   26208.46922293  .00000891  00000-0  18027-3 0  9991
2 52898  98.2257 352.6285 0006557 257.4806 102.5663 14.63748510217140
ORBCOMM FM 104
1 40090U 14040E   26208.95274605  .00000393  00000-0  12332-3 0  9997
2 40090  47.0058 298.1063 0016999 259.5965 100.3005 14.57318973639794
GUANGCHUAN 01
1 62111U 24221A   26208.47615185  .00004206  00000-0  23887-3 0  9990
2 62111  49.9453 325.9672 0006877 104.7467 255.4246 15.14882930 92299
COSMOS 2355
1 25366U 98036D   26208.28651875 -.00000006  00000-0 -13845-3 0  9990
2 25366  82.5919 317.1813 0354581 111.0651 281.1008 12.21822282253924
METEOR M2
1 40069U 14037A   26208.47893183  .00000349  00000-0  17882-3 0  9990
2 40069  98.5139 182.7964 0004614 284.5817  75.4849 14.21473035625047
COSMOS 1020
1 10937U 78056H   26208.62347012  .00000009  00000-0  15030-3 0  9990
2 10937  74.0254  71.8064 0048903 109.7297 250.9041 12.54559253204490
KORSAT-1
1 59452U 24066L   26208.57405038  .00003630  00000-0  31890-3 0  9999
2 59452  45.4116  35.0249 0006611 278.0799  81.9329 14.98347788126119
GEESAT 3-09
1 61019U 24159J   26208.51948337  .00001724  00000-0  22953-3 0  9994
2 61019  49.9971 255.6009 0022359 216.0529 143.8902 14.84362175102765
CHEOPS
1 44874U 19092B   26208.46498817  .00000331  00000-0  75385-4 0  9992
2 44874  98.1509  36.1718 0010031 340.6558  19.4261 14.61989476351785
SAR LUPE 2
1 31797U 07030A   26208.55555883  .00045940  00000-0  66455-3 0  9990
2 31797  98.1068 318.1823 0006523 222.8631 137.2113 15.55763661 63201
JAS 2
1 24278U 96046B   26208.38251211 -.00000022  00000-0  14752-4 0  9997
2 24278  98.5209  51.7446 0349749 352.3301   7.2571 13.53275858478602
COSMOS 1092
1 11326U 79030A   26208.41678846  .00000065  00000-0  51434-4 0  9996
2 11326  82.9484  15.9265 0028869 350.8265  35.3364 13.75663000607929
COSMOS 1869
1 18214U 87062A   26208.58525576  .00009524  00000-0  25255-3 0  9992
2 18214  82.5080  59.3838 0015203 279.9913  79.9616 15.38043271110776
COSMOS 1088
1 11303U 79024H   26208.36667910 -.00000019  00000-0 -24485-4 0  9995
2 11303  74.0367 342.7526 0052083 293.7822  94.3079 12.40161346144466
CORVUS BC2
1 42846U 17042X   26208.38183832  .00003357  00000-0  23081-3 0  9997
2 42846  97.4107   8.1839 0012229 341.1643  18.9130 15.06520556493116
ONEWEB-0657
1 55818U 23029Y   26208.71078722 -.00000008  00000-0 -52537-4 0  9991
2 55818  87.9185 296.9058 0001773  76.4038 283.7292 13.19727829164252
ONEWEB-0012
1 44057U 19010A   26208.45555242 -.00000005  00000-0 -46166-4 0  9995
2 44057  87.9076 220.7851 0001674  99.0259 261.1062 13.16594778356863
HAWK-6A
1 55327U 23011D   26208.83530446  .00004805  00000-0  20660-3 0  9994
2 55327  40.4989 113.3870 0004534 295.5651  64.4689 15.23251965194055
IMECE
1 56178U 23054A   26208.49607424  .00000335  00000-0  70122-4 0  9992
2 56178  98.1184 112.8594 0010699  48.7051 311.5072 14.65871942176314
COSMOS 1193
1 11876U 80058B   26208.56754397  .00000007  00000-0  13965-3 0  9992
2 11876  74.0170  56.6643 0039053 178.1048 209.8454 12.54953663109571
COSMOS 2269
1 23000U 94011B   26208.71936278  .00000020  00000-0  50727-4 0  9998
2 23000  82.5695 295.2340 0008345  99.9012  67.6295 12.61944079494787
SERVIS 1
1 28060U 03050A   26208.97366338  .00000035  00000-0  86960-4 0  9998
2 28060  99.5079 207.3704 0021318 342.8160  35.1659 13.72187474138554
NIGERIASAT 1
1 27941U 03042C   26208.49771114  .00001656  00000-0  17326-3 0  9994
2 27941  98.0035  40.7827 0042742 155.4913 204.8348 14.90410571229830
COSMOS 2193
1 21982U 92030G   26208.45009356  .00000006  00000-0  14268-3 0  9996
2 21982  74.0001 219.9703 0020887 113.3411 320.5282 12.50457185558789
TACSAT 6
1 39473U 13072M   26208.72382839  .00201521  00000-0  12296-2 0  9992
2 39473 120.4596 303.8552 0042489  92.7345 267.8618 15.75117927125728
COSMOS 1447
1 13916U 83021A   26208.36669023  .00000028  00000-0  12926-4 0  9991
2 13916  82.9485 329.6621 0039072  79.4939 299.9625 13.75355706174601
VERTECS
1 69506U 26132E   26208.41501303  .00002812  00000-0  22417-3 0  9997
2 69506  97.6771 271.6625 0017152 170.3147 189.8411 15.01036054  6804
GAOFEN 3 02
1 49495U 21109A   26208.49625810  .00000244  00000-0  87308-4 0  9997
2 49495  98.4102 216.0217 0001802 200.4600 159.6518 14.42212662246129
ONEWEB-0492
1 54114U 22138B   26208.26693769  .00000052  00000-0  98438-4 0  9990
2 54114  87.9180 296.9879 0002271  99.3038 260.8352 13.19724707182125
FENGYUN 1D
1 27431U 02024B   26208.58972959  .00000010  00000-0  30815-4 0  9999
2 27431  98.9496 258.7305 0016262 127.1658 233.1000 14.10229083245179
COSMOS 2463
1 36519U 10017A   26208.09101272  .00000055  00000-0  44529-4 0  9991
2 36519  82.9579 220.3857 0036642  21.6101  39.5044 13.71667763813403
ION SCV-011
1 56957U 23084AB  26208.50970541  .00005136  00000-0  18431-3 0  9993
2 56957  98.1376  39.5373 0005840 253.2227 106.8370 15.29200326171978
FORESAIL-1 PRIME
1 66778U 25276DS  26208.18364739  .00004014  00000-0  19492-3 0  9992
2 66778  97.4187 280.7263 0001806  14.6135 345.5152 15.19021930 36471
HULIANWANG DIGUI-74
1 65306U 25187B   26208.56733534 -.00000093  00000-0  66642-4 0  9998
2 65306  50.0099  61.0250 0000063  94.5029 265.5851 13.29322021 45070
COSMOS 2611
1 68759U 26083G   26208.60414025  .00002945  00000-0  20450-3 0  9998
2 68759  97.8156 346.5597 0010059 285.4565  74.5550 15.06335718 15272
QIANFAN-159
1 69118U 26108Q   26208.40939325  .00000025  00000-0  17984-4 0  9995
2 69118  89.0101  17.9730 0019805 351.8357   8.2472 13.56513706  9894
COSMOS 2455
1 36095U 09063A   26208.23598337 -.00000054  00000-0  14938-4 0  9998
2 36095  67.1475 155.5016 0003852 287.9802  72.0863 13.97053917850725
COSMOS 1553
1 14973U 84046A   26208.48482216  .00000071  00000-0  57320-4 0  9998
2 14973  82.9334 222.2699 0032713 158.2359   4.5920 13.75625287117269
GLOBALSTAR M056
1 25945U 99058C   26208.39725656 -.00000133  00000-0 -53059-3 0  9991
2 25945  51.9938 182.5039 0001185 263.0958 263.9243 12.04787673211466
YAOGAN 16A
1 39011U 12066A   26208.38737015 -.00000008  00000-0  78405-4 0  9998
2 39011  63.3514 185.9686 0438791  27.4366 334.9103 13.45519696671557
HULIANWANG DIGUI-129
1 67237U 25311B   26208.64174675 -.00000106  00000-0  38955-4 0  9997
2 67237  50.0093 330.5258 0000793 121.4637 238.6313 13.29325297 28721
ZACUBE
1 39417U 13066B   26208.13133763  .00004285  00000-0  33033-3 0  9999
2 39417  97.7984 170.6597 0043953 117.1114 243.4603 15.01394529686725
COSMOS 1570
1 15031U 84056A   26208.21529528  .00000107  00000-0  48701-4 0  9997
2 15031  74.0650 217.5807 0013955 274.9851 160.9442 14.32683188200162
HULIANWANG DIGUI-05
1 62327U 24240E   26208.54505779  .00000010  00000-0 -10586-4 0  9998
2 62327  86.5075 329.8569 0002191  96.8021 263.3362 13.24411504 77985
ONEWEB-0519
1 54137U 22138AA  26208.20217809  .00000111  00000-0  24496-3 0  9994
2 54137  87.9188 297.0014 0001845 100.5215 259.6126 13.19724522182118
CASSIOPE
1 39265U 13055A   26208.46620003  .00019537 -45472-6  20888-3 0  9991
2 39265  80.9134  17.6773 0280819 286.1903  70.8598 15.27882272673816
COSMOS 2129
1 21104U 91009E   26208.60430631 -.00000029  00000-0 -79581-4 0  9995
2 21104  74.0302 145.2376 0025411 308.0274 225.8524 12.53744536622582
KUIPER-00534
1 69606U 26140Q   26208.00252961  .00012827  00000-0  36270-3 0  9994
2 69606  51.8799 205.8469 0012875 309.2102  50.7740 15.36606581  7362
OPS 6431
1 08818U 76038A   26208.71242912  .00000230  00000-0  16069-3 0  9995
2 08818  63.3600 323.6824 0353459 183.4586 176.4017 13.91689099112866
KUIPER-00268
1 67790U 26030AC  26208.29403409  .00003354  00000-0  46855-3 0  9995
2 67790  51.9043 293.3166 0000196 102.3202 257.7783 14.79947052 26161
METEOR 3-4
1 21232U 91030A   26208.31313788 -.00000091  00000-0 -27023-3 0  9994
2 21232  82.5449 155.9504 0014173  60.9777  92.4845 13.16702136694387
ONEWEB-0164
1 48063U 21025X   26208.69880586 -.00000336  00000-0 -95573-3 0  9995
2 48063  87.8993 312.1642 0001938 102.5137 257.6209 13.13469886258900
COSMOS 2064
1 20549U 90029A   26208.27015741 -.00000015  00000-0  46543-5 0  9999
2 20549  73.9846 310.8822 0017486 314.3942  73.4840 12.47226061653107
QIANFAN-74
1 63160U 25046B   26208.51843845  .00000137  00000-0  19363-3 0  9995
2 63160  88.9720 296.3837 0002529 101.8845 258.2590 13.51025765 78095
LEMUR 2 THEFALCONER
1 63264U 25052BG  26208.50301064  .00003802  00000-0  33005-3 0  9999
2 63264  97.6803 100.2139 0001583 168.8649 191.2608 14.97624991 74720
COSMOS 2556
1 52713U 22054A   26208.54764860  .00002531  00000-0  10053-3 0  9992
2 52713  97.6303 159.0849 0001545  68.9625 291.1778 15.26291783232898
COSMOS 489
1  6019U 72035A   26208.25260763  .00000028  00000-0  51767-4 0  9992
2  6019  74.0189 259.6211 0024347 191.6829 231.9088 13.76155138722393
ICEYE-X40
1 60549U 24149CK  26208.17969042  .00002901  00000-0  24970-3 0  9997
2 60549  97.6814 284.0344 0003378 318.6118  41.4848 14.98147528106066
QIANFAN-35
1 61568U 24185S   26208.56787480  .00000646  00000-0  25319-3 0  9998
2 61568  88.9791  50.2565 0003954 256.0517 104.0238 14.28309628102554
COSMOS 1357
1 13160U 82040A   26208.41572473 -.00000008  00000-0  48969-4 0  9995
2 13160  74.0124  15.7777 0049549  67.5939 316.0770 12.56067775 27789
FLOCK 4BE 24
1 60505U 24149AP  26208.22630711  .00022162  00000-0  47854-3 0  9990
2 60505  97.3708 293.1633 0005435 136.3218 223.8462 15.44532047108540
SATELIOT_4
1 60537U 24149BX  26208.21630172  .00002364  00000-0  21154-3 0  9992
2 60537  97.6719 281.9412 0000697 204.3213 155.7976 14.96793422105964
GONETS M 13 (M23)
1 40554U 15020C   26208.52634074  .00000039  00000-0  21274-3 0  9996
2 40554  82.4869   5.5885 0012981 241.6391 118.3380 12.42872398513712
ONEWEB-0681
1 56717U 23068H   26208.11994085  .00000129  00000-0  28108-3 0  9994
2 56717  87.9233 236.0253 0001304 114.1370 245.9901 13.21824415156368
ONEWEB-0610
1 54673U 22166AH  26208.15612558 -.00000002  00000-0 -36698-4 0  9993
2 54673  87.9225 236.0249 0001482 103.0901 257.0398 13.21826304176733
COSMOS 2583
1 62904U 25026C   26208.71383771  .00001767  00000-0  15916-3 0  9997
2 62904  81.9938  33.1401 0008817 285.2293  74.7951 14.95076445 80251
COSMOS 1294
1 12643U 81074H   26208.60719078  .00000003  00000-0  11077-3 0  9994
2 12643  74.0330 281.9699 0046162 194.3709 235.6245 12.58772090 66483
SAPPHIRE
1 39088U 13009C   26208.52668725  .00000116  00000-0  55377-4 0  9999
2 39088  98.4281  27.0292 0012195 125.5258 234.7066 14.35250620702364
YAOGAN-43 03B
1 61618U 24190B   26208.56055556  .00008029  00000-0  33286-3 0  9997
2 61618  34.9888 303.6752 0007404 353.0095   7.0516 15.23138765 98029
CARTOSAT 2E
1 42767U 17036C   26208.61655215 -.00000580  00000-0 -24374-4 0  9991
2 42767  97.4254 267.7465 0004072 152.3976 207.7475 15.19229449504289
SEASAT 1
1 10967U 78064A   26208.21847542  .00000199  00000-0  93945-4 0  9992
2 10967 108.0171  58.3259 0001058 274.8850  85.2175 14.46265823526689
NOAA 7
1 12553U 81059A   26208.60564849  .00000030  00000-0  36053-4 0  9993
2 12553  98.7937 275.3512 0012043 148.0133 212.1776 14.17796456330479
COSMOS 1018
1 10935U 78056F   26208.26708008  .00000003  00000-0  12101-3 0  9994
2 10935  74.0267 275.9483 0029441   2.0729  54.9564 12.49910218196336
ONEWEB-0138
1 47284U 20100AC  26208.30417640  .00000116  00000-0  28582-3 0  9997
2 47284  87.8985 342.6926 0002067  97.8891 262.2472 13.12442230269915
KUIPER-00150
1 65770U 25217J   26208.56321681 -.00000043  00000-0  23432-4 0  9998
2 65770  51.8995 152.1020 0000933  70.1400 289.9663 14.79928925 45482
CSC-1
1 58022U 23155G   26208.64652710  .00002884  00000-0  17627-3 0  9990
2 58022  97.5351 277.5150 0009655 101.5968 258.6347 15.11024239153845
USA 120
1 23907U 96029B   26208.68010752  .00002496  00000-0  40694-3 0  9991
2 23907  63.3194  86.6995 0851191  50.4695 316.8473 13.46561239109109
OPS 3899
1 14139U 83060C   26208.23381514 -.00000208  00000-0 -68255-3 0  9991
2 14139  96.6710  85.8651 0000653  38.8057 321.3101 12.93989183341010
QIANFAN-107
1 66049U 25233S   26208.04469203  .00000064  00000-0  80884-4 0  9998
2 66049  88.9988  39.1562 0002121  94.0880 266.0513 13.51015567 38578
ANSER-FLW1
1 58019U 23155D   26208.47048478  .00093067  00000-0  15152-2 0  9990
2 58019  97.5522 300.1101 0003286 195.5005 164.6147 15.52321325155194
KINEIS-5D
1 62082U 24219B   26208.52206340  .00001026  00000-0  16915-3 0  9990
2 62082  97.9192   6.3514 0006069 133.8583 226.3127 14.72513461 89697
OPS 7684
1 03605U 68112B   26208.13628590  .00000096  00000-0  50481-3 0  9990
2 03605  80.3595  82.1222 0057237  40.8393 114.2053 12.60753391649039
ONEWEB-0446
1 51640U 22012U   26208.48790901  .00000681  00000-0  19136-2 0  9996
2 51640  87.8819  28.2515 0001945  80.1646 279.9700 13.10372996214604
TOMORROW-S4
1 62386U 24247K   26208.63286838  .00006893  00000-0  24586-3 0  9990
2 62386  44.9810  71.6128 0004740 262.4858  97.5487 15.29604138 89149
COSMOS 468
1 05705U 71114A   26208.30433231  .00000136  00000-0  55055-4 0  9992
2 05705  74.0177 167.8695 0015650 211.7817 148.2393 14.36747869856971
COSMOS 1011
1 10917U 78053A   26208.55697333  .00000066  00000-0  53119-4 0  9995
2 10917  82.9151  48.1667 0035947 206.3301 170.8078 13.75529170417486
SMAP
1 40376U 15003A   26208.48986313  .00000461  00000-0  98255-4 0  9993
2 40376  98.1290 215.0162 0001638  90.4938 269.6452 14.63398363613515
OPS 5058 (DMSP 5B F2)
1  5903U 72018A   26208.49088716  .00000167  00000-0  89696-4 0  9992
2  5903  99.1209  43.8661 0050140 339.6321  20.2857 14.25518639895958
LEMUR 2 LLOYD
1 60577U 24149DP  26208.21053220  .00009886  00000-0  61284-3 0  9993
2 60577  97.6744 289.3777 0003871  40.9390 319.2129 15.09948300106431
COSMOS 1856
1 18117U 87051E   26208.56746911 -.00000028  00000-0 -76422-4 0  9993
2 18117  74.0035 159.6869 0029562 181.0040 297.9075 12.52533194788413
COSMOS 1199
1 11882U 80058H   26208.56221449  .00000007  00000-0  16851-3 0  9993
2 11882  74.0174 268.3815 0037054 255.3914 173.3843 12.41206820 86443
WARATAH SEED-1
1 60469U 24149B   26208.16506670  .00014252  00000-0  39712-3 0  9993
2 60469  97.3683 288.8002 0003244  96.0109 264.1505 15.36888145108257
ONEWEB-0582
1 54649U 22166H   26208.47740625  .00000057  00000-0  10749-3 0  9994
2 54649  87.9229 235.9545 0001611  98.4877 261.6440 13.21824228176844
COSMOS 2090
1 20735U 90070A   26208.54483771  .00000050  00000-0  21024-3 0  9997
2 20735  82.5630 246.2518 0013565 337.0026 191.2533 12.65366978661035
COSMOS 2299
1 23441U 94086A   26208.24388947  .00000025  00000-0  76524-4 0  9999
2 23441  82.5678 271.2146 0008560 108.1696 252.0329 12.63800227456767
YAOGAN-36 05C
1 57456U 23106E   26208.25875589  .00004548  00000-0  22682-3 0  9990
2 57456  34.9916 190.9519 0001938 312.4551  47.5998 15.16954627166952
ONEWEB-0444
1 51638U 22012S   26208.03146139  .00000628  00000-0  17623-2 0  9992
2 51638  87.8818  28.3254 0001682  95.1686 264.9633 13.10372970214554
YAOGAN-43 02E
1 60949U 24156E   26208.50268603  .00012678  00000-0  52660-3 0  9990
2 60949  34.9970 304.6247 0005771 350.5076   9.5529 15.23006250105598
ERNST
1 60528U 24149BN  26208.20362672  .00014138  00000-0  35396-3 0  9993
2 60528  97.3804 292.2480 0007133 141.4353 218.7404 15.40171337108430
SKYMED 4
1 37216U 10060A   26208.47750223  .00000795  00000-0  10641-3 0  9990
2 37216  97.8899  31.4960 0001536  89.2458 270.8931 14.82162073850530
ONEWEB-0154
1 48045U 21025D   26208.23327303 -.00000171  00000-0 -50225-3 0  9990
2 48045  87.8991 312.2558 0002061 104.0698 256.0661 13.13470348258766
GLOBALSTAR M051
1 25853U 99037C   26208.85119385 -.00000079  00000-0 -17138-3 0  9990
2 25853  51.9780 142.2764 0000947 355.1440   4.9362 11.42206373178743
CENTAURI-6
1 59451U 24066K   26208.53230109  .00005882  00000-0  41213-3 0  9990
2 59451  45.6065  43.7380 0001905 274.1713  85.8953 15.06142803126206
SNAP-3 ALICE
1 40970U 15058G   26208.29921975  .00163234  00000-0  12731-2 0  9996
2 40970  64.7491 324.2111 0027886 341.9631  18.0527 15.70428438123163
IRIDIUM 157
1 43251U 18030C   26208.23332672  .00000002  00000-0 -63325-5 0  9990
2 43251  86.3945 273.6773 0002170  94.4789 265.6655 14.34217548435879
CYGFM08
1 41888U 16078E   26208.48039179  .00031742  00000-0  34870-3 0  9992
2 41888  34.9441 332.6029 0006587 199.7496 160.2976 15.62117124535275
YAOGAN-30 P
1 44450U 19045B   26208.61072034  .00003035  00000-0  22380-3 0  9996
2 44450  34.9927  83.2019 0007507  65.3417 294.8072 15.02868524382748
COSMOS 2575
1 58929U 24026A   26208.52572396  .00040088  00000-0  26555-3 0  9990
2 58929  96.6121  90.6659 0002681  89.7407 270.4167 15.75425322141983
TIANQI 27
1 59911U 24102C   26208.52996757  .00000126  00000-0  17485-3 0  9999
2 59911  44.9783  81.9334 0006905  78.4661 281.6947 13.99163191110554
LUOJIA-1 01
1 43485U 18048B   26208.53910012  .00001302  00000-0  14987-3 0  9992
2 43485  97.8097 286.0788 0008757 359.1733   0.9467 14.87416604440211
ONEWEB-0340
1 49206U 21083W   26208.72745235  .00000020  00000-0  18324-4 0  9992
2 49206  87.9206 327.3979 0001784  96.5381 263.5954 13.18685253235317
GLOBAL-34
1 68098U 26043A   26208.68124551  .00011190  00000-0  34710-3 0  9996
2 68098  42.0219 346.5149 0003523 229.9179 130.1351 15.33338211 22047
NANOACE
1 42844U 17042V   26208.45211128  .00012053  00000-0  48021-3 0  9997
2 42844  97.3759  22.1215 0003359 213.1174 146.9855 15.25365349494217
ONEWEB-0376
1 49302U 21090Z   26208.67445055  .00000028  00000-0  38818-4 0  9996
2 49302  87.9187 296.9073 0002157 102.9239 257.2134 13.19724400231794
KUIPER-00551
1 69618U 26140AC  26208.20398464  .00027845  00000-0  72753-3 0  9990
2 69618  51.8753 204.9335 0011857 323.4014  36.6163 15.38500253  7392
COSMOS 1805
1 17191U 86097A   26208.23908096  .00023046  00000-0  36279-3 0  9999
2 17191  82.4587 309.1827 0001441  39.6804 320.4554 15.53442577168758
HAWK-13B
1 67396U 26004AK  26208.43594932  .00004300  00000-0  20605-3 0  9993
2 67396  97.4537 207.0009 0006568 177.4174 182.7096 15.19442051 29873
NOAA 21
1 54234U 22150A   26208.49252025  .00000053  00000-0  45709-4 0  9992
2 54234  98.7060 146.6049 0002937  82.8810 277.2700 14.19542849192260
GLOBALSTAR M083
1 37739U 11033A   26208.54282619 -.00000079  00000-0  13792-3 0  9994
2 37739  51.9841 249.6260 0000595 115.7399  48.3773 12.62258581698041
ONEWEB-0277
1 48995U 21060AE  26208.47773336  .00000083  00000-0  18251-3 0  9993
2 48995  87.9072 220.7777 0002181  94.4328 265.7052 13.16595945244863
SJ-11-05
1 39202U 13035A   26208.49217900  .00000511  00000-0  10466-3 0  9995
2 39202  98.2868  33.5887 0011199 106.4614 253.7820 14.64929463695135
KUIPER-00041
1 64502U 25134C   26208.40354158  .00004079  00000-0  56377-3 0  9991
2 64502  51.8991 347.7570 0000933 114.4558 245.6502 14.79934223 60585
ION SCV-018
1 64575U 25135AZ  26208.25457877  .00001166  00000-0  11260-3 0  9993
2 64575  97.7809 322.9856 0013301 153.6074 206.5826 14.94713494 59917
QIANFAN-225
1 69854U 26155G   26208.55017425  .00000249  00000-0  11134-3 0  9996
2 69854  89.0055  59.5513 0030294 181.2287 178.8833 14.19334844  3132
GLOBALSTAR M089
1 37744U 11033F   26208.47185108 -.00000094  00000-0  56866-4 0  9994
2 37744  51.9944  27.1388 0000708 105.3739 276.6010 12.62267710695872
METEOR 2-3
1 10514U 77117A   26208.40227975  .00000169  00000-0  86681-4 0  9997
2 10514  81.2039 206.8197 0022936 217.6699 142.2868 14.11247959500493
COSMOS 982
1 10589U 78005G   26208.31216764 -.00000018  00000-0 -19131-4 0  9991
2 10589  74.0298 174.1930 0033214 203.9714 226.2381 12.44138626204590
LEMUR 2 MYNAMEISJEFF
1 62712U 25009DH  26208.47379713  .00008490  00000-0  61218-3 0  9995
2 62712  97.7285 291.5138 0003705  70.8848 289.2779 15.04389127 83686
KUIPER-00116
1 65153U 25171X   26208.54927964  .00003109  00000-0  43668-3 0  9993
2 65153  51.8999 274.6739 0000544  95.3229 264.7795 14.79932838 53387
CLOUDSAT
1 29107U 06016A   26208.53894271  .00001074  00000-0  12840-3 0  9999
2 29107  98.3910 248.0633 0004959 187.1204 172.9940 14.86465549 80504
KINEIS-2A
1 62932U 25028E   26208.16168248  .00001445  00000-0  23044-3 0  9993
2 62932  98.1280 263.6116 0005523  53.8608 306.3110 14.73476986 78499
ONEWEB-0230
1 48769U 21045C   26208.55119282  .00000033  00000-0  54505-4 0  9996
2 48769  87.8969 251.1593 0001873  95.9863 264.1481 13.15548656249979
CARTOSAT 2A
1 32783U 08021A   26208.49664628  .00001050  00000-0  14782-3 0  9998
2 32783  97.7618 255.8248 0011406 348.2947  11.7998 14.79289746984762
JB-3 C
1 28470U 04044A   26208.36623171  .00004357  00000-0  20454-3 0  9997
2 28470  97.2805   0.5101 0034690  80.7672 279.7484 15.19606499193883
METEOR M2-3
1 57166U 23091A   26208.49923940  .00000004  00000-0  20445-4 0  9991
2 57166  98.6061 262.6474 0004919  62.5162 297.6517 14.24049714160250
COSMOS 2615
1 68826U 26090A   26208.54014347  .00036372  00000-0  15362-3 0  9994
2 68826  96.6382 125.2804 0006792 236.9642 123.0978 15.85310997 15075
ONEWEB-0679
1 56715U 23068F   26208.75005597 -.00000012  00000-0 -63761-4 0  9991
2 56715  87.9079 220.7120 0001659  78.3914 281.7403 13.16594919157065
GLOBALSTAR M092
1 38043U 11080D   26208.20620998 -.00000083  00000-0  11729-3 0  9997
2 38043  52.0097 303.0890 0000621 117.7261 255.4407 12.62268113673106
YUNHAI 2-1B
1 43910U 18112B   26208.47352903  .00000191  00000-0  13830-3 0  9990
2 43910  50.0119 296.8477 0004449   5.3988 354.6975 14.29028034396002
KUIPER-00543
1 69612U 26140W   26208.25349040  .00025038  00000-0  69647-3 0  9995
2 69612  51.8774 205.2472 0007754  73.1263 287.0573 15.36660613  7393
ONEWEB-0425
1 51628U 22012G   26208.73055542  .00000420  00000-0  11664-2 0  9994
2 51628  87.8816  28.1863 0001483  78.0192 282.1101 13.10373101214634
YAM-3
1 48915U 21059AN  26208.44266016  .00011807  00000-0  21701-3 0  9992
2 48915  97.6988  38.0566 0004780 188.7429 171.3739 15.49385207283224
FENGYUN 3A
1 32958U 08026A   26208.29330781  .00000067  00000-0  52307-4 0  9998
2 32958  98.6888 148.3779 0009128  19.8987 340.2544 14.19578615941099
QIANFAN-52
1 62253U 24232S   26208.51055936  .00000061  00000-0  76528-4 0  9992
2 62253  89.0078  18.3192 0013368 255.0324 104.9348 13.51014756 98568
HULIANWANG DIGUI-47
1 65050U 25162H   26208.55421590 -.00000089  00000-0  75962-4 0  9992
2 65050  50.0025 120.7292 0000242  25.4206 334.6678 13.29327374 48730
KUIPER-00099
1 65138U 25171G   26208.50331574 -.00000849  00000-0 -82349-4 0  9998
2 65138  51.9023 254.8461 0000426 119.0187 241.0818 14.79924556 53660
KUIPER-00410
1 68926U 26098H   26208.50002315 -.00358434  00000-0 -27683-1 0  9996
2 68926  51.8917 238.4025 0014644 290.7275  43.6252 15.02876709  5292
COSMOS 1432
1 13764U 83002D   26208.22025728  .00000000  00000-0  10309-3 0  9996
2 13764  74.0246 281.6406 0002868  11.4431  17.3229 12.49888878985853
COSMOS 2211
1 22182U 92068A   26208.23406492  .00000014  00000-0  16351-4 0  9993
2 22182  82.5969 295.9047 0008629  65.7774 321.5510 12.64066983557800
LEMUR-2 MARIO-SOUSA
1 67365U 26004C   26208.44725152  .00004482  00000-0  48409-3 0  9993
2 67365  97.8004 206.3919 0008783  21.2919 338.8662 14.88816140 29285
COSMOS 564
1 06675U 73037A   26208.69613409 -.00000011  00000-0  29166-4 0  9991
2 06675  74.0209 302.6466 0054572 128.7338  24.8649 12.56610927437365
MR-2
1 67556U 26015A   26208.44324547  .00000074  00000-0  93081-4 0  9990
2 67556  88.9980 264.4614 0002525   3.5954 356.5216 13.52697155 25155
ION SCV-016
1 62628U 25009V   26208.54968388  .00018596  00000-0  39289-3 0  9992
2 62628  97.4263 242.2499 0579744 338.5658  19.2127 14.52893284 81404
OPS 4311 (DMSP 5B F1)
1 05557U 71087A   26208.20140004  .00000198  00000-0  96460-4 0  9991
2 05557  99.0221 311.9474 0050974 152.2761 208.1153 14.28532526846157
COSMOS 2119
1 21033U 90114F   26208.29508705  .00000003  00000-0 -38112-4 0  9991
2 21033  82.5752 148.1222 0012873 240.8439 272.4713 12.66374355645105
COSMOS 684
1  7442U 74072H   26208.39491896 -.00000014  00000-0  96214-5 0  9997
2  7442  74.0366   9.2008 0032224 120.5428 262.6533 12.55723356376797
YAOGAN-36 03C
1 54376U 22160E   26208.65809645  .00010596  00000-0  43846-3 0  9996
2 54376  35.0103  85.0517 0006754  48.9773 311.1525 15.23158004204222
YAOGAN-39 02A
1 57886U 23145A   26208.51305328  .00009617  00000-0  39893-3 0  9992
2 57886  35.0036 306.8541 0002658 309.6797  50.3683 15.23107783159324
GJZ 02
1 62291U 24238B   26208.47826330 -.00000031  00000-0  91980-4 0  9996
2 62291  59.9174 128.8412 0006994  87.2799 272.9009 13.75210250 81827
ONEWEB-0166
1 48065U 21025Z   26208.67342036  .00000231  00000-0  59684-3 0  9993
2 48065  87.8992 312.1509 0001938  98.0804 262.0545 13.13469937258969
CARTOSAT 2D
1 41948U 17008A   26208.46686502  .00002932  00000-0  14231-3 0  9997
2 41948  97.4093 267.0146 0006302 103.2567 256.9371 15.19245910523696
FLOCK 4BE 13
1 60512U 24149AW  26208.18448198  .00015021  00000-0  34344-3 0  9995
2 60512  97.3714 293.0378 0005554 121.2216 238.9577 15.42910709108539
ONEWEB-0706
1 61611U 24188T   26208.45224810 -.00000576  00000-0 -16856-2 0  9990
2 61611  87.8823  28.2413 0002241  79.5686 280.5694 13.10372621 88650
ONEWEB-0358
1 49284U 21090F   26208.18630888  .00000100  00000-0  21332-3 0  9994
2 49284  87.9173 266.4711 0001915  95.3148 264.8204 13.20770782235831
COSMOS 2300
1 23442U 94086B   26208.62047642  .00000031  00000-0  11102-3 0  9993
2 23442  82.5623 277.8770 0003334 132.4423  38.8327 12.62808115455697
NUSAT-50 (NANCY ROMAN)
1 60493U 24149AB  26208.45089225  .00009754  00000-0  33310-3 0  9993
2 60493  97.3782 289.4404 0004583  72.3743 287.7998 15.30505468108283
AUREOLE 3
1 12848U 81094A   26208.50620161  .00008194  00000-0  36497-3 0  9998
2 12848  82.4618 251.3464 0459014  69.4745 295.5085 14.59515256266132
HULIANWANG DIGUI-122
1 67062U 25295D   26208.50276098 -.00000069  00000-0  11873-3 0  9998
2 67062  50.0019 240.9694 0001148 237.0416 123.0346 13.29322838 30866
GLOBALSTAR M096
1 39075U 13005D   26208.61257163 -.00000089  00000-0  83371-4 0  9996
2 39075  52.0075  76.5497 0000934  63.2887 296.8075 12.62265997622492
CONNECTA IOT-2
1 60522U 24149BG  26208.68808615  .00004812  00000-0  19980-3 0  9990
2 60522  97.3830 286.2241 0006843 167.7397 192.4008 15.24284346108061
QIANFAN-223
1 69852U 26155E   26208.55949584  .00000240  00000-0  10846-3 0  9994
2 69852  89.0059  59.5534 0029863 181.5902 178.5197 14.18588106  3135
COSMOS 1395
1 13382U 82073H   26208.38824867 -.00000011  00000-0  33642-4 0  9996
2 13382  74.0130 188.4630 0027057 201.4657 325.5886 12.42866857997102
YAOGAN-30 J
1 43083U 17085C   26208.52427869  .00002485  00000-0  18352-3 0  9991
2 43083  34.9948 264.6716 0004494 136.9852 223.1208 15.02900917468824
SPACEMOBILE-003
1 61045U 24163A   26208.17484245  .00002686  00000-0  13541-3 0  9994
2 61045  52.9710 125.5540 0003385 229.7024 130.3674 15.20656790103851
COSMOS 620
1 06988U 73104D   26208.80178852  .00000004  00000-0  13662-3 0  9998
2 06988  74.0284  43.2659 0022367 230.2743 141.9778 12.47311934395221
ONEWEB-0351
1 49215U 21083AF  26208.56075803  .00000030  00000-0  42133-4 0  9997
2 49215  87.9173 266.3943 0002676  94.3703 265.7736 13.20771477242102
COSMOS 1390
1 13377U 82073C   26208.22738125 -.00000023  00000-0 -41326-4 0  9996
2 13377  74.0154 130.7575 0031213 295.1053 219.6962 12.53379028 13882
MSU ALTAIR
1 61779U 24199AW  26208.53187929  .00010207  00000-0  27705-3 0  9991
2 61779  97.2979  77.6253 0013406 153.0339 207.1605 15.37698853143311
FLOCK 4BE 26
1 60484U 24149S   26208.70755212  .00329065  00000-0  14628-2 0  9997
2 60484  97.3583 297.1637 0003970 230.9116 129.1800 15.83482678108849
RISAT-2BR2
1 46905U 20081A   26208.51803374  .00003497  00000-0  27255-3 0  9991
2 46905  36.8999 344.8707 0012357 128.8087 231.3759 15.01245556313534
KSLV-II DUMMY
1 52895U 22065B   26208.64595387  .00000031  00000-0  16601-4 0  9991
2 52895  98.2397 348.1529 0006984 271.0029  89.0370 14.58696662218257
AUREOLE 1
1  5729U 71119A   26208.50877817  .00005645  00000-0  37637-3 0  9992
2  5729  73.9492  17.0244 0704966 210.5309 145.2964 13.99972566647352
AEROCUBE 8C
1 41853U 16067F   26208.60166982  .00007986  00000-0  32148-3 0  9998
2 41853  98.0501  79.0278 0003535 285.9560  74.1286 15.25176965532229
ONEWEB-0546
1 56048U 23043C   26208.75797895 -.00000021  00000-0 -87619-4 0  9990
2 56048  87.9079 220.7146 0001929  72.2004 287.9337 13.16594332164303
ORBCOMM FM 20
1 25416U 98046D   26208.58297932  .00000782  00000-0  30210-3 0  9994
2 25416  44.9943  59.9043 0000867 113.4258 246.6681 14.38117002462606
COSMOS 249
1 03504U 68091A   26208.24672921  .00000413  00000-0  14470-3 0  9994
2 03504  62.3412 170.8965 1012251  29.5403 335.9052 12.97179241725681
LEAP-1
1 65321U 25188G   26208.50734598  .00002427  00000-0  24671-3 0  9998
2 65321  97.7355 282.1421 0004586  82.6549 277.5191 14.91697826 49864
COSMOS 336
1 04383U 70036A   26208.60203884 -.00000008  00000-0  55392-4 0  9990
2 04383  74.0310 300.6679 0014106  74.6152 348.8460 12.47663751561932
TELEOS 2
1 56310U 23057C   26208.48009771  .00005599  00000-0  42148-3 0  9996
2 56310   9.9884 270.8101 0000828 277.6924  82.3196 14.96401382178844
ONEWEB-0385
1 49311U 21090AJ  26208.59287389  .00000038  00000-0  60927-4 0  9998
2 49311  87.9171 266.3876 0001855  97.7629 262.3715 13.20771517235134
FRONTIERSAT
1 69015U 26100AM  26208.62489125  .00008834  00000-0  38626-3 0  9996
2 69015  97.3954 105.8232 0006030 258.8068 101.2491 15.22295768 12971
TIANMU-1 07
1 57399U 23101A   26208.51766968  .00006388  00000-0  22088-3 0  9994
2 57399  97.2575 258.2653 0002707  37.2661 322.8768 15.30240317167817
KUIPER-00621
1 69778U 26151R   26208.78099734  .00029767  00000-0  77632-3 0  9996
2 69778  51.8804 119.3515 0002103 154.0082 206.1011 15.38584120  3951
COSMOS 2251
1 22675U 93036A   26208.24616570  .00000076  00000-0  37155-4 0  9990
2 22675  74.0384 262.0132 0025923 290.7472  69.0902 14.33262387730182
IRIDIUM 160
1 43569U 18061A   26208.52609434  .00000065  00000-0  16111-4 0  9999
2 43569  86.3938  39.9218 0002178  87.6054 272.5391 14.34217174419159
AEROCUBE 7
1 40966U 15058C   26208.14676709  .00005579  00000-0  43911-3 0  9999
2 40966  64.7628 119.6272 0122836  46.2043 314.9151 14.96020827371935
HULIANWANG DIGUI-157
1 68131U 26047C   26208.58383058 -.00000070  00000-0  11691-3 0  9995
2 68131  49.9998 271.3248 0001007 244.8094 115.2674 13.29326349 18440
GEESAT 2-11
1 58915U 24023L   26208.51803932  .00001948  00000-0  26186-3 0  9996
2 58915  49.9980 167.1850 0019511 268.7069  91.1634 14.83380235134900
ONEWEB-0316
1 49102U 21075AD  26208.60112177  .00000049  00000-0  90789-4 0  9994
2 49102  87.9203 327.4218 0001997  99.2512 260.8846 13.18686451242531
COSMOS 2468
1 37154U 10043C   26208.44933671  .00000039  00000-0  21154-3 0  9991
2 37154  82.4588  37.0181 0014043 217.8839 148.6055 12.43748321720886
YAOGAN-32 A
1 43642U 18077A   26208.53853120  .00000861  00000-0  17625-3 0  9996
2 43642  98.1470 236.5956 0001814  78.6106 281.5300 14.63222790415744
OT-FOREST-17 TELPERION
1 68988U 26100J   26208.17097150  .00001144  00000-0  11956-3 0  9991
2 68988  97.7293 104.7350 0008156  47.7419 312.4490 14.91556440 12656
HAWK-B
1 43794U 18099AN  26208.11875196  .00006469  00000-0  27219-3 0  9999
2 43794  97.3944 259.1701 0032521 160.4346 199.8147 15.23239303419113
SPARTAN
1 48964U 21059CP  26208.51470036  .00132120  00000-0  48424-3 0  9996
2 48964  97.6700  53.8728 0003246 155.4973 204.6453 15.87986255284312
S-NET D
1 43186U 18014G   26208.24057054  .00004801  00000-0  24622-3 0  9993
2 43186  97.5320 112.7823 0006507 231.5980 128.4669 15.17011954464835
METEOR 2-18
1 19851U 89018A   26208.29233056  .00000056  00000-0  35853-4 0  9997
2 19851  82.5228 136.8358 0013035  23.6510 131.5129 13.86035419891376
COSMOS 1828
1 17583U 87026B   26208.27044170  .00000004  00000-0 -34275-4 0  9990
2 17583  82.5688 140.1848 0018876 344.1452 182.6210 12.66269561819611
IRIDIUM 166
1 43570U 18061B   26208.48169775  .00000021  00000-0  41256-6 0  9997
2 43570  86.3934  39.8900 0002162  89.0363 271.1081 14.34217191419178
COROT
1 29678U 06063A   26208.51422343  .00000676  00000-0  13601-3 0  9992
2 29678  90.0997  37.6326 0184918 346.7073  12.9295 14.50444210 20821
COSMOS 2042
1 20236U 89074E   26208.42347397  .00000023  00000-0  69342-4 0  9991
2 20236  82.5816 192.5995 0006148  50.8376 103.1677 12.64232067816758
ONEWEB-0656
1 55817U 23029X   26208.20399554  .00000040  00000-0  66748-4 0  9996
2 55817  87.9176 266.4561 0001657  88.7770 271.3553 13.20770771166433
COSMOS 2167
1 21781U 91077C   26208.46809613  .00000036  00000-0  13676-3 0  9993
2 21781  82.6024 215.0093 0006803   1.7595 164.8317 12.64293240601030
KUIPER-00027
1 63740U 25088S   26208.17698670  .00001363  00000-0  20765-3 0  9991
2 63740  51.9000 198.7848 0000406  50.1169 309.9829 14.79957095 68273
COSMOS 2041
1 20235U 89074D   26208.41094921  .00000024  00000-0  69431-4 0  9991
2 20235  82.5838 183.8841 0008823  14.2067 152.6004 12.64847404701592
COSMOS 2386
1 27057U 01058C   26208.37637224  .00000009  00000-0 -95716-5 0  9990
2 27057  82.5437 188.4411 0001343  70.1594 289.9641 12.61616786131576
TRACERS 1
1 64870U 25154B   26208.17173346  .00001555  00000-0  15269-3 0  9994
2 64870  97.6667 270.8401 0006822 117.8228 242.3684 14.93575660 54966
KUIPER-00599
1 69283U 26118S   26208.50002315 -.01133230  00000-0 -66780-1 0  9993
2 69283  51.8822 219.4866 0007055 313.6597 261.1439 15.13990994  5329
MUSAT3
1 64573U 25135AX  26208.33620570  .00003729  00000-0  27604-3 0  9998
2 64573  97.7114 322.4418 0003711 116.0353 244.1255 15.03765180 59969
KUIPER-00075
1 64822U 25151G   26208.48091266  .00016943  00000-0  35278-3 0  9991
2 64822  51.8655 259.2514 0004319  45.1682 314.9659 15.45712687 57998
DMSP 5D-2 F11 (USA 73)
1 21798U 91082A   26208.51165043  .00000083  00000-0  61927-4 0  9990
2 21798  98.6898 235.8900 0013033 150.7539 209.4369 14.17456945790841
BALKAN-2
1 69024U 26100AW  26208.51620654  .00005677  00000-0  26318-3 0  9995
2 69024  97.4022 105.6016 0002495 183.3638 176.7581 15.20459406 12934
IRIDIUM 156
1 43576U 18061H   26208.51340730  .00000090  00000-0  25224-4 0  9990
2 43576  86.3933  39.8580 0002212  92.7206 267.4243 14.34218082419156
PUNCH-WFI01
1 63179U 25047B   26208.50402628  .00000574  00000-0  94064-4 0  9992
2 63179  97.9593  33.1073 0010100  54.2654 305.9492 14.74389288 74002
GONETS M 19
1 46488U 20068C   26208.47729718 -.00000059  00000-0 -49657-3 0  9999
2 46488  82.4994 321.9995 0012583 321.9389  38.0800 12.42892872264253
SAUDISAT 1B
1 26549U 00057E   26208.54088126  .00001087  00000-0  12278-3 0  9999
2 26549  64.5464 228.8305 0047239 303.0549  56.6028 14.91243540397621
ERS 1
1 21574U 91050A   26208.82650321  .00000277  00000-0  10291-3 0  9991
2 21574  98.7796 230.5167 0032633 144.7884 215.5468 14.39539712835892
ONEWEB-0293
1 49082U 21075H   26208.66256910  .00000084  00000-0  18332-3 0  9993
2 49082  87.9160 357.8156 0001990  92.1380 267.9979 13.17648514238960
ONEWEB-0042
1 45441U 20020T   26208.86528742 -.00000482  00000-0 -13968-2 0  9997
2 45441  87.8899  12.9617 0001676  94.0501 266.0818 13.11417527307995
ONEWEB-0255
1 48973U 21060G   26208.77856100  .00000103  00000-0  23696-3 0  9995
2 48973  87.9076 220.7162 0002238  94.4132 265.7255 13.16594853245006
KUIPER-00304
1 68599U 26072AC  26208.50002315 -.01230171  00000-0 -45992-1 0  9995
2 68599  51.8741 342.3125 0010031 168.5920 287.9001 15.29528178  3986
LEMUR-2 KUTAR
1 67394U 26004AH  26208.46148669  .00004414  00000-0  20962-3 0  9998
2 67394  97.4507 207.0318 0008391 183.3329 176.7851 15.19725941 29880
JD 3
1 14795U 84012F   26208.38276096  .00002759  00000-0  25761-3 0  9997
2 14795  63.2999 208.2802 0715614 127.5311 239.3002 13.90252893360259
COSMOS 1563
1 15002U 84052E   26208.36414650 -.00000008  00000-0  51621-4 0  9992
2 15002  74.0101 190.7039 0024920 328.9521 101.0307 12.51841012659231
COSMOS 2504
1 40555U 15020D   26208.46375794  .00000223  00000-0  74860-4 0  9996
2 40555  82.5153 200.1623 0608052 164.6952 197.3540 13.61398573555676
COSMOS 1636
1 15618U 85023B   26208.52245440 -.00000024  00000-0 -56667-4 0  9995
2 15618  74.0556 126.3323 0012720 356.9859 113.4806 12.45358350879897
COSMOS 663
1 07349U 74048A   26208.28375181  .00000052  00000-0  37609-4 0  9995
2 07349  82.9526 144.9731 0025919 136.2967  15.8140 13.75863033613723
NETSAT-2
1 46507U 20068X   26208.27279730  .00024070  00000-0  46743-3 0  9993
2 46507  97.8614 219.8268 0003922 167.5714 192.5632 15.47638218321933
COSMOS 1818
1 17369U 87011A   26208.20334570 -.00000054  00000-0  17340-4 0  9994
2 17369  65.0110 135.2267 0018673 284.6515  75.2500 14.31877010114527
YUNYAO-1 46
1 63347U 25059D   26208.49229199  .00002932  00000-0  17854-3 0  9991
2 63347  97.6130  29.6876 0011936  14.5428 345.6142 15.11137536 74383
USA 3
1 15071U 84065C   26208.46563624  .00004682  00000-0  25662-3 0  9995
2 15071  95.8779  68.4744 0004403 153.7052 206.4408 15.14497627121215
ONEWEB-0234
1 48783U 21045S   26208.54789238 -.00000024  00000-0 -97610-4 0  9991
2 48783  87.8984 251.1388 0002424  76.6414 283.4986 13.15547884249780
HULIANWANG DIGUI-20
1 63687U 25086A   26208.51862692  .00000058  00000-0  10133-3 0  9992
2 63687  86.5064 299.5508 0002236 107.9871 252.1507 13.24412125 60211
HULIANWANG DIGUI-150
1 67526U 26013E   26208.41337366 -.00000087  00000-0  78870-4 0  9999
2 67526  50.0023 211.2154 0001304 263.6159  96.4565 13.29324980 25423
ONEWEB-0629
1 55170U 23004AG  26208.89121301 -.00000057  00000-0 -17902-3 0  9996
2 55170  87.9154 357.7756 0001524  96.8352 263.2953 13.17651582172941
HAIYANG 1B
1 31113U 07010A   26208.90813549  .00000104  00000-0  55126-4 0  9992
2 31113  98.3528 189.1803 0014834  81.4052 278.8812 14.31036164  6467
COSMOS 2118
1 21032U 90114E   26208.24393393  .00000003  00000-0 -38838-4 0  9995
2 21032  82.5685 152.9634 0010080 308.8308  51.1885 12.65557828644004
IRIDIUM 26
1 24903U 97043A   26208.21900309  .00000331  00000-0  10389-3 0  9994
2 24903  86.3970 300.3800 0002273  98.2520 261.8936 14.37504178514923
CHUANG XIN 16B (CX-16B)
1 53876U 22102B   26208.53657193  .00063616  00000-0  11340-2 0  9996
2 53876  28.9899 270.3788 0002211 120.3749 239.7081 15.48703756212969
ORBCOMM FM 37
1 33064U 08031E   26208.04045802  .00001068  00000-0  16234-3 0  9993
2 33064  48.4381 216.2655 0005657 313.0048  79.3092 14.81407280974044
ONEWEB-0183
1 48219U 21031K   26208.22963352 -.00000176  00000-0 -50994-3 0  9997
2 48219  87.8956 281.7264 0001872  93.9507 266.1837 13.14503170253581
STARLING 3
1 57389U 23100D   26208.51147692  .00006875  00000-0  39647-3 0  9999
2 57389  99.5046 239.1341 0004674 352.6018   7.5137 15.12823828166169
RCM 2
1 44324U 19033C   26208.46994521  .00000605  00000-0  64251-4 0  9994
2 44324  97.7606 215.3930 0001506  90.6701 269.4691 14.92589042388091
HJ-1B
1 33321U 08041B   26208.54180847  .00001386  00000-0  17313-3 0  9996
2 33321  97.6545 195.8755 0037744  52.5105 307.9532 14.83389083964390
KUIPER-00019
1 63734U 25088L   26208.40090456  .00001095  00000-0  17258-3 0  9993
2 63734  51.8993 201.5576 0000493  51.9039 308.1968 14.79947795 68190
ORBCOMM FM 8
1 25112U 97084A   26208.76072908  .00000993  00000-0  30781-3 0  9999
2 25112  45.0122 218.3302 0004920 179.0602 181.0260 14.47344827500104
COSMOS 2216
1 22187U 92068F   26208.59856840  .00000010  00000-0 -25511-5 0  9999
2 22187  82.5994 318.0961 0006079  56.1779 303.9891 12.62586582555995
COSMOS 1660
1 15821U 85047A   26208.75038140 -.00000029  00000-0 -85235-4 0  9997
2 15821  73.6253 131.0796 0027157   8.3790   5.5109 12.40797927862511
HULIANWANG DIGUI-15
1 62975U 25030E   26208.51480440 -.00000097  00000-0  58835-4 0  9993
2 62975  50.0028  91.1110 0000691 316.4196  43.6622 13.29324972 71222
COSMOS 737
1  7826U 75045F   26208.55818382  .00000004  00000-0  14032-3 0  9999
2  7826  74.0170 272.5116 0037496 355.4139  73.1162 12.41745376319358
PAUSAT-1
1 62653U 25009AW  26208.50041905  .00004394  00000-0  18522-3 0  9991
2 62653  97.3948 287.5779 0002416 135.4544 224.6888 15.23842940 84927
ORBCOMM FM 24
1 25478U 98053D   26208.21380845  .00000877  00000-0  32602-3 0  9998
2 25478  45.0068 146.8530 0001574  33.4279 326.6669 14.39200064455778
GHOST-4
1 59133U 24043AM  26208.36317984  .00014763  00000-0  32135-3 0  9991
2 59133  97.5647 354.8908 0008720  77.1964 283.0258 15.44361281133739
ONEWEB-0704
1 61609U 24188R   26208.46243405 -.00000378  00000-0 -11182-2 0  9996
2 61609  87.8830  28.2302 0002735  79.2082 280.9353 13.10374921 88568
RAVAN
1 41849U 16067B   26208.21990646  .00063765  00000-0  82536-3 0  9995
2 41849  97.9823 102.5329 0004267 171.6599 188.4727 15.58694370533922
COSMOS 2506
1 40699U 15029A   26208.55444356  .00000217  00000-0  61105-4 0  9996
2 40699  98.0452 247.8481 0008136  38.9838 321.1945 14.54398944588758
POSIDONIA
1 69922U 26156BF  26208.19373584  .00000835  00000-0  87880-4 0  9997
2 69922  97.7512 108.3258 0009187  88.6966 271.5305 14.91974334  2961
COSMOS 2200
1 22037U 92042D   26208.40670436  .00000021  00000-0  58055-4 0  9999
2 22037  82.5855 209.8725 0007306 209.4835 315.7545 12.63327663569288
YAOGAN-31 K
1 47854U 21020A   26208.44342329 -.00000105  00000-0 -23154-4 0  9999
2 47854  63.4042 154.5425 0178602   0.5640 359.5556 13.45450148263884
CONNECTA IOT-1
1 60472U 24149E   26208.68142099  .00004482  00000-0  18893-3 0  9996
2 60472  97.3747 284.2922 0003499 117.8104 242.3489 15.23826169107962
ORBCOMM FM 26
1 25480U 98053F   26208.15015646  .00000677  00000-0  26833-3 0  9995
2 25480  45.0058 145.1677 0004061 128.6496 231.4716 14.38033834455927
TIMATION 2
1 04257U 69082C   26208.37468390  .00000050  00000-0  74098-4 0  9998
2 04257  70.0157   5.6429 0018134  67.0904 311.8628 13.96389501892260
COSMOS 2145
1 21301U 91033C   26208.65504411  .00000034  00000-0  12718-3 0  9996
2 21301  82.5665 281.3491 0008246   7.2573 352.8637 12.63217706622619
TIRSAT
1 58989U 24032C   26208.40349950  .00001344  00000-0  21920-3 0  9991
2 58989  97.9948 266.1001 0005414  34.9889 325.1673 14.72547785131000
SUPERVIEW NEO-2 01
1 53128U 22082A   26208.53557924  .00000119  00000-0  77021-5 0  9994
2 53128  97.3945 217.9694 0001710  89.2114 270.9319 15.24497650224350
YUNHAI 1-04
1 58073U 23159A   26208.51874509  .00000341  00000-0  14134-3 0  9994
2 58073  98.4967 233.4876 0002739  79.5483 280.6010 14.32649917145573
GONETS M 15 (M25)
1 44906U 19096B   26208.56798690  .00000195  00000-0  13354-2 0  9999
2 44906  82.5232  60.0688 0016293  87.1151 273.1793 12.42883959298663
NANOFF A
1 58810U 23185T   26208.01886111  .00003689  00000-0  21524-3 0  9998
2 58810  97.5245 274.9055 0010613 162.5468 197.6129 15.12522544139066
KUIPER-00602
1 69286U 26118V   26208.50002315 -.00378722  00000-0 -14341-1 0  9998
2 69286  51.8756 218.3699 0003850 325.7919  48.4514 15.28041984  5907
COSMOS 2038
1 20232U 89074A   26208.35554315  .00000011  00000-0  21945-5 0  9994
2 20232  82.5758 163.6214 0010932 336.1284 178.5465 12.65427705676544
SARA
1 21578U 91050E   26208.37740920  .00000841  00000-0  18790-3 0  9999
2 21578  98.0928 255.9343 0003485  59.3327   3.6958 14.59190745852170
COSMOS 1135
1 11543U 79084F   26208.50284838  .00000003  00000-0  12996-3 0  9991
2 11543  74.0241  35.3536 0019247 176.5201 211.5064 12.47104442132211
ONEWEB-0286
1 49076U 21075B   26208.60052575  .00000477  00000-0  12911-2 0  9993
2 49076  87.8976 342.6435 0001683  95.3444 264.7876 13.12442292239865
FORMOSAT 3D
1 29050U 06011D   26208.21253910  .00001072  00000-0  19747-3 0  9996
2 29050  72.0111 225.5848 0044312 214.1198 145.7109 14.67035329 82247
ONEWEB-0280
1 48998U 21060AH  26208.11119676  .00000087  00000-0  19303-3 0  9991
2 48998  87.9083 220.8455 0002353  88.5362 271.6038 13.16596363244815
COSMOS 1039
1 11048U 78091F   26208.33995696  .00000007  00000-0  16695-3 0  9994
2 11048  74.0344  78.4647 0046026 146.4724 333.2623 12.38029896682501
GLOBALSTAR M085
1 37742U 11033D   26208.64615832 -.00000093  00000-0  58557-4 0  9991
2 37742  52.0129  70.0681 0000974  63.3264 329.9762 12.62264589694901
HULIANWANG DIGUI-34
1 64287U 25121E   26208.48068660 -.00000008  00000-0 -53853-4 0  9992
2 64287  86.5007 359.9238 0001882  79.8374 280.2972 13.24410905 55493
QIANFAN-109
1 68636U 26075A   26208.50721875  .00000121  00000-0  16896-3 0  9999
2 68636  88.9921 316.8975 0002576 112.0274 248.1151 13.51026471 15237
CALIPSO
1 29108U 06016B   26208.47381396  .00001083  00000-0  19189-3 0  9995
2 29108  98.4474 225.5123 0001645 105.9753 254.1632 14.69420673 78970
CHUANG XIN 1 (CZ-1)
1 28058U 03049B   26208.23705911  .00000220  00000-0  70627-4 0  9995
2 28058  98.5029 107.5902 0013613  63.6933 296.5656 14.48601974202070
KUIPER-00533
1 69605U 26140P   26208.40941338  .00036843  00000-0  96034-3 0  9998
2 69605  51.8751 204.0577 0008577   9.4642 350.6505 15.38463984  7420
ONEWEB-0682
1 56718U 23068J   26208.18992281  .00000106  00000-0  24772-3 0  9996
2 56718  87.8980 251.2248 0001895  80.9162 279.2183 13.15548547154715
QIANFAN-165
1 69382U 26124A   26208.87684092 -.02086223  00000-0 -25334+1 0  9997
2 69382  89.0010 357.5524 0009457  50.2680 309.9314 13.70345341  7518
LEMUR-2-MYRA
1 66787U 25276EC  26208.13883707  .00004515  00000-0  35987-3 0  9991
2 66787  97.5235 277.7220 0018326  17.1943 342.9898 15.00698262 36202
KUIPER-00053
1 64513U 25134P   26208.70796209  .00002468  00000-0  33837-3 0  9999
2 64513  51.9015 322.6573 0000761   5.7751 354.3221 14.81708930 60961
KUIPER-00364
1 68867U 26095D   26208.95879295  .00004294  00000-0  59174-3 0  9997
2 68867  51.9036  65.3806 0000925 174.3351 185.7622 14.79940869 13720
PRC TEST SPACECRAFT 4
1 67689U 26024A   26208.62619942  .00000161  00000-0  39638-4 0  9998
2 67689  49.9944  85.8974 0004708 190.2226 169.8620 14.91844573 25475
ONEWEB-0646
1 55810U 23029Q   26208.24008488 -.00000011  00000-0 -60985-4 0  9993
2 55810  87.9184 297.0008 0002300 100.5621 259.5771 13.19724951164171
KUIPER-00183
1 67138U 25301F   26208.57258138  .00004822  00000-0  48452-3 0  9995
2 67138  51.8937 150.7099 0009317 162.0798 198.0501 14.92818724 34843
CO3D3
1 64900U 25156B   26208.47117603  .00004234  00000-0  19856-3 0  9990
2 64900  97.4340 286.5848 0001559  81.9046 278.2366 15.20206422 55656
ONEWEB-0395
1 50475U 21132G   26208.90951119  .00000532  00000-0  14665-2 0  9997
2 50475  87.8894  12.9580 0001811  84.8376 275.2959 13.11418389221057
LEMUR 2 DELOITTE-1
1 63259U 25052BB  26208.20343403  .00003243  00000-0  28059-3 0  9995
2 63259  97.6884 100.3438 0002102  42.5168 317.6216 14.97860912 74687
RSW-02
1 49114U 21076C   26208.50081140 -.00000164  00000-0 -31499-3 0  9994
2 49114  86.4126 143.4146 0017878 314.9827  44.9867 13.42855221241295
GAOFEN 9 02
1 45625U 20034B   26208.51000630  .00004973  00000-0  19411-3 0  9996
2 45625  97.5790   6.3955 0010926 288.1967  71.8082 15.26336566342310
KUIPER-00388
1 68922U 26098D   26208.46372049  .00001929  00000-0  30533-3 0  9993
2 68922  51.8996 245.0418 0001517  79.1476 280.9655 14.76426482 13372
ONEWEB-0080
1 45426U 20020C   26208.39254855 -.00000075  00000-0 -24707-3 0  9991
2 45426  87.8905  13.0657 0002093  95.8937 264.2430 13.11414198307977
HULIANWANG DIGUI-127
1 67067U 25295J   26208.76168291 -.00000069  00000-0  11862-3 0  9994
2 67067  49.9991 239.6187 0001151 237.6946 122.3815 13.29326718 30906
POLAR BEAR
1 17070U 86088A   26208.63881488  .00000098  00000-0  90207-4 0  9998
2 17070  89.6214 174.7730 0040162 153.0201  20.7342 13.75294087990979
ONEWEB-0241
1 48773U 21045G   26208.57181491  .00000102  00000-0  23616-3 0  9999
2 48773  87.8978 251.1581 0002392  98.5954 261.5447 13.15550253249641
IRIDE-MS2-HEO-6
1 64576U 25135BA  26208.54617954  .00001971  00000-0  20021-3 0  9999
2 64576  97.7757 322.2014 0001630 152.5710 207.5595 14.91954104 59901
FLOCK 4G 24
1 62637U 25009AE  26208.16182298  .00011262  00000-0  38332-3 0  9999
2 62637  97.4021 290.3067 0004492 134.8118 225.3489 15.30574547 85042
HULIANWANG DIGUI-56
1 65113U 25168H   26208.48261364 -.00000087  00000-0  80226-4 0  9998
2 65113  49.9968 180.8721 0011847 236.7429 123.2308 13.29322949 48054
DMSP 5D-2 F9 (USA 29)
1 18822U 88006A   26208.37081891  .00000219  00000-0  10335-3 0  9995
2 18822  98.3609  13.3013 0005454 319.3851  40.6924 14.28849018  2010
HULIANWANG DIGUI-61
1 65167U 25174D   26208.48091742  .00000078  00000-0  14715-3 0  9993
2 65167  86.4937 238.4284 0001779 103.9678 256.1654 13.24408385 46123
ONEWEB-0109
1 47259U 20100B   26208.31941350 -.00000494  00000-0 -14076-2 0  9993
2 47259  87.8987 342.6834 0001956  96.5653 263.5698 13.12441602269821
BEE-1000
1 66650U 25274A   26208.23114681  .00002803  00000-0  27418-3 0  9995
2 66650  97.7472 136.6956 0010502 214.7406 145.3129 14.93103292 36186
SKIPPER
1 23752U 95072B   26208.20686640  .00000007  00000-0  21359-4 0  9993
2 23752  98.7332 279.7767 0005735  20.0597 340.0808 14.26160541591043
NUSAT-54(BRANCA MARQUES)
1 68442U 26067AC  26208.32194518  .00005264  00000-0  26146-3 0  9995
2 68442  97.4558 166.1089 0002568 306.2568  53.8428 15.18099269 18027
COSMOS 761
1 08285U 75086A   26208.32733985 -.00000019  00000-0 -14698-4 0  9991
2 08285  74.0125 332.2618 0052642   7.2225  20.9485 12.55817532331549
COSMOS 2579
1 61730U 24197A   26208.49195090  .00003642  00000-0  14835-3 0  9994
2 61730  97.5569 132.8555 0000870 130.4008 229.7306 15.25137314 96613
RASSVET-3 14
1 68373U 26061P   26208.60801785  .00037620  00000-0  28668-3 0  9996
2 68373  82.2946 327.4761 0008311 334.3479  25.7370 15.72015330 19917
OPS 4547
1 07244U 74020B   26208.54874953  .00000098  00000-0  41245-4 0  9990
2 07244  94.6028 244.1817 0025418 323.8143  36.1330 14.31882816117815
CINEMA
1 38764U 12048G   26208.28816609  .00042163  00000-0  71394-3 0  9994
2 38764  64.6435 308.3515 0033192 165.6979 194.5109 15.50687144123459
HYPERVIEW-1G
1 61772U 24199AP  26208.52887519  .00311033  38267-4  96014-3 0  9995
2 61772  97.2759  90.6846 0007504 132.1982 227.9931 15.91685145141058
HULIANWANG DIGUI-121
1 67061U 25295C   26208.44433915 -.00000069  00000-0  11944-3 0  9992
2 67061  49.9985 241.2591 0001167 236.4274 123.6487 13.29326605 30857
LYNK TOWER 3
1 55046U 23001AP  26208.58814603  .00011704  00000-0  32381-3 0  9992
2 55046  97.3183 268.6464 0006507 345.8240  14.2821 15.37141599198116
KUIPER-00481
1 69594U 26140C   26208.40896815  .00034848  00000-0  91562-3 0  9998
2 69594  51.8758 204.0574 0011307 324.3076  35.7154 15.38218441  7423
KUIPER-00121
1 65950U 25228D   26208.65899387  .00001621  00000-0  24162-3 0  9995
2 65950  51.8987  94.1436 0001007 111.4848 248.6222 14.79927114 44062
ONEWEB-0457
1 51647U 22012AB  26208.78980695  .00000575  00000-0  16114-2 0  9992
2 51647  87.8821  28.1787 0001883  77.5327 282.6011 13.10374604214661
KUIPER-00123
1 65952U 25228F   26208.14173887 -.00001128  00000-0 -11894-3 0  9993
2 65952  51.8999 106.4131 0000947  98.5183 261.5887 14.79929099 43845
YAOGAN-35 04B
1 53524U 22100C   26208.16030429  .00013644  00000-0  37056-3 0  9999
2 53524  35.0008 130.5099 0005733 286.5819  73.4271 15.36714850111389
AEROCUBE 18A
1 63220U 25052L   26208.19403165  .00006482  00000-0  26353-3 0  9996
2 63220  97.3919 101.1579 0003950  12.6723 347.4614 15.24876757 75996
COSMOS 1325
1 12980U 81116F   26208.65214361 -.00000001  00000-0  11941-3 0  9994
2 12980  73.9833 286.4480 0084843 126.3040  40.4960 12.30136901  5543
DRUMS
1 49401U 21102G   26208.08279581  .00005208  00000-0  23817-3 0  9991
2 49401  97.3280 244.0847 0016925  93.4103 266.9069 15.20836583259646
COSMOS 589
1 06846U 73069B   26208.59344134  .00000005  00000-0  13263-3 0  9993
2 06846  73.9997  77.0877 0047034 179.3602 195.1377 12.53236452416256
KUIPER-00641
1 69787U 26151AA  26208.18750229  .00024763  00000-0  76074-3 0  9993
2 69787  51.8682 122.8426 0011264 211.2364 148.7953 15.33509966  3857
YUNYAO-1 19
1 58759U 24009B   26208.48743203  .00012047  00000-0  58721-3 0  9998
2 58759  49.9857 330.3375 0004530  89.7190 270.4281 15.18653240140798
COSMOS 530
1  6265U 72087C   26208.54642573  .00000017  00000-0  17795-3 0  9997
2  6265  74.0325 244.3932 0087537 317.9417 115.6977 12.65678207482690
COSMOS 1225
1 12087U 80097A   26208.20477639  .00000063  00000-0  50265-4 0  9999
2 12087  82.9446  85.8070 0054987 303.4570 174.1022 13.74759015288935
COSMOS 2334
1 24304U 96052A   26208.11707638  .00000060  00000-0  47663-4 0  9992
2 24304  82.9318  51.1943 0030479 148.7236 330.5625 13.73814750498119
LEO 1
1 43113U 18004C   26208.60065364  .00003692  00000-0  25829-3 0  9992
2 43113  99.2403 132.1734 0348343 315.5351  41.8364 14.68108806443414
COSMOS 2074
1 20577U 90036A   26208.18767362  .00000071  00000-0  58175-4 0  9995
2 20577  82.9408  76.5819 0028278  95.7703  24.9688 13.74884486819220
COSMOS 1295
1 12681U 81077A   26208.63950030  .00000064  00000-0  49211-4 0  9996
2 12681  82.9167  90.5280 0044333 159.2784 228.7162 13.76648925257812
SJ-5
1 25731U 99025B   26208.83198291  .00000056  00000-0  53404-4 0  9993
2 25731  98.7239 250.2167 0015948 237.3331 122.6303 14.12936755401061
IRIDIUM 16
1 24841U 97030F   26208.48129469  .00000394  00000-0  12104-3 0  9996
2 24841  86.4002  34.9222 0003189 131.8482 228.2989 14.39075794525282
SDA_1681
1 65991U 25230T   26208.36191197  .00000228  00000-0  19055-3 0  9992
2 65991  81.3010 174.2678 0005479  89.3735 270.8050 13.85308250 39380
GLOBALSTAR M077
1 37191U 10054D   26208.12887877 -.00000063  00000-0  27406-3 0  9999
2 37191  51.9964  77.9179 0002097 247.5715 281.2349 11.67547349725804
DMSP 5D-2 F13 (USA 109)
1 23533U 95015A   26208.50952661  .00000077  00000-0  60083-4 0  9993
2 23533  98.8033 222.0383 0007595  45.9676 120.7140 14.17034453618903
GEESAT 1-08
1 52792U 22058H   26208.51788172  .00002053  00000-0  28668-3 0  9992
2 52792  49.9938  15.2789 0020007  84.9839 275.3382 14.81515527225919
KUIPER-00138
1 65964U 25228T   26208.06201436  .00000872  00000-0  14337-3 0  9997
2 65964  51.8981  86.7674 0001065 106.4156 253.6924 14.79936069 44112
COSMOS 1358
1 13161U 82040B   26208.71222111 -.00000004  00000-0  75300-4 0  9995
2 13161  74.0112  99.0256 0041874 174.7765 214.0463 12.53996522 24393
FLOCK 4Q 7
1 58318U 23174BQ  26208.24806608  .00032796  00000-0  43719-3 0  9998
2 58318  97.3903 301.1715 0003858 350.7705   9.3479 15.58052837151987
SDA_1665
1 65975U 25230B   26208.84040153  .00000096  00000-0  78224-4 0  9999
2 65975  81.3014 174.4204 0001418  78.7602 281.3712 13.82048422 39412
YAOGAN-36 04A
1 54746U 22171A   26208.54157080  .00007369  00000-0  32124-3 0  9997
2 54746  34.9919 328.3219 0007716 295.1178  64.8736 15.21450613201279
FORMOSAT7-6/COSMIC2-6
1 44353U 19036Q   26208.62923637  .00002956  00000-0  22702-3 0  9992
2 44353  23.9989  56.9446 0000922 199.0671 160.9795 14.96660335387885
ONEWEB-0396
1 50476U 21132H   26208.30591357 -.00000012  00000-0 -63183-4 0  9992
2 50476  87.9212 327.4811 0001698  99.3283 260.8041 13.18686345226924
IRIDIUM 104
1 41922U 17003F   26208.11724732  .00000008  00000-0 -42543-5 0  9996
2 41922  86.3928  71.7821 0001765  84.4123 275.7274 14.34217562498991
QIANFAN-192
1 69410U 26125K   26208.86634272 -.02100714  00000-0 -24283+1 0  9998
2 69410  88.9939 275.9099 0018301  32.3920 327.8364 13.73321029  7428
ION SCV-004
1 50993U 22002K   26208.57079203  .00005712  00000-0  19425-3 0  9992
2 50993  97.2813 265.4740 0006745 195.8228 164.2804 15.30814509251473
ONEWEB-0361
1 49287U 21090J   26208.60297411  .00000040  00000-0  66114-4 0  9996
2 49287  87.9171 266.3851 0001938  94.2784 265.8571 13.20770551235635
VESSELSAT 1
1 37840U 11058C   26208.13152462  .00000331  00000-0  35891-4 0  9996
2 37840  19.9606 163.3701 0013505 321.8002  38.1445 14.11442444763589
TIANHUI 5D
1 60212U 24126B   26208.52553221  .00000429  00000-0  53174-4 0  9998
2 60212  97.8224 215.5123 0001566  92.2747 267.8648 14.87581170111896
FENGYUN 3E
1 49008U 21062A   26208.50873463  .00000043  00000-0  41171-4 0  9991
2 49008  98.7509 211.4692 0001638  16.7323 343.3907 14.19907060262305
USA 23
1 18009U 87043E   26208.47870799  .00006316  00000-0  38360-3 0  9998
2 18009  63.2917 244.5680 0777290 106.0982 262.7007 13.88092671351081
QIANFAN-18
1 60396U 24140T   26208.49459375  .00000080  00000-0  10508-3 0  9994
2 60396  88.9728 275.4514 0012203 248.9419 111.0427 13.51017487 98146
ONEWEB-0247
1 48777U 21045L   26208.83798344 -.00000073  00000-0 -22914-3 0  9992
2 48777  87.8971 251.1116 0002508 113.4384 246.7010 13.15547190249754
HULIANWANG DIGUI-64
1 65170U 25174G   26208.50355291  .00000097  00000-0  19160-3 0  9992
2 65170  86.4890 238.2796 0001962 104.0259 256.1093 13.24408336 46125
GLOBALSTAR M030
1 25854U 99037D   26208.58383796 -.00000037  00000-0  81312-3 0  9998
2 25854  51.9878 283.2434 0003693  53.8039 306.3119 11.55116829196894
ONEWEB-0246
1 48786U 21045V   26208.18358433  .00000147  00000-0  35651-3 0  9993
2 48786  87.8981 251.2206 0002022  99.3855 260.7504 13.15548336249535
ONEWEB-0228
1 48780U 21045P   26208.86188394  .00000095  00000-0  21932-3 0  9998
2 48780  87.8983 251.0823 0002099  97.1899 262.9470 13.15549359249679
IDEFIX/ARIANE 42P
1 27422U 02021B   26208.26181230  .00000208  00000-0  95594-4 0  9999
2 27422  98.5943 145.3118 0012579 132.4117 227.8132 14.31098462263984
PIAST-S1
1 66749U 25276CM  26208.15931758  .00005988  00000-0  27588-3 0  9994
2 66749  97.4178 281.1780 0002982 152.2284 207.9111 15.20651070 36504
OSCAR 16 (PACSAT)
1 20439U 90005D   26208.07976843  .00000129  00000-0  62672-4 0  9993
2 20439  98.8508 244.6913 0011649 112.7319 274.6890 14.33947896907659
POLAR SCOUT YUKON
1 43808U 18099BC  26208.64876323  .00024349  00000-0  61916-3 0  9995
2 43808  97.4671 282.1999 0005997 164.0148 196.1288 15.39589410419737
HJS-9A
1 68831U 26091A   26208.13697586  .00003818  00000-0  19423-3 0  9999
2 68831  54.9992 207.1400 0011585 135.4720 224.7233 15.19148212 14273
PRSC-E03
1 68835U 26092A   26208.41474909  .00002396  00000-0  16479-3 0  9995
2 68835  37.9992 212.4319 0004435 326.1271  33.9207 15.06852062 14027
ORBASTRO-TR5
1 63236U 25052AC  26208.65906006  .00004994  00000-0  21922-3 0  9999
2 63236  97.3788  99.5897 0004721  37.5287 322.6278 15.22381773 75974
ONEWEB-0250
1 48968U 21060B   26208.45635036  .00000036  00000-0  51356-4 0  9997
2 48968  87.9079 218.4034 0002814  74.4290 285.7157 13.25836282245556
ONEWEB-0562
1 55799U 23029D   26208.22249565  .00000046  00000-0  81210-4 0  9990
2 55799  87.9175 266.4693 0001258 104.5621 255.5652 13.20772893166437
KUIPER-00119
1 65155U 25171Z   26208.15489155  .00002974  00000-0  41899-3 0  9990
2 65155  51.9002 266.4642 0000195  18.7167 341.3802 14.79926242 53461
LEMUR-2 WOBLER
1 67368U 26004F   26208.43967244  .00003839  00000-0  41596-3 0  9990
2 67368  97.8055 206.5152 0008375  13.7495 346.3949 14.88776461 29280
YAOGAN 19
1 39410U 13065A   26208.54575095 -.00000368  00000-0 -86395-3 0  9993
2 39410 100.1138 183.1490 0009529 359.8467   0.2642 13.15582560608954
SAUDICOMSAT 3
1 31125U 07012J   26208.86715198  .00000797  00000-0  13804-3 0  9997
2 31125  98.3177 185.1236 0037703 284.0114  75.6901 14.70766495 30803
LEMUR-2 SONNENBLUME
1 67367U 26004E   26208.45246931  .00002999  00000-0  32833-3 0  9994
2 67367  97.8003 206.3638 0008474  22.7560 337.4031 14.88511078 29286
COSMOS 734
1  7823U 75045C   26208.34682352 -.00000017  00000-0 -43705-5 0  9996
2  7823  74.0168 169.6958 0017526  39.7621 113.1766 12.51799171338092
COSMOS 2010
1 19904U 89025C   26208.74354929 -.00000014  00000-0  11984-4 0  9991
2 19904  74.0104 113.3267 0030524   0.0359  28.0519 12.54073782623044
HULIANWANG DIGUI-31
1 64284U 25121B   26208.50341668  .00000004  00000-0 -24654-4 0  9996
2 64284  86.5030   0.0318 0001827  89.6590 270.4753 13.24414687 55496
TIANQI 18
1 64060U 25105C   26208.52471458 -.00000068  00000-0  41521-4 0  9995
2 64060  44.9830 202.7573 0011389 229.3248 130.6595 13.99147560 60846
DB-PRECISIONFLIGHTWORKSP
1 68466U 26067BC  26208.53602973  .00006938  00000-0  34341-3 0  9998
2 68466  97.4504 166.1955 0004256 315.4974  44.5917 15.18099436 17907
METEOR 2-20
1 20826U 90086A   26208.62627063  .00000071  00000-0  50270-4 0  9997
2 20826  82.5261 165.3739 0011845 273.2121  86.7684 13.84463204809916
FLOCK 4G 5
1 62663U 25009BG  26208.22533193  .00009620  00000-0  32269-3 0  9997
2 62663  97.4024 290.5135 0004433 147.1419 213.0099 15.31091296 85067
QIANFAN-59
1 62789U 25016E   26208.45427957  .00000102  00000-0  13861-3 0  9992
2 62789  88.9698  79.5878 0016080  55.4170 304.8495 13.51020170 77853
SZ-21 MODULE
1 66515U 25246C   26208.58964729  .00051998  00000-0  27126-3 0  9993
2 66515  41.4727  55.0404 0009671 296.5688  63.4166 15.79946523 40129
KUIPER-00421
1 68933U 26098Q   26208.50002315 -.01086751  00000-0 -52432-1 0  9995
2 68933  51.8802 235.4272 0007797 285.0870  79.9917 15.21254647  5420
ONEWEB-0132
1 47278U 20100W   26208.39226524 -.00000279  00000-0 -80952-3 0  9999
2 47278  87.8977 342.6791 0001849 100.4613 259.6724 13.12442783269855
RESURS O1
1 23342U 94074A   26208.50362230  .00000698  00000-0  87530-4 0  9997
2 23342  97.6626 225.4706 0001132  73.7507 286.3833 14.85131526709919
COSMOS 2385
1 27056U 01058B   26208.54037898  .00000069  00000-0  33428-3 0  9994
2 27056  82.5356 194.0427 0006998 133.7372 321.4181 12.60566273130862
SORCE
1 27651U 03004A   26208.51658213  .00003076  00000-0  22939-3 0  9991
2 27651  39.9919  31.5470 0018017 337.3491  22.6507 15.03899705277971
TIANSHI 01
1 68415U 26066D   26208.34840264  .00001519  00000-0  15803-3 0  9999
2 68415  84.9654 202.1655 0027713 111.2315 249.1873 14.88798102 17704
RESURS P5
1 62430U 24250A   26208.52940080  .00003035  00000-0  99794-4 0  9997
2 62430  97.2772 133.1758 0003123  82.4208 277.7389 15.32288640 88729
FLOCK 4H 2
1 66705U 25276AR  26208.15751052  .00007676  00000-0  34654-3 0  9991
2 66705  97.4164 281.2707 0002327 140.0919 220.0488 15.21259714 36518
REX 2
1 23814U 96014A   26208.62412815  .00000134  00000-0  51807-4 0  9998
2 23814  90.0124 341.2687 0022397  15.2263 344.9599 14.25371207578958
PICOSAT 9
1 26930U 01043B   26208.88770987  .00000036  00000-0  45019-4 0  9992
2 26930  67.0006  79.4726 0010273 250.1707 109.8287 14.31597419296557
VRSS-1
1 38782U 12052A   26208.51169958  .00001135  00000-0  15575-3 0  9996
2 38782  97.6180 182.7855 0019363 103.3792 256.9581 14.80083753745577
NOVA 1
1 12458U 81044A   26208.20451081  .00000083  00000-0  17406-3 0  9998
2 12458  89.8446  88.0486 0013541 192.7729 285.2858 13.23304793181818
COSMOS 2255
1 22690U 93038D   26208.40950531  .00000036  00000-0  14190-3 0  9994
2 22690  82.5823 203.9248 0004520 247.6658 267.5955 12.63328896526309
ONEWEB-0569
1 55148U 23004J   26208.22989965 -.00000113  00000-0 -34485-3 0  9994
2 55148  87.8992 312.2563 0002847 101.7562 258.3887 13.13470860175437
MAST
1 31126U 07012K   26208.36454659  .00000810  00000-0  16225-3 0  9991
2 31126  98.4328 177.1356 0080267 283.7079  75.5196 14.62732299 24710
ONEWEB-0345
1 49211U 21083AB  26208.71404248 -.00000088  00000-0 -27539-3 0  9996
2 49211  87.8988 312.1617 0002073  91.6715 268.4652 13.13470780236221
COSMOS 2249
1 22650U 93030E   26208.72675476  .00000018  00000-0  39446-4 0  9991
2 22650  82.5876 297.5494 0007224 197.0907 317.5484 12.63187934531141
COSMOS 2116
1 21030U 90114C   26208.36155390  .00000013  00000-0  12294-4 0  9997
2 21030  82.5750 181.2180 0005334  28.1974 129.7554 12.64324547642500
COSMOS 2328
1 23790U 96009D   26208.68313445  .00000021  00000-0  60528-4 0  9995
2 23790  82.5792 293.7232 0006859 333.0792  26.9942 12.62604088402587
FAISAT
1 23465U 95002C   26208.36575715  .00000027  00000-0  12578-4 0  9999
2 23465  82.9293 353.5241 0038616  57.8050 330.9019 13.72026648577369
KINEIS-3D
1 61221U 24172B   26208.70690331  .00002066  00000-0  33449-3 0  9995
2 61221  98.0432 298.1860 0001999  63.9661 296.1752 14.72325835 99317
FORMOSAT7-3/COSMIC2-3
1 44343U 19036E   26208.49418830  .00004343  00000-0  23909-3 0  9992
2 44343  23.9987 261.0702 0001017  61.0181 299.0425 15.10073478389346
AAC-HSI-SAT3
1 58848U 23174DH  26208.47328477  .00002368  00000-0  12674-3 0  9992
2 58848  97.3389 266.5334 0009402 220.2067 139.8471 15.15953196150001
OMNI-L1
1 52157U 22033A   26208.19478133  .00002121  00000-0  26814-3 0  9994
2 52157  97.8384 286.5954 0006183 142.7491 217.4152 14.82882183233382
CENTISPACE-1 S9
1 62578U 25007D   26208.43420881 -.00000081  00000-0  56919-4 0  9994
2 62578  54.9815 151.5544 0011958 146.1022 214.0701 13.80615859 80275
ONEWEB-0593
1 54659U 22166T   26208.52955170  .00000018  00000-0  11510-4 0  9999
2 54659  87.9226 235.9458 0001946  97.1658 262.9697 13.21826668176870
COSMOS 2100
1 20804U 90083A   26208.22630488  .00000043  00000-0  28630-4 0  9995
2 20804  82.9417 138.1821 0037038 164.6033 353.5082 13.74568795798730
NANOSAT C BR1
1 40024U 14033Q   26208.56824771  .00018207  00000-0  57860-3 0  9996
2 40024  98.0707 244.5692 0004540  67.4374 292.7346 15.32691346660161
COSMOS 446
1 05549U 71086C   26208.31685663  .00000001  00000-0  10594-3 0  9994
2 05549  74.0271  63.8663 0083344  37.1445 323.5336 12.54461887508806
SDGSAT 1
1 49387U 21100A   26208.54052494  .00005349  00000-0  25619-3 0  9993
2 49387  97.2615 253.9456 0010919 124.8455 235.3808 15.19294294262045
YAOGAN-39 05B
1 58558U 23194B   26208.62967534  .00004596  00000-0  22214-3 0  9998
2 58558  34.9905 188.8536 0010147 314.7912  45.1976 15.17996899146245
KUIPER-00614
1 69773U 26151L   26208.78379833  .00039505  00000-0  10319-2 0  9991
2 69773  51.8815 119.3670 0002337 160.6893 199.4183 15.38396357  3959
YAOGAN-35 A
1 49390U 21101A   26208.57564229  .00009803  00000-0  36034-3 0  9997
2 49390  34.9883  20.3857 0005946  17.4598 342.6321 15.27116249263050
JILIN-01 KUANFU 02A
1 57696U 23127A   26208.53786144  .00005355  00000-0  32487-3 0  9999
2 57696  97.5572 301.8488 0011285 192.0285 168.0677 15.10902599161729
QIANFAN-31
1 61564U 24185N   26208.54659881  .00000171  00000-0  21976-3 0  9993
2 61564  88.9768  56.9223 0009101  87.0736 273.1460 13.58049827 98949
JILIN-01 KUANFU 01
1 45016U 20003A   26208.48763523  .00003733  00000-0  22756-3 0  9998
2 45016  97.5015 281.6571 0010424 155.9022 204.2698 15.10927735361416
JILIN-01 KUANFU 02B 2
1 61190U 24169B   26208.54591810  .00003723  00000-0  23887-3 0  9996
2 61190  97.5566 296.8354 0005375 225.4256 134.6535 15.09090285101918
SAC-D (AQUARIUS)
1 37673U 11024A   26208.51463707  .00000884  00000-0  12761-3 0  9995
2 37673  97.9772 222.0849 0001484  68.4654  90.4587 14.78691846813746
ASTRID 2
1 25568U 98072B   26208.57269498  .00000132  00000-0  12657-3 0  9990
2 25568  82.9464  54.0547 0024364 335.9821  53.7552 13.73151477383512
CHUANG XIN 26 (CX-26)
1 69972U 26158A   26208.46864747 -.00000042  00000-0  50102-4 0  9998
2 69972  49.9822 228.6201 0004988 341.9583  18.1153 14.25116571  2455
ONEWEB-0386
1 49312U 21090AK  26208.60970529  .00000403  00000-0  95805-3 0  9994
2 49312  87.9188 266.3771 0002065 103.0030 257.1334 13.20768156235154
GEESAT 3-07
1 61017U 24159G   26208.49712426  .00001718  00000-0  22924-3 0  9998
2 61017  49.9932 255.9492 0011226 189.9939 170.0778 14.84350782102138
IRIDIUM 133
1 42955U 17061A   26208.42753176 -.00000009  00000-0 -10179-4 0  9996
2 42955  86.3978   8.4414 0002106  92.0600 268.0837 14.34217350460548
COSMOS 1459
1 14057U 83042A   26208.27350047  .00000044  00000-0  28322-4 0  9999
2 14057  82.9752 150.1577 0050699  68.2323 292.4219 13.76826195171254
QIANFAN-211
1 69810U 26153L   26208.49094979  .00000425  00000-0  19221-3 0  9999
2 69810  88.9934 357.6378 0008548 141.4225 218.7578 14.20227984  3291
ORBCOMM FM 110
1 41182U 15081D   26208.57827570  .00000778  00000-0  20050-3 0  9992
2 41182  47.0009 170.4531 0003873 269.7489  90.2953 14.58936000563520
ISS (ZVEZDA)
1 26400U 00037A   26208.37844919  .00011554  00000-0  21591-3 0  9992
2 26400  51.6322 101.1989 0007008 342.7043  17.3706 15.49203967577582
APEX ARIES 1
1 59129U 24043AH  26208.89698935  .00032603  00000-0  43984-3 0  9999
2 59129  97.5511   1.4686 0005855  65.8959 294.2908 15.57724007134253
IRIDIUM 69
1 25319U 98026A   26208.66284289  .00000365  00000-0  10646-3 0  9992
2 25319  86.3965 284.0004 0004534 109.6114 250.5575 14.41426411481465
HAWK-5B
1 52756U 22057AA  26208.40371969  .00018709  00000-0  30457-3 0  9995
2 52756  97.6638   9.0693 0003175 271.9209  88.1680 15.52706727232582
ONEWEB-0309
1 49095U 21075W   26208.86675272  .00000031  00000-0  47764-4 0  9999
2 49095  87.9158 357.7724 0002253  87.9145 272.2244 13.17648211238930
INTERCOSMOS 25
1 21819U 91086A   26208.47497361  .00000954  00000-0  18346-3 0  9997
2 21819  82.5997 225.4304 1485131 175.4369 186.2194 12.12258875513620
ONEWEB-0379
1 49305U 21090AC  26208.22804867 -.00000119  00000-0 -35610-3 0  9999
2 49305  87.8959 281.7307 0001907  99.9700 260.1645 13.14502984232826
PARASOL
1 28498U 04049G   26208.79817476  .00000762  00000-0  12251-3 0  9994
2 28498  98.5027  42.5465 0012909 255.3083 104.6694 14.74678228155221
COSMOS 1791
1 17066U 86086A   26208.18454047  .00000083  00000-0  69200-4 0  9991
2 17066  82.9444 231.7789 0042071 126.4543 302.5068 13.76058619993695
KUIPER-00570
1 69271U 26118E   26208.50002315  .00010390  00000-0  13198-2 0  9994
2 69271  51.8977 225.0274 0004641  18.9873 140.2308 14.82108191  5511
HULIANWANG DIGUI-58
1 65164U 25174A   26208.53376424  .00000050  00000-0  82089-4 0  9999
2 65164  86.4936 238.3873 0001898 101.1478 258.9869 13.24408252 46134
UNISAT 5
1 39421U 13066F   26208.36401088  .00003533  00000-0  24970-3 0  9992
2 39421  97.7086 178.6012 0027836 317.4177  42.4890 15.05256571688713
IRIDE-MS2-HEO-15
1 68987U 26100H   26208.51749339  .00001621  00000-0  16575-3 0  9993
2 68987  97.7289 105.1974 0002270  42.1266 318.0127 14.91908985 12718
ONEWEB-0547
1 56049U 23043D   26208.51861488  .00000009  00000-0 -95992-5 0  9994
2 56049  87.9230 235.9475 0002220  95.1877 264.9510 13.21824728163558
IRIDIUM 141
1 43077U 17083H   26208.24943498  .00000225  00000-0  73306-4 0  9993
2 43077  86.3983 305.2455 0002166  95.2148 264.9295 14.34218060449911
COSMOS 1041
1 11050U 78091H   26208.19045869  .00000004  00000-0  14181-3 0  9994
2 11050  74.0323 212.7690 0020219 233.1597 200.8124 12.43326788170053
SWARM B
1 39451U 13067A   26208.52383581  .00003681  00000-0  13041-3 0  9992
2 39451  87.7471 330.0656 0002250  95.2907 264.8599 15.28788700689408
TOM-3
1 69906U 26156AP  26208.54286264  .00001465  00000-0  15387-3 0  9998
2 69906  97.7466 108.6279 0005412  64.2066 295.9711 14.90963690  3015
RASSVET-3 13
1 68372U 26061N   26208.80869679  .00002844  00000-0  14383-3 0  9992
2 68372  82.2981 332.8009 0000420 187.4451 172.6775 15.16677281 19604
GAOFEN 14
1 47231U 20092A   26208.54608634  .00008035  00000-0  31706-3 0  9990
2 47231  97.4710 278.7372 0004836   9.8283 350.3049 15.25804177313982
COSMOS 2409
1 28420U 04037B   26208.54017782 -.00000060  00000-0 -48683-3 0  9992
2 28420  82.4875 303.8303 0013686 186.7048 173.3852 12.45323633992573
YAOGAN-33 02
1 53698U 22106A   26208.52865368  .00000164  00000-0  45005-4 0  9992
2 53698  98.1827 215.7879 0002877  57.2273 302.9204 14.58738372207600
ION SCV-019
1 68435U 26067V   26208.35639557  .00004360  00000-0  20609-3 0  9991
2 68435  97.4567 166.3780 0007777 258.2818 101.7544 15.19897896 18047
COSMOS 886
1 09634U 76126A   26208.33019712 -.00000010  00000-0  34574-4 0  9997
2 09634  65.8374 350.7065 1091966 241.2660 107.4415 12.56620323285250
ONEWEB-0044
1 45150U 20008V   26208.47261260  .00000039  00000-0  76387-4 0  9998
2 45150  87.8832  28.2404 0001657  88.2571 271.8746 13.10378118313750
ONEWEB-0625
1 55166U 23004AC  26208.86169146  .00000058  00000-0  11561-3 0  9991
2 55166  87.9162 357.7849 0001828  99.9503 260.1835 13.17648469172931
IPEX
1 39471U 13072K   26208.60689713  .00009436  00000-0  44406-3 0  9998
2 39471 120.4670  92.0514 0170160  44.5065 316.9535 15.08577678121332
KINEIS-4C
1 63301U 25056B   26208.56291709  .00001784  00000-0  28993-3 0  9992
2 63301  97.9134 331.6045 0003749 171.5976 188.5296 14.72306924 73073
ONEWEB-0118
1 47264U 20100G   26208.81412825  .00000332  00000-0  88806-3 0  9996
2 47264  87.8986 342.5788 0001771  87.6810 272.4522 13.12443346270053
COSMOS 2170
1 21784U 91077F   26208.57959027  .00000036  00000-0  14028-3 0  9995
2 21784  82.6052 243.3812 0002514 171.2936 356.5614 12.62588518599178
HULIANWANG DIGUI-24
1 63691U 25086E   26208.55641309  .00000027  00000-0  28510-4 0  9996
2 63691  86.5106 299.6919 0002257 110.2529 249.8848 13.24411557 60208
KUIPER-00452
1 68946U 26098AD  26208.50002315 -.01118058  00000-0 -71034-1 0  9994
2 68946  51.8891 234.1757 0003987 310.4055 314.7042 15.11307020  5793
KUIPER-00060
1 64520U 25134W   26208.32923031  .00003925  00000-0  54359-3 0  9991
2 64520  51.9024 323.1648 0000553  96.7208 263.3817 14.79935536 60910
COSMOS 861
1 09494U 76104A   26208.29134011 -.00000069  00000-0  18481-4 0  9995
2 09494  64.8613 316.4104 0045501 179.7738 180.3349 13.81726061511484
JILIN-01 GAOFEN 3H
1 46460U 20065G   26208.50335194  .00114878  00000-0  78205-3 0  9995
2 46460  97.2158 262.9257 0007512 168.7573 191.3861 15.74514705326211
MOST
1 27843U 03031D   26208.47814428  .00000076  00000-0  54640-4 0  9993
2 27843  98.7058 215.6435 0010706 131.7227 228.4867 14.21329855196436
ONEWEB-0515
1 54133U 22138W   26208.57267652 -.00000009  00000-0 -53307-4 0  9993
2 54133  87.9183 266.3850 0002471  77.8000 282.3410 13.20772072184633
QIANFAN-30
1 61563U 24185M   26208.51047833  .00000149  00000-0  21467-3 0  9997
2 61563  88.9785  57.4842 0009569  97.7712 262.4525 13.50063005 98668
COSMOS 1238
1 12138U 81003A   26208.49763244  .00003454  00000-0  23235-3 0  9998
2 12138  82.9568 186.1628 0635004 315.3129  39.8497 14.13479983275608
TYVAK-0173
1 48892U 21059P   26208.17054882  .00001722  00000-0  22100-3 0  9991
2 48892  96.0065 274.5870 0007284 248.2522 111.7921 14.82002053274165
LEMUR-2 EMARCHIA
1 68492U 26067CE  26208.11303406  .00005975  00000-0  59373-3 0  9992
2 68492  97.7579 165.6603 0001641 309.2477  50.8596 14.92069520 17678
PUCP-SAT 1
1 39442U 13066AC  26208.41861348  .00020566  00000-0  61159-3 0  9995
2 39442  97.5802 203.7925 0015457 151.0990 209.1112 15.34656192690430
TIANQI 36
1 62368U 24245D   26208.23876219  .00000010  00000-0  94827-4 0  9993
2 62368  44.9837 143.2977 0007916 212.1842 147.8508 13.99192535 81951
HULIANWANG DIGUI-154
1 67530U 26013J   26208.38816366 -.00000103  00000-0  45423-4 0  9999
2 67530  50.0046 211.1182 0001253 262.7826  97.2904 13.29327663 25390
ONEWEB-0276
1 48994U 21060AD  26208.08509044  .00000062  00000-0  12934-3 0  9991
2 48994  87.9076 220.8486 0001876  93.7359 266.3986 13.16594596244820
NOAA 12
1 21263U 91032A   26208.45220257  .00000076  00000-0  49369-4 0  9992
2 21263  98.6232 196.3685 0012441 271.2539  88.7217 14.26752545830707
KUIPER-00564
1 69625U 26140AK  26208.22114217  .00033586  00000-0  90754-3 0  9992
2 69625  51.8772 205.0550 0009441 345.5367  14.5348 15.37390283  7393
ONEWEB-0310
1 49096U 21075X   26208.64130000 -.00000249  00000-0 -72808-3 0  9990
2 49096  87.8978 342.6376 0001868  97.9253 262.2088 13.12444708240497
GEESAT 5-04
1 65553U 25201D   26208.43241868  .00001272  00000-0  17704-3 0  9992
2 65553  49.9842 213.1906 0007894  63.2185 296.9560 14.84307924 47760
ONEWEB-0595
1 54661U 22166V   26208.52619756  .00000059  00000-0  11071-3 0  9995
2 54661  87.9232 235.9461 0002264  91.3915 268.7478 13.21826245176861
QIANFAN-93
1 66035U 25233C   26208.51369877  .00000052  00000-0  61406-4 0  9997
2 66035  88.9989  39.1356 0002133  94.7477 265.3917 13.51017417 38629
ONEWEB-0207
1 48242U 21031AJ  26208.21615096 -.00000036  00000-0 -13101-3 0  9995
2 48242  87.8966 281.7259 0001870  91.0148 269.1196 13.14501948253559
LEMUR-2-HOTSPUR-TOM
1 66786U 25276EB  26208.14171749  .00006764  00000-0  55649-3 0  9992
2 66786  97.5229 277.3949 0013220  11.5525 348.6000 14.99360277 36117
SIT-HSE
1 61763U 24199AE  26208.48540066  .00039664  00000-0  58141-3 0  9999
2 61763  97.2913  85.4686 0006868 120.7965 239.3967 15.55426569143848
ONEWEB-0130
1 47276U 20100U   26208.59557605  .00000510  00000-0  13810-2 0  9990
2 47276  87.8987 342.6224 0001963  98.3697 261.7654 13.12443559269947
ONEWEB-0107
1 48048U 21025G   26208.70726377 -.00000271  00000-0 -77665-3 0  9997
2 48048  87.8989 312.1524 0002033  96.0584 264.0777 13.13468940258842
YAOGAN 26
1 40362U 14088A   26208.53131472  .00007347  00000-0  13800-3 0  9996
2 40362  97.0651 207.8416 0001549 219.5470 140.5669 15.48885413643944
PLEIADES 1
1 38012U 11076F   26208.54208204  .00000471  00000-0  11115-3 0  9996
2 38012  98.1967 283.0989 0001502  75.2568  37.9487 14.58553447777876
ONEWEB-0676
1 56712U 23068C   26208.10724027  .00000114  00000-0  26412-3 0  9995
2 56712  87.9083 220.8487 0001707  95.4519 264.6807 13.16593061156951
IRIDE-MS1-EAG2-10
1 68451U 26067AM  26208.63363461  .00006563  00000-0  31391-3 0  9995
2 68451  97.4522 166.5534 0000955 133.8897 226.2417 15.19323986 18081
NETSAT-1
1 46506U 20068W   26208.48491834  .00013167  00000-0  38393-3 0  9993
2 46506  97.8753 212.0146 0003616 200.1060 160.0040 15.35501131321487
YAOGAN 15
1 38354U 12029A   26208.54570595  .00000171  00000-0  55399-3 0  9998
2 38354 100.7328  54.0521 0025051 199.1051 160.9124 13.18386313680769
COSMOS 1256
1 12326U 81022G   26208.58427177 -.00000005  00000-0  68024-4 0  9996
2 12326  74.0309 294.4388 0012131  97.5052 326.0678 12.49600851 70648
ONEWEB-0621
1 55162U 23004Y   26208.45005674  .00000518  00000-0  14243-2 0  9997
2 55162  87.8903  13.0522 0001586  88.9125 271.2184 13.11416223171088
ONEWEB-0367
1 49293U 21090Q   26208.23848842  .00000069  00000-0  13808-3 0  9994
2 49293  87.9175 266.4596 0002206  98.3226 261.8158 13.20769933235110
ONEWEB-0152
1 48043U 21025B   26208.71572153 -.00000079  00000-0 -25238-3 0  9999
2 48043  87.8989 312.1602 0001961 102.9800 257.1548 13.13468896258873
QIANFAN-27
1 61560U 24185J   26208.51886950  .00000456  00000-0  17939-3 0  9995
2 61560  88.9793  50.3610 0004873 263.9943  96.0696 14.27564792102519
EMISAR
1 68427U 26067M   26208.33780714  .00008980  00000-0  42022-3 0  9997
2 68427  97.4568 166.4001 0002240 130.8654 229.2776 15.19971410 18047
ROBUSTA-3A
1 60243U 24128J   26208.61102121  .00008787  00000-0  51136-3 0  9993
2 60243  61.9866  65.2430 0036349 136.7219 223.6742 15.12148165112539
ONEWEB-0136
1 47282U 20100AA  26208.82597747  .00000450  00000-0  12162-2 0  9996
2 47282  87.8986 342.5731 0002185 100.0101 260.1274 13.12443125269998
SJ-11-07
1 40261U 14059A   26208.49910177  .00000699  00000-0  14287-3 0  9997
2 40261  97.9929 276.5891 0011324  30.2902 329.8953 14.63775758630815
COSMOS 2114
1 21028U 90114A   26208.45724554  .00000038  00000-0  15410-3 0  9997
2 21028  82.5751 207.9927 0004762 186.1155 340.8912 12.62804650640477
CUAVA-2
1 60527U 24149BM  26208.45925370  .00012892  00000-0  35800-3 0  9994
2 60527  97.3717 290.0671 0007851 140.4470 219.7348 15.36993998108355
KINEIS-1A
1 60084U 24114F   26208.54886810  .00001023  00000-0  13971-3 0  9998
2 60084  97.8925 231.4218 0004594  30.9183 329.2299 14.80701278113365
COSMOS 977
1 10584U 78005B   26208.22729907 -.00000002  00000-0  84266-4 0  9997
2 10584  74.0317 285.7998 0040665  40.4499 349.4272 12.57990887216490
ONEWEB-0194
1 48237U 21031AD  26208.24388608 -.00000318  00000-0 -89217-3 0  9992
2 48237  87.8958 281.7279 0002054 104.8310 255.3047 13.14502494253622
METHANESAT
1 59101U 24043D   26208.40037784  .00001961  00000-0  16993-3 0  9998
2 59101  97.8510 339.6579 0008742 230.6061 129.4387 14.98281771130678
TIANHUI 5B
1 58201U 23168C   26208.50258790  .00000454  00000-0  55892-4 0  9996
2 58201  97.8222 215.3054 0001547  90.0927 270.0467 14.87587356148599
LEMUR 2 ZACHARY
1 42845U 17042W   26208.48648445  .00053193  00000-0  82544-3 0  9995
2 42845  97.3568  41.0794 0003385 203.1784 156.9317 15.53817182495452
GLOBAL-12
1 49772U 21115BA  26208.37695870  .00027366  00000-0  39350-3 0  9999
2 49772  53.1921 210.9423 0003122  89.2605 270.8766 15.55895497262151
MALLIGYONG-1
1 58400U 23179A   26208.51687951  .00003239  00000-0  14121-3 0  9998
2 58400  97.2964  88.9201 0006721 240.7139 119.3426 15.22853998148894
COSMOS 972
1 10539U 77123A   26208.56046155  .00000097  00000-0  60939-4 0  9995
2 10539  75.8334  44.4908 0301533 111.4589 251.8991 13.89165852461658
ONEWEB-0698
1 61604U 24188L   26208.41103300 -.00000486  00000-0 -14078-2 0  9992
2 61604  87.8892  13.0707 0002819 107.3765 252.7671 13.11415778 89744
GLOBALSTAR M070
1 32264U 07048B   26208.60596505 -.00000092  00000-0  66083-4 0  9999
2 32264  51.9774 333.4102 0000688  90.6739 282.6005 12.62336390864875
LEGION 1
1 59625U 24081A   26208.46894957  .00003534  00000-0  18258-3 0  9994
2 59625  97.5008 285.8988 0008306 219.5797 140.4831 15.16916835123645
GLOBALSTAR M040
1 25622U 99004B   26208.61687501 -.00000070  00000-0  18660-3 0  9993
2 25622  51.9909 263.6250 0001105 180.9281 343.3582 12.62036914266446
ZHEDA PIXING 1C
1 37167U 10047C   26208.49109113  .00001660  00000-0  17305-3 0  9994
2 37167  97.9795 190.5481 0019590 150.5561 209.6764 14.91063273856433
BRITE-A TUGSAT-1
1 39091U 13009F   26208.32740846  .00000194  00000-0  80413-4 0  9991
2 39091  98.4015  26.7744 0011292 117.4603 242.7733 14.36556736702810
FORMOSAT7-4/COSMIC2-4
1 44350U 19036M   26208.20730482  .00002657  00000-0  20148-3 0  9997
2 44350  23.9966 184.6659 0000695 309.8430  50.2010 14.96650037390077
COSMOS 2273
1 23004U 94011F   26208.72655072  .00000032  00000-0  11690-3 0  9991
2 23004  82.5755 289.1168 0006448  98.8657  69.5519 12.62920601495869
COSMOS 1055
1 11132U 78109E   26208.45190047  .00000003  00000-0  12873-3 0  9998
2 11132  74.0167  30.6135 0016570  94.4955 288.9433 12.46953421168580
KUIPER-00593
1 69278U 26118M   26208.39966973  .00024432  00000-0  66744-3 0  9995
2 69278  51.8691 218.4432 0003148 329.3180  30.7622 15.37257674 10233
SHIYAN 19 (SY-19)
1 55861U 23034A   26208.52814877  .00021286  00000-0  28421-3 0  9996
2 55861  97.3879  66.3630 0005092 175.6947 184.4354 15.58087782188848
COSMOS 2043
1 20237U 89074F   26208.39131655  .00000042  00000-0  17149-3 0  9994
2 20237  82.5754 197.4202 0004955 120.1766  34.9645 12.63553765699972
YAOGAN-43 O1B
1 60459U 24148B   26208.43214078  .00011631  00000-0  31577-3 0  9998
2 60459  34.9916 235.7613 0008780 223.0585 136.9448 15.36727503108624
KL-ALPHA B
1 44786U 19077B   26208.49136439  .00000173  00000-0  22890-3 0  9995
2 44786  88.9101 215.6901 0027816  36.4865 323.8177 13.56006075330648
COSMOS 1349
1 13127U 82030A   26208.26499640  .00000030  00000-0  15916-4 0  9994
2 13127  82.9315 132.5664 0029395 286.4498 236.6040 13.74031189220811
TIROS N
1 11060U 78096A   26208.03734991  .00000118  00000-0  75738-4 0  9996
2 11060  98.4531 227.2845 0011473 123.4024 236.8252 14.19385336684405
ICEYE-X74
1 68500U 26067CN  26208.30664667  .00003062  00000-0  30879-3 0  9997
2 68500  97.7637 165.9441 0000655 188.6172 171.5036 14.91843889 17702
PICOSAT 3
1 26091U 00004J   26208.59968308  .00002263  00000-0  48261-3 0  9995
2 26091 100.1852 330.4999 0024310 193.6213 166.4327 14.60095415396326
COSMOS 1876
1 18335U 87074B   26208.69773144  .00000029  00000-0  10270-3 0  9999
2 18335  82.5751 296.9590 0005568  39.8822 127.6641 12.62817915792205
COSMOS 940
1 10286U 77079B   26208.50339332  .00000018  00000-0  19669-3 0  9996
2 10286  74.0221 233.7544 0043183 156.0529 276.9209 12.58903498217251
COSMOS 2532
1 43753U 18097C   26208.51401490 -.00000086  00000-0 -68988-3 0  9997
2 43753  82.5117 197.0924 0017459 333.7301  26.2891 12.42910597347288
KANOPUS-V 3
1 43180U 18014A   26208.68146685  .00004472  00000-0  19476-3 0  9999
2 43180  97.3537 113.3797 0001748  89.0414 271.1023 15.22715585470883
OT-FOREST-19 PATADASTRA
1 69001U 26100X   26208.21063210  .00001556  00000-0  15569-3 0  9994
2 69001  97.7319 105.0162 0000994 134.7367 225.3933 14.92854022 12661
KUIPER-00620
1 69295U 26118AE  26208.50002315 -.01946975  00000-0 -83723-1 0  9990
2 69295  51.8784 218.2968 0002187 324.0945  84.1425 15.25466195  3334
KUIPER-00433
1 68869U 26095F   26208.91689551  .00014236  00000-0  18894-2 0  9999
2 68869  51.9024  73.0506 0000230 180.2047 179.8915 14.79999277 13613
COSMOS 506
1 06119U 72057C   26208.60526090 -.00000018  00000-0 -96532-5 0  9995
2 06119  74.0303 337.9344 0073157 346.0261  26.3411 12.56207633477093
IRIDIUM 119
1 42959U 17061E   26208.45290206  .00000283  00000-0  94142-4 0  9997
2 42959  86.3980   8.4116 0002095  94.2864 265.8571 14.34218072460583
ONEWEB-0357
1 49219U 21083AK  26208.58446292  .00000108  00000-0  23421-3 0  9991
2 49219  87.9172 266.3819 0002267  93.8985 266.2408 13.20773842242143
QIANFAN-195
1 69413U 26125N   26208.85627425 -.02021347  00000-0 -21291+1 0  9992
2 69413  88.9941 275.8889 0023154  46.9219 313.3880 13.78712745  7432
METEOR 1-23
1 08519U 75124A   26208.14411296  .00000055  00000-0  23400-4 0  9991
2 08519  81.2423  85.4808 0012865 207.2306 152.8193 14.11396139602522
GRUS-3F
1 69894U 26156AB  26208.19945417  .00001233  00000-0  12850-3 0  9992
2 69894  97.7544 108.3272 0007281  83.2844 276.9203 14.91549343  2963
ORBCOMM FM 116
1 41189U 15081L   26208.02290261  .00000578  00000-0  15837-3 0  9995
2 41189  47.0023  82.2607 0001780 259.5601 100.5084 14.58920098564751
HJS-9D
1 68834U 26091D   26208.52941881  .00004626  00000-0  23180-3 0  9998
2 68834  54.9972 205.3947 0012326 180.4322 179.6689 15.19187173 14331
KUIPER-00604
1 69769U 26151G   26208.78317165  .00027345  00000-0  72245-3 0  9992
2 69769  51.8810 119.3641 0002711 148.6476 211.4674 15.38230409  3951
QIANFAN-124
1 68651U 26075R   26208.55250614  .00000120  00000-0  16664-3 0  9991
2 68651  88.9920 316.8692 0002453 112.3668 247.7744 13.51018766 15267
QUBE2
1 69023U 26100AV  26208.50914986  .00008061  00000-0  36889-3 0  9991
2 69023  97.4030 105.6128 0002303 173.6696 186.4569 15.20776344 12937
ONEWEB-0578
1 56067U 23043X   26208.52450955  .00000025  00000-0  28334-4 0  9990
2 56067  87.9228 235.9444 0001897  85.3450 274.7901 13.21827066163560
BIFROST-DNK
1 64588U 25135BN  26208.50695207  .00002416  00000-0  22726-3 0  9994
2 64588  97.7774 322.8280 0003884 196.4606 163.6489 14.94812876 59937
GLOBALSTAR M076
1 37190U 10054C   26208.40859325 -.00000096  00000-0  42311-4 0  9995
2 37190  52.0053 345.6969 0001019 110.2711 283.4710 12.62262756727957
METEOR 3-6
1 22969U 94003A   26208.12604692  .00000145  00000-0  34382-3 0  9995
2 22969  82.5598  59.0885 0016121 106.5947 253.6947 13.17063692562495
BEIJING 1 (TSINGHUA)
1 28890U 05043A   26208.55610887  .00000413  00000-0  88968-4 0  9998
2 28890  98.2958 342.0045 0015141 150.9181 209.2867 14.63554638106551
GRAVITAS
1 68495U 26067CH  26208.50002315 -.00347461  00000-0 -52923-1 0  9996
2 68495  97.7605 163.2636 0006814 198.7025 224.3664 14.76139714  5427
KUIPER-00549
1 69616U 26140AA  26208.36980955  .00023924  00000-0  65386-3 0  9995
2 69616  51.8763 204.5380 0007526  56.5345 303.6360 15.37237290  7412
ONEWEB-0263
1 48981U 21060Q   26208.50148845  .00000036  00000-0  61126-4 0  9991
2 48981  87.9080 220.7733 0002306  97.1692 262.9702 13.16594856244896
KUIPER-00056
1 64516U 25134S   26208.59665034  .00004204  00000-0  58007-3 0  9996
2 64516  51.9036 324.4771 0000415 107.5596 252.5411 14.79938380 60939
KUIPER-00541
1 69610U 26140U   26208.40906448  .00015969  00000-0  42334-3 0  9997
2 69610  51.8794 204.0726 0008280   3.3165 356.7876 15.38459525  7427
KUIPER-00205
1 67774U 26030L   26208.23458146  .00006555  00000-0  88863-3 0  9990
2 67774  51.9084 286.0365 0000539 278.2102  81.8800 14.79901054 26260
ONEWEB-0426
1 50498U 21132AF  26208.75528252  .00000060  00000-0  11994-3 0  9992
2 50498  87.9206 327.3823 0001185  95.5022 264.6245 13.18685760226932
GLOBALSTAR M023
1 25621U 99004A   26208.56006975  .00000019  00000-0  68486-3 0  9999
2 25621  52.0092 259.0446 0009457 303.5740 204.3117 12.62533810266938
ONEWEB-0278
1 48996U 21060AF  26208.77222988 -.00000006  00000-0 -49463-4 0  9996
2 48996  87.9075 220.7118 0002089  85.7301 274.4068 13.16594512245030
RESOURCESAT 2
1 37387U 11015A   26208.48878564  .00000072  00000-0  52958-4 0  9996
2 37387  98.7624 275.6473 0012175 137.6150 222.5970 14.21601880791903
HINODE (SOLAR B)
1 29479U 06041A   26208.51880185  .00000754  00000-0  13775-3 0  9998
2 29479  98.0550 224.0774 0018076 155.8031 204.4027 14.68672286 60792
COSMOS 2165
1 21779U 91077A   26208.45976990  .00000031  00000-0  10999-3 0  9992
2 21779  82.6041 206.4776 0009760 329.5182 196.9173 12.64922248602085
STPSAT-5
1 43762U 18099E   26208.08644230  .00005282  00000-0  29436-3 0  9998
2 43762  97.4067 256.7865 0003367 166.5981 193.5341 15.14007598418909
COSMOS 1235
1 12114U 80102H   26208.65309740 -.00000025  00000-0 -50319-4 0  9993
2 12114  73.9970 332.7887 0032282  37.2149 335.1292 12.56235168 90673
SAUDISAT 5A
1 43831U 18102A   26208.49851454  .00005387  00000-0  19712-3 0  9995
2 43831  97.3048 269.3064 0009178   2.1666 357.9612 15.28428273421831
IRIDIUM 180
1 43922U 19002A   26208.60170051 -.00000014  00000-0 -12200-4 0  9996
2 43922  86.4003 336.7065 0002006  92.3571 267.7855 14.34217432394780
ONEWEB-0581
1 56069U 23043Z   26208.42863769  .00000080  00000-0  17516-3 0  9992
2 56069  87.9074 220.7892 0001530  99.4461 260.6843 13.16595783164250
METOP-B
1 38771U 12049A   26208.52353817  .00000114  00000-0  71944-4 0  9999
2 38771  98.6482 259.2130 0001674 199.1677 160.9438 14.21449236718996
ONEWEB-0088
1 45457U 20020AK  26208.41442259 -.00000546  00000-0 -15771-2 0  9998
2 45457  87.8914  13.0308 0001474  83.5883 276.5413 13.11417116307813
KUIPER-00231
1 68580U 26072H   26208.50002315 -.00022216  00000-0 -31434-2 0  9990
2 68580  51.8987 349.7769 0004918  63.7076 205.7840 14.76447104  5888
COSMOS 2337
1 24725U 97006A   26208.51370084  .00000043  00000-0  18700-3 0  9994
2 24725  82.6059 254.6158 0009694  39.6210 320.5587 12.60725368354936
DMSP 5D-2 F15 (USA 147)
1 25991U 99067A   26208.54701625  .00000158  00000-0  10037-3 0  9993
2 25991  98.9944 247.6020 0008931 244.7593 281.4923 14.17575253376361
HULIANWANG DIGUI-101
1 66417U 25258F   26208.28442282 -.00000086  00000-0  81380-4 0  9995
2 66417  49.9990 151.8030 0000703 301.8804  58.2000 13.29325242 35071
HULIANWANG DIGUI-135
1 67243U 25311H   26208.38284220 -.00000103  00000-0  45545-4 0  9993
2 67243  50.0044 331.7263 0000858 114.7708 245.3254 13.29324041 28689
FLOCK 4G 1
1 62666U 25009BK  26208.22081448  .00010839  00000-0  37083-3 0  9994
2 62666  97.4019 290.0742 0005104 160.3030 199.8408 15.30413588 85038
KUIPER-00096
1 65135U 25171D   26208.12650125  .00002808  00000-0  39713-3 0  9990
2 65135  51.8977 261.4820 0000241  79.1472 280.9517 14.79936719 53544
MBZ-SAT
1 62626U 25009T   26208.18371864  .00001012  00000-0  53194-4 0  9994
2 62626  97.3959 285.5552 0005222 174.5204 185.6088 15.17881152 84751
ONEWEB-0561
1 56710U 23068A   26208.19725747  .00000108  00000-0  23343-3 0  9995
2 56710  87.9174 266.4700 0001899 106.1977 253.9365 13.20771188154786
NOAA 5
1  9057U 76077A   26208.44002440 -.00000025  00000-0  16353-3 0  9993
2  9057 102.3051 194.7616 0009350 267.8396 261.4001 12.37832836259459
COSMOS 2161
1 21732U 91068E   26208.61706884  .00000046  00000-0  18928-3 0  9998
2 21732  82.5740 258.9504 0009921 237.4343 277.1631 12.65279429608371
CENTISPACE-2 S1
1 68350U 26060A   26208.53108361  .00000288  00000-0  11715-3 0  9997
2 68350  54.9802 236.4740 0007060 260.1070  99.9122 14.50077660 18644
NUSAT-41 (C PAYNE-G)
1 56944U 23084N   26208.54283547  .00011693  00000-0  40295-3 0  9994
2 56944  97.5558 345.9174 0007910 165.9358 194.2104 15.30147910173953
OTTER SDM
1 66678U 25276N   26208.67025001  .00007332  00000-0  34148-3 0  9992
2 66678  97.4201 281.4815 0005213 201.2156 158.8864 15.20191186 36569
PELICAN-9 3010
1 69019U 26100AR  26208.19422158  .00002363  00000-0  10176-3 0  9996
2 69019  97.3436 105.2280 0002849 100.7373 259.4185 15.23562469 12898
ICEYE-X82
1 68996U 26100S   26208.21106836  .00002635  00000-0  26883-3 0  9998
2 68996  97.7316 104.8526 0005124  34.0526 326.1021 14.91473545 12664
IRIDE-MS1-EAG2-14
1 68447U 26067AH  26208.62959382  .00008708  00000-0  41394-3 0  9999
2 68447  97.4537 166.5818 0001326 131.4310 228.7039 15.19439541 18086
QIANFAN-40
1 62241U 24232E   26208.53531183  .00000045  00000-0  51350-4 0  9992
2 62241  89.0111  18.1100 0011519 267.4255  92.5578 13.51022917130210
KUIPER-00152
1 65772U 25217L   26208.82115253  .00004409  00000-0  60695-3 0  9995
2 65772  51.9000 130.9406 0000808  89.3132 270.7923 14.79939171 45807
LEMUR 2 HUBBLE-5
1 64840U 25135BT  26208.27084623  .00002185  00000-0  20900-3 0  9998
2 64840  97.7746 322.3993 0005257 189.0191 171.0936 14.94246589 59893
SDA_1672
1 65982U 25230J   26208.30086870  .00000126  00000-0  10626-3 0  9999
2 65982  81.3021 175.0076 0001374  76.4126 283.7182 13.82258506 39333
UME 1 (ISS 1)
1  8709U 76019A   26208.57052456  .00000027  00000-0  87540-4 0  9996
2  8709  69.6735  51.9973 0013056 249.4143 140.4749 13.71749414522636
QIANFAN-110
1 68637U 26075B   26208.51549389  .00000133  00000-0  18771-3 0  9996
2 68637  88.9921 316.9182 0002107 105.9427 254.1956 13.51018179 15236
ONEWEB-0141
1 47287U 20100AF  26208.80210635 -.00000156  00000-0 -46968-3 0  9994
2 47287  87.8989 342.5761 0001702  89.8804 270.2520 13.12444154270000
QIANFAN-96
1 66038U 25233F   26208.53433205  .00000056  00000-0  68083-4 0  9991
2 66038  88.9981  39.1204 0002237  95.6048 264.5358 13.51016270 38621
KUIPER-00154
1 65969U 25228Y   26208.03634169 -.00000411  00000-0 -24972-4 0  9990
2 65969  51.9005  79.4134 0000882 100.5295 259.5767 14.79925942 44219
ALSAT 2B
1 41786U 16059D   26208.48264943  .00001063  00000-0  18159-3 0  9992
2 41786  97.9883 269.9756 0002246  89.8457 270.3007 14.70920318526693
DEMETER
1 28368U 04025C   26208.41958796  .00001575  00000-0  19662-3 0  9990
2 28368  98.1301 189.0209 0001718  60.5457 299.5928 14.83857535186642
COSMOS 644
1 07268U 74024D   26208.28260075 -.00000015  00000-0  87418-5 0  9998
2 07268  74.0208 320.0591 0094626 228.3100 130.9834 12.63695071410754
ONEWEB-0696
1 56723U 23068P   26208.55909267  .00000139  00000-0  33579-3 0  9996
2 56723  87.8970 251.1764 0002266 107.5091 252.6287 13.15550184154677
KUIPER-00516
1 69599U 26140H   26208.36185349  .00026139  00000-0  69942-3 0  9992
2 69599  51.8763 204.4865 0007483  35.7502 324.3984 15.37842512  7416
COSMOS 791
1  8607U 76008A   26208.35921507  .00000008  00000-0  14350-3 0  9996
2  8607  74.0540  79.0315 0054376 162.3019 313.3135 12.55046484313358
FLOCK 4BE 30
1 60499U 24149AH  26208.66541918  .00281268  00000-0  22620-2 0  9997
2 60499  97.3732 295.9098 0005761 212.0019 148.0894 15.70088004108092
ONEWEB-0616
1 55157U 23004T   26208.38919713  .00000057  00000-0  11442-3 0  9998
2 55157  87.9162 357.8724 0002254 118.2961 241.8398 13.17647951172992
MACSAT 1 (M 1)
1 20607U 90043A   26208.11138635  .00000491  00000-0  65905-4 0  9990
2 20607  89.7497 243.0927 0087738 214.9545 144.5898 14.75212227920262
COSMOS 1879
1 18338U 87074E   26208.58403553  .00000037  00000-0  14270-3 0  9997
2 18338  82.5679 257.2514 0007574 110.0756  44.6643 12.65028876795161
KUIPER-00189
1 68574U 26072B   26208.50355588  .00003726  00000-0  51742-3 0  9994
2 68574  51.8994  19.8537 0000626 113.7771 246.3257 14.79936962 17050
UITMSAT
1 67686U 98067YC  26208.07229562  .00111729  00000-0  85781-3 0  9997
2 67686  51.6246  89.3673 0003204 331.3101  28.7720 15.71208947 26565
COSMOS 2132
1 21107U 91009H   26208.16856912 -.00000008  00000-0  48084-4 0  9993
2 21107  74.0295  89.1956 0034490 241.2466 237.2900 12.55502913624810
COSMOS 2303
1 23445U 94086E   26208.25783027  .00000018  00000-0  39437-4 0  9996
2 23445  82.5784 320.5199 0012492 116.2622 269.0460 12.60563456453031
METEOR 2-11
1 15099U 84072A   26208.42263018  .00000056  00000-0  36683-4 0  9990
2 15099  82.5314   7.0753 0012615 342.8279  17.2453 13.85304753125910
BRO-15
1 60553U 24149CP  26208.17035215  .00000957  00000-0  89822-4 0  9995
2 60553  97.6791 282.7929 0006746 324.1487  35.9281 14.96243021105984
QIANFAN-21
1 61554U 24185C   26208.56656230  .00000545  00000-0  23632-3 0  9995
2 61554  88.9722  50.4141 0010327 357.6501   2.4640 14.22891616102227
COSMOS 732
1 07820U 75045A   26208.71899801 -.00000012  00000-0  23776-4 0  9992
2 07820  74.0197 299.7298 0042104 123.5318  44.8167 12.56724882347365
CENTISPACE-1 S12
1 62581U 25007G   26208.49909064 -.00000082  00000-0  55662-4 0  9994
2 62581  54.9761 150.3927 0014158 200.3415 159.6979 13.80615251 80306
HULIANWANG DIGUI-87
1 65995U 25231A   26208.76199087 -.00000102  00000-0  47814-4 0  9994
2 65995  50.0013  30.3053 0000377  39.3263 320.7637 13.29328601 38286
OT-FOREST-3 BJOERNTBW
1 62682U 25009CB  26208.19029463  .00007153  00000-0  28708-3 0  9996
2 62682  97.3898 287.1421 0004913 183.0526 177.0683 15.25268184142536
YAOGAN-34
1 48340U 21037A   26208.55786407  .00000010  00000-0  16870-3 0  9998
2 48340  63.4040  42.6900 0044043 352.6472   7.3903 13.45436794257432
HULIANWANG DIGUI-94
1 66002U 25231H   26208.49481721 -.00000098  00000-0  55402-4 0  9999
2 66002  50.0070  31.0365 0000433  21.9354 338.1536 13.29326409 38256
IONOSFERA-M 02
1 61736U 24199B   26208.52465108  .00000065  00000-0  48455-4 0  9998
2 61736  98.7115  81.1710 0000995 129.9552 230.1714 14.22764342136564
USA 17
1 16625U 86014F   26208.34947558  .00006857  00000-0  65458-3 0  9999
2 16625  63.3041 350.5629 0782789 116.4188 251.9330 13.74854925348342
KUIPER-00196
1 67144U 25301M   26208.17057269 -.00002607  00000-0 -34177-3 0  9990
2 67144  51.8972 133.0429 0001824  34.0297 326.0780 14.76341043 34880
ONEWEB-0382
1 49308U 21090AF  26208.59960919  .00000029  00000-0  39230-4 0  9994
2 49308  87.9174 266.3808 0001776  99.9500 260.1833 13.20772417235151
COSMOS 1755
1 16765U 86042H   26208.33905390 -.00000018  00000-0 -94690-5 0  9999
2 16765  74.0184 110.6897 0029661 233.4434 237.0965 12.54344915838009
COSMOS 1017
1 10934U 78056E   26208.40640809 -.00000004  00000-0  78392-4 0  9990
2 10934  74.0275  15.5236 0021268 138.9664 244.2789 12.47612609192299
ONEWEB-0528
1 54643U 22166B   26208.14518385 -.00000020  00000-0 -80857-4 0  9998
2 54643  87.9227 236.0460 0002205  97.1354 263.0031 13.21826409176823
SHIYAN 20B (SY-20B)
1 54700U 22169B   26208.52378552  .00000080  00000-0  84452-4 0  9996
2 54700  59.9962 107.2047 0007475 267.0426  92.9754 14.29552073189124
IRIDIUM 109
1 41919U 17003C   26208.55488691  .00000293  00000-0  97659-4 0  9993
2 41919  86.3928  71.6333 0002144  87.2187 272.9254 14.34218640498981
ORBCOMM FM 12
1 25115U 97084D   26208.77721943  .00000932  00000-0  29448-3 0  9994
2 25115  45.0127 222.5690 0001832 140.5598 219.5387 14.46813117499987
ONEWEB-0674
1 55833U 23029AP  26208.21853744 -.00000061  00000-0 -19777-3 0  9995
2 55833  87.8956 281.7386 0001751 109.0920 251.0400 13.14501759164671
APRIZESAT 6
1 37793U 11044F   26208.26414197  .00000810  00000-0  12137-3 0  9997
2 37793  98.2325 119.5768 0042180 319.2420 157.6088 14.76972569803061
SHIJIAN 6 02B (SJ-6 02B)
1 29506U 06046B   26208.53329551  .00001038  00000-0  84946-4 0  9996
2 29506  97.7140 237.3404 0012291 290.2148  69.7754 15.01457107 76794
COSMOS 1160
1 11695U 80012E   26208.40819328 -.00000014  00000-0  11367-4 0  9994
2 11695  74.0232   1.8360 0011400   7.9781  19.9406 12.47776538116005
YAOGAN 28
1 41026U 15064A   26208.54073892  .00007231  00000-0  26772-3 0  9995
2 41026  97.3119 346.0045 0011616  54.3671 305.8649 15.27897413596842
GLOBALSTAR M072
1 31574U 07020D   26208.38841766 -.00000076  00000-0  10350-3 0  9996
2 31574  51.9959 353.2193 0001628  56.3361 328.0672 11.91658923879778
CLOUDCT-PRECURSOR
1 69939U 26156BY  26208.25365029  .00001463  00000-0  14778-3 0  9990
2 69939  97.7566 108.4143 0011317  95.5635 264.6875 14.92521465  2970
STSAT 3
1 39422U 13066G   26208.52782926  .00003938  00000-0  29727-3 0  9998
2 39422  97.6232 177.7683 0008592 255.5166 104.5106 15.02961490690261
BB 1
1 56171U 23050K   26208.48263419  .00000311  00000-0  18816-3 0  9997
2 56171  80.9991  41.4000 0014748 191.8829 168.1992 14.04352047167155
COSMOS 1809
1 17241U 86101A   26208.25403120  .00000069  00000-0  48260-4 0  9995
2 17241  82.5275 248.7314 0016437  52.0676  20.7563 13.84499031   311
QIANFAN-224
1 69853U 26155F   26208.54846852  .00000258  00000-0  11371-3 0  9991
2 69853  89.0043  59.5488 0030926 181.9615 178.1459 14.20222701  3130
LATINSAT A
1 27612U 02058H   26208.41387318  .00000789  00000-0  10668-3 0  9994
2 27612  64.5528 196.6993 0051027 241.9169 117.6774 14.85537690273609
COSMOS 1477
1 14175U 83069E   26208.57261803  .00000011  00000-0  17295-3 0  9993
2 14175  74.0242 261.0894 0001528 108.4458  45.4286 12.50457806965631
COSMOS 1535
1 14679U 84010A   26208.70920308  .00000075  00000-0  62186-4 0  9996
2 14679  82.9598 124.8210 0040944 220.4541 154.1232 13.75450763100423
FORMOSAT-5
1 42920U 17049A   26208.53422485  .00000138  00000-0  46106-4 0  9992
2 42920  98.2240 282.9445 0010613 324.2755  35.7729 14.50895863472529
EGS (AJISAI)
1 16908U 86061A   26208.52430051 -.00000108  00000-0 -77708-4 0  9997
2 16908  50.0114  23.3596 0011078 283.3164 121.3630 12.44516665485417
ONEWEB-0392
1 50472U 21132D   26208.40269826  .00000101  00000-0  22776-3 0  9991
2 50472  87.9167 357.8521 0001530  86.4554 273.6753 13.17648079223411
HULIANWANG DIGUI-147
1 67523U 26013B   26208.37144341 -.00000088  00000-0  78250-4 0  9993
2 67523  50.0028 211.6627 0001247 265.3802  94.6928 13.29327623 25390
PROBA 2
1 36037U 09059B   26208.33645423  .00000209  00000-0  59245-4 0  9990
2 36037  98.2463  31.1361 0013854 151.9029 208.2918 14.54878245887366
YAOGAN-30 AC
1 48863U 21055D   26208.54115362  .00002463  00000-0  18222-3 0  9990
2 48863  34.9952 265.5546 0003019 168.1921 191.8859 15.02844823278967
ONEWEB-0216
1 48801U 21045AL  26208.57654817  .00000156  00000-0  38069-3 0  9995
2 48801  87.8978 251.1492 0001953  95.9173 264.2180 13.15548668249618
REX
1 21527U 91045A   26208.15282941  .00000114  00000-0  43366-4 0  9998
2 21527  89.5307 258.0330 0067160 213.0009 146.6984 14.23590248820788
COSMOS 985
1 10599U 78007A   26208.36975250  .00000042  00000-0  26578-4 0  9999
2 10599  82.9425 358.5012 0054259  81.6237 279.1066 13.76934202437408
NETSAT-4
1 46504U 20068U   26208.48737314  .00018392  00000-0  38975-3 0  9998
2 46504  97.8607 220.0063 0006200 154.8949 205.2601 15.45132743321994
OPS 8579 (DMSP 5B F5)
1 07218U 74015A   26208.29830171  .00000252  00000-0  10942-3 0  9992
2 07218  98.9913 312.9127 0055760 188.6371 171.3857 14.32206273726693
NAPA-1
1 46320U 20061BA  26208.16905558  .00096677  00000-0  68121-3 0  9997
2 46320  97.2429 283.8201 0002520 166.8137 193.3194 15.73797139328011
METEOR 2-10
1 14452U 83109A   26208.25180870  .00000136  00000-0  47812-4 0  9992
2 14452  81.1638 316.5148 0091076  86.4348 274.7243 14.27287042223136
IONOSFERA-M 03
1 64876U 25155A   26208.50809080  .00000048  00000-0  41366-4 0  9993
2 64876  98.6058 169.4036 0002506  93.5249 266.6215 14.21492633 52137
KUIPER-00572
1 69272U 26118F   26208.50002315 -.01733405  00000-0 -13564+0 0  9991
2 69272  51.8853 220.8707 0004416 340.4184 158.0604 15.04062600  4544
CENTISPACE-1 S6
1 54021U 22126B   26208.54347706  .00000713  00000-0  17708-3 0  9996
2 54021  54.9994  53.5140 0015393 150.3665 209.8204 14.62333401202904
COSMOS 1053
1 11130U 78109C   26208.37604045 -.00000004  00000-0  80497-4 0  9995
2 11130  74.0142 194.3427 0037431 202.2018 310.1650 12.51508860176522
KUIPER-00079
1 64826U 25151L   26208.54679860  .00003705  00000-0  51476-3 0  9994
2 64826  51.8997  42.1045 0000646 103.6054 256.4980 14.79933712 57213
NINGXIA-1 10
1 49022U 21064E   26208.50463182 -.00000182  00000-0 -28830-4 0  9995
2 49022  45.0001  44.2936 0007533  92.0706 268.0993 14.08557709259918
CHECKMATE 8
1 56162U 23050A   26208.54032581  .00000110  00000-0  87362-4 0  9998
2 56162  81.0006  33.0614 0006066 206.5744 153.5102 13.84964255167738
KUIPER-00025
1 63739U 25088R   26208.47550476  .00001302  00000-0  19972-3 0  9994
2 63739  51.9023 202.4994 0000649  36.1578 323.9428 14.79948899 68518
SIMSAT 1
1 26365U 00026A   26208.21928493  .00002279  00000-0  81294-4 0  9994
2 26365  86.3447 112.0347 0008076 170.8613 189.2783 15.28265338448503
SHIYAN 4 (SY-4)
1 37931U 11068B   26208.81127885  .00000173  00000-0  82178-4 0  9998
2 37931  98.6952 227.8666 0023449  29.3229 143.7191 14.31142318764708
PICOSAT 1&2 (TETHERED)
1 26080U 00004H   26208.33306967  .00000650  00000-0  19155-3 0  9990
2 26080 100.2126 252.5104 0029959  50.1862 310.1955 14.47767353392729
ONEWEB-0633
1 56074U 23043AE  26208.16931889 -.00000035  00000-0 -12739-3 0  9992
2 56074  87.8979 251.2245 0002448  98.0922 262.0486 13.15548838161665
ONEWEB-0640
1 55804U 23029J   26208.66889775  .00000092  00000-0  21350-3 0  9997
2 55804  87.8946 281.6731 0001941 118.7521 241.3804 13.14502835164739
SUOMI100
1 43804U 18099AY  26208.13109425  .00014100  00000-0  49760-3 0  9994
2 43804  97.4171 268.3937 0011350 134.6311 225.5857 15.29289817419524
VIGORIDE 7
1 68473U 26067BK  26208.86818906  .00010141  00000-0  43367-3 0  9996
2 68473  97.4557 167.2056 0009927  20.4084 339.7547 15.22986882 18120
GLOBALSTAR M062
1 26082U 00008B   26208.39769810  .00000035  00000-0  94890-3 0  9998
2 26082  51.9873 344.1506 0006589 256.6276 136.6516 12.43497732547037
ST5-A
1 28980U 06008A   26208.57033874  .00009136  33340-5  36225-3 0  9994
2 28980 105.5077 248.6610 1619276 233.1412 111.0207 12.21180262827610
LYRA-1
1 62664U 25009BH  26208.64300239  .00009872  00000-0  46710-3 0  9992
2 62664  97.3964 282.3920 0009824  60.3446 299.8766 15.19520875 84569
GLOBAL-19
1 55982U 23041B   26208.41383968  .00013565  00000-0  36123-3 0  9997
2 55982  42.0054 327.1637 0010091 276.0608  83.9081 15.37944777188128
HULIANWANG DIGUI-149
1 67525U 26013D   26208.20448417 -.00000084  00000-0  85892-4 0  9994
2 67525  50.0061 212.1725 0001500 263.3196  96.7506 13.29329336 25376
SJ-11-08
1 40286U 14066A   26208.51887296  .00000678  00000-0  13216-3 0  9998
2 40286  98.3566 354.0745 0013333 103.9727 256.2960 14.66215649627121
TYVAK-182A
1 48271U 21034D   26208.12065281  .00005362  00000-0  36713-3 0  9994
2 48271  97.5698 266.3471 0006008 180.1679 179.9547 15.06483383285843
IRIS
1 39197U 13033A   26208.83793059  .00001132  00000-0  13539-3 0  9992
2 39197  97.9313  47.9868 0024254 182.5669 177.5425 14.85959850706412
KUIPER-00014
1 63730U 25088G   26208.19731170  .00000758  00000-0  12833-3 0  9999
2 63730  51.9011 211.1559 0000421  49.5368 310.5631 14.79950035 68044
COSMOS 2213
1 22184U 92068C   26208.26836134  .00000020  00000-0  54103-4 0  9992
2 22184  82.6036 321.5039 0003672  57.1468 329.0314 12.62613615556018
COSMOS 1291
1 12640U 81074E   26208.53429132  .00000018  00000-0  22295-3 0  9992
2 12640  74.0310 246.1656 0004536 204.9757 309.0051 12.50887916 53522
KUIPER-00024
1 63738U 25088Q   26208.31477811 -.00002121  00000-0 -24922-3 0  9990
2 63738  51.9022 195.7298 0001957  80.8112 279.3072 14.79931083 68730
SDA_1682
1 65992U 25230U   26208.64321375  .00000174  00000-0  16119-3 0  9995
2 65992  81.3027 175.4671 0001491  89.8478 270.2847 13.78095937 39334
ONEWEB-0217
1 48245U 21031AM  26208.63400381 -.00000025  00000-0 -10274-3 0  9999
2 48245  87.8965 281.6415 0002401  96.0218 264.1185 13.14503658253494
HAWK-3C
1 48948U 21059BX  26208.51030081  .00041234  00000-0  30450-3 0  9995
2 48948  97.6739  54.8854 0005891 158.7602 201.3907 15.72872091284189
TIANPING 3B-01
1 61615U 24189B   26208.71088381  .00003350  00000-0  26708-3 0  9994
2 61615  97.5158 227.5370 0001742 106.6174 253.5242 15.00979934 96523
FGN-100-D3
1 68464U 26067BA  26208.32017056  .00004797  00000-0  23916-3 0  9992
2 68464  97.4539 166.0760 0001966 345.6660  14.4518 15.18012477 18025
FLOCK 4BE 3
1 60561U 24149CX  26208.70048444  .00020075  00000-0  45999-3 0  9990
2 60561  97.3690 293.0315 0005574 134.4017 225.7688 15.42783068108582
QIANFAN-82
1 63168U 25046K   26208.52655301  .00000151  00000-0  21450-3 0  9998
2 63168  88.9721 296.3893 0013051 182.8410 177.2669 13.51021929 78090
RADARSAT
1 23710U 95059A   26208.46961742  .00000226  00000-0  99520-4 0  9997
2 23710  98.5475 216.8761 0000952  84.0925 276.0367 14.32424869604114
FLOCK 4G 36
1 62675U 25009BU  26208.19492098  .00011643  00000-0  40275-3 0  9998
2 62675  97.4009 289.7584 0005439 160.9628 199.1817 15.30034915 85014
ONEWEB-0686
1 56721U 23068M   26208.78647962  .00000127  00000-0  29936-3 0  9999
2 56721  87.9067 220.7244 0002317  86.0791 274.0605 13.16594595157055
ONEWEB-0516
1 54134U 22138X   26208.70920563 -.00000049  00000-0 -15437-3 0  9991
2 54134  87.9181 296.9042 0002181  99.0461 261.0919 13.19724554182174
HULIANWANG DIGUI-26
1 63693U 25086G   26208.54128531  .00000019  00000-0  10436-4 0  9993
2 63693  86.5093 299.6277 0002453 111.1836 248.9561 13.24409920 60204
ONEWEB-0600
1 54664U 22166Y   26208.38826299 -.00000007  00000-0 -47616-4 0  9994
2 54664  87.9221 235.9764 0002166 102.0514 258.0863 13.21827179176827
LOPEN
1 60473U 24149F   26208.21510734  .00015800  00000-0  38770-3 0  9993
2 60473  97.3775 291.9238 0003067 111.9092 248.2481 15.40778452108420
KUIPER-00188
1 67142U 25301K   26208.56595082  .00001514  00000-0  22757-3 0  9996
2 67142  51.9032 149.7191 0000808  89.1256 270.9799 14.79925443 34683
CYGFM02
1 41886U 16078C   26208.50750757  .00039588  00000-0  35458-3 0  9994
2 41886  34.9412 312.0755 0005518 218.3798 141.6537 15.67214517535494
HODOYOSHI 4
1 40011U 14033B   26208.51149715  .00000808  00000-0  92826-4 0  9995
2 40011  97.5462  31.3924 0023749 168.3088 191.8686 14.88212985654802
SKYSAT C5
1 41772U 16058C   26208.41133819  .00007424  00000-0  22887-3 0  9996
2 41772  97.0453 247.2342 0003684 132.3817 227.7739 15.33864475549912
HULIANWANG DIGUI-117
1 66956U 25287D   26208.23526808  .00000035  00000-0  46886-4 0  9992
2 66956  86.4932 268.8547 0000660 102.6409 257.4799 13.24413372 30646
LEMU-NGE
1 60532U 24149BS  26208.67770618  .00002538  00000-0  23669-3 0  9993
2 60532  97.6825 282.8186 0001028 143.6271 216.5020 14.95100144106007
EGYPTSAT 1
1 31117U 07012A   26208.42270922  .00001149  00000-0  15958-3 0  9995
2 31117  98.0619 164.7516 0004450 352.2900   7.8242 14.79826714 35664
ONEWEB-0365
1 49291U 21090N   26208.67286258  .00000105  00000-0  23060-3 0  9999
2 49291  87.9188 296.9083 0002126 100.5273 259.6100 13.19726968231768
YAOGAN 42-01
1 59395U 24063A   26208.40907184  .00007331  00000-0  30526-3 0  9990
2 59395  34.9969 232.8798 0003739 305.7367  54.3000 15.23025407128984
KUIPER-00251
1 67156U 25301Z   26208.89277032 -.00006459  00000-0 -81875-3 0  9990
2 67156  51.8985 158.1848 0001726  79.4705 280.6452 14.79946241 34782
PATHFINDER 1
1 41787U 16059E   26208.22391268  .00000742  00000-0  13759-3 0  9990
2 41787  97.8184 205.6968 0029940  79.2534 281.2040 14.67706679525581
FORMOSAT-7R/TRITON
1 58017U 23155B   26208.70219855  .00001797  00000-0  18643-3 0  9991
2 58017  97.8347 289.8121 0000801  47.0160 313.1125 14.91226263152267
COSMOS 1435
1 13767U 83002G   26208.85421167  .00000010  00000-0  15852-3 0  9994
2 13767  74.0230  50.1616 0033753  91.5494 281.0103 12.55714324994847
ONEWEB-0349
1 49281U 21090C   26208.60634059 -.00000016  00000-0 -70547-4 0  9993
2 49281  87.9171 266.3860 0002041  97.9766 262.1599 13.20771769235165
YUNHAI 2-2F
1 59285U 24052F   26208.53064656  .00000059  00000-0  87993-4 0  9999
2 59285  50.0129  31.9871 0005088 323.2300  36.8265 14.28002676124925
ONEWEB-0596
1 54662U 22166W   26208.12248210  .00000153  00000-0  33862-3 0  9992
2 54662  87.9227 236.0351 0002147  93.5584 266.5796 13.21824907176819
GEESAT 1-05
1 52789U 22058E   26208.49745875  .00004585  00000-0  37543-3 0  9992
2 52789  49.9881 348.7544 0002527 259.1358 100.9303 15.00967599226261
ONEWEB-0188
1 48231U 21031X   26208.24707318  .00000008  00000-0 -12584-4 0  9998
2 48231  87.8949 281.7405 0002032  96.0320 264.1041 13.14503176253402
SRMSAT
1 37841U 11058D   26208.01695337  .00000371  00000-0  57374-4 0  9991
2 37841  19.9703 178.3861 0011523 282.2686 129.1795 14.11583108763455
KUIPER-00120
1 65762U 25217A   26208.25664632  .00003626  00000-0  50443-3 0  9991
2 65762  51.8979 155.8880 0000767  83.0807 277.0242 14.79926693 45401
YAOGAN-30 W
1 46809U 20076C   26208.39720395  .00002455  00000-0  18160-3 0  9993
2 46809  34.9941 205.7733 0005501  57.3389 302.7849 15.02852379314195
RADIO 8
1 12998U 81120B   26208.44139069  .00000109  00000-0  11823-2 0  9992
2 12998  82.9579  99.1319 0020361  41.9284  80.9313 12.03198778959006
GHGSAT-C5
1 52744U 22057N   26208.51074385  .00006668  00000-0  20018-3 0  9999
2 52744  97.6727 357.3230 0005962 349.2776  10.8338 15.34786604231727
COSMOS 2292
1 23278U 94061A   26208.47821373  .00003337  00000-0  26951-3 0  9997
2 23278  82.9686 242.7432 0818523  41.0328 324.9531 13.71166947563525
ONEWEB-0268
1 48986U 21060V   26208.76746460  .00000005  00000-0 -19332-4 0  9990
2 48986  87.9076 220.7196 0001914  92.0619 268.0731 13.16594023245195
BNU-1
1 44529U 19059B   26208.49625140  .00000363  00000-0  10910-3 0  9993
2 44529  98.6104 338.3399 0012012 249.3870 110.6034 14.48415045362823
CARTOSAT 2C
1 41599U 16040A   26208.50111537  .00006016  00000-0  28857-3 0  9996
2 41599  97.4469 267.9185 0008666   2.8282 357.3000 15.19228532559831
ONEWEB-0632
1 56073U 23043AD  26208.55593493  .00000056  00000-0  11449-3 0  9997
2 56073  87.8968 251.1686 0001857  98.3596 261.7745 13.15545026161731
EUCROPIS
1 43807U 18099BB  26208.13550531  .00007814  00000-0  35398-3 0  9991
2 43807  97.4202 263.3088 0006731 144.9030 215.2650 15.21119627418533
NOAA 10
1 16969U 86073A   26208.44303146  .00000121  00000-0  65416-4 0  9998
2 16969  98.7059 201.6315 0011020 235.4339 279.2978 14.29188259 75164
RAPTOR3
1 58958U 24028D   26208.40616142 -.00000043  00000-0  39357-4 0  9992
2 58958  39.9892 218.5807 0010509 130.0365 230.1305 13.70487839122583
COSMOS 1814
1 17303U 87006A   26208.62950468  .00000124  00000-0  51611-4 0  9998
2 17303  74.0548 183.4637 0025846 272.0305  87.7888 14.36015518 68048
GRUS-1A
1 43890U 18111Q   26208.56026148  .00000771  00000-0  68613-4 0  9999
2 43890  97.4460  73.8731 0007906  31.3227 328.8466 14.98770887413751
SKYSAT C12
1 43797U 18099AR  26208.52054992  .00017671  00000-0  31483-3 0  9995
2 43797  96.9248 230.1669 0004135  42.4323 317.7249 15.50153226428106
COSMOS 1796
1 17140U 86092C   26208.24092280  .00000003  00000-0  12381-3 0  9994
2 17140  74.0135 276.0502 0015418  18.0361  38.5966 12.49644051810186
FAST 1 (USA 222)
1 37227U 10062F   26208.83837083  .00000949  00000-0  11706-3 0  9998
2 37227  71.9656  45.0053 0013578  30.5696 329.6259 14.85319008371902
COSMOS 1036
1 11045U 78091C   26208.25667348  .00000015  00000-0  20229-3 0  9999
2 11045  74.0330 248.5354 0023843  93.8356 334.8174 12.50852721183235
HULIANWANG DIGUI-67
1 65173U 25174K   26208.52616463  .00000049  00000-0  81101-4 0  9990
2 65173  86.4901 238.3254 0001900 101.1618 258.9730 13.24409481 46096
SUPERVIEW NEO-1 04
1 63126U 25040B   26208.51459248  .00008982  00000-0  40049-3 0  9992
2 63126  97.3555 322.1108 0002912 120.2620 239.8904 15.21629182 78320
OSCAR 23
1 19070U 88033A   26208.41414927  .00000089  00000-0  16764-3 0  9993
2 19070  90.3273  23.5574 0187469 269.9942 115.1468 13.27822493852614
COSMOS 2233
1 22487U 93008A   26208.29036994  .00000036  00000-0  21490-4 0  9992
2 22487  82.9469 152.8193 0038263   5.8963 146.4823 13.76042945675530
KUIPER-00480
1 68876U 26095N   26208.50002315  .00002926  00000-0  37963-3 0  9991
2 68876  51.9014  52.0502 0004803  67.0155  99.6351 14.83517107  4622
SHIYAN 25 (SY-25)
1 57047U 23087A   26208.60479429  .00024720  22758-5  46926-4 0  9997
2 57047  96.8547 271.9285 0012565 212.3351 147.7160 16.00962445181265
ONEWEB-0549
1 56051U 23043F   26208.51272933  .00000070  00000-0  13692-3 0  9990
2 56051  87.9224 235.9528 0002394  90.9607 269.1801 13.21824481163555
COSMOS 1910
1 18789U 88002B   26208.09773362  .00000050  00000-0  21519-3 0  9992
2 18789  82.5986 228.1252 0005486 107.3517 308.3875 12.63635011776914
TATIANA
1 28523U 05002C   26208.45728964  .00000124  00000-0  90238-4 0  9993
2 28523  82.9493  15.0922 0036715 222.0730 137.7613 13.88084807 89545
ONEWEB-0026
1 45139U 20008J   26208.44339866  .00002768  00000-0  77729-2 0  9990
2 45139  87.8898  13.0524 0001832  91.4087 268.7250 13.11404116316383
COSMOS 1134
1 11542U 79084E   26208.31416295 -.00000017  00000-0 -11107-4 0  9994
2 11542  74.0275 312.4019 0018791  44.4486 345.1818 12.49079965135625
CHECKMATE 1
1 56168U 23050G   26208.50003589  .00000088  00000-0  67943-4 0  9993
2 56168  81.0028  33.3032 0010479 235.8711 124.1452 13.84956982167670
HULIANWANG DIGUI-160
1 68134U 26047F   26208.55032347 -.00000066  00000-0  12475-3 0  9993
2 68134  50.0070 271.2339 0001174 228.4144 131.6628 13.29326570 18432
MEGSAT 1
1 26546U 00057B   26208.66206392  .00003093  00000-0  22123-3 0  9995
2 26546  64.5509 299.3915 0043434 279.3577  80.2631 15.05692624403759
COSMOS 928
1 10141U 77064A   26208.19453961  .00000050  00000-0  35483-4 0  9999
2 10141  82.9668 108.3708 0036480 252.9345 106.7815 13.76909034463009
RAPIDEYE 1
1 33314U 08040C   26208.07914600  .00002163  00000-0  16148-3 0  9996
2 33314  97.4099 234.3437 0028393  46.6761 313.6825 15.03521817971654
ORBCOMM FM 40
1 33065U 08031F   26208.70200523  .00001899  00000-0  25068-3 0  9997
2 33065  48.4403 189.5251 0006488 335.5676 194.8460 14.84192215974351
OPS 7323 (DMSP 5B F3)
1 06275U 72089A   26208.39994001  .00000308  00000-0  13521-3 0  9995
2 06275  98.5356  14.2977 0034317 200.6978 159.2817 14.29980259790422
YAOGAN-36 02C
1 54045U 22133D   26208.29765000  .00049504  00000-0  79366-3 0  9992
2 54045  34.9870 170.6090 0010573 239.7271 120.2406 15.51916654211452
DJIBOUTI-1B
1 62402U 24247AB  26208.51166079  .00070143  00000-0  82829-3 0  9993
2 62402  44.9700  13.1750 0009287 257.3091 102.6766 15.60433609 89822
JILIN-01 GAOFEN 3G
1 46459U 20065F   26208.48474159  .00150426  00000-0  80474-3 0  9995
2 46459  97.2204 266.8736 0007547 226.4500 133.6142 15.79883290326287
TIANQI 40
1 67479U 26010D   26208.18112406  .00000044  00000-0  11844-3 0  9992
2 67479  44.9823 263.9969 0010630 178.3327 181.7543 13.99160395 26991
KUIPER-00279
1 67795U 26030AH  26208.20621394  .00003330  00000-0  46555-3 0  9997
2 67795  51.9030 281.2005 0000453 243.7600 116.3316 14.79936863 26326
YAOGAN-43 03A
1 61617U 24190A   26208.55987097  .00006878  00000-0  28598-3 0  9999
2 61617  34.9913 303.8010 0004963 330.3266  29.7166 15.23085419 98020
TATIANA 2
1 35868U 09049D   26208.61290120  .00000165  00000-0  90600-4 0  9992
2 35868  98.7209 170.4859 0004531 141.2168 218.9337 14.24241059875440
YAOGAN-30 Y
1 48424U 21039B   26208.20114348  .00002758  00000-0  20387-3 0  9993
2 48424  34.9947 147.1343 0004218 188.5954 171.4683 15.02819200285562
QIANFAN-23
1 61556U 24185E   26208.54315558  .00000361  00000-0  17450-3 0  9997
2 61556  88.9799  51.6565 0005757 320.0194  40.0569 14.16525107101857
QPS-SAR-11 YAMATSUMI
1 64340U 25125A   26208.42831564  .00005064  00000-0  39431-3 0  9991
2 64340  42.0092 329.8407 0009625  20.4427 339.6783 15.01929375 61671
COSMOS 864
1 09509U 76108A   26208.70684845  .00000043  00000-0  29061-4 0  9994
2 09509  82.9416 119.5323 0030765  33.6909 344.5922 13.75583458496018
HULIANWANG DIGUI-19
1 62979U 25030J   26208.50662744 -.00000098  00000-0  55977-4 0  9990
2 62979  50.0051  91.1679 0000613 303.5506  56.5307 13.29319503 71225
COSMO-SKYMED-FM3
1 67304U 26001A   26208.50280189  .00000358  00000-0  51495-4 0  9994
2 67304  97.8898  31.5235 0001455  90.4581 269.6799 14.82149032 30434
CONNECTA IOT-4
1 60524U 24149BJ  26208.22385313  .00022593  00000-0  50378-3 0  9999
2 60524  97.3793 293.1053 0006657 137.9662 222.2098 15.43566580108500
DMSP 5D-3 F16 (USA 172)
1 28054U 03048A   26208.57428193  .00000010  00000-0  28989-4 0  9992
2 28054  98.9887 232.6682 0007722  40.2991 118.3348 14.14485378175198
ONEWEB-0511
1 54129U 22138S   26208.19586215  .00000119  00000-0  26554-3 0  9998
2 54129  87.9186 297.0036 0001859 106.6288 253.5049 13.19724406182111
COSMOS 2009
1 19903U 89025B   26208.04061262  .00000007  00000-0  14360-3 0  9999
2 19903  74.0092  50.1391 0041547 291.1012 235.9960 12.55949825711960
BUZZZER-1
1 62609U 25009A   26208.68795069  .00003230  00000-0  14480-3 0  9995
2 62609  97.3915 286.2293 0007754 179.9413 180.1826 15.21907531 84853
UMBRA-11
1 66748U 25276CL  26208.67579982  .00023908  00000-0  86987-3 0  9997
2 66748  97.4187 283.0936 0003531 156.8006 203.3394 15.28229485 36670
PROITERES
1 38756U 12047B   26208.48834470  .00001255  00000-0  16307-3 0  9992
2 38756  98.2333 131.4395 0009312 287.4242  72.5952 14.82569386748280
ORBCOMM FM 41
1 33061U 08031B   26208.93339539  .00001542  00000-0  21561-3 0  9997
2 33061  48.4424 187.8371 0004402 327.1610  58.5823 14.82714280974419
ONEWEB-0124
1 47270U 20100N   26208.60234869  .00000379  00000-0  10169-2 0  9997
2 47270  87.8976 342.6357 0001765 100.6178 259.5149 13.12442403269870
NUSAT-49(K.VON NEUMANN)
1 60500U 24149AJ  26208.68232918  .00003747  00000-0  13181-3 0  9996
2 60500  97.3760 289.6910 0003404 129.4086 230.7457 15.29957682108327
NORSAT 4
1 62702U 25009CX  26208.46825382  .00001603  00000-0  15117-3 0  9997
2 62702  97.7034 286.4695 0000385 203.7178 156.4025 14.95173043 83385
HULIANWANG DIGUI-96
1 66412U 25258A   26208.57687016 -.00000103  00000-0  44309-4 0  9998
2 66412  50.0033 150.7791 0000756 294.4643  65.6151 13.29327989 35108
AAC-AIS-SAT3
1 58997U 23174DJ  26208.50186964  .00003233  00000-0  38528-3 0  9992
2 58997  97.6224 255.4202 0006818 173.5568 186.5737 14.84953273147137
HULIANWANG DIGUI-114
1 66953U 25287A   26208.56008096  .00000054  00000-0  92271-4 0  9999
2 66953  86.4915 268.7246 0002214  93.1331 267.0056 13.24414021 30683
COSMOS 1304
1 12803U 81087A   26208.42096041  .00000072  00000-0  46423-4 0  9994
2 12803  82.9351  13.6793 0047102 107.9920 252.6385 13.87857357648491
ONEWEB-0206
1 48227U 21031T   26208.22487526 -.00000133  00000-0 -39315-3 0  9997
2 48227  87.8961 281.7223 0001960 101.9919 258.1431 13.14503043253485
COSMOS 1362
1 13165U 82040F   26208.84212324  .00000008  00000-0  16827-3 0  9999
2 13165  74.0104  52.9712 0018301 247.2073 125.0155 12.46161267 11791
CS2
1 49262U 21088C   26208.13235037  .00016424  00000-0  44804-3 0  9994
2 49262  97.3796 274.0059 0007504 301.6748  58.3764 15.37494070266656
CP3
1 31129U 07012N   26208.18170569  .00001420  00000-0  25679-3 0  9990
2 31129  98.4566 189.1713 0080352 295.9923  63.3019 14.66032917 24594
QIANFAN-37
1 62238U 24232B   26208.47773491  .00000063  00000-0  79080-4 0  9991
2 62238  89.0076  18.5369 0002352 106.8650 253.2759 13.51024001129780
NADEZHDA 2
1 20508U 90017A   26208.51820440  .00000054  00000-0  41544-4 0  9995
2 20508  82.9535  44.1965 0043317 328.8090  58.3214 13.74560607825924
USA 61
1 20691U 90050C   26208.68518355  .00007550  00000-0  52993-3 0  9999
2 20691  63.2949 102.5276 0879407  85.9471 284.1483 13.63170464111823
IRIDIUM 124
1 42810U 17039H   26208.61093333  .00000196  00000-0  52315-4 0  9997
2 42810  86.4471 273.4572 0002356  96.7680 263.3789 14.43277828480948
TEIKYOSAT-4 (OORURI)
1 49396U 21102B   26208.82020631  .00002229  00000-0  14214-3 0  9997
2 49396  97.3661 236.7240 0012957 146.6555 213.5493 15.09638198258850
COSMOS 422
1 05238U 71046A   26208.71548594  .00000012  00000-0  37340-4 0  9991
2 05238  74.0193 106.6055 0013956  72.0465 317.6480 13.72296864763042
GLOBALSTAR M068
1 32266U 07048D   26208.25076519 -.00000122  00000-0 -10094-3 0  9995
2 32266  51.9874 147.4549 0001077 331.4050 176.9039 12.62849979868734
VRSS-2
1 42954U 17060A   26208.51625215  .00000838  00000-0  11373-3 0  9990
2 42954  97.6501 244.4238 0016292 333.1325  26.9043 14.81253793474429
COSMOS 968
1 10520U 77119A   26208.06284240  .00000115  00000-0  47590-4 0  9993
2 10520  74.0284  64.9994 0018472 288.4871  71.4275 14.37101936544538
COSMOS 2219
1 22219U 92076A   26208.65228964 -.00000258  00000-0 -11057-3 0  9994
2 22219  71.0595  85.4829 0018825 339.4118  20.6244 14.14103272738162
SDA_1679
1 65989U 25230R   26208.31842110  .00000192  00000-0  15949-3 0  9990
2 65989  81.3031 174.4222 0004485  91.7862 268.3809 13.84856138 39376
NIGERIASAT X
1 37790U 11044C   26208.40898000  .00000346  00000-0  79554-4 0  9990
2 37790  97.8576 190.5376 0011626 201.8066 158.2642 14.60891880796049
GLOBALSTAR M022
1 25649U 99012A   26208.56161550 -.00000058  00000-0  34509-3 0  9992
2 25649  52.0032 268.8934 0002454 240.2077 267.6351 12.02514885225147
SJ-7
1 28737U 05024A   26208.52824573  .00007439  00000-0  32736-3 0  9999
2 28737  97.7274 239.7295 0013797 248.5316 111.4448 15.22087059154167
QIANFAN-7
1 60385U 24140G   26208.46523801  .00000456  00000-0  17844-3 0  9992
2 60385  88.9757 267.0419 0015566  24.6782 335.5154 14.27873377102748
YAOGAN-33 03
1 57797U 23136A   26208.52661046  .00000448  00000-0  10577-3 0  9997
2 57797  98.1935 132.2994 0009086  65.4480 294.7666 14.58757217153817
ONEWEB-0718
1 56081U 23043AM  26208.19782490  .00000107  00000-0  24981-3 0  9995
2 56081  87.8980 251.2282 0002349  87.3222 272.8177 13.15550625161696
SKYCRAFT 4B
1 64872U 25154D   26208.52253493  .00007502  00000-0  63878-3 0  9994
2 64872  97.6641 272.4111 0006826 119.1275 241.0631 14.98053439 55089
GHOST-3
1 56958U 23084AC  26208.35682892  .00019509  00000-0  35937-3 0  9995
2 56958  97.6252 359.1327 0007359 145.0724 215.1010 15.49176692174230
QIANFAN-15
1 60393U 24140Q   26208.53170420  .00000087  00000-0  11564-3 0  9997
2 60393  88.9721 275.7317 0010233 255.2712 104.7305 13.51014079 97886
YAOGAN-32 2B
1 49384U 21099B   26208.55655307  .00000754  00000-0  15228-3 0  9990
2 49384  98.2515 342.4358 0001840 101.5180 258.6229 14.64260375252278
MUBLCOM
1 25736U 99026B   26208.16093280  .00001178  00000-0  26934-3 0  9990
2 25736  97.6815  64.9183 0005981 102.4012 257.7857 14.57282896435662
ONEWEB-0096
1 45439U 20020R   26208.41782056 -.00000396  00000-0 -11541-2 0  9994
2 45439  87.8902  13.0541 0001826  88.3497 271.7840 13.11418209307932
KUIPER-00560
1 69623U 26140AH  26208.21674390  .00014619  00000-0  40596-3 0  9997
2 69623  51.8764 205.0176 0009831 355.4494   4.6402 15.37082709  7392
BEESAT
1 35933U 09051C   26208.97524049  .00000878  00000-0  18571-3 0  9994
2 35933  98.3921 117.1175 0006555  97.1994 262.9952 14.61779814895140
GLOBALSTAR M041
1 25650U 99012B   26208.57218451 -.00000103  00000-0 -23353-3 0  9995
2 25650  52.0004 162.6743 0001972  33.6018 326.4943 11.96690284226816
COSMOS 1527
1 14616U 84001F   26208.48570690  .00000008  00000-0  15760-3 0  9998
2 14616  74.0052 214.3410 0001009  84.1990  82.6715 12.51105387532411
COSMOS 2226
1 22282U 92092A   26208.54394234  .00000002  00000-0  14096-3 0  9995
2 22282  73.6232  51.6314 0029573 327.8849  60.0027 12.41305841522214
ION-SCV-021
1 67483U 25276DT  26208.46598813  .00001551  00000-0  13616-3 0  9994
2 67483  97.5221 277.4487 0009259 350.6732   9.4318 14.97964897 28634
APRIZESAT 5
1 37792U 11044E   26208.74435916  .00000856  00000-0  11528-3 0  9994
2 37792  98.2447 142.9369 0050948 231.2147 128.4508 14.81145133804791
TUBSAT A
1 21577U 91050D   26208.41923099  .00000129  00000-0  53997-4 0  9991
2 21577  98.3812 277.3734 0007092 132.0963 228.0830 14.40561544839175
STARS-X
1 69502U 26132A   26208.60480447  .00001878  00000-0  15886-3 0  9992
2 69502  97.6909 271.7458 0015113 124.3513 235.9142 14.99160230  6836
BRO-22
1 69504U 26132C   26208.65023975  .00001755  00000-0  14607-3 0  9992
2 69504  97.6826 271.8091 0018095 136.8732 223.3913 14.99844705  6847
JD 1
1 14728U 84012C   26208.64623982  .00003419  00000-0  43535-3 0  9995
2 14728  63.3131 291.0422 0743268 129.0892 237.8703 13.75136609349212
KUIPER-00107
1 65145U 25171P   26208.54247370  .00002551  00000-0  36355-3 0  9995
2 65145  51.8989 249.6697 0000308  57.6936 302.4056 14.79930404 53743
ONEWEB-0040
1 45147U 20008S   26208.74750027 -.00000393  00000-0 -11610-2 0  9999
2 45147  87.8815  28.1934 0001626  80.0532 280.0779 13.10369469313170
HAWK-12A
1 64623U 25138C   26208.44074455  .00004289  00000-0  21082-3 0  9990
2 64623  97.4414 210.5652 0013811   5.9881 354.1516 15.18486193 59979
LEMUR-2 IRINA
1 68480U 26067BS  26208.61168692  .00003473  00000-0  33816-3 0  9995
2 68480  97.7640 166.4817 0005088 121.2165 238.9554 14.93158382 17764
QIANFAN-196
1 69414U 26125P   26208.87537387 -.02035565  00000-0 -22491+1 0  9992
2 69414  88.9949 275.8925 0019404  39.3150 320.9420 13.75909855  7436
LEMUR-2-TEODOR
1 66768U 25276DG  26208.63421584  .00006076  00000-0  27343-3 0  9997
2 66768  97.4141 281.7839 0001881  78.2380 281.9067 15.21453530 36590
COSMOS 2416
1 28908U 05048A   26208.27702932  .00000047  00000-0  22503-3 0  9990
2 28908  82.4682 282.0229 0009170  84.1810 338.9301 12.55601601943935
KUIPER-00047
1 64507U 25134H   26208.67222752 -.00003159  00000-0 -38565-3 0  9998
2 64507  51.9022 316.5509 0000466 203.2310 156.8631 14.79930815 61047
SIRION PATHFINDER-2
1 43759U 18099B   26208.08271741  .00005243  00000-0  28511-3 0  9997
2 43759  97.4234 256.1941 0009668 152.6154 207.5590 15.14860387418666
ELISA E12
1 38010U 11076D   26208.54936263  .00001914  00000-0  19003-3 0  9994
2 38010  97.6392 233.3745 0002410  78.8583 281.2907 14.92867808785241
QIANFAN-85
1 63171U 25046N   26208.55124809  .00000140  00000-0  19756-3 0  9993
2 63171  88.9720 296.3894 0013593 181.9844 178.1256 13.51019729 78093
COSMOS 1089
1 11308U 79026A   26208.20039682  .00000043  00000-0  29379-4 0  9996
2 11308  82.9769 125.5920 0021017 265.2947 249.1092 13.75421641374887
SHIYAN 27E
1 63603U 25078E   26208.51967039  .00000026  00000-0  97912-4 0  9998
2 63603  99.6905 215.0633 0000952  88.3212 271.8035 13.57245866 63000
KINEIS-2B
1 62934U 25028G   26208.34281101  .00001405  00000-0  22390-3 0  9998
2 62934  97.9648 260.4732 0004213  44.8325 315.3223 14.73477223 78575
HULIANWANG DIGUI-158
1 68132U 26047D   26208.19956268 -.00000070  00000-0  11655-3 0  9992
2 68132  50.0046 272.6818 0001094 241.7688 118.3073 13.29325115 18386
LARETS
1 27944U 03042F   26208.51173351  .00000043  00000-0  17944-4 0  9995
2 27944  98.4196  11.5714 0011017 270.6957  89.2982 14.63874908219268
ONEWEB-0122
1 47268U 20100L   26208.61675365 -.00000075  00000-0 -24336-3 0  9992
2 47268  87.8986 342.6274 0002027  99.3638 260.7720 13.12441292269855
MAGNARO-II
1 68798U 26088G   26208.86467264  .00003622  00000-0  23207-3 0  9993
2 68798  97.5114 357.4048 0017455 304.4317  55.5261 15.09041466 14434
ONEWEB-0029
1 45445U 20020X   26208.38916198  .00000195  00000-0  51524-3 0  9994
2 45445  87.8892  13.0638 0001614  99.2255 260.9055 13.11414772307920
GEESAT 4-11
1 65129U 25170L   26208.50857272  .00001971  00000-0  26049-3 0  9994
2 65129  49.9847 346.7212 0007188 244.4383 115.5812 14.84124100 52424
KUIPER-00507
1 68887U 26095Z   26208.57350386  .00002703  00000-0  41558-3 0  9992
2 68887  51.9005  56.9834 0001555  42.4946 317.6135 14.76434584 13803
KUIPER-00198
1 67770U 26030G   26208.21573205 -.00000696  00000-0 -62255-4 0  9998
2 67770  51.8982 303.6193 0001865 116.5269 243.5885 14.79929772 26018
QIANFAN-113
1 68640U 26075E   26208.51129480  .00000135  00000-0  19102-3 0  9997
2 68640  88.9925 316.8824 0002137 108.9697 251.1686 13.51021053 15255
TIANMU-1 04
1 55974U 23039B   26208.49370994  .00015420  00000-0  28666-3 0  9993
2 55974  97.5179  23.2359 0001915 318.8757  41.2349 15.48993153187084
MICE-1
1 66684U 25276U   26208.15680526  .00003873  00000-0  18592-3 0  9992
2 66684  97.4259 281.1216 0004862 195.0596 165.0495 15.19445616 36487
COSMOS 2503
1 40420U 15009A   26208.51106602  .00002088  00000-0  14460-3 0  9990
2 40420  97.8283 265.8930 0017431 113.9067 246.3988 15.06701771625003
MAROC TUBSAT
1 27004U 01056D   26208.44679796 -.00000021  00000-0  29105-4 0  9990
2 27004  99.8106  26.0699 0020342  41.7252 347.8171 13.70263980231705
YAOGAN 20C
1 40111U 14047C   26208.56258279 -.00000142  00000-0 -53806-4 0  9990
2 40111  63.3782 275.5973 0393415  15.3025 345.9506 13.45451054587720
GEESAT 5-02
1 65551U 25201B   26208.38483247  .00001621  00000-0  21833-3 0  9999
2 65551  49.9850 212.9207 0007602 121.0724 239.0962 14.84268365 47766
KUIPER-00249
1 67154U 25301X   26208.59158642  .00000985  00000-0  15823-3 0  9996
2 67154  51.8978 156.9940 0000734  71.5581 288.5462 14.79939345 34587
RASSVET-3 16
1 68375U 26061R   26208.34188655  .00003388  00000-0  16500-3 0  9999
2 68375  82.2948 331.2793 0001566 154.3842 205.7469 15.18059647 19657
CP5
1 38763U 12048F   26208.44579537  .00016744  00000-0  56109-3 0  9990
2 38763  64.6451  19.4594 0071687 163.0052 197.3504 15.28589446122919
HUYGENS
1 55093U 23001CN  26208.48680988  .00008729  00000-0  21554-3 0  9993
2 55093  97.3234 275.7496 0007383 301.5137  58.5388 15.40719845198574
FAISAT 2V
1 24954U 97052B   26208.24726377  .00000066  00000-0  48691-4 0  9997
2 24954  82.9252 314.1325 0039016 196.9976 189.6626 13.80376959452537
HULIANWANG DIGUI-130
1 67238U 25311C   26208.39121928 -.00000105  00000-0  41789-4 0  9991
2 67238  50.0073 331.8242 0000898 116.7156 243.3808 13.29323960 28688
QIANFAN-13
1 60391U 24140N   26208.49871972  .00000083  00000-0  10960-3 0  9995
2 60391  88.9718 275.8750 0010631 272.3050  87.6884 13.51020096 97886
HULIANWANG DIGUI-125
1 67065U 25295G   26208.47774716 -.00000076  00000-0  10297-3 0  9994
2 67065  49.9972 240.7438 0001119 235.9885 124.0881 13.29330598 30860
QIANFAN-53
1 62254U 24232T   26208.49005396  .00000059  00000-0  73371-4 0  9995
2 62254  89.0085  18.4429 0012222 256.1941 103.7850 13.51021863 98524
PRAETORIAN SDA_616
1 65579U 25203Q   26208.77855392  .00000150  00000-0  12566-3 0  9997
2 65579  81.3090 333.5565 0006675  93.6912 266.5008 13.83271685 44299
QIANFAN-92
1 66034U 25233B   26208.06113190  .00000058  00000-0  71012-4 0  9991
2 66034  88.9963  39.1187 0001994  91.3893 268.7487 13.51014212 38563
IRIDIUM 120
1 42805U 17039C   26208.21138018 -.00000018  00000-0 -13611-4 0  9998
2 42805  86.3978 305.2301 0002316  95.7773 264.3686 14.34217338476914
QIANFAN-65
1 62795U 25016L   26208.51183139  .00000111  00000-0  15237-3 0  9996
2 62795  88.9683  79.5015 0015719  51.9499 308.3068 13.51031909 77868
SONATE-2
1 59112U 24043Q   26208.22316401  .00047291  00000-0  54648-3 0  9991
2 59112  97.5561   1.1774 0006073  64.9454 295.2433 15.61737721134131
QIANFAN-215
1 69814U 26153Q   26208.23705498  .00000493  00000-0  19810-3 0  9999
2 69814  88.9933 357.6552 0009323 148.5210 211.6543 14.26684616  3268
INTERCOSMOS 24
1 20261U 89080A   26208.44016420  .00000241  00000-0  69395-4 0  9998
2 20261  82.6066  13.4415 1186656 328.5148  24.9864 12.59696864684392
COSMOS 2298
1 23431U 94083A   26208.58258854  .00000117  00000-0  54259-4 0  9998
2 23431  74.0282  74.3896 0016017   2.0795 358.0419 14.31191450649461
GEESAT 2-01
1 58905U 24023A   26208.49613487  .00001759  00000-0  23945-3 0  9996
2 58905  49.9941 167.3767 0004927 188.4497 171.6359 14.83368611134893
GEO IK
1 23411U 94078A   26208.71703836 -.00000011  00000-0  48011-4 0  9993
2 23411  73.6138 111.2226 0029432 293.5723  93.7617 12.40865846434094
PAN SAT
1 25520U 98064B   26208.55772006  .00174505  47075-5  27900-3 0  9992
2 25520  28.4300 354.2419 0003584  53.6881 306.4063 16.02206861547024
UMBRA-07
1 58297U 23174AT  26208.60867908  .00010328  00000-0  64215-3 0  9995
2 58297  97.3777 262.8536 0001084 315.9453  44.1690 15.09819516149517
COSMOS 1255
1 12325U 81022F   26208.45034792  .00000013  00000-0  18748-3 0  9993
2 12325  74.0266 217.4800 0017633 327.4920 103.7142 12.51492374 73623
COSMOS 1027
1 10991U 78074A   26208.42543451  .00000044  00000-0  29762-4 0  9990
2 10991  82.9389 347.3064 0025274 275.4445  99.6450 13.76698848410647
ONEWEB-0406
1 50486U 21132T   26208.26206511  .00000063  00000-0  12816-3 0  9993
2 50486  87.9204 327.4897 0001452  88.6052 271.5247 13.18687570226909
UMBRA-10
1 60547U 24149CH  26208.72159827  .00018312  00000-0  87200-3 0  9996
2 60547  97.6976 296.6840 0002176 147.0380 213.0990 15.19197720106881
KUIPER-00587
1 69275U 26118J   26208.50002315 -.00909942  00000-0 -45539-1 0  9993
2 69275  51.8752 219.2426 0008358 343.4721 313.5311 15.19497283  2720
COSMOS 2451
1 35498U 09036A   26208.56736524  .00000014  00000-0  27992-4 0  9991
2 35498  82.4863  67.3018 0007386 117.2772 242.9059 12.40871031772653
IRIDIUM 150
1 43257U 18030J   26208.26504032  .00000186  00000-0  59354-4 0  9998
2 43257  86.3948 273.7099 0002311  96.1745 263.9714 14.34217717435907
QIANFAN-169
1 69386U 26124E   26208.83572535 -.01989971  00000-0 -25501+1 0  9992
2 69386  89.0002 357.5449 0012346  65.5277 294.7170 13.66836524  7515
USA 15
1 16591U 86014A   26208.18633105  .00011560  00000-0  62277-3 0  9996
2 16591  63.3040 136.6405 0654199 113.8781 253.2223 14.15994610113596
IRIDIUM 73
1 25344U 98032C   26208.83132879  .00000450  00000-0  10578-3 0  9992
2 25344  86.4382 234.4434 0002946  85.4469 274.7073 14.52244372489423
COSMOS 469
1  5721U 71117A   26208.51923938 -.00000048  00000-0  43352-4 0  9994
2  5721  64.4858 243.3616 0066629 265.3237  94.0203 13.76149914742673
TRAILBLAZER 2
1 27609U 02058E   26208.44964354  .00000266  00000-0  52172-4 0  9991
2 27609  64.5534 212.5738 0046344 238.6490 121.0076 14.81371365273653
GOKTURK 2
1 39030U 12073A   26208.49685311  .00000139  00000-0  27238-4 0  9992
2 39030  97.6811  43.9064 0001300 110.0195 250.1155 14.75576533730450
GEMS2-AMETHYST
1 68505U 26067CT  26208.62331844  .00004640  00000-0  46985-3 0  9993
2 68505  97.7621 166.1279 0003584 274.2456  85.8353 14.91420486 17740
GLOBALSTAR M045
1 25676U 99019A   26208.09905950 -.00000050  00000-0  38539-3 0  9996
2 25676  51.9944 231.1658 0000282 188.9279 205.1686 12.27076246243107
GLOBALSTAR M058
1 25907U 99049A   26208.08511959  .00000035  00000-0  16028-2 0  9997
2 25907  51.9936 107.9725 0002873 346.4057  13.6700 11.93217918589874
TIANHUI 4B
1 50573U 21134B   26208.53355258  .00006242  00000-0  12304-3 0  9992
2 50573  88.9739 316.9602 0004616 276.1276  83.9458 15.47007374256076
ORBCOMM FM 119
1 41180U 15081B   26208.04779193  .00000479  00000-0  13747-3 0  9992
2 41180  47.0003  82.9092 0000520  89.9639 270.1306 14.58834279564826
STRIX-6
1 68291U 26056A   26208.29123799  .00003041  00000-0  25964-3 0  9992
2 68291  50.2817 160.1856 0016566  37.7943 322.4166 15.00380507 19299
QIANFAN-202
1 69801U 26153B   26208.45352363  .00000407  00000-0  18866-3 0  9993
2 69801  88.9934 357.6511 0008059 140.7292 219.4483 14.18848661  3283
SOCRATES
1 39768U 14029C   26208.46590858  .00002481  00000-0  23278-3 0  9992
2 39768  97.9108 322.2453 0005734 192.1664 167.9419 14.94915154660426
COSMOS 1980
1 19649U 88102A   26208.58662932  .00000271  00000-0  16367-3 0  9993
2 19649  71.0005 280.2007 0007497 289.4118  70.6194 14.15225016944936
ONEWEB-0288
1 49078U 21075D   26208.34822910  .00000149  00000-0  37919-3 0  9996
2 49078  87.8985 342.6736 0001816  90.0500 270.0836 13.12443666240453
COSMOS 2378
1 26818U 01023A   26208.72045083  .00000042  00000-0  28994-4 0  9990
2 26818  82.9267 191.4430 0031665 296.3146 237.2438 13.74161879260403
CENTISPACE-1 S1
1 43636U 18075A   26208.54359970  .00000483  00000-0  10967-3 0  9994
2 43636  97.8723 230.2909 0008500   4.1587 355.9684 14.60032039416440
QIANFAN-221
1 69850U 26155C   26208.56792344  .00000278  00000-0  10848-3 0  9996
2 69850  89.0055  59.5354 0031832 181.6441 178.4653 14.26651918  3145
QIANFAN-176
1 69393U 26124M   26208.86670210 -.02019833  00000-0 -23325+1 0  9996
2 69393  89.0005 357.5132 0010256  17.9498 342.2026 13.73267306  7523
ONEWEB-0254
1 48972U 21060F   26208.51257218  .00000028  00000-0  40560-4 0  9997
2 48972  87.9081 220.7632 0002385  93.1099 267.0305 13.16595114244892
GONETS D1 9
1 27060U 01058F   26208.61487221  .00000006  00000-0 -26789-4 0  9991
2 27060  82.5418 170.0754 0007407 207.3088 152.7615 12.63063998132937
GEESAT 4-02
1 65120U 25170B   26208.48679531  .00001926  00000-0  25492-3 0  9993
2 65120  49.9864 347.3461 0009717 242.5001 117.4950 14.84154808 52447
COSMOS 1156
1 11691U 80012A   26208.36650235 -.00000016  00000-0  38928-6 0  9991
2 11691  74.0242 336.2825 0048872 212.7087 176.8738 12.56899728131433
KL-BETA B
1 49060U 21070B   26208.47750388  .00000089  00000-0  56431-4 0  9999
2 49060  89.0034 214.1254 0005442  21.0205 339.1194 13.94726396253582
DMSP 5D-3 F19 (USA 249)
1 39630U 14015A   26208.53434940  .00000135  00000-0  92142-4 0  9993
2 39630  98.7837 207.8146 0011557  93.5720 266.6776 14.14991929635708
COSMOS 2142
1 21230U 91029A   26208.10223440  .00000054  00000-0  41503-4 0  9999
2 21230  82.9537 209.4068 0039431  97.0035 337.6012 13.73380662767839
COSMOS 994
1 10731U 78028A   26208.37160730  .00000044  00000-0  31169-4 0  9994
2 10731  82.9339 345.0920 0023728 151.7859 236.9952 13.73430266423324
ONEWEB-0231
1 48782U 21045R   26208.50999993  .00000086  00000-0  19456-3 0  9994
2 48782  87.8980 251.1635 0002261  98.6964 261.4423 13.15548145249641
YAOGAN-36 01C
1 53947U 22120E   26208.52429959  .00023803  00000-0  59452-3 0  9992
2 53947  35.0048 338.4393 0002266 157.8407 202.2411 15.39214696214017
KUIPER-00214
1 67778U 26030Q   26208.68575188  .00000711  00000-0  12224-3 0  9995
2 67778  51.8994 304.1285 0000704 106.3331 253.7708 14.79925300 26048
GONETS M 22
1 47229U 20091C   26208.52336972 -.00000061  00000-0 -51261-3 0  9998
2 47229  82.5023 276.9638 0023015  88.9746 271.3971 12.42893395256032
ONEWEB-0314
1 49100U 21075AB  26208.40438269  .00000111  00000-0  25202-3 0  9990
2 49100  87.9169 357.8564 0001826  82.6388 277.4951 13.17648297238866
XINZHENGCHENG 02
1 68412U 26066A   26208.43224163  .00000639  00000-0  65159-4 0  9992
2 68412  84.9658 202.1401 0027553 111.1861 249.2310 14.88441673 17717
OSCAR 6
1 06236U 72082B   26208.57435366 -.00000025  00000-0  13341-3 0  9996
2 06236 101.9911 232.3326 0004694  75.7215  78.3688 12.53212176460024
KUIPER-00209
1 67776U 26030N   26208.68022845 -.00001781  00000-0 -20449-3 0  9998
2 67776  51.9012 309.1622 0000677 247.8725 112.2165 14.79970564 25974
ONEWEB-0398
1 50478U 21132K   26208.41951737 -.00000352  00000-0 -10304-2 0  9990
2 50478  87.8903  13.0493 0002024  85.5766 274.5594 13.11419015220888
AAC-IO1
1 68498U 26067CL  26208.78826601  .00002920  00000-0  29552-3 0  9991
2 68498  97.7568 166.2899 0001084 331.6101  28.5059 14.91731596 17775
TIMED
1 26998U 01055B   26208.21706486  .00001313  00000-0  12247-3 0  9994
2 26998  74.0680 154.4151 0002433 286.5902  73.5016 14.95368480336806
SKYCRAFT 4E
1 65227U 25154L   26208.12878504  .00008433  00000-0  71119-3 0  9992
2 65227  97.6671 272.2221 0007305 121.3518 238.8420 14.98386151 53319
THEA
1 43796U 18099AQ  26208.66642777  .00021025  00000-0  59404-3 0  9994
2 43796  97.4428 278.7847 0008685 135.8276 224.3663 15.36339538418901
HAWK-13A
1 67392U 26004AF  26208.43618309  .00004259  00000-0  20415-3 0  9996
2 67392  97.4451 206.7398 0005484 172.8018 187.3296 15.19441850 29872
KUIPER-00093
1 64838U 25151Y   26208.79123560  .00003904  00000-0  54080-3 0  9990
2 64838  51.8997  33.5466 0000611 109.3063 250.7965 14.79938423 56158
KUIPER-00493
1 69596U 26140E   26208.50002315 -.02043878  00000-0 -11429+0 0  9992
2 69596  51.8854 204.7925 0009184  85.4301 196.5697 15.16670887  3498
KUIPER-00166
1 65779U 25217T   26208.15392996  .00001045  00000-0  16610-3 0  9990
2 65779  51.9010 126.4435 0000636 104.7979 255.3053 14.79921516 45804
YAOGAN-30 AD
1 49026U 21065A   26208.51531255  .00003111  00000-0  22936-3 0  9991
2 49026  34.9943  27.2664 0003688 157.3555 202.7317 15.02878734274716
ONEWEB-0094
1 45450U 20020AC  26208.37318485 -.00000029  00000-0 -10727-3 0  9992
2 45450  87.9168 357.8593 0001856 102.2343 257.8997 13.17649317311604
RASSVET-3 6
1 68365U 26061F   26208.32888710  .00002659  00000-0  12917-3 0  9993
2 68365  82.2961 333.6899 0002724  96.1918 263.9626 15.18049092 19506
CONNECTA IOT-7
1 62715U 25009DL  26208.14908029  .00001045  00000-0  10263-3 0  9993
2 62715  97.7069 286.1749 0002743  79.4907 280.6622 14.94247195 83317
COSMOS 2497
1 39762U 14028B   26208.56839131  .00000139  00000-0  93061-3 0  9991
2 39762  82.4492  85.1433 0020789 349.5036  10.5607 12.42895897552532
LEMUR-2 DELOITTE-3
1 68471U 26067BH  26208.86068092  .00005499  00000-0  54942-3 0  9998
2 68471  97.7593 166.3935 0002051 287.6056  72.4939 14.91885554 17791
TRITON 1
1 39427U 13066M   26208.54271374  .00001305  00000-0  16022-3 0  9995
2 39427  97.8213 117.4257 0091298 102.4492 258.6956 14.81836699680061
GFO
1 25157U 98007A   26208.50881880  .00893120  49695-3  73792-3 0  9990
2 25157 107.9909 268.6218 0021426 245.3480 114.5521 16.13350621532941
QIANFAN-62
1 62792U 25016H   26208.45015435  .00000114  00000-0  15721-3 0  9990
2 62792  88.9693  79.5795 0017872  51.6272 308.6482 13.51015615 77846
TANSAT
1 41898U 16081A   26208.54711120  .00000377  00000-0  88963-4 0  9990
2 41898  98.5381 210.0011 0020301 180.6685 179.4490 14.59979253510511
POLYTECH UNIVERSE-4
1 61747U 24199N   26208.49712597  .00020003  00000-0  39764-3 0  9999
2 61747  97.2943  81.8962 0010474 125.0392 235.1842 15.46934884143592
CENTISPACE-1 S16
1 62585U 25007L   26208.44089264 -.00000055  00000-0  81184-4 0  9992
2 62585  54.9874 150.5399 0012221 158.7994 201.3471 13.80630739 80273
ONEWEB-0605
1 54669U 22166AD  26208.10565782  .00000094  00000-0  19510-3 0  9991
2 54669  87.9227 236.0412 0001573  80.0864 280.0447 13.21824520176789
COSMOS 2508
1 40921U 15050B   26208.51532420  .00000172  00000-0  11686-2 0  9991
2 40921  82.4854  53.0452 0013485 298.5450  61.4272 12.42916042491852
ONEWEB-0464
1 51651U 22012AF  26208.04503260  .00000287  00000-0  78572-3 0  9992
2 51651  87.8809  28.3362 0001718  99.9538 260.1783 13.10370904214545
ONEWEB-0455
1 51645U 22012Z   26208.18349050  .00000224  00000-0  90164-4 0  9998
2 51645  87.5256 261.0525 0017652  22.5376 337.6587 14.23656743231830
ION SCV-002
1 47504U 21006CV  26208.72692702  .00013623  00000-0  29067-3 0  9994
2 47504  97.1132 209.7921 0009422 340.7871  19.3022 15.44950275306280
PRISMA
1 44072U 19015A   26208.47107480  .00000302  00000-0  42970-4 0  9993
2 44072  97.8634 282.6399 0001334  88.5137 271.6230 14.83658408398028
COSMOS 1288
1 12637U 81074B   26208.54607550  .00000009  00000-0  16696-3 0  9999
2 12637  74.0320  55.1729 0017900 214.1810 174.5560 12.46713631 46686
METEOR 2-9
1 13718U 82116A   26208.68020538  .00000085  00000-0  36107-4 0  9992
2 13718  81.2522 307.4912 0052832 203.7404 156.1333 14.15948849252103
COSMOS 877
1 09594U 76118G   26208.42097405  .00000011  00000-0  17285-3 0  9997
2 09594  74.0274 216.3944 0005784 157.6607 271.1782 12.51340859267289
IRIDE-MS1-EAG2-9
1 68449U 26067AK  26208.63186900  .00008346  00000-0  40801-3 0  9990
2 68449  97.4530 166.4142 0002221 307.6142  52.4890 15.18477359 18079
GEESAT 2-09
1 58913U 24023J   26208.50353683  .00001675  00000-0  22899-3 0  9990
2 58913  50.0028 167.4516 0021272 162.3520 197.8161 14.83387097134906
HULIANWANG DIGUI-01
1 62323U 24240A   26208.49216946  .00000017  00000-0  45426-5 0  9991
2 62323  86.5030 329.6429 0002072 103.0001 257.1364 13.24411978 77979
KUIPER-00125
1 65954U 25228H   26208.90883428  .00000646  00000-0  11375-3 0  9994
2 65954  51.9001  80.5567 0001063  99.9012 260.2071 14.79936647 44279
COSMOS 2246
1 22647U 93030B   26208.69024416  .00000020  00000-0  53804-4 0  9992
2 22647  82.5866 290.9354 0010235 175.0920 185.0274 12.63637074531640
FLOCK 4G 16
1 62638U 25009AF  26208.22429017  .00239296  00000-0  15067-2 0  9998
2 62638  97.3797 300.5962 0004232 208.4632 151.6403 15.75995249 85784
COSMOS 1605
1 15359U 84109A   26208.21846741  .00000049  00000-0  34772-4 0  9996
2 15359  82.9414 122.4053 0045497 208.8955 304.2621 13.75423916 97337
QIANFAN-46
1 62247U 24232L   26208.44478211  .00000058  00000-0  70959-4 0  9990
2 62247  89.0083  18.5154 0012395 262.5909  97.3833 13.51024126129828
CYGFM05
1 41884U 16078A   26208.49555818  .00027044  00000-0  34315-3 0  9996
2 41884  34.9579 353.3267 0005641 171.8961 188.1855 15.58397666535041
METEOR 1-15
1 06659U 73034A   26208.39574545  .00000233  00000-0  12369-3 0  9995
2 06659  81.1864 206.6551 0025844 292.4825  67.3610 14.10552796733091
HEAD-3E
1 57630U 23121E   26208.49688331  .00001158  00000-0  25007-3 0  9992
2 57630  45.0030  88.4365 0007234 109.2491 250.9151 14.63918965157795
GLOBALSTAR M075
1 37192U 10054E   26208.49764222 -.00000096  00000-0  45115-4 0  9992
2 37192  51.9961  27.4558 0000805  82.4010 296.9657 12.62267942727038
KUIPER-00149
1 65968U 25228X   26208.67517715  .00004038  00000-0  55833-3 0  9992
2 65968  51.9010  79.0992 0000876 111.9887 248.1168 14.79935113 44274
DISKSAT D
1 67221U 25305C   26208.07778994  .00002735  00000-0  18432-3 0  9990
2 67221  45.0012 231.9343 0004889  14.1593 345.9420 15.09248864 33346
SKYMED 1
1 31598U 07023A   26208.50222279  .00002217  00000-0  19651-3 0  9992
2 31598  97.8857  40.7017 0001715  85.6789 274.4628 14.97277242 35824
IRIDIUM 110
1 43481U 18047F   26208.58025761  .00000061  00000-0  14765-4 0  9996
2 43481  86.3926  71.5355 0001905  80.9654 279.1757 14.34217208428261
CHUBUSAT 3
1 41339U 16012C   26208.62420249  .00004925  00000-0  22515-3 0  9995
2 41339  31.0050  66.5064 0008680 116.2125 243.9409 15.18862503574352
FLOCK 4BE 18
1 60480U 24149N   26208.49666233  .00018574  00000-0  42153-3 0  9998
2 60480  97.3724 292.6801 0005333 112.1788 248.0026 15.43087505108528
STEP 2
1 23105U 94029A   26208.24666170  .00003145  00000-0  29625-3 0  9995
2 23105  81.9396 132.9676 0083165 126.7558 234.1333 14.90880476725853
SENTINEL 3A
1 41335U 16011A   26208.47108823  .00000107  00000-0  62287-4 0  9993
2 41335  98.6230 275.2715 0001234  86.8683 273.2639 14.26737155543807
LEMUR 2 SPECIAL K
1 48273U 21034F   26208.19585864  .00414045  00000-0  20187-2 0  9996
2 48273  97.5623 298.3994 0005959 217.9680 142.1169 15.81260546287978
COSMOS 628
1 07094U 74001A   26208.28853440  .00000042  00000-0  27492-4 0  9998
2 07094  82.9584 151.9940 0037407  31.4508 120.7587 13.75970783636093
QIANFAN-234
1 69863U 26155R   26208.50656412  .00000264  00000-0  10748-3 0  9993
2 69863  89.0056  59.5450 0031053 180.2506 179.8677 14.24416625  3131
ONEWEB-0603
1 54667U 22166AB  26208.80543051  .00000055  00000-0  10156-3 0  9995
2 54667  87.9234 235.8755 0001991  95.7432 264.3929 13.21824370176840
R5-S2
1 60207U 24125E   26208.12447693  .00018817  00000-0  38286-3 0  9998
2 60207  97.2329  59.9365 0016995  85.4857 274.8334 15.46167913115352
QIANFAN-208
1 69807U 26153H   26208.47317772  .00000453  00000-0  19554-3 0  9992
2 69807  88.9934 357.6350 0009794 144.4499 215.7347 14.22850756  3299
EOS-8
1 60454U 24147A   26208.54513229  .00035901  00000-0  59199-3 0  9990
2 60454  37.3797 160.9289 0006422 252.7375 107.2688 15.51361274109341
DEBUT (ORIZURU)
1 20479U 90013B   26208.73251262  .00000044  00000-0  16582-3 0  9994
2 20479  99.0680 129.3130 0539362  37.2915 326.4390 12.84040993708776
MOZHAYETS
1 27560U 02054B   26208.56193668  .00000094  00000-0  28951-4 0  9995
2 27560  98.4370  66.1532 0036805 251.0902 138.5307 14.61840949258173
COSMOS 1719
1 16452U 86002D   26208.58750328  .00000009  00000-0  16496-3 0  9998
2 16452  73.9889 274.7265 0019443 308.8574 120.9888 12.48880674848557
COSMOS 411
1  5210U 71041A   26208.51096366  .00000013  00000-0  15734-3 0  9992
2  5210  74.0121 227.2292 0112767 284.7914 147.9958 12.64999994549968
YAOGAN 1
1 29092U 06015A   26208.04806162  .00000711  00000-0  83728-4 0  9990
2 29092  97.7459 228.0686 0001680  91.1109 269.0300 14.87797534 95732
FLOCK 4Q 12
1 58275U 23174V   26208.22403029  .03181315  24243-5  16340-2 0  9992
2 58275  97.3715 305.0273 0017913 277.4167  82.5086 16.20047937152282
XSAT
1 37389U 11015C   26208.52327595  .00000024  00000-0  27912-4 0  9995
2 37389  98.3535 183.6312 0013009 221.2702 138.7496 14.25216803793423
CYGFM01
1 41887U 16078D   26208.52995156  .00028429  00000-0  35061-3 0  9993
2 41887  34.9408 353.8161 0005353 165.3810 194.7070 15.59140395535008
SCD 2
1 25504U 98060A   26208.07011532  .00000378  00000-0  54671-4 0  9991
2 25504  24.9937 186.2002 0016741 183.7031 238.7524 14.45538245466102
ONEWEB-0663
1 55823U 23029AD  26208.15893605 -.00000042  00000-0 -13423-3 0  9998
2 55823  87.9176 266.5356 0002308 104.2390 255.9000 13.20872287166428
OPS 6182 (DMSP 5D-1 F3)
1 10820U 78042A   26208.13361318  .00000408  00000-0  14881-3 0  9993
2 10820  98.4480  42.3028 0008403 223.0623 136.9907 14.38107794518753
COSMOS 1054
1 11131U 78109D   26208.21747448 -.00000005  00000-0  70848-4 0  9994
2 11131  74.0177 288.8524 0027809 319.3112  69.2732 12.49313353172731
GLOBALSTAR M091
1 37741U 11033C   26208.73517782 -.00000111  00000-0 -41379-4 0  9991
2 37741  51.9994 118.4699 0000704  46.2351 331.7946 12.62264338694404
CAPELLA-11 (ACADIA)
1 57693U 23126A   26208.50132898  .00005168  00000-0  61647-3 0  9995
2 57693  53.0081   9.7745 0001556 148.2525 211.8549 14.85691760158118
GEESAT 4-01
1 65119U 25170A   26208.49788132  .00002026  00000-0  26694-3 0  9997
2 65119  49.9890 347.4981 0010542 204.9751 155.0678 14.84117771 52425
METOP SG-A
1 65159U 25172A   26208.15261953  .00000042  00000-0  39167-4 0  9999
2 65159  98.6620 267.0672 0001429  88.5675 271.5666 14.21504031 49461
EARTHCARE
1 59908U 24101A   26208.79982025  .00011720  00000-0  16308-3 0  9991
2 59908  97.0556 334.9390 0001561 103.3068 256.8363 15.57111913122888
KUIPER-00043
1 64504U 25134E   26208.38323721  .00004162  00000-0  57453-3 0  9991
2 64504  51.9028 335.3277 0000511 116.0262 244.0753 14.79937881 60762
COSMOS 981
1 10588U 78005F   26208.33055756  .00000004  00000-0  13462-3 0  9997
2 10588  74.0296  72.8823 0019931  76.3715  41.1371 12.46467703205389
GLOBALSTAR M054
1 25885U 99043C   26208.40044351  .00000020  00000-0  23221-2 0  9996
2 25885  52.0170 335.0664 0005088 157.2022 240.2054 11.39228820165232
MANDRAKE 2 ABLE
1 48907U 21059AE  26208.11628539  .00022370  00000-0  31649-3 0  9998
2 48907  97.7023  40.9930 0004696 185.6355 174.4847 15.56525700283331
CHECKMATE 3
1 56169U 23050H   26208.47153037  .00000076  00000-0  57295-4 0  9990
2 56169  81.0015  32.7584 0006573 198.6259 161.4657 13.85152685167697
ONEWEB-0568
1 56062U 23043S   26208.06131836 -.00000005  00000-0 -46921-4 0  9990
2 56062  87.9078 220.8497 0001985  84.2301 275.9056 13.16596514164223
IRIDIUM 161
1 43478U 18047C   26208.17289836  .00000296  00000-0  81864-4 0  9996
2 43478  86.4449  71.7457 0002073  82.0833 278.0603 14.43280709430900
COSMOS 2157
1 21728U 91068A   26208.65480990  .00000020  00000-0  51081-4 0  9994
2 21728  82.5802 291.9244 0005757  61.2436 298.9233 12.63251448605827
ONEWEB-0055
1 45443U 20020V   26208.45839068  .00000392  00000-0  10692-2 0  9999
2 45443  87.8902  13.0507 0001899  93.6742 266.4603 13.11415824307894
IRIDIUM 158
1 43571U 18061C   26208.51975101  .00000063  00000-0  15507-4 0  9994
2 43571  86.3938  39.8842 0002126  89.6961 270.4478 14.34217658419145
COSMOS 2271
1 23002U 94011D   26208.23618413  .00000021  00000-0  57895-4 0  9999
2 23002  82.5641 271.5915 0008250 101.3432 258.8587 12.63523842496541
LEMUR-2 POLO-11
1 68493U 26067CF  26208.11164585  .00006141  00000-0  60951-3 0  9996
2 68493  97.7672 165.7885 0001722 236.9210 123.1844 14.92102480 17670
COBE
1 20322U 89089A   26208.44615749  .00000038  00000-0  50546-4 0  9996
2 20322  98.8979 209.7955 0008038 335.3276 183.3963 14.05472534880314
YAOGAN-50 02
1 68196U 26051A   26208.43051367  .00000288  00000-0  91864-4 0  9991
2 68196 141.9870 161.9512 0000867 271.3083  88.7537 13.83258438 18576
ONEWEB-0675
1 55834U 23029AQ  26208.46596311 -.00000026  00000-0 -97876-4 0  9995
2 55834  87.9184 296.9577 0002176  93.9174 266.2207 13.19725405164236
AEROCUBE 18B
1 63222U 25052N   26208.48981295  .00006421  00000-0  26179-3 0  9994
2 63222  97.3927 101.4279 0004479  13.9449 346.1912 15.24784801 76034
SHIJIAN 6 02A (SJ-6 02A)
1 29505U 06046A   26208.52161476  .00010088  00000-0  50818-3 0  9999
2 29505  97.6346 249.8969 0003318  33.0386 327.1054 15.17375175 78383
UGATUSAT
1 35869U 09049E   26208.37262770  .00000055  00000-0  44111-4 0  9990
2 35869  98.7424 169.9478 0004374 171.6214 188.5038 14.23221853875140
OPS 4078 (DMSP 4B F2)
1 03510U 68092A   26208.29787405  .00000111  00000-0  61836-4 0  9995
2 03510  98.5768 330.1396 0029228 208.0923 151.8682 14.28262071  2934
HULIANWANG DIGUI-60
1 65166U 25174C   26208.47334954  .00000071  00000-0  13144-3 0  9994
2 65166  86.4928 238.3966 0001961 102.4084 257.7269 13.24407786 46129
STRIX-8
1 69701U 26146A   26208.50066530  .00004529  00000-0  33088-3 0  9990
2 69701  41.9900 304.9227 0006378 116.5415 243.6066 15.04529940  4631
KUIPER-00522
1 69602U 26140L   26208.71690766  .00027103  00000-0  69981-3 0  9995
2 69602  51.8767 202.3767 0013440 313.5162  46.4708 15.38859629  7472
KUIPER-00110
1 65148U 25171S   26208.21701406  .00003009  00000-0  42358-3 0  9996
2 65148  51.8997 271.1463 0000349  84.6205 275.4797 14.79925755 53407
COSMOS 2496
1 39761U 14028A   26208.51312774  .00000092  00000-0  59707-3 0  9991
2 39761  82.4443  83.4725 0020337 354.6689   5.4171 12.42879820552528
GLOBALSTAR M055
1 25910U 99049D   26208.21120072 -.00000044  00000-0  43103-3 0  9994
2 25910  52.0019 279.9338 0006751 249.9954 110.0171 12.29446817218105
OTTER
1 62623U 25009Q   26208.68339955  .00010783  00000-0  36713-3 0  9993
2 62623  97.4023 290.7023 0005617 151.3792 208.7758 15.30569794 85117
COSMOS 2173
1 21796U 91081A   26208.29136544  .00000038  00000-0  23846-4 0  9994
2 21796  82.9580 141.1013 0047980 228.7729 286.1687 13.75766571739910
SHIYAN 32-02
1 66378U 25255C   26208.66529299  .00013732  00000-0  32815-3 0  9993
2 66378  52.9909 182.2564 0011888 340.1396  19.9144 15.41754600 40203
SHARJAHSAT-2
1 68444U 26067AE  26208.82677739  .00007762  00000-0  37017-3 0  9997
2 68444  97.4590 166.8594 0002128 136.1283 224.0121 15.19362142 18115
KUIPER-00436
1 68939U 26098W   26208.50002315  .00003455  00000-0  43569-3 0  9991
2 68939  51.8988 239.9373 0007682 301.2472  24.6890 14.84232569  4225
QIANFAN-164
1 69326U 26121B   26208.71163825  .00000143  00000-0  20360-3 0  9991
2 69326  89.0177 296.4714 0021278  79.5315 280.8232 13.50557176  7645
COSMOS 1808
1 17239U 86100A   26208.24603292  .00000044  00000-0  31299-4 0  9999
2 17239  82.9368 142.4692 0033983 108.9856  44.9861 13.72249052982917
HULIANWANG DIGUI-53
1 65110U 25168E   26208.49912256 -.00000087  00000-0  80288-4 0  9997
2 65110  50.0020 181.1125 0008802 216.5357 143.4915 13.29327095 48053
ANISCSAT-1
1 66671U 25276F   26208.15885094  .00011751  00000-0  51209-3 0  9991
2 66671  97.4197 281.3906 0005286 201.9170 158.1841 15.22333673 36513
LEMUR 2 KREMPEL-BRO1
1 63357U 25061G   26208.35243031  .00004522  00000-0  24566-3 0  9996
2 63357  97.5633 184.0236 0020430 108.3292 252.0165 15.14846461 73716
CONNECTA T1.2
1 55012U 23001D   26208.13891584  .00047721  00000-0  74185-3 0  9995
2 55012  97.3236 279.6167 0003466 303.3332  56.7590 15.53792244198742
SJ-26
1 64199U 25115A   26208.64512703  .00005829  00000-0  24231-3 0  9998
2 64199  97.4547 286.9390 0018197 205.2737 154.7612 15.24035582 64603
QIANFAN-148
1 69107U 26108D   26208.50214061  .00000044  00000-0  46552-4 0  9991
2 69107  89.0108  18.0071 0020482 353.8765   6.2135 13.55301602  9878
YAOGAN-30 AA
1 48860U 21055A   26208.53001986  .00002046  00000-0  15179-3 0  9997
2 48860  34.9954 266.3250 0002947  56.0914 304.0075 15.02845581279256
TROLL
1 62658U 25009BB  26208.22420260  .00009609  00000-0  32528-3 0  9996
2 62658  97.3888 289.8840 0001416 150.1233 210.0089 15.30804546139579
ONEWEB-0053
1 45157U 20008AC  26208.05858621 -.00000494  00000-0 -14513-2 0  9990
2 45157  87.8814  28.3359 0001307  87.8648 272.2629 13.10370235313138
DEIMOS 2
1 40013U 14033D   26208.57572963  .00000752  00000-0  75955-4 0  9990
2 40013  97.5777  81.6365 0001422 111.5321 248.6051 14.93820780643757
NETSAT-3
1 46505U 20068V   26208.45905791  .00019335  00000-0  42578-3 0  9994
2 46505  97.8653 218.1437 0005428 167.7462 192.3918 15.43989154321893
ONEWEB-0135
1 47281U 20100Z   26208.27367331  .00000262  00000-0  69167-3 0  9997
2 47281  87.8975 342.6983 0002104 102.8977 257.2386 13.12445242269990
POLYITAN 1
1 40042U 14033AJ  26208.04018129  .00020958  00000-0  62643-3 0  9992
2 40042  98.0935 238.1111 0006607  26.8214 333.3368 15.34598444659708
COSMOS 1523
1 14612U 84001B   26208.27312711  .00000007  00000-0  13396-3 0  9991
2 14612  74.0049 278.6136 0041256 152.4625 266.6016 12.58657222955338
AISAT
1 40054U 14034B   26208.74022013  .00010651  00000-0  66671-3 0  9994
2 40054  98.2354 124.1191 0011143  86.8896 273.3605 15.09548660653329
QIANFAN-119
1 68646U 26075L   26208.60584584  .00000113  00000-0  15562-3 0  9995
2 68646  88.9923 316.8776 0002473 109.6791 250.4628 13.51023016 15261
CYGFM07
1 41890U 16078G   26208.50076484  .00031771  00000-0  34767-3 0  9995
2 41890  34.9456 320.7719 0005366 216.6010 143.4349 15.62225245535308
FLOCK 4BE 17
1 60492U 24149AA  26208.17286001  .00017165  00000-0  41910-3 0  9992
2 60492  97.3767 291.8854 0004635 117.0448 243.1272 15.40905205108418
AGGIESAT6
1 68634U 26074H   26208.89472955  .00011324  00000-0  42570-3 0  9995
2 68634  60.0203  20.7541 0033957  63.6350 296.8211 15.27121452 17017
ONEWEB-0021
1 45134U 20008D   26208.45394291 -.00000600  00000-0 -17561-2 0  9992
2 45134  87.8818  28.2564 0001779  93.4182 266.7149 13.10373013313922
HULIANWANG DIGUI-132
1 67240U 25311E   26208.60002577 -.00000102  00000-0  48480-4 0  9998
2 67240  50.0084 330.9431 0000815 117.3893 242.7062 13.29324632 28713
COSMOS 372
1 04588U 70086A   26208.25857875  .00000110  00000-0  45963-4 0  9994
2 04588  74.0558 140.8644 0014434 257.1122 264.2821 14.36957495918678
ONEWEB-0504
1 54122U 22138K   26208.69023686  .00000013  00000-0 -80407-6 0  9998
2 54122  87.9191 296.9044 0002039 107.2706 252.8650 13.19727214182176
HULIANWANG DIGUI-139
1 67437U 26007C   26208.68578993 -.00000081  00000-0  93450-4 0  9990
2 67437  50.0039 300.6067 0000798 146.7469 213.3453 13.29328870 26179
COSMOS 1434
1 13766U 83002F   26208.47214301 -.00000022  00000-0 -37883-4 0  9995
2 13766  74.0246 125.9357 0023446 175.5950 304.0013 12.53823950992123
WESTPAC
1 25398U 98043E   26208.41501524 -.00000013  00000-0  14705-4 0  9997
2 25398  99.0167 195.4208 0002413  93.0379 267.1074 14.23055361456665
GONETS M 03
1 38734U 12041B   26208.49435117  .00000205  00000-0  13718-2 0  9994
2 38734  82.4731  39.5560 0016373 336.6467  23.3868 12.44904528635682
LEMUR 2 AFFIE-WAUWIE
1 66295U 25248C   26208.19933999  .00015969  00000-0  57159-3 0  9999
2 66295  45.3912 257.9539 0009078 313.2082  46.8048 15.28645818 40717
YAOGAN-43 02A
1 60945U 24156A   26208.47376104  .00049075  00000-0  75055-3 0  9992
2 60945  34.9938 248.1716 0002712 228.5468 131.5023 15.53281022106223
ORBCOMM FM 111
1 40089U 14040D   26208.03088216  .00002130  00000-0  24580-3 0  9994
2 40089  46.9998 205.7503 0029051 334.3667  25.5789 14.88981528650516
RADCAL
1 22698U 93041A   26208.09930430  .00000149  00000-0  56444-4 0  9991
2 22698  89.4977  58.0529 0090183  56.4606 304.5160 14.24194136717874
MIMAN
1 52900U 22065G   26208.36324128  .00000585  00000-0  12649-3 0  9991
2 52900  98.2311 350.6552 0006312 258.3562 101.6931 14.61882838216314
COSMOS 367
1 04564U 70079A   26208.29872047 -.00000076  00000-0  93547-5 0  9996
2 04564  65.2799 317.2410 0051015  47.9986 312.5401 13.78567777808642
COSMOS 1251
1 12321U 81022B   26208.46223747 -.00000007  00000-0  53082-4 0  9995
2 12321  74.0308  10.6154 0044049  89.5717 300.6448 12.56491067 81980
ION-SCV-022
1 66682U 25276S   26208.46513236  .00001263  00000-0  11176-3 0  9999
2 66682  97.5268 277.6978 0006961  51.9735 308.2115 14.97964678 36106
FLOCK 4H 31
1 66734U 25276BW  26208.66060192  .00006815  00000-0  31876-3 0  9994
2 66734  97.4157 281.3477 0002831 210.6362 149.4708 15.20075937 36569
HULIANWANG DIGUI-13
1 62973U 25030C   26208.44795267 -.00000103  00000-0  45397-4 0  9996
2 62973  50.0027  91.4209 0000596 312.5622  47.5200 13.29324919 71211
USA 486
1 62757U 25014Y   26208.07643727  .00195678  00000-0  11714-2 0  9995
2 62757  42.9979 228.4173 0001679 232.3548 127.7170 15.76476489 87070
QIANFAN-236
1 69865U 26155T   26208.52281098  .00000256  00000-0  11091-3 0  9994
2 69865  89.0057  59.5476 0030196 181.3473 178.7642 14.21105994  3135
CSG-2
1 51444U 22008A   26208.52390792  .00000043  00000-0  11927-4 0  9996
2 51444  97.8897  31.5391 0001498  88.5268 271.6116 14.82152097242561
KINEIS-3E
1 61222U 24172C   26208.48602987  .00001990  00000-0  32258-3 0  9993
2 61222  98.0426 297.9477 0001505  81.4712 278.6666 14.72313207 99282
COSMOS 1163
1 11698U 80012H   26208.32580647 -.00000022  00000-0 -53169-4 0  9993
2 11698  74.0244 327.7522 0045159  82.4942 306.8421 12.39950159102370
COSMOS 1015
1 10932U 78056C   26208.21178061  .00000013  00000-0  20811-3 0  9994
2 10932  74.0233 223.3043 0026620  75.4236 357.9604 12.42816794183769
COSMOS 465
1 05683U 71111A   26208.52034523  .00000027  00000-0  52745-4 0  9991
2 05683  74.0256 244.3370 0027641 350.0317 158.1275 13.74368963738883
QIANFAN-177
1 69394U 26124N   26208.81995494 -.02069268  00000-0 -23517+1 0  9996
2 69394  89.0003 357.5062 0011459  10.5703 349.5701 13.74329162  7539
FENGYUN 3G
1 56232U 23055A   26208.62983404  .00025681  00000-0  39049-3 0  9997
2 56232  49.9920 137.3699 0006693 116.5738 243.5916 15.54304213186290
ONEWEB-0388
1 49314U 21090AM  26208.21165743  .00000092  00000-0  19865-3 0  9993
2 49314  87.9180 297.0004 0001886 101.4012 258.7333 13.19724385231695
KUIPER-00600
1 69284U 26118T   26208.18533391  .00030068  00000-0  80786-3 0  9997
2 69284  51.8612 219.9610 0008587 335.5494  24.5084 15.37630365 10130
DIWATA 2B
1 43678U 18084H   26208.51378579  .00001521  00000-0  12547-3 0  9993
2 43678  98.1220  46.4917 0011967  45.7056 314.5146 15.00600673422262
KUIPER-00086
1 64832U 25151S   26208.78583849  .00003925  00000-0  54349-3 0  9994
2 64832  51.9012  38.6056 0000583 114.4817 245.6207 14.79941892 56082
YAOGAN-30 AF
1 49029U 21065D   26208.53767543  .00002810  00000-0  20754-3 0  9998
2 49029  34.9958  26.6766 0004737 268.2805  91.7360 15.02852296274738
OSCAR 8
1 10703U 78026B   26208.41643241 -.00000232  00000-0 -12664-3 0  9998
2 10703  99.3312 205.6992 0010306 209.5303 314.2719 13.99806952469698
PEXT
1 64874U 25154F   26208.57858906  .00004250  00000-0  19661-3 0  9999
2 64874  97.3946 272.8309 0004149 125.9049 234.2572 15.20671321 55988
ONEWEB-0322
1 49192U 21083G   26208.68187958 -.00000009  00000-0 -60656-4 0  9997
2 49192  87.8981 312.1785 0002258 108.8081 251.3293 13.13470403236235
KUIPER-00431
1 68936U 26098T   26208.51411046  .00002554  00000-0  36372-3 0  9997
2 68936  51.8974 244.8304 0000761  43.3086 316.7936 14.79951677 13387
COSMOS 832
1  8896U 76054H   26208.51160020  .00000014  00000-0  21738-3 0  9995
2  8896  73.9992 262.8901 0024771 232.6549 192.4579 12.41322828270900
ISTSAT-1
1 60238U 24128D   26208.53077944  .00007318  00000-0  43047-3 0  9993
2 60238  61.9879  63.4355 0032943 139.3538 221.0025 15.12055644112560
MAKERSAT 0
1 43016U 17073D   26208.13444494  .00022155  00000-0  57397-3 0  9992
2 43016  97.4576  90.9873 0105704 130.1427 230.9134 15.33427463472581
COSMOS 971
1 10536U 77122A   26208.12080035  .00000065  00000-0  53593-4 0  9991
2 10536  82.9332 216.8155 0019617 271.5639 153.2722 13.73431392434626
BLACKJACK ACES-3
1 56950U 23084U   26208.36228974  .00005240  00000-0  25456-3 0  9997
2 56950  97.6253 343.8797 0001756 173.9069 186.2187 15.18893266173265
GOMX 1
1 39430U 13066Q   26208.49521846  .00001160  00000-0  18049-3 0  9995
2 39430  97.6466  46.4154 0127198 308.4736  50.5113 14.69567360675833
ENSHI XIDA SHANQUAN
1 64962U 25160A   26208.51391903  .00046736  00000-0  99770-3 0  9991
2 64962  97.3611 286.8423 0007029  75.6183 284.5846 15.44705161 55637
COSMOS 1996
1 19787U 89009C   26208.36627530  .00000005  00000-0 -29229-4 0  9992
2 19787  82.6173 340.6530 0005553 326.3008  61.5528 12.62926681726502
COSMOS 1914
1 18793U 88002F   26208.37364272  .00000029  00000-0  95553-4 0  9990
2 18793  82.6065 187.0813 0015868 281.0379 233.1006 12.66463483780871
SHIJIAN 6 05B (SJ-6 05B)
1 49962U 21122B   26208.68024391  .00003408  00000-0  20143-3 0  9997
2 49962  97.3814 187.9538 0000677 100.9372 259.1935 15.12128243255866
COSMOS 2004
1 19826U 89017A   26208.25104080  .00000075  00000-0  65108-4 0  9995
2 19826  82.9497 253.8059 0031136 136.9824 295.8575 13.72557327873984
COSMOS 1934
1 18985U 88023A   26208.74142779  .00000043  00000-0  28095-4 0  9996
2 18985  82.9579 124.9868 0041677  16.6955 343.5562 13.76684479801583
RISAT 1
1 38248U 12017A   26208.14241474  .00068463  00000-0  54093-3 0  9992
2 38248  97.4318 258.2909 0000735  99.5333 260.6013 15.71176222788343
ICEYE-X58
1 66751U 25276CP  26208.21597789  .00003087  00000-0  15795-3 0  9991
2 66751  97.4192 280.8469 0003399 168.7272 191.4038 15.17362453 36487
GONETS D1 8
1 27059U 01058E   26208.55541480 -.00000026  00000-0 -20524-3 0  9993
2 27059  82.5402 186.9000 0002728 130.1846 229.9484 12.61557312131660
COSMOS 909
1 10010U 77036A   26208.18343449 -.00000063  00000-0 -33502-4 0  9997
2 10010  65.8620 120.6831 0700233  44.0768 321.3900 12.30355239190232
FFLY-1
1 65320U 25188F   26208.52609147  .00001076  00000-0  10954-3 0  9998
2 65320  97.7365 283.0779 0010672  48.0098 312.2028 14.92738474 49927
COSMOS 532
1  6267U 72087E   26208.55350530  .00000008  00000-0  11689-3 0  9995
2  6267  74.0342  41.2055 0107619  85.2715 289.1908 12.69744023490426
BESSA
1 68836U 26067CX  26208.85419315  .00008762  00000-0  42350-3 0  9996
2 68836  97.4546 166.7734 0008851 222.6056 137.4492 15.18827226 17917
FOREST-18 MANGOSHRIKHAND
1 68999U 26100V   26208.22688820  .00004567  00000-0  44660-3 0  9999
2 68999  97.7280 104.9530 0002660  87.2085 272.9439 14.92825530 12673
QIANFAN-68
1 62798U 25016P   26208.46246941  .00000113  00000-0  15624-3 0  9996
2 62798  88.9696  79.5779 0016873  52.1342 308.1332 13.51017626 77855
ONEWEB-0235
1 48771U 21045E   26208.59078864  .00000012  00000-0 -13306-5 0  9996
2 48771  87.8982 251.1425 0002354 102.8854 257.2539 13.15547156249694
BRITE-U UNIBRITE
1 39092U 13009G   26208.48257533  .00000192  00000-0  79902-4 0  9994
2 39092  98.4054  27.0464 0010242 113.8263 246.3998 14.36428036702772
IRIDE FM8
1 66702U 25276AN  26208.66668904  .00007986  00000-0  36813-3 0  9990
2 66702  97.4185 281.5715 0002823 223.5126 136.5887 15.20525502 36578
KUIPER-00179
1 67136U 25301D   26208.61457180  .00003482  00000-0  48543-3 0  9998
2 67136  51.8965 166.8384 0000683  71.4323 288.6714 14.79936520 34630
IRIDIUM 171
1 43929U 19002H   26208.34799734 -.00000020  00000-0 -14346-4 0  9999
2 43929  86.4011 337.0964 0002179  95.7146 264.4299 14.34217489394715
SHIYAN 32-01
1 66376U 25255A   26208.14164177  .00028673  00000-0  45017-3 0  9992
2 66376  52.9911 173.2120 0012904  51.2343 308.9817 15.53368769 40426
ONEWEB-0120
1 47266U 20100J   26208.63467375 -.00000355  00000-0 -10234-2 0  9994
2 47266  87.8977 342.6288 0002002  94.7743 265.3614 13.12443218270032
METEOR-M
1 35865U 09049A   26208.36068560  .00000073  00000-0  51986-4 0  9994
2 35865  98.7414 170.5511 0002179 163.3227 196.8023 14.23164812874960
HJ-2A
1 46478U 20067A   26208.48661713  .00000302  00000-0  50373-4 0  9995
2 46478  97.8820 285.9036 0005012 124.1504 236.0182 14.76560656314201
SKYBEE-A02
1 64544U 25135S   26208.55069941  .00002817  00000-0  13290-3 0  9992
2 64544  97.4766 323.0195 0002569  50.3191 309.8270 15.20288694 60963
KUIPER-00084
1 64830U 25151Q   26208.54140566  .00003767  00000-0  52295-3 0  9993
2 64830  51.9012  47.1624 0000676 112.1310 247.9724 14.79929264 55944
LEMUR 2 KREMPEL-BRO2
1 63353U 25061C   26208.40559222  .00004496  00000-0  24828-3 0  9991
2 63353  97.5716 184.1745 0020902 115.7537 244.5855 15.14255793 73699
ONEWEB-0245
1 48778U 21045M   26208.52898591 -.00000160  00000-0 -45849-3 0  9993
2 48778  87.8982 251.1562 0002241  94.9653 265.1733 13.15549529249685
KUIPER-00554
1 69619U 26140AD  26208.21197924  .00032631  00000-0  85949-3 0  9990
2 69619  51.8753 204.9851 0011933 333.5608  26.4768 15.38167726  7394
ICEYE-X61
1 66754U 25276CS  26208.61918002  .00003492  00000-0  17172-3 0  9994
2 66754  97.4190 281.3556 0003333 168.1908 191.9405 15.18672746 36550
COSMOS 792
1 08608U 76008B   26208.72799250 -.00000004  00000-0  74382-4 0  9995
2 08608  74.0564 290.8190 0034455  61.2234 107.2057 12.50421872304964
XCUBE-1
1 62400U 24247Z   26208.67780921  .00008781  00000-0  30507-3 0  9991
2 62400  44.9968  70.6108 0001910 112.7596 247.3490 15.30160743 89161
USA 32
1 19460U 88078A   26208.61927018  .00000156  00000-0  48263-4 0  9992
2 19460  84.9845  89.5620 0003077  16.5051 343.6242 14.34453562114989
BADR B
1 27003U 01056C   26208.42771809 -.00000013  00000-0  37911-4 0  9990
2 27003  99.8063  24.8271 0020691  35.6830 324.5694 13.70410418231453
BRO-14
1 60551U 24149CM  26208.52188722  .00000679  00000-0  65246-4 0  9999
2 60551  97.6859 283.5736 0005850 334.1756  25.9172 14.96260788106020
KUIPER-00021
1 63736U 25088N   26208.40530156  .00000654  00000-0  11477-3 0  9998
2 63736  51.8993 205.2379 0000460  63.5574 296.5435 14.79923244 68182
QIANFAN-79
1 63165U 25046G   26208.49778692  .00000153  00000-0  21823-3 0  9996
2 63165  88.9724 296.5800 0015074 183.6703 176.4340 13.51022894 77998
KUIPER-00289
1 68591U 26072U   26208.45758060 -.00002218  00000-0 -26201-3 0  9998
2 68591  51.9016   0.0766 0000584  89.6931 270.4098 14.79929110 17321
FLOCK 4H 17
1 66720U 25276BG  26208.15775647  .00015269  00000-0  63556-3 0  9994
2 66720  97.4198 281.7389 0004079 159.1141 201.0263 15.23834818 36535
YAOGAN-43 O1E
1 60462U 24148E   26208.52864600  .00009720  00000-0  40360-3 0  9990
2 60462  34.9922 266.4592 0004897 230.7224 129.3057 15.23063922108314
ELARA 1
1 64539U 25135M   26208.24761662  .00004002  00000-0  17213-3 0  9998
2 64539  97.4764 323.5853 0004233  55.5030 304.6606 15.23214656 60977
FLOCK 4G 31
1 62652U 25009AV  26208.19257756  .00010686  00000-0  37282-3 0  9993
2 62652  97.3964 289.5534 0002737 137.7498 222.3954 15.29788229 85020
ONEWEB-0643
1 55807U 23029M   26208.25818307  .00000113  00000-0  26955-3 0  9998
2 55807  87.8947 281.7426 0002710  97.8457 262.2981 13.14503023164654
COSMOS 1522
1 14611U 84001A   26208.40960186 -.00000008  00000-0  53884-4 0  9999
2 14611  74.0094   9.3166 0019593 121.3700 264.0433 12.47066461937384
RADIO 7
1 13001U 81120E   26208.41405051 -.00000040  00000-0 -55216-3 0  9993
2 13001  82.9614   0.9942 0022730 285.6775 102.9692 12.08948528968307
CENTAURI-7
1 62708U 25009DD  26208.67599712  .00003308  00000-0  28490-3 0  9993
2 62708  97.7078 288.4405 0001804  93.1327 267.0102 14.98030806 83527
QIANFAN-87
1 63173U 25046Q   26208.53083341  .00000141  00000-0  20027-3 0  9992
2 63173  88.9719 296.3623 0012029 180.0855 180.0297 13.51012558 78100
COSMOS 2580
1 62216U 24230A   26208.55164946 -.00000050  00000-0  18083-4 0  9996
2 62216  67.1484 312.7392 0005890 262.6389  97.4026 13.96674818 83770
JILIN-01 KUANFU 02B 6
1 61194U 24169F   26208.53419419  .00004722  00000-0  30087-3 0  9993
2 61194  97.5557 297.4709 0016706 178.5975 181.5303 15.09109531101929
IRIDE-MS1-EAG2-16
1 68452U 26067AN  26208.82510305  .00008674  00000-0  42317-3 0  9993
2 68452  97.4567 166.6721 0002113 291.4948  68.6060 15.18535612 18101
COSMOS 2585
1 63288U 25054A   26208.54949789  .00000050  00000-0  29082-3 0  9995
2 63288  82.4912  53.5128 0023841 308.8784  51.0168 12.42868933 61874
SARI-1
1 66668U 25276C   26208.66469335  .00033371  00000-0  11471-2 0  9997
2 66668  97.4033 282.6575 0006764 206.9945 153.0945 15.30004349 36671
GEESAT 6-02
1 65714U 25214C   26208.74228995 -.00001383  00000-0 -13900-3 0  9994
2 65714  49.9877 120.5800 0010122   9.0251 351.0867 14.83462832 45525
YAOGAN-32 2A
1 49383U 21099A   26208.55666159  .00000749  00000-0  15136-3 0  9998
2 49383  98.2521 342.4288 0002521  92.8392 267.3099 14.64258084252276
LEGION 2
1 59626U 24081B   26208.49950759  .00004280  00000-0  22033-3 0  9996
2 59626  97.5008 286.0255 0011281 188.0752 172.0301 15.16897690123654
COSMOS 341
1 04388U 70036F   26208.33836219 -.00000017  00000-0 -65606-5 0  9990
2 04388  74.0283 163.9424 0080405  70.6389  82.3248 12.64354038595998
ONEWEB-0586
1 54653U 22166M   26208.77347337  .00000033  00000-0  48292-4 0  9994
2 54653  87.9225 235.9167 0001909  97.4441 262.6910 13.21824440176884
KORSAT-4
1 66293U 25248A   26208.68847924  .00003704  00000-0  32130-3 0  9999
2 66293  45.4096 309.5721 0000984 283.7201  76.3568 14.98800733 40133
LEMUR 2 WILSON
1 62694U 25009CP  26208.18016676  .00002324  00000-0  21597-3 0  9994
2 62694  97.7021 285.9433 0001496 251.9508 108.1550 14.95322784 83331
GLOBALSTAR M071
1 31576U 07020F   26208.28991385 -.00000168  00000-0 -76121-3 0  9991
2 31576  52.0041 175.6537 0000650 222.7376 278.2080 12.18271573544311
COSMOS 623
1 06991U 73104G   26208.72485949 -.00000014  00000-0  14547-4 0  9997
2 06991  74.0314 302.1094 0062806  17.2556 136.2395 12.56958495413767
VNREDSAT 1
1 39160U 13021B   26208.52626411  .00000805  00000-0  15914-3 0  9997
2 39160  97.9065 260.3895 0001469  81.3204 278.8166 14.64895380706197
COSMOS 1436
1 13768U 83002H   26208.64828650 -.00000025  00000-0 -50134-4 0  9991
2 13768  74.0272 329.7324 0043936 348.2821  23.4473 12.57742539998107
ORBCOMM FM 7
1 25119U 97084H   26208.72103785  .00001098  00000-0  33407-3 0  9995
2 25119  45.0119 218.2972 0000596 199.4300 160.6529 14.47657196500258
ONEWEB-0360
1 49286U 21090H   26208.16696355  .00000150  00000-0  33624-3 0  9997
2 49286  87.9173 266.4736 0002120  94.3151 265.8225 13.20772637235129
QIANFAN-210
1 69809U 26153K   26208.49289429  .00000425  00000-0  19318-3 0  9990
2 69809  88.9935 357.6383 0009172 142.3719 217.8114 14.19941092  3295
CARBONITE 1
1 40718U 15032D   26208.51347701  .00001804  00000-0  22402-3 0  9993
2 40718  97.6527  24.8986 0014975 156.6574 203.5323 14.83701454595324
OPS 7898 (P/L 4)
1 05682U 71110E   26208.23736813 -.00000011  00000-0  41078-4 0  9999
2 05682  69.9895 283.5489 0006056 133.3138 226.8462 13.74656138350683
KUIPER-00634
1 69785U 26151Y   26208.50002315 -.01196349  00000-0 -37063-1 0  9999
2 69785  51.8788 120.8209 0003043 185.6947   1.9554 15.35934253  3632
COSMOS 2197
1 22034U 92042A   26208.45095314  .00000043  00000-0  17522-3 0  9994
2 22034  82.5925 203.2064 0012635 176.8103 336.5302 12.64253261570370
FLOCK 4BE 35
1 60558U 24149CU  26208.71384163  .00294478  00000-0  14876-2 0  9997
2 60558  97.3636 297.3460 0003382 213.4156 146.6899 15.80801490108838
ONEWEB-0687
1 61595U 24188B   26208.32507894  .00000082  00000-0  17730-3 0  9996
2 61595  87.9156 357.8917 0001625  79.6471 280.4844 13.17648506 91182
PAZ
1 43215U 18020A   26208.68188072  .00001832  00000-0  90453-4 0  9993
2 43215  97.4466 215.4936 0001737  88.5244 271.6189 15.19143580467156
COSMOS 1386
1 13353U 82069A   26208.11030584  .00000064  00000-0  50098-4 0  9996
2 13353  82.9608  76.0883 0037762 315.8197  43.9946 13.76631015212475
ORBCOMM FM 105
1 41181U 15081C   26208.84505839  .00000175  00000-0  93519-4 0  9994
2 41181  47.0009 124.0567 0002327 326.3129  33.7603 14.45580696559438
GEESAT 2-06
1 58910U 24023F   26208.56534716  .00005570  00000-0  41186-3 0  9999
2 58910  49.9880 106.3923 0005602 214.6090 145.4493 15.04496756135727
COSMOS 1365
1 13175U 82043A   26208.70395795 -.00000070  00000-0  15985-4 0  9997
2 13175  65.0685  99.6617 0050225  15.9092   4.7973 13.89785163245593
YAOGAN-30 K
1 43170U 18011B   26208.49632300  .00002532  00000-0  18739-3 0  9994
2 43170  34.9957 265.2421 0003720 319.5160  40.5271 15.02824282464213
COSMOS 450
1 05553U 71086G   26208.25927546 -.00000012  00000-0  25438-4 0  9998
2 05553  74.0291 288.0426 0042750  25.7119  30.2966 12.42700880485382
ONEWEB-0693
1 61601U 24188H   26208.82119839  .00000023  00000-0  26358-4 0  9999
2 61601  87.9150 357.8113 0001922 119.5533 240.5790 13.17648685 91236
KUIPER-00126
1 65955U 25228J   26208.24572461  .00003347  00000-0  46783-3 0  9996
2 65955  51.8994 103.4732 0000806 106.9989 253.1061 14.79932913 43894
ONEWEB-0172
1 48071U 21025AF  26208.67678868  .00000115  00000-0  27896-3 0  9996
2 48071  87.8991 312.1676 0002159  99.7846 260.3527 13.13470843259825
COSMOS 2524
1 43032U 17076A   26208.53866027 -.00000010  00000-0  46839-4 0  9994
2 43032  67.1469  94.2854 0002826 228.8135 131.2706 13.97432328441243
NUSAT-48 (H. LEAVITT)
1 60498U 24149AG  26208.18083212  .00009274  00000-0  32329-3 0  9994
2 60498  97.3915 289.4796 0004913 119.4949 240.6782 15.29849330108251
COSMOS 1257
1 12327U 81022H   26208.43790373 -.00000013  00000-0  21059-4 0  9998
2 12327  74.0309   6.0435 0007164 238.3950 150.8051 12.47858207 67698
KSM1-D
1 46907U 20081C   26208.62391103  .00007474  00000-0  29397-3 0  9995
2 46907  36.8940 178.9886 0004898 237.9664 122.0610 15.25241985315273
COSMOS 1226
1 12091U 80099A   26208.27107971  .00000049  00000-0  35329-4 0  9990
2 12091  82.9439 334.2232 0032423 312.3431  65.3757 13.74724732288269
COSMOS 1057
1 11134U 78109G   26208.55322060  .00000016  00000-0  22760-3 0  9993
2 11134  74.0134 236.5832 0021604  47.9006  26.1008 12.42131379160253
SKYSAT C8
1 42990U 17068D   26208.81406718  .00011560  00000-0  31428-3 0  9993
2 42990  97.4565 346.0443 0001338 107.6538 252.4853 15.37711370488555
COSMOS 1448
1 13949U 83023A   26208.51193072  .00000068  00000-0  54377-4 0  9992
2 13949  82.9543  44.1181 0030016  14.1243  13.4732 13.76141204175409
MANDRAKE 2 BAKER
1 48908U 21059AF  26208.50197547  .00029701  00000-0  34678-3 0  9992
2 48908  97.6984  44.5743 0003677 173.4683 186.6623 15.61577406283586
ONEWEB-0260
1 48978U 21060M   26208.44368741 -.00000031  00000-0 -11491-3 0  9995
2 48978  87.9074 220.7846 0001759  97.7606 262.3724 13.16593227244903
GNOMES-1
1 46266U 20059B   26208.54170355  .00003280  00000-0  26458-3 0  9999
2 46266  97.7959  58.9902 0010844 242.3505 117.6618 15.00553260321646
QIANFAN-188
1 69406U 26125F   26208.87238786 -.02130076  00000-0 -24641+1 0  9996
2 69406  88.9931 275.9107 0018231  61.1802 299.1189 13.73337874  7427
RADIO 1
1 11085U 78100B   26208.42467947  .00000011  00000-0  26918-4 0  9994
2 11085  82.5480  23.6705 0012367 256.2780 127.4506 11.96569195 85635
GHGSAT-C6
1 56204U 23054AC  26208.51318988  .00015589  00000-0  24184-3 0  9992
2 56204  97.3013 119.1622 0003695 230.4248 129.6679 15.54075857184718
COSMOS 1748
1 16758U 86042A   26208.26680859  .00000013  00000-0  18872-3 0  9992
2 16758  74.0154 240.5286 0010263  28.8846  44.3448 12.50789026832847
ONEWEB-0394
1 50474U 21132F   26208.61616554  .00000057  00000-0  11294-3 0  9993
2 50474  87.9206 327.4062 0001777 102.3167 257.8164 13.18686083226928
ONEWEB-0093
1 45444U 20020W   26208.90819995  .00000565  00000-0  15689-2 0  9990
2 45444  87.8903  12.9600 0001538  98.2357 261.8945 13.10892990308016
FEDSAT
1 27598U 02056B   26208.34054873  .00000100  00000-0  56760-4 0  9995
2 27598  98.8631 182.4814 0008201 215.1062 144.9580 14.29740852231496
PEARL-1A
1 68990U 26100L   26208.16224312  .00001232  00000-0  12987-3 0  9998
2 68990  97.7264 104.7161 0006449  43.6726 316.5002 14.91085502 12656
YUNHAI 1-02
1 44547U 19063A   26208.49805144  .00000316  00000-0  13174-3 0  9995
2 44547  98.4129 217.7782 0006628  45.2157 314.9566 14.32728287357642
KUIPER-00058
1 64518U 25134U   26208.62769878  .00000158  00000-0  49685-4 0  9990
2 64518  51.9003 326.7398 0000480 120.0570 240.0440 14.79920494 60907
COSMOS 795
1  8611U 76008E   26208.54283272 -.00000032  00000-0 -11066-3 0  9992
2  8611  74.0555 141.8493 0019995 344.6127  15.4311 12.45794855296253
GONETS D1 2
1 23788U 96009B   26208.25611870  .00000023  00000-0  66557-4 0  9998
2 23788  82.5697 278.8588 0006396 348.2144  11.8797 12.63217721403151
COSMOS 800
1  8645U 76011A   26208.18287108  .00000052  00000-0  40901-4 0  9996
2  8645  82.9712  87.2684 0020251 227.3394 248.1540 13.72204160526877
COSMOS 765
1 08289U 75086E   26208.31110139  .00000001  00000-0  12432-3 0  9996
2 08289  74.0085  57.0348 0045894 339.1376 133.0975 12.38290905299054
KUIPER-00029
1 63742U 25088U   26208.66220916  .00001634  00000-0  24324-3 0  9997
2 63742  51.9011 192.7771 0000796   6.0113 354.0859 14.79932787 68339
DOVE 3
1 39429U 13066P   26208.14783071  .00002327  00000-0  30924-3 0  9997
2 39429  97.6589  65.9510 0111794 254.8611 104.0212 14.76422207676902
HORUS 1
1 55690U 23025A   26208.54884749  .00005984  00000-0  25485-3 0  9997
2 55690  97.3452 282.2919 0001871 111.2758 248.8679 15.23339838190191
ONEWEB-0506
1 54124U 22138M   26208.66182900  .00000086  00000-0  18249-3 0  9993
2 54124  87.9192 296.9082 0002222 107.3733 252.7643 13.19725956182145
COSMOS 1132
1 11540U 79084C   26208.30046596 -.00000023  00000-0 -43485-4 0  9995
2 11540  74.0246 159.8709 0036502 213.8278 218.3190 12.52669669141699
KUIPER-00440
1 68942U 26098Z   26208.56495021  .00014235  00000-0  47053-3 0  9991
2 68942  51.8753 234.3617 0003291 347.3185  12.7716 15.31608554 13536
QB50P2
1 40032U 14033Y   26208.44449845  .00007035  00000-0  37344-3 0  9999
2 40032  98.0767 207.8496 0008684  49.5503 310.6483 15.15651943658763
DEAR-5
1 67070U 25296B   26208.52852931  .00003730  00000-0  18970-3 0  9998
2 67070  41.3586 247.2489 0015065 142.5020 217.6855 15.17938810 34404
KUIPER-00428
1 69593U 26140B   26208.37965359  .00021258  00000-0  58417-3 0  9996
2 69593  51.8782 204.6087 0007819  68.9369 291.2453 15.37140152  7415
HELIOS 1A
1 23605U 95033A   26208.20457847  .00002293  00000-0  16227-3 0  9998
2 23605  98.1904 100.9899 0010571 256.5947 103.4100 15.05937833674186
KUIPER-00008
1 63724U 25088A   26208.25265092  .00000731  00000-0  12479-3 0  9991
2 63724  51.8998 190.8604 0000519  49.8189 310.2819 14.79944642 68712
ONEWEB-0158
1 48054U 21025N   26208.57861515  .00000321  00000-0  84347-3 0  9992
2 48054  87.8990 312.1843 0001978 108.4649 251.6695 13.13472395258932
TIANHUI 2-02B
1 49072U 21074B   26208.50497248  .00001804  00000-0  95354-4 0  9996
2 49072  97.4825 211.1986 0001560  85.5905 274.5506 15.16760460273389
RASSVET-3 11
1 68370U 26061L   26208.60558251  .00112501  00000-0  10963-2 0  9990
2 68370  82.2924 327.4604 0006473  15.6583 344.4875 15.65836119 19917
UK-DMC
1 27942U 03042D   26208.33221973  .00001315  00000-0  14898-3 0  9994
2 27942  98.0808  38.1830 0054836  73.1817 287.5404 14.87118253228737
COSMOS 2491
1 39497U 13076E   26208.48743019 -.00000002  00000-0 -86937-4 0  9994
2 39497  82.4880 143.0970 0013564   7.9762 352.1532 12.43497765570267
GEESAT 4-08
1 65126U 25170H   26208.50584183  .00001669  00000-0  23443-3 0  9998
2 65126  49.9667 300.8182 0020704 137.7786 222.4750 14.82249850 53033
M2 PATHFINDER
1 45727U 20037E   26208.47724770  .00003076  00000-0  22196-3 0  9992
2 45727  97.8146  40.1659 0011921  23.6553 336.5219 15.04842984331556
KUIPER-00087
1 64833U 25151T   26208.53460895  .00003870  00000-0  53625-3 0  9998
2 64833  51.8998  22.1776 0000722 116.6205 243.4831 14.79943713 56287
QIANFAN-112
1 68639U 26075D   26208.46599209  .00000105  00000-0  14435-3 0  9990
2 68639  88.9919 316.8911 0002426 115.9849 244.1552 13.51015451 15249
STRIX-5
1 65971U 25229A   26208.86272034  .00004955  00000-0  35430-3 0  9999
2 65971  41.9283  61.8031 0037556 317.8004  41.9934 15.04681778 43100
QIANFAN-67
1 62797U 25016N   26208.47088568  .00000105  00000-0  14413-3 0  9991
2 62797  88.9693  79.5238 0016832  54.0337 306.2373 13.51024804 77873
HJS-6C
1 63430U 25067C   26208.46961111  .00004197  00000-0  21163-3 0  9990
2 63430  54.9938 211.6579 0010412  76.5175 283.7004 15.19217585 74050
ONEWEB-0163
1 48061U 21025V   26208.26883567  .00000209  00000-0  53690-3 0  9999
2 48061  87.8991 312.2495 0002148  93.2670 266.8705 13.13470450258941
OCO 2
1 40059U 14035A   26208.46409756  .00000425  00000-0  10426-3 0  9997
2 40059  98.2023 149.1463 0001368  80.5776 279.5577 14.57140793641917
PIESAT-2 11
1 62335U 24241C   26208.49357491  .00007977  00000-0  43593-3 0  9999
2 62335  97.5287 155.6047 0002272 107.6990 252.4490 15.14563007 88916
POPSAT HIP 1
1 40028U 14033U   26208.48623164  .00006206  00000-0  32944-3 0  9996
2 40028  98.0994 222.0172 0008362  65.5782 294.6321 15.15710205658905
ONEWEB-0187
1 48221U 21031M   26208.54029934 -.00000224  00000-0 -63908-3 0  9997
2 48221  87.8958 281.6737 0002098  92.7436 267.3934 13.14503318253562
IRIS-F2
1 62684U 25009CD  26208.75872993  .00016142  00000-0  59828-3 0  9999
2 62684  97.3883 288.1414 0005468 188.6253 171.4894 15.27693079142651
NOAA 13
1 22739U 93050A   26208.57826398  .00000080  00000-0  64868-4 0  9990
2 22739  98.7042 152.5602 0009923  21.3781 338.7805 14.13671955699089
AETHER-12
1 67383U 26004W   26208.74913822  .00000682  00000-0  83495-4 0  9992
2 67383  97.8027 206.4835 0003665  18.7937 341.3413 14.86335575 29305
COSMOS 1263
1 12388U 81033A   26208.46914589  .00005841  00000-0  33073-3 0  9998
2 12388  82.8573 181.0930 0573520 326.9175  29.7313 14.30503557277187
ICEYE-X41
1 62700U 25009CV  26208.64667010  .00004058  00000-0  35770-3 0  9991
2 62700  97.7074 287.5865 0001015 152.4734 207.6542 14.96988259 83463
IRIDIUM 71
1 25320U 98026B   26208.63677994  .00000345  00000-0  10003-3 0  9995
2 25320  86.3960 278.6660 0002926 137.8084 222.3342 14.41496146481990
ONEWEB-0536
1 54148U 22138AM  26208.59792096  .00000042  00000-0  70746-4 0  9997
2 54148  87.9160 266.3997 0002309  70.7664 289.3719 13.20770189184630
KUIPER-00136
1 65962U 25228R   26208.69817010 -.00000644  00000-0 -55438-4 0  9992
2 65962  51.8987  89.0339 0001263 110.2123 249.8976 14.79925943 44132
ONEWEB-0204
1 48225U 21031R   26208.20028862  .00000197  00000-0  49780-3 0  9992
2 48225  87.8962 281.7317 0001605  93.3037 266.8276 13.14503589253511
TOPEX/POSEIDON
1 22076U 92052A   26208.51457697 -.00000027  00000-0  14593-3 0  9992
2 22076  66.0408  48.3799 0008113 268.1592 115.4376 12.81095126588653
ONEWEB-0170
1 48067U 21025AB  26208.22650503 -.00000075  00000-0 -24111-3 0  9992
2 48067  87.8990 312.2565 0002125 114.8257 245.3094 13.13469432258806
KANYINI
1 60556U 24149CS  26208.70382515  .00046656  00000-0  67156-3 0  9996
2 60556  97.3720 296.7789 0003942 115.8229 244.3432 15.55908018108807
QIANFAN-58
1 62788U 25016D   26208.50365933  .00000100  00000-0  13631-3 0  9995
2 62788  88.9675  79.4554 0015659  51.9638 308.2924 13.51016006 77867
UM5-EOSAT
1 60555U 24149CR  26208.15227007  .00003303  00000-0  25792-3 0  9990
2 60555  97.6777 286.4466 0008362   3.9935 356.1355 15.01792539106210
IRIDIUM 148
1 43255U 18030G   26208.60753999 -.00000023  00000-0 -15100-4 0  9995
2 43255  86.3947 273.5614 0002201  92.2004 267.9444 14.34217383435967
ARC-1
1 40969U 15058F   26208.33064634  .00084235  00000-0  11557-2 0  9997
2 40969  64.7598 339.4265 0037638 351.8276   8.2250 15.56023610123271
ONEWEB-0434
1 51631U 22012K   26208.73409212  .00000301  00000-0  82584-3 0  9993
2 51631  87.8819  28.2120 0001224  78.7305 281.3960 13.10374880214633
SJ 16-02
1 41634U 16043A   26208.53362455  .00000917  00000-0  89524-4 0  9992
2 41634  75.0005 202.5919 0008800 291.4063  68.6187 14.93656739547168
SATELIOT_2
1 60534U 24149BU  26208.21355605  .00002285  00000-0  20622-3 0  9995
2 60534  97.6809 282.4387 0001265  90.0382 270.0985 14.96491557105951
COSMOS 1598
1 15292U 84100A   26208.22394794  .00000039  00000-0  25725-4 0  9997
2 15292  82.9482 143.0575 0030991 278.2403 247.1876 13.73195479 97489
NIMBUS 5
1 06305U 72097A   26208.20684383 -.00000028  00000-0  26344-4 0  9995
2 06305  99.8019 106.0009 0009160  54.4867  59.7387 13.44257611630101
GAOFEN 1
1 39150U 13018A   26208.52037615  .00000870  00000-0  13171-3 0  9999
2 39150  97.9084 279.7639 0018031 132.8754 227.3974 14.76532192714199
COSMOS 1690
1 16138U 85094A   26208.37744407  .00000032  00000-0  11552-3 0  9991
2 16138  82.6064 195.3394 0021186 199.2587 320.2376 12.66107427885077
ICEYE-X49
1 62384U 24247H   26208.23546674  .00004164  00000-0  24282-3 0  9993
2 62384  44.9962 143.4659 0001046 278.4349  81.6410 15.13489616 88245
SDA_1668
1 65978U 25230E   26208.36534083  .00000147  00000-0  12104-3 0  9990
2 65978  81.3001 174.2580 0004024  99.5996 260.5616 13.84238999 39389
ST5-C
1 28982U 06008C   26208.50892102  .00073684  58382-5  76587-3 0  9993
2 28982 105.4646  85.1981 0754048 189.2125 169.4504 14.28651559561743
KUIPER-00558
1 69765U 26151C   26208.50002315 -.00002185  00000-0 -75837-4 0  9994
2 69765  51.8812 121.6524 0006964 193.0953 300.0017 15.23686906  4513
EDUSAT
1 37788U 11044A   26208.56939881  .00001046  00000-0  15648-3 0  9998
2 37788  98.2646 107.1658 0034269 354.1653 124.6918 14.76591715802488
HAWK-7C
1 56200U 23054Y   26208.52754700  .00005742  00000-0  21450-3 0  9998
2 56200  97.2653  93.8728 0000714 196.3506 163.7711 15.27745567183182
ARCTIC WEATHER SATELLITE
1 60543U 24149CD  26208.18372517  .00000958  00000-0  10543-3 0  9998
2 60543  97.6782 277.5016 0001986  23.2366 336.8942 14.89797749105256
ONEWEB-0366
1 49292U 21090P   26208.24550104 -.00000058  00000-0 -19080-3 0  9993
2 49292  87.8958 281.7256 0002014  97.4333 262.7025 13.14502725232821
GLOBALSTAR M034
1 25962U 99062B   26208.54307733 -.00000070  00000-0  16724-3 0  9991
2 25962  51.9887  37.6810 0014991  86.6428 306.9870 11.79460054186226
AAC-AIS-SAT2
1 56996U 23084BY  26208.57436178  .00002122  00000-0  24497-3 0  9997
2 56996  98.1530 349.4281 0055761 327.7409  32.0399 14.85678297159378
KUIPER-00439
1 68941U 26098Y   26208.50002315  .00012950  00000-0  12782-2 0  9996
2 68941  51.8967 237.7153 0005557 319.7564 307.0066 14.92240189  3804
IRIDIUM 176
1 43923U 19002B   26208.32800935  .00000752  00000-0  11540-3 0  9999
2 43923  86.6123 336.7580 0002336  92.4621 267.6863 14.72257133405157
SKYSAT C10
1 42988U 17068B   26208.31880703  .00009851  00000-0  28953-3 0  9994
2 42988  97.4546 345.5867 0001541 107.4173 252.7238 15.35317913488513
SSOT
1 38011U 11076E   26208.51835522  .00000654  00000-0  87702-4 0  9990
2 38011  97.8051 267.9551 0001617  83.1746  23.7562 14.82581891790350
COSMOS 1927
1 18940U 88016D   26208.45937684  .00000004  00000-0  13308-3 0  9991
2 18940  74.0022 217.8873 0007456 175.7213 255.9239 12.50921227752564
GB 1
1 14143U 83056C   26208.19199282  .00001783  00000-0  24176-3 0  9996
2 14143  63.3118 143.9934 0720177 132.3316 234.1088 13.79165987352151
RASAT
1 37791U 11044D   26208.53573111  .00000653  00000-0  12156-3 0  9993
2 37791  98.0582 299.3172 0021872  66.1973  59.6619 14.68203796799104
KUIPER-00505
1 68886U 26095Y   26208.92500404 -.00005294  00000-0 -66571-3 0  9990
2 68886  51.9018  65.5147 0000754 134.1123 225.9901 14.79951618 13712
COSMOS 1943
1 19119U 88039A   26208.30324157 -.00000168  00000-0 -61388-4 0  9999
2 19119  71.0051 312.4109 0010396  24.5249   7.1893 14.15770014972570
CENTISPACE-2 S9
1 68358U 26060J   26208.55165283  .00000362  00000-0  13745-3 0  9991
2 68358  54.9783 236.5776 0011041 265.9240  94.0486 14.49538681 18648
AO-95
1 43770U 18099N   26208.11357203  .00012081  00000-0  45114-3 0  9998
2 43770  97.4370 268.2282 0008376 194.4356 165.6646 15.27498002419319
KUIPER-00420
1 68932U 26098P   26208.50002315  .00079295  00000-0  23737-2 0  9993
2 68932  51.8771 232.9206 0004256 353.1576 154.2593 15.33822053  2980
IXPE
1 49954U 21121A   26208.50002315  .00010689  00000-0  57310-3 0  9995
2 49954   0.2312  12.6210 0007350 331.5286 194.0938 15.10588419  5928
COSMOS 2026
1 20045U 89042A   26208.45718855  .00000059  00000-0  44456-4 0  9996
2 20045  82.9400  18.2651 0039162 207.3647 179.9839 13.76268591864832
ESSAIM-1
1 28494U 04049C   26208.21783098  .00001141  00000-0  13608-3 0  9998
2 28494  98.2984  79.0412 0001000  84.1675 275.9653 14.86378135164233
METEOR 1-25
1  8845U 76043A   26208.24294821  .00000127  00000-0  62396-4 0  9995
2  8845  81.2623 276.7498 0039789 176.7183 183.4258 14.11839800730579
COSMOS 2489
1 39484U 13076B   26208.50322356 -.00000017  00000-0 -19509-3 0  9996
2 39484  82.4898 144.9723 0022001  11.3238 348.8332 12.42880419570958
ONEWEB-0499
1 54117U 22138E   26208.69578377 -.00000041  00000-0 -13470-3 0  9999
2 54117  87.9181 296.9062 0002125 106.7996 253.3370 13.19724812182165
ONEWEB-0051
1 45155U 20008AA  26208.90442858  .00000565  00000-0  15581-2 0  9996
2 45155  87.8901  12.9601 0001802  93.7857 266.3477 13.11419173316426
OPAL
1 26063U 00004C   26208.32510254  .00000133  00000-0  63200-4 0  9993
2 26063 100.1914 152.5527 0035026 281.9919  77.7337 14.37978105389051
SPHEREX
1 63182U 25047E   26208.50614127  .00001083  00000-0  17162-3 0  9994
2 63182  97.9586  32.5898 0011641  67.2585 292.9853 14.74134806 73980
COSMOS 2339
1 24727U 97006C   26208.18151741  .00000043  00000-0  17868-3 0  9990
2 24727  82.6009 229.9027 0000841  84.9419 347.5476 12.62380499356620
ONEWEB-0639
1 55803U 23029H   26208.66972565  .00001738  00000-0  43081-2 0  9998
2 55803  87.9183 296.9152 0003017 110.9310 249.2146 13.19718291164246
CANX-5
1 40056U 14034D   26208.20644170  .00000938  00000-0  12738-3 0  9993
2 40056  98.3067  85.0248 0011506 240.0307 119.9763 14.81346316641268
HULIANWANG DIGUI-168
1 68660U 26076E   26208.51477096  .00000037  00000-0  51246-4 0  9996
2 68660  86.4948  30.2295 0002076  81.6734 278.4635 13.24411172 14705
ELISA E24
1 38008U 11076B   26208.49536156  .00001631  00000-0  17305-3 0  9991
2 38008  97.6531 227.8707 0001935  95.0891 265.0548 14.90383614784845
IRIDE FM4
1 66698U 25276AJ  26208.64119453  .00006189  00000-0  28910-3 0  9995
2 66698  97.4172 281.4282 0003347 198.7735 161.3378 15.20160729 36563
ICUBE 1
1 39432U 13066S   26208.44621089  .00013743  00000-0  52306-3 0  9996
2 39432  97.5708 194.6486 0015975 181.1040 179.0166 15.26751266690555
FLOCK 4H 30
1 66733U 25276BV  26208.44029323  .00007021  00000-0  32613-3 0  9990
2 66733  97.4221 281.3861 0003546 207.8225 152.2821 15.20307188 36538
DB-CHARMS-ND
1 68455U 26067AR  26208.61173701  .00004856  00000-0  24418-3 0  9998
2 68455  97.4601 166.3921 0003721 291.0832  69.0004 15.17702470 18061
GREGOIRE
1 56946U 23084Q   26208.40156708  .00009298  00000-0  24314-3 0  9991
2 56946  97.6281 353.8730 0006603 160.7164 199.4331 15.38966196173896
COSMOS 1799
1 17143U 86092F   26208.33162131  .00000007  00000-0  14308-3 0  9995
2 17143  74.0128  72.8862 0037020  99.5726  17.3950 12.55279740818298
COSMOS 890
1 09737U 77004A   26208.23258817  .00000049  00000-0  37032-4 0  9990
2 09737  82.9621 135.6039 0026089 171.5403 342.9327 13.71928479477828
KUIPER-00070
1 64817U 25151B   26208.50763345 -.00002216  00000-0 -26178-3 0  9991
2 64817  51.8974  47.2776 0001010 129.6198 230.4853 14.79922948 57128
PCSAT
1 26931U 01043C   26208.18054120  .00000127  00000-0  78434-4 0  9998
2 26931  67.0508 140.8305 0005814 267.7252  92.3185 14.31969089296172
HULIANWANG DIGUI-152
1 67528U 26013G   26208.40487849 -.00000091  00000-0  71654-4 0  9990
2 67528  50.0012 211.1606 0001300 264.0752  95.9972 13.29327629 25401
BPA 3/SL-24
1 39448U 13066AJ  26208.37356857  .00000035  00000-0  33265-4 0  9997
2 39448  97.6789   4.8871 0676163 278.0961  74.4054 13.43251615621280
UVSQ-SAT NG
1 63251U 25052AT  26208.60708235  .00001824  00000-0  16956-3 0  9995
2 63251  97.6806  99.2705 0004545  88.0863 272.0878 14.95555561 74672
SHERPA-FX2/TAGSAT-2
1 48958U 21059CH  26208.79932002  .00022988  00000-0  31061-3 0  9994
2 48958  97.6832  45.9246 0006535 174.3466 185.7864 15.57749097283748
ONEWEB-0572
1 55151U 23004M   26208.38582735  .00000004  00000-0 -23241-4 0  9996
2 55151  87.9159 357.8700 0001894  92.1980 267.9369 13.17648345172777
PACE
1 40022U 14033N   26208.45900828  .00005037  00000-0  30424-3 0  9994
2 40022  98.1245 215.8167 0007935  85.2468 274.9666 15.11172401659111
COSMOS 2215
1 22186U 92068E   26208.61650346  .00000023  00000-0  70046-4 0  9999
2 22186  82.6041 347.0559 0013661  87.7131 272.5523 12.60966060553969
SPRITE-SAT (RISING)
1 33494U 09002C   26208.69973173  .00000599  00000-0  95997-4 0  9993
2 33494  98.1474 113.9979 0002407 213.3144 146.7914 14.75398716939787
CAPELLA-19 (ACADIA)
1 67384U 26004X   26208.44847054  .00003774  00000-0  43099-3 0  9993
2 67384  97.8016 206.0947 0001451  92.9926 267.1456 14.86654369 29258
ONEWEB-0702
1 61608U 24188Q   26208.45683992  .00000471  00000-0  12917-2 0  9992
2 61608  87.8912  12.9747 0002753  83.3046 276.8395 13.11415160 89762
SUPERVIEW NEO-1 03
1 63125U 25040A   26208.57986463  .00008930  00000-0  39836-3 0  9996
2 63125  97.3532 322.0611 0002238  98.2861 261.8629 15.21615211 78321
KUIPER-00265
1 67159U 25301AC  26208.32285637  .00010921  00000-0  14580-2 0  9996
2 67159  51.9001 188.1882 0001167 359.6241   0.4720 14.79969213 34165
YAOGAN-43 O1C
1 60460U 24148C   26208.53225230  .00008708  00000-0  36144-3 0  9999
2 60460  34.9986 268.7817 0006210 212.9191 147.1137 15.23090961108290
COSMOS 2398
1 27818U 03023A   26208.72688444  .00000049  00000-0  36949-4 0  9993
2 27818  82.9484 105.4560 0030718 200.1409 172.0502 13.72407831159300
ONEWEB-0121
1 47267U 20100K   26208.62267271 -.00000321  00000-0 -92784-3 0  9991
2 47267  87.8988 342.6212 0001678 107.2847 252.8465 13.12442149269940
FLOCK 4BE 6
1 60516U 24149BA  26208.46691152  .00016232  00000-0  40004-3 0  9995
2 60516  97.3786 292.4384 0005069 139.5681 220.5942 15.40632940108473
FLOCK 4BE 22
1 60494U 24149AC  26208.70143216  .00017472  00000-0  40542-3 0  9994
2 60494  97.3728 292.6776 0005101 122.3193 237.8548 15.42437617108543
OSCAR 7
1  7530U 74089B   26208.54125306 -.00000024  00000-0  14195-3 0  9997
2  7530 101.9910 222.2088 0012579  55.4579  98.9910 12.53698780365572
COSMOS 1308
1 12835U 81091A   26208.30571990  .00000048  00000-0  34518-4 0  9997
2 12835  82.9219 144.7816 0027312 346.3544 167.4607 13.75654810251073
OPS 6381 (SSU 1)
1 07937U 75051C   26208.49499634  .00000024  00000-0  17915-3 0  9992
2 07937  95.0712 212.3337 0005113 248.2357 265.7661 12.68268646366483
SAUDICOMSAT 6
1 31121U 07012E   26208.86438887  .00000410  00000-0  88142-4 0  9990
2 31121  98.4129 177.1459 0071193 199.2098 160.6416 14.62593501 26138
KANOPUS-V-IK
1 42825U 17042A   26208.76448170  .00000928  00000-0  42752-4 0  9993
2 42825  97.3534 113.4594 0001770  90.6891 269.4548 15.22701183501542
O/OREOS (USA 219)
1 37224U 10062C   26208.37583125  .00002281  00000-0  21990-3 0  9996
2 37224  71.9710 349.2914 0014835 341.6994  18.3640 14.93893581122642
AZUR (GRS A)
1  4221U 69097A   26208.47384096  .00045775  00000-0  57021-3 0  9995
2  4221 102.6636  20.5991 0199269  71.8360 290.4450 15.39606913731617
COSMOS 2242
1 22626U 93024A   26208.22018800  .00001821  00000-0  15562-3 0  9999
2 22626  82.5204 133.2429 0015609 189.6746 170.4178 14.97016833801264
YAOGAN-35 C
1 49393U 21101D   26208.51939539  .00012379  00000-0  50759-3 0  9996
2 49393  35.0067  11.1420 0004807  30.7265 329.3730 15.23451223263165
COSMOS 2268
1 22999U 94011A   26208.26282934  .00000014  00000-0  18639-4 0  9996
2 22999  82.5801 314.9912 0011410 111.0457 276.5478 12.61228434493819
HEAD-3B
1 57627U 23121B   26208.55197644  .00000970  00000-0  22508-3 0  9991
2 57627  45.0039 106.1276 0004811 117.0155 243.1194 14.61636828157571
ORBCOMM FM 17
1 25413U 98046A   26208.84114121  .00000705  00000-0  28919-3 0  9996
2 25413  44.9934 141.6807 0002469  36.0848 324.0166 14.35952236461460
COSMOS 826
1  8890U 76054B   26208.49377512  .00000003  00000-0  14108-3 0  9993
2  8890  74.0008  27.0702 0039695  16.2683  12.7230 12.38554516265875
YAOGAN 9B
1 36414U 10009B   26208.52991808 -.00000007  00000-0  59141-4 0  9990
2 36414  63.3636 253.4550 0541615  21.1982 341.0580 13.45713268805178
TSAT-1A
1 59442U 24066A   26208.51894891  .00010215  00000-0  30450-3 0  9999
2 59442  45.6154 260.2770 0012276 336.4794  23.5538 15.34910009127973
COSMOS 2228
1 22286U 92094A   26208.50956444  .00001806  00000-0  15147-3 0  9995
2 22286  82.5179 103.4185 0017345 185.7958 174.3067 14.97708175796985
SSB
1 13845U 83008F   26208.54127125  .00002360  00000-0  35209-3 0  9998
2 13845  63.3100 266.6593 0703400 136.4582 229.4256 13.78714195350460
COSMOS 1168
1 11735U 80022A   26208.56277779  .00000071  00000-0  58400-4 0  9996
2 11735  82.9435 244.5175 0034134 246.9783 267.6338 13.75255854325709
LEMUR 2 KRISH
1 64561U 25135AK  26208.26291236  .00005655  00000-0  50219-3 0  9998
2 64561  97.7771 322.8760 0001629 105.8269 254.3132 14.96540683 59919
YAOGAN-30 L
1 43171U 18011C   26208.55716904  .00002472  00000-0  18305-3 0  9997
2 43171  34.9948 264.6200 0001953 317.9431  42.1127 15.02816968464299
COSMOS 1081
1 11296U 79024A   26208.26790653 -.00000019  00000-0 -17095-4 0  9995
2 11296  74.0367 330.7528 0039448   5.4983  12.9546 12.57293883173964
COSMOS 1759
1 16798U 86047A   26208.33589745  .00000036  00000-0  21511-4 0  9991
2 16798  82.9225 158.6022 0025386 139.2990  23.6725 13.75204480 12217
IRIDIUM 130
1 43073U 17083D   26208.71878764 -.00000044  00000-0 -22940-4 0  9993
2 43073  86.3990 305.3397 0002322  98.9761 261.1698 14.34217166449929
DMSP 5D-3 F17 (USA 191)
1 29522U 06050A   26208.47506164  .00000078  00000-0  62584-4 0  9996
2 29522  98.7395 214.2233 0009118 305.3892  54.6429 14.14997710 18124
USA 141
1 25615U 98055C   26208.36346926  .00000382  00000-0  98865-4 0  9996
2 25615  84.9875 344.0309 0009623  81.1575 279.0715 14.47267389379845
OSCAR 22 (UOSAT 5)
1 21575U 91050B   26208.13409279  .00000191  00000-0  70790-4 0  9996
2 21575  98.3481 275.7633 0008180  60.1876 300.0126 14.42387829840308
KUIPER-00612
1 69772U 26151K   26208.50002315 -.00940507  00000-0 -28402-1 0  9994
2 69772  51.8801 120.7883 0002627 164.8402  41.9953 15.36498246  1300
DRESDEN
1 65297U 25185A   26208.24354500  .00008685  00000-0  11515-2 0  9993
2 65297  97.9642 291.2117 0008927 309.9228  50.1198 14.80067217 49755
PAYLOAD B
1 49113U 21076B   26208.53652459  .00000269  00000-0  14287-3 0  9993
2 49113  86.4002  66.8540 0021332  80.5098 279.8494 14.09475531253114
ONEWEB-0530
1 55796U 23029A   26208.16526901  .00000015  00000-0  54639-5 0  9994
2 55796  87.9163 266.4983 0001630  90.1485 269.9835 13.20770883166423
COSMOS 963
1 10491U 77109A   26208.58255774  .00000154  00000-0  36215-3 0  9990
2 10491  82.9277 242.3923 0014843 336.2212 190.8016 13.17658523341022
QIANFAN-125
1 68652U 26075S   26208.56475793  .00000127  00000-0  17800-3 0  9990
2 68652  88.9920 316.8700 0002071 105.1126 255.0254 13.51015800 15267
COSMOS 875
1 09592U 76118E   26208.72667182 -.00000015  00000-0  91589-5 0  9999
2 09592  74.0309 118.0633 0017350  30.4808 344.7091 12.53520025271183
YAOGAN-31 D
1 47532U 21007A   26208.55143774 -.00000028  00000-0  95490-4 0  9997
2 47532  63.4041  39.3832 0179358   0.7652 359.3615 13.45451024269662
ONEWEB-0667
1 55827U 23029AH  26208.63327468  .00000002  00000-0 -26692-4 0  9992
2 55827  87.9177 266.3718 0002060 101.0715 259.0650 13.20770047166487
FUNCUBE 1
1 39444U 13066AE  26208.35411494  .00008513  00000-0  51957-3 0  9996
2 39444  97.8293 180.6581 0037694  68.3219 292.2016 15.09973422685723
HAWK-14C
1 68441U 26067AB  26208.48153041  .00004649  00000-0  22856-3 0  9997
2 68441  97.4507 166.2343 0001194 343.7237  16.3959 15.18516565 18056
ONEWEB-0399
1 50479U 21132L   26208.40595420 -.00000459  00000-0 -13317-2 0  9998
2 50479  87.8894  13.0626 0001300  88.9232 271.2045 13.11416835220878
HUBBLE 6
1 64562U 25135AL  26208.24911579  .00001764  00000-0  17222-3 0  9990
2 64562  97.7779 321.9954 0001376  89.7463 270.3915 14.93688038 59852
HELIOS
1 69021U 26100AT  26208.52099414  .00007732  00000-0  35675-3 0  9997
2 69021  97.3978 105.5391 0004146 181.3761 178.7464 15.20500592 12930
ONEWEB-0226
1 48793U 21045AC  26208.51316617  .00000012  00000-0 -28249-5 0  9995
2 48793  87.8981 251.1594 0002115 102.4404 257.6963 13.15548042249652
QIANFAN-193
1 69411U 26125L   26208.85716524 -.02095445  00000-0 -24286+1 0  9996
2 69411  88.9919 275.9075 0017880  49.5813 310.6907 13.73154437  7423
KUIPER-00269
1 68587U 26072Q   26208.42918867 -.00002343  00000-0 -27887-3 0  9993
2 68587  51.9013 355.2070 0000887  88.9531 271.1533 14.79876491 17392
QIANFAN-142
1 69088U 26104R   26208.49186514  .00000075  00000-0  97433-4 0  9992
2 69088  88.9903 337.3237 0001672  98.1978 261.9363 13.51021411 10613
CHECKMATE 6
1 56165U 23050D   26208.46055954  .00000072  00000-0  51723-4 0  9990
2 56165  81.0030  33.1162 0011976 195.7933 164.2852 13.87025383167680
SEDNA-2
1 63153U 25009DQ  26208.21915179  .00007413  00000-0  43037-3 0  9992
2 63153  97.4529 280.8129 0007374 283.9075  76.1335 15.12393548 84177
COSMOS 645
1 07269U 74024E   26208.60265197 -.00000020  00000-0 -21123-4 0  9992
2 07269  74.0174 160.3127 0071535  97.1573  76.2940 12.59543250402732
LEMUR 2 EMBRIONOVIS
1 56970U 23084AQ  26208.34370326  .00014692  00000-0  38796-3 0  9998
2 56970  97.6330 354.1241 0009184 163.7475 196.4066 15.38518415173859
GEOSAT
1 15595U 85021A   26208.64967120  .00000161  00000-0  94192-4 0  9991
2 15595 108.0412 165.6456 0002044 292.9424  67.1503 14.39984442168597
FLOCK 4G 8
1 62613U 25009E   26208.69678313  .00011203  00000-0  38266-3 0  9990
2 62613  97.4002 290.5476 0005113 153.8341 206.3159 15.30459275 85112
IRIDE-MS2-HEO-3
1 64568U 25135AS  26208.45796362  .00002069  00000-0  20979-3 0  9992
2 64568  97.7764 322.0604 0001885 128.3986 231.7402 14.91969001 59886
QIANFAN-144
1 69090U 26104T   26208.49598589  .00000066  00000-0  83435-4 0  9991
2 69090  88.9912 337.3432 0001677 104.2933 255.8404 13.51021941 10603
COSMOS 642
1 07266U 74024B   26208.22068236  .00000008  00000-0  12795-3 0  9990
2 07266  74.0146 216.4318 0102662 105.3021 330.9616 12.65841710414775
ZY 3 04
1 67131U 25300A   26208.22128128  .00004543  00000-0  20560-3 0  9994
2 67131  97.4723 285.8233 0007297 164.7370 195.4087 15.21382840 33921
COSMOS 1998
1 19789U 89009E   26208.25409342  .00000011  00000-0  13913-5 0  9991
2 19789  82.6140 305.9185 0016135 185.5128 174.5790 12.64935001729084
PULSAR-0
1 64541U 25135P   26208.23571145  .00003104  00000-0  14532-3 0  9998
2 64541  97.4731 322.5176 0004259  62.4381 297.7286 15.20471826 60916
YUBELEINY 2
1 38735U 12041C   26208.53132001  .00000056  00000-0  33786-3 0  9998
2 38735  82.4732  49.5248 0017296 343.0039  17.0459 12.42650682634851
KUIPER-00059
1 64519U 25134V   26208.70062085  .00004078  00000-0  56345-3 0  9991
2 64519  51.9007 321.4563 0000408 111.4055 248.6951 14.79943123 60983
KUIPER-00139
1 65765U 25217D   26208.79816044  .00004162  00000-0  57456-3 0  9996
2 65765  51.8973 121.0611 0000837  98.2742 261.8315 14.79932821 45940
ONEWEB-0264
1 48982U 21060R   26208.08271269  .00000080  00000-0  17680-3 0  9996
2 48982  87.9070 220.8575 0002022  97.3395 262.7966 13.16593235244843
TIANQI-12
1 48426U 21039D   26208.65138150  .00006066  00000-0  34259-3 0  9990
2 48426  34.9990  75.4182 0004962 296.9959  63.0246 15.12472923286358
GOOD ANCESTOR KILAKILA
1 64528U 25135A   26208.21745262  .00008479  00000-0  34628-3 0  9992
2 64528  97.4661 323.2852 0005836  57.0002 303.1796 15.24627464 60984
USA 56
1 20560U 90031A   26208.57658882  .00000929  00000-0  12300-3 0  9992
2 20560  89.8594 260.3428 0063121 122.6805 238.0527 14.77734060118668
NNSS 20 (TRANSIT 20)
1 06909U 73081A   26208.58605689  .00000164  00000-0  15486-3 0  9996
2 06909  89.8604 251.6793 0156574 117.6217 244.0942 13.71521148834707
FLOCK 4G 21
1 62651U 25009AU  26208.18483672  .00041326  00000-0  12673-2 0  9990
2 62651  97.3988 290.6445 0003756 161.8104 198.3274 15.33644239 85083
OSCAR 29
1 18362U 87080B   26208.25930179  .00000063  00000-0  92899-4 0  9997
2 18362  90.3692  88.1124 0104239 320.3066 158.6147 13.44484448905532
ONEWEB-0007
1 44060U 19010D   26208.87760618  .00000227  00000-0  56872-3 0  9998
2 44060  87.8971 251.1121 0002086 103.7892 256.3470 13.15548900356721
CENTISPACE-1 S10
1 62579U 25007E   26208.45573157 -.00000072  00000-0  64558-4 0  9990
2 62579  54.9880 150.6771 0011245 163.8268 196.3049 13.80617268 80292
ONEWEB-0710
1 55173U 23004AK  26208.37401615  .00000012  00000-0 -26742-5 0  9995
2 55173  87.9163 357.8729 0001764  90.9466 269.1868 13.17649216172875
COSMOS 1249
1 12319U 81021A   26208.53025877 -.00000066  00000-0  19911-4 0  9991
2 12319  64.9640  36.6354 0067264 259.6506  99.6968 13.86776306300447
GAOFEN 11-05
1 60249U 24130A   26208.50893392  .00005741  00000-0  24250-3 0  9991
2 60249  97.3990 286.2627 0001668 252.1344 107.9711 15.23641375 91604
COSMOS 1364
1 13167U 82040H   26208.48140347  .00000009  00000-0  17841-3 0  9994
2 13167  74.0085 223.4054 0031510 122.2071 311.0875 12.41890655  4986
JILIN-01 KUANFU 02B 3
1 61191U 24169C   26208.48825294  .00003549  00000-0  22720-3 0  9997
2 61191  97.5564 297.2118 0014225 163.8404 196.3281 15.09131953101904
ONEWEB-0168
1 48068U 21025AC  26208.74452014  .00000282  00000-0  73634-3 0  9999
2 48068  87.8991 312.1549 0002016  99.7483 260.3874 13.13469910258882
S-NET C
1 43189U 18014K   26208.65269297  .00004708  00000-0  24170-3 0  9999
2 43189  97.5353 113.4771 0008654 218.9643 141.0967 15.16975889463447
COSMOS 627
1 07008U 73109A   26208.66821241  .00000062  00000-0  51166-4 0  9994
2 07008  82.9524  91.8518 0031048 222.4042 165.1470 13.73081129633440
ORBCOMM FM 13
1 25420U 98046H   26208.26024581  .00000824  00000-0  31208-3 0  9997
2 25420  44.9976  62.8261 0004868 144.2321 215.8855 14.38692589461552
SPOT 4
1 25260U 98017A   26208.26512775  .00000353  00000-0  90183-4 0  9999
2 25260  98.2472 303.5103 0013793  98.2035 262.0728 14.56128114485146
COSMOS 448
1 05551U 71086E   26208.12539384 -.00000002  00000-0  94670-4 0  9994
2 05551  74.0276  87.7922 0048711 132.4048  21.8013 12.46763905493444
ONEWEB-0384
1 49310U 21090AH  26208.20819125 -.00000005  00000-0 -44493-4 0  9990
2 49310  87.9173 266.5029 0001636 106.6791 253.4522 13.20815277235111
GNOMES-5
1 60574U 24149DL  26208.15408648  .00004082  00000-0  32009-3 0  9997
2 60574  97.7156 285.9683 0008395   8.7636 351.3734 15.01502993106159
ONEWEB-0644
1 55808U 23029N   26208.65550059  .00000028  00000-0  38381-4 0  9992
2 55808  87.9183 296.9205 0002398 100.3581 259.7823 13.19726472164242
COSMOS 1859
1 18120U 87051H   26208.29911201 -.00000018  00000-0 -69761-5 0  9991
2 18120  74.0070 326.1003 0057525 309.0141  78.2582 12.57956548796050
COSMOS 1853
1 18114U 87051B   26208.38286359 -.00000017  00000-0 -10159-4 0  9998
2 18114  74.0059 355.4802 0005985 126.2618 260.7334 12.47020026780523
OPS 7613 (P/L 4)
1  4237U 69082E   26208.50188786  .00000011  00000-0  46826-4 0  9994
2  4237  70.0155  17.7660 0018017  75.6764 315.9297 13.96001862891937
WEOS
1 27599U 02056C   26208.35797739  .00000145  00000-0  72729-4 0  9994
2 27599  98.8191 176.7084 0009298 189.1343 170.9672 14.30859088232094
KUIPER-00383
1 69268U 26118B   26208.50002315 -.01179356  00000-0 -88484-1 0  9990
2 69268  51.8830 221.1218 0011103 334.3184  84.2719 15.05342033  3883
ONEWEB-0432
1 50502U 21132AK  26208.60085498  .00000019  00000-0  15405-4 0  9998
2 50502  87.9207 327.4096 0002282  92.4540 267.6853 13.18686781226901
TIANMU-1 22
1 58663U 23208D   26208.52135265  .00008029  00000-0  26577-3 0  9999
2 58663  97.4528 324.9501 0003866 172.6271 187.5027 15.31581793143504
QIANFAN-129
1 69075U 26104C   26208.83304522  .00000028  00000-0  24086-4 0  9999
2 69075  88.9912 337.2828 0008840 338.8577  21.2208 13.51100730 10669
RAX (USA 218)
1 37223U 10062B   26208.67625256  .00003730  00000-0  29968-3 0  9993
2 37223  71.9714 306.8745 0014845 311.0319  48.9571 15.00593575120288
CBERS 2
1 28057U 03049A   26208.93092004  .00000178  00000-0  75873-4 0  9993
2 28057  98.7585 181.4848 0001818  65.0705 295.0670 14.36759959193034
JILIN-01 GAOFEN 2F
1 49338U 21097A   26208.51443059  .00004160  00000-0  27320-3 0  9993
2 49338  97.6737 334.6298 0019924  90.5540 269.7971 15.08025351262394
YAOGAN-39 05A
1 58557U 23194A   26208.21663610  .00008685  00000-0  36144-3 0  9990
2 58557  35.0006 165.6444 0006528 306.9462  53.0654 15.23001777146464
VINDLER 2.1
1 68488U 26067CA  26208.61640879  .00001578  00000-0  16087-3 0  9990
2 68488  97.7597 166.2452 0000495  81.6965 278.4310 14.92083427 17754
ONEWEB-0295
1 49084U 21075K   26208.88952584  .00000019  00000-0  16695-4 0  9998
2 49084  87.9161 357.7739 0001795  84.6092 275.5244 13.17648300238950
KUIPER-00063
1 64523U 25134Z   26208.34408586  .00004135  00000-0  57100-3 0  9990
2 64523  51.9030 340.5810 0000450 106.1408 253.9604 14.79939509 60685
GAOFEN 12
1 44819U 19082A   26208.49687067  .00000431  00000-0  62991-4 0  9990
2 44819  97.8123 213.8152 0000605  96.0144 264.1138 14.80488200360059
KUIPER-00069
1 64816U 25151A   26208.43333045  .00004000  00000-0  55338-3 0  9993
2 64816  51.9021  22.6986 0000800 107.8237 252.2812 14.79938167 57452
ICEYE-X2
1 43800U 18099AU  26208.48486446  .00010109  00000-0  49694-3 0  9990
2 43800  97.4342 261.6214 0011085 154.1549 206.0241 15.18173246418930
KUIPER-00066
1 64526U 25134AC  26208.17245114 -.00001190  00000-0 -12724-3 0  9993
2 64526  51.9019 281.2130 0000075  11.0275 349.0689 14.79921274 61502
COSMOS 1051
1 11128U 78109A   26208.40077201 -.00000014  00000-0  15687-4 0  9994
2 11128  74.0188   0.0407 0058637 327.9543  59.0226 12.55967645184171
SICH 2
1 37794U 11044G   26208.42790130  .00000686  00000-0  13423-3 0  9990
2 37794  97.8408 187.1564 0013130  47.3567 105.5730 14.65687698797352
COSMOS 733
1  7822U 75045B   26208.52775181  .00000006  00000-0  16253-3 0  9990
2  7822  74.0168  45.2742 0052990 141.8996 246.2500 12.38842708314004
QIANFAN-89
1 63175U 25046S   26208.51002147  .00000130  00000-0  18230-3 0  9998
2 63175  88.9721 296.5134 0017038 182.2129 177.8950 13.51027596 78026
NULINK-2
1 68994U 26100Q   26208.54383865  .00001398  00000-0  14100-3 0  9995
2 68994  97.7282 105.3126 0001791 120.7782 239.3613 14.92667541 12720
ONEWEB-0665
1 55825U 23029AF  26208.65304611  .00000273  00000-0  70080-3 0  9995
2 55825  87.8948 281.6578 0002178 106.9208 253.2161 13.14502959164721
GEESAT 4-04
1 65122U 25170D   26208.52314906  .00001715  00000-0  23947-3 0  9991
2 65122  49.9711 301.1337 0029557 108.4224 251.9930 14.82264106 53030
KUIPER-00109
1 65147U 25171R   26208.12918413  .00000192  00000-0  54183-4 0  9993
2 65147  51.9011 258.9784 0000676  73.3933 286.7104 14.79934751 53570
KUIPER-00370
1 68919U 26098A   26208.50002315  .00016119  00000-0  16482-2 0  9993
2 68919  51.8934 239.8921 0011086 313.7144  39.7038 14.90626015  1632
ACRIMSAT
1 26033U 99070B   26208.69211081  .00000470  00000-0  94840-4 0  9995
2 26033  98.3503 354.3435 0025816 342.8781  17.1549 14.65957860418827
ALOS 2
1 39766U 14029A   26208.51598769  .00001700  00000-0  23444-3 0  9993
2 39766  97.9230 305.1032 0001607  94.7736 265.3659 14.79473006657541
COSMOS 648
1  7272U 74024H   26208.53224838  .00000017  00000-0  21961-3 0  9998
2  7272  74.0150 238.1550 0033804 266.1719 166.3686 12.50377200385448
ONEWEB-0630
1 56072U 23043AC  26208.18039437  .00000174  00000-0  42772-3 0  9992
2 56072  87.8978 251.2275 0002248 100.7180 259.4203 13.15550016161680
COSMOS 2531
1 43752U 18097B   26208.48566079 -.00000038  00000-0 -34868-3 0  9994
2 43752  82.5171 198.3423 0016028 331.8640  28.1572 12.42913467347311
MSX
1 23851U 96024A   26208.59097668 -.00000083  00000-0 -27594-4 0  9992
2 23851  99.0416 145.1002 0008525 123.6344 236.5634 13.98389726543991
GONETS D1 4
1 24728U 97006D   26208.44200254  .00000034  00000-0  12895-3 0  9999
2 24728  82.6019 210.6119 0009185  89.1085 271.1059 12.63923045358292
HULIANWANG DIGUI-27
1 63694U 25086H   26208.49593696  .00000051  00000-0  85318-4 0  9993
2 63694  86.5053 299.4965 0002256 109.4295 250.7083 13.24412687 60195
ONEWEB-0716
1 55177U 23004AP  26208.36726640  .00000017  00000-0  10815-4 0  9993
2 55177  87.9163 357.8766 0001877 102.0273 258.1069 13.17648979172872
TRIAD 1
1 06173U 72069A   26208.00743215  .00000512  00000-0  12026-3 0  9993
2 06173  90.0197 208.8541 0046980 258.4758 126.2976 14.52688672836356
ONEWEB-0189
1 48217U 21031H   26208.65780275  .00000209  00000-0  52817-3 0  9994
2 48217  87.8962 281.6354 0002320  94.4465 265.6930 13.14502863253545
STRIX-1
1 53815U 22113A   26208.51782439  .00026362  00000-0  62878-3 0  9991
2 53815  97.4473 271.3037 0005359 101.2330 258.9520 15.41522893213651
KUIPER-00246
1 67151U 25301U   26208.57809969  .00000881  00000-0  14453-3 0  9999
2 67151  51.8983 169.5246 0000871  75.4634 284.6425 14.79942224 34433
LEMUR 2 AMANDA-SVANTE
1 48269U 21034B   26208.17514541  .00036680  00000-0  10233-2 0  9999
2 48269  97.5748 287.5798 0004540 117.4106 242.7600 15.36647170287198
VIREON-2
1 68421U 26067F   26208.82609416  .00004801  00000-0  23190-3 0  9997
2 68421  97.4542 166.7745 0002953  95.9185 264.2386 15.19112598 18110
6GSTARLAB
1 66683U 25276T   26208.45211367  .00002949  00000-0  14583-3 0  9996
2 66683  97.4232 281.1098 0005256 198.2437 161.8610 15.18596620 36510
ONEWEB-0608
1 54672U 22166AG  26208.47909199  .00000023  00000-0  23889-4 0  9996
2 54672  87.9238 235.9506 0001527  91.3167 268.8142 13.21824210176879
MENUT
1 55010U 23001B   26208.48254852  .00100316  00000-0  96047-3 0  9993
2 55010  97.3099 277.8065 0001209 295.5815  64.5321 15.66359839198691
IRIDE-MS2-HEO-14
1 68986U 26100G   26208.51934803  .00001696  00000-0  17432-3 0  9999
2 68986  97.7313 105.2178 0002506  17.3142 342.8162 14.91643350 12717
LONGJIANG 3
1 56874U 23082A   26208.53022685  .00016552  00000-0  44766-3 0  9993
2 56874  49.1046 197.5068 0003956  12.2316 347.8727 15.37749483175585
LEMUR-2-STAS-GORBUK
1 66686U 25276W   26208.56332955  .00006156  00000-0  29079-3 0  9998
2 66686  97.4235 281.4266 0004758 195.5087 164.6003 15.19769582 36543
QIANFAN-117
1 68644U 26075J   26208.52356944  .00000129  00000-0  18040-3 0  9992
2 68644  88.9918 316.8804 0002337 109.6630 250.4774 13.51014899 15256
ASTRID
1 23464U 95002B   26208.32505931  .00000080  00000-0  69655-4 0  9994
2 23464  82.9297 348.9294 0041616  38.9558 321.4582 13.73087974577545
ONEWEB-0655
1 54677U 22166AM  26208.11912009  .00000057  00000-0  10754-3 0  9999
2 54677  87.9224 236.0397 0002000 100.6709 259.4650 13.21824282176714
WILDFIRE 8
1 57768U 23133M   26208.62101286  .00000150  00000-0  12178-3 0  9997
2 57768  80.9978 328.1159 0004977 259.0845 100.9751 13.85437539146636
ELISA W11
1 38007U 11076A   26208.51569034  .00000920  00000-0  13540-3 0  9991
2 38007  97.7675 203.3725 0001713  80.8098 279.3307 14.77646905782713
HERMES-1
1 63242U 25052AJ  26208.59727735  .00005074  00000-0  22557-3 0  9994
2 63242  97.3853  99.4877 0008649  52.6845 307.5178 15.21921315 75941
STARCLOUD-1
1 66303U 25248L   26208.53895840  .00004846  00000-0  22280-3 0  9998
2 66303  45.3994 263.6581 0006324 274.7197  85.2968 15.21663709 40683
YAOGAN 22
1 40275U 14063A   26208.64483132 -.00000050  00000-0 -91046-5 0  9993
2 40275 100.7779   0.5994 0006927  99.6369 260.5524 13.15532000565138
YAOGAN 25B
1 40339U 14080B   26208.55367358  .00000010  00000-0  11216-3 0  9997
2 40339  63.3852 206.8965 0370551   9.1190 351.6325 13.45436281571066
GAOFEN 8
1 40701U 15030A   26208.52358968  .00020259  00000-0  39718-3 0  9994
2 40701  97.6893  44.3556 0009430  57.4585 302.7574 15.47356131617685
HULIANWANG DIGUI-134
1 67242U 25311G   26208.36612961 -.00000115  00000-0  20160-4 0  9996
2 67242  50.0054 331.6645 0000840 119.1919 240.9037 13.29324240 28687
ONEWEB-0468
1 51652U 22012AG  26208.43189793  .00000064  00000-0  14810-3 0  9995
2 51652  87.8813  28.2521 0001795  98.0664 262.0667 13.10369507214574
ONEWEB-0032
1 45141U 20008L   26208.47106892  .00000054  00000-0  11812-3 0  9995
2 45141  87.8826  28.2416 0001288  90.0576 270.0699 13.10377046313579
GAOFEN 5 01A
1 54640U 22165A   26208.54087550  .00000427  00000-0  10353-3 0  9995
2 54640  98.2350 145.4548 0000667 194.6289 165.4890 14.57728214193295
ONEWEB-0717
1 55178U 23004AQ  26208.42632583  .00000037  00000-0  62597-4 0  9999
2 55178  87.9173 357.8568 0001698  76.3462 283.7858 13.17648369172938
ENMAP
1 52159U 22033C   26208.46230619  .00000721  00000-0  11483-3 0  9991
2 52159  97.9789 290.1369 0001244  88.2379 271.8972 14.74949626232590
SENTINEL 1B
1 41456U 16025A   26208.50441985  .00001870  00000-0  15810-3 0  9992
2 41456  98.0890 270.8106 0014059 358.3663   1.7510 14.99317036549828
WREN-1
1 60478U 24149L   26208.23002167  .00022889  00000-0  51900-3 0  9991
2 60478  97.3760 292.8036 0005672 117.6689 242.5135 15.43070003108494
CAPELLA-14 (ACADIA)
1 59444U 24066C   26208.56465084  .00013253  00000-0  88557-3 0  9990
2 59444  45.6037  43.1247 0001519 223.2291 136.8474 15.07028455118584
COSMOS 2208
1 22080U 92053A   26208.40869164  .00000091  00000-0  43773-4 0  9995
2 22080  74.0402 200.1105 0012538  13.1920 346.9556 14.31530563772392
TECHNOSAT
1 42829U 17042E   26208.67149489  .00002498  00000-0  17902-3 0  9990
2 42829  97.4317   4.8049 0016481 319.4985  40.5014 15.05163707492792
UME 2 (ISS-B)
1 10674U 78018A   26208.28968598 -.00000052  00000-0 -42647-5 0  9992
2 10674  69.3622 170.4054 0161427  60.2488  99.4522 13.43715545376025
VENUS
1 42901U 17044B   26208.51934720  .00008620  00000-0  46338-3 0  9994
2 42901  97.2699 243.3910 0002699 185.8409 174.2793 15.15107509487065
QIANFAN-220
1 69849U 26155B   26208.50682926  .00000225  00000-0  10328-3 0  9997
2 69849  89.0055  59.5633 0030797 181.1769 178.9352 14.17600979  3120
ONEWEB-0208
1 48243U 21031AK  26208.50238816  .00000237  00000-0  60453-3 0  9992
2 48243  87.8957 281.6731 0002376  96.0650 264.0751 13.14502867253607
RESURS P4
1 59371U 24061A   26208.55713112  .00003210  00000-0  10524-3 0  9992
2 59371  97.2765 155.7622 0003020  72.3278 287.8294 15.32342897129944
TYCHE
1 60496U 24149AE  26208.53202019  .00004489  00000-0  17827-3 0  9998
2 60496  97.3746 285.8011 0003841 137.0772 223.0766 15.25830681108050
KUIPER-00606
1 69289U 26118Y   26208.50002315 -.02182993  00000-0 -13377+0 0  9992
2 69289  51.8865 219.3346 0001678   4.3424 228.3043 15.13195136  5356
GEESAT 2-04
1 58908U 24023D   26208.59839796  .00002537  00000-0  23781-3 0  9996
2 58908  49.9920 131.9389 0006018 198.7103 161.3620 14.97325465135388
COSMOS 829
1 08893U 76054E   26208.21128005 -.00000007  00000-0  57789-4 0  9995
2 08893  74.0019 291.2035 0025212 113.7163 274.5446 12.48680618284287
COSMOS 939
1 10282U 77079A   26208.08130911  .00000001  00000-0  10602-3 0  9997
2 10282  74.0238  79.7438 0019153  33.8039 120.1134 12.54293550212937
POLAR SCOUT KODIAK
1 43764U 18099G   26208.23616247  .00834521  35904-3  12295-2 0  9998
2 43764  97.4124 295.5649 0009247 244.8615 115.1707 16.05007149421298
ONEWEB-0301
1 49090U 21075R   26208.34144060 -.00000117  00000-0 -36072-3 0  9999
2 49090  87.8984 342.6745 0001649 107.0045 253.1264 13.12444649239832
SHIJIAN 6 05A (SJ-6 05A)
1 49961U 21122A   26208.49655329  .00001747  00000-0  14643-3 0  9998
2 49961  97.4099 175.1123 0000702 292.6655  67.4495 14.99600645254799
ONEWEB-0328
1 49197U 21083M   26208.21466160  .00000210  00000-0  53999-3 0  9999
2 49197  87.8991 312.2485 0002023  96.4223 263.7136 13.13470531236155
ONEWEB-0402
1 50482U 21132P   26208.61110691  .00000038  00000-0  64162-4 0  9995
2 50482  87.9208 327.3963 0001851 114.3994 245.7332 13.18685445226960
ONEWEB-0224
1 48794U 21045AD  26208.17248928  .00000094  00000-0  21483-3 0  9997
2 48794  87.8971 251.2589 0002857  86.6689 273.4768 13.15549399249530
ORBASTRO-JEN1
1 69006U 26100AC  26208.24553709  .00005001  00000-0  23158-3 0  9991
2 69006  97.4002 105.3276 0002875 203.7899 156.3204 15.20552371 12891
COSMOS 1725
1 16493U 86005A   26208.64018593  .00000050  00000-0  35836-4 0  9990
2 16493  82.9352 153.2229 0023729  80.5553  93.2219 13.74926514 77751
COSMOS 1241
1 12149U 81006A   26208.46641072 -.00000068  00000-0  13382-4 0  9996
2 12149  65.8242  32.5925 0005816 149.5187 232.0383 13.72233508280338
M1
1 43779U 18099X   26208.58801895  .00002961  00000-0  19735-3 0  9995
2 43779  97.4371 250.2502 0011240 252.4207 107.5794 15.07783357418225
TUBSAT B
1 22971U 94003C   26208.09444513 -.00000099  00000-0 -28985-3 0  9990
2 22971  82.5596  57.6859 0017350 100.3858  20.6161 13.17156837562325
QIANFAN-186
1 69404U 26125D   26208.81394421 -.02060316  00000-0 -24641+1 0  9996
2 69404  88.9937 275.9398 0021579  40.5073 319.7691 13.71140604  7409
QIANFAN-90
1 63176U 25046T   26208.53888529  .00000158  00000-0  22508-3 0  9990
2 63176  88.9721 296.4834 0014056 179.0549 181.0631 13.51019984 78047
KUIPER-00562
1 69270U 26118D   26208.85727083  .00033212  00000-0  99790-3 0  9998
2 69270  51.8712 216.2731 0001085 262.8581  97.2281 15.34111799 10245
KUIPER-00521
1 68891U 26095AD  26208.50002315  .00008631  00000-0  11520-2 0  9997
2 68891  51.9022  53.6539 0001404 137.4626 262.1578 14.80213789  5742
ONEWEB-0061
1 45428U 20020E   26208.68218494  .00000566  00000-0  15602-2 0  9990
2 45428  87.8902  12.9960 0001820  93.8656 266.2680 13.11417550307934
COSMOS 2618
1 68829U 26090D   26208.48303315  .00036472  00000-0  15851-3 0  9990
2 68829  96.6411 125.0878 0010708 234.4122 125.6153 15.84655457 15051
ICEYE-X60
1 66753U 25276CR  26208.18625469  .00004670  00000-0  28007-3 0  9995
2 66753  97.4245 279.6668 0001661 197.2603 162.8572 15.11427148 36404
ONEWEB-0552
1 56054U 23043J   26208.79699805  .00000118  00000-0  25532-3 0  9993
2 56054  87.9223 235.8991 0002177  98.9643 261.1738 13.21826837163599
GLOBALSTAR M084
1 38040U 11080A   26208.59570569 -.00000069  00000-0  19144-3 0  9997
2 38040  51.9995 254.2670 0000542 152.4441  12.2421 12.62263902673868
ONEWEB-0256
1 48974U 21060H   26208.04471711  .00000127  00000-0  29755-3 0  9995
2 48974  87.9069 220.8631 0002002  95.2347 264.9013 13.16595710244877
NUSAT-52
1 66692U 25276AC  26208.43799494  .00005449  00000-0  25510-3 0  9996
2 66692  97.4197 281.3229 0002322 208.0645 152.0465 15.20141072 36532
KUIPER-00594
1 69279U 26118N   26208.40562642  .00024595  00000-0  66289-3 0  9997
2 69279  51.8692 218.4824 0001816  89.7124 270.4071 15.37675308 10177
IRS P4 (OCEANSAT 1)
1 25758U 99029C   26208.39861462  .00000318  00000-0  83176-4 0  9994
2 25758  97.9724 179.5262 0003795  46.2440 313.9071 14.55303990439967
KUIPER-00048
1 64508U 25134J   26208.30079416  .00008112  00000-0  10909-2 0  9999
2 64508  51.9004 318.2080 0000219 319.6908  40.4038 14.79967671 60994
ONEWEB-0147
1 47293U 20100AM  26208.32449220 -.00000392  00000-0 -11244-2 0  9992
2 47293  87.8987 342.6670 0001973 101.5742 258.5608 13.12443911269833
XW-3 (CAS 9)
1 50466U 21131B   26208.52549461  .00000428  00000-0  14560-3 0  9996
2 50466  98.4989 300.6977 0003748 356.3963   3.7198 14.41390724240929
COSMOS 2195
1 22006U 92036A   26208.47483531  .00000070  00000-0  57003-4 0  9999
2 22006  82.9331  28.2553 0037445 160.0063 229.1369 13.75194377709670
ONEWEB-0555
1 56057U 23043M   26208.48565152  .00000111  00000-0  25717-3 0  9997
2 56057  87.9079 220.7663 0001830  76.0734 284.0600 13.16594971164265
ONEWEB-0139
1 47285U 20100AD  26208.34498306  .00000058  00000-0  12555-3 0  9998
2 47285  87.8986 342.6706 0001906  96.9338 263.2007 13.12444120269993
QIANFAN-173
1 69390U 26124J   26208.15405428  .00000036  00000-0  24127-4 0  9998
2 69390  89.0015 357.5930 0009473  36.8786 323.3029 13.75468855  7433
QIANFAN-80
1 63166U 25046H   26208.51436029  .00000149  00000-0  21155-3 0  9998
2 63166  88.9721 296.2790 0013747 187.2246 172.8709 13.51020154 78153
GLOBAL-33
1 66554U 25267A   26208.65096663  .00011784  00000-0  31990-3 0  9993
2 66554  42.0180 180.7345 0009662 186.6528 173.4185 15.37454417 38270
TPA-1
1 64533U 25135F   26208.25285657  .00006854  00000-0  30457-3 0  9990
2 64533  97.4721 322.8941 0006244  61.4597 298.7267 15.21832653 60946
KUIPER-00595
1 69280U 26118P   26208.40808919  .00027582  00000-0  74108-3 0  9997
2 69280  51.8694 218.4955 0001646  37.4429 322.6673 15.37706631 10201
METEOR 1-27
1 09903U 77024A   26208.67761115  .00000063  00000-0  29366-4 0  9992
2 09903  81.2704  98.4457 0035331 252.5136 107.2172 14.08720907533257
COSMOS 1930
1 18943U 88016G   26208.93421397 -.00000016  00000-0  25374-5 0  9998
2 18943  74.0062  17.2556 0029362  37.2397 116.6241 12.56641749760554
PACE-1
1 48909U 21059AG  26208.08755653  .00145902  00000-0  53205-3 0  9993
2 48909  97.6694  50.9696 0003446 157.6605 202.4817 15.88054733284119
REAL
1 64875U 25154G   26208.15630811  .00025869  00000-0  77785-3 0  9997
2 64875  97.4010 276.5585 0001883 120.3479 239.7950 15.34372688 56178
COSMOS 2112
1 21014U 90111A   26208.76272696  .00000118  00000-0  50947-4 0  9992
2 21014  74.0448 230.5896 0026565  48.4633 311.8791 14.34325538863096
ZHANGHENG 1-02
1 64393U 25128A   26208.71368784  .00002504  00000-0  11659-3 0  9991
2 64393  97.3639 334.5679 0011503 337.8023  22.2713 15.20789042 62088
COSMOS 2586
1 63289U 25054B   26208.52441322  .00000042  00000-0  23123-3 0  9995
2 63289  82.4894  53.4261 0020179 296.8850  63.0167 12.42878016 61866
ONEWEB-0531
1 54146U 22138AK  26208.15684761 -.00000022  00000-0 -86493-4 0  9992
2 54146  87.9173 266.4699 0002116  72.8621 287.2744 13.20770417184587
AE2A
1 64591U 25135BR  26208.52012669  .00005131  00000-0  44561-3 0  9993
2 64591  97.7710 323.5065 0005662 182.0097 178.1103 14.97450795 59992
KUIPER-00275
1 67793U 26030AF  26208.20082962  .00003518  00000-0  49021-3 0  9996
2 67793  51.8998 286.2120 0000185  84.5582 275.5401 14.79935384 26253
GEESAT 6-09
1 65721U 25214K   26208.72708535  .00001759  00000-0  23884-3 0  9990
2 65721  49.9844 120.4831 0008733   4.9093 355.1930 14.83486785 45522
COSMOS 2608
1 67682U 26023J   26208.16911133  .00008389  00000-0  32548-3 0  9998
2 67682  96.6238 267.6665 0019513 340.0370  20.0104 15.26139528 26095
SAUDICOMSAT 2
1 28370U 04025E   26208.28679998  .00000316  00000-0  92565-4 0  9998
2 28370  98.6646 221.6671 0056370 137.3553 223.2037 14.50000370165915
GYEONGGISAT-1
1 66771U 25276DK  26208.21215628  .00006292  00000-0  28568-3 0  9995
2 66771  97.4222 281.5461 0003301  99.6812 260.4796 15.21136201 36526
COSMOS 529
1 06264U 72087B   26208.26022618 -.00000018  00000-0 -11106-4 0  9991
2 06264  74.0370 303.2914 0041648  75.5675 312.7085 12.57215333466038
JINJUSAT-1B
1 63210U 25052A   26208.52108630  .00018263  00000-0  54465-3 0  9996
2 63210  97.3958 105.3545 0001517 344.6492  15.4705 15.34704147 76285
TIANQI 34
1 62366U 24245B   26208.41927013  .00000009  00000-0  94410-4 0  9996
2 62366  44.9794 142.6940 0004455 232.2909 127.7520 13.99228836 81962
AII-BRAVO
1 48270U 21034C   26208.14981341  .00004300  00000-0  31737-3 0  9991
2 48270  97.5611 262.1511 0007581 122.3391 237.8569 15.03757769285625
COSMOS 444
1  5547U 71086A   26208.53605850  .00000004  00000-0  11545-3 0  9996
2  5547  74.0280  36.1840 0120092 307.7049  51.3169 12.62138662524115
FLOCK 4H 27
1 66730U 25276BS  26208.19938034  .00007061  00000-0  32237-3 0  9993
2 66730  97.4157 281.1982 0002078 121.2933 238.8506 15.20901824 36515
SOHLA-1 (MAIDO-1)
1 33496U 09002E   26208.24400935  .00000474  00000-0  78148-4 0  9998
2 33496  98.1351 113.1780 0004542 241.1309 118.9444 14.75058814939892
COSMOS 2088
1 20720U 90066A   26208.34296366 -.00000019  00000-0 -91379-5 0  9995
2 20720  73.6021 336.9787 0025552 204.2809 183.7703 12.40783538630132
QUBE
1 60476U 24149J   26208.70025216  .00029295  00000-0  54037-3 0  9993
2 60476  97.3772 295.9667 0003256 103.8815 256.2798 15.49075811108735
ZHUHAI-1 03E
1 44539U 19060F   26208.48540765  .00017578  00000-0  41009-3 0  9993
2 44539  97.5650 359.8784 0004929 223.0189 137.0672 15.42279454381979
BIRKELAND
1 55015U 23001G   26208.48675074  .00008781  00000-0  21700-3 0  9998
2 55015  97.3331 276.5723 0005035 333.5573  26.5416 15.40710237198550
COSMOS 400
1 05050U 71020A   26208.09312855 -.00000072  00000-0  91025-5 0  9993
2 05050  65.8248  94.4275 0005734 232.9671 275.0290 13.72205977773426
COSMOS 712
1  7679U 75016B   26208.34871859  .00000003  00000-0  12103-3 0  9994
2  7679  74.0023  68.4986 0050479 213.8892 258.5337 12.53465958352287
UNICORN-2L
1 58727U 23185R   26208.44805174  .00009020  00000-0  39888-3 0  9999
2 58727  97.5381 282.3716 0013477 165.2133 194.9499 15.21846940140916
FEMTO-1
1 68419U 26067D   26208.61983119  .00003291  00000-0  15983-3 0  9999
2 68419  97.4562 166.6256 0003439 105.6863 254.4751 15.19147713 18087
LANDSAT 9
1 49260U 21088A   26208.64314778  .00000341  00000-0  85706-4 0  9996
2 49260  98.2262 278.3264 0001084  98.2628 261.8693 14.57102956256897
YAOGAN-34 02
1 52084U 22027A   26208.53074737 -.00000053  00000-0  62171-4 0  9996
2 52084  63.3965  97.4621 0055545 354.3827   5.6569 13.45438861214346
SKYKRAFT-1C
1 55061U 23001BE  26208.62093865  .00003524  00000-0  14297-3 0  9990
2 55061  97.3170 261.3800 0010559  14.1192 346.0340 15.25219037197646
LEMUR 2 SIERRINI
1 60579U 24149DR  26208.47220772  .00010942  00000-0  64513-3 0  9994
2 60579  97.6838 291.2619 0005699  57.2079 302.9699 15.11738214106546
HULIANWANG DIGUI-90
1 65998U 25231D   26208.44463232 -.00000102  00000-0  48257-4 0  9990
2 65998  50.0007  31.2848 0000424  19.9117 340.1771 13.29326881 38248
OMNI-L2
1 52771U 22057AR  26208.17642258  .00001440  00000-0  18989-3 0  9998
2 52771  97.4693 267.8446 0006718 178.8595 181.2635 14.81463690226316
IRIDIUM 920
1 24871U 97034C   26208.54745635  .00000380  00000-0  10991-3 0  9996
2 24871  86.3936  42.5545 0011535 172.7691 187.3677 14.41916555524980
COSMOS 375
1 04598U 70091A   26208.19686296 -.00000006  00000-0  40419-4 0  9997
2 04598  62.8192 219.8265 0939894 189.9679 168.1462 12.97463379633775
ONEWEB-0714
1 54681U 22166AR  26208.51946955  .00000023  00000-0  25349-4 0  9995
2 54681  87.9226 235.9494 0002160 101.5928 258.5448 13.21826574176864
COSMOS 1736
1 16647U 86024A   26208.33867645 -.00000072  00000-0  15004-4 0  9998
2 16647  64.9864 187.4305 0050570 214.3861 300.7470 13.79567163 33941
ONEWEB-0303
1 49187U 21083B   26208.29074230 -.00000012  00000-0 -62538-4 0  9991
2 49187  87.9208 327.4842 0001703  96.5666 263.5660 13.18684893235261
COSMOS 1486
1 14240U 83079A   26208.34229719  .00000106  00000-0  46380-4 0  9995
2 14240  74.0590 337.5281 0014481 246.2711 142.8458 14.34879912247517
COSMOS 2523
1 42986U 17037E   26208.54785851  .00001187  00000-0  10722-3 0  9990
2 42986  97.4997 219.9219 0068400  93.9922 266.9122 14.95539667474997
TAURUS-1
1 44530U 19059C   26208.47601564  .00005883  00000-0  93469-3 0  9999
2 44530  98.6443  15.8223 0008909 177.1438 182.9820 14.72479100364570
NUSAT-33 (ALBANIA-2)
1 55047U 23001AQ  26208.48115821  .00009420  00000-0  34261-3 0  9999
2 55047  97.3053 268.6162 0004750 255.8541 104.2172 15.28451575198465
EXO-0
1 59175U 23174DK  26208.16090457  .00009512  00000-0  27905-3 0  9997
2 59175  97.3812 288.3621 0009433  37.1862 323.0033 15.35341900151175
IRIDIUM 42
1 25077U 97077A   26208.57075536  .00000319  00000-0  10154-3 0  9994
2 25077  86.3918  69.3083 0001629 105.4062 254.7315 14.36708060499399
QIANFAN-189
1 69407U 26125G   26208.89421638 -.02058881  00000-0 -23058+1 0  9993
2 69407  88.9920 275.9149 0022514  30.2926 329.9535 13.75113547  7412
FLOCK 4BE 11
1 60501U 24149AK  26208.69810527  .00020152  00000-0  43920-3 0  9999
2 60501  97.3691 293.3656 0005378 125.0013 235.1741 15.44276491108609
GLOBALSTAR M067
1 32263U 07048A   26208.66576778 -.00000093  00000-0  34861-4 0  9994
2 32263  51.9737 289.4458 0001675 126.4376  38.9828 12.40691877859812
HJS-4A
1 58691U 23212A   26208.53072083 -.00000087  00000-0  73403-4 0  9992
2 58691  49.9984 195.9352 0001191 262.6131  97.4611 13.41459907126663
SKYKRAFT-3D
1 57956U 23084BZ  26208.42673310  .00340502  49470-4  76411-3 0  9997
2 57956  97.6018  12.5373 0002910 222.8827 137.2223 15.97730143161568
TANDEM X
1 36605U 10030A   26208.50311898  .00000420  00000-0  23217-4 0  9992
2 36605  97.4466 215.6381 0001888  89.5841 270.5610 15.19148094892769
QIANFAN-180
1 69397U 26124R   26208.86864027 -.02013742  00000-0 -22564+1 0  9998
2 69397  89.0001 357.4954 0004286  68.7394 291.4229 13.75098367  7542
WILDFIRE 2
1 57767U 23133L   26208.63751516  .00000087  00000-0  66782-4 0  9994
2 57767  80.9987 328.5781 0004223 265.8376  94.2298 13.85496464146608
NINGXIA-1 1
1 44779U 19076A   26208.51324554 -.00000107  00000-0  14782-4 0  9996
2 44779  45.0083 359.6395 0010964 343.1842  16.8627 14.02110035343511
YUNHAI 2-1D
1 43912U 18112D   26208.61376475  .00000053  00000-0  84166-4 0  9996
2 43912  50.0112 115.8208 0015334 126.7537 233.4789 14.29045005393362
IRIDIUM 165
1 43572U 18061D   26208.54512297  .00000055  00000-0  12407-4 0  9998
2 43572  86.3937  39.9209 0002301  89.4518 270.6942 14.34217356419170
GEN1A-1
1 69004U 26100AA  26208.24829889  .00003212  00000-0  15073-3 0  9993
2 69004  97.4001 105.3225 0002905 212.8462 147.2593 15.20357537 12902
QIANFAN-214
1 69813U 26153P   26208.45438307  .00000487  00000-0  19987-3 0  9992
2 69813  88.9934 357.6322 0009306 146.1931 213.9857 14.25496621  3290
RADARSAT 2
1 32382U 07061A   26208.48097299  .00000342  00000-0  14943-3 0  9991
2 32382  98.5791 214.8390 0001301  85.4803 274.6528 14.29982834971718
QIANFAN-166
1 69383U 26124B   26208.82765604 -.01953266  00000-0 -23653+1 0  9993
2 69383  89.0019 357.5468 0006611  61.8932 298.2897 13.70257377  7519
COSMOS 2187
1 21976U 92030A   26208.58368542  .00000007  00000-0  14380-3 0  9994
2 21976  74.0021  55.1392 0050640 279.7813 109.3350 12.55737279565317
QIANFAN-183
1 69401U 26125A   26208.88648137 -.01937397  00000-0 -22100+1 0  9995
2 69401  88.9917 275.9311 0021860  37.0981 323.1689 13.73761379  7418
ONEWEB-0285
1 49075U 21075A   26208.31348506 -.00000529  00000-0 -15073-2 0  9994
2 49075  87.8986 342.6873 0001613  93.4890 266.6423 13.12442312240479
KUIPER-00054
1 64514U 25134Q   26208.36565831 -.00006615  00000-0 -83941-3 0  9998
2 64514  51.8982 320.3977 0000770 100.8998 259.2051 14.79941307 60965
HJS-9B
1 68832U 26091B   26208.46702767  .00007866  00000-0  38397-3 0  9992
2 68832  54.9984 205.7064 0012500 128.8132 231.4006 15.19148969 14324
OCEANSAT 2
1 35931U 09051A   26208.51773296  .00000295  00000-0  22721-3 0  9997
2 35931  98.2343 191.3430 0017999 118.6557 241.6422 13.99659330884976
ARCSTONE
1 64540U 25135N   26208.57472624  .00020472  00000-0  62267-3 0  9991
2 64540  97.4649 326.4659 0003269  72.4126 287.7474 15.34054862 61225
COSMOS 836
1  8923U 76061A   26208.53944274  .00000135  00000-0  57448-4 0  9999
2  8923  74.0522 261.4848 0016822 131.7498 228.5096 14.34120767615996
ONEWEB-0092
1 45437U 20020P   26208.43833282  .00000429  00000-0  11750-2 0  9999
2 45437  87.8903  13.0476 0001811  99.2788 260.8544 13.11419249308066
COSMOS 2567
1 55978U 23040A   26208.51301948  .00003621  00000-0  14748-3 0  9991
2 55978  97.5875 135.2086 0001188  59.3356 300.7999 15.25147098186207
COSMOS 1141
1 11585U 79090A   26208.36492501  .00000039  00000-0  24052-4 0  9992
2 11585  82.9509 161.1630 0029984  25.9609 130.5667 13.77200244331179
ONEWEB-0253
1 48971U 21060E   26208.04707449  .00000022  00000-0  24403-4 0  9992
2 48971  87.9079 220.8574 0002163  89.7899 270.3480 13.16596045244836
HAWK-C
1 43799U 18099AT  26208.13073602  .00009342  00000-0  32935-3 0  9992
2 43799  97.3871 260.9628 0041247 142.3112 218.1031 15.28665337420013
SPACEMOBILE-010
1 69591U 26139C   26208.51423455  .00002639  00000-0  16648-3 0  9996
2 69591  52.9940  79.5514 0005755  74.8275 285.3352 15.12571953  6099
HULIANWANG DIGUI-137
1 67435U 26007A   26208.60241130 -.00000085  00000-0  83706-4 0  9997
2 67435  50.0091 300.9137 0000849 158.8434 201.2474 13.29327533 26162
GAOFEN DUOMO (GFDM)
1 45856U 20042A   26208.51990973  .00000726  00000-0  11045-3 0  9996
2 45856  97.7729 266.9324 0009800 310.9614  49.0748 14.76815471326966
ORBITER SN3
1 56960U 23084AE  26208.54735157  .00008520  00000-0  25171-3 0  9992
2 56960  97.6314 350.7484 0007879 178.3545 181.7725 15.35183074173686
IRIDE-MS2-HEO-4
1 64582U 25135BG  26208.55796227  .00001769  00000-0  18031-3 0  9991
2 64582  97.7759 322.3566 0001717 151.4434 208.6879 14.91943003 59914
ONEWEB-0038
1 45145U 20008Q   26208.68246976  .00000563  00000-0  15534-2 0  9999
2 45145  87.8910  13.0194 0002764 129.2924 230.8450 13.11416978315631
BLITS
1 35871U 09049G   26208.33867531  .00000008  00000-0  23853-4 0  9993
2 35871  98.7695 170.5449 0003011 188.6060 171.5066 14.22184693874188
ONEWEB-0567
1 55147U 23004H   26208.80669783  .00000037  00000-0  61045-4 0  9996
2 55147  87.9198 327.3935 0002173  94.5761 265.5620 13.18685258175054
FOSSASAT2E23
1 66788U 25276ED  26208.65203020  .00009256  00000-0  40514-3 0  9992
2 66788  97.4229 281.8427 0004820   0.0617   0.0619 15.22251229 36589
RASSVET-3 12
1 68371U 26061M   26208.79672498  .00002390  00000-0  11589-3 0  9991
2 68371  82.2967 333.2212 0000776 152.6242 207.5032 15.18078605 19571
HAWK-A
1 43765U 18099H   26208.57404547  .00008031  00000-0  31782-3 0  9992
2 43765  97.3893 260.2889 0035751 141.2548 219.1264 15.25113251419259
AAU CUBESAT
1 27846U 03031G   26208.48005675  .00000242  00000-0  12445-3 0  9994
2 27846  98.6859 216.4897 0010166  50.6209 309.5869 14.23979734197429
ITASAT
1 43786U 18099AE  26208.59279899  .00006692  00000-0  31763-3 0  9997
2 43786  97.4008 259.3044 0011852 203.1284 156.9419 15.19517234419043
KINEIS-5B
1 62085U 24219E   26208.52209700  .00001192  00000-0  17072-3 0  9995
2 62085  98.0102  12.1320 0003080 121.6907 238.4604 14.78408319 89963
COSMOS 1084
1 11299U 79024D   26208.19990796  .00000009  00000-0  16075-3 0  9993
2 11299  74.0326 265.9977 0001561  33.3332 355.0011 12.50494322162119
FORMOSAT-8A
1 66666U 25276A   26208.21091269  .00001853  00000-0  15058-3 0  9999
2 66666  97.6548 281.8503 0007007  94.7929 265.4095 15.00786920 36066
PLEIADES 1B
1 39019U 12068A   26208.48600671  .00000397  00000-0  95347-4 0  9990
2 39019  98.1937 282.9784 0001368  76.5007 283.6345 14.58540632726727
EYCORE-1
1 69011U 26100AH  26208.22207856  .00004521  00000-0  20726-3 0  9998
2 69011  97.4003 105.3575 0002747 243.2214 116.8741 15.20954936 12898
METEOR 3M
1 27001U 01056A   26208.45858044 -.00000012  00000-0  40464-4 0  9994
2 27001  99.8241  35.6404 0014439  94.8916 295.0691 13.69045270230391
KORONAS-FOTON
1 33504U 09003A   26208.78695559  .00015134  00000-0  30265-3 0  9992
2 33504  82.4313 129.8846 0010722  22.0588 338.1120 15.46580666967370
COSMOS 2561
1 54109U 22137A   26208.51910925  .00013710  00000-0  22376-3 0  9999
2 54109  96.9161 266.0325 0008627 225.5879 134.4670 15.52645172212602
GEESAT 6-01
1 65713U 25214B   26208.74670062  .00001670  00000-0  22846-3 0  9995
2 65713  49.9863 120.6633 0012155  23.0833 337.0648 14.83443417 45523
LEMUR 2 TILLINFINITY
1 63356U 25061F   26208.37379891  .00004074  00000-0  22050-3 0  9999
2 63356  97.5631 184.1401 0019816 107.0535 253.2870 15.15047722 73721
COSMOS 2606
1 67680U 26023G   26208.63222726  .00010819  00000-0  41959-3 0  9998
2 67680  96.6131 267.8423 0019427 341.8605  18.1940 15.26088428 26169
COSMOS 876
1 09593U 76118F   26208.23840362 -.00000016  00000-0 -52764-5 0  9993
2 09593  74.0330 303.2890 0046794  99.2680 289.6498 12.41328331249171
COSMOS 2499
1 39765U 14028E   26208.52001770  .00000037  00000-0  10547-3 0  9995
2 39765  82.4463 225.2108 0230267 266.9347  90.5387 12.82903603570194
COSMOS 1293
1 12642U 81074G   26208.39122773 -.00000014  00000-0  14712-4 0  9992
2 12642  74.0349   7.7010 0036271 298.1456  84.2957 12.56720396 63121
RUBIN 4/SL-8
1 27940U 03042B   26208.76159400  .00000575  00000-0  10581-3 0  9996
2 27940  98.3896  27.8295 0012108 225.4412 134.5805 14.69526374220526
COSMOS 2360
1 25406U 98045A   26208.38689127 -.00000271  00000-0 -12018-3 0  9992
2 25406  70.7236 192.7565 0008896 294.1692  65.8497 14.12401107443712
SKYKRAFT-1A
1 55054U 23001AX  26208.63667598  .00005617  00000-0  19801-3 0  9994
2 55054  97.3197 265.3868 0009063 359.5656   0.5575 15.29635243197900
QIANFAN-102
1 66044U 25233M   26208.54253109  .00000049  00000-0  57630-4 0  9990
2 66044  88.9982  39.0179 0002155  89.0007 271.1391 13.51016156 38680
KUIPER-00129
1 65958U 25228M   26208.12414665  .00000149  00000-0  48529-4 0  9995
2 65958  51.8998  91.5306 0000815  98.3875 261.7180 14.79928510 44057
KUIPER-00221
1 67147U 25301Q   26208.12568448  .00001103  00000-0  17372-3 0  9990
2 67147  51.8986 184.0398 0000586  73.1135 286.9892 14.79925680 34176
SHERPA-LTC2
1 53754U 22107BG  26208.84923003  .00003328  00000-0  17781-3 0  9996
2 53754  53.2358  48.1612 0393417 340.1824  18.4223 14.69997126208524
ONEWEB-0701
1 61607U 24188P   26208.47432845  .00000241  00000-0  65488-3 0  9999
2 61607  87.8827  28.2368 0002650  91.0918 269.0513 13.10376021 88581
VSP ROSE
1 59124U 24043AC  26208.55367340  .00004576  00000-0  16419-3 0  9991
2 59124  97.5661 345.5924 0012002 103.3233 256.9345 15.29157816133151
WILDFIRE 10
1 57766U 23133K   26208.62787392  .00000095  00000-0  73897-4 0  9997
2 57766  81.0052 328.6556 0005619 249.6284 110.4269 13.85604829146640
LYNK TOWER 5
1 59121U 24043Z   26208.78487563  .00006447  00000-0  21657-3 0  9992
2 59121  97.5681 347.0719 0012431 103.5732 256.6895 15.31131290133250
LASARSAT
1 62391U 24247Q   26208.51276970  .00037959  00000-0  69251-3 0  9994
2 62391  44.9745  35.1955 0009205 241.5344 118.4620 15.48805636 89569
KUIPER-00146
1 65967U 25228W   26208.09579763  .00004215  00000-0  58139-3 0  9997
2 65967  51.9029  86.7791 0000814 109.4823 250.6227 14.79942106 44116
COSMOS 534
1 06269U 72087G   26208.38012591 -.00000027  00000-0 -58373-4 0  9995
2 06269  74.0377 344.0403 0076000  71.7749 318.4895 12.63678685478716
QIANFAN-34
1 61567U 24185R   26208.54972263  .00000372  00000-0  23302-3 0  9996
2 61567  88.9761  52.7859 0005358   2.2999 357.8205 14.02488805101141
XINGCHI-1 02A
1 58496U 23187A   26208.51763547  .00001552  00000-0  19097-3 0  9991
2 58496  97.9255 291.1161 0011815  20.6365 339.5324 14.84375072143109
LEMUR 2 EMERSONROSE
1 63261U 25052BD  26208.67269878  .00003530  00000-0  29335-3 0  9999
2 63261  97.6872 101.4475 0001655  23.6127 336.5172 14.99370661 74801
COSMOS 1324
1 12979U 81116E   26208.70478140 -.00000012  00000-0  26673-4 0  9996
2 12979  73.9843 301.6325 0087102 144.6498  22.6666 12.29740409  4918
LEMUR 1
1 40044U 14033AL  26208.37726389  .00001781  00000-0  20933-3 0  9993
2 40044  97.7923 357.3038 0046941 307.2558  52.4380 14.85369534651433
HULIANWANG DIGUI-128
1 67236U 25311A   26208.63347700 -.00000103  00000-0  45826-4 0  9998
2 67236  50.0105 330.5021 0000857 117.6366 242.4593 13.29324110 28725
ORBCOMM FM 4
1 25159U 98007C   26208.10777402  .00000722  00000-0  29236-3 0  9998
2 25159 107.9631 251.5857 0042065 256.6929 102.9519 14.35800499482329
CAPELLA-15 (ACADIA)
1 60544U 24149CE  26208.14885440  .00004823  00000-0  47594-3 0  9990
2 60544  97.6748 280.0468 0003588 288.1923  71.8905 14.92427614105812
CANX-6
1 32784U 08021B   26208.41727667  .00003877  00000-0  28923-3 0  9995
2 32784  97.9140 188.7170 0010986   6.1910 353.9449 15.03440751990172
SKYSAT C6
1 42992U 17068F   26208.65063769  .00009530  00000-0  29106-3 0  9996
2 42992  97.4616 346.6667 0003795  67.0070 293.1572 15.34108803488522
COSMOS 1479
1 14177U 83069G   26208.33501253  .00000007  00000-0  15613-3 0  9992
2 14177  74.0243  70.0392 0023718 221.7810 252.6536 12.46104917958708
HEALTHSAT 1
1 22827U 93061E   26208.20329873  .00000165  00000-0  77294-4 0  9997
2 22827  98.6388 276.4988 0007657 269.0931 109.2818 14.32561173713827
PRAETORIAN SDA_614
1 65577U 25203N   26208.78618329  .00000072  00000-0  53115-4 0  9992
2 65577  81.3040 332.9517 0008252  83.7691 276.4405 13.84779955 44339
IRIDIUM 151
1 43074U 17083E   26208.69341669  .00000114  00000-0  33739-4 0  9994
2 43074  86.3987 305.1296 0002279  94.9106 265.2350 14.34217895449943
FORMOSAT 3B
1 29048U 06011B   26208.21030694  .00000386  00000-0  15959-3 0  9993
2 29048  71.9663 137.6760 0040864 132.8392 227.6192 14.31415425 62509
COSMOS 1752
1 16762U 86042E   26208.47640970 -.00000009  00000-0  46972-4 0  9999
2 16762  74.0188  16.7367 0011932 315.6327  73.8173 12.47017928827349
ONEWEB-0660
1 55820U 23029AA  26208.62132121 -.00000171  00000-0 -49651-3 0  9991
2 55820  87.8964 281.6451 0002104 107.7993 252.3367 13.14502647164714
TIANQI 26
1 59910U 24102B   26208.49305836  .00000121  00000-0  17095-3 0  9998
2 59910  44.9736  82.1686 0010096  70.6843 289.5081 13.99194648110553
ONEWEB-0101
1 48049U 21025H   26208.21295642  .00000309  00000-0  80990-3 0  9995
2 48049  87.8980 312.2623 0002087  99.5244 260.6121 13.13470872258757
FLOCK 4BE 34
1 60495U 24149AD  26208.20079929  .00016475  00000-0  38453-3 0  9999
2 60495  97.3772 293.0168 0005410 129.6811 230.4914 15.42272830108497
COSMOS 1476
1 14174U 83069D   26208.37014243 -.00000016  00000-0 -52723-6 0  9999
2 14174  74.0242 179.6686 0010307 114.1142  52.4535 12.52544974968837
COSMOS 339
1  4386U 70036D   26208.38397087 -.00000001  00000-0  97716-4 0  9996
2  4386  74.0280  86.7462 0014936  92.3651  21.9163 12.51876701570435
CONTECSAT-1
1 59117U 24043V   26208.52039828  .00009806  00000-0  26995-3 0  9998
2 59117  97.5687 350.7067 0011496  92.7740 267.4820 15.37311873133448
FORMOSAT 3F
1 29052U 06011F   26208.70240080  .00000354  00000-0  14726-3 0  9990
2 29052  72.0336 299.4283 0037072  89.8513 270.6873 14.31646967 58587
VIGORIDE 3
1 52760U 22057AE  26208.37394253  .00005453  00000-0  20450-3 0  9991
2 52760  97.6650 349.4355 0007808 353.4177   6.6957 15.27655355231295
COSMOS 1745
1 16727U 86037A   26208.19341483  .00000051  00000-0  37308-4 0  9999
2 16727  82.9561  75.9461 0032753  92.5772  28.0682 13.74425274 14662
METEOR M2-2
1 44387U 19038A   26208.49558041  .00000237  00000-0  12251-3 0  9997
2 44387  98.9170 196.3808 0000079 242.7547 117.3624 14.24376322367031
ONEWEB-0370
1 49296U 21090T   26208.17199855  .00000047  00000-0  84272-4 0  9993
2 49296  87.9174 266.4718 0002178  89.4137 270.7246 13.20773329235142
VINDLER 2.3
1 68486U 26067BY  26208.34782463  .00001579  00000-0  16092-3 0  9991
2 68486  97.7600 165.9877 0001724 116.8861 243.2535 14.92090850 17719
QIANFAN-237
1 69866U 26155U   26208.50662419  .00000265  00000-0  10768-3 0  9993
2 69866  89.0056  59.5450 0031348 181.5092 178.6012 14.24434861  3126
COSMOS 1014
1 10931U 78056B   26208.33490685 -.00000024  00000-0 -64439-4 0  9994
2 10931  74.0299 323.1783 0033230 213.5974 175.9261 12.40493108179792
YAOGAN 8
1 36121U 09072A   26208.20567851  .00000393  00000-0  13415-2 0  9994
2 36121 100.2110  90.5890 0020321 233.1102 126.8143 13.05081895793892
USA 81
1 21949U 92023A   26208.86118930  .00000167  00000-0  54395-4 0  9999
2 21949  85.0044  50.5233 0001417  68.4686 291.6658 14.32407664114850
STELLA
1 22824U 93061B   26208.50667685 -.00000028  00000-0  70915-5 0  9996
2 22824  98.7703 272.8988 0007378 115.6647   1.4275 14.27471455710527
KINEIS-1D
1 60082U 24114D   26208.50601896  .00000689  00000-0  10646-3 0  9994
2 60082  97.9880 228.2030 0002895  79.3677 280.7859 14.76376260113072
QIANFAN-12
1 60390U 24140M   26208.52756395  .00000092  00000-0  12358-3 0  9992
2 60390  88.9706 275.7446 0010819 269.0021  90.9890 13.51020034 97866
TOM-2
1 69914U 26156AX  26208.67988616  .00001346  00000-0  14255-3 0  9992
2 69914  97.7551 108.7763 0004238  63.7548 296.4105 14.90758138  3036
TIANHUI 5C
1 60211U 24126A   26208.45826886  .00000441  00000-0  54492-4 0  9997
2 60211  97.8223 215.4533 0002115  94.1258 266.0200 14.87581065111873
COSMOS 1926
1 18939U 88016C   26208.58210887 -.00000005  00000-0  76135-4 0  9992
2 18939  74.0064 289.2120 0012046 183.5423 241.4575 12.48857932749687
COSMOS 2039
1 20233U 89074B   26208.28161699  .00000010  00000-0 -12531-5 0  9997
2 20233  82.5827 158.2697 0013064 267.2251 248.2967 12.66284630703670
QIANFAN-160
1 69119U 26108R   26208.48724041  .00000052  00000-0  63144-4 0  9990
2 69119  89.0117  17.9913 0021453 353.8227   6.2656 13.49935737  9891
ONEWEB-0421
1 50496U 21132AD  26208.60774430  .00000007  00000-0 -14322-4 0  9996
2 50496  87.9199 327.4205 0001659 109.4545 250.6767 13.18686478226949
COSMOS 1751
1 16761U 86042D   26208.39479551 -.00000007  00000-0  62330-4 0  9998
2 16761  74.0177  93.8438 0023826  41.2223  73.9328 12.44893901824163
GEESAT 4-10
1 65128U 25170K   26208.47341902  .00001610  00000-0  22678-3 0  9991
2 65128  49.9789 301.0219 0024521  85.8188 274.5551 14.82288269 53038
TIANQI 37
1 67476U 26010A   26208.51943171  .00000020  00000-0  10166-3 0  9997
2 67476  44.9815 262.2853 0011638 165.2450 194.8725 13.99177478 27048
HULIANWANG DIGUI-163
1 68137U 26047J   26208.53364751 -.00000064  00000-0  12915-3 0  9998
2 68137  50.0065 271.1400 0000974 246.5983 113.4786 13.29326413 18446
COSMOS 2011
1 19905U 89025D   26208.33412250 -.00000015  00000-0  76267-5 0  9996
2 19905  74.0089 177.0559 0020296  79.2461 351.7177 12.52211767706947
ONEWEB-0647
1 56079U 23043AK  26208.58764019 -.00000612  00000-0 -16590-2 0  9991
2 56079  87.8972 251.1760 0001959  99.5891 260.5461 13.15543073161731
FLOCK 4H 16
1 66719U 25276BF  26208.51111052  .00006856  00000-0  31870-3 0  9992
2 66719  97.4225 281.4539 0003764 199.9351 160.1738 15.20286627 36542
CAPELLA-18 (ACADIA)
1 67385U 26004Y   26208.45851888  .00004273  00000-0  48743-3 0  9991
2 67385  97.8014 206.2589 0001494  89.8585 270.2802 14.86632485 29260
FLOCK 4H 6
1 66709U 25276AV  26208.16033931  .00007512  00000-0  34433-3 0  9999
2 66709  97.4217 281.2887 0003655 165.4983 194.6358 15.20737647 36503
INTASAT
1  7531U 74089C   26208.48664873 -.00000020  00000-0  16514-3 0  9991
2  7531 101.9945 221.2777 0011788  66.4968 100.6250 12.53531129365324
ONEWEB-0150
1 48047U 21025F   26208.70557979 -.00000294  00000-0 -83949-3 0  9993
2 48047  87.8991 312.1564 0001808  95.7523 264.3812 13.13470645258866
CARTOSAT-1
1 28649U 05017A   26208.07367402  .00001599  00000-0  16648-3 0  9991
2 28649  97.5306 229.3296 0000726  65.4603 294.6691 14.91143738149768
CXBN
1 38762U 12048E   26208.93147414  .00012340  00000-0  49119-3 0  9999
2 38762  64.6604  47.7605 0083155 159.0319 201.4252 15.22394035124482
KUIPER-00018
1 63733U 25088K   26208.37424184  .00000769  00000-0  12982-3 0  9993
2 63733  51.9023 202.9198 0000493  46.2737 313.8267 14.79946591 68177
LEMUR 2 BALTO
1 63395U 25052BH  26208.13732678  .00004521  00000-0  36394-3 0  9995
2 63395  97.6909 101.3003 0005179 274.4178  85.6454 15.00450461 74752
ONEWEB-0169
1 48077U 21025AM  26208.71065885 -.00000196  00000-0 -57085-3 0  9990
2 48077  87.8985 312.1603 0001890  96.3981 263.7363 13.13470511257621
ESSAIM-2
1 28495U 04049D   26208.21478809  .00001658  00000-0  17328-3 0  9996
2 28495  98.2236 116.9237 0001717  37.7451 322.3886 14.91152712166505
METEOR 1-13
1 06256U 72085A   26208.72269715 -.00000039  00000-0 -29524-4 0  9998
2 06256  81.2712 113.5706 0026345  22.0521 338.1776 14.09478453760583
FLOCK 4H 13
1 66716U 25276BC  26208.49676840  .00007556  00000-0  34325-3 0  9993
2 66716  97.4213 281.7362 0002564 128.7394 231.4071 15.21049596 36564
KUIPER-00253
1 68584U 26072M   26208.45219712  .00003960  00000-0  54823-3 0  9990
2 68584  51.9045   5.1167 0000498 102.3626 257.7392 14.79928830 17259
FLOCK 4G 28
1 62634U 25009AB  26208.46911494  .00009832  00000-0  28755-3 0  9995
2 62634  97.4021 293.1846 0002968 135.8257 224.3224 15.35468251 85265
FLOCK 4H 12
1 66715U 25276BB  26208.65851647  .00007229  00000-0  32936-3 0  9993
2 66715  97.4180 281.7148 0002988 151.1766 208.9635 15.20963922 36899
ORBCOMM FM 39
1 33063U 08031D   26208.45579714  .00001053  00000-0  16117-3 0  9995
2 33063  48.4388 226.3826 0007146 296.7777  63.2407 14.81219269973840
GEESAT 1-01
1 52785U 22058A   26208.52554865  .00001949  00000-0  27354-3 0  9999
2 52785  49.9937  16.1718 0022321  56.4719 303.8347 14.81511312225910
ONEWEB-0545
1 54647U 22166F   26208.83905210  .00000057  00000-0  10750-3 0  9997
2 54647  87.9223 235.8898 0001402  95.5741 264.5552 13.21824315176878
SHIYAN 27B
1 63600U 25078B   26208.45818001  .00000020  00000-0  90225-4 0  9996
2 63600  99.6933 215.0626 0000996  97.6658 262.4593 13.57250956 62993
FOSSASAT2E22
1 66779U 25276DU  26208.45260017  .00007441  00000-0  35961-3 0  9993
2 66779  97.4166 280.9019 0004986  15.7944 344.3445 15.18904313 36513
COSMOS 567
1 06678U 73037D   26208.57507355  .00000008  00000-0  15355-3 0  9992
2 06678  74.0174  64.1958 0045629 278.1821 109.8064 12.54107801432398
COSMOS 1394
1 13381U 82073G   26208.44461036 -.00000008  00000-0  51179-4 0  9998
2 13381  74.0141  96.2046 0013255 103.0795   6.9664 12.45192622   840
COSMOS 1624
1 15482U 85006A   26208.71001292  .00000123  00000-0  53488-4 0  9997
2 15482  74.0422 119.5646 0014560 347.7516  31.4735 14.33979533170077
AEROCUBE 16B
1 59291U 24053D   26208.35444605  .00017335  00000-0  36996-3 0  9994
2 59291  49.9910 120.5252 0003088 139.8783 220.2409 15.44915064127395
COSMOS 1299
1 12783U 81081A   26208.64852839 -.00000075  00000-0  11274-4 0  9994
2 12783  65.1184 337.5961 0035311 182.0025 178.0901 13.85540389272882
STEP CUBE LAB-II
1 52897U 22065D   26208.47882464  .00000850  00000-0  17384-3 0  9996
2 52897  98.2271 352.2686 0007224 256.9454 103.0941 14.63358976217396
GEESAT 3-02
1 61012U 24159B   26208.52735786  .00001735  00000-0  23100-3 0  9997
2 61012  49.9937 256.1735 0019083 212.5926 147.3836 14.84357469102781
COSMOS 2352
1 25363U 98036A   26208.31109378  .00000014  00000-0  27564-4 0  9998
2 25363  82.5955 339.4370 0352804 179.7452 206.9893 12.20139098252192
GEESAT 6-08
1 65720U 25214J   26208.78734444  .00001746  00000-0  23735-3 0  9994
2 65720  49.9910 120.3186 0009884   9.6081 350.5045 14.83473136 45537
KUIPER-00158
1 65776U 25217Q   26208.13548252  .00003113  00000-0  41952-3 0  9998
2 65776  51.8957 147.5652 0000949  91.4174 268.6898 14.81706659 45515
FAST
1 24285U 96049A   26208.84520641  .00004343  00000-0  32656-3 0  9996
2 24285  82.9480  19.8279 1733832  23.7600 343.4574 11.83515658237471
JUGNU
1 37839U 11058B   26208.88983197  .00000423  00000-0  81081-4 0  9997
2 37839  19.9613  61.1368 0018622 165.9503 308.5242 14.13786693764799
LMRST-SAT
1 40971U 15058H   26208.22528329  .00003947  00000-0  35154-3 0  9995
2 40971  64.7755 150.9539 0134865  43.2552 317.9054 14.90775164119528
GLOBALSTAR M029
1 25963U 99062C   26208.69132118 -.00000042  00000-0  54864-3 0  9997
2 25963  51.9816  77.8214 0002064 173.5047 220.8710 11.99912581217809
HAWK-5A
1 52757U 22057AB  26208.40351052  .00018969  00000-0  30877-3 0  9991
2 52757  97.6634   9.8986 0003055 277.1001  82.9903 15.52707920232583
OPS 0203 (DMSP 5A F2)
1 04512U 70070A   26208.58087807  .00000286  00000-0  11103-3 0  9992
2 04512  98.8811 158.3748 0062247 328.1486  31.5941 14.36555343917423
LEGION 3
1 60452U 24146A   26208.59549520  .00003891  00000-0  21418-3 0  9991
2 60452  45.0001 173.9184 0006774  45.8812 314.2623 15.15727468108156
ION SCV-013
1 58300U 23174AW  26208.51619547  .00002814  00000-0  18051-3 0  9992
2 58300  97.6126 263.0596 0099399  59.5599 301.5402 15.05277102147604
ONEWEB-0010
1 44058U 19010B   26208.48090726  .00000073  00000-0  15632-3 0  9996
2 44058  87.9078 220.7766 0002369  93.9992 266.1409 13.16594322356911
APRIZESAT 3
1 35686U 09041F   26208.08873838  .00001118  00000-0  10126-3 0  9999
2 35686  98.2106   3.2383 0060481 295.8068  63.6920 14.96328660922343
COSMOS 1474
1 14172U 83069B   26208.48178909 -.00000004  00000-0  73696-4 0  9995
2 14172  74.0264  17.5262 0033504 294.0182  94.0100 12.56676635975343
YUXING-3 06
1 68199U 26052B   26208.62610407  .00005974  00000-0  35903-3 0  9990
2 68199  97.5319 282.7901 0013191 164.4293 195.7345 15.11178712 20158
HULIANWANG DIGUI-156
1 68130U 26047B   26208.51698386 -.00000067  00000-0  12184-3 0  9994
2 68130  50.0028 271.6697 0001007 247.3030 112.7736 13.29326986 18421
LKW-1
1 43034U 17077A   26208.54390747  .00009738  00000-0  40148-3 0  9990
2 43034  97.0978 240.6421 0002317  80.1651 279.9849 15.24258293480842
ONEWEB-0063
1 45448U 20020AA  26208.38236917  .00000395  00000-0  10795-2 0  9997
2 45448  87.8904  13.0683 0001686  83.5172 276.6148 13.11415560307967
COSMOS 1174
1 11765U 80030A   26208.49551615  .00004631  00000-0  21813-3 0  9997
2 11765  66.0812 111.5847 0464073  80.9200 284.4103 14.58328532384801
SHIYAN 5 (SY-5)
1 39455U 13068A   26208.54995374 -.00000049  00000-0 -25001-5 0  9996
2 39455  98.0675  77.6098 0013994 175.4983 184.6337 14.43696065667457
HULIANWANG DIGUI-38
1 64959U 25159D   26208.49964449  .00000070  00000-0  12882-3 0  9993
2 64959  86.4947 268.8674 0001844  99.5037 260.6306 13.24409605 48463
GAOFEN-5 02
1 49122U 21079A   26208.48505012  .00000350  00000-0  86790-4 0  9992
2 49122  98.2598 282.4970 0001119 138.9696 221.1587 14.57711598259951
POPACS 3
1 39270U 13055F   26208.37420391  .00008576  00000-0  20495-3 0  9991
2 39270  81.0003 185.5820 0547192 307.4938  47.7679 14.56878849644404
EXCITE
1 43819U 18099BP  26208.52659920  .00002619  00000-0  18006-3 0  9994
2 43819  97.3950 245.7005 0017518 208.7531 151.2732 15.06654194417825
YAM-13
1 68993U 26100P   26208.89083106  .00001495  00000-0  15752-3 0  9999
2 68993  97.7846 105.5734 0002171  56.0723 304.0701 14.90816361 12767
FOX-1
1 40967U 15058D   26208.25965043  .00004275  00000-0  37693-3 0  9996
2 40967  64.7747 154.4322 0133364  41.2537 319.8559 14.91165221119548
QIANFAN-217
1 69816U 26153S   26208.51656359  .00000453  00000-0  18087-3 0  9994
2 69816  88.9933 357.6226 0009087 145.7354 214.4427 14.26772454  3308
HAIYANG 1
1 27430U 02024A   26208.37285199  .00000247  00000-0  10657-3 0  9991
2 27430  98.7313 170.7450 0008082 327.1710  32.8970 14.33171759263586
KUIPER-00476
1 68874U 26095L   26208.50002315  .00051442  00000-0  16791-2 0  9991
2 68874  51.8724  48.9165 0010513  81.6325 162.9903 15.31217911  5444
GAOFEN 7
1 44703U 19072A   26208.52020043  .00004105  00000-0  18775-3 0  9992
2 44703  97.5701 269.3159 0016881 265.5619  94.3687 15.20994974373776
TIANMU-1 18
1 58703U 24004D   26208.54918521  .00005663  00000-0  21622-3 0  9992
2 58703  97.4661  34.7158 0004888 176.4296 183.6978 15.27038779141938
COSMOS 2158
1 21729U 91068B   26208.70188538  .00000028  00000-0  95547-4 0  9997
2 21729  82.5845 285.2234 0004358 332.8870 195.4905 12.64070751606831
COSMOS 1087
1 11302U 79024G   26208.17533514  .00000013  00000-0  20369-3 0  9993
2 11302  74.0301 227.9344 0037091 171.7558 252.9388 12.42878886149004
ONEWEB-0329
1 49107U 21075AJ  26208.42800955  .00000055  00000-0  10971-3 0  9998
2 49107  87.9162 357.8655 0001790  89.5191 270.6146 13.17648520238887
QIANFAN-231
1 69860U 26155N   26208.51620258  .00000273  00000-0  11288-3 0  9990
2 69860  89.0057  59.5467 0031914 180.5152 179.6013 14.23687480  3133
HULIANWANG DIGUI-164
1 68656U 26076A   26208.46943826  .00000034  00000-0  44278-4 0  9998
2 68656  86.4949  30.2703 0001818  78.3762 281.7576 13.24410396 14700
HORUS 2
1 55844U 23032A   26208.51886407  .00005716  00000-0  24274-3 0  9994
2 55844  97.3523 283.1054 0001857 132.6936 227.4458 15.23455358187628
IRIDE-MS2-HEO-2
1 64569U 25135AT  26208.52188977  .00002192  00000-0  21207-3 0  9990
2 64569  97.7785 322.3886 0001504 164.7667 195.3598 14.93788397 59906
GCOM-C
1 43065U 17082A   26208.66780480  .00000127  00000-0  69940-4 0  9995
2 43065  98.6260 281.7731 0001190 101.8487 258.2828 14.27279369447718
MONITOR-E/SL-19
1 27840U 03031A   26208.38107536  .00000050  00000-0  29746-4 0  9996
2 27840  98.6331 188.5436 0096073 221.2486 138.1416 14.39834302211788
COSMOS 2616
1 68827U 26090B   26208.51557433  .00036066  00000-0  15552-3 0  9991
2 68827  96.6425 125.0468 0011655 238.8003 121.2127 15.84804624 15052
GLOBALSTAR M086
1 38045U 11080F   26208.71096910 -.00000082  00000-0  12388-3 0  9997
2 38045  51.9870 204.9826 0001324 129.5731  42.5027 12.62288183674773
JILIN-01 GAOFEN 3F
1 46458U 20065E   26208.51482759  .00067249  00000-0  67305-3 0  9991
2 46458  97.2158 259.3157 0009144  10.0746 350.0696 15.65310147326002
NUSAT-40 (C SHOEMAKER)
1 56943U 23084M   26208.60602447  .00180440  00000-0  72641-3 0  9991
2 56943  97.4865 358.6132 0002293 180.5809 179.5459 15.85940691175194
ONEWEB-0017
1 45132U 20008B   26208.46921919 -.00000209  00000-0 -63617-3 0  9993
2 45132  87.8824  28.2391 0002044  89.9241 270.2121 13.10377507313222
QIANFAN-116
1 68643U 26075H   26208.53590599  .00000105  00000-0  14326-3 0  9995
2 68643  88.9913 316.8616 0002267 114.4571 245.6817 13.51016955 15250
COSMOS 768
1 08292U 75086H   26208.05077795  .00000008  00000-0  16290-3 0  9994
2 08292  74.0085  61.0521 0013234 233.7333 280.6217 12.46115918313460
ONEWEB-0068
1 45446U 20020Y   26208.89582116  .00000238  00000-0  63432-3 0  9999
2 45446  87.8906  12.9607 0001663  97.9378 262.1939 13.11417212307934
ONEWEB-0525
1 54143U 22138AG  26208.64760522  .00000054  00000-0  10215-3 0  9994
2 54143  87.9189 296.9117 0002377 105.0287 255.1109 13.19724497182166
NINGXIA-1 4
1 44782U 19076D   26208.53874473 -.00000194  00000-0 -41542-4 0  9993
2 44782  45.0096 359.5009 0013090 312.6136  47.3594 14.02073639343486
RAY 1.0
1 62627U 25009U   26208.22173541  .00003495  00000-0  16075-3 0  9995
2 62627  97.3979 285.8270 0010012 129.9155 230.2962 15.20952766 84769
HULIANWANG DIGUI-57
1 65114U 25168J   26208.54111124 -.00000089  00000-0  74258-4 0  9994
2 65114  49.9996 180.6013 0009469 229.1820 130.8231 13.29327172 48070
HAWK-7A
1 56191U 23054P   26208.59324383  .00005649  00000-0  21110-3 0  9993
2 56191  97.2649  94.9025 0001170 223.9763 136.1384 15.27745350183198
COSMOS 1655
1 15751U 85041A   26208.48404178  .00000053  00000-0  41601-4 0  9995
2 15751  82.9471  36.9658 0026330 348.0291  39.3405 13.71939424 60227
COSMOS 1562
1 15001U 84052D   26208.52450675  .00000010  00000-0  16858-3 0  9990
2 15001  74.0110 262.5398 0014613  60.4237   6.7550 12.49966199923827
SDX01
1 62459U 24253A   26208.58888722  .00114697  00000-0  70125-3 0  9994
2 62459  54.9920 156.2736 0005517  46.0512 314.0987 15.76565897 88897
YAOGAN-35 05B
1 53761U 22109B   26208.61676861  .00025752  00000-0  61827-3 0  9993
2 53761  34.9783  48.3741 0003924 217.5328 142.5119 15.40392604217109
ONEWEB-0389
1 50469U 21132A   26208.36894738  .00000021  00000-0  21180-4 0  9998
2 50469  87.9162 357.8762 0001520  89.7357 270.3948 13.17648071223372
KUIPER-00039
1 64500U 25134A   26208.34948668  .00004077  00000-0  56355-3 0  9991
2 64500  51.9025 335.5360 0000533  99.3925 260.7098 14.79929679 60755
QIANFAN-42
1 62243U 24232G   26208.51365096  .00000155  00000-0  60368-4 0  9991
2 62243  89.0071  11.5539 0017068  66.9063 293.3927 14.24623301133659
GLOBAL-31
1 63027U 25033B   26208.21414560  .00013388  00000-0  35572-3 0  9990
2 63027  58.9976 154.4174 0012902  63.3759 296.8637 15.38554128 80480
MISR-C-1
1 68628U 26074B   26208.45710533  .00008754  00000-0  35474-3 0  9995
2 68628  60.0230  23.8315 0031649  49.0084 311.3727 15.24955678 16916
COSMOS 1763
1 16860U 86052A   26208.75342370  .00000143  00000-0  54246-4 0  9994
2 16860  74.0334 131.5562 0029640 130.6720 229.7018 14.39336183 99645
FOSSASAT2E20 (TAT-O)
1 63003U 25009DN  26208.63478075  .00014570  00000-0  49336-3 0  9991
2 63003  97.3155 283.9050 0003687 159.6875 200.4514 15.30679819142693
DEMOSAT/FALCON 1
1 33393U 08048A   26208.33746718  .00003124  00000-0  20453-3 0  9995
2 33393   9.3448 247.2898 0010391 205.8478 154.1203 14.96828852968944
PIAST-M
1 66758U 25276CW  26208.67378805  .00005636  00000-0  26012-3 0  9990
2 66758  97.4173 281.6924 0002297 129.3856 230.7583 15.20619148 36588
BRO-18
1 64550U 25135Y   26208.54996179  .00004198  00000-0  18555-3 0  9993
2 64550  97.4662 323.2781 0002740  98.2518 261.9029 15.22257674 61016
KUIPER-00172
1 65785U 25217Z   26208.15662883 -.00000240  00000-0 -25242-5 0  9993
2 65785  51.8985 123.8802 0001004 108.0959 252.0113 14.79922337 45842
NOAA 2 (ITOS-D)
1  6235U 72082A   26208.53690424 -.00000017  00000-0  18249-3 0  9992
2  6235 102.0077 227.5500 0004580  94.2710  60.9240 12.53216400460001
KAZEOSAT 1
1 39731U 14024A   26208.47358631  .00000235  00000-0  84673-4 0  9991
2 39731  98.3195 279.9137 0001195  90.5869 269.5458 14.42041421644366
COSMOS 1287
1 12636U 81074A   26208.57422458 -.00000032  00000-0 -11726-3 0  9990
2 12636  74.0337 150.6627 0031084 309.1373  50.6913 12.44355476 43454
CENTISPACE-1 S5
1 54020U 22126A   26208.52999991  .00000924  00000-0  21523-3 0  9996
2 54020  54.9992  51.5126 0013632 148.7546 211.4261 14.63077066202945
HMU-SAT2
1 67688U 98067YE  26208.94152630  .00096761  00000-0  82468-3 0  9993
2 67688  51.6259  86.1939 0003661 335.1076  24.9743 15.68753409 26603
QIANFAN-115
1 68642U 26075G   26208.47418818  .00000119  00000-0  16507-3 0  9998
2 68642  88.9920 316.9107 0002307 106.2469 253.8936 13.51016346 15238
FLOCK 4BE 1
1 60518U 24149BC  26208.19020081  .00018645  00000-0  41199-3 0  9990
2 60518  97.3780 293.7590 0005402 141.0151 219.1487 15.43883023108542
SENTINEL-1D
1 66315U 25251A   26208.48704032  .00000188  00000-0  49565-4 0  9992
2 66315  98.1819 215.2789 0001359  91.7617 268.3739 14.59199238 38608
OPS 8180 (STP RADSAT)
1 06217U 72076B   26208.42779280  .00000651  00000-0  11502-3 0  9999
2 06217  98.6529 194.9193 0007904 258.9592 101.0724 14.71077453844700
PHISAT 2
1 60470U 24149C   26208.75733715  .00007619  00000-0  25233-3 0  9994
2 60470  97.3750 287.7584 0003432 100.2680 259.8949 15.31579078108203
JILIN-01 GAOFEN 3D 27
1 52444U 22048B   26208.47662906  .00235627  00000-0  86917-3 0  9992
2 52444  97.5722 326.4260 0005871 227.5342 132.5433 15.87593684235841
PRAETORIAN SDA_620
1 65583U 25203U   26208.32774245  .00000195  00000-0  16705-3 0  9998
2 65583  81.3055 333.6831 0008593  83.0894 277.1239 13.83209213 44242
ONEWEB-0209
1 48215U 21031F   26208.20425848  .00000178  00000-0  44684-3 0  9993
2 48215  87.8960 281.7394 0002127  92.0610 268.0764 13.14504679253636
ORBCOMM FM 109
1 40086U 14040A   26208.50542551  .00000251  00000-0  89191-4 0  9992
2 40086  47.0025 260.8625 0000845   4.3894 355.6999 14.58879217640235
AURA
1 28376U 04026A   26208.52037649  .00000816  00000-0  17473-3 0  9992
2 28376  98.3439 165.3142 0001495  93.3000 266.8372 14.61383775172100
COSMOS 2604
1 67678U 26023E   26208.11497586  .00011621  00000-0  45042-3 0  9995
2 67678  96.6188 265.0012 0016782 355.8463   4.2635 15.26137207 26099
PROPCUBE 1
1 40976U 15058N   26208.61996214  .00003737  00000-0  34718-3 0  9997
2 40976  64.7736 169.9067 0133415  45.3791 315.8109 14.89395523122286
CENTISPACE-2 S4
1 68353U 26060D   26208.47311415  .00000463  00000-0  16317-3 0  9997
2 68353  54.9817 236.8236 0007826 263.6588  96.3509 14.49702067 18632
TOMORROW-S5
1 63234U 25052AA  26208.22804367  .00004761  00000-0  20667-3 0  9994
2 63234  97.3941 100.2903 0007426  26.3452 333.8161 15.22776189 75936
BRO-11
1 58264U 23174J   26208.46875719  .00004552  00000-0  17073-3 0  9994
2 58264  97.3895 284.9474 0011793  70.2493 290.0017 15.27681911150907
STEX
1 25489U 98055A   26208.22330707  .00000504  00000-0  11982-3 0  9990
2 25489  84.9852 311.0928 0007027 296.7570  63.2914 14.51881952469145
QIANFAN-49
1 62250U 24232P   26208.47351416  .00000053  00000-0  63973-4 0  9997
2 62250  89.0082  18.4577 0012189 258.1202 101.8582 13.51014811 98453
HAWK-11A
1 62382U 24247F   26208.89564313  .00007336  00000-0  25155-3 0  9997
2 62382  44.9933  65.1656 0002514 104.9745 255.1417 15.30812422 89242
KUIPER-00232
1 67148U 25301R   26208.58079470 -.00000659  00000-0 -57391-4 0  9996
2 67148  51.8988 167.0484 0001121  57.4450 302.6620 14.79949044 34442
ONEWEB-0153
1 48044U 21025C   26208.69372687 -.00000249  00000-0 -71741-3 0  9996
2 48044  87.8981 312.1638 0001984  97.0532 263.0823 13.13469785258865
SPACEMOBILE-005
1 61046U 24163B   26208.15851587  .00009192  00000-0  42789-3 0  9995
2 61046  52.9714 125.5945 0008203 230.5149 129.5120 15.20611213103843
LEMUR-2-DEANANDMAEVE
1 66680U 25276Q   26208.19645751  .00005695  00000-0  27072-3 0  9990
2 66680  97.4191 280.8671 0005215 200.7177 159.3847 15.19585038 36481
OPS 7613 (P/L 1)
1 04256U 69082B   26208.19816030  .00000071  00000-0  85882-4 0  9991
2 04256  70.0074 239.0606 0019186   4.5851 355.5428 13.99205024896067
COSMOS 1559
1 14998U 84052A   26208.52103329 -.00000027  00000-0 -82181-4 0  9998
2 14998  74.0129 130.1508 0025107  60.5188  51.5438 12.43980694914553
KINEIS-1E
1 60083U 24114E   26208.51532678  .00001136  00000-0  15438-3 0  9999
2 60083  97.8952 231.2993 0004195  84.5060 275.6631 14.80715317113350
SUNSAT
1 25636U 99008C   26208.45148672  .00000191  00000-0  54681-4 0  9992
2 25636  96.4646  75.7456 0141116 199.4276 160.1512 14.46485774445059
NPP
1 37849U 11061A   26208.51749848  .00000073  00000-0  55520-4 0  9995
2 37849  98.7958 149.1198 0001405 168.3235 191.7974 14.19524776764168
PIESAT-2 12
1 62336U 24241D   26208.50707260  .00008304  00000-0  45223-3 0  9992
2 62336  97.5247 155.5428 0002690  94.1522 266.0017 15.14673811 88900
SINOD-D 1
1 40974U 15058L   26208.91349720  .00013688  00000-0  63517-3 0  9997
2 40974  64.7587  41.8605 0083129  30.1771 330.4103 15.17216435121798
ICON
1 44628U 19068A   26208.82187655  .00004240  00000-0  25907-3 0  9994
2 44628  26.9839 111.6378 0013173 305.8050  54.1288 15.07183904372172
COSMOS 1800
1 17144U 86092G   26208.41430264 -.00000007  00000-0  52989-4 0  9999
2 17144  74.0152   8.2908 0047439  26.7891 359.6160 12.57047393820859
OPS 7613 (P/L 6)
1  4295U 69082G   26208.42742300  .00000027  00000-0  58287-4 0  9998
2  4295  70.0126  23.5477 0017932  95.3756 264.9396 13.95601848891106
BASIL
1 65301U 25185E   26208.24184966  .00008846  00000-0  11720-2 0  9993
2 65301  97.9674 291.2889 0009334 302.8807  57.1506 14.80085645 49766
ONEWEB-0282
1 49000U 21060AK  26208.45081255 -.00000032  00000-0 -11712-3 0  9992
2 49000  87.9077 220.7808 0002198  92.2007 267.9376 13.16595368244906
COSMOS 2429
1 32052U 07038A   26208.29457016  .00000060  00000-0  45739-4 0  9990
2 32052  82.9815 176.3263 0039591 122.1465 238.3542 13.75170318947163
ORBCOMM FM 30
1 25980U 99065A   26208.37182694  .00000671  00000-0  26530-3 0  9994
2 25980  45.0327 330.3248 0007685 231.7260 128.2898 14.38207749392767
COSMOS 1161
1 11696U 80012F   26208.42775504 -.00000016  00000-0  73790-6 0  9996
2 11696  74.0210 110.1156 0021979 171.4030 188.7399 12.45173017111625
QIANFAN-140
1 69086U 26104P   26208.47540334  .00000082  00000-0  10837-3 0  9992
2 69086  88.9908 337.3593 0001604  93.3088 266.8247 13.51025558 10593
COSMOS 823
1 08873U 76051A   26208.73456383  .00000055  00000-0  42188-4 0  9999
2 08873  82.9664 106.4844 0023827 101.9973 265.9493 13.73542383512715
PALISADE
1 44634U 19069A   26208.47228518  .00000510  00000-0  13938-2 0  9993
2 44634  87.8858 271.7332 0008153 328.2266  31.8369 13.11907345324393
METEOR 2-21
1 22782U 93055A   26208.26487562  .00000108  00000-0  83082-4 0  9995
2 22782  82.5474 262.9356 0023655  96.0712 331.2483 13.84030021661595
GLOBALSTAR M044
1 25678U 99019C   26208.44347833 -.00000094  00000-0 -14973-3 0  9992
2 25678  51.9985  31.1282 0006848  97.8371 270.5280 11.90265229219581
QIANFAN-230
1 69859U 26155M   26208.50228634  .00000225  00000-0  10264-3 0  9999
2 69859  89.0050  59.5616 0030015 182.0374 178.0697 14.17866303  3120
COSMOS 1536
1 14699U 84013A   26208.31243516  .00006371  00000-0  24971-3 0  9991
2 14699  82.5466 328.8685 0014906 146.9531 213.2642 15.25475062293899
SACI 1
1 25941U 99057B   26208.56433613  .00000457  00000-0  11749-3 0  9991
2 25941  98.6338 258.3766 0008584 167.3629 192.7784 14.54940772418516
METEOR 1-16
1 07209U 74011A   26208.39363746  .00000020  00000-0  38245-5 0  9999
2 07209  81.2287 350.1618 0037623 287.8420  71.8651 14.14556326700927
ONEWEB-0294
1 49083U 21075J   26208.81242463  .00000265  00000-0  70084-3 0  9992
2 49083  87.8986 342.5857 0002147  93.9083 266.2291 13.12444672239907
KUIPER-00175
1 67135U 25301C   26208.86709036  .00003981  00000-0  55093-3 0  9996
2 67135  51.9001 150.7120 0000695 105.1736 254.9304 14.79930569 34770
IRIDE FM3
1 66697U 25276AH  26208.21558466  .00008177  00000-0  36783-3 0  9994
2 66697  97.4172 281.3768 0002784 139.6927 220.4516 15.21361593 36521
AETHER-3
1 67374U 26004M   26208.43947359  .00000785  00000-0  91639-4 0  9993
2 67374  97.8024 206.4064 0004144  24.5819 335.5594 14.87938452 29289
IRS 1B
1 21688U 91061A   26208.04840455 -.00000070  00000-0 -16213-4 0  9996
2 21688  99.4128 216.9904 0023403 254.7082 117.0309 13.97882631674063
COSMOS 874
1 09591U 76118D   26208.33865924 -.00000011  00000-0  32999-4 0  9994
2 09591  74.0288 184.2526 0033382 331.6346  97.6721 12.44004133253990
TOMORROW-S10
1 67398U 26004AM  26208.41793867  .00004359  00000-0  20622-3 0  9994
2 67398  97.4592 207.1677 0005791 184.6243 175.4940 15.19883437 29876
POPACS 2
1 39269U 13055E   26208.42170118  .00024858 -83074-6  40675-3 0  9996
2 39269  80.9907  98.1098 0413233  64.6723 299.6691 14.92492810669219
COSMOS 546
1 06350U 73005A   26208.67113645  .00002094  00000-0  82456-4 0  9994
2 06350  50.6362 323.2720 0014686  89.1617 271.1033 15.30295863949421
YUBELEINY
1 32953U 08025A   26208.49846566 -.00000076  00000-0 -62025-3 0  9996
2 32953  82.5066 330.3651 0018991 220.8779 139.0877 12.43180865824709
HULIANWANG DIGUI-111
1 66921U 25285G   26208.79799766 -.00000120  00000-0  89179-5 0  9997
2 66921  50.0143   0.2662 0000835  82.9044 277.1923 13.29326161 31467
PNEO4
1 49070U 21073E   26208.46872238 -.00000264  00000-0 -26881-4 0  9994
2 49070  97.8947 282.6519 0001408  96.4837 263.6537 14.81672033267337
KUIPER-00286
1 68590U 26072T   26208.45295837  .00002660  00000-0  41056-3 0  9999
2 68590  51.9023 352.4751 0001941 185.1272 174.9669 14.76307345 17435
TSX-5
1 26374U 00030A   26208.46760047  .00014699  00000-0  75031-3 0  9995
2 26374  68.9113 238.4943 0427796   7.5059 353.2203 14.62157883328440
YAOGAN-37
1 55244U 23006C   26208.50230792  .00004278  00000-0  22033-3 0  9991
2 55244  43.1961 259.2556 0017874 267.0345  92.8461 15.17530335196003
KUIPER-00259
1 67786U 26030Y   26208.58983211  .00000304  00000-0  68868-4 0  9997
2 67786  51.9007 299.4747 0000349 112.4810 247.6189 14.79926410 26102
COSMOS 1506
1 14450U 83108A   26208.58572861  .00000065  00000-0  51336-4 0  9997
2 14450  82.9274 241.5094 0041471 247.5863 277.9443 13.76544278963219
ONEWEB-0085
1 45438U 20020Q   26208.41598277 -.00000561  00000-0 -16184-2 0  9995
2 45438  87.8899  13.0566 0001818  92.2168 267.9168 13.11417635307946
MKA-FKI 1
1 38711U 12039E   26208.26817605  .00000117  00000-0  69137-4 0  9997
2 38711  98.9756 326.2207 0012253  56.5081 303.7267 14.25439972728557
YAOGAN-36 02A
1 54042U 22133A   26208.43161560  .00007627  00000-0  31564-3 0  9994
2 54042  35.0050 226.7258 0026411 212.4525 147.4566 15.22905829210893
COSMOS 1508
1 14483U 83111A   26208.48923200  .00005838  00000-0  36568-3 0  9995
2 14483  82.8814 217.6468 0671746 340.7509  16.9340 14.08019461127003
IRS P2
1 23323U 94068A   26208.16239697  .00000120  00000-0  71116-4 0  9994
2 23323  98.8915 259.2045 0001147  88.1858 271.9452 14.24677103650751
KUIPER-00135
1 65961U 25228Q   26208.05394699  .00012822  00000-0  17093-2 0  9996
2 65961  51.9013  94.4302 0000872 111.7819 248.3236 14.79893035 44000
IRIDIUM 36
1 24967U 97056C   26208.39734745  .00000385  00000-0  12076-3 0  9990
2 24967  86.3979   2.6269 0002355  97.7741 262.3724 14.37966793510442
ONEWEB-0544
1 55144U 23004E   26208.75105691  .00000025  00000-0  31236-4 0  9996
2 55144  87.9199 327.4033 0002133  99.8032 260.3341 13.18684909175041
GLOBAL-18
1 52196U 22034B   26208.50397464  .00022549  00000-0  43567-3 0  9990
2 52196  52.9811  63.7532 0004641  53.1414 307.0017 15.47713119243208
OPS 8314 (2)
1 06822U 72079C   26208.77826795  .00000017  00000-0  17884-3 0  9991
2 06822  95.6348  46.3350 0030041  11.3115   0.6369 12.55631615464807
IRAS
1 13777U 83004A   26208.15002329  .00000397  00000-0  29484-3 0  9999
2 13777  99.0617  29.4494 0018292 213.7264 146.2738 14.00949330891976
IRIS-F3
1 62619U 25009L   26208.67637871  .00010599  00000-0  39544-3 0  9995
2 62619  97.4031 289.2113 0006894 167.0930 193.0487 15.27568710 85006
KUIPER-00151
1 65771U 25217K   26208.84142319 -.00001924  00000-0 -22347-3 0  9992
2 65771  51.9007 143.3672 0000824  88.2984 271.8073 14.79930134 45636
GONETS M 09 (M19)
1 40062U 14036B   26208.49563685 -.00000098  00000-0 -77679-3 0  9998
2 40062  82.5109 282.6235 0024177  69.7376 290.6300 12.42951632547467
QIANFAN-47
1 62248U 24232M   26208.44889677  .00000057  00000-0  69753-4 0  9992
2 62248  89.0079  18.4389 0012828 261.6046  98.3651 13.51022580129850
THEOS
1 33396U 08049A   26208.48087650  .00000355  00000-0  18626-3 0  9990
2 33396  98.5556 264.4511 0001126  93.2525 266.8781 14.20139301923683
ICEYE-X66
1 66301U 25248J   26208.54903690  .00003388  00000-0  22498-3 0  9991
2 66301  45.4015 280.8832 0006084 255.5490 104.4717 15.09250117 41602
STARLING 4
1 57386U 23100A   26208.49113066  .00002278  00000-0  15865-3 0  9990
2 57386  99.5097 235.6304 0006093 351.3761   8.7354 15.06885379165974
COSMOS 1290
1 12639U 81074D   26208.36052270 -.00000025  00000-0 -58757-4 0  9999
2 12639  74.0326 166.7271 0014351 119.8563 314.2685 12.52835626 56697
CP4
1 31132U 07012Q   26208.92748171  .00000876  00000-0  16123-3 0  9994
2 31132  98.4398 194.9770 0070674 195.2384 164.6691 14.66709344 26326
HST
1 20580U 90037B   26208.88461604  .00006726  00000-0  20937-3 0  9994
2 20580  28.4723 162.3260 0001687 236.6558 123.3877 15.31178801794815
COSMOS 516
1  6154U 72066A   26208.92191382 -.00000059  00000-0  29466-4 0  9996
2  6154  64.8105  85.1443 0053124  80.8425 279.8635 13.77813680713532
ONEWEB-0659
1 54678U 22166AN  26208.06024434  .00000019  00000-0  14329-4 0  9991
2 54678  87.9225 236.0510 0002081  92.8633 267.2739 13.21824908176798
ONEWEB-0342
1 49208U 21083Y   26208.19893036  .00000151  00000-0  33954-3 0  9998
2 49208  87.9173 266.4632 0002144  98.0987 262.0389 13.20769958242065
SDA_1664
1 65974U 25230A   26208.61826994  .00000189  00000-0  17337-3 0  9998
2 65974  81.3000 175.1575 0001379 106.4201 253.7104 13.79062275 39343
COSMOS 1034
1 11042U 78091A   26208.25008395 -.00000026  00000-0 -59195-4 0  9996
2 11042  74.0357 146.3071 0037747 336.4415 175.2497 12.53201236187266
COSMOS 2091
1 20736U 90070B   26208.71027677  .00000012  00000-0  53772-5 0  9991
2 20736  82.5802 302.2984 0003859  37.5221 130.0328 12.62560885657422
OPS 7898 (P/L 2)
1 05680U 71110C   26208.26019369 -.00000004  00000-0  48807-4 0  9999
2 05680  69.9897 280.2216 0005691 131.8823 228.2758 13.74761664353726
COSMOS 332
1 04369U 70028A   26208.41670943  .00000244  00000-0  65704-4 0  9997
2 04369  74.0346 188.8214 0004984  28.3029 331.8403 14.53211085973943
FLOCK 4Q 35
1 58309U 23174BF  26208.50118169  .00130248  00000-0  13653-2 0  9999
2 58309  97.3857 302.2288 0003238 311.5812  48.5169 15.63965663152098
PTD-4
1 60565U 24149DB  26208.22218688  .00023129  00000-0  96804-3 0  9994
2 60565  97.6963 298.0850 0002216 226.0401 134.0653 15.23570077106918
METEOR 3-3
1 20305U 89086A   26208.58856677 -.00000719  00000-0 -22732-2 0  9998
2 20305  82.5491  79.0486 0007905  67.8782 307.1876 13.04703704751884
KOMPSAT 2
1 29268U 06031A   26208.53533669 -.00000034  00000-0  20529-5 0  9996
2 29268  97.8318  31.0329 0013286 309.8453 134.8943 14.64680635 67384
COSMOS 1743
1 16719U 86034A   26208.26669997  .00058312  00000-0  46688-3 0  9991
2 16719  82.5266 285.9999 0005260 140.6922 219.4723 15.70820180202074
FENGYUN 3D
1 43010U 17072A   26208.52930499 -.00000072  00000-0 -12257-4 0  9996
2 43010  99.0153 183.6862 0000875 345.9858  14.1293 14.19746560450713
ISS (ZARYA)
1 25544U 98067A   26208.37844919  .00011554  00000-0  21591-3 0  9990
2 25544  51.6322 101.1989 0007008 342.7043  17.3706 15.49203967577984
QIANFAN-201
1 69800U 26153A   26208.47637853  .00000459  00000-0  20077-3 0  9998
2 69800  88.9935 357.6357 0009114 140.9449 219.2402 14.22099785  3290
LEMUR 2 PETERG
1 42841U 17042S   26208.46019539  .00026484  00000-0  76840-3 0  9990
2 42841  97.3995  33.6058 0004165 174.9640 185.1646 15.35489271494615
IRIDIUM 152
1 43479U 18047D   26208.56757212  .00000043  00000-0  81964-5 0  9990
2 43479  86.3922  71.4419 0002060  85.8338 274.3094 14.34217735428277
COSMOS 1323
1 12978U 81116D   26208.62517419 -.00000024  00000-0 -75047-4 0  9992
2 12978  73.9856 322.9158 0089804 169.4598 203.3162 12.29207843  4030
PROVES-ELECTRA
1 69799U 98067YP  26208.09665056  .00046785  00000-0  78034-3 0  9990
2 69799  51.6318 102.3191 0009212 342.4437  17.6232 15.51456093  3838
INDEX
1 28810U 05031B   26208.71832506  .00004785  00000-0  28763-3 0  9991
2 28810  98.0182 334.6600 0018544 337.4415  22.5996 15.11259354137112
KUIPER-00072
1 64819U 25151D   26208.49814213 -.00001786  00000-0 -20530-3 0  9999
2 64819  51.9028  24.8045 0001279 117.2475 242.8618 14.79923991 56257
ONEWEB-0257
1 48975U 21060J   26208.45715882 -.00000012  00000-0 -64552-4 0  9991
2 48975  87.9077 220.7711 0002086  95.1841 264.9528 13.16594495244886
NIMBUS 4
1 04362U 70025A   26208.27481568 -.00000029  00000-0  27274-4 0  9996
2 04362  99.9583 128.9900 0006670 259.8577 214.3071 13.44756995762232
COSMOS 2392
1 27470U 02037A   26208.33827479 -.00000287  00000-0 -14347-2 0  9993
2 27470  63.4006 328.9080 0623100 359.4384  26.9486 12.06806253 58145
COSMOS 1722
1 16455U 86002G   26208.36724749  .00000003  00000-0  12002-3 0  9998
2 16455  73.9880  84.0992 0045415  78.1930  37.2195 12.54043161856099
COSMOS 1190
1 11869U 80056A   26208.30098016  .00000120  00000-0  51733-4 0  9995
2 11869  74.0481 322.6085 0013059 158.9262 201.2431 14.34664961386046
RADIO 2
1 11086U 78100C   26208.47794885 -.00000014  00000-0 -29508-3 0  9996
2 11086  82.5492  21.5287 0011778 246.1574 141.1489 11.96754277 85736
DS-EO
1 52935U 22072A   26208.65328366  .00004748  00000-0  20896-3 0  9995
2 52935   9.9908 240.9650 0003454 202.3518 157.6547 15.14136073224659
BRO-13
1 59107U 24043K   26208.54140440  .00000670  00000-0  63950-4 0  9995
2 59107  97.8543 339.7002 0007971 217.1717 142.8953 14.96679697130655
GLOBALSTAR M081
1 37743U 11033E   26208.67279057 -.00000083  00000-0  11429-3 0  9995
2 37743  51.9961  72.3768 0000842  73.9759 320.3361 12.62265544695054
SJ-16
1 39358U 13057A   26208.52160237  .00000952  00000-0  94908-4 0  9998
2 39358  74.9732 280.2872 0015235 134.6807 225.5626 14.92699233692368
SUPERVIEW-1 03
1 43099U 18002A   26208.51827572  .00019774  00000-0  46997-3 0  9997
2 43099  97.3129 293.3277 0045706  37.4567 322.9849 15.40583183474577
HAWK-8C
1 59449U 24066H   26208.62501746  .00001381  00000-0  13009-3 0  9997
2 59449  45.6082  68.5500 0003129 275.3082  84.7442 14.99309868125895
SUPERVIEW NEO-1 02
1 52322U 22043C   26208.48851546  .00005339  00000-0  27509-3 0  9990
2 52322  97.3389 279.9916 0002430 146.6875 213.4512 15.16790411235681
MUSAT2
1 59099U 24043B   26208.37855566  .00006858  00000-0  43717-3 0  9990
2 59099  97.8647 347.9923 0007111 185.6985 174.4163 15.09046075131158
COSMOS 2058
1 20465U 90010A   26208.63400262  .00002755  00000-0  15775-3 0  9995
2 20465  82.4681 269.4633 0009241 202.9336 157.1483 15.12219393963386
YUNYAO-1 18
1 58758U 24009A   26208.49899944  .00014784  00000-0  60691-3 0  9991
2 58758  50.0209 315.4677 0004182  80.4542 279.6886 15.24366950140992
COSMOS 1083
1 11298U 79024C   26208.31106715 -.00000016  00000-0 -12610-6 0  9990
2 11298  74.0327 172.6678 0015255 244.1276 268.2641 12.52617230165906
RUNNER-1 (TYVAK-1005)
1 56953U 23084X   26208.33815444  .00010641  00000-0  28260-3 0  9998
2 56953  97.6283 351.9934 0008437 161.5122 198.6430 15.38435966173775
SSU 1
1 08835U 76038C   26208.57100414 -.00000032  00000-0  38785-4 0  9999
2 08835  63.3615 151.5365 0378764 180.4285 179.6494 13.83118066364403
AISSAT 1
1 36797U 10035C   26208.70402994  .00001714  00000-0  15238-3 0  9999
2 36797  98.0873 109.3718 0007746 287.1856  72.8516 14.97516388870285
ONEWEB-0330
1 49108U 21075AK  26208.65933700  .00000058  00000-0  11635-3 0  9990
2 49108  87.9166 357.8311 0001869  89.8947 270.2399 13.17646847238954
TIUNGSAT 1
1 26548U 00057D   26208.38464964  .00002318  00000-0  18692-3 0  9992
2 26548  64.5481 357.6582 0044351 285.9157  73.7073 15.01801708402267
COSMOS 1999
1 19790U 89009F   26208.27028264  .00000009  00000-0 -90401-5 0  9990
2 19790  82.6205 301.1339 0020652 129.7398 284.7385 12.65751589730326
ONEWEB-0649
1 55812U 23029S   26208.64444024  .00000046  00000-0  83046-4 0  9998
2 55812  87.9182 296.9178 0002205 105.0290 255.1087 13.19724388164269
VEGA
1 68430U 26067Q   26208.61935987  .00008566  00000-0  40555-3 0  9995
2 68430  97.4510 166.5604 0002228 103.8781 256.2701 15.19583675 18089
QIANFAN-152
1 69111U 26108H   26208.44280896  .00000034  00000-0  34136-4 0  9992
2 69111  89.0109  18.0001 0019221 355.1165   4.9795 13.49894865  9884
COSMOS 718
1 07685U 75016H   26208.57863809 -.00000028  00000-0 -75358-4 0  9993
2 07685  74.0031 165.3963 0039127 324.7628 155.4870 12.51395411348445
ONEWEB-0670
1 55829U 23029AK  26208.63084097 -.00000079  00000-0 -24726-3 0  9992
2 55829  87.8947 281.6790 0001850 110.0402 250.0927 13.14504433164744
ISS (NAUKA)
1 49044U 21066A   26208.37844919  .00011554  00000-0  21591-3 0  9996
2 49044  51.6322 101.1989 0007008 342.7043  17.3706 15.49203967577705
CORVUS BC4
1 43767U 18099K   26208.07763036  .00004599  00000-0  26556-3 0  9998
2 43767  97.4048 249.8920 0007358 212.2968 147.7814 15.12781167418439
COSMOS 682
1 07440U 74072F   26208.42515113  .00000011  00000-0  17584-3 0  9995
2 07440  74.0320 217.5017 0009290 344.4161  84.5395 12.51300116368516
COSMO
1 68460U 26067AW  26208.19156789  .00010625  00000-0  51633-3 0  9994
2 68460  97.4503 165.9071 0003865 305.9956  54.0920 15.18609146 18002
ONEWEB-0300
1 49089U 21075Q   26208.81496923  .00000296  00000-0  78803-3 0  9991
2 49089  87.8988 342.5830 0001535 105.1609 254.9690 13.12444333240538
COSMOS 2582
1 62903U 25026B   26208.71393160  .00001227  00000-0  10962-3 0  9996
2 62903  81.9940  33.1369 0008436 286.4393  73.5899 14.95168889 80260
ALOS
1 28931U 06002A   26208.58857987  .00001257  00000-0  21736-3 0  9993
2 28931  98.1345 164.0372 0001227 113.4172 246.7163 14.70125645 94039
ION SCV-017
1 63230U 25052W   26208.63942076  .00004408  00000-0  16275-3 0  9993
2 63230  97.3859 103.4687 0019902 266.4991  93.3972 15.28102009 76211
OSCAR 25
1 19419U 88074A   26208.43789281  .00000083  00000-0  12893-3 0  9998
2 19419  90.0407  21.1159 0094743 320.4255  55.9273 13.42663559856827
KUIPER-00031
1 63744U 25088W   26208.81851435  .00000353  00000-0  75309-4 0  9999
2 63744  51.9003 195.9351 0001265  64.6473 295.4620 14.79913631 68300
HULIANWANG DIGUI-50
1 65107U 25168B   26208.52449347 -.00000086  00000-0  82013-4 0  9990
2 65107  49.9982 181.1296 0008754 213.8287 146.2027 13.29322500 48051
ONEWEB-0184
1 48211U 21031B   26208.18999341  .00000251  00000-0  64168-3 0  9991
2 48211  87.8964 281.7323 0002803 104.6795 255.4646 13.14503029253540
TIANQI 35
1 62367U 24245C   26208.25836857  .00000001  00000-0  88673-4 0  9990
2 62367  44.9840 143.4275 0009226 199.3639 160.6844 13.99204317 81951
FENGYUN 3C
1 39260U 13052A   26208.46894572  .00000091  00000-0  67692-4 0  9998
2 39260  98.5020 180.5008 0013427 267.7182  92.2455 14.15763055664266
TIANQI 39
1 67478U 26010C   26208.48529891  .00000027  00000-0  10630-3 0  9997
2 67478  44.9789 258.3726 0014410 187.0330 173.0302 13.99223942 27098
LEMUR 2 SEJONG-2
1 64586U 25135BL  26208.54754903  .00005129  00000-0  45045-3 0  9998
2 64586  97.7731 323.3058 0004658 169.1033 191.0290 14.97013671 59987
AETHER-9
1 67380U 26004T   26208.72904096  .00002978  00000-0  34467-3 0  9994
2 67380  97.8019 206.5007 0002913  85.3341 274.8207 14.86257734 29300
IOD1_STARTICAL
1 63212U 25052C   26208.23052018  .00099801  00000-0  12793-2 0  9998
2 63212  97.3764 111.2511 0002697 125.5588 234.5920 15.58825690 76717
GONETS-M 24
1 54151U 22139B   26208.48428819  .00000008  00000-0 -14315-4 0  9992
2 54151  82.5008 322.2861 0017620 142.4587 217.7726 12.42892647170658
COSMOS 716
1  7683U 75016F   26208.47756579  .00000013  00000-0  20688-3 0  9992
2  7683  73.9999 220.5589 0021812 177.4482 349.7799 12.42448983331673
COSMOS 689
1 07476U 74079A   26208.31541019  .00000041  00000-0  28804-4 0  9994
2 07476  82.9447 147.2166 0030565  14.2359 149.1381 13.72369845591875
TIANZHOU 10
1 69049U 26102A   26208.71262562  .00019844  00000-0  25636-3 0  9999
2 69049  41.4686  75.9459 0001215 307.6750  52.3978 15.58480055299189
COSMOS 1560
1 14999U 84052B   26208.54208433  .00000006  00000-0  14771-3 0  9997
2 14999  74.0111  48.7331 0013892 318.7324  69.2684 12.46118757917863
YAOGAN-40 02B
1 63919U 25096B   26208.51972884  .00000154  00000-0  73175-4 0  9999
2 63919  85.9975 169.8710 0002464  80.4934 279.6528 14.12455654 62261
COSMOS 680
1 07438U 74072D   26208.11025649  .00000005  00000-0  14513-3 0  9990
2 07438  74.0340  75.5750 0015582  49.8620  24.3038 12.46645240359664
HJS-8A
1 68687U 26078A   26208.52232345  .00000053  00000-0  89447-4 0  9996
2 68687  86.4988 268.8432 0001844 108.0851 252.0484 13.24413694 14314
CANX-2
1 32790U 08021H   26208.35962424  .00004497  00000-0  31382-3 0  9999
2 32790  97.8664 188.9316 0008620 268.6064  91.4174 15.05877651990859
FENGYUN 1A
1 19467U 88080A   26208.13802954  .00000220  00000-0  16867-3 0  9996
2 19467  99.0234 261.1573 0013436 230.4353 129.5627 14.03548376939507
ORBCOMM FM 1
1 23545U 95017A   26208.25328874  .00005784  00000-0  51862-3 0  9997
2 23545  69.9607 138.8721 0001413  17.8918 342.2289 14.96284718672983
COSMOS 2069
1 20554U 90029F   26208.54523001  .00000010  00000-0  16320-3 0  9990
2 20554  73.9805  69.0357 0022175 218.3365 150.5552 12.54542664662753
COSMOS 1328
1 12987U 81117A   26208.03127206  .00010534  00000-0  29482-3 0  9995
2 12987  82.4873 208.5463 0011523  52.4822 307.7467 15.36430369435437
COSMOS 1266
1 12409U 81037A   26208.38397520 -.00000052  00000-0  31443-4 0  9997
2 12409  64.7596 207.3937 0051110 263.9078  95.6159 13.90617434298270
ONEWEB-0199
1 48234U 21031AA  26208.22329304 -.00000109  00000-0 -32912-3 0  9993
2 48234  87.8967 281.7228 0001906 101.6766 258.4578 13.14502833253527
ORBASTRO-PC-1
1 58258U 23174C   26208.48948727  .00026935  00000-0  47108-3 0  9990
2 58258  97.3773 295.4511 0005634  34.1299 326.0313 15.50598228151717
CELESTIS 17/SHERPA-FX1
1 47486U 21006CB  26208.50166855  .00006101  00000-0  19626-3 0  9997
2 47486  97.2235 248.6054 0007998  63.3062 296.8998 15.32565269305475
CSC-2
1 58021U 23155F   26208.49776218  .00010903  00000-0  47334-3 0  9991
2 58021  97.5417 285.2829 0006439  98.7273 261.4693 15.22483108154314
HULIANWANG DIGUI-93
1 66001U 25231G   26208.48628821 -.00000098  00000-0  55546-4 0  9990
2 66001  50.0033  30.9060 0000409  21.4176 338.6713 13.29328431 38253
CHUANG XIN 1-02(CX-1-02)
1 33434U 08056B   26208.52583388  .00000368  00000-0  15898-3 0  9997
2 33434  98.6133 234.3882 0014842  26.4632 333.7305 14.30161805924380
TOMORROW-S7
1 63631U 25081B   26208.62158751  .00001713  00000-0  15500-3 0  9994
2 63631  45.3930 125.8564 0001126 136.3700 223.7268 14.99728947 69247
ONEWEB-0353
1 49282U 21090D   26208.24866416 -.00000080  00000-0 -24999-3 0  9998
2 49282  87.8960 281.7233 0002102 105.5469 254.5893 13.14503328232841
CONNECTA IOT-3
1 60475U 24149H   26208.43978779  .00004321  00000-0  18215-3 0  9994
2 60475  97.3725 283.7954 0004620 114.3171 245.8549 15.23837986107934
COSMOS 1354
1 13148U 82037A   26208.51350764  .00000122  00000-0  54381-4 0  9996
2 13148  74.0373  32.0075 0009537 196.7347 163.3491 14.32820886310835
FLOCK 4BE 31
1 60488U 24149W   26208.76102140  .00022953  00000-0  47769-3 0  9992
2 60488  97.3796 294.6898 0004208 122.0910 238.0748 15.45618397108644
FLOCK 4Q 4
1 58327U 23174BZ  26208.70158012  .00023690  00000-0  41817-3 0  9998
2 58327  97.3830 297.3593 0004567  35.2019 324.9533 15.50367007151838
KHAYYAM
1 53370U 22096A   26208.49032470  .00004981  00000-0  19566-3 0  9996
2 53370  97.3402 111.9972 0001323  99.0495 261.0893 15.26143612220734
GAOFEN 2
1 40118U 14049A   26208.51367322  .00000418  00000-0  60975-4 0  9993
2 40118  98.0095 272.6778 0008758 100.7154 259.5044 14.80941989645201
USA 60
1 20682U 90050B   26208.13580011  .00008770  00000-0  56367-3 0  9991
2 20682  63.2951  99.1423 0873375  83.7091 286.2578 13.66518633109319
KUIPER-00170
1 65783U 25217X   26208.84680947  .00004279  00000-0  59001-3 0  9990
2 65783  51.8981 138.2988 0000821  90.7443 269.3613 14.79931218 45701
COSMOS 1475
1 14173U 83069C   26208.40239677 -.00000009  00000-0  44886-4 0  9992
2 14173  74.0254 100.1221 0021597  21.0465  98.0909 12.54581355972034
YAOGAN-39 01C
1 57731U 23130E   26208.47877686  .00004958  00000-0  24898-3 0  9993
2 57731  34.9928 261.1859 0009846 315.3794  44.6126 15.16648092161587
DUBAISAT 1
1 35682U 09041B   26208.31253035  .00000939  00000-0  14654-3 0  9992
2 35682  98.0098 341.1426 0009184 306.4762  53.5600 14.75184188911019
FLOCK 4Q 31
1 58285U 23174AF  26208.22237944  .00133431  00000-0  12917-2 0  9993
2 58285  97.3893 302.1202 0003060 302.7626  57.3339 15.65971572152033
YUNHAI 2-2A
1 59280U 24052A   26208.55377495  .00000046  00000-0  82925-4 0  9990
2 59280  50.0093 271.6450 0011798 286.3789  73.5828 14.27972677103994
COSMOS 2467
1 37152U 10043A   26208.47745062  .00000061  00000-0  37192-3 0  9991
2 37152  82.4548  39.8077 0001713  68.2441 304.7849 12.42987144720514
KOMPSAT 3A
1 40536U 15014A   26208.52491843  .00034823  00000-0  46683-3 0  9993
2 40536  97.6893 202.9025 0053934  31.9520 328.4986 15.56125445628088
ONEWEB-0423
1 51627U 22012F   26208.39088812  .00000022  00000-0  24561-4 0  9991
2 51627  87.9162 357.8679 0001683  94.8894 265.2429 13.17648481218993
VSP RF C1
1 59136U 24043AQ  26208.55971206  .00004609  00000-0  16420-3 0  9995
2 59136  97.5654 347.1479 0007079  94.9200 265.2848 15.29432684133257
ONEWEB-0006
1 44061U 19010E   26208.19703413  .00000132  00000-0  31601-3 0  9992
2 44061  87.8984 251.2159 0002143  93.8575 266.2801 13.15547386356689
USA 62
1 20692U 90050D   26208.10226518  .00008386  00000-0  57629-3 0  9993
2 20692  63.2951 101.6106 0871930  85.4621 284.5371 13.65178846110164
GEESAT 3-03
1 61013U 24159C   26208.48209071  .00001879  00000-0  24819-3 0  9993
2 61013  49.9929 255.1175 0006004 280.2137  79.8124 14.84368228102824
YAOGAN-30 Q
1 44451U 19045C   26208.58777255  .00002982  00000-0  22012-3 0  9992
2 44451  34.9938  83.2344 0001117 289.0656  70.9931 15.02852794382630
TIANHUI 6A
1 55836U 23030A   26208.49140652 -.00000200  00000-0 -10358-3 0  9998
2 55836  99.0141 216.2351 0000585 262.1537  97.9561 14.01349555173046
ORBCOMM FM 108
1 41187U 15081J   26208.41942110  .00000697  00000-0  18332-3 0  9998
2 41187  47.0063 351.9721 0001836  12.9488 347.1444 14.58925859565954
PRISMA (MANGO)
1 36599U 10028B   26208.79424692  .00000405  00000-0  93912-4 0  9991
2 36599  98.0170  46.9945 0054091  79.5360 281.1929 14.59166425855097
USA 24
1 18010U 87043F   26208.52772051  .00005845  00000-0  35241-3 0  9999
2 18010  63.2950 245.9876 0782085 105.3729 263.5050 13.87360663351053
ONEWEB-0308
1 49094U 21075V   26208.32111200 -.00000431  00000-0 -12343-2 0  9994
2 49094  87.8989 342.6834 0001845  97.8307 262.3031 13.12442427239820
MAGION 2
1 20281U 89080B   26208.64619477  .00000982  00000-0  28626-3 0  9996
2 20281  82.6059 345.9018 1171335 221.5969 129.0055 12.63042955687189
ONEWEB-0027
1 45432U 20020J   26208.81093990  .00000025  00000-0  31800-4 0  9992
2 45432  87.9164 357.7855 0002110  89.9331 270.2042 13.17649265311705
YAOGAN-32 B
1 43643U 18077B   26208.53842785  .00000870  00000-0  17803-3 0  9990
2 43643  98.1474 236.5526 0007331  91.9535 268.2507 14.63220902415739
IRIDIUM 139
1 42963U 17061J   26208.44655253  .00000193  00000-0  61810-4 0  9994
2 42963  86.3981   8.4848 0002251  91.4206 268.7248 14.34220680460619
OPS 7613 (P/L 3)
1  4259U 69082D   26208.56063975  .00000027  00000-0  58861-4 0  9995
2  4259  70.0145  49.4805 0018094  97.1662 293.4340 13.95128720987313
QIANFAN-146
1 69105U 26108B   26208.86352953 -.01997011  00000-0 -24714+1 0  9995
2 69105  89.0108  17.8334 0021554   3.3662 356.7640 13.68926737 10017
HULIANWANG DIGUI-44
1 65047U 25162E   26208.50402016 -.00000094  00000-0  65084-4 0  9995
2 65047  50.0013 121.0913 0001444  13.7081 346.3830 13.29319240 48736
TIANQI 28
1 59912U 24102D   26208.47711264  .00000137  00000-0  18203-3 0  9993
2 59912  44.9790  82.3943 0011614  76.9847 283.2282 13.99178099110548
COSMOS 2614
1 68764U 26083K   26208.66481361  .00003036  00000-0  21310-3 0  9995
2 68764  97.7826 346.2297 0005302 233.0081 127.0660 15.05930714 15296
SKYCRAFT 4D
1 64898U 25154K   26208.63117127  .00006919  00000-0  61159-3 0  9998
2 64898  97.6654 271.9784 0005674 117.6224 242.5574 14.96625278 53341
SJ-9A
1 38860U 12056A   26208.51211336  .00001328  00000-0  15869-3 0  9995
2 38860  97.6741 179.0137 0026838 122.6816 237.6993 14.85552630705574
COSMOS 860
1 09486U 76103A   26208.10400034 -.00000082  00000-0  76350-5 0  9991
2 09486  64.7007 109.2259 0065866 205.2107 154.5730 13.81417224888450
COSMOS 1038
1 11047U 78091E   26208.40026946 -.00000011  00000-0  34993-4 0  9992
2 11047  74.0351 100.6708 0005646  74.9742  44.8865 12.45934828765842
KUIPER-00225
1 67784U 26030W   26208.62361157  .00003664  00000-0  50929-3 0  9999
2 67784  51.8990 299.4240 0000409  96.1950 263.9059 14.79941895 26109
ONEWEB-0035
1 45143U 20008N   26208.46595232 -.00000220  00000-0 -66638-3 0  9999
2 45143  87.8822  28.2414 0001853  91.2303 268.9037 13.10374629313211
KUIPER-00451
1 68945U 26098AC  26208.86823119  .00213542  00000-0  28287-1 0  9998
2 68945  51.8971 243.2662 0000797 278.0488  82.0383 14.78213125 13439
KUIPER-00503
1 68884U 26095W   26208.58467213 -.00000377  00000-0 -20486-4 0  9993
2 68884  51.8984  69.5077 0000917 106.0248 254.0815 14.79931857 13635
PICOSAT 6
1 26094U 00004M   26208.50874560  .00000722  00000-0  21263-3 0  9996
2 26094 100.2162 233.8517 0032474  70.1210 290.3471 14.47343290391067
TIANQI 20
1 64061U 25105D   26208.50586372 -.00000065  00000-0  43530-4 0  9995
2 64061  44.9836 202.6650 0010591 223.6997 136.2998 13.99150364 60856
LEMUR-2 HCS-BAZUS
1 67388U 26004AB  26208.44144289  .00003893  00000-0  40600-3 0  9994
2 67388  97.8037 206.9393 0001822   0.5529 359.5691 14.90339528 29300
HULIANWANG DIGUI-120
1 67060U 25295B   26208.51118478 -.00000069  00000-0  11899-3 0  9992
2 67060  50.0025 241.0235 0001194 239.2542 120.8212 13.29325330 30866
SNUGLITE
1 43784U 18099AC  26208.10152754  .00012439  00000-0  45780-3 0  9992
2 43784  97.3851 262.0046 0004400 131.2175 228.9444 15.27989649419411
FLOCK 4G 23
1 62647U 25009AQ  26208.22173367  .00047265  00000-0  13584-2 0  9997
2 62647  97.3923 289.9429 0003340 148.2065 211.9381 15.35661381 85062
KUIPER-00073
1 64820U 25151E   26208.54410696  .00003689  00000-0  51254-3 0  9993
2 64820  51.9004  44.6406 0000668 109.1088 250.9946 14.79937304 57163
HULIANWANG DIGUI-70
1 65230U 25178C   26208.53367903  .00000009  00000-0 -12151-4 0  9997
2 65230  86.4959 359.7508 0001811  89.3115 270.8227 13.24411917 45655
NUSAT-47
1 66743U 25276CF  26208.17675984  .00005857  00000-0  26955-3 0  9998
2 66743  97.4176 281.1532 0001634 164.2577 195.8709 15.20698593 36501
COSMOS 647
1  7271U 74024G   26208.48150763 -.00000020  00000-0 -27979-4 0  9998
2  7271  74.0180 119.3491 0038660 112.3116   0.2931 12.52876708390109
COSMOS 798
1  8614U 76008H   26208.52258281 -.00000028  00000-0 -97784-4 0  9992
2  8614  74.0554 143.8857 0047253 102.0338  17.0058 12.37760457281576
JIAOTONG VDES
1 54588U 22164A   26208.49918839  .00000308  00000-0  98284-4 0  9990
2 54588  98.2418 226.5618 0009380 197.2815 162.8059 14.46094516191908
KUIPER-00353
1 68865U 26095B   26208.02414861  .00003973  00000-0  54956-3 0  9993
2 68865  51.9002  59.4995 0001154 122.7967 237.3107 14.79959763 13724
FORGESTAR-1
1 64546U 25135U   26208.21136701  .00010799  00000-0  43785-3 0  9996
2 64546  97.4720 323.8695 0001841  82.1003 278.0443 15.24811219 61009
ONEWEB-0449
1 51642U 22012W   26208.49808648  .00000559  00000-0  15641-2 0  9998
2 51642  87.8820  28.2326 0001472  70.9745 289.1542 13.10370778214580
COSMOS 677
1  7435U 74072A   26208.49116036  .00000017  00000-0  19561-3 0  9990
2  7435  74.0335 259.5288 0044945 345.5081  77.7934 12.58030331381256
IRIDE-MS2-HEO-7
1 68981U 26100B   26208.22478739  .00001451  00000-0  15192-3 0  9993
2 68981  97.7311 104.8353 0005785  31.1307 329.0253 14.91107537 12663
LEMUR 2 NEUROSPICY
1 63355U 25061E   26208.35404635  .00004450  00000-0  24470-3 0  9997
2 63355  97.5645 183.8018 0018457 117.8904 242.4200 15.14454334 73697
KUIPER-00432
1 68937U 26098U   26208.50002315  .00025989  00000-0  20977-2 0  9992
2 68937  51.8882 238.0621 0011818 290.2065 236.9352 14.99632930  5362
SPRINT A
1 39253U 13049A   26208.48808327  .00000098  00000-0  47108-4 0  9998
2 39253  29.7219  15.1166 0136866 343.4735  16.1406 13.55547439636899
COSMOS 794
1  8610U 76008D   26208.49895345  .00000002  00000-0  11674-3 0  9995
2  8610  74.0547  34.1121 0026793 197.8105 188.9662 12.48158086300729
TANSTAAFL-2
1 62378U 24247B   26208.04433669  .00009073  00000-0  31367-3 0  9990
2 62378  44.9863  74.1449 0001418 199.2745 160.8085 15.30282342 89063
KUIPER-00300
1 68597U 26072AA  26208.41146448  .00002874  00000-0  43925-3 0  9999
2 68597  51.9038   7.3839 0001656 168.2476 191.8524 14.76501556 17227
GAOFEN 3
1 41727U 16049A   26208.53129980  .00000173  00000-0  65643-4 0  9995
2 41727  98.4025 215.7096 0001746  77.8697 282.2688 14.42220550524465
SDA_1676
1 65986U 25230N   26208.62521582  .00000052  00000-0  40051-4 0  9996
2 65986  81.3019 175.3976 0001828  77.8994 282.2364 13.78086796 39339
UNISAT 3
1 28373U 04025H   26208.27238556  .00000351  00000-0  10309-3 0  9995
2 28373  98.6945 219.3435 0064214 230.4721 129.0785 14.49106876164851
ONEWEB-0611
1 54674U 22166AJ  26208.52786356  .00000027  00000-0  33869-4 0  9995
2 54674  87.9228 235.9470 0002144  92.5726 267.5653 13.21824586176778
FLOCK 4H 22
1 66725U 25276BM  26208.19674174  .00007231  00000-0  33232-3 0  9994
2 66725  97.4162 281.0582 0001677 209.3013 150.8128 15.20665561 36508
COSMOS 2329
1 23791U 96009E   26208.72678490  .00000017  00000-0  36963-4 0  9996
2 23791  82.5742 299.9856 0008103 341.1829 186.2541 12.61705710401473
USA 25
1 18025U 87043H   26208.49670048  .00006888  00000-0  37258-3 0  9992
2 18025  63.2885 239.0718 0774096 104.2968 264.5242 13.91561897357485
YAM-8
1 63254U 25052AW  26208.68101575  .00005788  00000-0  35025-3 0  9991
2 63254  97.6887 110.4180 0002575  93.5882 266.5642 15.11022147 75384
COSMOS 2598
1 66648U 25273B   26208.29742335  .00000004  00000-0 -40326-4 0  9996
2 66648  82.5060 145.6292 0012266  95.6742 264.5737 12.42880951 30289
COSMOS 2400
1 27868U 03037A   26208.55948999 -.00000000  00000-0 -71272-4 0  9995
2 27868  82.4735 304.5373 0020695 329.4938  30.4938 12.45190906 42568
COSMOS 1603
1 15333U 84106A   26208.30957646 -.00000200  00000-0 -79301-4 0  9990
2 15333  71.0278 323.7778 0019789 187.0561 173.0286 14.14517093158412
YUNHAI 3-02
1 59343U 24058A   26208.54187038  .00000005  00000-0  25783-4 0  9991
2 59343  98.8217 215.8315 0000365 106.1098 254.0115 14.13328664120442
KUIPER-00127
1 65956U 25228K   26208.64210668  .00004006  00000-0  55402-3 0  9990
2 65956  51.9003  94.1926 0000842 111.4931 248.6121 14.79940237 44060
COSMOS 312
1 04254U 69103A   26208.49075111  .00000017  00000-0  82523-4 0  9992
2 04254  74.0220  13.9421 0023467 244.7673 144.3403 13.27212743744991
SJ-30A
1 66545U 25266A   26208.59677064  .00008775  00000-0  47237-3 0  9992
2 66545  51.7989 350.1163 0007041  26.6516 333.4821 15.15544850 37983
QIANFAN-10
1 60388U 24140K   26208.54388034  .00000097  00000-0  13205-3 0  9999
2 60388  88.9738 275.1843 0012961 233.5500 126.4457 13.51023950 98080
FIRESAT0
1 63256U 25052AY  26208.21550277  .00000866  00000-0  88649-4 0  9992
2 63256  97.6913  98.5036 0002191  99.1481 260.9986 14.93002704 74567
QIANFAN-108
1 66050U 25233T   26208.04877862  .00000069  00000-0  88451-4 0  9997
2 66050  88.9982  39.1406 0002196  82.3598 277.7802 13.51016933 38577
EGYPTSAT A
1 44047U 19008A   26208.51183344  .00000606  00000-0  10362-3 0  9991
2 44047  98.0180 272.7291 0001781  87.7799 272.3612 14.72347838399170
COSMOS 2066
1 20551U 90029C   26208.60698219  .00000020  00000-0  21163-3 0  9990
2 20551  73.9799 256.6581 0049300  22.6082  51.4038 12.59714057669641
ONEWEB-0161
1 48053U 21025M   26208.69540785 -.00000277  00000-0 -79457-3 0  9995
2 48053  87.8991 312.1635 0002046  93.6244 266.5119 13.13468198258824
GEESAT 6-05
1 65717U 25214F   26208.93700431  .00001787  00000-0  24217-3 0  9997
2 65717  49.9796 119.4821 0012921   8.2589 351.8559 14.83486373 45557
BEIJING 3B
1 53587U 22103A   26208.51941426  .00001115  00000-0  13021-3 0  9994
2 53587  97.8002 285.2273 0023674 278.6841  81.1693 14.86956476213081
QIANFAN-32
1 61565U 24185P   26208.50270904  .00000157  00000-0  22555-3 0  9993
2 61565  88.9824  57.6866 0011196 124.1684 236.0530 13.50795943 98659
UNISAT 6
1 40012U 14033C   26208.40425012  .00002248  00000-0  24441-3 0  9998
2 40012  97.7919   0.4233 0043451 296.5404  63.1362 14.88412448652143
COSMOS 1564
1 15003U 84052F   26208.74722207 -.00000017  00000-0 -66536-5 0  9998
2 15003  74.0128 123.5372 0033429 246.0513 141.4966 12.53586008929355
TIANMU-1 13
1 58647U 23205C   26208.48780806  .00005741  00000-0  21796-3 0  9996
2 58647  97.3460 229.4473 0007252 167.7509 192.3908 15.27198914143651
ONEWEB-0165
1 48233U 21031Z   26208.61972514 -.00000218  00000-0 -62387-3 0  9992
2 48233  87.8958 281.6555 0002409  94.8936 265.2469 13.14504429253673
HEAD-3C
1 57628U 23121C   26208.62547464  .00001056  00000-0  23862-3 0  9999
2 57628  44.9996  99.9583 0005354 118.7932 241.3464 14.62312967157651
STRAND 1
1 39090U 13009E   26208.43633813  .00000292  00000-0  11233-3 0  9999
2 39090  98.3940  27.6848 0009831 108.4259 251.7998 14.37185087702847
ICEYE-X34
1 58294U 23174AQ  26208.21747106  .00176447  00000-0  11682-2 0  9990
2 58294  97.3848 301.6050 0003204 245.3813 114.7118 15.75013396152022
ALEXIS
1 22638U 93026A   26208.37442473  .00000098  00000-0  55372-4 0  9996
2 22638  69.9189 204.7967 0056282 103.9255 256.8138 14.33679746115929
LUR-1
1 60506U 24149AQ  26208.45646183  .00007250  00000-0  24767-3 0  9995
2 60506  97.3730 287.0018 0005078 144.8677 215.2900 15.30588462108135
COSMOS 2056
1 20432U 90004A   26208.66601912  .00000112  00000-0  49040-4 0  9998
2 20432  74.0314  92.2302 0021551 141.8066 218.4618 14.34285568909532
EYESAT A
1 22825U 93061C   26208.13600653  .00000092  00000-0  52094-4 0  9995
2 22825  98.6859 275.5304 0008063 351.2303   8.8738 14.30951631712711
SHIJIAN 6 04B (SJ-6 04B)
1 37180U 10051B   26208.46520456  .00000436  00000-0  40604-4 0  9997
2 37180  97.8712 214.3063 0009189 175.7363 184.3940 14.99384137861714
COSMOS 1392
1 13379U 82073E   26208.23046535 -.00000006  00000-0  65266-4 0  9995
2 13379  74.0161 290.1239 0008918 124.8795 263.5748 12.49389735693624
FLOCK 4BE 23
1 60490U 24149Y   26208.70054139  .00015181  00000-0  39919-3 0  9996
2 60490  97.3775 291.3251 0005136 123.9294 236.2440 15.38663187108421
CONTINUUM-1
1 55045U 23001AN  26208.51144929  .00011381  00000-0  38196-3 0  9992
2 55045  97.3320 271.1232 0007306 275.7617  84.2792 15.31010293198425
WORLDVIEW 1
1 32060U 07041A   26208.52837889  .00006297  00000-0  25762-3 0  9990
2 32060  97.3910 327.7116 0002688 164.5162 195.6158 15.24679875 49022
KITSAT B
1 22828U 93061F   26208.13732968  .00000110  00000-0  58077-4 0  9991
2 22828  98.6835 275.5155 0008687 291.5024  68.5233 14.31807839681528
LEMUR 2 JOHNNYTRUONG
1 59146U 24043BA  26208.38236445  .00043978  00000-0  47587-3 0  9996
2 59146  97.5395   2.6737 0003321  50.5200 309.6351 15.63465457134316
ADEOS
1 24277U 96046A   26208.17462008  .00000099  00000-0  55488-4 0  9995
2 24277  98.7977 263.0278 0001562  40.2019 319.9279 14.30406813561382
FORMOSAT 3E
1 29051U 06011E   26208.77550639  .00000442  00000-0  17736-3 0  9992
2 29051  72.0016 218.3362 0065293  18.4328 341.9153 14.31566053 61075
COSMOS 1137
1 11545U 79084H   26208.39312597 -.00000007  00000-0  59227-4 0  9998
2 11545  74.0221 200.1656 0026005  51.5940  19.2769 12.43199061125526
STARLING 2
1 57387U 23100B   26208.55793312  .00003521  00000-0  24193-3 0  9992
2 57387  99.5090 235.7321 0005236   3.0630 357.0623 15.06873407165981
MARINA
1 69920U 26156BD  26208.19383667  .00002711  00000-0  27286-3 0  9996
2 69920  97.7518 108.3273 0009146  88.6959 271.5308 14.91992042  2968
ORBCOMM FM 117
1 41188U 15081K   26208.45374778  .00000680  00000-0  17996-3 0  9999
2 41188  47.0027 350.4341 0002240  23.6463 336.4525 14.58912706566004
COSMOS 831
1 08895U 76054G   26208.30513547 -.00000028  00000-0 -86702-4 0  9997
2 08895  74.0005 154.1022 0020065  72.7583  80.0410 12.43748261275283
ONEWEB-0380
1 49306U 21090AD  26208.67128164  .00000056  00000-0  10644-3 0  9996
2 49306  87.9184 296.9110 0001882  94.7570 265.3777 13.19727422231764
PROX-1
1 44339U 19036A   26208.21012468  .00012198  00000-0  11607-2 0  9992
2 44339  23.9924 206.7114 0006469 137.5743 222.5257 14.91475309379456
COSMOS 1040
1 11049U 78091G   26208.59903850 -.00000024  00000-0 -60904-4 0  9998
2 11049  74.0383 316.6693 0030481  11.6842 359.8562 12.40881380165841
ONEWEB-0635
1 56076U 23043AG  26208.15030641 -.00000056  00000-0 -18326-3 0  9990
2 56076  87.8982 251.2313 0001807  99.5386 260.5949 13.15548555161680
COSMOS 921
1 10095U 77055A   26208.72247861  .00000747  00000-0  66283-4 0  9991
2 10095  75.8318 114.9573 0036238 238.9929 120.7706 14.96821842660463
KUIPER-00090
1 64835U 25151V   26208.53729593 -.00000740  00000-0 -68049-4 0  9995
2 64835  51.8991  19.6915 0000612 111.0843 249.0185 14.79930690 56322
AFR-1
1 56964U 23084AJ  26208.48797171  .00004875  00000-0  17639-3 0  9992
2 56964  97.6319 346.1694 0010216 188.6492 171.4573 15.28871453173382
IRIDIUM 140
1 43252U 18030D   26208.25235461 -.00000026  00000-0 -16252-4 0  9994
2 43252  86.3945 273.6820 0002179  95.8427 264.3018 14.34217406435935
KUIPER-00065
1 64525U 25134AB  26208.40894755  .00004083  00000-0  56422-3 0  9994
2 64525  51.9046 342.8907 0000539 113.2952 246.8067 14.79937230 60646
WEINA 1B
1 43279U 18034E   26208.51342302 -.00000171  00000-0 -10722-3 0  9995
2 43279  63.3967 348.1295 0278497   7.9782 352.5538 13.45372949407631
ONEWEB-0653
1 55815U 23029V   26208.64828335  .00000221  00000-0  56197-3 0  9993
2 55815  87.8957 281.6470 0001938 100.2408 259.8940 13.14502549164714
GRUS-3A
1 69885U 26156S   26208.67035260  .00001246  00000-0  13011-3 0  9995
2 69885  97.7511 108.7783 0007364  77.1468 283.0573 14.91454706  3030
KUIPER-00038
1 63750U 25088AC  26208.17432956  .00000830  00000-0  13777-3 0  9998
2 63750  51.9011 201.3129 0000470  56.3348 303.7659 14.79943632 68171
COSMOS 926
1 10137U 77062A   26208.35275705  .00000060  00000-0  49427-4 0  9992
2 10137  82.9444 338.0339 0031072 256.7396 131.9665 13.72578276455738
KUIPER-00597
1 69282U 26118R   26208.43237736  .00031709  00000-0  84196-3 0  9999
2 69282  51.8632 218.6280 0007240 318.4474  41.5962 15.37977165 10172
KUIPER-00459
1 68872U 26095J   26208.50002315 -.00042694  00000-0 -45704-2 0  9996
2 68872  51.8975  52.4407 0006572  72.1984 115.0950 14.88317939  5235
ONEWEB-0221
1 48789U 21045Y   26208.55436400  .00000070  00000-0  15080-3 0  9997
2 48789  87.8981 251.1493 0002208  98.7574 261.3806 13.15548562249681
COSMOS 1133
1 11541U 79084D   26208.47241964  .00000017  00000-0  21714-3 0  9991
2 11541  74.0214 235.1308 0028672 307.3031 121.4281 12.50884530 72820
KUIPER-00413
1 68928U 26098K   26208.50002315 -.00001365  00000-0 -14576-3 0  9995
2 68928  51.8978 242.4025 0014476 308.8786 138.7772 14.80879795  5035
YAOGAN-39 05C
1 58559U 23194C   26208.37071309  .00004890  00000-0  23618-3 0  9993
2 58559  34.9901 190.4923 0011424  37.4643 322.6865 15.18000929146230
LUNA-1
1 66777U 25276DR  26208.65812185  .00010545  00000-0  44516-3 0  9997
2 66777  97.4245 282.5463 0003652  94.0096 266.1559 15.23450065 36622
COSMOS 643
1 07267U 74024C   26208.86779848  .00000003  00000-0  11075-3 0  9994
2 07267  74.0169  61.4155 0082589 341.7329  29.6043 12.61593157406761
KUIPER-00118
1 65154U 25171Y   26208.54654977  .00003141  00000-0  44081-3 0  9991
2 65154  51.8992 277.1358 0000508  99.8078 260.2942 14.79931198 53357
CFOSAT
1 43662U 18083A   26208.47771647  .00003479  00000-0  18266-3 0  9991
2 43662  97.3617 211.8246 0000876  37.6391 322.4903 15.16360290428549
LEMUR 2 ESPERANZA
1 63352U 25061B   26208.32396811  .00003695  00000-0  20731-3 0  9993
2 63352  97.5669 183.5087 0019932 122.8299 237.4855 15.13824063 73661
COSMOS 1622
1 15474U 85003F   26208.85644365  .00000012  00000-0  78382-5 0  9992
2 15474  82.6049  58.8941 0010005  83.1903 287.6489 12.63800565915675
COSMOS 1618
1 15470U 85003B   26208.86627628  .00000030  00000-0  10833-3 0  9997
2 15470  82.6006  67.2124 0005487 130.1366 241.1526 12.62994980914518
YUNYAO-1 45
1 63346U 25059C   26208.52325426  .00003633  00000-0  21933-3 0  9996
2 63346  97.6133  29.8318 0016312  24.3589 335.8408 15.11246387 74390
SHIJIAN 6 03A (SJ-6 03A)
1 33408U 08053A   26208.53969561  .00007098  00000-0  35704-3 0  9992
2 33408  97.8401 243.2692 0009854 226.4486 133.5929 15.17521128969082
COSMOS 883
1  9610U 76122A   26208.50179854  .00000086  00000-0  71565-4 0  9993
2  9610  82.9497 234.7827 0035865 101.5844 258.9342 13.76363842490515
YAOGAN 2
1 31490U 07019A   26208.17458867  .00000865  00000-0  11385-3 0  9998
2 31490  98.2598  70.0870 0021316 141.7973 218.4755 14.82740062 33548
HULIANWANG DIGUI-48
1 65051U 25162J   26208.54585191 -.00000097  00000-0  57285-4 0  9997
2 65051  50.0035 120.7138 0000280  31.2353 328.8536 13.29328011 48738
GONETS M 20
1 47227U 20091A   26208.49588811 -.00000044  00000-0 -38834-3 0  9995
2 47227  82.5041 277.3812 0022191  93.5638 266.7980 12.42894326256083
NINGXIA-1 8
1 49020U 21064C   26208.53465233  .00000249  00000-0  22035-3 0  9997
2 49020  44.9952  43.7433 0007240  76.8391 283.3253 14.08544365259913
GRUS-1C
1 47933U 21022B   26208.51495600  .00000092  00000-0  12330-4 0  9995
2 47933  97.5332  90.2743 0011854 174.9807 185.1537 14.98741107291944
KUIPER-00375
1 68868U 26095E   26208.96766057  .00003026  00000-0  46169-3 0  9992
2 68868  51.9012  57.4893 0003308 132.1182 228.0060 14.76424186 13830
HAWK-2B
1 47508U 21006CZ  26208.82734099  .00007931  00000-0  23344-3 0  9992
2 47508  97.2173 251.3033 0008441  66.8452 293.3680 15.35293451305737
GAOFEN 12-05
1 61571U 24186A   26208.47336957  .00000420  00000-0  60937-4 0  9998
2 61571  97.9112 216.0804 0002069 110.9352 249.2082 14.80986200 95302
ASAP-S
1 38013U 11076G   26208.26438844  .00010847  00000-0  42721-3 0  9996
2 38013  98.0176 141.3404 0007435  33.9069 326.2642 15.25785697798941
ONEWEB-0190
1 48796U 21045AF  26208.16456219  .00000051  00000-0  10128-3 0  9999
2 48796  87.8976 251.2318 0002559 108.7830 251.3578 13.15548944249629
ONEWEB-0202
1 48224U 21031Q   26208.24232468 -.00000169  00000-0 -49091-3 0  9990
2 48224  87.8959 281.7291 0002713  98.2565 261.8873 13.14503177253621
PICO-01A003
1 58326U 23174BY  26208.49899537  .00022746  00000-0  44118-3 0  9995
2 58326  97.3792 294.6067 0005136  31.8552 328.3008 15.47670088151643
BLACK KITE-1
1 66741U 25276CD  26208.44401098  .00008262  00000-0  37393-3 0  9990
2 66741  97.4230 281.5797 0005352 191.6099 168.5015 15.21139588 33847
SPACEMOBILE-006
1 67232U 25309A   26208.84627372  .00003217  00000-0  16810-3 0  9998
2 67232  52.9966 145.3750 0009256 259.4284 100.5667 15.18727366 32770
SIGI
1 62632U 25009Z   26208.48795589  .00006002  00000-0  24318-3 0  9997
2 62632  97.3998 288.2055 0004151 146.6272 213.5228 15.25026609 84949
SKYBEE-A01
1 62671U 25009BQ  26208.47657454  .00002736  00000-0  12580-3 0  9995
2 62671  97.3978 286.3486 0005323 174.3977 185.7319 15.21182371142467
SPACEVAN-002
1 68424U 26067J   26208.34448878  .00006534  00000-0  31841-3 0  9997
2 68424  97.4555 166.1994 0000510 154.1508 205.9752 15.18673503 18038
NUSTAR
1 38358U 12031A   26208.50002315  .00004462  00000-0  22014-3 0  9996
2 38358   6.0273  91.6611 0008381 339.0602 100.7119 15.09146561  1305
ONEWEB-0191
1 48239U 21031AF  26208.65143631  .00000241  00000-0  61470-3 0  9998
2 48239  87.8958 281.6389 0001840  91.4928 268.6413 13.14501194253487
JILIN-01 KUANFU 02B 5
1 61193U 24169E   26208.51022367  .00004015  00000-0  25634-3 0  9999
2 61193  97.5582 297.5589 0014326 146.5009 213.7129 15.09153169101911
COSMOS 2257
1 22692U 93038F   26208.11275948  .00000037  00000-0  14788-3 0  9990
2 22692  82.5757 213.1468 0006937 261.1799  98.8507 12.62260851524823
EZIE-B
1 63250U 25052AS  26208.53141062  .00004339  00000-0  37698-3 0  9995
2 63250  97.6871 100.1071 0005669  64.8136 295.3673 14.97506553 74708
COSMOS 714
1 07681U 75016D   26208.62103807  .00000009  00000-0  16481-3 0  9998
2 07681  74.0018 262.5543 0028954  86.4826  66.6419 12.49303823344573
COSMOS 1431
1 13763U 83002C   26208.38544022 -.00000008  00000-0  53810-4 0  9999
2 13763  74.0256   5.1197 0011679 219.2157 163.8260 12.47750904982206
ONEWEB-0715
1 55176U 23004AN  26208.39748517 -.00000261  00000-0 -77291-3 0  9995
2 55176  87.8894  13.0627 0002407  83.3679 276.7722 13.11415425171131
TOMORROW-S8
1 66308U 25248R   26208.17662327  .00004163  00000-0  19794-3 0  9993
2 66308  45.3979 266.7265 0005715 260.1548  99.8694 15.20816047 40609
COSMOS 621
1  6989U 73104E   26208.55826645  .00000005  00000-0  13061-3 0  9995
2  6989  74.0281  51.9995 0050062 144.1609 244.2633 12.54677949409328
GEESAT 1-09
1 52793U 22058J   26208.46322435  .00004561  00000-0  37475-3 0  9995
2 52793  49.9985 350.0709 0006517 325.1643  34.8875 15.00840206226291
ONEWEB-0689
1 61597U 24188D   26208.39916612 -.00000341  00000-0 -99900-3 0  9996
2 61597  87.8902  13.0486 0001905  83.2423 276.8922 13.11416151 89729
USA 55
1 20547U 90028B   26208.60300406  .00006703  00000-0  13748-3 0  9996
2 20547  94.0905 166.2340 0053592 341.0421  18.8838 15.44544224  8108
YAOGAN-40 01C
1 57833U 23139D   26208.53351154  .00000172  00000-0  83061-4 0  9991
2 57833  85.9885 241.1131 0001764  73.3544 286.7833 14.12453774148501
S80/T
1 22078U 92052C   26208.43270293 -.00000076  00000-0 -54506-4 0  9994
2 22078  66.0834 184.0967 0017213 270.0319  89.8727 12.86854085595411
AE5RC
1 66677U 25276M   26208.15334508  .00016066  00000-0  67059-3 0  9990
2 66677  97.4168 281.5967 0004289 213.9221 146.1742 15.23729799 36536
ONEWEB-0607
1 54671U 22166AF  26208.54806398  .00000026  00000-0  30786-4 0  9997
2 54671  87.9229 235.9388 0001954  97.8418 262.2938 13.21826681176875
JILIN-01 KUANFU 02B 1
1 61189U 24169A   26208.49967440  .00003468  00000-0  22259-3 0  9992
2 61189  97.5578 297.4070 0000977 247.5276 112.5849 15.09130559101902
IRIDIUM 135
1 43070U 17083A   26208.68707366  .00000177  00000-0  56269-4 0  9991
2 43070  86.3987 305.0882 0002182  95.7037 264.4408 14.34217728449955
LT-1 01B
1 51822U 22018A   26208.55089376  .00000735  00000-0  85186-4 0  9999
2 51822  97.8117 215.3980 0001643  89.9546 270.1859 14.88406879239715
COSMOS 2570
1 58148U 23165A   26208.50389463 -.00000038  00000-0  26918-4 0  9991
2 58148  67.1465 191.4420 0007187 272.4341  87.5920 13.96674338140268
NINGXIA-1 2
1 44780U 19076B   26208.49790387  .00000047  00000-0  11495-3 0  9995
2 44780  45.0098   0.0619 0006733 334.5530  25.4972 14.02023441343515
COSMOS 1013
1 10930U 78056A   26208.65250874  .00000007  00000-0  17126-3 0  9991
2 10930  74.0257  77.6051 0048177 344.0625  43.3233 12.37819399175178
DMSP 5D-2 F14 (USA 131)
1 24753U 97012A   26208.50566403  .00000062  00000-0  53001-4 0  9998
2 24753  98.7557 256.4424 0008256 343.4193  16.6710 14.16782218514000
COSMOS 1056
1 11133U 78109F   26208.55191156 -.00000026  00000-0 -70844-4 0  9992
2 11133  74.0169 134.5663 0020512 256.2363 217.2539 12.44517018164365
ALISIO-1
1 58562U 23185M   26208.48491177  .00004216  00000-0  21474-3 0  9998
2 58562  97.5358 281.6206 0006852 162.5237 197.6233 15.17320637144664
TIANMU-1 15
1 58700U 24004A   26208.53274042  .00006154  00000-0  23471-3 0  9991
2 58700  97.4669  34.7258 0007150 181.1337 178.9886 15.27026384141932
COSMOS 1833
1 17589U 87027A   26208.52886922 -.00000058  00000-0 -51456-5 0  9995
2 17589  70.9216  32.0760 0025187 349.2021  10.8556 14.13068009 30076
KANOPUS-V 4
1 43181U 18014B   26208.58349399  .00001828  00000-0  81220-4 0  9995
2 43181  97.3549 113.4461 0001816  91.3633 268.7811 15.22783226470885
AETHER-2
1 58299U 23174AV  26208.68664113  .00006557  00000-0  19543-3 0  9991
2 58299  97.3900 292.0293 0006937  19.1041 341.0461 15.34992955151447
IRIDIUM 105
1 41921U 17003E   26208.06315923  .00000090  00000-0  25200-4 0  9997
2 41921  86.3940  40.1893 0001969  84.1806 275.9615 14.34217141500857
SKYCRAFT 4A
1 64897U 25154J   26208.40719616  .00006677  00000-0  58197-3 0  9992
2 64897  97.6701 272.0730 0007045 121.4565 238.7347 14.97183723 53408
COSMOS 944
1 10290U 77079F   26208.26453147 -.00000002  00000-0  89854-4 0  9993
2 10290  74.0254 283.0944 0005052 110.4091 306.7802 12.49707786208393
ORBCOMM FM 28
1 25482U 98053H   26208.59133558  .00000709  00000-0  27200-3 0  9993
2 25482  45.0052  80.5559 0003530 166.3869 193.7075 14.39260869456747
QIANFAN-127
1 69073U 26104A   26208.50414837  .00000020  00000-0  13016-4 0  9995
2 69073  88.9930 337.3476 0001839 105.0599 255.0756 13.51017711 10601
COSMOS 2389
1 27436U 02026A   26208.21838150  .00000045  00000-0  30039-4 0  9996
2 27436  82.9530 139.3701 0046987 146.2861  16.4877 13.75174879212614
OPS 0054 (DMSP 5A F1)
1 04331U 70012A   26208.44619464  .00000248  00000-0  10268-3 0  9991
2 04331  99.0105  28.7447 0056635 210.8384 148.9469 14.34653273942958
ONEWEB-0307
1 49189U 21083D   26208.68611265 -.00000109  00000-0 -33437-3 0  9993
2 49189  87.8983 312.1781 0001849  97.0334 263.1005 13.13468570236249
ONEWEB-0420
1 50495U 21132AC  26208.61448039  .00000000  00000-0 -31504-4 0  9993
2 50495  87.9199 327.4206 0002086 102.5575 257.5791 13.18684294226904
IRIDIUM 125
1 42964U 17061K   26208.43387290  .00000224  00000-0  73087-4 0  9991
2 42964  86.3982   8.5518 0001884 103.9922 256.1483 14.34218125460625
COSMOS 962
1 10459U 77107A   26208.54337689  .00000044  00000-0  30231-4 0  9995
2 10459  82.9507 109.7359 0028592   2.6315  62.8210 13.74908158444949
STRIX-7
1 69177U 26112A   26208.48876505  .00004346  00000-0  34459-3 0  9998
2 69177  44.9086 340.7389 0025492 273.8442  85.9516 15.01691511  9934
KUIPER-00646
1 69789U 26151AC  26208.17283263 -.00021502  00000-0 -62309-3 0  9999
2 69789  51.8713 122.7522 0009567 214.6608 145.3755 15.34508799  3858
COSMOS 789
1 08591U 76005A   26208.33475788  .00000041  00000-0  27513-4 0  9991
2 08591  82.9753 175.9674 0031468 104.2206  51.6147 13.73205841530652
USA 77
1 21809U 91076E   26208.54673647  .00005064  00000-0  39350-3 0  9991
2 21809  63.2961  50.0016 0899297  75.4510 294.4447 13.56815939109742
POEM 2
1 56308U 23057A   26208.55978286  .00002422  00000-0  15229-3 0  9999
2 56308   9.8893 328.5239 0020182 148.1929 211.9503 14.95082339178315
ONEWEB-0638
1 55802U 23029G   26208.20266610  .00005221  00000-0  14044-1 0  9991
2 55802  87.8949 281.7754 0001672  99.3056 260.8263 13.14481011164652
YAOGAN-34 03
1 54249U 22154A   26208.45075992 -.00000068  00000-0  37074-4 0  9997
2 54249  63.4054 158.7733 0080173 355.7814   4.2527 13.45459946181677
BLUEWALKER 3
1 53807U 22111AL  26208.71568858  .00006802  00000-0  18507-3 0  9996
2 53807  53.2271 203.6325 0005036 318.2238  41.8383 15.38735658216442
GLOBALSTAR M063
1 26081U 00008A   26208.16370634 -.00000051  00000-0  46331-3 0  9990
2 26081  51.9946 124.9910 0005167  10.1010 138.3865 11.86186919205631
TANSUO 1
1 28220U 04012A   26208.22867412  .00014211  00000-0  42440-3 0  9997
2 28220  97.8685 288.9242 0004784 222.9703 137.1166 15.34723059217231
COSMOS 681
1 07439U 74072E   26208.61860326 -.00000025  00000-0 -64299-4 0  9996
2 07439  74.0386 321.8006 0004565 329.4286  44.7996 12.49072985364376
ONEWEB-0559
1 56060U 23043Q   26208.47573578  .00000006  00000-0 -16626-4 0  9995
2 56060  87.9227 235.9550 0002280  96.2793 263.8601 13.21824481163573
ONEWEB-0662
1 55822U 23029AC  26208.23439485 -.00000179  00000-0 -51628-3 0  9998
2 55822  87.8948 281.7658 0002096 107.1975 252.9384 13.14503195164693
LEMUR 2 LIA-MARTIN
1 63248U 25052AQ  26208.68859238  .00004645  00000-0  39708-3 0  9993
2 63248  97.6829 100.4901 0004174  60.5808 299.5830 14.98107303 74748
KUIPER-00293
1 68593U 26072W   26208.44680897  .00003965  00000-0  54879-3 0  9991
2 68593  51.8991  10.1074 0001906 162.6105 197.4923 14.79936853 17183
IMS-1
1 32786U 08021D   26208.43572621  .00004674  00000-0  33658-3 0  9994
2 32786  97.9498 196.0125 0003434 343.7629  16.3486 15.04702494989253
ONEWEB-0671
1 55830U 23029AL  26208.24640524  .00000028  00000-0  37893-4 0  9996
2 55830  87.9182 296.9997 0002056 104.4695 255.6666 13.19725533164186
CUBESAT XI 5
1 28895U 05043F   26208.42163029  .00001503  00000-0  24336-3 0  9999
2 28895  98.3030   4.9008 0015290  79.5865 280.7064 14.72730629107674
KUIPER-00147
1 65768U 25217G   26208.23635139  .00000424  00000-0  84629-4 0  9992
2 65768  51.8970 143.5070 0001039 131.5184 228.5868 14.79929628 45577
COSMOS 1136
1 11544U 79084G   26208.43474834 -.00000015  00000-0  85539-5 0  9990
2 11544  74.0245 111.0925 0016053 295.7937 182.4924 12.45310919129125
QIANFAN-111
1 68638U 26075C   26208.50313226  .00000115  00000-0  16013-3 0  9992
2 68638  88.9920 316.8788 0002138 104.5491 255.5897 13.51009255 15253
PROBA 1
1 26958U 01049B   26208.49122542  .00003150  00000-0  20438-3 0  9990
2 26958  97.9612 218.4361 0054441 348.3997  11.5971 15.07666230349693
HULIANWANG DIGUI-108
1 66918U 25285D   26208.37189979 -.00000096  00000-0  60683-4 0  9996
2 66918  50.0068   1.8754 0000874  80.7671 279.3300 13.29326363 31404
ONEWEB-0475
1 51655U 22012AK  26208.39257903  .00000055  00000-0  10767-3 0  9999
2 51655  87.9164 357.8765 0001776 117.0652 243.0661 13.17648819218981
HULIANWANG DIGUI-167
1 68659U 26076D   26208.52230407  .00000042  00000-0  62897-4 0  9998
2 68659  86.4967  30.2559 0002068  81.3027 278.8341 13.24413216 14710
KUIPER-00230
1 68579U 26072G   26208.40113654  .00029693  00000-0  77524-3 0  9991
2 68579  51.8772 341.9849 0001805 154.5185 205.5891 15.38552126 17576
COSMOS 2493 (SKRL 756)
1 39490U 13078A   26208.44993111  .00003450  00000-0  25846-3 0  9994
2 39490  82.4100 221.7904 0014618 106.2753 254.0081 15.02336956684009
CONNECTA IOT-15
1 67402U 26004AR  26208.41826258  .00004573  00000-0  22865-3 0  9990
2 67402  97.4580 206.6862 0003654 158.8957 201.2428 15.17934255 29838
ONEWEB-0512
1 54130U 22138T   26208.64285989 -.00000013  00000-0 -65262-4 0  9999
2 54130  87.9183 296.9170 0002124 108.9702 251.1661 13.19724342182145
TOMS EP
1 23940U 96037A   26208.39873033  .00000708  00000-0  15745-3 0  9997
2 23940  98.5140  18.1992 0027253  80.9331 279.4951 14.59969748597897
TECHSAT 1B
1 25397U 98043D   26208.38376868  .00000061  00000-0  46375-4 0  9993
2 25397  99.0095 202.1612 0002365  95.5843 264.5605 14.24435383457050
AEROCUBE 2
1 31133U 07012R   26208.92310740  .00000882  00000-0  16213-3 0  9999
2 31133  98.4395 195.1118 0070672 194.6757 165.2395 14.66767447 26324
SEDNA-1
1 60580U 24149DS  26208.10622027  .00008258  00000-0  54759-3 0  9993
2 60580  97.6627 288.4152 0008699 203.4528 156.6304 15.07497453106405
ONEWEB-0442
1 51636U 22012Q   26208.37484458 -.00000255  00000-0 -69073-3 0  9991
2 51636  87.9158 357.8850 0001371  80.7013 279.4274 13.17648894218960
QIANFAN-101
1 66043U 25233L   26208.47912607  .00000356  00000-0  14085-3 0  9993
2 66043  88.9983  35.9381 0015847  20.9146 339.2692 14.26828681 40376
SHIYAN-33
1 68405U 26064A   26208.62885656  .00005531  00000-0  22896-3 0  9999
2 68405  97.4613 283.9599 0014580 158.8278 201.3566 15.24254027 18652
UPM/LBSAT
1 23607U 95033C   26208.87860306  .00001076  00000-0  13358-3 0  9991
2 23607  98.3093 182.0788 0006174  39.7963 320.3702 14.84852471672018
LEMUR-2-TARTIFLETTE
1 66784U 25276DZ  26208.14649257  .00006916  00000-0  56735-3 0  9990
2 66784  97.5256 277.4302 0013457  19.0964 341.0762 14.99466870 36186
QIANFAN-56
1 62786U 25016B   26208.57374571  .00000116  00000-0  16006-3 0  9994
2 62786  88.9673  79.4615 0017844  58.0813 302.2071 13.51023815 77865
GLOBALSTAR M014
1 25306U 98023A   26208.46825148 -.00000052  00000-0  48469-3 0  9996
2 25306  51.9802 218.7212 0000822  25.3095 142.0902 11.65487506238422
YAOGAN 20A
1 40109U 14047A   26208.57059366 -.00000119  00000-0 -29329-4 0  9991
2 40109  63.3790 275.0232 0393521  14.8843 346.3381 13.45443386587870
KUIPER-00262
1 67788U 26030AA  26208.62629608  .00003734  00000-0  51837-3 0  9998
2 67788  51.8985 296.8328 0000105 193.3217 166.7743 14.79943754 26144
COSMOS 624
1 06992U 73104H   26208.12464957  .00000003  00000-0  10378-3 0  9992
2 06992  74.0287  93.2798 0085760 139.3945  14.6498 12.61291676421925
YAOGAN-33
1 47302U 20103A   26208.56053012  .00000394  00000-0  93847-4 0  9993
2 47302  98.0362  88.8438 0003103  25.9053 334.2301 14.58738097297192
YUNHAI 2-2E
1 59284U 24052E   26208.50648050  .00000044  00000-0  82180-4 0  9998
2 59284  50.0109 151.9320 0011671 200.8757 159.1682 14.27977072112698
QIANFAN-70
1 62800U 25016R   26208.49547341  .00000116  00000-0  16024-3 0  9999
2 62800  88.9696  79.5814 0017044  44.6250 315.6270 13.51018739 77854
YAOGAN-31 M
1 47857U 21020D   26208.44365072 -.00000070  00000-0  31580-4 0  9994
2 47857  63.4048 154.6264 0178386   0.4925 359.6245 13.45451177263877
YAOGAN 9A
1 36413U 10009A   26208.25311565 -.00000010  00000-0  56794-4 0  9990
2 36413  63.3626 254.5315 0540737  22.0417 340.2934 13.45705599805367
ONEWEB-0197
1 48236U 21031AC  26208.64496574  .00000220  00000-0  55838-3 0  9999
2 48236  87.8955 281.6244 0001806  92.5318 267.6019 13.14503442253500
IRIDIUM 4
1 24796U 97020E   26208.42223018  .00000354  00000-0  11240-3 0  9999
2 24796  86.3970   3.5821 0002078  92.4819 267.6617 14.37179854530666
COSMOS 1470
1 14147U 83061A   26208.35099651  .00020655  00000-0  38541-3 0  9993
2 14147  82.4688 332.0563 0006651 205.4929 154.5994 15.48626973109318
EOLE 1 (CAS-A)
1 05435U 71071A   26208.15246812  .00000525  00000-0  13994-3 0  9991
2 05435  50.1381 247.4471 0101804 323.6166  35.7874 14.60332228881830
COSMOS 415
1  5214U 71041E   26208.52227690  .00000000  00000-0  10873-3 0  9998
2  5214  74.0148  33.3900 0032107 253.7782 105.9734 12.47497330514710
YUNHAI 2-2C
1 59282U 24052C   26208.50522384  .00000039  00000-0  80302-4 0  9995
2 59282  50.0103 331.5738 0006296 302.4924  57.5382 14.27975907120569
YAOGAN-40 01A
1 57830U 23139A   26208.53343259  .00000144  00000-0  68088-4 0  9996
2 57830  85.9882 241.8484 0002342  88.9941 271.1510 14.12454383148393
PICO-01B009
1 58287U 23174AH  26208.54525060  .00682733  23277-3  98296-3 0  9992
2 58287  97.3643 308.9331 0007990 253.2467 106.7938 16.05378916152586
GAOFEN-5
1 43461U 18043A   26208.34238288  .00000358  00000-0  83760-4 0  9994
2 43461  98.4603 180.7794 0001312   3.2697 356.8511 14.60630588437554
CYGFM03
1 41891U 16078H   26208.40818578  .00031943  00000-0  34986-3 0  9997
2 41891  34.9411 323.3170 0004915 200.4603 159.5927 15.62204821535260
YAOGAN-43 02B
1 60946U 24156B   26208.56219861  .00010558  00000-0  43915-3 0  9993
2 60946  34.9953 304.0939 0002336  72.5524 287.5446 15.23002608105602
IRIDIUM 111
1 41926U 17003K   26208.09822052  .00000042  00000-0  80456-5 0  9993
2 41926  86.3928  71.6850 0002160  87.1539 272.9904 14.34217685498970
GLOBALSTAR M042
1 25679U 99019D   26208.40161645 -.00000112  00000-0 -18935-3 0  9997
2 25679  52.0041 347.0010 0003472  70.8740 322.2592 12.22100016234807
YUNYAO-1 20
1 58760U 24009C   26208.54802861  .00011760  00000-0  57059-3 0  9997
2 58760  49.9801 328.0399 0003263  98.4422 261.6901 15.18840169140829
GHOST-5
1 59130U 24043AJ  26208.37034402  .00014513  00000-0  32098-3 0  9991
2 59130  97.5630 354.3907 0008402  78.4507 281.7683 15.43897246133715
ONEWEB-0326
1 49195U 21083K   26208.29257137  .00000039  00000-0  65144-4 0  9992
2 49195  87.9204 327.4842 0001607  98.9498 261.1816 13.18686753235284
COSMOS 1393
1 13380U 82073F   26208.91072888 -.00000008  00000-0  55503-4 0  9997
2 13380  74.0159  13.5268 0008645 304.7585 222.3104 12.47265976  4224
GRUS-3B
1 69918U 26156BB  26208.66632183  .00001239  00000-0  12851-3 0  9991
2 69918  97.7544 108.7929 0007943  87.3136 272.8992 14.91751086  3035
YAOGAN-39 01B
1 57728U 23130B   26208.48310773  .00004498  00000-0  22641-3 0  9992
2 57728  34.9938 261.2497 0008561  83.6407 276.5280 15.16609743161602
CBERS 2B
1 32062U 07042A   26208.84006429  .00000209  00000-0  77453-4 0  9998
2 32062  98.3934 152.7840 0030227 210.4951 165.5921 14.41493808990542
GEESAT 3-05
1 61015U 24159E   26208.54165657  .00002277  00000-0  29500-3 0  9998
2 61015  50.0012 256.1401 0013046 212.4669 147.5469 14.84348150102777
FALCONSAT
1 26064U 00004D   26208.27195931  .00000107  00000-0  55349-4 0  9995
2 26064 100.1886 145.1791 0036533 305.8410  53.9379 14.37283030388526
TIANMU-1 12
1 58646U 23205B   26208.52078517  .00005703  00000-0  21761-3 0  9999
2 58646  97.3431 229.1932 0007051 191.4460 168.6620 15.27032503143661
KUIPER-00542
1 69611U 26140V   26208.21259799  .00038244  00000-0  99382-3 0  9993
2 69611  51.8760 204.9889 0008151 346.0966  13.9795 15.38543064  7393
QUIKSCAT
1 25789U 99034A   26208.20219234  .00000331  00000-0  88991-4 0  9993
2 25789  98.2635  88.1441 0095500 158.7167 201.8042 14.51749823418325
IRIDIUM 144
1 43249U 18030A   26208.20795700  .00000092  00000-0  25816-4 0  9999
2 43249  86.3947 273.6676 0002403  94.8142 265.3328 14.34217518435877
COSMOS 650
1 07281U 74028A   26208.23858596 -.00000032  00000-0 -78602-4 0  9997
2 07281  74.0429 137.1994 0021067   1.8708 151.8598 12.69568260421256
KUIPER-00415
1 68930U 26098M   26208.50002315 -.01230987  00000-0 -86877-1 0  9994
2 68930  51.8892 236.4221 0007638 288.1045 270.0104 15.07771210  4170
GLOBALSTAR M079
1 37188U 10054A   26208.43525832 -.00000106  00000-0 -10822-4 0  9993
2 37188  52.0063 346.1495 0001074  97.1846 298.0712 12.62266454727636
KUIPER-00042
1 64503U 25134D   26208.37517148  .00003979  00000-0  55060-3 0  9994
2 64503  51.9005 342.8624 0000530 105.0558 255.0463 14.79937255 60655
QIANFAN-228
1 69857U 26155K   26208.53693287  .00000233  00000-0  10182-3 0  9998
2 69857  89.0056  59.5495 0030804 181.5595 178.5505 14.20224680  3138
ONEWEB-0025
1 45138U 20008H   26208.74227516 -.00000130  00000-0 -40830-3 0  9997
2 45138  87.8825  28.1680 0001939  76.6697 283.4647 13.10369357313884
GLOBALSTAR M061
1 25964U 99062D   26208.48204670 -.00000058  00000-0  36126-3 0  9996
2 25964  51.9761 227.2621 0005820   5.9531 161.1949 11.76779317168899
COSMOS 2040
1 20234U 89074C   26208.13266566  .00000032  00000-0  12191-3 0  9994
2 20234  82.5825 221.9049 0004109 220.2421 204.0113 12.62628036698670
HORYU 2
1 38340U 12025D   26208.36613286  .00003188  00000-0  32607-3 0  9992
2 38340  98.2216 342.9622 0008868  57.2316 302.9754 14.91287647754713
NOAA 6
1 11416U 79057A   26208.79448854  .00000300  00000-0  11949-3 0  9998
2 11416  98.5621 237.9847 0010805 133.0196 227.1896 14.35515300456785
KONDOR FKA 1
1 56756U 23074A   26208.51626875  .00003775  00000-0  17956-3 0  9996
2 56756  97.4405  42.5026 0001612  87.8822 272.2597 15.19787209175819
KINEIS-4E
1 63300U 25056A   26208.48258941  .00001698  00000-0  27610-3 0  9992
2 63300  97.9079 331.2692 0002580  64.5584 295.5890 14.72334948 73056
ONEWEB-0065
1 45164U 20008AK  26208.04657431  .00000155  00000-0  40906-3 0  9991
2 45164  87.8820  28.3306 0001600  81.3066 278.8242 13.10369509313106
ONEWEB-0563
1 55800U 23029E   26208.21746365  .00000004  00000-0 -22056-4 0  9990
2 55800  87.9167 266.4991 0002210 102.1680 257.9701 13.20769526166429
POISK
1 36086U 09060A   26208.37844919  .00011554  00000-0  21591-3 0  9998
2 36086  51.6322 101.1989 0007008 342.7043  17.3706 15.49203967577662
OSCAR 36 (UOSAT 12)
1 25693U 99021A   26208.66434031  .00000374  00000-0  62014-4 0  9992
2 25693  64.5553 294.8818 0023306 220.5407 139.3965 14.84296497472855
JAY-D2
1 62665U 25009BJ  26208.47238906  .00003543  00000-0  15549-3 0  9990
2 62665  97.3881 286.2825 0004409 167.9857 192.1485 15.22594037 84860
YAOGAN 17B
1 39240U 13046B   26208.48301190 -.00000138  00000-0 -45089-4 0  9990
2 39240  63.3884 346.9227 0429623  11.6225 349.4346 13.45476389633755
ONEWEB-0054
1 45158U 20008AD  26208.47600592  .00000112  00000-0  28447-3 0  9996
2 45158  87.8828  28.2389 0001786  87.3242 272.8090 13.10376889313300
GLOBAL-5
1 55983U 23041C   26208.51198171  .00014146  00000-0  37865-3 0  9999
2 55983  42.0023 326.1187 0008955 271.9219  88.0595 15.37769006188140
SUPERVIEW NEO 3-02
1 63208U 25051A   26208.51612619  .00008979  00000-0  39079-3 0  9995
2 63208  97.4509 287.3940 0002130  81.0480 279.0997 15.22463432 75978
FLOCK 4G 6
1 62660U 25009BD  26208.17869175  .00009971  00000-0  34399-3 0  9995
2 62660  97.3936 289.3944 0003996 163.4923 196.6448 15.30171081142612
JAY-C
1 62668U 25009BM  26208.47335867  .00003587  00000-0  15736-3 0  9993
2 62668  97.3952 286.7579 0004390 175.8661 184.2613 15.22594174142506
BUGSAT 1
1 40014U 14033E   26208.56837432  .00004265  00000-0  22384-3 0  9995
2 40014  98.0435 303.4905 0028552  45.5066 314.8492 15.15990962661957
COSMOS 679
1 07437U 74072C   26208.64911692 -.00000023  00000-0 -53469-4 0  9995
2 07437  74.0338 178.1868 0027983 182.7464 177.3435 12.44423903355553
HULIANWANG DIGUI-18
1 62978U 25030H   26208.47302338 -.00000099  00000-0  53793-4 0  9990
2 62978  50.0068  91.0530 0000706 304.3847  55.6958 13.29323808 71222
COSMOS 708
1 07663U 75012A   26208.41052231 -.00000040  00000-0  66028-5 0  9995
2 07663  69.2338  15.1220 0022294  69.3089 311.8647 12.68302086382638
CENTISPACE-1 S7
1 62576U 25007B   26208.41973173 -.00000076  00000-0  61170-4 0  9996
2 62576  54.9756 151.2818 0013375 137.5562 222.6431 13.80616763 80276
LEMUR-2 KATIE
1 67387U 26004AA  26208.44312827  .00004426  00000-0  46067-3 0  9994
2 67387  97.8051 206.9647 0002208 358.6975   1.4236 14.90342239 29309
COSMOS 2016
1 19921U 89028A   26208.27457656  .00000064  00000-0  49564-4 0  9991
2 19921  82.9641 157.9052 0041160  80.0309  80.4798 13.75347471871380
QIANFAN-137
1 69083U 26104L   26208.46732933  .00000031  00000-0  26059-4 0  9994
2 69083  88.9918 337.2476 0009396 342.0688  18.0134 13.56874995 10657
SURFSAT
1 23711U 95059B   26208.53905904 -.00000043  00000-0  43843-5 0  9990
2 23711 100.4939 237.0681 0367688   4.4811 162.1987 13.12857602472209
ONEWEB-0131
1 47277U 20100V   26208.28724454  .00000497  00000-0  13472-2 0  9993
2 47277  87.8975 342.6973 0001934 102.9192 257.2152 13.12443285269945
ORBCOMM FM 38
1 33060U 08031A   26208.26302865  .00001648  00000-0  22618-3 0  9995
2 33060  48.4390 181.7554 0005026 341.7355  18.3380 14.83192245974848
COSMOS 1617
1 15469U 85003A   26208.65636729  .00000038  00000-0  15227-3 0  9994
2 15469  82.6108  90.2543 0000782 136.5429 249.6508 12.62554047913544
PRATHAM
1 41783U 16059A   26208.41200469  .00000828  00000-0  15414-3 0  9994
2 41783  97.8348 203.5071 0032746  90.5472 269.9486 14.67241425525418
PUNCH-WFI03
1 63180U 25047C   26208.79820771  .00000569  00000-0  93272-4 0  9992
2 63180  97.9555  33.0930 0010982  44.4021 315.8066 14.74391009 74045
LPNTSAT-002
1 68409U 26065B   26208.23059369  .00006825  00000-0  32206-3 0  9998
2 68409  97.3959  87.9603 0012511 213.4372 146.6074 15.19709821 18321
RESOURCESAT 2A
1 41877U 16074A   26208.47030488 -.00000162  00000-0 -53889-4 0  9995
2 41877  98.7517 281.6417 0001642 356.0642   4.0522 14.21611775500029
COSMOS 717
1  7684U 75016G   26208.38818058 -.00000024  00000-0 -63716-4 0  9998
2  7684  74.0066 341.0552 0035813 322.0741  67.0899 12.39834964326828
KUIPER-00145
1 65767U 25217F   26208.00270381  .00003723  00000-0  51689-3 0  9994
2 65767  51.8985 142.0615 0000844  95.4329 264.6730 14.79954456 45579
YAOGAN-31 L
1 47856U 21020C   26208.44361333 -.00000034  00000-0  86770-4 0  9990
2 47856  63.4037 155.3307 0178319   0.6497 359.4729 13.45450548263823
BLUEBON
1 62688U 25009CH  26208.70474208  .00008549  00000-0  28502-3 0  9992
2 62688  97.3984 291.6886 0002396 141.1013 219.0401 15.31332125 85177
ONEWEB-0222
1 48775U 21045J   26208.20656163  .00000038  00000-0  66391-4 0  9990
2 48775  87.8979 251.2135 0002284  98.6216 261.5173 13.15547870249661
YUNYAO-1 47
1 63348U 25059E   26208.48097007  .00002895  00000-0  17479-3 0  9993
2 63348  97.6101  29.6804 0016428  25.6274 334.5766 15.11414700 74386
ASTROCAST-0401
1 55110U 23001DF  26208.70550648  .00021515  00000-0  76530-3 0  9999
2 55110  97.5569 302.3229 0008933  69.8162 290.4037 15.28964256197393
SKYSAT C2
1 41773U 16058D   26208.02605934  .00012185  00000-0  27900-3 0  9997
2 41773  97.0166 228.6422 0000985 226.7152 133.4015 15.42917816551198
FLOCK 4Q 33
1 58308U 23174BE  26208.22830407  .00127237  00000-0  12708-2 0  9997
2 58308  97.3837 301.9686 0004409 295.8580  64.2225 15.65199352152083
AEROCUBE 6A
1 40045U 14033AM  26208.89569703  .00006447  00000-0  53693-3 0  9999
2 40045  97.7281  15.4295 0036495 237.4029 122.3669 14.98472762652719
COSMOS 1694
1 16142U 85094E   26208.84543203  .00000030  00000-0  10796-3 0  9996
2 16142  82.6052 236.3403 0011051 340.7566 192.4037 12.63684680881792
FLOCK 4H 24
1 66727U 25276BP  26208.43532909  .00007117  00000-0  33044-3 0  9996
2 66727  97.4227 281.4106 0003224 206.2223 153.8850 15.20318378 36536
KUIPER-00263
1 68586U 26072P   26208.43200186  .00003918  00000-0  54231-3 0  9991
2 68586  51.9021 352.7792 0000383  87.7145 272.3861 14.79954212 17421
CHAMRAN-1
1 61072U 24165B   26208.50505205  .00003823  00000-0  22874-3 0  9996
2 61072  64.0757 269.5473 0057224 304.6206  54.9521 15.11361133102750
ONEWEB-0195
1 48240U 21031AG  26208.24787101  .00000004  00000-0 -23977-4 0  9990
2 48240  87.8962 281.7186 0002384  94.1160 266.0242 13.14505429253412
HAIYANG 3A
1 58349U 23176A   26208.49362186  .00000103  00000-0  52360-4 0  9999
2 58349  98.5452 286.0016 0008340 263.6239  96.3996 14.34132938141098
HULIANWANG DIGUI-08
1 62330U 24240H   26208.53749796  .00000015  00000-0  16767-5 0  9992
2 62330  86.5066 329.8050 0002252  96.2147 263.9244 13.24411803 77982
SHIYAN 20C (SY-20C)
1 54214U 22142A   26208.45862987 -.00000012  00000-0  48343-4 0  9994
2 54214  59.9948 167.2519 0015901   7.7200 352.4077 14.29562745195452
UNAMSAT
1 24305U 96052B   26208.86213436  .00000074  00000-0  62620-4 0  9998
2 24305  82.9344  50.0900 0031016 136.7123 223.6478 13.74088453498202
ONEWEB-0354
1 49217U 21083AH  26208.58782910  .00000058  00000-0  11070-3 0  9990
2 49217  87.9172 266.3875 0001940  85.2138 274.9217 13.20771496242142
YAOGAN 3
1 32289U 07055A   26208.53180185  .00001360  00000-0  14349-3 0  9994
2 32289  97.8151 238.0112 0001426  82.2854 277.8526 14.90921146 11888
COSMOS 2333
1 24297U 96051A   26208.19991965 -.00000088  00000-0 -20588-4 0  9997
2 24297  70.9037 250.5670 0026393 256.1940 103.6244 14.13851264541956
GLOBALSTAR M066
1 32265U 07048C   26208.71787941 -.00000014  00000-0  68462-3 0  9994
2 32265  51.9612 301.5639 0005325 127.4723  37.7050 12.30391084865217
STERKH
1 35636U 09039B   26208.38550626  .00000092  00000-0  61491-4 0  9993
2 35636  82.9582 355.5581 0021031 131.4964 228.8010 13.90332535862647
TANSEI 1 (MS-T1)
1 04952U 71011A   26208.83564990  .00000068  00000-0  21222-5 0  9990
2 04952  29.6663 134.5973 0079560 309.8837  85.2799 13.58639897754062
QIANFAN-6
1 60384U 24140F   26208.48221851  .00000091  00000-0  12167-3 0  9991
2 60384  88.9728 275.5086 0010919 257.1956 102.7975 13.51020654 98110
GAOFEN 3 03
1 52200U 22035A   26208.53825244  .00000158  00000-0  61024-4 0  9993
2 52200  98.4075 216.5343 0001778  81.2551 278.8840 14.42219873226663
SHIJIAN 6 04A (SJ-6 04A)
1 37179U 10051A   26208.49435677  .00008191  00000-0  39946-3 0  9990
2 37179  97.8277 233.0838 0020099  87.4939 272.8595 15.18414728863068
IPERDRONE.0
1 60520U 24149BE  26208.71994717  .00110344  00000-0  79416-3 0  9999
2 60520  97.3760 304.1228 0002851 140.9046 219.2425 15.73256398109270
QIANFAN-168
1 69385U 26124D   26208.85532341 -.02049420  00000-0 -26353+1 0  9997
2 69385  89.0009 357.5482 0012599  60.8941 299.3479 13.66745147  7517
SERT 2
1 04327U 70009A   26208.25932809 -.00000014  00000-0  36820-4 0  9997
2 04327  99.2840 143.8223 0005048 158.1961   1.5678 13.58741717798848
STRIX-4
1 60352U 24137A   26208.48203774  .00019810  00000-0  59882-3 0  9990
2 60352  43.0158  55.5630 0017971 214.3489 145.6204 15.33716213110207
ALSAT 2A
1 36798U 10035D   26208.52874976  .00000972  00000-0  15316-3 0  9995
2 36798  97.7643 209.4361 0002150  87.4590 272.6865 14.74538242859702
RUBIN 2
1 27605U 02058A   26208.82479790  .00000615  00000-0  97536-4 0  9995
2 27605  64.5544   5.4871 0077850 255.4547 103.7913 14.79488897270596
ORS 5 SENSORSAT
1 42921U 17050A   26208.51888164  .00002842  00000-0  15263-3 0  9996
2 42921   0.0471 205.5623 0010392 304.1203 210.3775 15.01020618487102
YAOGAN-30 C
1 42947U 17058C   26208.14646279  .00003281  00000-0  23010-3 0  9997
2 42947  34.9963 136.4092 0005331 211.5415 148.4975 15.04724873481842
QIANFAN-135
1 69081U 26104J   26208.45070262  .00000069  00000-0  87704-4 0  9996
2 69081  88.9909 337.3728 0001679  90.7603 269.3740 13.51022810 10588
TOPSAT
1 28891U 05043B   26208.80925010  .00000475  00000-0  98821-4 0  9991
2 28891  98.3133 347.3308 0016390 153.0604 207.1453 14.64569835106542
ONEWEB-0252
1 48970U 21060D   26208.51416066  .00000002  00000-0 -28124-4 0  9998
2 48970  87.9080 220.7590 0001796  98.3880 261.7455 13.16595930244963
ONEWEB-0424
1 50497U 21132AE  26208.34131959  .00000014  00000-0  20941-5 0  9993
2 50497  87.9206 327.4739 0002062  90.1746 269.9623 13.18687536226938
YAOGAN-30 E
1 43029U 17075B   26208.53153640  .00002740  00000-0  20233-3 0  9999
2 43029  34.9953  24.2997 0004033 243.8428 116.1866 15.02863605473433
VELOX C1
1 41166U 15077A   26208.43559207  .00023851  00000-0  37144-3 0  9992
2 41166  14.9816 132.3510 0004031  98.5252 261.5530 15.51345257588981
ARVAKER-2
1 64567U 25135AR  26208.56387169  .00001727  00000-0  16859-3 0  9996
2 64567  97.7769 322.2823 0002131 137.6850 222.4535 14.93699421 59908
KUIPER-00112
1 65150U 25171U   26208.16296779  .00002772  00000-0  39245-3 0  9992
2 65150  51.9002 258.8764 0000305  81.8334 278.2663 14.79929097 53572
CAPELLA-17 (ACADIA)
1 64583U 25135BH  26208.25402797  .00007108  00000-0  71080-3 0  9991
2 64583  97.7711 321.2887 0004953 203.3345 156.7649 14.91743372 59825
QIANFAN-200
1 69418U 26125T   26208.52542226  .00000046  00000-0  33938-4 0  9990
2 69418  88.9941 275.9508 0022060  45.7789 314.5183 13.75867428  7378
ONEWEB-0495
1 54115U 22138C   26208.69971529  .00000003  00000-0 -25957-4 0  9994
2 54115  87.9181 296.9044 0002504 110.9355 249.2046 13.19727235182166
EO 1
1 26619U 00075A   26208.31227123  .00000749  00000-0  13535-3 0  9995
2 26619  98.1194 164.9226 0009226   9.8062 350.3321 14.69246762652481
QIANFAN-185
1 69403U 26125C   26208.84871161 -.02097197  00000-0 -19783+1 0  9997
2 69403  88.9942 275.9075 0019382  46.4157 313.8619 13.85443158  7425
KUIPER-00617
1 69776U 26151P   26208.13981917  .00021349  00000-0  57076-3 0  9994
2 69776  51.8808 122.5506 0004115 176.3801 183.7216 15.38008168  3859
EPIC ATHENA
1 64871U 25154C   26208.18270994  .00002381  00000-0  22711-3 0  9991
2 64871  97.6651 271.0394 0008198 109.4863 250.7243 14.94231627 54983
KUIPER-00076
1 64823U 25151H   26208.55488882  .00003934  00000-0  54468-3 0  9992
2 64823  51.9004  34.6132 0000580 115.5275 244.5748 14.79940926 56121
QIANFAN-76
1 63162U 25046D   26208.50194646  .00000154  00000-0  22016-3 0  9992
2 63162  88.9721 296.6020 0013936 182.3599 177.7488 13.51017210 77972
COSMOS 946
1 10292U 77079H   26208.55017492 -.00000026  00000-0 -68637-4 0  9999
2 10292  74.0251 133.1859 0031006 326.9352 142.8922 12.44920627203926
S6 MICHAEL FREILICH
1 46984U 20086A   26208.52881462 -.00000037  00000-0  10291-3 0  9998
2 46984  66.0410  51.2619 0007763 269.3497  90.6629 12.80930388265497
HULIANWANG DIGUI-143
1 67441U 26007G   26208.95331674 -.00000089  00000-0  76161-4 0  9996
2 67441  50.0113 299.4752 0000687 169.1551 190.9336 13.29325569 26218
AIGLONSAT-1
1 68437U 26067X   26208.33218998  .00015126  00000-0  69182-3 0  9994
2 68437  97.4518 166.3390 0000434 135.0623 225.0648 15.20628579 18048
AISTECHSAT-2
1 43768U 18099L   26208.55969678  .00005940  00000-0  31413-3 0  9991
2 43768  97.4273 255.7140 0005765 144.0497 216.1125 15.15823052418393
ONEWEB-0111
1 47261U 20100D   26208.60573493  .00000283  00000-0  75253-3 0  9996
2 47261  87.8987 342.6295 0001796 101.8427 258.2903 13.12442652269866
KUIPER-00245
1 67150U 25301T   26208.32556700  .00003060  00000-0  42998-3 0  9990
2 67150  51.9003 185.6920 0000569  40.9550 319.1456 14.79958548 34166
GLOBALSTAR M082
1 38042U 11080C   26208.42389490 -.00000062  00000-0  23398-3 0  9991
2 38042  52.0051 212.0258 0000312  47.6160 115.8107 12.62275010674671
IRIDE FM5
1 66699U 25276AK  26208.66607743  .00008017  00000-0  36775-3 0  9992
2 66699  97.4188 281.5899 0003143 199.5889 160.5226 15.20695969 36572
MAUVE
1 66756U 25276CU  26208.65451826  .00006985  00000-0  31682-3 0  9998
2 66756  97.4194 281.7822 0002904 135.4597 224.6872 15.21127426 36589
HULIANWANG DIGUI-116
1 66955U 25287C   26208.24278747  .00000036  00000-0  48659-4 0  9999
2 66955  86.4871 268.7165 0002278  90.2309 269.9086 13.24413662 30649
COSMOS 841
1  9022U 76069A   26208.20853499  .00000111  00000-0  46583-4 0  9992
2  9022  74.0410 227.4770 0013975 298.0907  61.8833 14.36840114618129
COSMOS 1157
1 11692U 80012B   26208.36170468 -.00000001  00000-0  92008-4 0  9998
2 11692  74.0201  75.3488 0039592 337.1855 135.9336 12.54569511127481
KUIPER-00538
1 69608U 26140S   26208.50002315  .00037271  00000-0  13519-2 0  9997
2 69608  51.8826 204.0438 0007198  28.8493 291.5643 15.27963074  4122
SZ-22 MODULE
1 69328U 25272C   26208.93074478  .00023285  00000-0  26501-3 0  9993
2 69328  41.4800  74.1385 0006506   2.6377 357.4496 15.61706700  9692
RASSVET-3 10
1 68369U 26061K   26208.61112782  .00025663  00000-0  37362-3 0  9999
2 68369  82.2926 326.2693 0007562 158.1644 201.9933 15.55553357 19992
TIANMU-1 03
1 55973U 23039A   26208.52029810  .00015300  00000-0  29079-3 0  9990
2 55973  97.5245  24.1055 0001586 332.2984  27.8181 15.48358719187072
LEMUR 2 KARENDARRELL
1 64841U 25135BU  26208.26610656  .00008146  00000-0  64729-3 0  9999
2 64841  97.7734 324.4307 0013144  68.1494 292.1126 15.00652108 60029
FLOCK 4H 18
1 66721U 25276BH  26208.18862998  .00006689  00000-0  31159-3 0  9994
2 66721  97.4167 280.9399 0002674 224.3796 135.7226 15.20226828 36494
LEMUR 2 HUBBLE-4
1 64565U 25135AP  26208.26627003  .00001982  00000-0  19265-3 0  9992
2 64565  97.7726 321.7129 0003494 134.0387 226.1121 14.93716232 59857
NINGXIA-1 7
1 49019U 21064B   26208.54737277  .00000125  00000-0  14879-3 0  9996
2 49019  45.0032  45.0009 0006455  69.3734 290.7794 14.08556544259937
SENTINEL 2A
1 40697U 15028A   26208.49443395  .00000035  00000-0  29927-4 0  9992
2 40697  98.5676 282.7702 0001355  94.4594 265.6743 14.30816978579490
COSMOS 2061
1 20527U 90023A   26208.27437358  .00000041  00000-0  28242-4 0  9994
2 20527  82.9390 139.8040 0031600 151.2814  11.5010 13.72387125820306
FLOCK 4G 7
1 62624U 25009R   26208.22611877  .00009971  00000-0  34503-3 0  9992
2 62624  97.3941 289.3334 0003635 150.8167 209.3277 15.30073819 85024
ICEYE-X35
1 58302U 23174AY  26208.54068528  .00058631  00000-0  82899-3 0  9993
2 58302  97.3785 294.3365 0006238  60.7093 299.4785 15.56327870151617
KUIPER-00177
1 67766U 26030C   26208.33730476  .00002451  00000-0  35049-3 0  9990
2 67766  51.9027 315.6039 0000392  97.8465 262.2542 14.79918701 25858
CONNECTA IOT-5
1 62703U 25009CY  26208.53087894  .00000761  00000-0  76159-4 0  9992
2 62703  97.7013 286.3564 0000967 311.6020  48.5118 14.94233842 83396
HULIANWANG DIGUI-146
1 67522U 26013A   26208.37996804 -.00000087  00000-0  78980-4 0  9990
2 67522  50.0057 211.7573 0001358 263.1710  96.9008 13.29325849 25391
SATELIOT_1
1 60550U 24149CL  26208.16796006  .00002642  00000-0  22739-3 0  9999
2 60550  97.6746 283.4004 0004715 313.2600  46.8229 14.98212885106051
IRIDE FM1
1 66695U 25276AF  26208.66838569  .00008403  00000-0  37850-3 0  9994
2 66695  97.4185 281.8820 0001887 135.0038 225.1351 15.21306207 36590
COSMOS 2301
1 23443U 94086C   26208.70914390  .00000023  00000-0  68107-4 0  9995
2 23443  82.5736 294.9322 0002870  78.6578  76.1183 12.62228209455013
ONEWEB-0143
1 47289U 20100AH  26208.64808032 -.00000113  00000-0 -34960-3 0  9994
2 47289  87.8983 342.6257 0001810  97.1504 262.9831 13.12444801269950
FLOCK 4H 25
1 66728U 25276BQ  26208.49628013  .00008462  00000-0  38349-3 0  9992
2 66728  97.4182 281.6446 0002193 117.5206 242.6253 15.21094052 35843
KUIPER-00208
1 67775U 26030M   26208.30620522  .00003754  00000-0  52129-3 0  9992
2 67775  51.8993 313.2247 0000262 320.3846  39.7097 14.79923329 25884
SDA_1674
1 65984U 25230L   26208.32118833  .00000146  00000-0  12469-3 0  9997
2 65984  81.3007 174.6828 0002202  97.1153 263.0253 13.82053472 39357
HULIANWANG DIGUI-118
1 66957U 25287E   26208.22770797  .00000041  00000-0  61366-4 0  9997
2 66957  86.4908 268.7953 0002263  92.1278 268.0115 13.24412863 30642
ONEWEB-0415
1 51624U 22012C   26208.47942326  .00000489  00000-0  13641-2 0  9998
2 51624  87.8828  28.2359 0002063  84.0767 276.0595 13.10375558214563
KUIPER-00290
1 68592U 26072V   26208.44234600  .00002514  00000-0  38866-3 0  9994
2 68592  51.9033 358.9349 0000880 153.9878 206.1128 14.76423112 17347
COSMOS 2067
1 20552U 90029D   26208.28704274 -.00000020  00000-0 -24240-4 0  9996
2 20552  73.9846 316.4453 0039430  98.7823 290.1270 12.57938635667240
TIANQI 23
1 57794U 23135C   26208.45504637  .00000018  00000-0  78050-4 0  9991
2 57794  49.9745 343.1289 0013349  42.7678 317.4271 14.23062043150361
OSCAR 32
1 19071U 88033B   26208.43862402  .00000069  00000-0  12544-3 0  9991
2 19071  90.3278  23.7021 0185931 256.4640 129.8571 13.27984628852747
SPOQC
1 68423U 26067H   26208.82658550  .00005603  00000-0  26947-3 0  9996
2 68423  97.4522 166.7529 0002578 101.0011 259.1514 15.19191864 18119
FLOCK 4G 35
1 62683U 25009CC  26208.20332540  .00037931  00000-0  88810-3 0  9999
2 62683  97.3963 292.3039 0005266 160.6990 199.4458 15.42007957142830
FOSSASAT2E24
1 66780U 25276DV  26208.19662172  .00003684  00000-0  17858-3 0  9994
2 66780  97.4162 280.7720 0004437  13.7325 346.4029 15.19137184 36482
COSMOS 2553
1 51511U 22011A   26208.48087242 -.00000032  00000-0  86991-4 0  9995
2 51511  67.0943 307.4264 0004042 272.3495  87.6985 11.32844483185007
ONEWEB-0590
1 54656U 22166Q   26208.49239667  .00000067  00000-0  13055-3 0  9997
2 54656  87.9232 235.9512 0002016  81.0449 279.0913 13.21827008176851
ONEWEB-0410
1 51622U 22012A   26208.38751115  .00000039  00000-0  68087-4 0  9997
2 51622  87.9169 357.8656 0000924  51.1850 308.9364 13.17647632218995
WILDFIRE 1
1 57764U 23133H   26208.32304364  .00000084  00000-0  63330-4 0  9995
2 57764  81.0024 328.4229 0005570 247.6652 112.3914 13.85737389146618
COSMOS 1680
1 16011U 85079A   26208.51270970  .00000117  00000-0  50913-4 0  9998
2 16011  74.0517 251.0793 0014052  51.6566 308.5846 14.34170151137588
ONEWEB-0347
1 49280U 21090B   26208.19557703  .00000059  00000-0  11432-3 0  9998
2 49280  87.9171 266.4674 0002111 103.9945 256.1423 13.20771402236325
YAOGAN-36 03B
1 54374U 22160C   26208.13558022  .00007464  00000-0  32568-3 0  9996
2 54374  34.9929 115.2816 0007805 166.0829 194.0102 15.21420267203818
ICEYE-X81
1 69889U 26156W   26208.67044091  .00003211  00000-0  32640-3 0  9994
2 69889  97.7542 108.7864 0007128  80.2792 279.9231 14.91470970  3037
FORTE
1 24920U 97047A   26208.65316343  .00000154  00000-0  85398-4 0  9990
2 24920  69.9534 282.6188 0023963 228.2087 131.6989 14.27959553504468
LEMUR 2 SQUIRRELCOMM
1 60578U 24149DQ  26208.68238664  .00006408  00000-0  42544-3 0  9997
2 60578  97.6710 289.4743 0003631 269.0160  91.0651 15.07569458106506
DUMMY MASS 2
1 24926U 97048B   26208.70748738  .00000389  00000-0  40157-4 0  9994
2 24926  86.3367 309.3559 0008507 145.0869 215.0916 14.87118245565163
HULIANWANG DIGUI-02
1 62324U 24240B   26208.49963120  .00000025  00000-0  24851-4 0  9992
2 62324  86.5059 329.8109 0002049 103.4119 256.7243 13.24411846 77982
YAOGAN-39 04A
1 58141U 23163A   26208.81091994  .00009525  00000-0  39451-3 0  9999
2 58141  35.0012  89.2606 0005083 359.9230   0.1483 15.23155036153770
LANDSAT 1 (ERTS 1)
1 06126U 72058A   26208.04444039 -.00000239  00000-0 -13589-3 0  9998
2 06126  99.3356 238.4528 0008456 142.7576 217.4174 13.97841043753527
ONEWEB-0558
1 56059U 23043P   26208.79027983  .00000089  00000-0  18341-3 0  9997
2 56059  87.9225 235.8963 0002351  89.2863 270.8541 13.21826473163603
TIANMU-1 09
1 57401U 23101C   26208.46663125  .00006484  00000-0  22382-3 0  9997
2 57401  97.2521 257.3757 0003272  34.8678 325.2776 15.30287630167800
FENGYUN 3F
1 57490U 23111A   26208.49166922  .00000048  00000-0  43219-4 0  9995
2 57490  98.6818 277.7452 0001013  75.8459 284.2830 14.19945110154589
GEESAT 3-08
1 61018U 24159H   26208.51184751  .00001812  00000-0  23943-3 0  9993
2 61018  50.0048 256.0534 0028034 248.5615 111.2333 14.84368435102764
IRIDIUM 131
1 43079U 17083K   26208.23675003 -.00000015  00000-0 -12440-4 0  9999
2 43079  86.3988 305.4397 0002107  93.8830 266.2607 14.34217374449843
ORBCOMM FM 22
1 25476U 98053B   26208.15466245  .00000876  00000-0  32354-3 0  9991
2 25476  45.0062 141.3980 0002276  57.4180 302.6889 14.39521581455606
COSMOS 2390
1 27464U 02036A   26208.47536341  .00000002  00000-0 -59215-4 0  9994
2 27464  82.4871 319.7631 0025858 168.1756 191.9937 12.44624519 92689
ZY-1 02D
1 44528U 19059A   26208.50149941  .00000344  00000-0  13600-3 0  9992
2 44528  98.6711 270.1154 0003053 248.1204 111.9656 14.35272150360120
COSMOS 1181
1 11803U 80039A   26208.35347961  .00000054  00000-0  41201-4 0  9990
2 11803  82.9425 186.0666 0023479 125.8233  35.9542 13.74207205315476
TIANQI 32
1 61198U 24170D   26208.47808759  .00000093  00000-0  15464-3 0  9990
2 61198  44.8620 318.1558 0008263 258.6302 101.3600 13.97707139 90172
FORMOSAT 3A
1 29047U 06011A   26208.49576700  .00000315  00000-0  13268-3 0  9998
2 29047  71.9750 228.7155 0047970 170.4145 189.7920 14.31425521 60170
ONEWEB-0412
1 50489U 21132W   26208.31939713  .00000085  00000-0  18399-3 0  9995
2 50489  87.9202 327.4792 0001857 109.6269 250.5064 13.18687347226947
QIANFAN-227
1 69856U 26155J   26208.54002910  .00000238  00000-0  10498-3 0  9990
2 69856  89.0055  59.5499 0030996 181.1417 178.9708 14.19930883  3137
IRIDIUM 159
1 43578U 18061K   26208.53243647  .00000069  00000-0  17481-4 0  9995
2 43578  86.3936  39.8270 0002102  88.6331 271.5105 14.34217491419165
YIJIAN
1 41899U 16081B   26208.40537994  .00000602  00000-0  13338-3 0  9995
2 41899  98.5397 207.5544 0020760 181.0270 179.0891 14.60808085510466
ONEWEB-0341
1 49207U 21083X   26208.27893339  .00000077  00000-0  16175-3 0  9995
2 49207  87.9201 327.4874 0002097  86.4985 273.6387 13.18685258235276
JAS 1 (FUJI 1)
1 16909U 86061B   26208.49894354 -.00000095  00000-0  17017-4 0  9995
2 16909  50.0166  29.4235 0010908 263.7180 122.8833 12.44486383817113
KUIPER-00616
1 69775U 26151N   26208.78060018  .00028403  00000-0  73985-3 0  9999
2 69775  51.8796 119.3486 0002901 167.8822 192.2236 15.38645784  3953
COSMOS 475
1 05846U 72009A   26208.10711260  .00000051  00000-0  75375-4 0  9994
2 05846  74.0479  64.0519 0023136 321.3891 157.5193 13.76422928732583
ORBCOMM FM 36
1 25984U 99065E   26208.36883211  .00000944  00000-0  34711-3 0  9993
2 25984  45.0402 328.8212 0004691 185.8457 174.2338 14.39268102392771
COSMOS 2230
1 22307U 93001A   26208.62376661  .00000087  00000-0  76010-4 0  9995
2 22307  82.9389 258.5964 0025617  54.6821 109.7564 13.73893952672637
MICROSCOPE
1 41457U 16025B   26208.00800609  .00000879  00000-0  19440-3 0  9991
2 41457  98.2447 220.4243 0001892  86.4439 273.6977 14.59645168544539
CARB
1 64899U 25156A   26208.64286591  .00000620  00000-0  10434-3 0  9997
2 64899  98.0068 285.1694 0018447 132.6226 227.6541 14.72897531 53923
QPS-SAR-5 TSUKUYOMI-I
1 58578U 23196A   26208.50171932  .00013167  00000-0  54506-3 0  9991
2 58578  42.0095 146.1508 0027284 196.5510 163.4435 15.23429596144393
HULIANWANG DIGUI-66
1 65172U 25174J   26208.51110201  .00000072  00000-0  13246-3 0  9997
2 65172  86.4889 238.2808 0001951 102.3782 257.7571 13.24407949 46126
GLOBALSTAR M065
1 31571U 07020A   26208.64228541 -.00000088  00000-0  86380-4 0  9992
2 31571  51.9893  72.1603 0010077 123.2081 270.4384 12.62033112884600
IONOSFERA-M 04
1 64877U 25155B   26208.47247411  .00000057  00000-0  45695-4 0  9993
2 64877  98.6057 169.2859 0001921  86.9033 273.2364 14.21495113 52129
QIANFAN-161
1 69120U 26108S   26208.54552852  .00000039  00000-0  36205-4 0  9991
2 69120  89.0119  17.9117 0018680 358.9619   1.1495 13.60299265  9943
COSMOS 2192
1 21981U 92030F   26208.64090909 -.00000021  00000-0 -32351-4 0  9993
2 21981  74.0061 335.7719 0009209 311.6797  58.6116 12.46694738554157
COSMOS 2428
1 31792U 07029A   26208.63884714  .00000413  00000-0  24746-3 0  9993
2 31792  70.9380 269.5467 0007431  56.4801 303.7029 14.12944081983861
COSMOS 1827
1 17582U 87026A   26208.27263782  .00000013  00000-0  11441-4 0  9990
2 17582  82.5711 166.3516 0013501  66.4228 293.8281 12.65018409817718
KUIPER-00500
1 68882U 26095U   26208.61571797 -.00005498  00000-0 -69260-3 0  9999
2 68882  51.9011  71.8827 0001016  86.2969 273.8109 14.79939628 13600
KUIPER-00108
1 65146U 25171Q   26208.83287396  .00002886  00000-0  40746-3 0  9990
2 65146  51.9010 260.9248 0000395  79.5501 280.5506 14.79928760 53619
SAC C
1 26620U 00075B   26208.49759156  .00000582  00000-0  12351-3 0  9992
2 26620  98.4977 221.5466 0001023  94.2402 265.8916 14.62965856366717
ONEWEB-0548
1 56050U 23043E   26208.78249933  .00000175  00000-0  42487-3 0  9992
2 56050  87.9075 220.7050 0001637  99.4766 260.6550 13.16596022164301
ONEWEB-0266
1 48984U 21060T   26208.48405598  .00000117  00000-0  27318-3 0  9996
2 48984  87.9079 220.7702 0002019  89.7579 270.3783 13.16593733244889
KUIPER-00105
1 65143U 25171M   26208.11841631  .00003015  00000-0  42429-3 0  9991
2 65143  51.8995 269.1033 0000360  85.3320 274.7683 14.79932491 53433
COSMOS 1741
1 16681U 86030A   26208.60462286  .00000099  00000-0  45018-4 0  9991
2 16681  74.0258 333.6888 0019677 247.7964 112.1100 14.33941352105005
BLACKJACK ACES-1
1 56956U 23084AA  26208.42188574  .00006739  00000-0  32653-3 0  9992
2 56956  97.6242 343.7929 0002268 103.7170 256.4316 15.18875226123005
HULIANWANG DIGUI-59
1 65165U 25174B   26208.54135612  .00000058  00000-0  99842-4 0  9996
2 65165  86.4897 238.2600 0001967  98.8821 261.2535 13.24408318 46139
ICEYE-X52
1 64572U 25135AW  26208.46638829  .00002332  00000-0  22587-3 0  9991
2 64572  97.7777 322.2814 0002236 155.3695 204.7632 14.93690367 59892
KUIPER-00496
1 69597U 26140F   26208.50002315  .00041455  00000-0  12793-2 0  9996
2 69597  51.8764 204.6338 0011326  92.0327 272.1052 15.33103278  4052
VANGUARD 2
1    11U 59001A   26208.48247216  .00000950  00000-0  47991-3 0  9996
2    11  32.8774 292.6230 1445896 286.2508  58.4157 11.90600462540274
VANGUARD 3
1 00020U 59007A   26208.82643276  .00000339  00000-0  12024-3 0  9996
2 00020  33.3536 120.5904 1638416 271.4874  69.9452 11.61993202489347
EXPLORER 7
1    22U 59009A   26208.52551483  .00010114  00000-0  32865-3 0  9992
2    22  50.2423 260.5221 0076973 288.1939  71.0654 15.29654719806525
TIROS 1
1 00029U 60002B   26208.40354685  .00000493  00000-0  94972-4 0  9993
2 00029  48.3767 193.5143 0021549  81.6097 278.7258 14.78817683548083
TRANSIT 2A
1 00045U 60007A   26208.55669421  .00000222  00000-0  80806-4 0  9990
2 00045  66.6922 253.4280 0242655 130.8687 231.3723 14.36000919385845
SOLRAD 1 (GREB)
1 00046U 60007B   26208.74517220  .00000454  00000-0  10166-3 0  9999
2 00046  66.6881 117.6584 0202225 263.1190  94.6879 14.54922477462903
COURIER 1B
1 00058U 60013A   26208.59516212  .00000117  00000-0  44860-4 0  9997
2 00058  28.3281 294.6982 0164764 182.3851 177.5914 13.46430827239517
EXPLORER 11
1 00107U 61013A   26208.87956494  .00003404  00000-0  39801-3 0  9994
2 00107  28.7766  81.7639 0492364 148.5051 214.5993 14.22387723282297
TRANSIT 4A
1 00116U 61015A   26208.26672484  .00000014  00000-0  69372-4 0  9994
2 00116  66.8093 152.7544 0081756 246.8948 112.3499 13.92337986302283
SOLRAD 3/INJUN 1
1   117U 61015B   26208.52006367 -.00000006  00000-0  55210-4 0  9993
2   117  66.8117 266.8140 0084555 269.6416  89.4973 13.90194505299667
TIROS 3
1 00162U 61017A   26208.61519732 -.00000001  00000-0  45774-4 0  9999
2 00162  47.8978 185.0560 0043272 145.5386 214.8326 14.45406513397625
TRANSIT 4B
1 00202U 61031A   26208.58648356  .00000030  00000-0  88013-5 0  9996
2 00202  32.4360 159.9393 0101074 161.8560 198.5704 13.63795751226510
TRAAC
1   205U 61031B   26208.52640259  .00000057  00000-0  41713-4 0  9991
2   205  32.4425 316.6434 0102307 278.4483  80.4553 13.62576062224578
TIROS 4
1 00226U 62002A   26208.62991600  .00000074  00000-0  65778-4 0  9999
2 00226  48.2942 187.6874 0075573  58.7551 302.0724 14.47198806374303
TIROS 5
1 00309U 62025A   26208.04944193  .00000203  00000-0  67740-4 0  9992
2 00309  58.0904  73.1974 0179301 322.7494  36.1206 14.60696794387652
FTV 3502
1   369U 62039A   26208.44796067  .00001462  00000-0  14121-3 0  9994
2   369  98.4577 295.7688 0078477 357.6377   2.4458 14.92395871421612
TIROS 6
1   397U 62047A   26208.48066829  .00001224  00000-0  12829-3 0  9993
2   397  58.3025 109.1800 0004933 165.9998 194.1188 14.96115787418351
ALOUETTE 1 (S-27)
1 00424U 62049A   26208.14698528  .00000097  00000-0  10084-3 0  9994
2 00424  80.4644 216.8414 0023817 131.9463 228.3718 13.69596733186583
ANNA 1B
1   446U 62060A   26208.27850161 -.00000106  00000-0  40915-4 0  9997
2   446  50.1391 210.2623 0070128 134.4724 320.3226 13.35364519109068
EXPLORER 16
1 00506U 62070A   26208.18225562 -.00000085  00000-0  41233-4 0  9996
2 00506  52.0014 274.3784 0276409  76.5738 286.5832 13.85797091214308
TRANSIT 5B-1
1 00670U 63038B   26208.33221940  .00000055  00000-0  78205-4 0  9991
2 00670  89.9670 332.7529 0039492 279.7496  79.9193 13.44686107 79583
RADIATION SAT (5E 1)
1 00671U 63038C   26208.60580988  .00000054  00000-0  75469-4 0  9990
2 00671  89.9681 332.8749 0038706 232.7093 127.0524 13.45229742 80483
TRANSIT 5B-2
1 00704U 63049B   26208.85875336  .00000070  00000-0  99803-4 0  9996
2 00704  89.9198  70.1170 0034808 179.1855 192.6287 13.47130260 76805
TRANSIT 5E 3
1   705U 63049C   26208.41370572  .00000078  00000-0  11007-3 0  9998
2   705  89.9202  70.0901 0035044 136.7189 343.9644 13.47679422 77510
TIROS 8
1 00716U 63054A   26208.13484375  .00000291  00000-0  73743-4 0  9995
2 00716  58.4929 248.2387 0017598 328.6162  31.3826 14.73212779321603
GGSE 1 (GGRS)
1 00728U 64001B   26208.39493693  .00000041  00000-0  67260-4 0  9992
2 00728  69.9079 116.9893 0015937 291.2481  68.6922 13.97782600185299
SECOR 1B
1 00729U 64001C   26208.39834070  .00000000  00000-0  39685-4 0  9996
2 00729  69.8987 206.5591 0013095  14.4797 345.6680 13.95229791182310
SOLRAD 7A
1 00730U 64001D   26208.36892560  .00000000  00000-0  39381-4 0  9996
2 00730  69.9047 190.5990 0015008 331.2620 178.2847 13.96061090 66241
GREB
1 00731U 64001E   26208.32814280  .00000009  00000-0  45703-4 0  9990
2 00731  69.9049 180.8289 0015242 327.1161  32.8994 13.96314913183187
OPS 3367 A
1 00734U 64002B   26208.27225453  .00000088  00000-0  52450-4 0  9990
2 00734  98.9784 139.6622 0015508  71.4525 288.8339 14.29710367254498
OPS 3367 B
1 00735U 64002C   26208.25507239  .00000066  00000-0  45081-4 0  9992
2 00735  98.9808 134.1498 0016211 187.0190 173.0765 14.28589335252439
OPS 4412 (TRANSIT 9)
1   801U 64026A   26208.40541050  .00000425  00000-0  20490-3 0  9993
2   801  90.4546 190.0545 0044796 252.8867 106.7413 14.17106786191847
OPS 4467 A
1 00812U 64031A   26208.42276459  .00000051  00000-0  45150-4 0  9997
2 00812  99.8256   8.4608 0005203 342.8734  17.2265 14.24603119222021
OPS 4467 B
1   813U 64031B   26208.34946101  .00000056  00000-0  48178-4 0  9995
2   813  99.8333   5.7942 0006026  68.2944 291.8872 14.23722393220640
EXPLORER 20
1   870U 64051A   26208.21108022  .00000123  00000-0  86937-4 0  9998
2   870  79.8953 235.1819 0097125 177.8657 182.2934 13.91798200139004
COSMOS 44
1 00876U 64053A   26208.44834922  .00000100  00000-0  37979-4 0  9993
2 00876  65.0576 206.7254 0150642 249.2132 109.2777 14.65752264294571
OPS 5798 (TRANSIT 5B-4)
1 00897U 64063B   26208.62024890  .00000053  00000-0  65518-4 0  9999
2 00897  90.2318  76.4754 0021450  63.4289 325.4064 13.53738810 50699
EXPLORER 22
1 00899U 64064A   26208.10309237  .00000155  00000-0  12751-3 0  9999
2 00899  79.6892  83.3284 0119818 103.2321 258.2227 13.83064389110495
CALSPHERE 1
1   900U 64063C   26208.57325926  .00000561  00000-0  56130-3 0  9995
2   900  90.2199  72.7147 0025509 165.2589 227.3445 13.76662273 76986
CALSPHERE 2
1 00902U 64063E   26208.62876956  .00000068  00000-0  88532-4 0  9991
2 00902  90.2326  76.7583 0020503 107.9209 283.7490 13.52902978861733
EXPLORER 25 (INJUN-4)
1 00932U 64076B   26208.40086378  .00001172  00000-0  40969-3 0  9993
2 00932  81.3424 347.5194 1118560 177.0964 183.7423 12.67261556824224
OPS 6582 (TRANSIT 5E-5)
1   959U 64083C   26208.38036639  .00000175  00000-0  21177-3 0  9994
2   959  90.0089 187.3717 0041779 181.4111 343.7017 13.62506019 55682
OPS 6582 (TRANSIT 5B-5)
1 00965U 64083D   26208.44563648  .00000057  00000-0  66102-4 0  9990
2 00965  90.0767 203.3615 0042346 157.4359 355.7591 13.57016198 49070
TIROS 9
1 00978U 65004A   26208.27376064  .00000190  00000-0  26785-3 0  9993
2 00978  96.4072 338.6896 1156834 308.3910  41.8632 12.11148788716468
SECOR 3
1 01208U 65016E   26208.13373909  .00000037  00000-0  65044-4 0  9995
2 01208  70.0794  99.0227 0018962  26.4609  47.1652 13.96085639124745
GGSE 2
1 01244U 65016B   26208.11487645  .00000032  00000-0  61055-4 0  9999
2 01244  70.0791 101.2679 0019589  30.0132 330.2093 13.96166082123631
OPS 4988 (GREB 6)
1 01271U 65016A   26208.09933280  .00000034  00000-0  62310-4 0  9994
2 01271  70.0790  73.0262 0020247  10.0747 104.8037 13.96666025124385
PORCUPINE 1
1  1272U 65016H   26208.52521166 -.00000002  00000-0  37079-4 0  9999
2  1272  70.0793 163.9506 0019762  66.6725 293.6457 13.94538320122006
SOLRAD 7B
1 01291U 65016D   26208.26593230  .00000004  00000-0  41615-4 0  9994
2 01291  70.0792 151.0568 0018640  65.2944 295.0099 13.94979782122294
GGSE 3
1 01292U 65016C   26208.18965724  .00000085  00000-0  90821-4 0  9999
2 01292  70.0747 225.6585 0022109 258.0929 101.7701 14.01597925130175
OSCAR 3
1 01293U 65016F   26208.28761197 -.00000057  00000-0 -15047-5 0  9998
2 01293  70.0750 312.0220 0015147  94.1040 266.1805 14.08486875137732
OPS 4682 (SNAPSHOT)
1  1314U 65027A   26208.43156843  .00000041  00000-0  12654-3 0  9997
2  1314  90.2409   7.1162 0030201 182.8469 192.1702 12.91806206636222
SECOR 4 (EGRS 4)
1 01315U 65027B   26208.42044341 -.00000040  00000-0 -17520-3 0  9994
2 01315  90.2501  16.4833 0032888  95.1417 293.3789 12.92668395892124
EXPLORER 27
1 01328U 65032A   26208.33098222 -.00000034  00000-0  75743-4 0  9995
2 01328  41.1810 205.5110 0240515 154.8509 206.4179 13.38930810993718
OPS 8480 (TRANSIT 5B-6)
1 01420U 65048A   26208.72121700  .00000116  00000-0  16029-3 0  9997
2 01420  89.8785 285.6940 0071593 314.5761 214.8104 13.51912795  8933
TIROS 10
1 01430U 65051A   26208.29828219  .00000115  00000-0  48480-4 0  9999
2 01430  98.5077 327.4613 0054420 319.5813  40.1338 14.41642746201693
SECOR 5 (EGRS 5)
1  1506U 65063A   26208.35630764 -.00000026  00000-0  33315-4 0  9992
2  1506  69.2298 187.4070 0786421 131.6127  16.7231 11.78690618622980
DODECAPOLE 2
1 01510U 65065C   26208.46584377  .00003060  00000-0  16720-2 0  9998
2 01510  90.0664  25.2963 0040619  58.9749 301.5415 14.11414311 38846
TEMPSAT 1
1  1512U 65065E   26208.44755777  .00000049  00000-0  79476-4 0  9995
2  1512  89.9981 212.5950 0071145 134.4600  21.5874 13.33596115965414
OPS 8464 (TRANSIT 5B-7)
1 01514U 65065F   26208.79870039  .00000088  00000-0  15239-3 0  9993
2 01514  89.9947 227.8879 0071550  47.5431 125.4035 13.35375530966684
NAVSPASUR ROD 1
1  1515U 65065G   26208.50353943  .00000436  00000-0  65345-3 0  9993
2  1515  90.0217 214.3461 0059774 195.2744 319.0445 13.51051725985769
CALSPHERE 4(A)
1  1520U 65065H   26208.50917322  .00000085  00000-0  14571-3 0  9991
2  1520  89.8983 122.0911 0070036 351.6377  69.6166 13.36284902968093
COSMOS 80
1  1570U 65070A   26208.39469197 -.00000102  00000-0 -35391-4 0  9997
2  1570  56.0577   1.5073 0101415  17.6170   4.0909 12.52800757786397
COSMOS 81
1 01571U 65070B   26208.69905350 -.00000086  00000-0  59426-4 0  9992
2 01571  56.0600  92.3210 0088914 142.0188 251.1784 12.48868485777681
COSMOS 82
1 01572U 65070C   26208.29473972 -.00000106  00000-0 -85082-4 0  9990
2 01572  56.0583 150.3485 0072969 314.5444 201.4221 12.45124383769195
COSMOS 83
1  1573U 65070D   26208.51034994 -.00000066  00000-0  19660-3 0  9995
2  1573  56.0512 236.6452 0068426 129.1343 231.5667 12.41046097760214
COSMOS 84
1 01574U 65070E   26208.60560319 -.00000084  00000-0  55340-4 0  9997
2 01574  56.0560 320.0868 0062071 290.2511  81.6637 12.37038305751437
PORCUPINE 2
1 01577U 65065J   26208.48358304  .00000103  00000-0  18221-3 0  9996
2 01577  90.0294 212.2225 0069626 351.8271 172.5484 13.36260949968038
OPS 8068
1  1580U 65072A   26208.41430176  .00000184  00000-0  69639-4 0  9998
2  1580  98.4245   3.5989 0227662 286.8798  70.7535 14.29677854138760
COSMOS 86
1  1584U 65073A   26208.54582589 -.00000097  00000-0 -57397-5 0  9997
2  1584  56.0599  30.6922 0213056 338.6547  52.7137 12.51920993782507
COSMOS 87
1 01585U 65073B   26208.67993264 -.00000101  00000-0 -31525-4 0  9998
2 01585  56.0586 174.9260 0205996  81.4623  87.7858 12.47463361770807
COSMOS 88
1 01586U 65073C   26208.61842197 -.00000056  00000-0  24803-3 0  9999
2 01586  56.0607 274.8177 0186634 221.3786 306.9272 12.43346671763528
COSMOS 89
1  1587U 65073D   26208.50222424 -.00000092  00000-0  68643-5 0  9995
2  1587  56.0579  38.7065 0167030   3.4926 356.7102 12.38989636753852
COSMOS 90
1 01588U 65073E   26208.63375863 -.00000102  00000-0 -81474-4 0  9995
2 01588  56.0543 165.9889 0156345 131.4819  38.9592 12.34593117743987
OV1-2
1  1613U 65078A   26208.50257139  .00002775  00000-0  24445-3 0  9990
2  1613 144.2169 195.0239 1127252 249.1654  98.4766 13.01658091719977
OV2-1
1  1641U 65082C   26208.46270529  .00000288  00000-0  58512-4 0  9999
2  1641  32.2982 347.9762 0018633 202.4724 157.5106 14.54830559223163
EXPLORER 29 (GEOS 1)
1 01726U 65089A   26208.25911465 -.00000025  00000-0  29559-3 0  9996
2 01726  59.3860 298.9886 0711709 247.1717 136.7266 11.97078040654466
EXPLORER 30
1 01738U 65093A   26208.42585649  .00000164  00000-0  88274-4 0  9997
2 01738  59.7069 107.9961 0137804  73.4429 288.1694 14.41851054162192
A-1 (ASTERIX)
1 01778U 65096A   26208.61673113  .00000940  00000-0  25357-3 0  9993
2 01778  34.2557  38.8762 0738605 125.1874 242.0225 13.49863206970254
ALOUETTE 2
1 01804U 65098A   26208.24032930  .00000569  00000-0  17981-3 0  9991
2 01804  79.7951 242.5723 1331070 151.3219 216.8174 12.28385222684197
EXPLORER 31 (ISIS-X)
1 01806U 65098B   26208.59913598  .00000555  00000-0  18690-3 0  9992
2 01806  79.7803 316.4892 1422458  55.3986 317.3116 12.08378531653572
FR 1
1 01814U 65101A   26208.26572153  .00000726  00000-0  11912-3 0  9998
2 01814  75.8657 281.8404 0005706 353.2265   6.8839 14.71729694 61994
OPS 1509 (TRANSIT 10)
1 01864U 65109A   26208.11670775  .00000162  00000-0  13821-3 0  9999
2 01864  89.0709 231.4117 0111897  93.4470 267.9503 13.79071707 41602
OPS 1593 (TRANSIT 11)
1 01952U 66005A   26208.79311575  .00000192  00000-0  18479-3 0  9994
2 01952  90.1484 352.4255 0215111 257.7799  99.9198 13.68148097 11675
ESSA 1 (OT-3)
1 01982U 66008A   26208.54397842  .00000178  00000-0  56615-4 0  9993
2 01982  97.8101 237.4186 0079216 340.2639  19.5495 14.48357338163785
DIAPASON (D1-A)
1 02016U 66013A   26208.29821009  .00000803  00000-0  22164-3 0  9993
2 02016  34.0944 156.0336 1157632 285.0687  62.4903 12.66592005745534
ESSA 2 (OT-2)
1 02091U 66016A   26208.23510013 -.00000040  00000-0  19196-4 0  9999
2 02091 101.2278 116.4637 0038762 174.4769 338.3431 12.69431711798708
OPS 1117 (TRANSIT 12)
1  2119U 66024A   26208.20977676  .00000134  00000-0  12031-3 0  9991
2  2119  89.6018  86.7979 0144269 285.8008  72.7290 13.75423078 20650
OV1-4
1  2121U 66025A   26208.53289163  .00000337  00000-0  57140-4 0  9994
2  2121 144.5015 206.5178 0083900 293.3218  65.8657 13.87329811 56747
OV1-5
1  2122U 66025B   26208.34579213  .00000286  00000-0  35353-4 0  9997
2  2122 144.6332 136.9691 0047603 192.9491 166.9951 13.66174321 10565
OPS 0340
1 02125U 66026A   26208.42577892  .00000888  00000-0  16500-3 0  9991
2 02125  98.0358  15.5119 0147450 118.1362 243.4829 14.60825853165422
OPS 1527 (OV3-1)
1 02150U 66034A   26208.54553372  .00008426  00000-0  44389-3 0  9990
2 02150  82.3736 149.5669 1382918 292.4859  53.5722 12.63777693406971
NIMBUS 2
1 02173U 66040A   26208.32807443  .00000008  00000-0  11171-3 0  9990
2 02173 100.5246  67.8497 0054964 202.6451 329.2997 13.33720660928979
OPS 0082 (TRANSIT 13)
1 02176U 66041A   26208.21937685  .00000156  00000-0  90529-4 0  9993
2 02176  90.2265  84.2310 0062104 342.2318  17.6691 14.04342515 73050
OV3-3
1  2389U 66070A   26208.50260325  .00009117  00000-0  40338-3 0  9991
2  2389  81.3267 295.4205 1007393  53.0241 315.8895 13.46463990604392
OPS 2366 (TRANSIT 14)
1 02401U 66076A   26208.16047035  .00000131  00000-0  17504-3 0  9991
2 02401  88.8434  61.1216 0032144 185.5509 291.3238 13.53963129956503
OPS 6026 (DMSP 4A F1)
1  2418U 66082A   26208.35161681  .00000263  00000-0  84508-4 0  9996
2  2418  98.3460   0.7148 0114038 262.6760  96.1458 14.43917399118084
ESSA 3 (TOS-A)
1 02435U 66087A   26208.21301500 -.00000040  00000-0  12110-4 0  9995
2 02435 101.0713 108.5971 0063672 318.6949 195.5015 12.56880782744035
ESSA 4 (TOS-B)
1  2657U 67006A   26208.51790975 -.00000032  00000-0  88415-4 0  9996
2  2657 102.0826  48.9652 0072859 200.2868 187.4934 12.69891866757665
OPS 6073 (DMSP 4A F2)
1  2669U 67010A   26208.45131042  .00000119  00000-0  66265-4 0  9995
2  2669  99.1074 212.9458 0047710 266.0834  93.4891 14.28231905 90080
DIADEME 1
1 02674U 67011A   26208.65767000  .00003991  00000-0  43127-3 0  9995
2 02674  39.9165  84.1197 0203632 170.3649 190.1127 14.75045398 96080
DIADEME 2
1 02680U 67014A   26208.18906667  .00000783  00000-0  33474-3 0  9997
2 02680  39.4428 280.0384 0701180 271.7168  80.3438 13.42126672881346
OPS 0100 (TRANSIT 15)
1  2754U 67034A   26208.50535373  .00000110  00000-0  14061-3 0  9994
2  2754  90.2329  36.1313 0020649  33.5698 353.8800 13.57413242931582
ESSA 5
1  2757U 67036A   26208.45814948 -.00000033  00000-0  80437-4 0  9997
2  2757 101.9921  32.5099 0042811 172.6973 214.1689 12.68543497744088
COSMOS 158
1 02801U 67045A   26208.84291705  .00000028  00000-0  18018-4 0  9999
2 02801  74.0417 350.3325 0057162 189.2027 170.8084 14.36944730102267
OPS 7218 (TRANSIT 16)
1 02807U 67048A   26208.63855189  .00000100  00000-0  13993-3 0  9994
2 02807  89.6756 346.5577 0020563 174.2646 196.9896 13.50773283913395
OPS 5712 (P/L 160)
1  2826U 67053A   26208.45285094  .00006993  00000-0  97250-3 0  9997
2  2826  69.9179 299.5628 0003096 298.1291  61.9544 14.78214991 72185
GGSE 4
1 02828U 67053C   26208.29400700  .00000047  00000-0  70495-4 0  9991
2 02828  69.9729 336.7720 0005580 128.6895 231.4711 13.98094829 13768
GGSE 5
1 02834U 67053D   26208.21685530  .00000012  00000-0  47163-4 0  9994
2 02834  69.9721  47.3376 0006827 178.0706 182.0427 13.96195649 11734
TIMATION 1
1  2847U 67053E   26208.42294968  .00000180  00000-0  15058-3 0  9995
2  2847  69.9653 120.0300 0006613 349.7173  10.3800 14.02996355 19430
SURCAL 159
1 02872U 67053F   26208.25123156  .00000058  00000-0  76199-4 0  9992
2 02872  69.9738 274.5569 0004601  47.1768 312.9725 13.99610775 15817
OPS 5712 (P/L 152)
1  2873U 67053G   26208.35491919  .00000032  00000-0  59666-4 0  9991
2  2873  69.9762 323.6912 0005219 106.6216 284.6574 13.98534722 14124
OPS 5712 (P/L 153)
1 02874U 67053H   26208.43927684  .00000048  00000-0  72813-4 0  9990
2 02874  69.9740  29.0274 0006142 163.4007 196.7301 13.96833995 12417
OPS 7202 (DMSP 4A F3)
1 02920U 67080A   26208.14437974  .00000051  00000-0  47647-4 0  9999
2 02920  98.5832  56.5738 0036899 241.8054 117.9392 14.15316201 38369
OPS 4947 (TRANSIT 17)
1  2965U 67092A   26208.39251763  .00000085  00000-0  11005-3 0  9993
2  2965  89.2555   7.2554 0045777 298.7626  88.7053 13.53505465901638
OPS 1264 (DMSP 4A F4)
1 02980U 67096A   26208.67090875  .00000382  00000-0  81965-4 0  9993
2 02980  99.1804 289.0655 0092792 348.9579  10.9582 14.63033503 93040
ESSA 6 (TOS-D)
1  3035U 67114A   26208.56350877 -.00000055  00000-0 -49675-4 0  9996
2  3035 102.0191 314.0277 0048933  46.8822  15.5788 12.54249954687671
COSMOS 192
1 03047U 67116A   26208.70271636  .00000260  00000-0  63570-4 0  9998
2 03047  74.0132 298.5284 0007009  95.4211 264.7753 14.57604343104533
COSMOS 198
1 03081U 67127A   26208.35079259 -.00000078  00000-0  87911-5 0  9990
2 03081  65.1418 176.6145 0015625  37.1817 323.0328 13.93395573979177
EXPLORER 36 (GEOS 2)
1 03093U 68002A   26208.26832258 -.00000040  00000-0  11672-3 0  9990
2 03093 105.7814 116.3059 0318737  40.5729  76.7517 12.83607409742505
COSMOS 203
1  3129U 68011A   26208.49063779 -.00000018  00000-0  32796-5 0  9996
2  3129  74.0515  33.1567 0012690 223.4140 164.8753 13.18305580811297
OPS 7034 (TRANSIT 18)
1 03133U 68012A   26208.24202825  .00000114  00000-0  15879-3 0  9999
2 03133  90.0271 274.2219 0072151 233.2842 191.6324 13.51615858599785
COSMOS 209
1 03158U 68023A   26208.68721820 -.00000068  00000-0  14954-4 0  9990
2 03158  65.3316  88.6952 0047825 237.0197 122.6272 13.97936529976677
COSMOS 220
1 03229U 68040A   26208.13809825  .00000768  00000-0  10314-3 0  9991
2 03229  74.0256 102.2549 0033901 352.5705   7.4964 14.80911430 96307
OPS 7869 (DMSP 4B F1)
1  3266U 68042A   26208.46289889  .00000065  00000-0  53603-4 0  9991
2  3266  98.5577  37.7197 0052342 185.5568 174.5032 14.15902918918839
EXPLORER 40 (INJUN-5)
1 03338U 68066B   26208.58389644  .00000114  00000-0  11787-3 0  9991
2 03338  80.6595  56.0009 1129021 217.7003 133.9536 12.23580012583255
