CALSPHERE 1             
1 00900U 64063C   26218.60814428  .00000390  00000+0  38646-3 0  9991
2 00900  90.2190  72.9467 0026832 135.6623 279.4939 13.76671519 78367
CALSPHERE 2             
1 00902U 64063E   26218.61920291  .00000037  00000+0  42825-4 0  9993
2 00902  90.2314  76.9925 0020629  81.7419 338.8412 13.52903967863088
TEMPSAT 1               
1 01512U 65065E   26218.49358795  .00000044  00000+0  68123-4 0  9991
2 01512  89.9990 212.5958 0071643 106.9090  11.3706 13.33596592966750
CALSPHERE 4A            
1 01520U 65065H   26218.61999111  .00000060  00000+0  99259-4 0  9999
2 01520  89.8973 121.9901 0068994 322.9299 109.1740 13.36286383969446
OPS 5712 (P/L 160)      
1 02826U 67053A   26218.60258995  .00003353  00000+0  47091-3 0  9999
2 02826  69.9156 274.6636 0003833 293.8063  66.2683 14.78328920 73687
SURCAL 159              
1 02872U 67053F   26218.54246015  .00000019  00000+0  50064-4 0  9994
2 02872  69.9720 252.3956 0005097  28.3808 331.7576 13.99612747 17252
OPS 5712 (P/L 153)      
1 02874U 67053H   26218.75096506 -.00000002  00000+0  36617-4 0  9998
2 02874  69.9753   6.9239 0005543 147.4913 212.6536 13.96835139 13857
RIGIDSPHERE 2 (LCS 4)   
1 05398U 71067E   26218.57564873  .00000405  00000+0  12511-3 0  9991
2 05398  87.6251 324.8222 0061878  66.8173 293.9529 14.37927579881123
OSCAR 7 (AO-7)          
1 07530U 74089B   26218.58654803 -.00000046  00000+0 -28448-6 0  9994
2 07530 101.9914 232.3593 0012491  36.6401  76.2293 12.53698924366830
STARLETTE               
1 07646U 75010A   26218.55091038 -.00000122  00000+0  14369-4 0  9998
2 07646  49.8239 265.7995 0205770 229.4430 128.8388 13.82351242601509
UOSAT 2 (UO-11)         
1 14781U 84021B   26218.49238452  .00000861  00000+0  92939-4 0  9992
2 14781  97.8101 183.5204 0008292  28.8957 331.2719 14.90905439264622
AJISAI (EGS)            
1 16908U 86061A   26218.65410461 -.00000096  00000+0  95847-5 0  9994
2 16908  50.0119 352.2116 0011106 309.1846 145.4230 12.44516691486671
LUSAT (LO-19)           
1 20442U 90005G   26218.55471967  .00000039  00000+0  30716-4 0  9991
2 20442  98.8845 241.7455 0012525  61.4211 298.8232 14.34136212909610
HST                     
1 20580U 90037B   26218.07431958  .00004356  00000+0  13262-3 0  9994
2 20580  28.4727  99.4728 0001989 350.9042   9.1518 15.31282408796220
SCD 1                   
1 22490U 93009B   26218.56173937  .00000342  00000+0  42751-4 0  9999
2 22490  24.9690 256.5431 0041693 311.4815 213.1817 14.46137354768418
STELLA                  
1 22824U 93061B   26218.60609091 -.00000046  00000+0 -31289-6 0  9997
2 22824  98.7690 283.0305 0007505  90.4956  57.0572 14.27471748711965
EYESAT A (AO-27)        
1 22825U 93061C   26218.41472839  .00000030  00000+0  28521-4 0  9999
2 22825  98.6848 285.8018 0007529 319.0135  41.0481 14.30953966714186
ITAMSAT (IO-26)         
1 22826U 93061D   26218.37914499  .00000030  00000+0  28204-4 0  9996
2 22826  98.6795 285.6889 0007826 300.0094  60.0312 14.31382106714497
USA 119                 
1 23893U 96029A   26218.61990594  .00001071  00000+0  18617-3 0  9997
2 23893  63.3181  60.0874 0853764  49.9927 317.2922 13.46437723112063
JAS-2 (FO-29)           
1 24278U 96046B   26218.51114599 -.00000001  00000+0  37369-4 0  9995
2 24278  98.5204  60.4848 0349250 326.0141  31.9060 13.53276409479978
FORTE                   
1 24920U 97047A   26218.53000886  .00000070  00000+0  51465-4 0  9994
2 24920  69.9516 260.3091 0023472 215.9186 144.0359 14.27962724505871
ORBCOMM FM06            
1 25118U 97084G   26218.16669275  .00000778  00000+0  24817-3 0  9992
2 25118  45.0128 172.0870 0001670 300.9085  73.2804 14.47670193501634
ORBCOMM FM04            
1 25159U 98007C   26218.07071760  .00000392  00000+0  17946-3 0  9996
2 25159 107.9626 272.0923 0042019 239.8920 119.8052 14.35813493483753
CELESTIS-02 & TAURUS R/B
1 25160U 98007D   26218.59481639 -.00000054  00000+0  33317-4 0  9992
2 25160 108.0139  74.1267 0060726  45.7906 341.8257 14.22498439477685
TECHSAT 1B (GO-32)      
1 25397U 98043D   26218.56894478  .00000025  00000+0  31127-4 0  9994
2 25397  99.0106 212.6067 0002366  80.2762 279.8683 14.24437106458506
WESTPAC                 
1 25398U 98043E   26218.53975387 -.00000017  00000+0  13313-4 0  9990
2 25398  99.0180 205.7893 0002367  76.9641 283.1801 14.23055858458103
ORBCOMM FM19            
1 25415U 98046C   26218.13940537  .00000575  00000+0  22775-3 0  9997
2 25415  44.9951   6.1033 0004568 194.9934 334.7984 14.39580765463971
ORBCOMM FM20            
1 25416U 98046D   26217.47483049  .00000454  00000+0  19490-3 0  9990
2 25416  44.9950  17.7321 0001606 181.3968 178.6876 14.38129746463888
ORBCOMM FM27            
1 25481U 98053G   26217.68151105  .00000567  00000+0  22687-3 0  9995
2 25481  45.0051 100.2554 0000847  40.1367 319.9544 14.39221697457368
SCD 2                   
1 25504U 98060A   26218.07306490  .00000315  00000+0  37105-4 0  9995
2 25504  24.9949 124.5092 0016521 290.4898  92.4785 14.45541726467554
ISS (ZARYA)             
1 25544U 98067A   26218.50541180  .00004487  00000+0  88448-4 0  9991
2 25544  51.6323  51.0716 0007292  18.8673 341.2584 15.49364501579551
SWAS                    
1 25560U 98071A   26218.63461438  .00001969  00000+0  12769-3 0  9999
2 25560  69.8953  97.4008 0006452 204.2694 155.8168 15.09896970504885
ISS (UNITY)             
1 25575U 98069F   26218.50541180  .00004487  00000+0  88448-4 0  9997
2 25575  51.6323  51.0716 0007292  18.8673 341.2584 15.49364501579049
DLR-TUBSAT              
1 25757U 99029B   26218.58317044  .00000031  00000+0  19438-4 0  9998
2 25757  98.6731 215.7538 0013897 192.2997 167.7860 14.52438076440564
ORBCOMM FM32            
1 25982U 99065C   26218.54913587  .00000285  00000+0  14234-3 0  9997
2 25982  45.0159 294.8470 0006862 290.9096  69.1017 14.37195328394332
TERRA                   
1 25994U 99068A   26218.77265427  .00000203  00000+0  50217-4 0  9993
2 25994  97.9422 266.3047 0003641  79.0091  36.3891 14.61139106416993
ISS (ZVEZDA)            
1 26400U 00037A   26218.50541180  .00004487  00000+0  88448-4 0  9993
2 26400  51.6323  51.0716 0007292  18.8673 341.2584 15.49364501579081
ISS (DESTINY)           
1 26700U 01006B   26218.50541180  .00004487  00000+0  88448-4 0  9993
2 26700  51.6323  51.0716 0007292  18.8673 341.2584 15.49364501579129
PCSAT (NO-44)           
1 26931U 01043C   26218.44770519  .00000038  00000+0  45330-4 0  9994
2 26931  67.0508 114.2756 0005712 268.6635  91.3813 14.31972838297645
PROBA-1                 
1 26958U 01049B   26218.57914307  .00002012  00000+0  13227-3 0  9991
2 26958  97.9610 228.8804 0053802 313.6239  46.0531 15.07702368351211
TIMED                   
1 26998U 01055B   26218.18532166  .00000853  00000+0  80834-4 0  9998
2 26998  74.0683 134.3431 0002485 276.3215  83.7687 14.95391688338296
MAROC-TUBSAT            
1 27004U 01056D   26218.45509218 -.00000025  00000+0  24362-4 0  9996
2 27004  99.8116  36.2704 0020057  16.5810  37.7706 13.70264288233072
COSMOS 2385             
1 27056U 01058B   26218.62553769 -.00000025  00000+0 -20109-3 0  9999
2 27056  82.5380 187.5949 0007291 113.4459   5.7876 12.60565800132133
COSMOS 2386             
1 27057U 01058C   26218.36853094  .00000035  00000+0  13726-3 0  9991
2 27057  82.5453 182.0468 0001258  67.6984 292.4240 12.61616889132833
AQUA                    
1 27424U 02022A   26218.77319566  .00000452  00000+0  99605-4 0  9991
2 27424  98.4322 189.0783 0001657  96.9050  20.5048 14.62158236290663
COSMOS 2390             
1 27464U 02036A   26218.60386515  .00000050  00000+0  28198-3 0  9992
2 27464  82.4875 313.4326 0026257 146.4681 213.8068 12.44624923 93943
COSMOS 2391             
1 27465U 02036B   26218.60748222  .00000037  00000+0  18835-3 0  9992
2 27465  82.4867 309.9427 0027196 140.6097 219.6968 12.44947426 94127
LATINSAT B              
1 27606U 02058B   26218.12423913  .00000210  00000+0  48271-4 0  9998
2 27606  64.5540  97.6438 0086778 260.1935  98.9362 14.77080247269471
SAUDISAT 1C (SO-50)     
1 27607U 02058C   26218.59304799  .00000748  00000+0  10568-3 0  9993
2 27607  64.5536 333.0186 0073784 253.2133 106.0869 14.83145941271937
LATINSAT A              
1 27612U 02058H   26218.30975197  .00000467  00000+0  70387-4 0  9998
2 27612  64.5541 165.9662 0050348 240.4176 119.1909 14.85553366275071
CORIOLIS                
1 27640U 03001A   26218.57945590  .00000052  00000+0  44950-4 0  9998
2 27640  98.7147 224.6987 0015135  69.6217 290.6584 14.19957277221372
SORCE                   
1 27651U 03004A   26217.81321551  .00001813  00000+0  13969-3 0  9995
2 27651  39.9921 338.4892 0016574  44.8091 315.4039 15.03950757279377
MOST                    
1 27843U 03031D   26218.61521930  .00000031  00000+0  34194-4 0  9995
2 27843  98.7064 225.6407 0010976 105.2039 255.0353 14.21331664197875
CUTE-1 (CO-55)          
1 27844U 03031E   26217.98299386  .00000167  00000+0  91108-4 0  9990
2 27844  98.6755 225.9192 0010469  46.2725 313.9319 14.24363246198768
CUBESAT XI-IV (CO-57)   
1 27848U 03031J   26218.55876816  .00000135  00000+0  78552-4 0  9990
2 27848  98.6787 226.1598 0010571  61.7362 298.4883 14.23644829198540
SCISAT 1                
1 27858U 03036A   26218.60181503  .00000351  00000+0  49461-4 0  9991
2 27858  73.9286  71.1719 0006360 130.1745 229.9989 14.81502473238915
COSMOS 2400             
1 27868U 03037A   26218.60299853 -.00000006  00000+0 -11315-3 0  9996
2 27868  82.4721 298.2419 0020396 306.6504  53.2701 12.45191192 43815
COSMOS 2401             
1 27869U 03037B   26218.63309339  .00000065  00000+0  38299-3 0  9994
2 27869  82.4708 294.5800 0021103 301.4416  58.4602 12.45504450 44055
MOZHAETS 4 (RS22)       
1 27939U 03042A   26218.67137725  .00000366  00000+0  64581-4 0  9998
2 27939  98.3490  44.4638 0012468 106.2671 342.7601 14.73550028222989
LARETS                  
1 27944U 03042F   26218.55951880  .00000020  00000+0  13519-4 0  9999
2 27944  98.4211  21.8362 0011204 236.0265 123.9873 14.63876400220733
DMSP 5D-3 F16 (USA 172) 
1 28054U 03048A   26218.61807081 -.00000028  00000+0  91365-5 0  9993
2 28054  98.9885 242.7775 0007221  13.7678 140.9090 14.14486267176613
CHUANGXIN 1 (CX-1)      
1 28058U 03049B   26218.59787386  .00000117  00000+0  43128-4 0  9991
2 28058  98.5012 118.0204 0013202  34.6110 325.5940 14.48606509203577
SHIYAN-1 (SY-1)         
1 28220U 04012A   26218.52929298  .00007766  00000+0  23126-3 0  9998
2 28220  97.8665 299.9087 0005575 186.1482 173.9693 15.34997448218815
APRIZESAT 2             
1 28366U 04025A   26218.45187743  .00000121  00000+0  50222-4 0  9992
2 28366  98.1070  21.5997 0106854  98.2920 263.0402 14.38057360158861
SAUDICOMSAT 1           
1 28369U 04025D   26218.61285837  .00000168  00000+0  49843-4 0  9994
2 28369  98.5786 230.1091 0031170 227.5723 132.2836 14.55506842171463
SAUDICOMSAT 2           
1 28370U 04025E   26218.56863792  .00000175  00000+0  56849-4 0  9994
2 28370  98.6650 232.2400 0056768 106.7646 253.9786 14.50006167167409
SAUDISAT 2              
1 28371U 04025F   26218.58391742  .00000140  00000+0  42205-4 0  9991
2 28371  98.5537 219.8751 0025503 139.8021 220.5069 14.56709094173080
APRIZESAT 1             
1 28372U 04025G   26218.60666560  .00000139  00000+0  46429-4 0  9998
2 28372  98.6317 230.7071 0044591   3.5214 356.6286 14.51803520169221
AURA                    
1 28376U 04026A   26218.58524011  .00000460  00000+0  10279-3 0  9994
2 28376  98.3451 175.4669 0001630  90.4930 269.6457 14.61397211173578
COSMOS 2407             
1 28380U 04028A   26218.59226404  .00000040  00000+0  24303-4 0  9995
2 28380  82.9587  37.4912 0040540 110.7348 317.2202 13.76337947106818
SHIJIAN-6 01A (SJ-6 01A)
1 28413U 04035A   26218.58156128  .00003728  00000+0  18320-3 0  9991
2 28413  97.5852 245.8368 0004900 337.1349  22.9666 15.18675243195115
SHIJIAN-6 01B (SJ-6 01B)
1 28414U 04035B   26218.59838360  .00002976  00000+0  20476-3 0  9997
2 28414  97.6051 235.8282 0004154 348.1794  11.9335 15.06665785194419
COSMOS 2408             
1 28419U 04037A   26218.60801718  .00000015  00000+0  34067-4 0  9997
2 28419  82.4854 294.2812 0016698 154.5824 205.6082 12.45681304994182
COSMOS 2409             
1 28420U 04037B   26218.66298396  .00000028  00000+0  12567-3 0  9991
2 28420  82.4860 297.4953 0014127 164.8254 195.3253 12.45324349993837
JB-3 3 (ZY 2C)          
1 28470U 04044A   26218.44081491  .00002333  00000+0  11087-3 0  9993
2 28470  97.2826  10.2286 0034169  46.8857 313.5227 15.19674859195415
SWIFT                   
1 28485U 04047A   26218.16313518  .00049286  00000+0  32701-3 0  9993
2 28485  20.5504 157.9361 0002476 285.5939  74.4235 15.73619137194739
NANOSAT-1               
1 28493U 04049B   26218.32755944  .00000652  00000+0  92976-4 0  9990
2 28493  98.2340 356.2353 0005120 122.7108 237.4597 14.80250586162869
COSMOS 2414             
1 28521U 05002A   26218.49585669  .00000072  00000+0  47231-4 0  9995
2 28521  82.9514   5.5834 0040046 183.9415 176.1439 13.87931005 90792
IRS-P5 (CARTOSAT-1)     
1 28649U 05017A   26218.60895076  .00000976  00000+0  10359-3 0  9994
2 28649  97.5305 239.3877 0000724 117.1903 242.9390 14.91168576151334
SJ-7                    
1 28737U 05024A   26218.58614217  .00004068  00000+0  17984-3 0  9990
2 28737  97.7272 250.0646 0014575 210.7619 149.2763 15.22223271155699
REIMEI (INDEX)          
1 28810U 05031B   26218.31866259  .00002512  00000+0  15276-3 0  9990
2 28810  98.0189 344.7237 0018093 303.2614  56.6881 15.11340691138564
BEIJING 1               
1 28890U 05043A   26218.74284090  .00000385  00000+0  83628-4 0  9998
2 28890  98.2979 352.2558 0015679 120.7846 239.4901 14.63560903108047
SINAH 1                 
1 28893U 05043D   26218.55636950  .00000198  00000+0  46901-4 0  9991
2 28893  98.2922 353.1926 0015638 116.6809 243.5996 14.64189871107899
CUBESAT XI-V            
1 28895U 05043F   26218.40896977  .00000837  00000+0  13923-3 0  9991
2 28895  98.3044  15.1056 0014942  50.2124 310.0396 14.72754226109141
COSMOS 2416 (RODNIK-S 1)
1 28908U 05048A   26218.57692870  .00000021  00000+0  68200-4 0  9999
2 28908  82.4666 275.4360 0008962  63.7402  93.6512 12.55602213945220
RESURS-DK 1             
1 29228U 06021A   26218.40300603  .00001385  00000+0  83451-4 0  9998
2 29228  69.9308 209.5442 0007356 251.0555 108.9814 15.13395143110176
ARIRANG-2 (KOMPSAT-2)   
1 29268U 06031A   26218.64654229  .00000288  00000+0  62541-4 0  9993
2 29268  97.8331  40.6580 0012961 274.7807 172.9122 14.64687533 68866
HINODE (SOLAR-B)        
1 29479U 06041A   26218.60195453  .00000406  00000+0  77985-4 0  9993
2 29479  98.0552 234.0130 0018638 125.3444 234.9507 14.68684513 62277
SHIJIAN-6 02A (SJ-6 02A)
1 29505U 06046A   26218.61085928  .00003757  00000+0  19104-3 0  9994
2 29505  97.6328 260.0655 0002445   2.2798 357.8445 15.17476736 79914
SHIJIAN-6 02B (SJ-6 02B)
1 29506U 06046B   26218.72970527  .00000129  00000+0  14713-4 0  9997
2 29506  97.7117 247.4703 0012669 250.2898 109.6959 15.01469326 78327
DMSP 5D-3 F17 (USA 191) 
1 29522U 06050A   26218.58674016  .00000019  00000+0  32414-4 0  9994
2 29522  98.7402 224.1301 0008892 272.9529  87.0627 14.14999534 19557
LAPAN-TUBSAT            
1 29709U 07001A   26218.62235516  .00000511  00000+0  64997-4 0  9999
2 29709  98.1373 218.9910 0012881  27.5612 332.6283 14.85997600 58642
HAIYANG-1B              
1 31113U 07010A   26218.55703384  .00000056  00000+0  37075-4 0  9997
2 31113  98.3539 198.4590 0014632  55.2402 305.0157 14.31038263  7849
SAUDISAT 3              
1 31118U 07012B   26218.44385380  .00000169  00000+0  35473-4 0  9999
2 31118  98.1484 168.8856 0015946  69.6327 290.6591 14.71452191 35139
SAUDICOMSAT 7           
1 31119U 07012C   26218.47921820  .00000415  00000+0  83211-4 0  9995
2 31119  98.3825 193.6523 0056553  39.9865 320.5481 14.66162779 29806
SAUDICOMSAT 6           
1 31121U 07012E   26218.44214477  .00000241  00000+0  55868-4 0  9992
2 31121  98.4143 186.9067 0071873 169.3224 190.9523 14.62600416 27535
SAUDICOMSAT 5           
1 31124U 07012H   26218.51844447  .00000462  00000+0  88275-4 0  9992
2 31124  98.3536 194.4303 0046629 328.7964  31.0473 14.68221335 30980
SAUDICOMSAT 3           
1 31125U 07012J   26218.45967526  .00000414  00000+0  76041-4 0  9995
2 31125  98.3191 194.9155 0037692 252.5517 107.1567 14.70778621 32211
SAUDICOMSAT 4           
1 31127U 07012L   26218.43962109  .00000354  00000+0  74564-4 0  9998
2 31127  98.4030 192.0466 0064658 101.1770 259.6710 14.64555648 28642
YAOGAN-2                
1 31490U 07019A   26218.56703543  .00000415  00000+0  58287-4 0  9999
2 31490  98.2584  80.8182 0021839 109.9566 250.4001 14.82752118 35088
GLOBALSTAR M069         
1 31573U 07020C   26218.03634600 -.00000066  00000+0  24979-3 0  9995
2 31573  52.0027 111.0334 0001176 260.7021 206.2143 12.23473161884900
GLOBALSTAR M072         
1 31574U 07020D   26218.64798709 -.00000073  00000+0  15010-3 0  9998
2 31574  51.9960 325.9073 0001587  71.1360  66.3639 11.91659037880999
COSMO-SKYMED 1          
1 31598U 07023A   26218.72697503  .00001408  00000+0  12662-3 0  9998
2 31598  97.8843  51.0153 0001140  92.9343 267.2009 14.97310579 37358
TERRASAR-X              
1 31698U 07026A   26218.44923125  .00000173  00000+0  11429-4 0  9992
2 31698  97.4468 225.4419 0001617  91.6432 268.4988 15.19152447 60857
COSMOS 2428             
1 31792U 07029A   26218.55013113  .00000396  00000+0  23818-3 0  9990
2 31792  70.9378 248.7384 0007809  36.7550 323.4105 14.12953174985269
SAR-LUPE 2              
1 31797U 07030A   26218.58540786  .00029883  00000+0  41245-3 0  9997
2 31797  98.1063 329.5647 0007380 213.6977 146.3808 15.57121923 64764
WORLDVIEW-1 (WV-1)      
1 32060U 07041A   26218.57166030  .00003599  00000+0  15034-3 0  9991
2 32060  97.3821 337.6088 0001399 114.0248 246.1137 15.24266618 50550
GLOBALSTAR M066         
1 32265U 07048C   26218.54357763 -.00000079  00000+0  12880-3 0  9994
2 32265  51.9584 273.3567 0005145 147.3369   0.3712 12.30390465866425
YAOGAN-3                
1 32289U 07055A   26218.66587824  .00000722  00000+0  78789-4 0  9999
2 32289  97.8142 248.0455 0001370  85.7860 274.3514 14.90957096 13392
COSMO-SKYMED 2          
1 32376U 07059A   26218.59141947  .00000223  00000+0  34586-4 0  9997
2 32376  97.8905  41.4638 0001499  90.6102 269.5283 14.82152848  9476
RADARSAT-2              
1 32382U 07061A   26218.62674863 -.00000066  00000+0 -88354-5 0  9999
2 32382  98.5802 224.8417 0001271  84.0359 276.0968 14.29980085973160
CARTOSAT-2A             
1 32783U 08021A   26218.64280517  .00000809  00000+0  11544-3 0  9990
2 32783  97.7599 265.6215 0010683 313.4641  46.5682 14.79300049986267
CUTE-1.7+APD II (CO-65) 
1 32785U 08021C   26218.75482007  .00003055  00000+0  19270-3 0  9992
2 32785  97.8321 201.2527 0007784 205.6875 154.3967 15.09888667992828
CANX-2                  
1 32790U 08021H   26218.52590300  .00001480  00000+0  10617-3 0  9995
2 32790  97.8681 199.3052 0008731 226.9004 133.1492 15.05942422992381
SEEDS II (CO-66)        
1 32791U 08021J   26218.50776776  .00010279  00000+0  31094-3 0  9995
2 32791  97.7548 218.8764 0004821 116.0541 244.1198 15.34399595995008
YUBILEINY (RS30)        
1 32953U 08025A   26218.71919074  .00000047  00000+0  26563-3 0  9999
2 32953  82.5075 324.0110 0019418 198.0922 161.9469 12.43181841825976
COSMOS 2437             
1 32954U 08025B   26218.62180174 -.00000017  00000+0 -19144-3 0  9997
2 32954  82.5059 326.1157 0020072 216.7669 273.9301 12.42759726825631
COSMOS 2438             
1 32955U 08025C   26218.72813950  .00000039  00000+0  20713-3 0  9990
2 32955  82.5056 321.3751 0021272 191.1301 168.9312 12.43370365826116
COSMOS 2439             
1 32956U 08025D   26218.71618028  .00000064  00000+0  38983-3 0  9995
2 32956  82.5109 326.3886 0020678 201.8162 158.2040 12.43071620825990
FENGYUN 3A              
1 32958U 08026A   26218.58383174  .00000036  00000+0  37557-4 0  9990
2 32958  98.6893 158.4771 0008539 350.8126   9.2893 14.19580545942553
FGRST (GLAST)           
1 33053U 08029A   26218.38109976  .00001907  00000+0  62646-4 0  9999
2 33053  25.5807 215.8986 0008059 196.5343 163.4933 15.24176088  3357
HUANJING 1A (HJ-1A)     
1 33320U 08041A   26218.60013563  .00001071  00000+0  13423-3 0  9991
2 33320  97.6728 202.5021 0018465 338.2322  21.8106 14.84100661965886
HUANJING 1B (HJ-1B)     
1 33321U 08041B   26218.65990567  .00000988  00000+0  12534-3 0  9993
2 33321  97.6562 205.5768 0037009  20.1822 340.0846 14.83408601965893
GEOEYE 1                
1 33331U 08042A   26218.56895601  .00000231  00000+0  52404-4 0  9990
2 33331  98.1309 291.9003 0003237 253.6744 106.4103 14.64666894957522
THEOS                   
1 33396U 08049A   26218.76738488  .00000182  00000+0  10505-3 0  9999
2 33396  98.5534 274.3998 0001152  93.6456 266.4852 14.20140139925143
SHIJIAN-6 03A (SJ-6 03A)
1 33408U 08053A   26218.62799648  .00004876  00000+0  24580-3 0  9990
2 33408  97.8391 253.7112 0010751 190.2230 169.8786 15.17612166970613
SHIJIAN-6 03B (SJ-6 03B)
1 33409U 08053B   26218.65072284  .00000835  00000+0  64216-4 0  9996
2 33409  97.8582 239.3810 0017726 227.2677 132.7057 15.04435175970334
COSMO-SKYMED 3          
1 33412U 08054A   26218.60276914  .00001946  00000+0  13307-3 0  9990
2 33412  97.8232  78.0048 0017366  94.9137 265.4074 15.07247762964535
SHIYAN-3 (SY-3)         
1 33433U 08056A   26218.61885022  .00000061  00000+0  40131-4 0  9995
2 33433  98.6055 244.6656 0013346 351.2921   8.8028 14.30816850926014
CHUANGXIN 1-02 (CX-1-02)
1 33434U 08056B   26218.67031733  .00000099  00000+0  55254-4 0  9997
2 33434  98.6128 244.4302 0014246 357.1761   2.9339 14.30162855925837
YAOGAN-4                
1 33446U 08061A   26218.76267951  .00000549  00000+0  73620-4 0  9996
2 33446  97.9302 151.9026 0012702 265.9725  94.0037 14.83289861953161
GOSAT (IBUKI)           
1 33492U 09002A   26218.25226475  .00000386  00000+0  76582-4 0  9992
2 33492  98.0924 328.7153 0001152 103.0193 257.1140 14.67539954938801
STARS (KUKAI)           
1 33498U 09002G   26218.38644995  .00002181  00000+0  19967-3 0  9991
2 33498  98.1561 167.7611 0008635  14.2044 345.9417 14.96070789945984
KKS-1 (KISEKI)          
1 33499U 09002H   26218.58442414  .00000809  00000+0  10579-3 0  9991
2 33499  98.1162 141.8235 0009045 121.0347 239.1755 14.83238956943666
COSMOS 2451             
1 35498U 09036A   26218.72646126 -.00000016  00000+0 -19447-3 0  9996
2 35498  82.4847  60.9934 0007601  98.0357 262.1584 12.40871218773910
COSMOS 2453             
1 35500U 09036C   26218.59426863 -.00000010  00000+0 -14954-3 0  9991
2 35500  82.4852  56.5791 0007798  59.4621 300.7227 12.41520325774234
DEIMOS-1                
1 35681U 09041A   26218.58101013  .00000067  00000+0  16969-4 0  9992
2 35681  97.7469  13.6426 0002453  58.6474 301.4976 14.75283455914319
DUBAISAT-1              
1 35682U 09041B   26218.35118392  .00000526  00000+0  85366-4 0  9993
2 35682  98.0113 351.0787 0008967 269.6724  90.3458 14.75199561912497
UK-DMC 2                
1 35683U 09041C   26218.72786878  .00000520  00000+0  82511-4 0  9998
2 35683  97.8901 352.4790 0001862  85.4506 274.6916 14.76099937914022
APRIZESAT 4             
1 35684U 09041D   26218.15565943  .00000496  00000+0  65609-4 0  9995
2 35684  98.1385 294.4666 0043794 157.8823 202.4292 14.83944596918776
NANOSAT 1B              
1 35685U 09041E   26218.28171122  .00001114  00000+0  11021-3 0  9998
2 35685  98.1215 338.5663 0049146   1.1471 358.9851 14.93221826921893
APRIZESAT 3             
1 35686U 09041F   26218.38680417  .00001436  00000+0  12836-3 0  9994
2 35686  98.2131  14.0388 0059943 261.0528  98.3904 14.96357753923885
OCEANSAT-2              
1 35931U 09051A   26218.59723847  .00000359  00000+0  27065-3 0  9999
2 35931  98.2369 200.4189 0018203  91.4021 268.9231 13.99667112886384
SWISSCUBE               
1 35932U 09051B   26218.31711205  .00000612  00000+0  13020-3 0  9993
2 35932  98.3981 127.0689 0008057  61.3796 298.8214 14.62568313896485
BEESAT-1                
1 35933U 09051C   26218.21597333  .00000500  00000+0  11011-3 0  9991
2 35933  98.3909 126.4959 0006626  74.5092 285.6840 14.61793077896490
ITUPSAT1                
1 35935U 09051E   26218.25077312  .00000461  00000+0  10494-3 0  9997
2 35935  98.3993 125.6694 0008818  83.7359 276.4845 14.60507551896048
WORLDVIEW-2 (WV-2)      
1 35946U 09055A   26218.75262365  .00000046  00000+0  29669-4 0  9996
2 35946  98.4737 291.5117 0005533  76.8708 283.3096 14.37912500882916
DMSP 5D-3 F18 (USA 210) 
1 35951U 09057A   26218.56112174  .00000188  00000+0  12009-3 0  9991
2 35951  98.9082 199.2313 0012200 105.9208 254.3310 14.14923163866719
SMOS                    
1 36036U 09059A   26218.57447562  .00000157  00000+0  63950-4 0  9999
2 36036  98.4436  45.1727 0001349  97.0419 263.0923 14.39747080880708
PROBA-2                 
1 36037U 09059B   26218.51512659  .00000103  00000+0  34557-4 0  9996
2 36037  98.2471  41.1764 0014364 122.4196 237.8393 14.54882138888843
POISK                   
1 36086U 09060A   26218.50541180  .00004487  00000+0  88448-4 0  9999
2 36086  51.6323  51.0716 0007292  18.8673 341.2584 15.49364501579161
SJ-11-01                
1 36088U 09061A   26218.64759785  .00000147  00000+0  37145-4 0  9996
2 36088  98.0099 198.2138 0009689 218.7732 229.1101 14.63733256891875
COSMOS 2455             
1 36095U 09063A   26218.75974284 -.00000042  00000+0  23697-4 0  9993
2 36095  67.1481 129.9095 0004088 292.0268  68.0382 13.97054739852196
YAOGAN-7                
1 36110U 09069A   26218.59182588  .00000230  00000+0  39108-4 0  9999
2 36110  97.9995 104.1306 0023338 234.9857 124.9163 14.78053165897070
YAOGAN-8                
1 36121U 09072A   26218.63146943 -.00000410  00000+0 -11369-2 0  9994
2 36121 100.2092 100.4572 0020541 209.1065 150.8899 13.05083760795254
XIWANG-1 (HOPE-1)       
1 36122U 09072B   26218.63128476 -.00000329  00000+0 -74515-3 0  9998
2 36122 100.4056 171.6640 0008060 115.6709 244.5238 13.16438543799641
YAOGAN-9 01A            
1 36413U 10009A   26218.35931346 -.00000019  00000+0  50841-4 0  9992
2 36413  63.3611 228.3744 0541631  22.1169 340.2291 13.45706997806725
YAOGAN-9 01B            
1 36414U 10009B   26218.41312943  .00000004  00000+0  66677-4 0  9993
2 36414  63.3624 227.8754 0542487  21.2715 340.9953 13.45714787806506
YAOGAN-9 01C            
1 36415U 10009C   26218.41135080 -.00000010  00000+0  56422-4 0  9994
2 36415  63.3620 228.3876 0543164  21.6065 340.6957 13.45716239806661
CRYOSAT 2               
1 36508U 10013A   26218.59998219  .00000127  00000+0  30885-4 0  9995
2 36508  92.0339 289.5554 0002726  94.6954 265.4565 14.51903368865396
COSMOS 2463             
1 36519U 10017A   26218.53457383  .00000046  00000+0  33950-4 0  9993
2 36519  82.9583 212.7113 0035894 352.8095 129.6791 13.71668258814835
SERVIS 2                
1 36588U 10023A   26218.54378531 -.00000019  00000+0  67049-4 0  9991
2 36588 100.4289  45.5172 0017546 158.0181 272.3324 13.16056260777393
SJ-12                   
1 36596U 10027A   26218.58813244  .00002785  00000+0  14395-3 0  9999
2 36596  97.7624 237.4888 0004721 286.6021  73.4693 15.17154165882506
TANDEM-X                
1 36605U 10030A   26218.51509988  .00000291  00000+0  17067-4 0  9994
2 36605  97.4476 225.5088 0001759  93.4073 266.7363 15.19152636894280
CARTOSAT-2B             
1 36795U 10035A   26218.41577566  .00000233  00000+0  38849-4 0  9992
2 36795  97.9917 268.6352 0012105  35.4524 324.7490 14.78674810867273
ALSAT-2A                
1 36798U 10035D   26218.63971035  .00000686  00000+0  11026-3 0  9997
2 36798  97.7656 219.1323 0002107  78.8584 281.2862 14.74551922861190
TISAT 1                 
1 36799U 10035E   26218.45472065  .00011818  00000+0  36662-3 0  9999
2 36799  98.0719 169.5428 0004732  81.7784 278.3993 15.33573168875403
YAOGAN-10               
1 36834U 10038A   26218.68132649  .00000465  00000+0  60138-4 0  9990
2 36834  97.8972 241.6841 0001439  81.0479  36.7805 14.85489423864702
COSMOS 2467             
1 37152U 10043A   26218.55035845  .00000037  00000+0  19782-3 0  9999
2 37152  82.4557  33.5031 0001503  60.8010   4.0719 12.42987646721763
STRELA 3                
1 37153U 10043B   26218.62458730 -.00000015  00000+0 -18673-3 0  9996
2 37153  82.4555  46.9887 0007351 341.1685  18.9120 12.40792923720623
COSMOS 2468 (RODNIK-S 3)
1 37154U 10043C   26218.59956772  .00000029  00000+0  13325-3 0  9994
2 37154  82.4599  30.6594 0014436 195.0186 236.9223 12.43748544722149
YAOGAN-11               
1 37165U 10047A   26218.61626442  .00000517  00000+0  71750-4 0  9990
2 37165  98.3787  87.0822 0035976  80.4965 280.0310 14.82150076855562
ZHEDA PIXING 1B         
1 37166U 10047B   26218.62330398  .00001419  00000+0  14757-3 0  9999
2 37166  97.9523 197.2031 0020709 112.2749 248.0668 14.91361154857938
ZHEDA PIXING 1C         
1 37167U 10047C   26218.62420103  .00001025  00000+0  10901-3 0  9994
2 37167  97.9815 200.7973 0020142 118.7421 241.5823 14.91094407857943
SBSS (USA 216)          
1 37168U 10048A   26214.20123966  .00005065  00000+0  23968-3 0  9998
2 37168  97.7259 100.5492 0081585  45.6706 111.5546 15.16874777859448
SHIJIAN-6 04A (SJ-6 04A)
1 37179U 10051A   26218.64246719  .00003546  00000+0  17450-3 0  9999
2 37179  97.8278 243.5871 0019711  55.1595 305.1489 15.18537851864607
SHIJIAN-6 04B (SJ-6 04B)
1 37180U 10051B   26218.60896648  .00000396  00000+0  37321-4 0  9999
2 37180  97.8705 224.5564 0010255 146.1336 214.0543 14.99394250863239
GLOBALSTAR M079         
1 37188U 10054A   26218.58581922 -.00000092  00000+0  68250-4 0  9992
2 37188  52.0060 315.2517 0000918 110.4296 353.0095 12.62266708728919
GLOBALSTAR M074         
1 37189U 10054B   26218.59245174 -.00000091  00000+0  70764-4 0  9992
2 37189  52.0035 314.4895 0000593 125.3642 247.8567 12.62262142729521
GLOBALSTAR M076         
1 37190U 10054C   26218.53968565 -.00000097  00000+0  39930-4 0  9990
2 37190  52.0050 314.8579 0000846 126.0874 247.1917 12.62262891729230
GLOBALSTAR M077         
1 37191U 10054D   26218.54146293 -.00000072  00000+0  11218-3 0  9999
2 37191  51.9966  51.4883 0002050 269.1663 124.7080 11.67547858727020
GLOBALSTAR M075         
1 37192U 10054E   26218.56728553 -.00000100  00000+0  22645-4 0  9996
2 37192  51.9974 356.7965 0000751  94.3249 345.4165 12.62268023728304
GLOBALSTAR M073         
1 37193U 10054F   26218.58363490 -.00000083  00000+0  11664-3 0  9992
2 37193  52.0053 270.8892 0000687 125.9365  26.3406 12.62267383730290
FENGYUN 3B              
1 37214U 10059A   26218.66522802 -.00000076  00000+0 -15866-4 0  9996
2 37214  98.9588 264.8853 0022952  45.6752  66.1074 14.14850690814567
COSMO-SKYMED 4          
1 37216U 10060A   26218.60408781  .00000567  00000+0  77733-4 0  9997
2 37216  97.8911  41.4783 0001492  85.2470 274.8914 14.82154002852035
O/OREOS (USA 219)       
1 37224U 10062C   26218.62101628  .00001286  00000+0  12651-3 0  9996
2 37224  71.9715 326.0793 0015575 323.3895  36.6210 14.93930707124172
FASTSAT-HSV01 (USA 220) 
1 37225U 10062D   26218.58038614  .00000300  00000+0  44849-4 0  9997
2 37225  71.9713  47.6356 0015531  27.3293 332.8685 14.82185763121599
RESOURCESAT-2           
1 37387U 11015A   26218.62391376  .00000025  00000+0  31724-4 0  9999
2 37387  98.7612 285.7087 0012445 110.9124 249.3387 14.21604000793344
YOUTHSAT                
1 37388U 11015B   26218.55966145  .00000102  00000+0  60597-4 0  9990
2 37388  98.3729 190.3538 0014133 189.1650 289.0011 14.25648391794813
X-SAT                   
1 37389U 11015C   26218.77319709  .00000016  00000+0  24270-4 0  9995
2 37389  98.3559 193.3975 0013559 189.7141 170.3779 14.25219127794886
SJ-11-03                
1 37730U 11030A   26218.63631446  .00000376  00000+0  79814-4 0  9995
2 37730  97.9379 180.8702 0006892 228.7183 218.0591 14.64382488804497
GLOBALSTAR M083         
1 37739U 11033A   26218.52251581 -.00000113  00000+0 -50474-4 0  9995
2 37739  51.9839 219.2329 0000457 113.8037  61.4114 12.62258457699309
GLOBALSTAR M088         
1 37740U 11033B   26218.08548197 -.00000097  00000+0  39316-4 0  9992
2 37740  52.0210 127.1113 0000530  51.4941  56.1082 12.62269661694799
GLOBALSTAR M091         
1 37741U 11033C   26218.63523247 -.00000111  00000+0 -40557-4 0  9990
2 37741  51.9994  88.3302 0000884  63.6329 323.6248 12.62264516695658
GLOBALSTAR M085         
1 37742U 11033D   26218.54497280 -.00000114  00000+0 -56312-4 0  9997
2 37742  52.0134  39.9397 0001039  79.6913 317.1812 12.62264613696151
GLOBALSTAR M081         
1 37743U 11033E   26218.41076351 -.00000101  00000+0  12811-4 0  9997
2 37743  51.9965  42.7269 0000884  88.2468 298.4595 12.62265692696281
GLOBALSTAR M089         
1 37744U 11033F   26218.54034955 -.00000104  00000+0 -30611-5 0  9999
2 37744  51.9957 356.4818 0000604 119.7222 317.4172 12.62267758697140
SJ-11-02                
1 37765U 11039A   26218.60158731  .00000280  00000+0  62051-4 0  9999
2 37765  98.2548 108.7616 0011831 103.0559 318.7197 14.64526105801337
HAIYANG-2A              
1 37781U 11043A   26218.59343007 -.00000087  00000+0 -47176-4 0  9990
2 37781  99.3423 220.0824 0000825 220.9705 139.1381 13.72584523753579
NIGERIASAT-2            
1 37789U 11044B   26218.62866281 -.00000050  00000+0 -14021-6 0  9992
2 37789  97.8825 194.1351 0029224 323.5644 124.5487 14.70556732797986
NIGERIASAT-X            
1 37790U 11044C   26218.54584186  .00000191  00000+0  48013-4 0  9996
2 37790  97.8590 200.1636 0012455 169.3626 190.7841 14.60898079797526
RASAT                   
1 37791U 11044D   26218.62355715  .00000316  00000+0  63229-4 0  9995
2 37791  98.0570 309.2515 0021407  35.7500  97.8103 14.68211979800584
APRIZESAT 5             
1 37792U 11044E   26218.33733056  .00000471  00000+0  66713-4 0  9995
2 37792  98.2449 152.8028 0051540 199.7925 160.1287 14.81158387806217
APRIZESAT 6             
1 37793U 11044F   26218.35931714  .00000400  00000+0  63975-4 0  9998
2 37793  98.2314 129.8747 0041693 286.0260 195.8536 14.76985850804555
JUGNU                   
1 37839U 11058B   26218.55007274  .00000370  00000+0  53822-4 0  9997
2 37839  19.9621   2.4492 0018499 273.0311 155.2134 14.13789066766161
SRMSAT                  
1 37841U 11058D   26218.42905229  .00000342  00000+0  41813-4 0  9999
2 37841  19.9714 115.3605 0011714  37.4615 119.7102 14.11585226764921
SUOMI NPP               
1 37849U 11061A   26218.59694990  .00000038  00000+0  39086-4 0  9990
2 37849  98.7963 159.1317 0001963 145.4129 214.7175 14.19526563765598
YAOGAN-12               
1 37875U 11066B   26218.99089491  .00002464  00000+0  95266-4 0  9999
2 37875  97.1115 255.1768 0010281  51.8432 308.3733 15.27075036819792
CHUANGXIN 1-03 (CX-1-03)
1 37930U 11068A   26218.74692422 -.00000023  00000+0  83575-5 0  9991
2 37930  98.6988 236.3583 0014474 332.8018 115.3204 14.30547662767887
SHIYAN-4 (SY-4)         
1 37931U 11068B   26218.58770451  .00000068  00000+0  42747-4 0  9996
2 37931  98.6952 237.6516 0022885   0.9737 112.6791 14.31145327766103
SSOT                    
1 38011U 11076E   26218.65026104  .00000643  00000+0  86354-4 0  9993
2 38011  97.8029 277.8430 0001536  79.3822  71.8816 14.82603810791851
PLEIADES 1A             
1 38012U 11076F   26218.62584338  .00000448  00000+0  10617-3 0  9990
2 38012  98.1946 293.0446 0001293  71.4955  38.1704 14.58559564779342
ZIYUAN 1-02C (ZY 1-02C) 
1 38038U 11079A   26218.67134495  .00000499  00000+0  17828-3 0  9998
2 38038  98.4035 284.9178 0007000 146.9290  10.2517 14.38252572766464
GLOBALSTAR M084         
1 38040U 11080A   26218.32178998 -.00000094  00000+0  53945-4 0  9994
2 38040  51.9981 224.6559 0000311 164.3023 298.7722 12.62269757675098
GLOBALSTAR M080         
1 38041U 11080B   26218.20895840 -.00000088  00000+0  87782-4 0  9993
2 38041  52.0033 226.7365 0000469  42.8213  36.4820 12.62258057675202
GLOBALSTAR M082         
1 38042U 11080C   26218.22992649 -.00000091  00000+0  72303-4 0  9998
2 38042  52.0058 182.1755 0000506  46.9955  58.5566 12.62274986675917
GLOBALSTAR M092         
1 38043U 11080D   26218.52819102 -.00000090  00000+0  74920-4 0  9990
2 38043  52.0077 271.6714 0000422 124.2908  16.4574 12.62268450674407
GLOBALSTAR M090         
1 38044U 11080E   26218.58779606 -.00000095  00000+0  51553-4 0  9993
2 38044  52.0105 175.0584 0000567  68.9398 102.3416 12.62269798676070
GLOBALSTAR M086         
1 38045U 11080F   26218.60863843 -.00000081  00000+0  12676-3 0  9991
2 38045  51.9883 174.8411 0001177 140.4771  30.8570 12.62288445676028
LARES                   
1 38077U 12006A   26218.58361098 -.00000029  00000+0  57577-4 0  9999
2 38077  69.4884 206.1637 0009494 338.8699  21.1934 12.54932386663393
YAOGAN-14               
1 38257U 12021A   26218.64441962  .00004471  00000+0  16401-3 0  9996
2 38257  97.3092 354.9457 0005302  21.3844 338.7616 15.28467089793526
GCOM-W1 (SHIZUKU)       
1 38337U 12025A   26218.77171773  .00000260  00000+0  67777-4 0  9998
2 38337  98.2029 158.5627 0001237  85.9075 294.1199 14.57108163756400
ARIRANG-3 (KOMPSAT-3)   
1 38338U 12025B   26218.73903378  .00000253  00000+0  59469-4 0  9990
2 38338  98.1212 175.3373 0004602 330.3094  29.7845 14.62246698758736
SDS-4                   
1 38339U 12025C   26218.62362343  .00000639  00000+0  10069-3 0  9990
2 38339  98.1372 314.8788 0007841 128.5814 231.6099 14.75897361763429
YAOGAN-15               
1 38354U 12029A   26218.63863203 -.00000230  00000+0 -46645-3 0  9991
2 38354 100.7318  64.3273 0025257 176.1303 184.0010 13.18385002682092
NUSTAR                  
1 38358U 12031A   26218.66672454  .00001834  00000+0  59640-4 0  9996
2 38358   6.0272  15.3517 0007323 145.0873 242.5822 15.09239595  1308
EXACTVIEW-1 (ADS-1B)    
1 38709U 12039C   26218.30431836  .00000055  00000+0  43311-4 0  9994
2 38709  98.9824 336.8382 0011332  32.4487 327.7386 14.24997692729849
MKA-PN 1                
1 38711U 12039E   26218.30578391  .00000075  00000+0  51660-4 0  9993
2 38711  98.9765 336.4903 0011840  29.1473 331.0364 14.25443097729988
COSMOS 2481             
1 38733U 12041A   26218.62565203 -.00000011  00000+0 -15339-3 0  9997
2 38733  82.4727  43.7684 0018402 328.9021  31.0968 12.42435354636014
GONETS-M 3              
1 38734U 12041B   26218.62054293 -.00000033  00000+0 -30378-3 0  9994
2 38734  82.4741  33.2098 0015982 313.6233  46.3521 12.44903824636940
GONETS-M 4              
1 38736U 12041D   26218.61822205 -.00000024  00000+0 -24310-3 0  9990
2 38736  82.4779  39.2887 0024477 304.4758  55.4010 12.43905303629224
EXPRESS-MD2             
1 38745U 12044B   26218.52540270  .00018559  44254-5  33266-3 0  9997
2 38745  49.8304 260.8126 1554660 308.7438  38.4166 12.46486697567089
SPOT 6                  
1 38755U 12047A   26218.62046480  .00000211  00000+0  55344-4 0  9999
2 38755  98.2084 285.3306 0001288  98.8763 261.2582 14.58550390740409
SMDC ONE 1.2            
1 38759U 12048B   26218.62145034  .00006469  00000+0  26648-3 0  9994
2 38759  64.6582  13.0674 0084646 160.1509 200.2945 15.21745725123823
CINEMA                  
1 38764U 12048G   26218.53962010  .00021740  00000+0  36316-3 0  9993
2 38764  64.6413 273.2512 0030350 161.5213 198.7038 15.51431361125044
METOP-B                 
1 38771U 12049A   26218.58937605  .00000037  00000+0  36733-4 0  9999
2 38771  98.6471 269.0745 0002278 170.3067 189.8155 14.21451577720428
VRSS-1                  
1 38782U 12052A   26218.58481631  .00000398  00000+0  58818-4 0  9996
2 38782  97.6203 192.3487 0019425  73.0790 287.2551 14.80100399747067
SJ-9A                   
1 38860U 12056A   26218.75022294  .00000798  00000+0  97762-4 0  9997
2 38860  97.6756 188.8876 0027132  90.9150 269.5175 14.85575085707098
SJ-9B                   
1 38861U 12056B   26218.49835234  .00001455  00000+0  15046-3 0  9990
2 38861  97.6025 200.7883 0016544  51.6174 308.6528 14.91487126747226
YAOGAN-16 01A           
1 39011U 12066A   26218.56928045 -.00000016  00000+0  70069-4 0  9990
2 39011  63.3527 159.6688 0439670  27.5355 334.8233 13.45521263672925
YAOGAN-16 01B           
1 39012U 12066B   26218.20238558  .00000005  00000+0  89970-4 0  9993
2 39012  63.3530 160.8394 0439811  27.2692 335.0700 13.45518127672833
YAOGAN-16 01C           
1 39013U 12066C   26218.57418638  .00000015  00000+0  99439-4 0  9995
2 39013  63.3533 159.3793 0439971  26.8338 335.4728 13.45509412672912
PLEIADES 1B             
1 39019U 12068A   26218.63913170  .00000244  00000+0  62324-4 0  9998
2 39019  98.1917 292.9888 0001229  75.9719 284.1617 14.58546292728201
GOKTURK 2               
1 39030U 12073A   26218.60072097  .00000232  00000+0  40930-4 0  9994
2 39030  97.6812  53.5036 0001639 107.3465 252.7925 14.75586836731946
COSMOS 2482 (RODNIK-S 4)
1 39057U 13001A   26218.58724215  .00000050  00000+0  28716-3 0  9993
2 39057  82.4993 189.0068 0026092 275.9063  83.9042 12.42997176614975
COSMOS 2483 (RODNIK-S 5)
1 39058U 13001B   26218.62202817  .00000128  00000+0  83779-3 0  9994
2 39058  82.5010 183.4807 0015128 263.2079  96.7280 12.44026308607869
COSMOS 2484 (RODNIK-S 6)
1 39059U 13001C   26218.61547696 -.00000029  00000+0 -28142-3 0  9996
2 39059  82.5025 190.5408 0024950 285.3387  74.4936 12.42940843614824
GLOBALSTAR M097         
1 39072U 13005A   26218.36550664 -.00000116  00000+0 -70280-4 0  9994
2 39072  52.0044  90.5882 0000854  70.4704 289.6255 12.62271284623248
GLOBALSTAR M093         
1 39073U 13005B   26218.57638351 -.00000107  00000+0 -18099-4 0  9998
2 39073  52.0103  83.3130 0001045  79.0540 281.0444 12.62266700623228
GLOBALSTAR M094         
1 39074U 13005C   26218.57626219 -.00000109  00000+0 -30286-4 0  9993
2 39074  51.9985 357.3794 0000996 100.3978 259.7001 12.62264308624833
GLOBALSTAR M096         
1 39075U 13005D   26218.51052717 -.00000115  00000+0 -62382-4 0  9993
2 39075  52.0078  46.4197 0001053  79.0961 281.0024 12.62275946623743
GLOBALSTAR M078         
1 39076U 13005E   26218.00868741 -.00000008  00000+0  53593-3 0  9993
2 39076  51.9868 131.8909 0001361  32.5515 327.5435 12.62261474622304
GLOBALSTAR M095         
1 39077U 13005F   26218.43124297 -.00000103  00000+0  59785-5 0  9999
2 39077  52.0075 128.2785 0000994  52.2007 307.8949 12.62264153622213
LANDSAT 8               
1 39084U 13008A   26218.56582009  .00000166  00000+0  46937-4 0  9995
2 39084  98.2270 288.0945 0001281  93.2288 266.9057 14.57107174705233
SARAL                   
1 39086U 13009A   26218.73697581  .00000047  00000+0  33340-4 0  9991
2 39086  98.5564  44.6674 0002780 120.5267 239.6192 14.32900341702846
SAPPHIRE                
1 39088U 13009C   26218.56555881  .00000041  00000+0  29364-4 0  9995
2 39088  98.4291  36.8332 0012419  98.3238 261.9357 14.35252855703809
NEOSSAT                 
1 39089U 13009D   26218.45323187  .00000067  00000+0  37721-4 0  9990
2 39089  98.4206  37.2986 0012241  96.1429 264.1152 14.35842325703958
STRAND-1                
1 39090U 13009E   26218.46169875  .00000161  00000+0  68510-4 0  9990
2 39090  98.3950  37.4668 0009895  82.1845 278.0465 14.37190136704288
BRITE-AUSTRIA           
1 39091U 13009F   26218.49645925  .00000090  00000+0  45296-4 0  9996
2 39091  98.4025  36.6953 0011432  90.1754 270.0743 14.36560266704273
GAOFEN-1                
1 39150U 13018A   26218.61769416  .00000395  00000+0  63813-4 0  9991
2 39150  97.9061 289.6527 0018387 102.4415 257.8854 14.76542180715689
NEE-01 PEGASO           
1 39151U 13018B   26218.37073915  .00001368  00000+0  13438-3 0  9995
2 39151  98.1290   4.2055 0012449   5.6358 354.4998 14.93886129718192
PROBA-V                 
1 39159U 13021A   26218.51310740  .00000034  00000+0  33015-4 0  9996
2 39159  98.3632 194.6462 0004093   4.1280 355.9933 14.23607067688277
VNREDSAT 1              
1 39160U 13021B   26216.79118344  .00000534  00000+0  10841-3 0  9998
2 39160  97.9043 268.3345 0001348  80.4453 279.6903 14.64903099707403
COSMOS 2486             
1 39177U 13028A   26218.65459988 -.00000044  00000+0 -19903-6 0  9991
2 39177  98.0185 184.1012 0009900 213.5734 146.4838 14.56212641698728
IRIS                    
1 39197U 13033A   26218.53453205  .00000691  00000+0  85073-4 0  9997
2 39197  97.9312  57.6527 0025021 151.2167 209.0435 14.85978012707852
SJ-11-05                
1 39202U 13035A   26218.60102567  .00000116  00000+0  30961-4 0  9994
2 39202  98.2878  43.7707 0011248  78.0989 282.1474 14.64938984696617
SHIYAN-7 (SY-7)         
1 39208U 13037A   26218.60204933  .00000318  00000+0  58211-4 0  9994
2 39208  98.0910 221.6055 0007634 356.6756   3.4399 14.72337697699629
CHUANGXIN-3 (CX-3)      
1 39209U 13037B   26218.54602953  .00000555  00000+0  90790-4 0  9993
2 39209  98.0833 224.6843 0003701 354.2381   5.8784 14.74695169699774
SHIJIAN-15 (SJ-15)      
1 39210U 13037C   26218.75245831  .00000384  00000+0  69875-4 0  9996
2 39210  98.1070 221.5470 0006015   0.9664 359.1553 14.71560825701761
ARIRANG-5 (KOMPSAT-5)   
1 39227U 13042A   26218.57936294  .00000820  00000+0  62932-4 0  9992
2 39227  97.6227  44.5742 0002862 353.2422   6.8765 15.04472383711438
YAOGAN-17 01A           
1 39239U 13046A   26218.61877774  .00000009  00000+0  95910-4 0  9992
2 39239  63.3875 320.1440 0430421  12.1402 348.9610 13.45510435635071
YAOGAN-17 01B           
1 39240U 13046B   26218.66527091 -.00000217  00000+0 -12106-3 0  9991
2 39240  63.3887 320.6592 0430579  11.6619 349.4005 13.45476058635129
YAOGAN-17 01C           
1 39241U 13046C   26218.63741390 -.00000033  00000+0  55737-4 0  9992
2 39241  63.3883 319.5234 0431387  11.7521 349.3195 13.45482770635168
GONETS-M 5              
1 39249U 13048A   26218.66690247  .00000017  00000+0  51877-4 0  9991
2 39249  82.4852 311.9168 0017783 103.6155 256.6907 12.42893295585158
GONETS-M 6              
1 39250U 13048B   26218.63003639 -.00000002  00000+0 -85813-4 0  9996
2 39250  82.4881 312.8393 0020198 134.6808 225.5922 12.43032400585218
GONETS-M 7              
1 39251U 13048C   26218.62894201  .00000006  00000+0 -29359-4 0  9995
2 39251  82.4922 314.8890 0018595 104.7936 255.5205 12.42916068585102
HISAKI (SPRINT-A)       
1 39253U 13049A   26218.57831472  .00000090  00000+0  37449-4 0  9994
2 39253  29.7209 323.8195 0136723  65.2757 296.1979 13.55547995638269
FENGYUN 3C              
1 39260U 13052A   26218.57520948  .00000029  00000+0  36063-4 0  9992
2 39260  98.5033 190.1476 0013583 236.0444 123.9440 14.15764950665698
CASSIOPE                
1 39265U 13055A   26218.55025795  .00019960 -45576-6  21183-3 0  9993
2 39265  80.9151   5.3736 0279298 251.9596 105.1029 15.28331222675352
POPACS 2                
1 39269U 13055E   26218.61005870  .00014658 -79491-6  23825-3 0  9993
2 39269  80.9896  86.4208 0410974  31.9574 330.5865 14.92965551670733
POPACS 3                
1 39270U 13055F   26218.12598286  .00004374  00000+0  10443-3 0  9997
2 39270  81.0024 174.9914 0546454 277.6601  76.2891 14.57015904645824
SHIJIAN-16 (SJ-16)      
1 39358U 13057A   26218.64200529  .00000088  00000+0  11328-4 0  9995
2 39358  74.9711 261.1161 0014895 108.7225 251.5581 14.92718040693875
YAOGAN-19               
1 39410U 13065A   26218.66023270  .00000152  00000+0  51578-3 0  9993
2 39410 100.1165 192.8159 0009188 336.6270  23.4424 13.15585937610284
APRIZESAT 7             
1 39416U 13066A   26218.39910657  .00000881  00000+0  92245-4 0  9990
2 39416  97.7739 170.9082 0036950  46.7036 313.7254 14.91669983688714
ZACUBE-1 (TSHEPISOSAT)  
1 39417U 13066B   26218.46121844  .00002633  00000+0  20454-3 0  9990
2 39417  97.7988 181.0356 0043347  83.7693 276.8466 15.01475123688274
SKYSAT-A                
1 39418U 13066C   26218.58338424  .00001495  00000+0  87275-4 0  9998
2 39418  97.3782 266.3729 0022551 136.7970 223.5036 15.13231216696104
DUBAISAT-2              
1 39419U 13066D   26218.62070851  .00000528  00000+0  35827-4 0  9993
2 39419  97.4610 207.4645 0009731 211.1303 148.9352 15.10515182694004
OPTOS                   
1 39420U 13066E   26218.56739948  .00000783  00000+0  11878-3 0  9999
2 39420  97.6747  80.6552 0115483 208.4338 151.0539 14.72429822678934
STSAT-3                 
1 39422U 13066G   26218.58073951  .00001987  00000+0  15200-3 0  9998
2 39422  97.6266 187.6667 0008410 213.2926 146.7771 15.03020853691777
WNISAT-1                
1 39423U 13066H   26218.37509866  .00000531  00000+0  10438-3 0  9997
2 39423  97.7266   3.9860 0164209  74.0039 287.9180 14.58161271674043
APRIZESAT 8             
1 39425U 13066K   26218.58627581  .00000583  00000+0  68744-4 0  9998
2 39425  97.8243 165.3597 0047184 119.1015 241.4938 14.87730585687163
TRITON-1                
1 39427U 13066M   26218.67127965  .00001442  00000+0  17616-3 0  9997
2 39427  97.8191 127.3194 0091312  69.9432 291.1582 14.81886127681568
GOMX-1                  
1 39430U 13066Q   26218.77644987  .00001003  00000+0  15730-3 0  9998
2 39430  97.6461  56.0485 0126812 275.1188  83.5556 14.69590957677348
CUBEBUG-2 (LO-74)       
1 39440U 13066AA  26218.43075241  .00001247  00000+0  11893-3 0  9999
2 39440  97.8927 167.6416 0055909 219.5421 140.1714 14.94090913684496
NEE-02 KRYSAOR          
1 39441U 13066AB  26217.81142936  .00001216  00000+0  13797-3 0  9998
2 39441  97.8900 156.6827 0064200 267.0132  92.3736 14.86815299683576
FUNCUBE-1 (AO-73)       
1 39444U 13066AE  26218.16117730  .00004124  00000+0  25315-3 0  9994
2 39444  97.8314 190.6823 0036891  36.3587 324.0137 15.10127543687208
UWE-3                   
1 39446U 13066AG  26218.40768087  .00001784  00000+0  15535-3 0  9992
2 39446  97.8723 174.8405 0049278 150.7502 209.6496 14.97317472685092
SWARM B                 
1 39451U 13067A   26218.53850901  .00002258  00000+0  79318-4 0  9997
2 39451  87.7472 327.0269 0002475 102.6588 257.4939 15.28852586690932
SWARM A                 
1 39452U 13067B   26218.54814937  .00006191  00000+0  10931-3 0  9993
2 39452  87.3304  37.5179 0002899  84.3894 275.7698 15.50120704714052
SWARM C                 
1 39453U 13067C   26218.54806378  .00006183  00000+0  10916-3 0  9998
2 39453  87.3307  36.0993 0002863  84.4769 275.6818 15.50120214714012
SHIYAN-5 (SY-5)         
1 39455U 13068A   26218.73812106  .00000147  00000+0  55122-4 0  9991
2 39455  98.0650  87.2659 0014703 145.0368 215.1792 14.43701201668926
ALICE                   
1 39467U 13072F   26218.59879301  .00005704  00000+0  26946-3 0  9998
2 39467 120.4605 132.0799 0169832  49.5516 312.0229 15.09479141122880
SMDC ONE 2.4            
1 39469U 13072H   26218.75886152  .00010439  00000+0  37746-3 0  9991
2 39469 120.4885 187.5050 0147993  72.0146 289.6997 15.19549923125512
TACSAT 6                
1 39473U 13072M   26218.35979624  .00148122  00000+0  77699-3 0  9991
2 39473 120.4577 344.4589 0035588  96.0872 264.4285 15.79011789127247
SMDC ONE 2.3            
1 39474U 13072N   26218.51635922  .00157010  00000+0  75988-3 0  9995
2 39474 120.4441 348.1035 0033440  89.6295 270.8639 15.80836398125499
COSMOS 2488 (RODNIK-S 7)
1 39483U 13076A   26218.75011884  .00000213  00000+0  14676-2 0  9998
2 39483  82.4863 137.1979 0019742 349.7663  10.3012 12.42907731572173
COSMOS 2489 (RODNIK-S 8)
1 39484U 13076B   26218.72638089  .00000070  00000+0  43098-3 0  9990
2 39484  82.4901 138.6082 0021576 349.3789  10.6832 12.42881187572226
COSMOS 2490 (RODNIK-S 9)
1 39485U 13076C   26218.77882657  .00000118  00000+0  78051-3 0  9998
2 39485  82.4846 136.6209 0022102   4.6543 355.4738 12.42880137572161
COSMOS 2493 (SKRL-756 1)
1 39490U 13078A   26218.57366402  .00001492  00000+0  11044-3 0  9994
2 39490  82.4105 211.8818 0014836  76.3500 283.9377 15.02382667685524
COSMOS 2494 (SKRL-756 2)
1 39491U 13078B   26218.54704985  .00001975  00000+0  13639-3 0  9992
2 39491  82.4101 201.0859 0017382  39.8854 320.3646 15.05124489686381
GPM-CORE                
1 39574U 14009C   26218.56952868  .00006260  00000+0  13547-3 0  9996
2 39574  64.9709 139.2838 0010751 267.7208  92.2702 15.45364417705593
SJ-11-06                
1 39624U 14014A   26218.61229127  .00000248  00000+0  58571-4 0  9996
2 39624  97.9472 243.4453 0013879 181.1939 178.9232 14.61895134658068
SENTINEL-1A             
1 39634U 14016A   26217.94446112  .00000085  00000+0  27560-4 0  9992
2 39634  98.1585 224.7210 0001387  84.4412 275.6946 14.59278904657278
KAZEOSAT 1              
1 39731U 14024A   26218.60400034  .00000340  00000+0  11667-3 0  9990
2 39731  98.3174 289.7886 0001170  89.9687 270.1636 14.42045850645824
COSMOS 2496 (RODNIK-S *)
1 39761U 14028A   26218.65579024  .00000013  00000+0  22737-4 0  9996
2 39761  82.4423  77.1156 0019884 332.5607  27.4421 12.42880073553787
COSMOS 2497 (RODNIK-S *)
1 39762U 14028B   26218.63042778  .00000021  00000+0  78549-4 0  9997
2 39762  82.4472  78.8409 0020344 327.4063  32.5760 12.42896212553788
COSMOS 2498 (RODNIK-S *)
1 39763U 14028C   26218.60454590  .00000044  00000+0  25047-3 0  9993
2 39763  82.4432  77.3221 0021049 326.9604  33.0159 12.42981891553819
ALOS-2                  
1 39766U 14029A   26218.72854448  .00000789  00000+0  11254-3 0  9997
2 39766  97.9222 315.1705 0001588  89.5864 270.5530 14.79477278659051
UNIFORM 1               
1 39767U 14029B   26218.51271870  .00001038  00000+0  97637-4 0  9995
2 39767  97.8065 315.7323 0006064 131.1050 229.0696 14.96054085661740
SOCRATES                
1 39768U 14029C   26218.57292562  .00000918  00000+0  89539-4 0  9991
2 39768  97.9112 332.4365 0006475 160.8753 199.2711 14.94947437661939
RISING 2                
1 39769U 14029D   26218.61711421  .00003293  00000+0  27633-3 0  9992
2 39769  97.6518 286.1946 0005495 113.0300 247.1503 14.99023088661109
KAZEOSAT 2              
1 40010U 14033A   26218.61467617 -.00000246  00000+0 -22695-4 0  9994
2 40010  97.5394  55.5597 0009256 144.0095 216.1746 14.85522062656442
HODOYOSHI-4             
1 40011U 14033B   26218.59685808  .00001164  00000+0  13111-3 0  9996
2 40011  97.5475  40.9946 0024592 135.5878 224.7317 14.88240880656305
UNISAT-6                
1 40012U 14033C   26218.42091610  .00001652  00000+0  18109-3 0  9995
2 40012  97.7939  10.2738 0043345 262.5278  97.1012 14.88455363653635
DEIMOS-2                
1 40013U 14033D   26218.62321954  .00000386  00000+0  41438-4 0  9990
2 40013  97.5759  91.3252 0002043  99.7419 260.4032 14.93851663645257
BUGSAT-1 (TITA)         
1 40014U 14033E   26218.60071831  .00002564  00000+0  13593-3 0  9995
2 40014  98.0423 314.1162 0027821  11.4039 348.7817 15.16088545663470
HODOYOSHI-3             
1 40015U 14033F   26218.43696284  .00000885  00000+0  10774-3 0  9994
2 40015  97.6473  19.4735 0032623 186.4987 173.5810 14.85485246655082
SAUDISAT 4              
1 40016U 14033G   26218.36658393  .00000372  00000+0  55849-4 0  9990
2 40016  97.7650   2.7868 0043248 270.0765  89.5491 14.79597631653491
APRIZESAT 9             
1 40018U 14033J   26218.36537783  .00000316  00000+0  53858-4 0  9997
2 40018  97.9123 350.3552 0066910  40.0181 320.5931 14.74276770650958
APRIZESAT 10            
1 40019U 14033K   26218.60241868  .00000387  00000+0  68178-4 0  9990
2 40019  97.9706 344.4533 0080049 112.4888 248.4819 14.70938069649667
BRITE-CA1 (TORONTO)     
1 40020U 14033L   26218.58742469  .00000685  00000+0  10992-3 0  9993
2 40020  97.9797 346.6038 0079791 115.2122 245.7385 14.72767280649639
DUCHIFAT-1              
1 40021U 14033M   26218.16433495  .00145294  00000+0  84152-3 0  9999
2 40021  98.0379 284.8251 0005636 219.9570 140.1281 15.78138250663594
NANOSATC-BR1            
1 40024U 14033Q   26218.09897240  .00009969  00000+0  31533-3 0  9999
2 40024  98.0702 254.9630 0003625  41.8973 318.2545 15.33008346661627
QB50P1                  
1 40025U 14033R   26218.02920185  .00004550  00000+0  22101-3 0  9990
2 40025  98.0981 232.6976 0010100  62.2950 297.9306 15.18986425660590
DTUSAT-2                
1 40030U 14033W   26217.96161750  .00004505  00000+0  24085-3 0  9996
2 40030  98.0898 218.8774 0009463  71.1834 289.0422 15.15616895660224
QB50P2                  
1 40032U 14033Y   26218.47897430  .00004367  00000+0  23257-3 0  9992
2 40032  98.0785 218.5196 0007672  18.8723 341.2791 15.15786484660289
PERSEUS-M2              
1 40037U 14033AD  26218.77709797  .00000469  00000+0  47660-4 0  9992
2 40037  97.9998 170.3608 0012763 125.7410 234.4999 14.95646864658340
PERSEUS-M1              
1 40039U 14033AF  26218.41138464  .00001169  00000+0  11012-3 0  9991
2 40039  97.9665 163.3779 0012813 125.3968 234.8451 14.95779185658142
POLYITAN-1              
1 40042U 14033AJ  26218.60199117  .00010219  00000+0  30373-3 0  9995
2 40042  98.0932 249.6956 0005358 347.4609  12.6498 15.34975994661322
TIGRISAT                
1 40043U 14033AK  26218.37406419  .00001139  00000+0  13636-3 0  9990
2 40043  97.7895   7.2594 0047603 269.8656  89.7105 14.85311130653075
LEMUR-1                 
1 40044U 14033AL  26218.41446804  .00001146  00000+0  13697-3 0  9993
2 40044  97.7939   7.1272 0046675 273.3553  86.2324 14.85399554652925
AEROCUBE 6A             
1 40045U 14033AM  26218.44440896  .00002875  00000+0  24166-3 0  9995
2 40045  97.7275  24.8891 0037505 205.7974 154.1380 14.98561202654148
AEROCUBE 6B             
1 40046U 14033AN  26218.39800287  .00003720  00000+0  29913-3 0  9999
2 40046  97.7220  24.7215 0038792 191.7231 168.3093 15.00029269654286
SPOT 7                  
1 40053U 14034A   26218.72578126  .00000212  00000+0  52386-4 0  9993
2 40053  98.0591 279.9070 0001676  84.8477 275.2915 14.60997960644510
CANX-4                  
1 40055U 14034C   26218.61077046  .00000502  00000+0  71522-4 0  9993
2 40055  98.3045  95.7588 0012093 203.5494 156.5165 14.81344777651994
CANX-5                  
1 40056U 14034D   26218.60861327  .00000506  00000+0  72113-4 0  9997
2 40056  98.3048  95.8030 0012065 203.8249 156.2405 14.81362260642802
OCO 2                   
1 40059U 14035A   26218.76429558  .00000219  00000+0  58530-4 0  9992
2 40059  98.2027 159.2914 0001323  81.9135 278.2213 14.57148027643417
GONETS-M 8              
1 40061U 14036A   26218.59515880 -.00000006  00000+0 -11323-3 0  9995
2 40061  82.5085 276.2701 0030492  41.4933 318.8454 12.42986672548713
GONETS-M 9              
1 40062U 14036B   26218.63772313 -.00000027  00000+0 -26475-3 0  9994
2 40062  82.5084 276.3239 0023891  48.4221 311.8902 12.42952437548726
GONETS-M 10             
1 40063U 14036C   26218.62020718 -.00000049  00000+0 -42400-3 0  9999
2 40063  82.5088 276.3516 0022325  35.4026 324.8530 12.42946541548516
METEOR-M 2              
1 40069U 14037A   26218.61501729  .00000193  00000+0  10753-3 0  9995
2 40069  98.5163 192.5782 0004568 247.3794 112.6901 14.21474928626484
DX1                     
1 40071U 14037C   26218.59141178  .00001425  00000+0  15378-3 0  9990
2 40071  98.3907 183.3667 0008514 104.5515 255.6646 14.90123636653613
SKYSAT-B                
1 40072U 14037D   26218.42153701  .00000781  00000+0  91436-4 0  9992
2 40072  98.3877 180.2646 0006921 109.8989 250.2972 14.88140529653436
UKUBE-1                 
1 40074U 14037F   26218.53248553  .00003852  00000+0  21488-3 0  9997
2 40074  98.4260 227.1265 0002160  54.2056 305.9374 15.14280685656178
TECHDEMOSAT-1 (TDS-1)   
1 40076U 14037H   26218.53196163  .00004240  00000+0  23791-3 0  9999
2 40076  98.3852 215.7694 0008025  97.6669 262.5472 15.13976922655847
ORBCOMM FM109           
1 40086U 14040A   26218.29888888  .00000105  00000+0  58335-4 0  9998
2 40086  47.0016 214.5555 0000419  72.7801 287.3131 14.58885782641668
YAOGAN-20 01A           
1 40109U 14047A   26218.53011902 -.00000215  00000+0 -13116-3 0  9994
2 40109  63.3766 249.3414 0394438  14.9337 346.2950 13.45443751589213
YAOGAN-20 01B           
1 40110U 14047B   26218.60619895 -.00000079  00000+0  12716-4 0  9992
2 40110  63.3766 250.0242 0394261  14.9560 346.2738 13.45442054589067
YAOGAN-20 01C           
1 40111U 14047C   26218.59637410  .00000021  00000+0  11763-3 0  9990
2 40111  63.3758 249.7230 0394325  15.3518 345.9075 13.45452354589075
WORLDVIEW-3 (WV-3)      
1 40115U 14048A   26218.56657593  .00000471  00000+0  61290-4 0  9996
2 40115  97.8538 292.6985 0002608 120.4122 239.7351 14.85095605649385
GAOFEN-2                
1 40118U 14049A   26218.64845675  .00000165  00000+0  28261-4 0  9990
2 40118  98.0071 282.7996 0008741  72.5564 287.6603 14.80957032646707
BRITE-PL2 (HEWELIUSZ)   
1 40119U 14049B   26218.31440557  .00001252  00000+0  12064-3 0  9996
2 40119  97.9130 330.7159 0012693 306.2855  53.7192 14.94751651648934
LING QIAO               
1 40136U 14051A   26218.63611580 -.00000188  00000+0 -55268-4 0  9992
2 40136  98.7086 220.4741 0021490  28.1102 332.1236 14.30277121622215
CHUANGXIN 1-04 (CX-1-04)
1 40137U 14051B   26218.59383845 -.00000021  00000+0  91086-5 0  9992
2 40137  98.7085 220.4867 0023033  29.1710 331.0754 14.30420366621757
YAOGAN-21               
1 40143U 14053A   26218.63034433  .00005588  00000+0  21331-3 0  9998
2 40143  97.1448 256.7141 0005979 275.1532  84.9026 15.27018595662655
SJ-11-07                
1 40261U 14059A   26218.61595265  .00000344  00000+0  74733-4 0  9998
2 40261  97.9907 286.4023 0010594 359.3531   0.7656 14.63784604632298
YAOGAN-22               
1 40275U 14063A   26218.60750523  .00000005  00000+0  13640-3 0  9990
2 40275 100.7797  10.7335 0006893  78.9724 281.2162 13.15532313566447
SJ-11-08                
1 40286U 14066A   26218.61884545  .00000339  00000+0  70678-4 0  9993
2 40286  98.3591   4.3557 0013305  75.2602 285.0074 14.66226179628607
ASNARO                  
1 40298U 14070A   26218.73150737  .00005747  00000+0  27241-3 0  9998
2 40298  97.3420 293.4789 0003392  31.5555 328.5883 15.19679089651681
YAOGAN-24               
1 40310U 14072A   26218.64993737  .00000368  00000+0  60810-4 0  9994
2 40310  98.1557 356.4267 0015783 101.6572 258.6410 14.76145614631166
CBERS 4                 
1 40336U 14079A   26218.64060304  .00000109  00000+0  52473-4 0  9993
2 40336  98.3494 273.8805 0000748 119.8512 240.2748 14.35521585611198
YAOGAN-25 01A           
1 40338U 14080A   26218.60032009 -.00000168  00000+0 -85879-4 0  9997
2 40338  63.3858 180.8849 0371190   9.3850 351.3866 13.45415419572448
YAOGAN-25 01B           
1 40339U 14080B   26218.73623438 -.00000018  00000+0  80347-4 0  9992
2 40339  63.3868 180.6576 0371530   9.1750 351.5822 13.45437037572433
YAOGAN-25 01C           
1 40340U 14080C   26218.60684235 -.00000128  00000+0 -41666-4 0  9996
2 40340  63.3850 181.3886 0371421   9.8544 350.9511 13.45351890572536
COSMOS 2502             
1 40358U 14086A   26218.58609303 -.00000482  00000+0 -28727-3 0  9996
2 40358  67.1511 244.5468 0007277 248.4294 111.6016 13.97826800590994
YAOGAN-26               
1 40362U 14088A   26218.60817958  .00011060  00000+0  20374-3 0  9995
2 40362  97.0668 217.7098 0003115 180.0699 180.0553 15.49314137645500
SMAP                    
1 40376U 15003A   26218.60958943  .00000239  00000+0  55369-4 0  9997
2 40376  98.1297 224.9941 0001362  89.7454 270.3904 14.63346793614998
COSMOS 2503             
1 40420U 15009A   26218.60551797  .00000570  00000+0  42684-4 0  9993
2 40420  97.8268 276.1522 0017635  82.1659 278.1569 15.06729919626528
KOMPSAT-3A              
1 40536U 15014A   26218.61840260  .00020458  00000+0  27050-3 0  9990
2 40536  97.6911 213.7753 0051305 355.0123   5.0613 15.56765046629652
GONETS-M 11             
1 40552U 15020A   26218.72181851  .00000019  00000+0  64032-4 0  9994
2 40552  82.4898 359.4991 0015344 250.4348 109.5075 12.42879495515010
GONETS-M 12             
1 40553U 15020B   26218.61428311 -.00000020  00000+0 -21158-3 0  9993
2 40553  82.4930   0.7029 0014467 234.4971 125.4759 12.42892297514992
GONETS-M 13             
1 40554U 15020C   26218.58859941  .00000031  00000+0  15330-3 0  9992
2 40554  82.4893 359.3196 0013313 218.3702 141.6431 12.42872446514969
COSMOS 2504             
1 40555U 15020D   26218.53311983  .00000182  00000+0  58091-4 0  9996
2 40555  82.5160 192.3812 0608612 137.3371 227.6746 13.61401003557041
SENTINEL-2A             
1 40697U 15028A   26218.63428605  .00000059  00000+0  39295-4 0  9990
2 40697  98.5655 292.7637 0001372  90.6969 269.4371 14.30820105580946
COSMOS 2506             
1 40699U 15029A   26218.66768683  .00000076  00000+0  27894-4 0  9990
2 40699  98.0436 257.5757 0007454   9.8982 350.2361 14.54401826590227
GAOFEN-8                
1 40701U 15030A   26218.61053990  .00016844  00000+0  32649-3 0  9992
2 40701  97.6896  55.0723 0008516  22.3253 337.8365 15.47736826619244
DMC3-FM1                
1 40715U 15032A   26218.64818025  .00000649  00000+0  80554-4 0  9995
2 40715  97.6396  81.8285 0004033 240.7463 119.3350 14.85789676597405
DMC3-FM2                
1 40716U 15032B   26218.60266598  .00000516  00000+0  65269-4 0  9993
2 40716  97.6448  83.3927 0004442 250.1863 109.8874 14.85797497597390
DMC3-FM3                
1 40717U 15032C   26218.62636447 -.00000390  00000+0 -38961-4 0  9991
2 40717  97.6497  85.2001 0003711 249.9878 110.0939 14.85782099597409
CARBONITE 1 (CBNT-1)    
1 40718U 15032D   26218.62944199  .00000809  00000+0  10384-3 0  9999
2 40718  97.6544  34.5969 0015557 125.1771 235.0903 14.83731850596822
YAOGAN-27               
1 40878U 15040A   26218.65837296 -.00000560  00000+0 -13618-2 0  9995
2 40878 100.1203 202.8588 0008938  96.6799 263.5333 13.16070636524305
GAOFEN-9 01             
1 40894U 15047A   26218.66919515  .00000559  00000+0  74679-4 0  9998
2 40894  97.6259 252.0662 0026590 337.5160  22.4887 14.82972640587672
LILACSAT-2              
1 40908U 15049K   26218.61873116  .00010869  00000+0  17502-3 0  9993
2 40908  97.4614 257.4224 0008415  77.3680 282.8514 15.53106140603576
COSMOS 2507 (RODNIK-S *)
1 40920U 15050A   26218.62173227 -.00000097  00000+0 -77335-3 0  9990
2 40920  82.4900  48.2589 0008946 238.0289 121.9921 12.42927612493125
COSMOS 2508 (RODNIK-S *)
1 40921U 15050B   26218.57721735  .00000002  00000+0 -53612-4 0  9996
2 40921  82.4854  46.7723 0013303 274.8177  85.1383 12.42916131493109
COSMOS 2509 (RODNIK-S *)
1 40922U 15050C   26218.59878715 -.00000046  00000+0 -40234-3 0  9994
2 40922  82.4862  46.8666 0013754 293.1780  66.7850 12.42885085493141
ASTROSAT                
1 40930U 15052A   26218.61248356  .00001323  00000+0  79195-4 0  9996
2 40930   5.9960 152.3555 0007669  32.6237 327.4365 14.82588137587326
LINGQIAO VIDEO A        
1 40959U 15057B   26218.75038850  .00000587  00000+0  88921-4 0  9991
2 40959  97.6662 211.0676 0018249 103.2672 257.0575 14.77452515582875
LINGQIAO VIDEO B        
1 40960U 15057C   26218.65571818 -.00000097  00000+0 -68112-5 0  9997
2 40960  97.6625 212.1271 0018377 103.4997 256.8264 14.77557122582909
JILIN-1                 
1 40961U 15057D   26218.57878664  .00000490  00000+0  74004-4 0  9999
2 40961  97.6538 215.4520 0018554  98.5024 261.8292 14.78232545583052
AEROCUBE 5C             
1 40965U 15058B   26218.12125707  .00002272  00000+0  20454-3 0  9997
2 40965  64.7668 107.2179 0133920  44.1686 317.0025 14.91725249373103
AEROCUBE 7              
1 40966U 15058C   26218.03993926  .00002792  00000+0  22626-3 0  9994
2 40966  64.7618  88.6219 0123513  42.4509 318.6077 14.96117367373417
FOX-1A (AO-85)          
1 40967U 15058D   26218.11804823  .00002334  00000+0  21220-3 0  9992
2 40967  64.7749 123.7841 0134142  37.6038 323.4360 14.91242499121014
SINOD-D 1               
1 40968U 15058E   26218.07879873  .00003088  00000+0  24784-3 0  9990
2 40968  64.7746 102.6277 0122770  33.9410 326.9481 14.96305376124124
SNAP-3 ALICE            
1 40970U 15058G   26218.60576421  .00115125  00000+0  79297-3 0  9990
2 40970  64.7473 287.9479 0029530 338.7877  21.2048 15.73432062124783
LMRST-SAT               
1 40971U 15058H   26218.15336304  .00002217  00000+0  20365-3 0  9994
2 40971  64.7754 120.1089 0135658  39.5615 321.5302 14.90846325121006
SNAP-3 EDDIE            
1 40972U 15058J   26218.60876473  .00153244  00000+0  91897-3 0  9996
2 40972  64.7370 278.1897 0030239 340.5112  19.4883 15.76446188126930
PROPCUBE 3              
1 40973U 15058K   26217.99808393  .00002539  00000+0  21358-3 0  9999
2 40973  64.7680  96.8701 0127346  40.7562 320.2992 14.94597813122243
BISONSAT                
1 40974U 15058L   26218.60218158  .00005457  00000+0  25792-3 0  9991
2 40974  64.7596  10.4795 0083640  25.7926 334.7333 15.17420244123261
SNAP-3 JIMI             
1 40975U 15058M   26217.97350086  .00003422  00000+0  23589-3 0  9990
2 40975  64.7646  62.1810 0109368  35.9089 324.9314 15.02881367121707
PROPCUBE 1 (FLORA)      
1 40976U 15058N   26218.22153611  .00002355  00000+0  22409-3 0  9999
2 40976  64.7742 140.1393 0134171  41.7964 319.3300 14.89462497123714
SINOD-D 3               
1 40977U 15058P   26218.10462946  .00003025  00000+0  25588-3 0  9997
2 40977  64.7722 119.9038 0122707  38.8430 322.1423 14.94372365122212
YAOGAN-28               
1 41026U 15064A   26218.62600010  .00003938  00000+0  14658-3 0  9992
2 41026  97.3133 355.8997 0010772  20.9678 339.2001 15.28019918598381
YAOGAN-29               
1 41038U 15069A   26218.64329222  .00000701  00000+0  92687-4 0  9999
2 41038  98.0016 247.3518 0001145 151.9157 208.2118 14.83123775578106
VELOX-CI                
1 41166U 15077A   26218.20634244  .00015847  00000+0  23763-3 0  9990
2 41166  14.9829  56.4745 0004190 248.3553 111.6327 15.51773307590507
KENT RIDGE 1            
1 41167U 15077B   26218.45193609  .00002919  00000+0  87894-4 0  9995
2 41167  14.9793 252.0960 0008244 228.3015 131.6601 15.23404823588772
DAMPE                   
1 41173U 15078A   26218.76121266  .00000491  00000+0  19052-4 0  9991
2 41173  97.4582 224.4851 0010147 255.8003 104.2111 15.30902845592288
ORBCOMM FM110           
1 41182U 15081D   26218.43982390  .00000342  00000+0  10846-3 0  9998
2 41182  47.0017 123.8205 0003541 306.6408  53.4152 14.58948491564961
ORBCOMM FM118           
1 41183U 15081E   26217.78966082  .00000353  00000+0  11079-3 0  9997
2 41183  47.0039 127.2398 0003483 269.2448  90.8039 14.58930528564972
ORBCOMM FM112           
1 41184U 15081F   26218.54644949  .00000276  00000+0  94424-4 0  9998
2 41184  46.9996  32.0981 0002519  83.3369 276.7803 14.58966418566300
ORBCOMM FM113           
1 41185U 15081G   26218.52497047  .00000189  00000+0  76183-4 0  9997
2 41185  47.0013  32.6040 0001036  83.7769 276.3234 14.58902950566288
ORBCOMM FM108           
1 41187U 15081J   26217.66468047  .00000396  00000+0  11974-3 0  9997
2 41187  47.0060 308.2583 0001370  65.6327 294.4702 14.58939783567305
ORBCOMM FM117           
1 41188U 15081K   26218.38392826  .00000308  00000+0  10122-3 0  9996
2 41188  47.0021 303.4794 0001776  80.8024 279.3063 14.58926433567453
ORBCOMM FM116           
1 41189U 15081L   26217.88456037  .00000249  00000+0  88749-4 0  9991
2 41189  47.0030  35.6284 0001756 282.9008  77.1681 14.58930885566193
JASON-3                 
1 41240U 16002A   26218.56583146 -.00000059  00000+0  11093-4 0  9999
2 41240  66.0427  19.9169 0008131 268.6641  91.3446 12.87629434493738
SENTINEL-3A             
1 41335U 16011A   26218.49964901  .00000035  00000+0  32393-4 0  9997
2 41335  98.6217 285.1525 0001118  86.8422 273.2887 14.26739534545230
COSMOS 2515             
1 41394U 16020A   26218.61430039  .00000336  00000+0  26135-4 0  9997
2 41394  97.9760 235.9931 0024480 129.2441 231.0963 15.08085976568017
YAOGAN-30 01            
1 41473U 16029A   26218.65105318  .00000779  00000+0  11930-3 0  9994
2 41473  97.8977 267.4467 0017051  72.0248 288.2819 14.76323931551111
ZIYUAN 3-02 (ZY 3-02)   
1 41556U 16033A   26218.63923240  .00003232  00000+0  14720-3 0  9998
2 41556  97.3809 293.4361 0014446 114.4982 245.7762 15.21307159565659
COSMOS 2517 (GEO-IK 2)  
1 41579U 16034A   26218.60655469 -.00000014  00000+0  25710-4 0  9994
2 41579  99.1907 226.4387 0001104  94.2940 265.8342 13.85907479514619
CARTOSAT-2C             
1 41599U 16040A   26218.44648113  .00002903  00000+0  14075-3 0  9992
2 41599  97.4443 277.7231 0007883 325.8889  34.1838 15.19295145561347
SKYSAT-C1               
1 41601U 16040C   26218.61696124  .00004959  00000+0  13867-3 0  9991
2 41601  96.9548 247.6226 0002773 151.8058 208.3338 15.37091788565610
LAPAN-A3                
1 41603U 16040E   26218.63947313  .00002323  00000+0  74198-4 0  9992
2 41603  97.1525 213.1460 0009882 182.9804 177.1382 15.33402101562542
SJ 16-02                
1 41634U 16043A   26218.64756771  .00000570  00000+0  56685-4 0  9999
2 41634  75.0016 183.4438 0008839 269.5102  90.5074 14.93672431548678
GAOFEN-3                
1 41727U 16049A   26218.66045492 -.00000047  00000+0 -97162-6 0  9999
2 41727  98.4035 225.6876 0001591  69.7031 290.4330 14.42220895525921
PERUSAT 1               
1 41770U 16058A   26218.72756949  .00000356  00000+0  86427-4 0  9991
2 41770  98.1990 291.7172 0001438  91.3049 268.8315 14.58542113526468
SKYSAT-C4               
1 41771U 16058B   26218.57992348  .00009603  00000+0  17220-3 0  9998
2 41771  96.9170 238.2905 0003708  91.2164 268.9514 15.50112660553278
SKYSAT-C5               
1 41772U 16058C   26218.58788478  .00004174  00000+0  12912-3 0  9998
2 41772  97.0442 256.9444 0004219 112.6769 247.4922 15.33999079551478
SKYSAT-C2               
1 41773U 16058D   26218.59655326  .00006917  00000+0  15800-3 0  9991
2 41773  97.0167 238.8275 0002385 176.9478 183.1786 15.43152319552829
SKYSAT-C3               
1 41774U 16058E   26218.57636117  .00013774  00000+0  20939-3 0  9995
2 41774  96.8994 247.5486 0003295 110.4496 249.7114 15.54649361553937
PISAT                   
1 41784U 16059B   26218.54806679  .00000621  00000+0  11313-3 0  9999
2 41784  97.8210 216.8450 0030124  46.8096 313.5619 14.69068937527131
ALSAT-1B                
1 41785U 16059C   26218.73635472  .00000536  00000+0  92195-4 0  9995
2 41785  97.7772 225.3222 0010760  66.9539 293.2802 14.72311127528017
ALSAT-2B                
1 41786U 16059D   26218.61843176  .00000894  00000+0  15389-3 0  9991
2 41786  97.9859 279.9133 0002140  76.5267 283.6178 14.70932920528185
PATHFINDER 1            
1 41787U 16059E   26218.51821945  .00000402  00000+0  78382-4 0  9999
2 41787  97.8193 215.5294 0029533  47.9706 312.4007 14.67719207527093
SCATSAT 1               
1 41790U 16059H   26218.19029674  .00000851  00000+0  11797-3 0  9990
2 41790  98.1157 282.4652 0055897  87.1301 273.6305 14.79640067108983
CAS-2T & KS-1Q          
1 41847U 16066G   26218.45043102  .00000345  00000+0  58060-4 0  9995
2 41847  98.3796 293.6118 0340868 337.2528  21.3858 14.44799602512053
RAVAN                   
1 41849U 16067B   26218.61556634  .00040241  00000+0  49851-3 0  9991
2 41849  97.9795 114.1991 0005739 147.3516 212.8095 15.59955267535544
CELTEE 1                
1 41850U 16067C   26218.57053662  .00002982  00000+0  14154-3 0  9999
2 41850  98.0600  88.5726 0002490  81.2250 278.9265 15.20141271533534
OPTICUBE 04             
1 41851U 16067D   26218.58218701  .00001231  00000+0  80353-4 0  9999
2 41851  98.0650  73.4898 0014411 310.9230  49.0750 15.09852912532778
AEROCUBE 8D             
1 41852U 16067E   26218.62251694  .00003993  00000+0  16304-3 0  9994
2 41852  98.0610  92.6363 0002673 351.0294   9.0894 15.25060021533752
AEROCUBE 8C             
1 41853U 16067F   26218.57354113  .00004118  00000+0  16680-3 0  9996
2 41853  98.0482  89.7472 0003711 235.7742 124.3143 15.25313568533742
YUNHAI-1 01             
1 41857U 16068A   26218.73102875  .00000027  00000+0  26099-4 0  9996
2 41857  98.5863 229.2742 0002280 258.3628 101.7300 14.32735820509067
GOKTURK 1A              
1 41875U 16073A   26218.72731054  .00000012  00000+0  11461-4 0  9999
2 41875  98.1172 112.5929 0001405  82.8685 277.2677 14.62806805516214
RESOURCESAT-2A          
1 41877U 16074A   26218.60535435  .00000532  00000+0  26275-3 0  9999
2 41877  98.7497 291.6913 0001136 315.8831  44.2255 14.21615985501464
CYGFM05                 
1 41884U 16078A   26218.55119902  .00015062  00000+0  18818-3 0  9990
2 41884  34.9568 286.5416 0006361 262.4655  97.5348 15.58881048536615
CYGFM04                 
1 41885U 16078B   26218.41834052  .00020201  00000+0  20335-3 0  9994
2 41885  34.9312 252.4165 0004735 298.5690  61.4559 15.64410316536862
CYGFM02                 
1 41886U 16078C   26218.44193299  .00024125  00000+0  21028-3 0  9998
2 41886  34.9392 245.1910 0005223 301.9506  58.0713 15.67951351537054
CYGFM01                 
1 41887U 16078D   26218.58071140  .00015971  00000+0  19377-3 0  9997
2 41887  34.9397 286.9735 0006142 256.7041 103.2999 15.59643335536576
CYGFM08                 
1 41888U 16078E   26218.57559624  .00018389  00000+0  19803-3 0  9995
2 41888  34.9425 265.1629 0006773 287.6537  72.3449 15.62698099536851
CYGFM07                 
1 41890U 16078G   26218.40366118  .00018846  00000+0  20223-3 0  9990
2 41890  34.9436 254.6080 0005235 299.3448  60.6755 15.62798265536859
CYGFM03                 
1 41891U 16078H   26218.43895794  .00017812  00000+0  19129-3 0  9996
2 41891  34.9392 256.2964 0005116 283.5380  76.4776 15.62785601536834
TANSAT                  
1 41898U 16081A   26218.75873500 -.00000120  00000+0 -14452-4 0  9994
2 41898  98.5395 220.5175 0020990 149.4942 210.7482 14.59984712512008
YIJIAN                  
1 41899U 16081B   26218.61120147  .00000336  00000+0  78881-4 0  9995
2 41899  98.5407 218.0799 0021513 149.9221 210.3219 14.60818178511955
SPARK 1                 
1 41900U 16081C   26218.59189597  .00000294  00000+0  71863-4 0  9995
2 41900  98.5521 214.6279 0024043 161.6664 198.5407 14.59836246511627
SPARK 2                 
1 41901U 16081D   26218.53384182  .00000293  00000+0  72662-4 0  9994
2 41901  98.5530 209.8121 0025574 166.3549 193.8347 14.59211214511469
JILIN-1 03              
1 41914U 17002B   26218.57233371  .00007807  00000+0  18046-3 0  9992
2 41914  97.1968 224.9903 0005407  14.3844 345.7557 15.42759121529627
IRIDIUM 106             
1 41917U 17003A   26218.60789712  .00000007  00000+0 -47112-5 0  9999
2 41917  86.3916  67.4653 0002371  88.0439 272.1028 14.34217459500437
IRIDIUM 103             
1 41918U 17003B   26218.59520612  .00000100  00000+0  28647-4 0  9994
2 41918  86.3918  67.3702 0002125  93.5930 266.5509 14.34216664500458
IRIDIUM 109             
1 41919U 17003C   26218.60155259  .00000006  00000+0 -50005-5 0  9998
2 41919  86.3918  67.4279 0002047  89.3692 270.7739 14.34217295500420
IRIDIUM 102             
1 41920U 17003D   26218.56984096 -.00000017  00000+0 -12978-4 0  9993
2 41920  86.3914  67.3637 0002031  85.5498 274.5930 14.34217112500502
IRIDIUM 105             
1 41921U 17003E   26218.52843727  .00000018  00000+0 -66065-6 0  9993
2 41921  86.3943  35.8106 0001789  89.9708 270.1693 14.34217617502350
IRIDIUM 104             
1 41922U 17003F   26218.58254198  .00000133  00000+0  40578-4 0  9994
2 41922  86.3919  67.4018 0001866  91.4348 268.7061 14.34214281500490
IRIDIUM 114             
1 41923U 17003G   26218.58886454  .00000140  00000+0  42815-4 0  9995
2 41923  86.3919  67.3823 0002078  90.4171 269.7263 14.34219320500475
IRIDIUM 108             
1 41924U 17003H   26218.54738829  .00000017  00000+0 -84653-6 0  9996
2 41924  86.3938  35.6895 0002001  87.6354 272.5071 14.34217781502325
IRIDIUM 112             
1 41925U 17003J   26218.57618341  .00000016  00000+0 -12698-5 0  9994
2 41925  86.3914  67.2270 0002093  88.0551 272.0885 14.34217543500493
IRIDIUM 111             
1 41926U 17003K   26218.56349836  .00000016  00000+0 -13150-5 0  9998
2 41926  86.3914  67.3041 0002046  88.2648 271.8782 14.34217496500476
CARTOSAT-2D             
1 41948U 17008A   26218.60975868  .00002382  00000+0  11625-3 0  9992
2 41948  97.4070 276.9631 0006193  73.5532 286.6383 15.19234113525236
SENTINEL-2B             
1 42063U 17013A   26218.76694529  .00000075  00000+0  45411-4 0  9994
2 42063  98.5663 292.8214 0001261  91.3173 268.8154 14.30820928491876
HXMT (HUIYAN)           
1 42758U 17034A   26218.58036831  .00002182  00000+0  11317-3 0  9992
2 42758  43.0139 262.3573 0030159 105.3481 255.0703 15.18878042505327
CARTOSAT-2E             
1 42767U 17036C   26218.62776336  .00002442  00000+0  11887-3 0  9991
2 42767  97.4238 277.5881 0004712 125.1076 235.0601 15.19302618505806
IRIDIUM 113             
1 42803U 17039A   26218.75276852  .00000000  00000+0 -72067-5 0  9995
2 42803  86.3983 301.0487 0002062  96.6018 263.5413 14.34217472478434
IRIDIUM 123             
1 42804U 17039B   26218.58494185  .00000051  00000+0  11144-4 0  9991
2 42804  86.4013 332.5767 0002335  96.3594 263.7868 14.34217801477171
IRIDIUM 120             
1 42805U 17039C   26218.60688926 -.00000001  00000+0 -72606-5 0  9991
2 42805  86.3971 300.8854 0002301  93.4677 266.6782 14.34217504478406
IRIDIUM 115             
1 42806U 17039D   26218.59142483  .00000205  00000+0  54958-4 0  9996
2 42806  86.4509 301.0277 0002480  97.8207 262.3275 14.43280770481535
IRIDIUM 118             
1 42807U 17039E   26218.75618663  .00000151  00000+0  46940-4 0  9995
2 42807  86.4013 332.5030 0002177  93.9497 266.1947 14.34219763477192
IRIDIUM 117             
1 42808U 17039F   26218.35660818  .00000061  00000+0  14776-4 0  9993
2 42808  86.4011 332.6272 0002220  95.4130 264.7319 14.34217986477169
IRIDIUM 126             
1 42809U 17039G   26218.59128412  .00000083  00000+0  22509-4 0  9996
2 42809  86.4013 332.5809 0002123  96.9208 263.2229 14.34217045477172
IRIDIUM 124             
1 42810U 17039H   26218.59457275  .00000143  00000+0  36542-4 0  9999
2 42810  86.4460 269.2825 0002702  93.6321 266.5189 14.43274422482389
IRIDIUM 128             
1 42811U 17039J   26218.51225378  .00000018  00000+0 -55977-6 0  9996
2 42811  86.3989   4.1078 0002227  92.5542 267.5909 14.34217630477198
IRIDIUM 121             
1 42812U 17039K   26218.74984926  .00000023  00000+0  12061-5 0  9994
2 42812  86.4015 332.5432 0002225  92.6269 267.5181 14.34217680477071
KANOPUS-V-IK            
1 42825U 17042A   26218.75411133 -.00000022  00000+0  19638-5 0  9995
2 42825  97.3523 123.2346 0001702  94.8552 265.2879 15.22445654503067
NORSAT 1                
1 42826U 17042B   26218.42477282  .00003476  00000+0  19161-3 0  9991
2 42826  97.4492  25.0522 0005482 267.5232  92.5372 15.14634039494833
NORSAT 2                
1 42828U 17042D   26218.44166337  .00006022  00000+0  26019-3 0  9991
2 42828  97.4078  31.1282 0008347 228.5428 131.5093 15.22826726495383
TECHNOSAT               
1 42829U 17042E   26218.44383807  .00002259  00000+0  16207-3 0  9991
2 42829  97.4346  14.2148 0016115 283.3215  76.6215 15.05220923494269
FLYING LAPTOP           
1 42831U 17042G   26218.64026347  .00002446  00000+0  19336-3 0  9993
2 42831  97.4904  12.3120 0018030 319.3443  40.6434 15.01433277494024
WNISAT 1R               
1 42835U 17042L   26218.39492629  .00001302  00000+0  10398-3 0  9998
2 42835  97.4797  12.7184 0008392 343.4762  16.6188 15.01916339494040
LEMUR-2-GREENBERG       
1 42837U 17042N   26218.44363355  .00010016  00000+0  31801-3 0  9993
2 42837  97.3851  38.9000 0008773 175.2864 184.8462 15.32822641496081
LEMUR-2-ANDIS           
1 42838U 17042P   26218.48070413  .00012426  00000+0  34715-3 0  9992
2 42838  97.3699  39.3079 0008375 175.1936 184.9391 15.36810113496177
LEMUR-2-MONSON          
1 42839U 17042Q   26218.49803781  .00007088  00000+0  25143-3 0  9999
2 42839  97.4114  38.8453 0006929 163.2983 196.8487 15.29361017495852
LEMUR-2-FURIAUS         
1 42840U 17042R   26218.47119830  .00009431  00000+0  30922-3 0  9999
2 42840  97.3799  36.7697 0005996 235.1571 124.9107 15.31826442495902
LEMUR-2-PETERG          
1 42841U 17042S   26218.49435805  .00013769  00000+0  39509-3 0  9994
2 42841  97.4009  43.6860 0004594 145.9007 214.2533 15.35974223496151
LEMUR-2-DEMBITZ         
1 42842U 17042T   26218.49154429  .00009266  00000+0  30438-3 0  9994
2 42842  97.3845  39.8475 0006370 185.1987 174.9189 15.31769237496045
NANOACE                 
1 42844U 17042V   26218.02901181  .00007216  00000+0  28689-3 0  9998
2 42844  97.3778  31.5632 0004174 178.5936 181.5315 15.25585186495671
LEMUR-2-ZACHARY         
1 42845U 17042W   26218.46497252  .00035875  00000+0  53760-3 0  9996
2 42845  97.3576  51.3295 0003704 172.9053 187.2254 15.54862218497009
CORVUS BC2              
1 42846U 17042X   26218.41106252  .00001591  00000+0  11141-3 0  9994
2 42846  97.4117  17.8336 0011633 303.6327  56.3790 15.06570471494622
CORVUS BC1              
1 42847U 17042Y   26218.40019781  .00002466  00000+0  16977-3 0  9998
2 42847  97.4150  18.6694 0010392 276.9730  83.0316 15.06734065494652
FORMOSAT-5              
1 42920U 17049A   26218.53391047  .00000052  00000+0  24340-4 0  9992
2 42920  98.2229 292.7191 0010215 290.5133  69.4965 14.50898869473971
ORS-5 SENSORSAT         
1 42921U 17050A   26218.56472646  .00002097  00000+0  95910-4 0  9995
2 42921   0.0479 128.9613 0010364  95.8786 135.0763 15.01053513488613
YAOGAN-30 02A           
1 42945U 17058A   26218.67908208  .00001875  00000+0  13731-3 0  9992
2 42945  34.9974  81.2615 0002895 245.5396 114.5011 15.03369324483490
YAOGAN-30 02B           
1 42946U 17058B   26218.68651149  .00001645  00000+0  12177-3 0  9991
2 42946  34.9975  82.2474 0001777   8.3205 351.7533 15.03054678483462
YAOGAN-30 02C           
1 42947U 17058C   26218.62947194  .00002397  00000+0  16840-3 0  9990
2 42947  34.9973  72.3110 0005938 290.3200  69.6871 15.04789168483425
VRSS-2                  
1 42954U 17060A   26218.64895284  .00000458  00000+0  65079-4 0  9990
2 42954  97.6488 254.0982 0015666 297.8571  62.1055 14.81268327475929
IRIDIUM 133             
1 42955U 17061A   26218.47419795  .00000004  00000+0 -57617-5 0  9990
2 42955  86.3990   4.2426 0002134  92.4378 267.7062 14.34217609461988
IRIDIUM 100             
1 42956U 17061B   26218.46785570  .00000039  00000+0  67253-5 0  9991
2 42956  86.3994   4.1626 0002200  91.2338 268.9109 14.34217694461980
IRIDIUM 122             
1 42957U 17061C   26218.43614308  .00000054  00000+0  12128-4 0  9996
2 42957  86.3993   4.1762 0002183  93.9519 266.1926 14.34217610461986
IRIDIUM 129             
1 42958U 17061D   26218.46151237 -.00000015  00000+0 -12542-4 0  9996
2 42958  86.3991   4.2333 0001850  92.5982 267.5426 14.34217579462007
IRIDIUM 119             
1 42959U 17061E   26218.70887361  .00000005  00000+0 -51856-5 0  9998
2 42959  86.3992   4.1261 0002027  94.5966 265.5461 14.34217633462052
IRIDIUM 107             
1 42960U 17061F   26218.44882775 -.00000142  00000+0 -57609-4 0  9999
2 42960  86.3990   4.2561 0002268  96.4058 263.7396 14.34217578462028
IRIDIUM 132             
1 42961U 17061G   26218.45517010  .00000063  00000+0  15588-4 0  9998
2 42961  86.3994   4.2324 0002193  92.7827 267.3620 14.34217976462022
IRIDIUM 136             
1 42962U 17061H   26218.48688354  .00000039  00000+0  69538-5 0  9990
2 42962  86.3994   4.2260 0002207  90.7228 269.4220 14.34217687462041
IRIDIUM 139             
1 42963U 17061J   26218.49322373  .00000083  00000+0  22588-4 0  9990
2 42963  86.3997   4.2862 0002231  92.1927 267.9524 14.34217232462059
IRIDIUM 125             
1 42964U 17061K   26218.48054043  .00000035  00000+0  55446-5 0  9993
2 42964  86.3998   4.3531 0002154 106.9146 253.2286 14.34217140462068
SENTINEL-5P             
1 42969U 17064A   26218.45826265  .00000019  00000+0  29874-4 0  9998
2 42969  98.7936 160.2354 0001297  88.8690 271.2634 14.19526501456692
COSMOS 2523             
1 42986U 17037E   26218.65070041  .00001907  00000+0  16908-3 0  9992
2 42986  97.5000 229.5942 0068393  61.0889 299.7171 14.95579168476509
SKYSAT-C11              
1 42987U 17068A   26218.37339513  .00018785  00000+0  22927-3 0  9998
2 42987  97.4404   9.5044 0001616 127.4170 232.7234 15.60510420491065
SKYSAT-C10              
1 42988U 17068B   26218.35518498  .00005172  00000+0  15236-3 0  9999
2 42988  97.4562 355.7398 0001646 101.9467 258.1961 15.35492135490059
SKYSAT-C9               
1 42989U 17068C   26218.33169777  .00007179  00000+0  16644-3 0  9993
2 42989  97.4482 357.1417 0006867 322.8313  37.2458 15.42710104490484
SKYSAT-C8               
1 42990U 17068D   26218.37930801  .00006015  00000+0  16373-3 0  9990
2 42990  97.4579 355.7580 0001377 105.2956 254.8441 15.37896979490023
SKYSAT-C7               
1 42991U 17068E   26218.37455640  .00005904  00000+0  16103-3 0  9991
2 42991  97.4592 356.7466 0004230 290.2367  69.8423 15.37838659490086
SKYSAT-C6               
1 42992U 17068F   26218.36884561  .00004831  00000+0  14808-3 0  9997
2 42992  97.4630 356.4886 0003118  41.3362 318.8116 15.34269112490015
MOHAMMED VI-A           
1 43005U 17070A   26218.74625812  .00000096  00000+0  20841-4 0  9994
2 43005  97.9525 290.3739 0001572  98.9650 261.1738 14.77074760471447
FENGYUN 3D              
1 43010U 17072A   26218.60714169 -.00000042  00000+0  22406-5 0  9993
2 43010  99.0175 193.9509 0000388 287.6323  72.4809 14.19748415452147
HEAD-1                  
1 43011U 17072B   26218.65915351  .00000239  00000+0  11338-3 0  9992
2 43011  98.9553 238.5143 0010287  14.4660 345.6813 14.28826693454568
NOAA 20 (JPSS-1)        
1 43013U 17073A   26218.53991934  .00000017  00000+0  28860-4 0  9996
2 43013  98.7778 157.5576 0001942  98.5014 261.6382 14.19520029451616
MAKERSAT 0              
1 43016U 17073D   26218.57376635  .00014639  00000+0  37542-3 0  9999
2 43016  97.4549 101.5220 0105074  93.5990 267.7276 15.33877281474183
RADFXSAT (FOX-1B)       
1 43017U 17073E   26218.60262942  .00004311  00000+0  18648-3 0  9991
2 43017  97.4635  84.7905 0149466 153.8629 207.0248 15.13366628473017
JILIN-1 04              
1 43022U 17074A   26218.60314064  .00008332  00000+0  18681-3 0  9995
2 43022  97.4879 329.6131 0004086  36.6605 323.4922 15.43673537482043
JILIN-1 05              
1 43023U 17074B   26218.60206594  .00005305  00000+0  16059-3 0  9998
2 43023  97.4881 325.4708 0006125  62.0088 298.1774 15.34610755481736
JILIN-1 06              
1 43024U 17074C   26218.58271227  .00003572  00000+0  11015-3 0  9992
2 43024  97.4806 322.3893 0008155  68.4276 291.7835 15.34239940481560
YAOGAN-30 03A           
1 43028U 17075A   26218.63415801  .00001593  00000+0  11799-3 0  9991
2 43028  34.9957 322.9458 0001761   6.0792 353.9938 15.03049404474845
YAOGAN-30 03B           
1 43029U 17075B   26218.62902270  .00002079  00000+0  15387-3 0  9999
2 43029  34.9954 322.7371 0003995 313.4151  46.6224 15.02915282474951
YAOGAN-30 03C           
1 43030U 17075C   26218.74070431  .00001499  00000+0  11155-3 0  9993
2 43030  34.9960 322.0280 0001687 140.1651 219.9181 15.02930005475035
COSMOS 2524             
1 43032U 17076A   26218.77329115 -.00000019  00000+0  39779-4 0  9996
2 43032  67.1455  69.3749 0002276 234.5298 125.5575 13.97432782442679
LKW-1                   
1 43034U 17077A   26218.65334312  .00002664  00000+0  11151-3 0  9991
2 43034  97.0968 250.2188 0001934  71.1745 288.9703 15.24363861482384
GCOM-C (SHIKISAI)       
1 43065U 17082A   26218.55235134  .00000050  00000+0  38300-4 0  9995
2 43065  98.6249 291.5245 0001267 101.1470 258.9853 14.27282025449129
IRIDIUM 135             
1 43070U 17083A   26218.59420129  .00000115  00000+0  34003-4 0  9994
2 43070  86.3978 300.9487 0002260  95.4532 264.6922 14.34217132451375
IRIDIUM 138             
1 43071U 17083B   26218.61957373  .00000332  00000+0  11154-3 0  9996
2 43071  86.3992 300.6421 0002144  95.7902 264.3538 14.34218279451364
IRIDIUM 116             
1 43072U 17083C   26218.58786155  .00000057  00000+0  13369-4 0  9996
2 43072  86.3977 300.9365 0002526  91.2638 268.8847 14.34217704451396
IRIDIUM 130             
1 43073U 17083D   26218.27707452  .00000022  00000+0  62327-6 0  9998
2 43073  86.3987 301.3466 0002489  95.7587 264.3892 14.34217820451294
IRIDIUM 151             
1 43074U 17083E   26218.60054627 -.00000005  00000+0 -88927-5 0  9991
2 43074  86.3979 300.9899 0002172  93.8173 266.3271 14.34217554451365
IRIDIUM 134             
1 43075U 17083F   26218.28975933  .00000015  00000+0 -16318-5 0  9993
2 43075  86.3979 301.1285 0002200  95.8488 264.2959 14.34217604451288
IRIDIUM 137             
1 43076U 17083G   26218.30244463  .00000002  00000+0 -64308-5 0  9992
2 43076  86.3982 301.2171 0002263  84.8990 275.2464 14.34217535451357
IRIDIUM 141             
1 43077U 17083H   26218.50540709  .00000019  00000+0 -33223-6 0  9998
2 43077  86.3976 300.9600 0002096  95.6781 264.4654 14.34217637451383
IRIDIUM 153             
1 43078U 17083J   26218.59712316  .00000016  00000+0 -12734-5 0  9993
2 43078  86.3933 269.3942 0002213  96.9601 263.1847 14.34217595452508
IRIDIUM 131             
1 43079U 17083K   26218.49272174  .00000017  00000+0 -10048-5 0  9993
2 43079  86.3982 301.1547 0002086  94.5361 265.6073 14.34217694451310
LKW-2                   
1 43080U 17084A   26218.76043282  .00004163  00000+0  15989-3 0  9994
2 43080  97.1166 256.2045 0003753  76.5925 283.5733 15.26963115479407
YAOGAN-30 04A           
1 43081U 17085A   26218.37843986  .00001568  00000+0  11673-3 0  9994
2 43081  34.9944 204.1037 0005287 232.7969 127.2257 15.02857898470277
YAOGAN-30 04B           
1 43082U 17085B   26218.40017802  .00001626  00000+0  12090-3 0  9998
2 43082  34.9933 204.0471 0003922  60.6560 299.4540 15.02907901470252
YAOGAN-30 04C           
1 43083U 17085C   26218.42225936  .00001578  00000+0  11721-3 0  9996
2 43083  34.9937 204.3196 0005557 222.8224 137.2052 15.02939298470317
SUPERVIEW-1 03          
1 43099U 18002A   26218.58481836  .00008297  00000+0  19710-3 0  9994
2 43099  97.3110 303.3980 0044421   1.0532 359.0800 15.40889891476128
CARTOSAT-2F             
1 43111U 18004A   26216.75064848  .00001667  00000+0  82533-4 0  9996
2 43111  97.4751 275.9017 0002902  87.7199 272.4367 15.19177484474700
LEO 1 (LEO VANTAGE 1)   
1 43113U 18004C   26218.55078581  .00001420  00000+0  10436-3 0  9996
2 43113  99.2394 143.4278 0347797 284.8783  71.4149 14.68163028444878
LKW-3                   
1 43146U 18006A   26218.74724447  .00007850  00000+0  22514-3 0  9997
2 43146  97.6667  21.3473 0004292 115.5831 244.5856 15.36167911476474
ASNARO-2                
1 43152U 18007A   26217.81029431  .00005706  00000+0  24974-3 0  9993
2 43152  97.3989 223.9637 0001762  92.3504 267.7934 15.22433091474961
JILIN-1 07              
1 43159U 18008E   26218.74090825  .00005167  00000+0  15197-3 0  9997
2 43159  97.1773 237.3460 0006739 224.1477 135.9230 15.35498022472752
JILIN-1 08              
1 43160U 18008F   26218.58286888  .00004484  00000+0  13748-3 0  9998
2 43160  97.1812 236.4482 0004341 242.3171 117.7632 15.34263928472671
WEINA 1A                
1 43169U 18011A   26217.41386586  .00001455  00000+0  11345-3 0  9994
2 43169  34.9942 222.6014 0001972 124.7685 235.3209 15.01168498465524
YAOGAN-30 05A           
1 43170U 18011B   26218.39483362  .00001599  00000+0  11902-3 0  9992
2 43170  34.9946 204.8951 0002677  49.0694 311.0246 15.02862861465703
YAOGAN-30 05B           
1 43171U 18011C   26218.38928898  .00001586  00000+0  11813-3 0  9997
2 43171  34.9938 204.6774 0000897  49.9799 310.0988 15.02855386465776
YAOGAN-30 05C           
1 43172U 18011D   26218.38462179  .00001579  00000+0  11767-3 0  9993
2 43172  34.9953 204.9776 0001861 184.5750 175.4941 15.02836420465640
KANOPUS-V 3             
1 43180U 18014A   26217.02816551  .00000151  00000+0  94684-5 0  9998
2 43180  97.3525 121.5472 0001756  88.9472 271.1966 15.22368902472157
KANOPUS-V 4             
1 43181U 18014B   26216.99550884  .00001892  00000+0  84771-4 0  9996
2 43181  97.3531 121.6802 0001756  94.6699 265.4738 15.22449979472166
S-NET D                 
1 43186U 18014G   26218.53015831  .00002544  00000+0  13176-3 0  9996
2 43186  97.5299 123.0068 0007523 190.9165 169.1907 15.17102209466392
S-NET B                 
1 43187U 18014H   26218.54261721  .00002905  00000+0  15008-3 0  9996
2 43187  97.5304 123.0073 0008291 187.1726 172.9390 15.17070890466398
S-NET A                 
1 43188U 18014J   26218.46280477  .00002546  00000+0  13183-3 0  9990
2 43188  97.5314 123.1465 0008121 187.8596 172.2511 15.17110104466380
S-NET C                 
1 43189U 18014K   26218.61274256  .00002974  00000+0  15354-3 0  9993
2 43189  97.5331 123.3780 0009716 181.8049 178.3151 15.17061423464957
ZHANGHENG 1-01 (CSES-1) 
1 43194U 18015C   26218.60458319  .00004265  00000+0  19562-3 0  9993
2 43194  97.6918  25.2754 0017250  92.1453 268.1757 15.20882430472302
PAZ                     
1 43215U 18020A   26218.62799583  .00001175  00000+0  59144-4 0  9994
2 43215  97.4473 225.2999 0001648  87.5872 272.5551 15.19153194468661
LKW-4                   
1 43236U 18025A   26218.48620453  .00031125  00000+0  29984-3 0  9991
2 43236  97.6370  33.4714 0003245 119.5596 240.5987 15.66477948467890
IRIDIUM 144             
1 43249U 18030A   26218.60346594  .00000010  00000+0 -33878-5 0  9995
2 43249  86.3931 269.3195 0002378  91.8519 268.2949 14.34217579437368
IRIDIUM 149             
1 43250U 18030B   26218.60980838  .00000109  00000+0  31809-4 0  9991
2 43250  86.3930 269.2834 0002222  94.5274 265.6176 14.34217720437387
IRIDIUM 157             
1 43251U 18030C   26218.55906773  .00000027  00000+0  24832-5 0  9990
2 43251  86.3932 269.3590 0002305  94.2764 265.8695 14.34217677437359
IRIDIUM 140             
1 43252U 18030D   26218.57809546  .00000015  00000+0 -17788-5 0  9993
2 43252  86.3932 269.3634 0002308  94.4476 265.6984 14.34217617437414
IRIDIUM 145             
1 43253U 18030E   26218.56541101  .00000005  00000+0 -51609-5 0  9992
2 43253  86.3933 269.3406 0002462  90.7120 269.4358 14.34217460437344
IRIDIUM 146             
1 43254U 18030F   26218.61615123  .00000007  00000+0 -43998-5 0  9999
2 43254  86.3933 269.3314 0002281  92.6469 267.4988 14.34217508437361
IRIDIUM 148             
1 43255U 18030G   26218.58443804  .00000016  00000+0 -15074-5 0  9995
2 43255  86.3932 269.3888 0002241  90.9941 269.1511 14.34217598437392
IRIDIUM 142             
1 43256U 18030H   26218.55272541  .00000016  00000+0 -13945-5 0  9996
2 43256  86.3930 269.2892 0002433  90.8480 269.2995 14.34217617437350
IRIDIUM 150             
1 43257U 18030J   26218.59078094 -.00000001  00000+0 -75996-5 0  9997
2 43257  86.3934 269.3910 0002257  94.1162 266.0292 14.34217415437389
IRIDIUM 143             
1 43258U 18030K   26218.57175735  .00000068  00000+0  17135-4 0  9997
2 43258  86.3936 269.4938 0002387  93.3270 266.8199 14.34213106437318
GAOFEN-1 02             
1 43259U 18031A   26218.65230836  .00000223  00000+0  39420-4 0  9996
2 43259  98.0489 281.0289 0002357 177.8666 182.2554 14.76442649450149
GAOFEN-1 03             
1 43260U 18031B   26218.76585130  .00000385  00000+0  62744-4 0  9994
2 43260  98.0487 280.9947 0001170 254.4145 105.6935 14.76446082450152
GAOFEN-1 04             
1 43262U 18031D   26218.74159667  .00000703  00000+0  10841-3 0  9990
2 43262  98.0490 281.1677 0000632 109.9995 250.1282 14.76466933450147
YAOGAN-31 01A           
1 43275U 18034A   26218.60327061 -.00000189  00000+0 -13167-3 0  9991
2 43275  63.3965 321.5518 0279411   7.6291 352.8854 13.45463290408889
YAOGAN-31 01B           
1 43276U 18034B   26218.60462368 -.00000161  00000+0 -94398-4 0  9998
2 43276  63.3968 321.5570 0279414   7.5823 352.9296 13.45458868409005
YAOGAN-31 01C           
1 43277U 18034C   26218.60774486 -.00000133  00000+0 -56835-4 0  9999
2 43277  63.3977 320.9198 0279709   7.2936 353.2031 13.45446901409022
WEINA 1B                
1 43279U 18034E   26218.77079387 -.00000015  00000+0  10103-3 0  9992
2 43279  63.3971 321.7412 0279439   7.9994 352.5352 13.45373813409015
SENTINEL-3B             
1 43437U 18039A   26218.47278625  .00000039  00000+0  34336-4 0  9996
2 43437  98.6217 285.2754 0001608 109.3902 250.7453 14.26741690431293
ZHUHAI-1 OVS-02         
1 43440U 18040B   26218.61349728  .00004459  00000+0  17775-3 0  9998
2 43440  97.0392 232.8703 0005789  84.5672 275.6227 15.25660466460409
ZHUHAI-1 OHS-02         
1 43441U 18040C   26218.63492425  .00004375  00000+0  16961-3 0  9997
2 43441  97.0365 239.8795 0010902  59.7265 300.5053 15.26565849121974
GAOFEN-5 01             
1 43461U 18043A   26218.48094187  .00000196  00000+0  50391-4 0  9991
2 43461  98.4616 191.1360 0000614 320.8998  39.2157 14.60636933439032
GRACE-FO 1              
1 43476U 18047A   26218.57250703  .00002588  00000+0  67046-4 0  9991
2 43476  88.9945 191.0255 0007385 274.9686  85.0726 15.38592520457540
GRACE-FO 2              
1 43477U 18047B   26218.57280228  .00002606  00000+0  67537-4 0  9993
2 43477  88.9944 191.0252 0007389 275.1509  84.8903 15.38592921457547
IRIDIUM 161             
1 43478U 18047C   26218.57251126  .00000179  00000+0  47146-4 0  9996
2 43478  86.4439  67.3920 0002026  86.6330 273.5103 14.43278804432400
IRIDIUM 152             
1 43479U 18047D   26218.61423873  .00000032  00000+0  42296-5 0  9992
2 43479  86.3914  67.2362 0002124  89.2104 270.9335 14.34217627429718
IRIDIUM 147             
1 43480U 18047E   26218.62058186  .00000028  00000+0  30174-5 0  9993
2 43480  86.3915  67.2395 0002276  86.0000 274.1456 14.34217638429717
IRIDIUM 110             
1 43481U 18047F   26218.62692343  .00000015  00000+0 -17734-5 0  9997
2 43481  86.3914  67.3298 0001754  87.5977 272.5420 14.34217532429704
IRIDIUM 162             
1 43482U 18047G   26218.56621651  .00000183  00000+0  48488-4 0  9999
2 43482  86.4437  67.2850 0002244  88.2891 271.8567 14.43279899432394
GAOFEN-6                
1 43484U 18048A   26218.76500937  .00000393  00000+0  64079-4 0  9994
2 43484  98.0933 281.5172 0011098  15.6608 344.4942 14.76408797440852
LUOJIA-1 01             
1 43485U 18048B   26218.76429794  .00001379  00000+0  15823-3 0  9993
2 43485  97.8075 296.1391 0007935 323.1733  36.8938 14.87451833441739
PAKTES 1A               
1 43529U 18056A   26218.59613719  .00002395  00000+0  20080-3 0  9994
2 43529  98.1360  17.2486 0018238 309.6306  50.3306 14.99311242439479
PRSS-1                  
1 43530U 18056B   26218.62474266  .00001194  00000+0  15673-3 0  9990
2 43530  97.7784 285.0913 0001503  97.5326 262.6058 14.82061996435904
IRIDIUM 160             
1 43569U 18061A   26218.57276184  .00000043  00000+0  84239-5 0  9999
2 43569  86.3944  35.7177 0002129  88.3215 271.8225 14.34217691420599
IRIDIUM 166             
1 43570U 18061B   26218.52836425  .00000038  00000+0  65252-5 0  9994
2 43570  86.3943  35.6861 0002248  88.4331 271.7122 14.34217826420619
IRIDIUM 158             
1 43571U 18061C   26218.56641682 -.00000054  00000+0 -26217-4 0  9995
2 43571  86.3940  35.6802 0002037  91.5357 268.6072 14.34217187420586
IRIDIUM 165             
1 43572U 18061D   26218.59178895  .00000044  00000+0  87546-5 0  9990
2 43572  86.3943  35.7167 0002277  88.3385 271.8072 14.34217926420617
IRIDIUM 155             
1 43573U 18061E   26218.55373238 -.00000013  00000+0 -11771-4 0  9999
2 43573  86.3937  35.5993 0002116  91.2414 268.9024 14.34217185420570
IRIDIUM 154             
1 43574U 18061F   26218.53470331  .00000037  00000+0  61665-5 0  9992
2 43574  86.3944  35.7434 0002267  87.9368 272.2088 14.34218041420624
IRIDIUM 163             
1 43575U 18061G   26218.58544743  .00000042  00000+0  79731-5 0  9996
2 43575  86.3942  35.6357 0002107  90.5592 269.5845 14.34217714420602
IRIDIUM 156             
1 43576U 18061H   26218.56007445  .00000038  00000+0  65166-5 0  9990
2 43576  86.3942  35.6538 0002301  92.9977 267.1482 14.34217419420594
IRIDIUM 164             
1 43577U 18061J   26218.54104888  .00000044  00000+0  86207-5 0  9994
2 43577  86.3943  35.7028 0002263  87.0057 273.1398 14.34217799420631
IRIDIUM 159             
1 43578U 18061K   26218.57910202  .00000031  00000+0  38881-5 0  9994
2 43578  86.3941  35.6226 0002114  90.7401 269.4037 14.34217883420607
GAOFEN-11 01            
1 43585U 18063A   26218.65696606  .00010299  00000+0  14563-3 0  9998
2 43585  97.1247 285.4315 0005091 128.8185 231.3526 15.56703234448197
HAIYANG-1C              
1 43609U 18068A   26218.61645545  .00000171  00000+0  76586-4 0  9994
2 43609  98.5157 290.1876 0010005 308.4504  51.5782 14.34131957414311
ICESAT-2                
1 43613U 18070A   26218.57387755  .00005060  00000+0  18355-3 0  9994
2 43613  92.0077 304.5965 0000999   9.4551 350.6717 15.28310992440150
SSTL S1-4               
1 43618U 18071A   26218.64773300  .00000589  00000+0  56997-4 0  9999
2 43618  97.4949  88.1439 0002188  72.7500 287.3961 14.96237020430488
NOVASAR 1               
1 43619U 18071B   26218.61169437 -.00000066  00000+0 -10026-5 0  9993
2 43619  97.5003  88.8464 0001508  78.2808 281.8583 14.96286934430479
CENTISPACE-1 S1         
1 43636U 18075A   26218.61785566  .00000292  00000+0  69814-4 0  9990
2 43636  97.8722 239.8607 0007715 331.1369  28.9405 14.60041342417915
SAOCOM 1A               
1 43641U 18076A   26218.63393709  .00000333  00000+0  48392-4 0  9997
2 43641  97.8901  44.6526 0001546  87.1556 272.9834 14.82163198423578
YAOGAN-32 A             
1 43642U 18077A   26218.65917907  .00000492  00000+0  10458-3 0  9990
2 43642  98.1463 246.5937 0001621  71.9233 288.2146 14.63234499417225
YAOGAN-32 B             
1 43643U 18077B   26218.65908777  .00000446  00000+0  95793-4 0  9991
2 43643  98.1467 246.5510 0007199  66.1582 294.0374 14.63232445417212
HAIYANG-2B              
1 43655U 18081A   26218.64995094 -.00000236  00000+0 -18680-3 0  9994
2 43655  99.3308 226.6471 0001645 117.7366 242.3953 13.79307935391886
COSMOS 2528             
1 43657U 18082A   26218.56474846 -.00000050  00000+0  18324-4 0  9994
2 43657  67.1507 315.3142 0008161 267.4888  92.5262 13.96712277396987
CFOSAT                  
1 43662U 18083A   26218.57389408  .00001917  00000+0  10196-3 0  9991
2 43662  97.3631 221.6250 0000420 120.1433 239.9842 15.16418093430079
GOSAT 2 (IBUKI 1)       
1 43672U 18084B   26218.58667978 -.00000701  00000+0 -77459-4 0  9993
2 43672  97.8836 329.4788 0001317  89.0560 271.0805 14.84226703421036
KHALIFASAT              
1 43676U 18084F   26218.58019278  .00001119  00000+0  91616-4 0  9994
2 43676  98.0881  43.0235 0005455 325.8920  34.1952 15.01484113423334
TEN-KOH                 
1 43677U 18084G   26218.51962698  .00000732  00000+0  59159-4 0  9997
2 43677  98.0755  53.0083 0008324 318.7756  41.2838 15.03124953423723
DIWATA-2B               
1 43678U 18084H   26218.58249237  .00001163  00000+0  97152-4 0  9996
2 43678  98.1219  57.0051 0011193  11.3111 348.8361 15.00634602423774
STARS-AO                
1 43679U 18084J   26218.58920136  .00003015  00000+0  15394-3 0  9996
2 43679  98.0453  75.6734 0002435  33.3929 326.7456 15.17569327425117
AUTCUBE 2               
1 43681U 18084K   26218.31962035  .00002183  00000+0  13719-3 0  9998
2 43681  98.0680  67.1549 0007765 226.4941 133.5643 15.10397003424497
METOP-C                 
1 43689U 18087A   26218.60622890  .00000035  00000+0  35810-4 0  9994
2 43689  98.6609 277.2789 0001740  65.9868 294.1491 14.21507933401994
SHIYAN-6 01 (SY-6 01)   
1 43711U 18094B   26218.59073146  .00002798  00000+0  98511-4 0  9995
2 43711  97.3604 232.2525 0011751 338.1664  21.9074 15.30107024429195
MOHAMMED VI-B           
1 43717U 18095A   26218.64456624  .00000981  00000+0  14605-3 0  9997
2 43717  97.9525 290.2669 0001766  82.1634 277.9777 14.77109189415631
HYSIS                   
1 43719U 18096A   26218.62597500  .00001300  00000+0  18444-3 0  9998
2 43719  97.9804 284.9698 0001263  70.5019 289.6328 14.78653811414879
COSMOS 2530 (RODNIK-S *)
1 43751U 18097A   26218.60704858 -.00000010  00000+0 -14044-3 0  9990
2 43751  82.5150 190.9895 0018196 288.2184  71.6915 12.42882127348553
COSMOS 2531 (RODNIK-S *)
1 43752U 18097B   26218.62806493 -.00000119  00000+0 -93136-3 0  9990
2 43752  82.5193 192.0519 0015655 309.0848  50.8838 12.42913152348571
COSMOS 2532 (RODNIK-S *)
1 43753U 18097C   26218.65643875  .00000131  00000+0  87668-3 0  9992
2 43753  82.5140 190.7974 0017088 311.0134  48.9467 12.42911203348545
MINXSS-2                
1 43758U 18099A   26218.16903861  .00024212  00000+0  42573-3 0  9991
2 43758  97.4489 296.0364 0007741  90.8949 269.3189 15.50452147421861
SIRION PATHFINDER-2     
1 43759U 18099B   26218.38695086  .00002043  00000+0  11297-3 0  9990
2 43759  97.4220 266.2546 0010330 121.2582 238.9663 15.14943056420228
STPSAT-5                
1 43762U 18099E   26218.59472527  .00002307  00000+0  13028-3 0  9997
2 43762  97.4054 267.0092 0004299 138.6838 221.4720 15.14095102420495
HAWK-A                  
1 43765U 18099H   26218.61206696  .00004200  00000+0  16694-3 0  9991
2 43765  97.3879 270.1988 0036078 107.3655 253.1534 15.25250556420786
SPAWAR-CAL-O            
1 43766U 18099J   26218.16347897  .00011452  00000+0  31875-3 0  9996
2 43766  97.4292 282.6145 0009361 111.1505 249.0741 15.36940642421196
CORVUS BC4              
1 43767U 18099K   26218.59445815  .00002722  00000+0  15830-3 0  9996
2 43767  97.4040 260.1018 0008373 174.8127 185.3192 15.12861319420026
AISTECHSAT 2            
1 43768U 18099L   26218.59328206  .00002936  00000+0  15660-3 0  9999
2 43768  97.4263 265.5296 0006332 116.9707 243.2173 15.15922898419917
FOX-1CLIFF (AO-95)      
1 43770U 18099N   26218.13562440  .00006493  00000+0  24221-3 0  9997
2 43770  97.4346 278.2221 0009248 161.0445 199.1141 15.27720270420841
RANGE-A                 
1 43773U 18099R   26218.55406296  .00002143  00000+0  12218-3 0  9993
2 43773  97.3939 259.6634 0010754 163.6254 196.5327 15.13777334420117
SPAWAR-CAL-R            
1 43776U 18099U   26218.58907033  .00001827  00000+0  12953-3 0  9998
2 43776  97.4355 257.2049 0019849 183.9191 176.1884 15.05829101419588
SPAWAR-CAL-OR           
1 43778U 18099W   26218.09513133  .00005466  00000+0  22707-3 0  9991
2 43778  97.3756 265.5323 0012660 135.3125 224.9135 15.24153778420251
SNUSAT-2                
1 43782U 18099AA  26218.62167725  .00004718  00000+0  20591-3 0  9995
2 43782  97.4027 271.2447 0011846 116.3384 243.9070 15.22565010420703
KAZSTSAT                
1 43783U 18099AB  26218.59793739  .00000096  00000+0  12258-4 0  9999
2 43783  97.4258 248.2536 0008449 246.5866 113.4470 14.99971414418860
SNUGLITE                
1 43784U 18099AC  26218.57871117  .00006024  00000+0  22175-3 0  9990
2 43784  97.3835 272.3878 0004634 108.0042 252.1703 15.28213862421018
ITASAT                  
1 43786U 18099AE  26218.60195596  .00003521  00000+0  16805-3 0  9998
2 43786  97.3995 269.1168 0012861 168.7053 191.4473 15.19638395420569
EAGLET-I                
1 43790U 18099AJ  26218.57679806  .00002094  00000+0  12115-3 0  9994
2 43790  97.4197 266.9118 0011578 163.2232 196.9385 15.13285805419953
ESEO                    
1 43792U 18099AL  26218.60045156  .00000630  00000+0  49234-4 0  9992
2 43792  97.3936 253.8267 0012564 154.5575 205.6272 15.04377464419387
HAWK-B                  
1 43794U 18099AN  26218.56328558  .00003900  00000+0  16462-3 0  9998
2 43794  97.3929 269.4586 0033183 125.0986 235.3370 15.23367660420702
THEA                    
1 43796U 18099AQ  26218.50012445  .00010606  00000+0  29778-3 0  9994
2 43796  97.4405 288.7318 0008713 107.0124 253.2075 15.36696636420417
SKYSAT-C12              
1 43797U 18099AR  26218.58960179  .00010118  00000+0  17903-3 0  9994
2 43797  96.9248 239.8485 0002785  14.1373 345.9958 15.50481693429662
ASTROCAST 0.1           
1 43798U 18099AS  26218.18907556  .00025568  00000+0  41004-3 0  9995
2 43798  97.4340 298.3664 0004088  64.0879 296.0795 15.53052593422185
HAWK-C                  
1 43799U 18099AT  26218.60349832  .00004897  00000+0  17303-3 0  9997
2 43799  97.3854 271.3553 0041540 106.6856 253.8950 15.28844028421610
ICEYE-X2                
1 43800U 18099AU  26218.63473039  .00005085  00000+0  25091-3 0  9993
2 43800  97.4317 271.5954 0011622 122.4829 237.7531 15.18285425420477
JY1SAT (JO-97)          
1 43803U 18099AX  26218.44015184  .00010043  00000+0  29578-3 0  9992
2 43803  97.4090 281.4930 0007195  95.6445 264.5619 15.35222007421334
SUOMI-100               
1 43804U 18099AY  26218.14131239  .00007330  00000+0  25817-3 0  9997
2 43804  97.4153 278.3767 0011474 103.9336 256.3182 15.29542106421056
EUCROPIS                
1 43807U 18099BB  26218.59446340  .00004033  00000+0  18345-3 0  9996
2 43807  97.4188 273.6140 0007190 116.7965 243.4007 15.21269634420124
POLAR SCOUT YUKON       
1 43808U 18099BC  26218.46145368  .00013306  00000+0  33500-3 0  9992
2 43808  97.4652 292.2085 0006289 137.3621 222.8114 15.40024742421246
CENTAURI-1              
1 43809U 18099BD  26218.61404783  .00003369  00000+0  17423-3 0  9993
2 43809  97.4190 269.2561 0015044 147.4145 212.8020 15.16832901420149
NEXTSAT-1               
1 43811U 18099BF  26218.59762853  .00002084  00000+0  13600-3 0  9994
2 43811  97.4041 259.5459 0012834 156.5117 203.6701 15.08857577419485
GLOBAL-2                
1 43812U 18099BG  26218.61020728  .00001214  00000+0  80693-4 0  9997
2 43812  97.3536 253.0275 0005422   0.7375 359.3861 15.08942592419512
FALCONSAT-6             
1 43815U 18099BK  26218.77878005  .00002323  00000+0  88481-4 0  9991
2 43815  97.3773 294.2506 0016779 120.4761   1.3352 15.27609902421459
EXCITE                  
1 43819U 18099BP  26218.55500821  .00001058  00000+0  75005-4 0  9991
2 43819  97.3942 255.3319 0018449 173.4170 186.7304 15.06693761419331
SEAHAWK-1               
1 43820U 18099BQ  26218.12921503  .00004788  00000+0  20289-3 0  9996
2 43820  97.3924 269.8690 0009648 127.6971 232.5143 15.23579384420130
SAUDISAT 5A             
1 43831U 18102A   26218.64583896  .00003092  00000+0  11397-3 0  9996
2 43831  97.3031 279.2596 0008182 323.3577  36.7103 15.28524413423388
SAUDISAT 5B             
1 43833U 18102C   26218.65661073  .00003046  00000+0  11151-3 0  9990
2 43833  97.3141 282.4313 0008954 325.1244  34.9408 15.28757053423503
HONGYUN 1               
1 43871U 18108A   26218.66349931 -.00000093  00000+0 -74976-4 0  9991
2 43871  99.7466 239.5013 0010796 301.0912  58.9163 13.51559604375903
KANOPUS-V 5             
1 43876U 18111A   26217.66911556  .00000211  00000+0  12090-4 0  9996
2 43876  97.3524 122.1617 0001764  91.0881 269.0558 15.22424138422314
KANOPUS-V 6             
1 43877U 18111B   26217.74316130  .00000150  00000+0  57119-5 0  9997
2 43877  97.3670 135.2330 0001557  85.8630 274.2795 15.40830791423157
ISAT                    
1 43879U 18111D   26218.56248183  .00118442  00000+0  72887-3 0  9993
2 43879  97.5821 158.0590 0009419 113.0447 247.1812 15.76804649419072
UWE-4                   
1 43880U 18111E   26217.74253580  .00023117  00000+0  42492-3 0  9994
2 43880  97.5826 148.5254 0009279 129.7146 230.4924 15.49184586418444
D-STAR ONE (SPARROW)    
1 43881U 18111F   26218.38454675  .00615570  18012-3  10036-2 0  9998
2 43881  97.6014 164.8326 0011445 150.8180 209.3741 16.03220416419321
GRUS-1A                 
1 43890U 18111Q   26218.77491252  .00001324  00000+0  11443-3 0  9997
2 43890  97.4446  83.6274 0007399   5.9184 354.2126 14.98800913415281
YUNHAI-2 01A            
1 43909U 18112A   26218.73238782  .00000312  00000+0  18580-3 0  9997
2 43909  50.0082 189.6450 0000229 302.9940  57.0953 14.29039728398313
YUNHAI-2 01B            
1 43910U 18112B   26216.86512069  .00000228  00000+0  15272-3 0  9995
2 43910  50.0102 261.2277 0004498  34.8799 325.2411 14.29030471397209
YUNHAI-2 01C            
1 43911U 18112C   26218.57103837  .00000399  00000+0  21986-3 0  9993
2 43911  50.0109 133.5784 0000770 319.9427  40.1431 14.29017074398991
YUNHAI-2 01D            
1 43912U 18112D   26218.61359174 -.00000035  00000+0  49660-4 0  9994
2 43912  50.0113  73.3706 0015468 161.9426 198.2041 14.29048616394798
YUNHAI-2 01E            
1 43913U 18112E   26218.64129463 -.00000008  00000+0  60390-4 0  9997
2 43913  50.0093 312.5588 0005325 183.7666 176.3210 14.29028772396373
HONGYAN 1 (CHONGQING)   
1 43914U 18112F   26217.91625922 -.00000156  00000+0 -46266-4 0  9999
2 43914  50.0080  54.1009 0006691  49.4902 310.6559 13.43822611373222
YUNHAI-2 01F            
1 43915U 18112G   26218.73029375  .00000073  00000+0  92188-4 0  9991
2 43915  50.0124  13.0997 0007355 145.6817 214.4575 14.29047152395535
IRIDIUM 180             
1 43922U 19002A   26218.57859893  .00000030  00000+0  35826-5 0  9996
2 43922  86.4012 332.5394 0002140  93.7204 266.4237 14.34217789396211
IRIDIUM 176             
1 43923U 19002B   26218.59106214  .00000484  00000+0  72865-4 0  9997
2 43923  86.6132 332.4710 0002393  93.8097 266.3394 14.72260613406669
IRIDIUM 168             
1 43924U 19002C   26218.36295054  .00000037  00000+0  61750-5 0  9990
2 43924  86.4015 332.7081 0002153  93.3996 266.7446 14.34217921396166
IRIDIUM 173             
1 43925U 19002D   26218.35026398  .00000087  00000+0  23958-4 0  9995
2 43925  86.4010 332.6002 0002186  95.0504 265.0941 14.34216882396149
IRIDIUM 169             
1 43926U 19002E   26218.47152221  .00000185  00000+0  54094-4 0  9998
2 43926  86.4250   4.1680 0002487 101.9688 258.1789 14.38606069397455
IRIDIUM 172             
1 43927U 19002F   26218.41369129  .00000030  00000+0  35913-5 0  9999
2 43927  86.4012 332.5820 0002158  93.7016 266.4427 14.34217905396165
IRIDIUM 175             
1 43928U 19002G   26218.59800623  .00000171  00000+0  44458-4 0  9997
2 43928  86.4486 269.4479 0005310  71.7533 288.4245 14.43636604406257
IRIDIUM 171             
1 43929U 19002H   26218.60396915  .00000051  00000+0  11119-4 0  9999
2 43929  86.4021 332.8140 0002325  93.8326 266.3135 14.34218036396189
IRIDIUM 170             
1 43930U 19002J   26218.39331153  .00000702  00000+0  10735-3 0  9995
2 43930  86.6131 332.5550 0002186  94.3499 265.7968 14.72257478406644
IRIDIUM 167             
1 43931U 19002K   26218.38832160  .00000062  00000+0  15007-4 0  9996
2 43931  86.4011 332.6152 0002509  94.0733 266.0749 14.34218019396157
JILIN-1 09              
1 43943U 19005B   26218.58314617  .00002740  00000+0  12704-3 0  9991
2 43943  97.4737 313.1295 0000531 268.3914  91.7261 15.20913013416808
JILIN-1 10              
1 43946U 19005E   26218.74953161  .00003720  00000+0  14638-3 0  9992
2 43946  97.4793 317.5747 0009735 100.7188 259.5147 15.26236776417022
EGYPTSAT-A (MISRSAT-A)  
1 44047U 19008A   26218.63779188  .00000624  00000+0  10649-3 0  9999
2 44047  98.0157 282.7165 0001735  80.4940 279.6463 14.72359192400669
ONEWEB-0012             
1 44057U 19010A   26218.48717792 -.00000934  00000+0 -24768-2 0  9991
2 44057  87.9076 218.7918 0001857 100.2716 259.8624 13.16583796358183
ONEWEB-0010             
1 44058U 19010B   26218.51250319  .00000027  00000+0  36614-4 0  9999
2 44058  87.9081 218.7833 0002409  88.5128 271.6279 13.16595092358231
ONEWEB-0008             
1 44059U 19010C   26218.53782655  .00000055  00000+0  10951-3 0  9991
2 44059  87.9082 218.7731 0001720  81.1327 278.9998 13.16593741358355
ONEWEB-0007             
1 44060U 19010D   26218.61294043  .00000099  00000+0  22883-3 0  9996
2 44060  87.8959 249.1700 0002223 100.5296 259.6085 13.15549320358001
ONEWEB-0006             
1 44061U 19010E   26218.61689671  .00000125  00000+0  29838-3 0  9999
2 44061  87.8971 249.1385 0002119  89.8744 270.2630 13.15548085358053
ONEWEB-0011             
1 44062U 19010F   26218.58520828 -.00000137  00000+0 -39921-3 0  9993
2 44062  87.8972 249.1552 0002145  88.9814 271.1562 13.15547727358043
PRISMA                  
1 44072U 19015A   26218.58733775  .00001147  00000+0  14529-3 0  9993
2 44072  97.8719 292.6049 0001432  89.1469 270.9909 14.83679249399526
EMISAT                  
1 44078U 19018A   26218.67055355  .00000238  00000+0  83007-4 0  9991
2 44078  98.4610 277.1834 0019613  67.5604 292.7661 14.43658687387343
TIANHUI 2-01A           
1 44207U 19024A   26218.49657231  .00001088  00000+0  58806-4 0  9996
2 44207  97.4823 221.7669 0001035 109.3879 250.7466 15.16772210109766
TIANHUI 2-01B           
1 44209U 19024C   26218.49657344  .00001104  00000+0  59621-4 0  9998
2 44209  97.4822 221.7649 0001488  92.3883 267.7520 15.16772183402330
RISAT-2B                
1 44233U 19028A   26218.62930844  .00001869  00000+0  14904-3 0  9995
2 44233  36.9975  55.0399 0006509  82.0484 278.0997 15.01204324395410
BUFENG 1A               
1 44310U 19032A   26218.19786582  .00008667  00000+0  30925-3 0  9990
2 44310  44.9694 143.1445 0009921 186.2273 173.8488 15.29268596394842
BUFENG 1B               
1 44311U 19032B   26218.68211079  .00005189  00000+0  19172-3 0  9996
2 44311  44.9710  93.9938 0026757 260.6150  99.1708 15.28621775395474
JILIN-1 GAOFEN 3A       
1 44312U 19032C   26218.64658500  .00005853  00000+0  18567-3 0  9992
2 44312  44.9744  79.0084 0007397 241.9142 118.0996 15.33658547395586
TIANQI-3                
1 44314U 19032E   26218.59149034  .00008771  00000+0  22214-3 0  9991
2 44314  45.0005  59.5685 0010353 260.2569  99.7150 15.40125992395840
WT 1B                   
1 44316U 19032G   26218.28889475  .00007783  00000+0  28868-3 0  9992
2 44316  44.9694 147.2668 0009837 176.8802 183.2143 15.28120158394741
RCM-1                   
1 44322U 19033A   26217.15400791  .00000334  00000+0  37888-4 0  9993
2 44322  97.7604 223.9101 0001527  91.1984 342.9990 14.92590568389381
RCM-3                   
1 44323U 19033B   26217.69914252  .00000165  00000+0  21445-4 0  9999
2 44323  97.7597 224.5420 0001495  91.4261 268.7130 14.92589784389489
RCM-2                   
1 44324U 19033C   26217.25207421  .00000451  00000+0  49246-4 0  9992
2 44324  97.7605 224.0514 0001497  90.3148 269.8243 14.92591376389402
PROX-1                  
1 44339U 19036A   26218.04400439  .00007575  00000+0  70620-3 0  9996
2 44339  23.9937 140.9161 0005928 251.1661 108.8195 14.91715096380923
NPSAT1                  
1 44340U 19036B   26218.32258499  .00002855  00000+0  37879-3 0  9991
2 44340  23.9983 251.1223 0008192  59.5516 300.5789 14.75002804379909
OTB                     
1 44341U 19036C   26218.51919057  .00000890  00000+0  14554-3 0  9999
2 44341  23.9977  21.4424 0010674 198.7337 161.2762 14.57293179378728
FORMOSAT 7-3            
1 44343U 19036E   26218.14116446  .00002871  00000+0  15081-3 0  9998
2 44343  23.9979 194.6381 0000930 137.2928 222.7648 15.10136332390801
FORMOSAT 7-1            
1 44349U 19036L   26218.58517140  .00001895  00000+0  13606-3 0  9994
2 44349  23.9985  52.5717 0000933  54.7428 305.3160 14.96698373392215
FORMOSAT 7-4            
1 44350U 19036M   26218.40782359  .00001890  00000+0  13564-3 0  9991
2 44350  23.9976 115.8775 0001263  65.7977 294.2656 14.96690887391602
FORMOSAT 7-2            
1 44351U 19036N   26218.09685957  .00001871  00000+0  13404-3 0  9995
2 44351  23.9970 172.2920 0000781  71.4940 288.5645 14.96686705391073
FORMOSAT 7-6            
1 44353U 19036Q   26218.56299662  .00001865  00000+0  13350-3 0  9996
2 44353  23.9988 349.9578 0001029 344.6009  15.4461 14.96702179389370
FORMOSAT 7-5            
1 44358U 19036V   26218.40740862  .00001790  00000+0  12715-3 0  9998
2 44358  23.9987 289.7687 0000611  77.9743 282.0826 14.96680505389884
METEOR-M2 2             
1 44387U 19038A   26218.61095240 -.00000196  00000+0 -64912-4 0  9996
2 44387  98.9191 206.6498 0000599 164.1003 196.0194 14.24376858368474
ICEYE-X4                
1 44390U 19038D   26218.62802148  .00006733  00000+0  23154-3 0  9997
2 44390  97.8741 254.5388 0014568 124.5304 235.7313 15.30351296389511
MOMENTUS-X1             
1 44408U 19038Y   26218.56529945  .00036748  00000+0  29106-3 0  9993
2 44408  97.6706 268.7218 0007924 170.0890 190.0530 15.71207412394451
COSMOS 2538             
1 44424U 19039D   26218.76421314  .00003499  00000+0  15678-3 0  9991
2 44424  97.5856 298.5216 0040513 226.5817 133.2044 15.21201157387591
YAOGAN-30 06A           
1 44449U 19045A   26218.73071537  .00001977  00000+0  14645-3 0  9992
2 44449  34.9944  21.9728 0004183 346.3618  13.6977 15.02913305384227
YAOGAN-30 06B           
1 44450U 19045B   26218.64173500  .00001677  00000+0  12448-3 0  9993
2 44450  34.9934  22.0418 0007927 161.8031 198.2963 15.02918987384253
YAOGAN-30 06C           
1 44451U 19045C   26218.75177321  .00001622  00000+0  12061-3 0  9992
2 44451  34.9946  21.2660 0000586 291.7607  68.3038 15.02901781384167
GLOBAL-4                
1 44499U 19054E   26218.44211844  .00040548  00000+0  33426-3 0  9997
2 44499  45.0053 305.3454 0006794 329.0936  30.9562 15.69693865388249
COSMOS 2540             
1 44517U 19057A   26218.65250318  .00000024  00000+0  58765-4 0  9992
2 44517  99.2073 229.3475 0016326  38.8217 321.4109 13.85955427350863
KX-09                   
1 44520U 19058B   26218.66037062  .00001613  00000+0  14596-3 0  9995
2 44520  97.7778 231.6774 0010421 164.8550 195.2985 14.96781943377580
ZY-1 02D                
1 44528U 19059A   26218.74932027  .00000008  00000+0  18661-4 0  9993
2 44528  98.6688 280.4105 0003444 210.2797 149.8189 14.35274001361594
BNU-1 (JINGSHI 1)       
1 44529U 19059B   26218.58206839  .00000320  00000+0  97677-4 0  9992
2 44529  98.6125 348.6195 0012429 216.6935 143.3407 14.48422403364280
TAURUS-1 (JINNIUZUO 1)  
1 44530U 19059C   26218.60061654  .00001902  00000+0  30776-3 0  9994
2 44530  98.6467  26.5877 0009320 147.9520 212.2254 14.72581602366060
ZHUHAI-1 03B            
1 44536U 19060C   26218.61873397  .00020395  00000+0  28413-3 0  9990
2 44536  97.5582  19.2326 0009032 129.0182 231.1878 15.56923911384164
ZHUHAI-1 03D            
1 44538U 19060E   26218.60487764  .00020833  00000+0  33841-3 0  9998
2 44538  97.5423  10.8922 0007570 116.1607 244.0425 15.52714947383896
ZHUHAI-1 03E            
1 44539U 19060F   26218.60570902  .00010328  00000+0  23936-3 0  9998
2 44539  97.5671  10.3791 0005641 185.7668 174.3515 15.42611242383536
YUNHAI-1 02             
1 44547U 19063A   26218.62439851  .00000207  00000+0  91542-4 0  9993
2 44547  98.4134 227.6122 0006047  18.5262 341.6141 14.32734033359094
GAOFEN-10R              
1 44622U 19066A   26218.62079663  .00000698  00000+0  92421-4 0  9992
2 44622  98.0533 172.5762 0005213 347.0899  13.0180 14.83101903369853
PALISADE                
1 44634U 19069A   26218.53968188 -.00000086  00000+0 -27602-3 0  9998
2 44634  87.8840 269.7261 0007597 296.5514  63.4835 13.11905994325710
GAOFEN-7                
1 44703U 19072A   26218.65136949  .00002549  00000+0  11758-3 0  9993
2 44703  97.5686 279.4960 0017346 227.4465 132.5306 15.21061858375315
JILIN-1 GAOFEN 2A       
1 44777U 19075A   26218.55916591  .00008048  00000+0  19997-3 0  9998
2 44777  97.4943 303.5674 0004621 253.3795 106.6943 15.40583984372639
NINGXIA-1 1             
1 44779U 19076A   26218.63136597 -.00000091  00000+0  25411-4 0  9990
2 44779  45.0079 314.4200 0010235  31.1090 329.0348 14.02110650344939
NINGXIA-1 2             
1 44780U 19076B   26218.61664747 -.00000021  00000+0  70738-4 0  9998
2 44780  45.0101 314.8484 0006002  21.2503 338.8579 14.02023626344931
NINGXIA-1 3             
1 44781U 19076C   26218.60070384 -.00000123  00000+0  45616-5 0  9997
2 44781  45.0034 313.0798 0009287  19.7653 340.3540 14.02008946344936
NINGXIA-1 4             
1 44782U 19076D   26218.65712494 -.00000267  00000+0 -89056-4 0  9993
2 44782  45.0100 314.2856 0012424 358.6021   1.4777 14.02074186344903
NINGXIA-1 5             
1 44783U 19076E   26218.64361115 -.00000248  00000+0 -76840-4 0  9999
2 44783  45.0072 313.6960 0010131  21.7709 338.3554 14.02091007344855
KL-ALPHA A              
1 44785U 19077A   26218.59111487 -.00000037  00000+0 -70333-4 0  9998
2 44785  88.9245 217.0507 0010078 333.6058  26.4582 13.56046497332563
KL-ALPHA B              
1 44786U 19077B   26218.60056979  .00000026  00000+0  20027-4 0  9996
2 44786  88.9111 214.5705 0026878   8.1157 352.0426 13.56006224332016
CARTOSAT-3              
1 44804U 19081A   26218.60883465  .00002067  00000+0  10101-3 0  9998
2 44804  97.4266 279.6537 0010879 344.6322  15.4581 15.19318641371121
GAOFEN-12 01            
1 44819U 19082A   26218.63482740  .00000217  00000+0  35034-4 0  9997
2 44819  97.8130 223.6880 0000977 125.3664 234.7640 14.80495413361550
JILIN-1 GAOFEN 2B       
1 44836U 19086A   26218.54194762  .00003880  00000+0  17642-3 0  9997
2 44836  97.4850 290.2265 0015151 139.3820 220.8549 15.21237006368144
RISAT-2BR1              
1 44857U 19089F   26218.56382931  .00001938  00000+0  15394-3 0  9996
2 44857  36.9592 172.7957 0011186 237.6942 122.2717 15.01248523364772
IHOPSAT-TD              
1 44859U 19089H   26218.07562882  .00001769  00000+0  10577-3 0  9999
2 44859  36.9670  97.6500 0006330 289.2984  70.7077 15.12057829365545
CSG-1                   
1 44873U 19092A   26218.61673719  .00000253  00000+0  38361-4 0  9990
2 44873  97.8907  41.4946 0001494  90.7216 269.4168 14.82156571358944
CHEOPS                  
1 44874U 19092B   26218.52573643  .00000177  00000+0  44637-4 0  9994
2 44874  98.1515  46.0938 0009425 306.5228  53.5105 14.61995216353255
TIANQIN 1 (CAS-6)       
1 44879U 19093A   26218.60372560  .00001854  00000+0  17186-3 0  9995
2 44879  97.7795 302.0833 0009455 241.9696 118.0569 14.95660227359589
ETRSS-1                 
1 44880U 19093B   26218.66239573  .00002650  00000+0  24057-3 0  9999
2 44880  97.7813 302.6457 0009556 240.8852 119.1413 14.96120977359601
TIANYAN 01              
1 44881U 19093C   26218.66253919  .00000084  00000+0  15520-4 0  9995
2 44881  97.7497 289.6580 0012078 283.1542  76.8326 14.86589070358917
TIANYAN 02              
1 44882U 19093D   26218.56606139  .00003332  00000+0  23406-3 0  9991
2 44882  97.7923 313.8596 0013246 207.1549 152.8986 15.05773718360196
CBERS 4A                
1 44883U 19093E   26218.61181563  .00000981  00000+0  13206-3 0  9991
2 44883  98.0156 286.0886 0002399 105.4666 254.6812 14.81480554358540
WEILAI 1R               
1 44884U 19093F   26218.65756153  .00002192  00000+0  17610-3 0  9998
2 44884  97.7902 308.6493 0013843 226.2946 133.7131 15.01041794359993
FLORIPASAT-1            
1 44885U 19093G   26218.51881539  .00003188  00000+0  23293-3 0  9991
2 44885  97.7926 313.1360 0009665 256.5888 103.4260 15.04353371360216
SHUNTIAN                
1 44886U 19093H   26218.66500252  .00002557  00000+0  23679-3 0  9995
2 44886  97.7995 306.5730 0009970 254.4684 105.5436 14.95375488359724
GONETS-M 14             
1 44905U 19096A   26218.60103103 -.00000008  00000+0 -13117-3 0  9995
2 44905  82.5207  53.3763 0014223  45.5341 314.6899 12.42871338299941
GONETS-M 15             
1 44906U 19096B   26218.63014755 -.00000073  00000+0 -59702-3 0  9995
2 44906  82.5226  53.8275 0016270  66.8195 293.4597 12.42883253299918
GONETS-M 16             
1 44907U 19096C   26218.57530163  .00000018  00000+0  55046-4 0  9990
2 44907  82.5173  52.7902 0011771 105.7462 254.4917 12.42893168299892
RS-44 & BREEZE-KM R/B   
1 44909U 19096E   26218.58758242  .00000013  00000+0  53220-5 0  9991
2 44909  82.5236 306.2201 0217867  26.8192 334.3978 12.79748764308796
JILIN-1 KUANFU 01       
1 45016U 20003A   26218.75252912  .00002147  00000+0  13228-3 0  9995
2 45016  97.4998 291.7213 0011098 124.1837 236.0446 15.10982999362968
YINHE-1                 
1 45024U 20004A   26218.73856652  .00000240  00000+0  28775-4 0  9990
2 45024  86.3908  92.8127 0013032 173.1453 186.9949 14.79187203353394
ONEWEB-0013             
1 45131U 20008A   26218.52472491 -.00000148  00000+0 -46581-3 0  9998
2 45131  87.8487  42.6585 0001230 123.0961 237.0284 13.09455612312655
ONEWEB-0017             
1 45132U 20008B   26218.47206208  .00000287  00000+0  78525-3 0  9999
2 45132  87.8830  26.2459 0002016  88.0541 272.0818 13.10369656314538
ONEWEB-0020             
1 45133U 20008C   26218.51788288  .00000166  00000+0  43905-3 0  9998
2 45133  87.8842  26.2376 0001768  90.7695 269.3635 13.10376213314930
ONEWEB-0021             
1 45134U 20008D   26218.45680121  .00000713  00000+0  20056-2 0  9998
2 45134  87.8827  26.2626 0001853  94.9071 265.2268 13.10373129315235
ONEWEB-0023             
1 45136U 20008F   26218.46783739  .00000546  00000+0  15267-2 0  9992
2 45136  87.8832  26.2457 0001636  89.9384 270.1931 13.10370212314663
ONEWEB-0024             
1 45137U 20008G   26218.51631691  .00000044  00000+0  88799-4 0  9993
2 45137  87.8846  26.2311 0001860  91.6478 268.4863 13.10376353314836
ONEWEB-0025             
1 45138U 20008H   26218.51603917  .00000134  00000+0  34676-3 0  9998
2 45138  87.8846  26.2210 0001757  76.7447 283.3877 13.10376563315161
ONEWEB-0026             
1 45139U 20008J   26218.43826972 -.00000106  00000+0 -33520-3 0  9996
2 45139  87.8908  11.0638 0001927  90.7379 269.3970 13.11414898317699
ONEWEB-0028             
1 45140U 20008K   26218.48886412  .00000640  00000+0  17697-2 0  9995
2 45140  87.8906  11.0597 0001521 110.5195 249.6097 13.11416616315217
ONEWEB-0032             
1 45141U 20008L   26218.47390208  .00000194  00000+0  52044-3 0  9998
2 45141  87.8829  26.2479 0001379 101.7397 258.3885 13.10369385314889
ONEWEB-0033             
1 45142U 20008M   26218.52467612  .00000606  00000+0  16994-2 0  9990
2 45142  87.8829  26.2431 0002304  85.6842 274.4549 13.10375065314802
ONEWEB-0035             
1 45143U 20008N   26218.54516385  .00000434  00000+0  12075-2 0  9990
2 45143  87.8828  26.2327 0001890  92.0869 268.0475 13.10369195314530
ONEWEB-0036             
1 45144U 20008P   26218.52282864  .00000461  00000+0  12849-2 0  9990
2 45144  87.8850  26.2580 0001604  92.6189 267.5122 13.10378391314958
ONEWEB-0038             
1 45145U 20008Q   26218.44843906 -.00000469  00000+0 -13583-2 0  9998
2 45145  87.8925  11.0778 0003176 117.7589 242.3861 13.11416919316911
ONEWEB-0039             
1 45146U 20008R   26218.45171083  .00000631  00000+0  17711-2 0  9996
2 45146  87.8836  26.2495 0001503 106.1235 254.0058 13.10374822314741
ONEWEB-0040             
1 45147U 20008S   26218.52127998  .00000371  00000+0  10279-2 0  9994
2 45147  87.8831  26.2451 0001543  84.9347 275.1957 13.10375045314458
ONEWEB-0043             
1 45149U 20008U   26218.52310900  .00000401  00000+0  11115-2 0  9997
2 45149  87.8843  26.2360 0001420 105.4770 254.6514 13.10374994314773
ONEWEB-0044             
1 45150U 20008V   26218.55180848  .00000085  00000+0  20648-3 0  9998
2 45150  87.8835  26.2325 0001669  93.0336 267.0982 13.10369027315074
ONEWEB-0045             
1 45151U 20008W   26218.44320898 -.00000290  00000+0 -85317-3 0  9992
2 45151  87.8917  11.0582 0001778  98.7189 261.4141 13.11416770316998
ONEWEB-0047             
1 45152U 20008X   26218.46853814  .00000495  00000+0  13815-2 0  9992
2 45152  87.8838  26.2482 0002022  93.3315 266.8044 13.10370624314785
ONEWEB-0048             
1 45153U 20008Y   26218.53994900  .00000592  00000+0  16600-2 0  9996
2 45153  87.8827  26.2506 0001852  96.2836 263.8502 13.10371022314409
ONEWEB-0049             
1 45154U 20008Z   26218.54319527  .00000511  00000+0  14274-2 0  9990
2 45154  87.8827  26.2389 0001467  83.6396 276.4899 13.10370934314626
ONEWEB-0051             
1 45155U 20008AA  26218.44151616 -.00000291  00000+0 -85627-3 0  9991
2 45155  87.8913  11.0635 0001812  94.6919 265.4416 13.11414193317674
ONEWEB-0052             
1 45156U 20008AB  26218.48745765 -.00000455  00000+0 -13390-2 0  9999
2 45156  87.8834  26.2392 0001437  88.7993 271.3299 13.10370040314521
ONEWEB-0053             
1 45157U 20008AC  26218.51957805  .00000303  00000+0  83199-3 0  9999
2 45157  87.8830  26.2510 0001364  99.5865 260.5416 13.10376121314502
ONEWEB-0054             
1 45158U 20008AD  26218.47883777 -.00000043  00000+0 -15990-3 0  9998
2 45158  87.8832  26.2457 0001793  91.3116 268.8217 13.10368848314619
ONEWEB-0056             
1 45159U 20008AE  26218.44986972  .00000604  00000+0  16926-2 0  9997
2 45159  87.8841  26.2458 0001836  82.6813 277.4523 13.10375504314765
ONEWEB-0057             
1 45160U 20008AF  26218.46711888  .00000526  00000+0  14698-2 0  9990
2 45160  87.8834  26.2529 0001292  98.0726 262.0548 13.10370985314932
ONEWEB-0058             
1 45161U 20008AG  26218.45353776  .00000728  00000+0  20478-2 0  9995
2 45161  87.8828  26.2583 0002051  94.0962 266.0400 13.10375745315007
ONEWEB-0059             
1 45162U 20008AH  26218.52650072  .00000615  00000+0  17239-2 0  9999
2 45162  87.8832  26.2440 0001680  98.8325 261.2993 13.10376908314912
ONEWEB-0062             
1 45163U 20008AJ  26218.54998747  .00000179  00000+0  47788-3 0  9994
2 45163  87.8835  26.2304 0002120  89.3137 270.8233 13.10370064314786
ONEWEB-0065             
1 45164U 20008AK  26218.50754252 -.00000373  00000+0 -11046-2 0  9997
2 45164  87.8841  26.2466 0001501  87.1816 272.9483 13.10375568314475
ONEWEB-0066             
1 45424U 20020A   26218.50255791  .00000363  00000+0  98824-3 0  9991
2 45424  87.8909  11.0532 0001855  96.4909 263.6430 13.11414031309274
ONEWEB-0067             
1 45425U 20020B   26218.46382178 -.00000317  00000+0 -93086-3 0  9993
2 45425  87.8933  10.9930 0001624  95.3428 264.7885 13.11427679309324
ONEWEB-0080             
1 45426U 20020C   26218.46371233 -.00000300  00000+0 -88306-3 0  9995
2 45426  87.8923  11.0635 0002116  92.7837 267.3533 13.11419611309292
ONEWEB-0090             
1 45427U 20020D   26218.41624223  .00000591  00000+0  16329-2 0  9996
2 45427  87.8920  11.0767 0001896  94.4659 265.6685 13.11416028309255
ONEWEB-0061             
1 45428U 20020E   26218.44815942 -.00000397  00000+0 -11564-2 0  9992
2 45428  87.8918  11.0541 0001866  95.3712 264.7629 13.11415437309217
ONEWEB-0081             
1 45429U 20020F   26218.50596032  .00000288  00000+0  77684-3 0  9999
2 45429  87.8914  11.0514 0001699 100.0003 260.1317 13.11414210309330
ONEWEB-0069             
1 45430U 20020G   26218.50779099  .00000155  00000+0  40285-3 0  9997
2 45430  87.8916  11.0548 0001784 101.1638 258.9690 13.11412260309266
ONEWEB-0031             
1 45431U 20020H   26218.54325552 -.00000191  00000+0 -57489-3 0  9999
2 45431  87.8905  11.0485 0002070  93.2455 266.8910 13.11418649309251
ONEWEB-0027             
1 45432U 20020J   26218.45483241  .00000075  00000+0  16112-3 0  9997
2 45432  87.9178 355.8712 0002048  86.8718 273.2648 13.17649469312977
ONEWEB-0064             
1 45433U 20020K   26218.46526299 -.00000279  00000+0 -82259-3 0  9993
2 45433  87.8914  11.0582 0001915  90.6183 269.5165 13.11419127309273
ONEWEB-0018             
1 45434U 20020L   26218.49734628  .00000579  00000+0  15975-2 0  9995
2 45434  87.8914  11.0515 0002042 103.7416 256.3940 13.11415479309223
ONEWEB-0083             
1 45435U 20020M   26218.48745549  .00000518  00000+0  14257-2 0  9994
2 45435  87.8919  11.0498 0001887  93.7163 266.4181 13.11416635309260
ONEWEB-0095             
1 45436U 20020N   26218.47897542  .00000319  00000+0  86526-3 0  9993
2 45436  87.8910  11.0599 0001628  71.9188 288.2117 13.11418142309268
ONEWEB-0092             
1 45437U 20020P   26218.43320998  .00000119  00000+0  30095-3 0  9994
2 45437  87.8918  11.0599 0001915  98.6559 261.4786 13.11416993309373
ONEWEB-0085             
1 45438U 20020Q   26218.48717455  .00000579  00000+0  15968-2 0  9999
2 45438  87.8913  11.0536 0001833  93.4535 266.6803 13.11417129309263
ONEWEB-0096             
1 45439U 20020R   26218.48915587  .00000535  00000+0  14744-2 0  9999
2 45439  87.8918  11.0519 0001774  90.0462 270.0869 13.11417178309250
ONEWEB-0037             
1 45440U 20020S   26218.51429335 -.00000071  00000+0 -23732-3 0  9991
2 45440  87.8925  11.0209 0001770  88.3497 271.7834 13.11414359309292
ONEWEB-0042             
1 45441U 20020T   26218.47869317  .00000282  00000+0  75887-3 0  9995
2 45441  87.8918  11.0500 0001754  95.9986 264.1342 13.11417808309256
ONEWEB-0098             
1 45442U 20020U   26218.47460315  .00000142  00000+0  36602-3 0  9998
2 45442  87.8919  11.0597 0001908  93.9522 266.1824 13.11418334309239
ONEWEB-0055             
1 45443U 20020V   26218.45325540 -.00001142  00000+0 -32587-2 0  9997
2 45443  87.8915  11.0635 0001908  93.8477 266.2870 13.11413021309204
ONEWEB-0093             
1 45444U 20020W   26218.44648896 -.00000418  00000+0 -12144-2 0  9991
2 45444  87.8918  11.0639 0001730 103.6339 256.4982 13.11419631309266
ONEWEB-0029             
1 45445U 20020X   26218.46031967 -.00000387  00000+0 -11274-2 0  9997
2 45445  87.8910  11.0601 0001760 102.3401 257.7924 13.11419921309247
ONEWEB-0068             
1 45446U 20020Y   26218.50921436  .00000179  00000+0  46988-3 0  9990
2 45446  87.8918  11.0492 0001772 101.2588 258.8739 13.11414573309199
ONEWEB-0046             
1 45447U 20020Z   26218.42457327  .00000459  00000+0  12594-2 0  9991
2 45447  87.8910  11.0684 0001560  98.0538 262.0767 13.11414850309194
ONEWEB-0063             
1 45448U 20020AA  26218.45352887 -.00000503  00000+0 -14550-2 0  9996
2 45448  87.8921  11.0658 0001563  88.4894 271.6413 13.11417341309281
ONEWEB-0019             
1 45449U 20020AB  26218.49226532  .00000615  00000+0  17003-2 0  9996
2 45449  87.8913  11.0416 0002031  93.4246 266.7115 13.11416881309139
ONEWEB-0094             
1 45450U 20020AC  26218.62455967  .00000100  00000+0  22343-3 0  9992
2 45450  87.9183 355.8250 0002015 101.4329 258.7029 13.17651041312954
ONEWEB-0087             
1 45451U 20020AD  26218.46342714 -.00000290  00000+0 -85277-3 0  9997
2 45451  87.8928  11.0418 0001823 103.9014 256.2317 13.11417874309173
ONEWEB-0082             
1 45452U 20020AE  26218.46003090 -.00000408  00000+0 -11864-2 0  9990
2 45452  87.8918  11.0549 0001594 108.8443 251.2858 13.11416955309267
ONEWEB-0050             
1 45453U 20020AF  26218.56372789  .00000977  00000+0  97802-4 0  9993
2 45453  88.9278 226.3643 0005406 123.4953 236.6794 14.90527525347880
ONEWEB-0034             
1 45454U 20020AG  26218.49762492  .00000616  00000+0  17019-2 0  9990
2 45454  87.8921  11.0570 0001979  99.9320 260.2031 13.11414648309189
ONEWEB-0060             
1 45455U 20020AH  26218.45254401 -.00000506  00000+0 -14637-2 0  9996
2 45455  87.8912  11.0602 0002237 121.1138 239.0210 13.11417336309134
ONEWEB-0086             
1 45456U 20020AJ  26218.50751413  .00000233  00000+0  62126-3 0  9990
2 45456  87.8920  11.0486 0002446 106.1230 254.0167 13.11413680309206
ONEWEB-0088             
1 45457U 20020AK  26218.48561693  .00000494  00000+0  13578-2 0  9992
2 45457  87.8928  11.0292 0001389  92.8441 267.2846 13.11417185309136
YAOGAN-30 07A           
1 45460U 20021A   26218.59042354  .00001854  00000+0  13774-3 0  9997
2 45460  34.9949 263.6373 0003094 110.7985 249.3055 15.02845730348149
YAOGAN-30 07B           
1 45461U 20021B   26218.56729302  .00001520  00000+0  11318-3 0  9992
2 45461  34.9937 263.3689 0002905 293.9599  66.0804 15.02893340348077
YAOGAN-30 07C           
1 45462U 20021C   26218.47869318  .00001540  00000+0  11467-3 0  9992
2 45462  34.9951 261.9718 0000574 133.1105 226.9651 15.02877657347988
XINGYUN-2 01            
1 45602U 20028A   26218.64012704  .00001791  00000+0  10795-3 0  9994
2 45602  97.4906 210.0541 0010307  38.2034 321.9925 15.12006677342463
XINGYUN-2 02            
1 45603U 20028B   26218.62797528  .00001839  00000+0  11157-3 0  9993
2 45603  97.5091 223.7419 0012610  96.4467 263.8200 15.11720056342452
GAOFEN-9 02             
1 45625U 20034B   26218.60561663  .00000505  00000+0  22313-4 0  9997
2 45625  97.5815  16.6377 0010965 248.3229 111.6842 15.26435033343858
HAIYANG-1D              
1 45721U 20036A   26218.62345767 -.00000097  00000+0 -19260-4 0  9998
2 45721  98.4562 159.2097 0003255  22.7859 337.3470 14.34187574322206
ANDESITE                
1 45726U 20037D   26218.47276558  .00001598  00000+0  11422-3 0  9994
2 45726  97.7855  51.8749 0009101  10.2942 349.8469 15.05923088333238
M2 PATHFINDER           
1 45727U 20037E   26218.51760758  .00001160  00000+0  86482-4 0  9994
2 45727  97.8147  50.3232 0011131 351.9568   8.1477 15.04883838333062
GAOFEN-9 03             
1 45794U 20039A   26218.61985644  .00003594  00000+0  11442-3 0  9990
2 45794  97.5450 353.4753 0009746 261.5332  98.4805 15.33224034341480
GAOFEN DUOMO (GFDM)     
1 45856U 20042A   26218.75079278  .00000420  00000+0  66859-4 0  9993
2 45856  97.7707 276.7860 0009443 273.4966  86.5164 14.76828384328475
SHIYAN-6 02 (SY-6 02)   
1 45859U 20043A   26218.63878613  .00000241  00000+0  53303-4 0  9995
2 45859  98.1864 229.4091 0130071  69.1581 292.3494 14.60962505324222
ZIYUAN 3-03 (ZY 3-03)   
1 45939U 20051A   26218.76524507  .00001684  00000+0  78306-4 0  9999
2 45939  97.5341 285.8006 0004793 155.9833 204.1626 15.21361105335037
GAOFEN-9 04             
1 46025U 20054A   26218.64063038  .00010162  00000+0  27076-3 0  9991
2 46025  97.2392 286.9316 0008405 268.5381  91.4902 15.38329669334115
GAOFEN-9 05             
1 46232U 20058A   26218.74806168  .00005189  00000+0  16632-3 0  9994
2 46232  97.2057 257.7127 0006206 276.4302  83.6233 15.32767886331351
SAOCOM 1B               
1 46265U 20059A   26218.73269832  .00000322  00000+0  47052-4 0  9996
2 46265  97.8905  43.8473 0001451  85.0073 275.1306 14.82157416320970
GNOMES-1                
1 46266U 20059B   26218.54405220  .00002182  00000+0  17741-3 0  9996
2 46266  97.7977  69.0192 0011368 206.8874 153.1761 15.00607597323140
ATHENA                  
1 46275U 20061D   26218.74976095  .00008594  00000+0  15310-3 0  9997
2 46275  97.1872 282.9318 0001702 117.5255 242.6170 15.50355305329984
NEMO-HD                 
1 46277U 20061F   26218.64563711  .00006400  00000+0  13500-3 0  9998
2 46277  97.1881 280.1116 0001752 128.0480 232.0928 15.45564148329776
GHGSAT-C1               
1 46278U 20061G   26218.72946007  .00030341  00000+0  20352-3 0  9995
2 46278  97.2073 305.6463 0002139 153.6622 206.4752 15.75192286331429
NAPA-1                  
1 46320U 20061BA  26217.00230553  .00084703  00000+0  55506-3 0  9995
2 46320  97.2406 293.0274 0002090 168.1449 191.9866 15.75522842329405
GAOFEN-11 02            
1 46396U 20064A   26218.64280111  .00003794  00000+0  16131-3 0  9999
2 46396  97.5191 344.7300 0020899 115.5936 244.7464 15.23464320329219
JILIN-1 GAOFEN 3E       
1 46457U 20065D   26218.73686832  .00054221  00000+0  44127-3 0  9995
2 46457  97.2172 272.7385 0006178 335.4763  24.6205 15.70492188327672
JILIN-1 GAOFEN 3F       
1 46458U 20065E   26218.73879770  .00042911  00000+0  40979-3 0  9995
2 46458  97.2134 269.7960 0007928 321.7157  38.3540 15.66596823327608
JILIN-1 GAOFEN 3G       
1 46459U 20065F   26218.03959983  .00123388  00000+0  57560-3 0  9996
2 46459  97.2177 276.8989 0008893 201.4052 158.6847 15.82920084327790
JILIN-1 GAOFEN 3H       
1 46460U 20065G   26218.60088280  .00082737  00000+0  51206-3 0  9997
2 46460  97.2130 273.4259 0007611 146.3293 213.8458 15.76802191327800
HAIYANG-2C              
1 46469U 20066A   26218.77210672  .00000032  00000+0  10306-3 0  9991
2 46469  65.9966  89.3413 0006478 237.5881 122.4561 13.83372436296490
HJ-2A                   
1 46478U 20067A   26218.71924720  .00000872  00000+0  13210-3 0  9991
2 46478  97.8800 295.8920 0005292  98.8612 261.3197 14.76575632315712
HJ-2B                   
1 46479U 20067B   26218.62106006  .00000242  00000+0  41951-4 0  9996
2 46479  97.8865 296.8567 0002163  78.4455 281.6997 14.76498046315700
GONETS-M 17             
1 46486U 20068A   26218.76202672  .00000016  00000+0  47227-4 0  9997
2 46486  82.5015 316.0445 0021287 285.1167  74.7557 12.42874757265447
GONETS-M 18             
1 46487U 20068B   26218.72565806 -.00000022  00000+0 -23078-3 0  9991
2 46487  82.4968 315.1657 0018602 281.3286  78.5703 12.42875674265428
GONETS-M 19             
1 46488U 20068C   26218.61986856  .00000008  00000+0 -14840-4 0  9993
2 46488  82.4994 315.6914 0012366 298.1096  61.8733 12.42893442265516
DEKART                  
1 46493U 20068H   26218.63286760  .00007004  00000+0  18688-3 0  9993
2 46493  97.8755 231.5580 0010749 104.5350 255.7087 15.38432297323525
NORBI                   
1 46494U 20068J   26218.59291387  .00015139  00000+0  26606-3 0  9997
2 46494  97.8623 239.0787 0007893  81.3741 278.8403 15.50580194324011
SALSAT                  
1 46495U 20068K   26218.56538891  .00004433  00000+0  15314-3 0  9998
2 46495  97.8876 224.7266 0011261 121.0750 239.1596 15.30464688323065
ICEYE-X7                
1 46496U 20068L   26218.76027024  .00006206  00000+0  20004-3 0  9994
2 46496  97.7530 187.6327 0008779 136.3568 223.8369 15.32537154322533
ICEYE-X6                
1 46497U 20068M   26218.73271866  .00002120  00000+0  15512-3 0  9996
2 46497  98.1007 214.8363 0005619 284.5897  75.4704 15.04769236320834
NETSAT-4                
1 46504U 20068U   26218.58890146  .00010885  00000+0  22899-3 0  9999
2 46504  97.8618 230.9429 0007033 127.7242 232.4644 15.45481585323556
NETSAT-3                
1 46505U 20068V   26218.56802359  .00011245  00000+0  24577-3 0  9993
2 46505  97.8668 229.0771 0006417 140.1928 219.9790 15.44345625323450
NETSAT-1                
1 46506U 20068W   26218.51979848  .00006973  00000+0  20311-3 0  9991
2 46506  97.8772 222.7424 0004908 165.9882 194.1497 15.35741083323028
NETSAT-2                
1 46507U 20068X   26218.48692439  .00012506  00000+0  24037-3 0  9994
2 46507  97.8630 230.9289 0005028 144.6265 215.5318 15.48087630323514
YAOGAN-30 08A           
1 46807U 20076A   26218.27227615  .00001682  00000+0  12490-3 0  9996
2 46807  34.9930 145.9038 0000865 260.5389  99.5221 15.02912398315655
YAOGAN-30 08B           
1 46808U 20076B   26218.51579065  .00001681  00000+0  12504-3 0  9998
2 46808  34.9936 144.1804 0000187 332.1548  27.9150 15.02866986315808
YAOGAN-30 08C           
1 46809U 20076C   26218.49478435  .00001800  00000+0  13355-3 0  9993
2 46809  34.9951 144.2095 0005889 159.4529 200.6417 15.02898561315712
TIANQI-6                
1 46810U 20076D   26218.07895683  .00002274  00000+0  14856-3 0  9990
2 46810  34.9988 102.1894 0011238 252.1051 107.8434 15.07483011316117
RISAT-2BR2              
1 46905U 20081A   26218.62745206  .00001828  00000+0  14512-3 0  9990
2 46905  36.8994 284.8690 0013865 212.9053 147.0826 15.01304907315059
KSM1-C                  
1 46906U 20081B   26218.63423789  .00006362  00000+0  23427-3 0  9994
2 46906  36.8934 107.3160 0004370 285.2843  74.7423 15.27513604316881
KSM1-D                  
1 46907U 20081C   26218.77006220  .00004968  00000+0  19591-3 0  9994
2 46907  36.8957 116.4867 0004834 300.4403  59.5868 15.25391551316820
KSM1-A                  
1 46912U 20081H   26218.14082005  .00006168  00000+0  23302-3 0  9995
2 46912  36.8941 113.1490 0003039 331.7591  28.2993 15.26685707316817
R2                      
1 46913U 20081J   26217.98391202  .00004949  00000+0  19080-3 0  9992
2 46913  36.8976 114.3574 0008946 331.7100  28.3163 15.26122337319593
KSM1-B                  
1 46914U 20081K   26218.12602846  .00005804  00000+0  22972-3 0  9994
2 46914  36.9016 121.1809 0005991 319.2390  40.7911 15.25166417319816
DRAGRACER 2 (AUGURY)    
1 46955U 20085AC  26218.54221260  .00031182  00000+0  21169-3 0  9991
2 46955  97.5768  59.1437 0005413  83.4340 276.7541 15.74897336319780
SENTINEL-6A             
1 46984U 20086A   26218.75675829 -.00000060  00000+0  43400-5 0  9997
2 46984  66.0418  30.0163 0007754 269.2660  90.7467 12.80930428266807
FALCON EYE 2            
1 47226U 20090A   26218.64095571  .00001391  00000+0  16970-3 0  9997
2 47226  97.8548 292.6897 0001535  94.0000 266.1391 14.84911511307726
GONETS-M 20             
1 47227U 20091A   26218.63845105 -.00000042  00000+0 -37755-3 0  9992
2 47227  82.5015 271.0763 0022058  72.5737 287.7752 12.42894980257345
GONETS-M 21             
1 47228U 20091B   26218.61258841 -.00000038  00000+0 -34666-3 0  9999
2 47228  82.4938 269.7683 0016019  86.6013 273.6899 12.42887699257331
GONETS-M 22             
1 47229U 20091C   26218.66593844 -.00000114  00000+0 -89649-3 0  9996
2 47229  82.4997 270.6573 0022857  67.8899 292.4604 12.42893813257299
COSMOS 2548             
1 47230U 20091D   26218.63777689  .00000040  00000+0  21579-3 0  9990
2 47230  82.4973 270.2688 0016330  84.8289 275.4654 12.42928903257328
GAOFEN-14 01            
1 47231U 20092A   26218.64824135  .00006034  00000+0  24157-3 0  9996
2 47231  97.4688 288.8225 0005164 353.9364   6.1810 15.25428332315522
ONEWEB-0102             
1 47258U 20100A   26218.37425347 -.00000302  00000+0 -87400-3 0  9991
2 47258  87.8988 340.7009 0002052 100.5732 259.5628 13.12446430271315
ONEWEB-0109             
1 47259U 20100B   26218.38272855 -.00000148  00000+0 -44784-3 0  9993
2 47259  87.8997 340.6871 0001960  95.0972 265.0380 13.12443228271143
ONEWEB-0110             
1 47260U 20100C   26218.40984345  .00000472  00000+0  12759-2 0  9996
2 47260  87.8997 340.6659 0002136 104.6527 255.4838 13.12442230271310
ONEWEB-0111             
1 47261U 20100D   26218.36407709 -.00000407  00000+0 -11654-2 0  9999
2 47261  87.9000 340.6935 0001842 102.1501 257.9834 13.12443955271141
ONEWEB-0114             
1 47262U 20100E   26218.39458299  .00000223  00000+0  58460-3 0  9994
2 47262  87.8999 340.6862 0001976  93.1067 267.0287 13.12444681271108
ONEWEB-0117             
1 47263U 20100F   26218.38611294 -.00000023  00000+0 -98155-4 0  9996
2 47263  87.8995 340.6769 0001931  99.3020 260.8327 13.12444857271111
ONEWEB-0118             
1 47264U 20100G   26218.57248447  .00000372  00000+0  99853-3 0  9994
2 47264  87.8997 340.6428 0001642  91.5394 268.5923 13.12442847271331
ONEWEB-0119             
1 47265U 20100H   26218.75035637 -.00000387  00000+0 -11116-2 0  9993
2 47265  87.8989 340.6198 0001892  98.6929 261.4414 13.12443070271332
ONEWEB-0120             
1 47266U 20100J   26218.39303697  .00000170  00000+0  43719-3 0  9991
2 47266  87.8988 340.6921 0001968  93.5717 266.5637 13.12444273271316
ONEWEB-0121             
1 47267U 20100K   26218.38102714 -.00000155  00000+0 -46664-3 0  9995
2 47267  87.8998 340.6855 0001839 108.5782 251.5547 13.12444984271223
ONEWEB-0122             
1 47268U 20100L   26218.37511035 -.00000325  00000+0 -93796-3 0  9992
2 47268  87.8997 340.6914 0002049  97.2492 262.8870 13.12443653271131
ONEWEB-0123             
1 47269U 20100M   26218.75204188 -.00000396  00000+0 -11363-2 0  9990
2 47269  87.8987 340.6183 0001772  97.3702 262.7628 13.12443868271325
ONEWEB-0124             
1 47270U 20100N   26218.74187976 -.00000295  00000+0 -85619-3 0  9990
2 47270  87.8987 340.6225 0001856 103.5796 256.5539 13.12442800271204
ONEWEB-0125             
1 47271U 20100P   26218.33868137  .00000428  00000+0  11550-2 0  9999
2 47271  87.8998 340.6919 0001626 105.8365 254.2943 13.12441711271214
ONEWEB-0126             
1 47272U 20100Q   26218.35915413 -.00000231  00000+0 -67802-3 0  9998
2 47272  87.8991 340.7001 0001912  95.4231 264.7116 13.12442889271287
ONEWEB-0127             
1 47273U 20100R   26218.32512946  .00000440  00000+0  11867-2 0  9999
2 47273  87.8985 340.7028 0001985  95.8310 264.3045 13.12442658271306
ONEWEB-0128             
1 47274U 20100S   26218.34715226  .00000150  00000+0  38134-3 0  9993
2 47274  87.8985 340.7129 0002108 105.1698 254.9664 13.12441163271325
ONEWEB-0129             
1 47275U 20100T   26218.40306470  .00000389  00000+0  10453-2 0  9995
2 47275  87.8995 340.6806 0002500  74.0994 286.0410 13.12444018271267
ONEWEB-0130             
1 47276U 20100U   26218.35392175 -.00000080  00000+0 -25865-3 0  9991
2 47276  87.8998 340.6861 0001976  97.5885 262.5468 13.12443396271223
ONEWEB-0131             
1 47277U 20100V   26218.42678062  .00000037  00000+0  66148-4 0  9992
2 47277  87.8986 340.6845 0002007 101.6147 258.5207 13.12442329271273
ONEWEB-0132             
1 47278U 20100W   26218.37934735 -.00000292  00000+0 -84600-3 0  9996
2 47278  87.8987 340.6972 0001814 101.4802 258.6530 13.12445395271161
ONEWEB-0133             
1 47279U 20100X   26218.62485648  .00000233  00000+0  61330-3 0  9997
2 47279  87.8999 340.6302 0002014 102.1324 258.0030 13.12442942271357
ONEWEB-0134             
1 47280U 20100Y   26218.59449202 -.00000302  00000+0 -87473-3 0  9996
2 47280  87.9003 340.6333 0002175  97.5152 262.6224 13.12443873271321
ONEWEB-0135             
1 47281U 20100Z   26218.33698705  .00000455  00000+0  12284-2 0  9997
2 47281  87.8986 340.7006 0002193 101.2004 258.9371 13.12442158271313
ONEWEB-0136             
1 47282U 20100AA  26218.58432191 -.00000080  00000+0 -25840-3 0  9999
2 47282  87.8997 340.6371 0002190  96.8693 263.2685 13.12443358271275
ONEWEB-0137             
1 47283U 20100AB  26218.61821599  .00000036  00000+0  64106-4 0  9996
2 47283  87.9002 340.6428 0001745  97.9522 262.1805 13.12443065271182
ONEWEB-0138             
1 47284U 20100AC  26218.74865745 -.00000366  00000+0 -10526-2 0  9995
2 47284  87.8997 340.6203 0002066  95.7105 264.4259 13.12443380271285
ONEWEB-0139             
1 47285U 20100AD  26218.40829594  .00000425  00000+0  11463-2 0  9996
2 47285  87.8997 340.6739 0001928  98.4644 261.6703 13.12442774271317
ONEWEB-0140             
1 47286U 20100AE  26218.36238909 -.00000293  00000+0 -84983-3 0  9999
2 47286  87.8999 340.6747 0001941 103.7294 256.4051 13.12443478271270
ONEWEB-0141             
1 47287U 20100AF  26218.40800347  .00000413  00000+0  11133-2 0  9994
2 47287  87.8997 340.6704 0001631  94.7379 265.3936 13.12441948271261
ONEWEB-0142             
1 47288U 20100AG  26218.39642083  .00000275  00000+0  72829-3 0  9990
2 47288  87.8991 340.6912 0001839  85.3442 274.7897 13.12442731271254
ONEWEB-0143             
1 47289U 20100AH  26218.33020599  .00000344  00000+0  92159-3 0  9992
2 47289  87.8991 340.7040 0001981  94.7703 265.3652 13.12455827271222
ONEWEB-0144             
1 47290U 20100AJ  26218.37763997 -.00000271  00000+0 -78864-3 0  9992
2 47290  87.8999 340.6724 0002118  90.8529 269.2842 13.12444620271151
ONEWEB-0145             
1 47291U 20100AK  26218.57755683  .00000217  00000+0  56750-3 0  9996
2 47291  87.8989 340.6550 0001929  96.2970 263.8379 13.12441553271378
ONEWEB-0146             
1 47292U 20100AL  26218.42169640  .00000236  00000+0  62088-3 0  9995
2 47292  87.8998 340.6815 0001865 109.9637 250.1693 13.12440766271265
ONEWEB-0147             
1 47293U 20100AM  26218.38780647  .00000001  00000+0 -33342-4 0  9990
2 47293  87.8999 340.6706 0002037  99.9430 260.1928 13.12443148271154
YAOGAN-33 01            
1 47302U 20103A   26218.64370583  .00000212  00000+0  54937-4 0  9993
2 47302  98.0345  98.5975 0002364 359.2684   0.8512 14.58744893298662
WEINA 2                 
1 47303U 20103B   26218.63325778  .00000315  00000+0  67272-4 0  9999
2 47303  98.0459 106.7565 0003520  54.7321 305.4211 14.65116442299118
GMS-T                   
1 47346U 21004A   26218.54728410  .00000007  00000+0 -38306-5 0  9993
2 47346  90.1258 242.4478 0000626 248.9062 111.2003 13.16657792266220
CUBEL                   
1 47448U 21006AM  26218.58429028  .00010911  00000+0  25104-3 0  9999
2 47448  97.2294 268.7333 0005561   9.9362 350.1995 15.42796632307524
CELESTIS-17 & SHERPA-FX1
1 47486U 21006CB  26218.62161337  .00003348  00000+0  10847-3 0  9996
2 47486  97.2228 258.4850 0007077  32.9686 327.1997 15.32670636307027
HAWK-2C                 
1 47502U 21006CT  26218.61000800  .00003660  00000+0  10919-3 0  9998
2 47502  97.2251 261.9238 0007549  35.3798 324.7945 15.35241197307234
ION SCV-002             
1 47504U 21006CV  26218.57107376  .00007692  00000+0  16376-3 0  9993
2 47504  97.1151 219.4392 0008390 297.7558  62.2840 15.45187898307805
HAWK-2A                 
1 47505U 21006CW  26218.54649006  .00003659  00000+0  10899-3 0  9995
2 47505  97.2293 262.5695 0007173  40.1722 320.0051 15.35298094307225
HAWK-2B                 
1 47508U 21006CZ  26218.60336356  .00004117  00000+0  12183-3 0  9994
2 47508  97.2164 260.8782 0007562  37.1138 323.0628 15.35422770307236
GHGSAT-C2               
1 47509U 21006DA  26218.57002836  .00003663  00000+0  99017-4 0  9991
2 47509  97.2116 264.9805 0004734   8.7274 351.4053 15.38347063307598
YAOGAN-31 02A           
1 47532U 21007A   26218.65957124 -.00000149  00000+0 -90524-4 0  9998
2 47532  63.4051  13.4032 0180192   0.7922 359.3356 13.45450557271021
YAOGAN-31 02B           
1 47533U 21007B   26218.65959352 -.00000193  00000+0 -15640-3 0  9998
2 47533  63.4046  12.4069 0180643   0.9164 359.2159 13.45450667271028
YAOGAN-31 02C           
1 47536U 21007E   26218.65937148 -.00000131  00000+0 -62455-4 0  9999
2 47536  63.4045  12.4248 0180264   0.9366 359.1964 13.45452043271003
COSMOS 2549             
1 47546U 21008A   26218.57432995 -.00000114  00000+0 -27628-4 0  9996
2 47546  67.1453 222.5303 0007268 271.0435  88.9817 13.97125049280873
YAOGAN-31 03A           
1 47691U 21014A   26218.63231653 -.00000010  00000+0  12193-3 0  9993
2 47691  63.4031  68.2052 0181489   0.9095 359.2227 13.45452720267562
YAOGAN-31 03B           
1 47693U 21014C   26218.63230010  .00000031  00000+0  18439-3 0  9992
2 47693  63.4011  68.9954 0181684   1.2401 358.9040 13.45452890267468
YAOGAN-31 03C           
1 47695U 21014E   26218.63210760  .00000017  00000+0  16333-3 0  9999
2 47695  63.4020  68.0506 0181585   1.2014 358.9413 13.45452896267510
AMAZONIA 1              
1 47699U 21015A   26218.15924949  .00000101  00000+0  44965-4 0  9999
2 47699  98.4286 290.1063 0004044  63.4443 296.7160 14.40834299285843
YAOGAN-31 04A           
1 47854U 21020A   26218.62591344  .00000261  00000+0  53710-3 0  9993
2 47854  63.4051 128.3766 0179580   0.6266 359.4953 13.45452099265252
YAOGAN-31 04B           
1 47856U 21020C   26218.62607304  .00000270  00000+0  55134-3 0  9991
2 47856  63.4046 129.1644 0179252   0.7334 359.3922 13.45452357265190
YAOGAN-31 04C           
1 47857U 21020D   26218.62610510  .00000244  00000+0  51126-3 0  9993
2 47857  63.4057 128.4610 0179317   0.5725 359.5474 13.45453018265247
CAS500-1                
1 47932U 21022A   26218.68217755  .00003569  00000+0  16800-3 0  9992
2 47932  97.3829 112.8946 0006766 106.9284 253.2693 15.20155355298439
GRUS-1C                 
1 47933U 21022B   26218.66311380  .00000384  00000+0  36534-4 0  9999
2 47933  97.5280 100.0742 0012848 145.4722 214.7338 14.98753340293467
GRUS-1B                 
1 47934U 21022C   26218.64913767 -.00000118  00000+0 -50779-5 0  9990
2 47934  97.5314 100.1580 0015585 142.4332 217.7984 14.98826308293456
GRUS-1E                 
1 47935U 21022D   26218.67445736  .00000497  00000+0  45649-4 0  9997
2 47935  97.5318 101.4104 0010905 149.0770 211.1098 14.98985302293518
GRUS-1D                 
1 47936U 21022E   26218.67410338  .00000581  00000+0  52875-4 0  9991
2 47936  97.5297 100.3775 0012537 134.4876 225.7375 14.98791056293469
UNISAT-7                
1 47945U 21022P   26218.61006626  .00007817  00000+0  18678-3 0  9997
2 47945  97.3823 124.0917 0006658 244.9580 115.0976 15.41763207297625
GLOBAL-9                
1 47971U 21023G   26218.60241146  .00012103  00000+0  22865-3 0  9991
2 47971  44.9819 326.7603 0005204 293.4981  66.5363 15.48531677302752
ONEWEB-0115             
1 48042U 21025A   26218.30058503 -.00000036  00000+0 -13413-3 0  9996
2 48042  87.8980 310.2563 0002022 102.0185 258.1171 13.13471420260170
ONEWEB-0152             
1 48043U 21025B   26218.31411094  .00000182  00000+0  46423-3 0  9993
2 48043  87.8986 310.2532 0002013 102.7732 257.3622 13.13469694260136
ONEWEB-0153             
1 48044U 21025C   26218.74916575 -.00000308  00000+0 -87958-3 0  9995
2 48044  87.8982 310.1653 0001980  97.3309 262.8045 13.13470678260186
ONEWEB-0154             
1 48045U 21025D   26218.51724063 -.00000244  00000+0 -70407-3 0  9990
2 48045  87.8987 310.2121 0002174 101.9479 258.1894 13.13471456260117
ONEWEB-0116             
1 48046U 21025E   26218.55618141  .00000301  00000+0  79009-3 0  9993
2 48046  87.8987 310.2017 0001994 103.3790 256.7562 13.13470904260262
ONEWEB-0150             
1 48047U 21025F   26218.30395424 -.00000011  00000+0 -65735-4 0  9995
2 48047  87.8989 310.2493 0001788  97.7020 262.4312 13.13471708260121
ONEWEB-0107             
1 48048U 21025G   26218.30565215  .00000123  00000+0  30240-3 0  9997
2 48048  87.8990 310.2450 0002019  94.7409 265.3950 13.13469704260104
ONEWEB-0101             
1 48049U 21025H   26218.26839939 -.00000027  00000+0 -10863-3 0  9994
2 48049  87.8978 310.2629 0002122  97.1148 263.0222 13.13468131260077
ONEWEB-0113             
1 48050U 21025J   26218.50515611 -.00000206  00000+0 -59561-3 0  9998
2 48050  87.8981 310.1211 0001844  99.6968 260.4369 13.13890393260214
ONEWEB-0112             
1 48051U 21025K   26218.53926209  .00000189  00000+0  48247-3 0  9998
2 48051  87.8988 310.1970 0002186  95.6552 264.4827 13.13471757260200
ONEWEB-0156             
1 48052U 21025L   26218.54772572  .00000264  00000+0  68725-3 0  9999
2 48052  87.8986 310.2049 0001920  96.1438 263.9910 13.13469961260189
ONEWEB-0161             
1 48053U 21025M   26218.75085863 -.00000294  00000+0 -84135-3 0  9991
2 48053  87.8987 310.1652 0001966  93.2204 266.9150 13.13469285260143
ONEWEB-0158             
1 48054U 21025N   26218.55788209  .00000330  00000+0  86988-3 0  9991
2 48054  87.8986 310.2013 0002157 106.7028 253.4338 13.13468634260249
ONEWEB-0157             
1 48055U 21025P   26218.50708114 -.00000213  00000+0 -61849-3 0  9995
2 48055  87.8984 310.2156 0002113  88.9062 271.2309 13.13467990260179
ONEWEB-0162             
1 48056U 21025Q   26218.33091811  .00000312  00000+0  81814-3 0  9998
2 48056  87.8982 310.2503 0001829  98.5468 261.5869 13.13470031260122
ONEWEB-0155             
1 48057U 21025R   26218.49016945  .00000219  00000+0  56492-3 0  9991
2 48057  87.8990 310.2162 0001951  96.5870 263.5481 13.13469481260280
ONEWEB-0149             
1 48058U 21025S   26218.51217023 -.00000232  00000+0 -67008-3 0  9997
2 48058  87.8985 310.2161 0001776  98.4183 261.7148 13.13471037260096
ONEWEB-0148             
1 48059U 21025T   26218.55111291  .00000339  00000+0  89207-3 0  9993
2 48059  87.8978 310.2119 0001459  90.5078 269.6219 13.13471562260220
ONEWEB-0160             
1 48060U 21025U   26218.49185768  .00000101  00000+0  24126-3 0  9994
2 48060  87.8979 310.2196 0002176 119.7966 240.3380 13.13470493260165
ONEWEB-0163             
1 48061U 21025V   26218.24809958  .00000459  00000+0  12222-2 0  9991
2 48061  87.8987 310.2667 0002065  91.4463 268.6903 13.13470452260252
ONEWEB-0159             
1 48062U 21025W   26218.31580569  .00000261  00000+0  68005-3 0  9996
2 48062  87.8990 310.2475 0002089  91.9576 268.1792 13.13471263260184
ONEWEB-0164             
1 48063U 21025X   26218.52571210 -.00000147  00000+0 -43748-3 0  9995
2 48063  87.8987 310.2115 0002017 101.6171 258.5185 13.13471286260198
ONEWEB-0167             
1 48064U 21025Y   26218.32511922  .00000384  00000+0  10160-2 0  9990
2 48064  87.8979 310.2568 0002594  92.8981 267.2445 13.13471276260153
ONEWEB-0166             
1 48065U 21025Z   26218.50032102 -.00000009  00000+0 -60182-4 0  9996
2 48065  87.8988 310.1983 0001938  98.0801 262.0548 13.13470814260259
ONEWEB-0151             
1 48066U 21025AA  26218.50200420 -.00000081  00000+0 -25745-3 0  9992
2 48066  87.8987 310.2125 0002114  99.2348 260.9020 13.13470505260196
ONEWEB-0170             
1 48067U 21025AB  26218.28194550 -.00000260  00000+0 -74556-3 0  9997
2 48067  87.8987 310.2584 0002413 110.0322 250.1067 13.13470499260129
ONEWEB-0168             
1 48068U 21025AC  26218.49524754  .00000107  00000+0  25834-3 0  9997
2 48068  87.8987 310.2171 0002054  98.8191 261.3170 13.13470359260168
ONEWEB-0173             
1 48069U 21025AD  26218.48678301  .00000283  00000+0  74064-3 0  9999
2 48069  87.8981 310.2175 0002197  91.4680 268.6701 13.13470758260407
ONEWEB-0171             
1 48070U 21025AE  26218.75255303 -.00000279  00000+0 -79878-3 0  9999
2 48070  87.8979 310.1715 0002096  99.9270 260.2096 13.13470977260252
ONEWEB-0172             
1 48071U 21025AF  26218.50369919 -.00000090  00000+0 -28105-3 0  9990
2 48071  87.8990 310.2152 0002148  96.7819 263.3554 13.13468496261116
ONEWEB-0174             
1 48072U 21025AG  26218.48509679  .00000249  00000+0  64557-3 0  9992
2 48072  87.8987 310.2173 0001863  96.5332 263.6009 13.13470383260437
ONEWEB-0175             
1 48073U 21025AH  26218.74408752 -.00000301  00000+0 -85972-3 0  9997
2 48073  87.8990 310.1517 0002335 101.4600 258.6791 13.13470828260124
ONEWEB-0177             
1 48074U 21025AJ  26218.29886585 -.00000113  00000+0 -34379-3 0  9998
2 48074  87.8984 310.2571 0001959  92.8948 267.2405 13.13472052260251
ONEWEB-0178             
1 48075U 21025AK  26218.31763625  .00000310  00000+0  81304-3 0  9998
2 48075  87.8976 310.2610 0002230  96.6865 263.4518 13.13469672260303
ONEWEB-0108             
1 48076U 21025AL  26218.50539797 -.00000211  00000+0 -61390-3 0  9996
2 48076  87.8988 310.2086 0001750 104.0433 256.0891 13.13468652260258
ONEWEB-0169             
1 48077U 21025AM  26218.61374469  .00000179  00000+0  45474-3 0  9998
2 48077  87.8984 310.1926 0001905  97.5761 262.5584 13.13472058258926
GAOFEN-12 02            
1 48079U 21026A   26218.65132024  .00000208  00000+0  34280-4 0  9991
2 48079  97.9960 216.6336 0006274  75.7178 284.4730 14.80331611289220
SHIYAN-6 03 (SY-6 03)   
1 48157U 21028A   26218.63773238 -.00000023  00000+0  22313-4 0  9996
2 48157  99.5288 232.6756 0045629 316.0011  43.7511 13.77603463266451
ONEWEB-0176             
1 48210U 21031A   26218.56896454 -.00000128  00000+0 -37943-3 0  9999
2 48210  87.8944 279.6602 0002137  94.7338 265.4036 13.14503163254932
ONEWEB-0184             
1 48211U 21031B   26218.54200547  .00000023  00000+0  26865-4 0  9994
2 48211  87.8949 279.6691 0002716  99.6097 260.5340 13.14500608254907
ONEWEB-0179             
1 48212U 21031C   26218.66672454  .00133654  00000+0  26941-1 0  9997
2 48212  87.8970 274.8063 0279190  92.8438 246.9734 14.39094220  5442
ONEWEB-0180             
1 48213U 21031D   26218.54517339  .00000181  00000+0  45433-3 0  9992
2 48213  87.8955 279.6664 0002262  88.0117 272.1272 13.14503967254833
ONEWEB-0218             
1 48214U 21031E   26218.56737374 -.00000045  00000+0 -15538-3 0  9992
2 48214  87.8957 279.6612 0002855  89.6246 270.5210 13.14500954254991
ONEWEB-0209             
1 48215U 21031F   26218.55626514  .00000108  00000+0  25577-3 0  9997
2 48215  87.8946 279.6755 0002019  88.5092 271.6269 13.14504376254995
ONEWEB-0198             
1 48216U 21031G   26218.61667026  .00000181  00000+0  45337-3 0  9995
2 48216  87.8932 279.6585 0002298  87.2905 272.8488 13.14504106255112
ONEWEB-0189             
1 48217U 21031H   26218.55311183  .00000161  00000+0  40048-3 0  9991
2 48217  87.8948 279.6631 0002256  90.0197 270.1191 13.14503233254842
ONEWEB-0196             
1 48218U 21031J   26218.60702320  .00000067  00000+0  14538-3 0  9995
2 48218  87.8943 279.6606 0002089  92.6757 267.4612 13.14503899254850
ONEWEB-0183             
1 48219U 21031K   26218.58164971 -.00000226  00000+0 -64283-3 0  9998
2 48219  87.8944 279.6629 0001832  95.8815 264.2523 13.14503306254941
ONEWEB-0185             
1 48220U 21031L   26218.60781501  .00000060  00000+0  12689-3 0  9994
2 48220  87.8947 279.6547 0001779  87.2810 272.8523 13.14502438254877
ONEWEB-0187             
1 48221U 21031M   26218.58783837 -.00000261  00000+0 -73902-3 0  9996
2 48221  87.8944 279.6711 0002004  91.0580 269.0779 13.14504146254887
ONEWEB-0192             
1 48222U 21031N   26218.55786382  .00000092  00000+0  21311-3 0  9999
2 48222  87.8944 279.6668 0002092  95.2886 264.8482 13.14501752254795
ONEWEB-0219             
1 48223U 21031P   26218.61336335  .00000173  00000+0  43283-3 0  9998
2 48223  87.8954 279.6517 0001963  91.9316 268.2039 13.14502858255006
ONEWEB-0202             
1 48224U 21031Q   26218.59433900 -.00000148  00000+0 -43484-3 0  9999
2 48224  87.8943 279.6658 0002685  90.4232 269.7205 13.14503343254981
ONEWEB-0204             
1 48225U 21031R   26218.55232738  .00000189  00000+0  47598-3 0  9995
2 48225  87.8949 279.6684 0001644  98.8535 261.2781 13.14502850254875
ONEWEB-0205             
1 48226U 21031S   26218.60384425 -.00000018  00000+0 -82417-4 0  9996
2 48226  87.8949 279.6548 0002068  88.9653 271.1714 13.14503927254891
ONEWEB-0206             
1 48227U 21031T   26218.57689421 -.00000171  00000+0 -49690-3 0  9992
2 48227  87.8946 279.6587 0002006 101.3220 258.8135 13.14502984254840
ONEWEB-0182             
1 48228U 21031U   26218.57212905 -.00000193  00000+0 -55377-3 0  9995
2 48228  87.8945 279.6661 0001806  96.8440 263.2895 13.14501674255054
ONEWEB-0186             
1 48229U 21031V   26218.58322159 -.00000212  00000+0 -60700-3 0  9998
2 48229  87.8954 279.6597 0002009  92.7818 267.3542 13.14504174255000
ONEWEB-0181             
1 48230U 21031W   26218.56103861  .00000035  00000+0  59307-4 0  9998
2 48230  87.8937 279.6843 0002114  91.8547 268.2825 13.14501778254856
ONEWEB-0188             
1 48231U 21031X   26218.59908923 -.00000061  00000+0 -19933-3 0  9995
2 48231  87.8932 279.6761 0002002  95.4354 264.7004 13.14503356254767
ONEWEB-0220             
1 48232U 21031Y   26218.56262005  .00000021  00000+0  21292-4 0  9993
2 48232  87.8954 279.6638 0001856  89.6999 270.4344 13.14502904255020
ONEWEB-0165             
1 48233U 21031Z   26218.59115814 -.00000134  00000+0 -39680-3 0  9998
2 48233  87.8945 279.6680 0002325  90.1809 269.9587 13.14501536254983
ONEWEB-0199             
1 48234U 21031AA  26218.57531060 -.00000227  00000+0 -64691-3 0  9995
2 48234  87.8950 279.6596 0001992 101.4964 258.6389 13.14503130254889
ONEWEB-0203             
1 48235U 21031AB  26218.56580495 -.00000025  00000+0 -10228-3 0  9994
2 48235  87.8951 279.6642 0002191  98.8870 261.2508 13.14502282254891
ONEWEB-0197             
1 48236U 21031AC  26218.61639160  .00000260  00000+0  66606-3 0  9995
2 48236  87.8940 279.6364 0001752  95.0203 265.1127 13.14503785254813
ONEWEB-0194             
1 48237U 21031AD  26218.59591459 -.00000036  00000+0 -13249-3 0  9999
2 48237  87.8943 279.6646 0002153 102.3033 257.8338 13.14501575254984
ONEWEB-0193             
1 48238U 21031AE  26218.61178250  .00000175  00000+0  43831-3 0  9995
2 48238  87.8943 279.6514 0002203 107.6291 252.5079 13.14503802254933
ONEWEB-0191             
1 48239U 21031AF  26218.54675647  .00000252  00000+0  64531-3 0  9996
2 48239  87.8954 279.6665 0001866  96.6425 263.4918 13.14502244254788
ONEWEB-0195             
1 48240U 21031AG  26218.59987033 -.00000323  00000+0 -90474-3 0  9994
2 48240  87.8946 279.6559 0002311  90.3768 269.7626 13.14504464254770
ONEWEB-0201             
1 48241U 21031AH  26218.58813896 -.00000200  00000+0 -57303-3 0  9997
2 48241  87.8943 279.6713 0001763  90.0744 270.0588 13.14503828255003
ONEWEB-0207             
1 48242U 21031AJ  26218.56815791  .00000760  00000+0  20166-2 0  9997
2 48242  87.8949 279.6624 0001722  96.6305 263.5021 13.14495220254915
ONEWEB-0208             
1 48243U 21031AK  26218.54993101  .00000198  00000+0  49932-3 0  9996
2 48243  87.8946 279.6709 0002289  91.0149 269.1243 13.14503862254922
ONEWEB-0200             
1 48244U 21031AL  26218.58958318 -.00000171  00000+0 -49616-3 0  9994
2 48244  87.8955 279.6544 0002033  93.6497 266.4865 13.14503154254857
ONEWEB-0217             
1 48245U 21031AM  26218.60542764  .00000022  00000+0  23869-4 0  9998
2 48245  87.8950 279.6546 0002327  90.8763 269.2633 13.14503980254802
PLEIADES NEO 3          
1 48268U 21034A   26218.76743613  .00000185  00000+0  30090-4 0  9993
2 48268  97.8938 292.8065 0001449  95.9468 264.1910 14.81673069285143
LEMUR-2-AMANDA-SVANTE   
1 48269U 21034B   26218.20108531  .00020563  00000+0  56355-3 0  9990
2 48269  97.5725 297.9077 0003969  97.6947 262.4748 15.37326710288732
AII-BRAVO               
1 48270U 21034C   26218.46352095  .00001883  00000+0  14117-3 0  9990
2 48270  97.5585 272.2309 0007836  95.1091 265.1030 15.03830054287177
TYVAK-182A              
1 48271U 21034D   26218.61487238  .00002242  00000+0  15556-3 0  9994
2 48271  97.5691 276.6607 0007021 144.6805 215.4889 15.06581847287428
NORSAT 3                
1 48272U 21034E   26218.59052810  .00001222  00000+0  88712-4 0  9998
2 48272  97.5267 274.6535 0008771 123.7485 236.4579 15.05666288287422
LEMUR-2-SPECIAL-K       
1 48273U 21034F   26218.22925724  .00448542  78537-4  14492-2 0  9999
2 48273  97.5590 309.4950 0007824 248.7070 111.3367 15.90783921289567
CSS (TIANHE)            
1 48274U 21035A   26218.51587176  .00011813  00000+0  15232-3 0  9994
2 48274  41.4697  16.4750 0001031 270.3877  89.6843 15.58852378301026
YAOGAN-34 01            
1 48340U 21037A   26218.74043095 -.00000250  00000+0 -26875-3 0  9992
2 48340  63.4049  16.5348 0044908 352.8018   7.2358 13.45435893258809
YAOGAN-30 09A           
1 48423U 21039A   26218.65313083  .00001650  00000+0  12290-3 0  9992
2 48423  34.9974  83.9801 0002910 132.7609 227.3345 15.02829198287141
YAOGAN-30 09B           
1 48424U 21039B   26218.63110038  .00001683  00000+0  12516-3 0  9993
2 48424  34.9956  83.5494 0004969 268.6465  91.3674 15.02865684287134
YAOGAN-30 09C           
1 48425U 21039C   26218.74147860  .00001674  00000+0  12444-3 0  9999
2 48425  34.9953  82.5384 0001308 199.2080 160.8579 15.02890685287163
TIANQI-12               
1 48426U 21039D   26218.75040044  .00003431  00000+0  19413-3 0  9993
2 48426  34.9996  12.9222 0003843  18.9138 341.1716 15.12579220287882
TYVAK-0130              
1 48606U 21041BF  26218.08590092  .00004902  00000+0  18837-3 0  9998
2 48606  52.9952 154.2368 0009015 336.4535  23.6049 15.28212979288010
HAIYANG-2D              
1 48621U 21043A   26218.75425948  .00000368  00000+0  40773-3 0  9994
2 48621  65.9976 178.8040 0011437 263.7596  96.2169 13.83376867263542
ONEWEB-0211             
1 48767U 21045A   26218.59211420 -.00000045  00000+0 -15244-3 0  9996
2 48767  87.8965 249.0251 0002705  87.4598 272.6842 13.16197876251070
ONEWEB-0223             
1 48768U 21045B   26218.54321973  .00000140  00000+0  33904-3 0  9994
2 48768  87.8971 249.1568 0002469  95.1233 265.0179 13.15549620251020
ONEWEB-0230             
1 48769U 21045C   26218.59075517 -.00000065  00000+0 -20702-3 0  9990
2 48769  87.8965 249.1566 0001909  96.6898 263.4449 13.15549495251294
ONEWEB-0237             
1 48770U 21045D   26218.57965848 -.00000111  00000+0 -32923-3 0  9995
2 48770  87.8958 249.1605 0002153  85.2193 274.9183 13.15547294251013
ONEWEB-0235             
1 48771U 21045E   26218.55430963  .00000058  00000+0  12035-3 0  9999
2 48771  87.8973 249.1558 0002452  97.7826 262.3583 13.15547424251000
ONEWEB-0242             
1 48772U 21045F   26218.54797025  .00000056  00000+0  11597-3 0  9994
2 48772  87.8972 249.1549 0002144  98.8083 261.3291 13.15549350251044
ONEWEB-0241             
1 48773U 21045G   26218.61136454  .00000116  00000+0  27500-3 0  9994
2 48773  87.8959 249.1549 0002420  93.5376 266.6031 13.15550795250969
ONEWEB-0243             
1 48774U 21045H   26218.56698057 -.00000077  00000+0 -23835-3 0  9996
2 48774  87.8962 249.1766 0002345 105.6211 254.5178 13.15547765250987
ONEWEB-0222             
1 48775U 21045J   26218.55033974  .00000079  00000+0  17703-3 0  9994
2 48775  87.8969 249.1512 0002264  93.6897 266.4492 13.15547185251023
ONEWEB-0244             
1 48776U 21045K   26218.57649692 -.00000148  00000+0 -42655-3 0  9990
2 48776  87.8973 249.1433 0002155  95.4705 264.6671 13.15549668251597
ONEWEB-0247             
1 48777U 21045L   26218.57333086 -.00000138  00000+0 -40161-3 0  9997
2 48777  87.8961 249.1694 0002757 106.1946 253.9488 13.15547742251036
ONEWEB-0245             
1 48778U 21045M   26218.56855816 -.00000125  00000+0 -36587-3 0  9990
2 48778  87.8970 249.1542 0002197  91.3693 268.7689 13.15547080251000
ONEWEB-0229             
1 48779U 21045N   26218.56382317 -.00000079  00000+0 -24458-3 0  9994
2 48779  87.8970 249.1528 0002095  97.2972 262.8396 13.15548696251034
ONEWEB-0228             
1 48780U 21045P   26218.59722652  .00000051  00000+0  10246-3 0  9997
2 48780  87.8972 249.1417 0002117  94.5026 265.6346 13.15547171250953
ONEWEB-0232             
1 48781U 21045Q   26218.57175056 -.00000143  00000+0 -41314-3 0  9990
2 48781  87.8974 249.1467 0002102  91.8913 268.2459 13.15549328251276
ONEWEB-0231             
1 48782U 21045R   26218.54956915  .00000072  00000+0  15816-3 0  9996
2 48782  87.8968 249.1612 0002304  95.0665 265.0728 13.15548631250961
ONEWEB-0234             
1 48783U 21045S   26218.58745749 -.00000112  00000+0 -33040-3 0  9998
2 48783  87.8970 249.1376 0002110  70.9367 289.1992 13.15548773251102
ONEWEB-0238             
1 48784U 21045T   26218.58771511 -.00000075  00000+0 -23341-3 0  9996
2 48784  87.8972 249.1339 0002008  82.0751 278.0607 13.15546777251002
ONEWEB-0240             
1 48785U 21045U   26218.60896939  .00000140  00000+0  33738-3 0  9994
2 48785  87.8972 249.1389 0002383  92.5386 267.6017 13.15546903251037
ONEWEB-0246             
1 48786U 21045V   26218.60343716  .00000140  00000+0  33689-3 0  9990
2 48786  87.8969 249.1431 0002078  96.6697 263.4670 13.15548838250906
ONEWEB-0210             
1 48787U 21045W   26218.57808161 -.00000150  00000+0 -43386-3 0  9995
2 48787  87.8970 249.1451 0002539 110.5663 249.5740 13.15548960250945
ONEWEB-0214             
1 48788U 21045X   26218.51074445 -.00000072  00000+0 -22591-3 0  9998
2 48788  87.8971 249.1559 0001981 103.3414 256.7937 13.15548921250901
ONEWEB-0221             
1 48789U 21045Y   26218.59392729 -.00000029  00000+0 -11024-3 0  9996
2 48789  87.8968 249.1476 0002243  95.3151 264.8235 13.15549243251007
ONEWEB-0213             
1 48790U 21045Z   26218.58282697 -.00000086  00000+0 -26279-3 0  9990
2 48790  87.8969 249.1528 0002309  98.3661 261.7731 13.15549593251061
ONEWEB-0212             
1 48791U 21045AA  26218.55986593 -.00000014  00000+0 -70052-4 0  9994
2 48791  87.8972 249.1513 0002047  93.4837 266.6528 13.15547881251055
ONEWEB-0227             
1 48792U 21045AB  26218.55906394 -.00000029  00000+0 -11185-3 0  9993
2 48792  87.8970 249.1512 0002143  95.1525 264.9850 13.15547303251006
ONEWEB-0226             
1 48793U 21045AC  26218.55273398  .00000031  00000+0  49077-4 0  9998
2 48793  87.8970 249.1574 0002204  99.4068 260.7312 13.15549046250970
ONEWEB-0224             
1 48794U 21045AD  26218.59233613 -.00000045  00000+0 -15272-3 0  9995
2 48794  87.8958 249.1807 0002657  77.9741 282.1688 13.15549391250907
ONEWEB-0233             
1 48795U 21045AE  26218.59695508 -.00000019  00000+0 -84376-4 0  9994
2 48795  87.8959 249.1866 0002353  94.0445 266.0955 13.15547976250925
ONEWEB-0190             
1 48796U 21045AF  26218.58440965 -.00000140  00000+0 -40652-3 0  9992
2 48796  87.8967 249.1544 0002706 100.5164 259.6271 13.15549449250994
ONEWEB-0236             
1 48797U 21045AG  26218.60184520  .00000094  00000+0  21485-3 0  9997
2 48797  87.8959 249.1568 0002007  91.1715 268.9645 13.15549543250884
ONEWEB-0248             
1 48798U 21045AH  26218.61452007  .00000090  00000+0  20496-3 0  9994
2 48798  87.8971 249.1431 0002518  92.3278 267.8141 13.15547277251042
ONEWEB-0225             
1 48799U 21045AJ  26218.56065679 -.00000081  00000+0 -25031-3 0  9996
2 48799  87.8968 249.1599 0002611  98.9977 261.1449 13.15548673251045
ONEWEB-0215             
1 48800U 21045AK  26218.60659360  .00000122  00000+0  29014-3 0  9999
2 48800  87.8972 249.1359 0002736  97.4199 262.7243 13.15547081250922
ONEWEB-0216             
1 48801U 21045AL  26218.54005616  .00000122  00000+0  28994-3 0  9998
2 48801  87.8969 249.1624 0001986  95.1824 264.9533 13.15549160250926
ONEWEB-0239             
1 48802U 21045AM  26218.54481778  .00000117  00000+0  27651-3 0  9999
2 48802  87.8966 249.1648 0002867  92.0197 268.1262 13.15548889250964
2021-050D               
1 48843U 21050D   26218.64463818  .00004403  00000+0  18564-3 0  9991
2 48843  97.3304 293.5398 0007325  89.0702 271.1375 15.23805658286642
YAOGAN-30 10A           
1 48860U 21055A   26218.42837146  .00001815  00000+0  13470-3 0  9995
2 48860  34.9942 205.9761 0003313 165.6395 194.4408 15.02885592280740
YAOGAN-30 10B           
1 48861U 21055B   26218.40745426  .00001686  00000+0  12538-3 0  9993
2 48861  34.9938 205.7427 0003795 171.8880 188.1890 15.02874439280737
YAOGAN-30 10C           
1 48863U 21055D   26218.43951490  .00001526  00000+0  11366-3 0  9999
2 48863  34.9942 205.2059 0003939 245.7194 114.3103 15.02881968280451
TIANQI-14               
1 48864U 21055E   26218.44250481  .00003708  00000+0  20057-3 0  9994
2 48864  34.9982 126.8118 0003944  30.6435 329.4507 15.14152515281343
COSMOS 2550             
1 48865U 21056A   26218.62515648  .00002795  00000+0  90747-4 0  9994
2 48865  67.1430 307.3318 0008395 270.0197  89.9995 15.33831440286456
TYVAK-0173              
1 48892U 21059P   26218.43337314  .00001004  00000+0  13042-3 0  9992
2 48892  96.0052 282.2966 0008090 207.5504 152.5286 14.82031132275682
MANDRAKE 2 ABLE         
1 48907U 21059AE  26218.52930677  .00014805  00000+0  20666-3 0  9993
2 48907  97.7030  52.2288 0005456 152.2952 207.8594 15.56979300284957
MANDRAKE 2 BAKER        
1 48908U 21059AF  26218.49656097  .00018261  00000+0  20946-3 0  9992
2 48908  97.6989  55.4361 0004255 144.3478 215.8063 15.62137460285140
PACE-1                  
1 48909U 21059AG  26218.53728937  .00114992  71784-5  36674-3 0  9997
2 48909  97.6685  62.7562 0002818 142.7346 217.4123 15.91163957285773
YAM-3                   
1 48915U 21059AN  26218.51697892  .00006969  00000+0  12793-3 0  9994
2 48915  97.6998  48.8050 0005486 155.7814 204.3695 15.49603102284785
FARADAY_PHOENIX         
1 48924U 21059AX  26218.51921322  .00514242  12355-3  84017-3 0  9998
2 48924  97.6606  62.8573 0001976 199.2310 160.8895 16.03307906285649
HAWK-3B                 
1 48931U 21059BE  26218.55935681  .00032508  00000+0  23091-3 0  9998
2 48931  97.6624  60.1890 0005540 130.9674 229.2070 15.73834280285760
HAWK-3C                 
1 48948U 21059BX  26218.55904061  .00034238  00000+0  24304-3 0  9994
2 48948  97.6733  65.9589 0005920 129.4453 230.7335 15.73836689285763
DEMO8 (TENZING)         
1 48951U 21059CA  26218.53366051  .00013535  00000+0  18974-3 0  9990
2 48951  97.7010  55.8562 0007417 150.4008 209.7667 15.56871160285137
HAWK-3A                 
1 48957U 21059CG  26218.55891642  .00033771  00000+0  23976-3 0  9999
2 48957  97.6682  63.1236 0005749 131.7910 228.3846 15.73837108285765
SHERPA-FX2 & TAGSAT-2   
1 48958U 21059CH  26218.49783727  .00012902  00000+0  17257-3 0  9995
2 48958  97.6838  56.3828 0007083 142.4617 217.7134 15.58151265285258
SPARTAN                 
1 48964U 21059CP  26218.52508102  .00109187  66894-5  35444-3 0  9997
2 48964  97.6687  65.1616 0002859 137.3728 222.7767 15.90822874285909
ONEWEB-0249             
1 48967U 21060A   26218.51488188  .00000072  00000+0  15526-3 0  9995
2 48967  87.9080 218.7795 0002189  87.9462 272.1919 13.16593329246233
ONEWEB-0250             
1 48968U 21060B   26218.49354423 -.00000006  00000+0 -42896-4 0  9997
2 48968  87.9086 216.3767 0002550  65.7753 294.3649 13.25836395246882
ONEWEB-0252             
1 48970U 21060D   26218.54575068  .00000078  00000+0  16935-3 0  9997
2 48970  87.9083 218.7658 0001950  97.8854 262.2498 13.16595739246282
ONEWEB-0253             
1 48971U 21060E   26218.53465743  .00000084  00000+0  18586-3 0  9996
2 48971  87.9082 218.7731 0002147  87.2882 272.8495 13.16593310246217
ONEWEB-0254             
1 48972U 21060F   26218.54416595  .00000063  00000+0  13231-3 0  9998
2 48972  87.9086 218.7699 0002420  88.5645 271.5764 13.16595433246213
ONEWEB-0255             
1 48973U 21060G   26218.50616758 -.00000004  00000+0 -43602-4 0  9991
2 48973  87.9080 218.7832 0002296  89.6944 270.4450 13.16594858246289
ONEWEB-0256             
1 48974U 21060H   26218.53228735  .00000081  00000+0  17891-3 0  9992
2 48974  87.9078 218.7801 0001988  92.6244 267.5114 13.16596317246250
ONEWEB-0257             
1 48975U 21060J   26218.56475182 -.00000021  00000+0 -88259-4 0  9999
2 48975  87.9083 218.7627 0002196  91.6721 268.4662 13.16595030246219
ONEWEB-0258             
1 48976U 21060K   26218.56632890 -.00000003  00000+0 -42270-4 0  9994
2 48976  87.9081 218.7749 0002115  88.1313 272.0060 13.16593864246229
ONEWEB-0259             
1 48977U 21060L   26218.55999969 -.00000019  00000+0 -82932-4 0  9993
2 48977  87.9082 218.7746 0002255  86.5062 273.6327 13.16595025246253
ONEWEB-0260             
1 48978U 21060M   26218.47529214 -.00000031  00000+0 -11587-3 0  9998
2 48978  87.9077 218.7908 0001893  99.1058 261.0287 13.16593863246221
ONEWEB-0261             
1 48979U 21060N   26218.52121970  .00000046  00000+0  86513-4 0  9998
2 48979  87.9078 218.7831 0002343  94.7879 265.3519 13.16594472246289
ONEWEB-0262             
1 48980U 21060P   26218.50141853  .00000004  00000+0 -22844-4 0  9992
2 48980  87.9081 218.7743 0002312  84.8314 275.3081 13.16595157246249
ONEWEB-0263             
1 48981U 21060Q   26218.53308467  .00000070  00000+0  14953-3 0  9995
2 48981  87.9083 218.7800 0002417  92.2049 267.9358 13.16594849246218
ONEWEB-0264             
1 48982U 21060R   26218.49429799 -.00000087  00000+0 -26058-3 0  9992
2 48982  87.9077 218.7881 0002136  94.5707 265.5668 13.16595881246210
ONEWEB-0266             
1 48984U 21060T   26218.51566143  .00000053  00000+0  10589-3 0  9995
2 48984  87.9081 218.7768 0002040  87.5187 272.6178 13.16593691246200
ONEWEB-0267             
1 48985U 21060U   26218.52674975  .00000016  00000+0  80238-5 0  9999
2 48985  87.9082 218.7719 0002234  93.4945 266.6442 13.16595172246215
ONEWEB-0268             
1 48986U 21060V   26218.49507347 -.00000011  00000+0 -62790-4 0  9993
2 48986  87.9080 218.7870 0002000  91.6859 268.4501 13.16594836246477
ONEWEB-0269             
1 48987U 21060W   26218.55208195 -.00000047  00000+0 -15564-3 0  9995
2 48987  87.9078 218.7747 0001888  89.6064 270.5283 13.16595029246258
ONEWEB-0270             
1 48988U 21060X   26218.49350791 -.00000015  00000+0 -71950-4 0  9996
2 48988  87.9076 218.7895 0002438  88.3066 271.8344 13.16593001246284
ONEWEB-0271             
1 48989U 21060Y   26218.48083556 -.00000060  00000+0 -19004-3 0  9999
2 48989  87.9083 218.7810 0002344  91.7007 268.4393 13.16594955246284
ONEWEB-0272             
1 48990U 21060Z   26218.50298588 -.00000037  00000+0 -13162-3 0  9990
2 48990  87.9075 218.7861 0002088  97.2538 262.8830 13.16592860246230
ONEWEB-0273             
1 48991U 21060AA  26218.44915558  .00000138  00000+0  32743-3 0  9993
2 48991  87.9077 218.7977 0002233  90.0187 270.1200 13.16594284246206
ONEWEB-0274             
1 48992U 21060AB  26218.55048139 -.00000107  00000+0 -31475-3 0  9997
2 48992  87.9075 218.7764 0002018  98.4894 261.6466 13.16593162246255
ONEWEB-0275             
1 48993U 21060AC  26218.53942463  .00000149  00000+0  35573-3 0  9996
2 48993  87.9084 218.7730 0001637 112.8085 247.3219 13.16593884246188
ONEWEB-0276             
1 48994U 21060AD  26218.49667016 -.00000075  00000+0 -22980-3 0  9998
2 48994  87.9082 218.7802 0002018  93.3471 266.7891 13.16595158246191
ONEWEB-0277             
1 48995U 21060AE  26218.50933338 -.00000031  00000+0 -11529-3 0  9993
2 48995  87.9076 218.7838 0002248  90.3016 269.8372 13.16593285246187
ONEWEB-0278             
1 48996U 21060AF  26218.49983651 -.00000038  00000+0 -13313-3 0  9995
2 48996  87.9081 218.7789 0002037  83.4593 276.6770 13.16594866246317
ONEWEB-0279             
1 48997U 21060AG  26218.50775407 -.00000031  00000+0 -11595-3 0  9999
2 48997  87.9083 218.7757 0002254  94.8392 265.2996 13.16594858246246
ONEWEB-0280             
1 48998U 21060AH  26218.52278256  .00000071  00000+0  15106-3 0  9996
2 48998  87.9081 218.7765 0002323  82.8586 277.2809 13.16592914246183
ONEWEB-0281             
1 48999U 21060AJ  26218.52833909  .00000057  00000+0  11455-3 0  9996
2 48999  87.9084 218.7715 0001980  92.7022 267.4336 13.16593689246259
ONEWEB-0282             
1 49000U 21060AK  26218.55841190 -.00000050  00000+0 -16538-3 0  9996
2 49000  87.9081 218.7724 0002221  88.3332 271.8053 13.16593016246231
ONEWEB-0283             
1 49001U 21060AL  26218.54733484 -.00000011  00000+0 -61114-4 0  9990
2 49001  87.9082 218.7738 0002202  93.0924 267.0459 13.16594868246241
ONEWEB-0284             
1 49002U 21060AM  26218.54100134  .00000042  00000+0  75807-4 0  9997
2 49002  87.9083 218.7695 0002205  81.0197 279.1184 13.16595299246223
JILIN-1 KUANFU-01B      
1 49003U 21061A   26218.74088948  .00002099  00000+0  13339-3 0  9994
2 49003  97.5182 293.9908 0005292 241.6312 118.4384 15.09909583280971
FENGYUN 3E              
1 49008U 21062A   26218.58548047 -.00000222  00000+0 -83917-4 0  9991
2 49008  98.7522 221.4360 0001057 351.7962   8.3197 14.19906946263738
NINGXIA-1 6             
1 49018U 21064A   26218.63371812 -.00000331  00000+0 -11513-3 0  9997
2 49018  45.0014 359.1929 0007506 114.3764 245.7857 14.08539422261320
NINGXIA-1 7             
1 49019U 21064B   26218.61911235 -.00000281  00000+0 -86235-4 0  9993
2 49019  45.0041 359.5003 0006469 124.8273 235.3173 14.08555751261358
NINGXIA-1 8             
1 49020U 21064C   26218.74832918 -.00000071  00000+0  35233-4 0  9997
2 49020  44.9962 357.5960 0007391 132.1531 227.9934 14.08544484261357
NINGXIA-1 9             
1 49021U 21064D   26218.73172576  .00000093  00000+0  13001-3 0  9995
2 49021  45.0039 358.6428 0008393 140.3086 219.8367 14.08566739261352
NINGXIA-1 10            
1 49022U 21064E   26218.71819523 -.00000127  00000+0  27227-5 0  9990
2 49022  45.0010 358.1495 0007850 146.5159 213.6175 14.08558727261354
YAOGAN-30 11A           
1 49026U 21065A   26218.74555162  .00001775  00000+0  13167-3 0  9999
2 49026  34.9949 324.8928 0004978 242.4830 117.5372 15.02928710276251
TIANQI-15               
1 49027U 21065B   26218.40722613  .00002683  00000+0  15923-3 0  9991
2 49027  34.9979 265.7001 0005651 143.1271 216.9829 15.10953471276875
YAOGAN-30 11B           
1 49028U 21065C   26218.65813515  .00001737  00000+0  12905-3 0  9997
2 49028  34.9949 325.1436 0000651 277.5874  82.4760 15.02886881276222
YAOGAN-30 11C           
1 49029U 21065D   26218.63525598  .00001978  00000+0  14656-3 0  9999
2 49029  34.9960 325.1151 0004098 341.4274  18.6285 15.02901295276257
ISS (NAUKA)             
1 49044U 21066A   26218.50541180  .00004487  00000+0  88448-4 0  9997
2 49044  51.6323  51.0716 0007292  18.8673 341.2584 15.49364501579204
TIANHUI 1-04            
1 49049U 21067A   26218.64087303  .00002887  00000+0  12392-3 0  9996
2 49049  97.2732 285.2138 0001398  88.6486 271.4912 15.23486097279276
MONOLITH                
1 49052U 21068A   26218.62894744  .00002984  00000+0  18715-3 0  9997
2 49052  37.0240 321.4101 0003676 273.9280  86.1046 15.09617353274900
KL-BETA A               
1 49059U 21070A   26218.73390119  .00000059  00000+0  34330-4 0  9999
2 49059  89.0048 213.1053 0001306 113.4469 246.6844 13.94399658254979
KL-BETA B               
1 49060U 21070B   26218.73676337  .00000004  00000+0 -72148-5 0  9991
2 49060  89.0047 213.0160 0004255 352.0492   8.0615 13.94727080255017
PLEIADES NEO 4          
1 49070U 21073E   26218.32846207  .00000511  00000+0  71543-4 0  9994
2 49070  97.8939 292.3701 0001444  94.5694 265.5684 14.81674619268796
TIANHUI 2-02A           
1 49071U 21074A   26218.53279217  .00001112  00000+0  60094-4 0  9997
2 49071  97.4832 221.1007 0001233  95.5976 264.5397 15.16735468274903
TIANHUI 2-02B           
1 49072U 21074B   26218.53279141  .00001128  00000+0  60933-4 0  9993
2 49072  97.4830 221.0971 0001565 104.9715 255.1692 15.16736607274905
ONEWEB-0285             
1 49075U 21075A   26218.37679770 -.00000376  00000+0 -10804-2 0  9997
2 49075  87.8995 340.6908 0001655  98.2147 261.9169 13.12442634241798
ONEWEB-0286             
1 49076U 21075B   26218.35887525 -.00000234  00000+0 -68657-3 0  9998
2 49076  87.8985 340.7062 0001640  99.2591 260.8723 13.12442182241149
ONEWEB-0287             
1 49077U 21075C   26218.43640063 -.00000019  00000+0 -81603-4 0  9990
2 49077  87.9172 355.8744 0001442  91.0956 269.0340 13.17648772240242
ONEWEB-0288             
1 49078U 21075D   26218.41153798  .00000410  00000+0  11035-2 0  9996
2 49078  87.8994 340.6769 0001728  93.4238 266.7088 13.12442882241770
ONEWEB-0289             
1 49079U 21075E   26218.39927896  .00000015  00000+0  44990-5 0  9992
2 49079  87.9175 355.9008 0002164  88.8725 271.2655 13.17648907240818
ONEWEB-0290             
1 49080U 21075F   26218.75196134  .00000090  00000+0  19985-3 0  9994
2 49080  87.9183 355.8052 0002245  88.1531 271.9857 13.17648298240279
ONEWEB-0291             
1 49081U 21075G   26218.43302198  .00000039  00000+0  66564-4 0  9998
2 49081  87.9172 355.8722 0001755  85.8171 274.3161 13.17650908240222
ONEWEB-0293             
1 49082U 21075H   26218.45834129  .00000043  00000+0  77853-4 0  9993
2 49082  87.9179 355.8700 0001909  91.5338 268.6012 13.17648547240256
ONEWEB-0294             
1 49083U 21075J   26218.41831153  .00000258  00000+0  68238-3 0  9998
2 49083  87.8999 340.6800 0002127  92.3867 267.7506 13.12440934241162
ONEWEB-0295             
1 49084U 21075K   26218.60936422  .00000115  00000+0  26235-3 0  9998
2 49084  87.9176 355.8438 0001647  88.6593 271.4727 13.17648223240236
ONEWEB-0296             
1 49085U 21075L   26218.32173640  .00000417  00000+0  11248-2 0  9995
2 49085  87.8991 340.7066 0001710  89.6457 270.4868 13.12444876241152
ONEWEB-0297             
1 49086U 21075M   26218.58093658  .00000049  00000+0  10037-3 0  9991
2 49086  87.8986 340.6604 0001780  98.4451 261.6879 13.12442936241792
ONEWEB-0298             
1 49087U 21075N   26218.38591395  .00000094  00000+0  20897-3 0  9996
2 49087  87.9174 355.8863 0001743  97.7761 262.3569 13.17651422240232
ONEWEB-0299             
1 49088U 21075P   26218.46340641  .00000038  00000+0  64707-4 0  9999
2 49088  87.9184 355.8560 0001670  94.9426 265.1896 13.17649526240229
ONEWEB-0300             
1 49089U 21075Q   26218.57332214  .00000214  00000+0  55826-3 0  9996
2 49089  87.8998 340.6471 0001709 111.1205 249.0106 13.12442475241815
ONEWEB-0301             
1 49090U 21075R   26218.32851950  .00000564  00000+0  15321-2 0  9997
2 49090  87.8994 340.6929 0001872 109.4354 250.6977 13.12442163241141
ONEWEB-0302             
1 49091U 21075S   26218.61991521  .00000122  00000+0  30416-3 0  9992
2 49091  87.8989 340.6462 0001979  89.2455 270.8900 13.12446100241160
ONEWEB-0304             
1 49092U 21075T   26218.43809918  .00000040  00000+0  70501-4 0  9990
2 49092  87.9172 355.8786 0001718  93.2442 266.8887 13.17650489240198
ONEWEB-0305             
1 49093U 21075U   26218.43134827  .00000056  00000+0  11103-3 0  9990
2 49093  87.9183 355.8686 0001471  89.7356 270.3944 13.17648760240227
ONEWEB-0308             
1 49094U 21075V   26218.38441760 -.00000060  00000+0 -20330-3 0  9991
2 49094  87.8996 340.6870 0001883  99.1933 260.9409 13.12444584241145
ONEWEB-0309             
1 49095U 21075W   26218.43471515  .00000085  00000+0  18683-3 0  9992
2 49095  87.9171 355.8722 0002130  85.5853 274.5522 13.17648845240194
ONEWEB-0310             
1 49096U 21075X   26218.32343544  .00000463  00000+0  12503-2 0  9995
2 49096  87.8988 340.7159 0001917  98.1775 261.9571 13.12443221241766
ONEWEB-0311             
1 49097U 21075Y   26218.36553145  .00000090  00000+0  19892-3 0  9995
2 49097  87.9174 355.8859 0001391  95.9066 264.2224 13.17649621240232
ONEWEB-0312             
1 49098U 21075Z   26218.60852563  .00000145  00000+0  33993-3 0  9998
2 49098  87.9176 355.8477 0001701  87.1616 272.9710 13.17650626240244
ONEWEB-0313             
1 49099U 21075AA  26218.46158002  .00000088  00000+0  19239-3 0  9993
2 49099  87.9174 355.8815 0001727  95.6526 264.4803 13.17648670240213
ONEWEB-0314             
1 49100U 21075AB  26218.42797468 -.00000111  00000+0 -31984-3 0  9997
2 49100  87.9184 355.8666 0001652  85.1329 274.9992 13.17651691240181
ONEWEB-0315             
1 49101U 21075AC  26218.37255746 -.00000407  00000+0 -11659-2 0  9994
2 49101  87.8997 340.6743 0001478 103.3147 256.8147 13.12443906241756
ONEWEB-0316             
1 49102U 21075AD  26218.31330654  .00000072  00000+0  14867-3 0  9992
2 49102  87.9209 325.4937 0002012  98.5836 261.5524 13.18687869243810
ONEWEB-0317             
1 49103U 21075AE  26218.60464239  .00001069  00000+0  29350-2 0  9991
2 49103  87.8995 340.6509 0002591  92.3674 267.7752 13.12459622241806
ONEWEB-0318             
1 49104U 21075AF  26218.30979743  .00000061  00000+0  12275-3 0  9990
2 49104  87.9211 325.4968 0001759 100.2458 259.8873 13.18684797243776
ONEWEB-0319             
1 49105U 21075AG  26218.74690589 -.00000131  00000+0 -37081-3 0  9999
2 49105  87.9175 355.8149 0001361 106.5527 253.5754 13.17647287240261
ONEWEB-0323             
1 49106U 21075AH  26218.58602113 -.00000131  00000+0 -39961-3 0  9997
2 49106  87.8999 340.6375 0001305  99.7680 260.3596 13.12443187241167
ONEWEB-0329             
1 49107U 21075AJ  26218.37565310  .00000143  00000+0  33545-3 0  9995
2 49107  87.9177 355.8900 0001738  93.0046 267.1285 13.17649399240192
ONEWEB-0330             
1 49108U 21075AK  26218.45511532  .00000196  00000+0  47096-3 0  9996
2 49108  87.9178 355.8862 0001785  90.7433 269.3903 13.17649116240241
RSW-01                  
1 49112U 21076A   26218.57001590  .00000383  00000+0  64659-3 0  9995
2 49112  86.4127 139.8408 0013743 288.6822  71.2830 13.42861737242645
PAYLOAD B               
1 49113U 21076B   26218.61740176  .00000135  00000+0  66648-4 0  9997
2 49113  86.3990  62.8084 0021033  52.0162 308.2915 14.09477427254530
RSW-02                  
1 49114U 21076C   26218.63433338  .00000305  00000+0  50970-3 0  9998
2 49114  86.4127 139.7990 0017233 284.4624  75.4608 13.42857650242653
GAOFEN-5 02             
1 49122U 21079A   26218.64393935  .00000223  00000+0  58972-4 0  9999
2 49122  98.2577 292.5797 0001630 127.3772 232.7575 14.57716378261434
ONEWEB-0292             
1 49186U 21083A   26218.74746529 -.00000295  00000+0 -84371-3 0  9998
2 49186  87.8978 310.1801 0001827 102.1277 258.0057 13.13471344237560
ONEWEB-0303             
1 49187U 21083B   26218.30644801  .00000086  00000+0  18570-3 0  9995
2 49187  87.9210 325.4960 0001739 100.3896 259.7433 13.18685778236585
ONEWEB-0306             
1 49188U 21083C   26218.75158824 -.00000010  00000+0 -58912-4 0  9994
2 49188  87.9213 325.3973 0002162  96.6021 263.5358 13.18686290236680
ONEWEB-0307             
1 49189U 21083D   26218.51302358 -.00000285  00000+0 -81641-3 0  9990
2 49189  87.8978 310.2246 0001861  98.5665 261.5675 13.13469816237537
ONEWEB-0320             
1 49190U 21083E   26218.54418567  .00000055  00000+0  10672-3 0  9994
2 49190  87.9201 325.4513 0002006  99.3938 260.7421 13.18685850236619
ONEWEB-0321             
1 49191U 21083F   26218.57931158  .00000069  00000+0  13725-3 0  9991
2 49191  87.9157 264.3903 0002265  98.0974 262.0417 13.20771856243485
ONEWEB-0322             
1 49192U 21083G   26218.28024490 -.00000295  00000+0 -84300-3 0  9992
2 49192  87.8979 310.2702 0002393 104.5072 255.6322 13.13471308237497
ONEWEB-0324             
1 49193U 21083H   26218.59306691 -.00000005  00000+0 -44368-4 0  9993
2 49193  87.9214 325.4343 0001922  92.7993 267.3359 13.18687771236641
ONEWEB-0325             
1 49194U 21083J   26218.74820874 -.00000006  00000+0 -47837-4 0  9990
2 49194  87.9203 325.4071 0001920 103.4466 256.6880 13.18683608236679
ONEWEB-0326             
1 49195U 21083K   26218.30826325  .00000053  00000+0  10132-3 0  9997
2 49195  87.9210 325.4961 0001685 104.9456 255.1863 13.18687547236603
ONEWEB-0327             
1 49196U 21083L   26218.30798751  .00000071  00000+0  14616-3 0  9990
2 49196  87.9204 325.4964 0001692 109.9562 250.1753 13.18687403236627
ONEWEB-0328             
1 49197U 21083M   26218.27009654  .00000072  00000+0  16165-3 0  9996
2 49197  87.8988 310.2503 0001966  95.4528 264.6825 13.13470411237470
ONEWEB-0331             
1 49198U 21083N   26218.30137626  .00000071  00000+0  14783-3 0  9995
2 49198  87.9214 325.4915 0001601 102.3603 257.7709 13.18687333236614
ONEWEB-0333             
1 49199U 21083P   26218.26502037  .00000030  00000+0  47979-4 0  9992
2 49199  87.8979 310.2731 0001910 100.6038 259.5306 13.13470123237487
ONEWEB-0334             
1 49200U 21083Q   26218.59360478 -.00000052  00000+0 -15940-3 0  9990
2 49200  87.9159 264.3977 0002824  99.6194 260.5259 13.20775789243443
ONEWEB-0335             
1 49201U 21083R   26218.48848798  .00000263  00000+0  68460-3 0  9992
2 49201  87.8982 310.2260 0001818 100.6219 259.5115 13.13469718237521
ONEWEB-0336             
1 49202U 21083S   26218.53588315  .00000012  00000+0 -21205-5 0  9996
2 49202  87.8976 310.2111 0001666  98.6200 261.5118 13.13470162237528
ONEWEB-0337             
1 49203U 21083T   26218.54590594  .00000182  00000+0  46251-3 0  9993
2 49203  87.8978 310.2150 0001880  94.3637 265.7707 13.13471892237520
ONEWEB-0338             
1 49204U 21083U   26218.57088692  .00000012  00000+0 -19242-5 0  9993
2 49204  87.9153 264.4039 0002308  98.6791 261.4604 13.20771681243463
ONEWEB-0339             
1 49205U 21083V   26218.55450523  .00000240  00000+0  62173-3 0  9999
2 49205  87.8979 310.2069 0002267  98.5274 261.6113 13.13470254237500
ONEWEB-0340             
1 49206U 21083W   26218.74315455 -.00000056  00000+0 -17395-3 0  9998
2 49206  87.9210 325.4098 0001788  99.0535 261.0800 13.18685836236632
ONEWEB-0341             
1 49207U 21083X   26218.74989755  .00000011  00000+0 -44232-5 0  9991
2 49207  87.9206 325.4085 0001885  84.5945 275.5402 13.18685657236657
ONEWEB-0342             
1 49208U 21083Y   26218.57761923 -.00000003  00000+0 -39962-4 0  9993
2 49208  87.9156 264.3929 0002133  95.2706 264.8671 13.20770566243431
ONEWEB-0343             
1 49209U 21083Z   26218.30306919  .00000074  00000+0  15621-3 0  9996
2 49209  87.9207 325.4960 0002356  98.1966 261.9433 13.18686108236644
ONEWEB-0344             
1 49210U 21083AA  26218.32088304  .00000322  00000+0  84590-3 0  9992
2 49210  87.8977 310.2657 0001895  87.2886 272.8460 13.13470415237471
ONEWEB-0345             
1 49211U 21083AB  26218.54095001  .00000224  00000+0  57957-3 0  9997
2 49211  87.8985 310.2087 0001991  90.3637 269.7720 13.13471975237515
ONEWEB-0346             
1 49212U 21083AC  26218.52732352  .00000079  00000+0  16890-3 0  9992
2 49212  87.9202 325.4499 0001353 107.6623 252.4657 13.18686250236610
ONEWEB-0348             
1 49213U 21083AD  26218.49174563 -.00000131  00000+0 -35312-3 0  9994
2 49213  87.9161 264.4148 0001618  86.6285 273.5034 13.20772821243458
ONEWEB-0350             
1 49214U 21083AE  26218.48353890  .00000357  00000+0  94161-3 0  9991
2 49214  87.8982 310.2241 0002622 121.4170 238.7216 13.13469390237533
ONEWEB-0351             
1 49215U 21083AF  26218.56065495  .00000030  00000+0  42688-4 0  9998
2 49215  87.9160 264.4000 0002583  87.3071 272.8358 13.20771574243421
ONEWEB-0352             
1 49216U 21083AG  26218.53079778 -.00000031  00000+0 -11882-3 0  9999
2 49216  87.8979 310.2182 0002412  96.6937 263.4467 13.13471265237634
ONEWEB-0354             
1 49217U 21083AH  26218.58772263 -.00000015  00000+0 -68830-4 0  9992
2 49217  87.9158 264.3929 0001768  85.6083 274.5253 13.20772226243469
ONEWEB-0355             
1 49218U 21083AJ  26218.48424602  .00000347  00000+0  91607-3 0  9996
2 49218  87.8981 310.2283 0002114  95.2774 264.8597 13.13469267237508
ONEWEB-0357             
1 49219U 21083AK  26218.58433632 -.00000065  00000+0 -19105-3 0  9993
2 49219  87.9158 264.3875 0002150  89.9117 270.2263 13.20774740243469
JILIN-1 GAOFEN 2D       
1 49256U 21086A   26218.56101868  .00002618  00000+0  15890-3 0  9999
2 49256  97.6523 341.2657 0032166 334.2468  25.7159 15.11014287268326
LANDSAT 9               
1 49260U 21088A   26218.18824735  .00000176  00000+0  49155-4 0  9998
2 49260  98.2251 287.7526 0001174 103.8507 256.2822 14.57108793258281
CS1                     
1 49261U 21088B   26218.58676890  .00008129  00000+0  23368-3 0  9993
2 49261  97.3726 281.9040 0009987 254.2175 105.7968 15.36027440268151
CS2                     
1 49262U 21088C   26218.60959739  .00008547  00000+0  23214-3 0  9997
2 49262  97.3778 284.5332 0007633 255.9374 104.1023 15.37803841268262
CUPID                   
1 49264U 21088E   26218.21294592  .00004093  00000+0  15870-3 0  9996
2 49264  97.3832 278.8361 0010389 242.8698 117.1481 15.26654438267815
ONEWEB-0332             
1 49279U 21090A   26218.60860728  .00000159  00000+0  39496-3 0  9997
2 49279  87.8942 279.6618 0002210 102.2237 257.9140 13.14502233234205
ONEWEB-0347             
1 49280U 21090B   26218.57425612  .00000005  00000+0 -18954-4 0  9992
2 49280  87.9156 264.3972 0002219 101.0833 259.0551 13.20772124237697
ONEWEB-0349             
1 49281U 21090C   26218.60620181 -.00003873  00000+0 -95582-2 0  9992
2 49281  87.9158 264.3928 0002260  97.8278 262.3112 13.20790632236482
ONEWEB-0353             
1 49282U 21090D   26218.60067823 -.00000013  00000+0 -69388-4 0  9991
2 49282  87.8942 279.6598 0002218 102.7688 257.3690 13.14503786234207
ONEWEB-0356             
1 49283U 21090E   26218.60455492  .00000023  00000+0  25759-4 0  9998
2 49283  87.9159 264.3853 0001659 117.6982 242.4319 13.20772566236480
ONEWEB-0358             
1 49284U 21090F   26218.56499287  .00000010  00000+0 -77887-5 0  9991
2 49284  87.9159 264.4014 0001904  95.0605 265.0746 13.20770906237207
ONEWEB-0359             
1 49285U 21090G   26218.55574106  .00000035  00000+0  55129-4 0  9995
2 49285  87.9158 264.3950 0001846  90.3069 269.8276 13.20770886237186
ONEWEB-0360             
1 49286U 21090H   26218.54563937  .00000039  00000+0  62879-4 0  9999
2 49286  87.9158 264.4034 0002069  92.4433 267.6937 13.20772322236497
ONEWEB-0361             
1 49287U 21090J   26218.60287723  .00000000  00000+0 -32747-4 0  9993
2 49287  87.9158 264.3905 0001916  93.3043 266.8310 13.20771114236956
ONEWEB-0362             
1 49288U 21090K   26218.74703060  .00000026  00000+0  32081-4 0  9994
2 49288  87.9170 294.9113 0002203  94.1115 266.0270 13.19724283233586
ONEWEB-0363             
1 49289U 21090L   26218.54225180  .00000019  00000+0  14575-4 0  9995
2 49289  87.9158 264.4029 0001805 101.4671 258.6665 13.20773124236956
ONEWEB-0364             
1 49290U 21090M   26218.58098947 -.00000007  00000+0 -48462-4 0  9991
2 49290  87.9155 264.4022 0002063  95.2250 264.9119 13.20772237238093
ONEWEB-0365             
1 49291U 21090N   26218.60486019 -.00000013  00000+0 -63784-4 0  9997
2 49291  87.9178 294.9316 0002116  97.9026 262.2347 13.19723802233071
ONEWEB-0366             
1 49292U 21090P   26218.59751873 -.00000081  00000+0 -25179-3 0  9999
2 49292  87.8940 279.6619 0001993  96.7180 263.4177 13.14503502234189
ONEWEB-0367             
1 49293U 21090Q   26218.61717862  .00000036  00000+0  57724-4 0  9993
2 49293  87.9158 264.3895 0002218  94.5489 265.5898 13.20770634236485
ONEWEB-0368             
1 49294U 21090R   26218.59109090 -.00000084  00000+0 -23749-3 0  9993
2 49294  87.9153 264.3995 0002310 113.8565 246.2811 13.20772258237638
ONEWEB-0369             
1 49295U 21090S   26218.75176865 -.00000051  00000+0 -16049-3 0  9995
2 49295  87.9175 294.9061 0002117 101.2999 258.8371 13.19727745233087
ONEWEB-0370             
1 49296U 21090T   26218.55066792 -.00000010  00000+0 -57668-4 0  9999
2 49296  87.9157 264.4017 0002062  86.6235 273.5134 13.20772921236519
ONEWEB-0371             
1 49297U 21090U   26218.60803821 -.00000063  00000+0 -19007-3 0  9990
2 49297  87.9177 294.9308 0002084  97.9376 262.1994 13.19726731233104
ONEWEB-0372             
1 49298U 21090V   26218.61621425  .00000016  00000+0  73864-5 0  9999
2 49298  87.9158 264.3907 0002079  95.2756 264.8615 13.20771729236490
ONEWEB-0373             
1 49299U 21090W   26218.49008081 -.00000139  00000+0 -37277-3 0  9997
2 49299  87.9157 264.4151 0002224  94.4826 265.6562 13.20771637237661
ONEWEB-0374             
1 49300U 21090X   26218.58480657 -.00000190  00000+0 -54730-3 0  9993
2 49300  87.8950 279.6572 0001514 106.0910 254.0386 13.14504090234184
ONEWEB-0375             
1 49301U 21090Y   26218.55405376  .00000013  00000+0 -84885-6 0  9996
2 49301  87.9157 264.3950 0001510 102.1536 257.9766 13.20770913237175
ONEWEB-0376             
1 49302U 21090Z   26218.60645620 -.00000064  00000+0 -19273-3 0  9994
2 49302  87.9177 294.9307 0002235 100.8288 259.3096 13.19725115233100
ONEWEB-0377             
1 49303U 21090AA  26218.61648275  .00000019  00000+0  13731-4 0  9997
2 49303  87.9158 264.3845 0001781 100.2210 259.9124 13.20770307237176
ONEWEB-0378             
1 49304U 21090AB  26218.56091487  .00000017  00000+0  10502-4 0  9990
2 49304  87.9156 264.3986 0001939  99.2030 260.9323 13.20772965236436
ONEWEB-0379             
1 49305U 21090AC  26218.58006476 -.00000257  00000+0 -72654-3 0  9990
2 49305  87.8946 279.6675 0001929  99.1838 260.9510 13.14503428234188
ONEWEB-0380             
1 49306U 21090AD  26218.60328066 -.00000030  00000+0 -10727-3 0  9998
2 49306  87.9173 294.9334 0001909  97.2432 262.8918 13.19723741233078
ONEWEB-0381             
1 49307U 21090AE  26218.61298624  .00000068  00000+0  13580-3 0  9995
2 49307  87.9160 264.3901 0001893  97.5907 262.5442 13.20789865236486
ONEWEB-0382             
1 49308U 21090AF  26218.59949722 -.00000052  00000+0 -15875-3 0  9999
2 49308  87.9160 264.3864 0001862 102.9317 257.2025 13.20772979236472
ONEWEB-0383             
1 49309U 21090AG  26218.57371416 -.00000204  00000+0 -58391-3 0  9996
2 49309  87.8951 279.6611 0002052 103.0613 257.0746 13.14503520234217
ONEWEB-0384             
1 49310U 21090AH  26218.58652340 -.00000030  00000+0 -10615-3 0  9991
2 49310  87.9159 264.4327 0001837 109.7827 250.3505 13.20816500236488
ONEWEB-0385             
1 49311U 21090AJ  26218.59276989 -.00000543  00000+0 -13672-2 0  9998
2 49311  87.9158 264.3929 0001937  98.5365 261.5988 13.20773457236457
ONEWEB-0386             
1 49312U 21090AK  26218.60961039  .00000016  00000+0  63328-5 0  9997
2 49312  87.9163 264.3825 0001948 101.5929 258.5424 13.20770692236473
ONEWEB-0387             
1 49313U 21090AL  26218.59444986 -.00000072  00000+0 -20973-3 0  9994
2 49313  87.9155 264.4012 0001701  92.9140 267.2188 13.20772191236479
ONEWEB-0388             
1 49314U 21090AM  26218.75019513 -.00000074  00000+0 -21813-3 0  9993
2 49314  87.9171 294.9024 0001943 101.5820 258.5531 13.19725167233087
2021-091B               
1 49316U 21091B   26218.59698837  .00001717  00000+0  85736-4 0  9998
2 49316  97.4486  45.4150 0011978 220.2838 139.7509 15.18779493266634
2021-091D               
1 49318U 21091D   26218.64964061  .00000206  00000+0  16113-3 0  9995
2 49318  97.4513 242.1171 0011063 182.4551 177.6566 14.00161841255142
JILIN-1 GAOFEN 2F       
1 49338U 21097A   26218.73258508  .00001745  00000+0  11688-3 0  9996
2 49338  97.6751 344.8333 0019772  58.1775 302.1374 15.08098791263932
YAOGAN-32 02A           
1 49383U 21099A   26218.73846760  .00000438  00000+0  92265-4 0  9990
2 49383  98.2535 352.6310 0002390  77.8529 282.2941 14.64271213253765
YAOGAN-32 02B           
1 49384U 21099B   26218.73834458  .00000437  00000+0  92135-4 0  9997
2 49384  98.2530 352.6374 0001862  92.4163 267.7252 14.64273348253765
SDGSAT 1                
1 49387U 21100A   26218.74902001  .00001176  00000+0  58662-4 0  9992
2 49387  97.2599 263.7618 0011279  93.4380 266.8145 15.19337980263597
YAOGAN-35 01A           
1 49390U 21101A   26218.64276657  .00005030  00000+0  18479-3 0  9991
2 49390  34.9886 316.6603 0005765 118.6841 241.4455 15.27280410264593
YAOGAN-35 01C           
1 49393U 21101D   26218.61057323  .00005940  00000+0  24298-3 0  9994
2 49393  35.0049 307.6316 0004510 134.3424 225.7661 15.23673000264703
TEIKYOSAT-4 (OORURI)    
1 49396U 21102B   26218.56371508  .00001376  00000+0  89119-4 0  9999
2 49396  97.3657 246.0886 0013592 116.3342 243.9285 15.09669105260322
RAISE 2                 
1 49397U 21102C   26218.55401231  .00003459  00000+0  15409-3 0  9990
2 49397  97.3239 250.2481 0010442 105.5538 254.6852 15.22052526261097
Z-SAT                   
1 49399U 21102E   26218.61080038  .00001977  00000+0  98352-4 0  9999
2 49399  97.3309 252.4068 0018322  73.3321 286.9924 15.18626120261099
HIBARI                  
1 49400U 21102F   26218.61887763  .00006265  00000+0  20036-3 0  9990
2 49400  97.3207 263.9705 0011702  30.2870 329.9046 15.32716057261919
DRUMS                   
1 49401U 21102G   26218.60967867  .00002803  00000+0  12927-3 0  9998
2 49401  97.3272 254.3246 0016469  60.1104 300.1765 15.20937922261241
KOSEN-1                 
1 49402U 21102H   26218.59405902  .00004359  00000+0  16426-3 0  9990
2 49402  97.3160 259.7848 0014250  36.4080 323.8125 15.27513611261716
GLOBAL-14               
1 49469U 21106A   26218.41808668  .00017792  00000+0  28123-3 0  9996
2 49469  42.0046 352.0464 0017148  10.0417 350.0768 15.52939929265936
GAOFEN-11 03            
1 49492U 21107A   26218.75126979  .00002792  00000+0  11873-3 0  9996
2 49492  97.2054 260.9189 0004303 244.1082 115.9712 15.23811040262330
GAOFEN-3 02             
1 49495U 21109A   26218.76422845 -.00000151  00000+0 -32522-4 0  9997
2 49495  98.4112 226.1453 0002462 166.8051 193.3204 14.42212365247603
GLOBAL-12               
1 49772U 21115BA  26218.45990873  .00021841  00000+0  30884-3 0  9994
2 49772  53.1933 162.2699 0002868 118.0340 242.0963 15.56489976263727
GLOBAL-13               
1 49773U 21115BB  26218.51231633  .00011536  00000+0  22639-3 0  9993
2 49773  53.1956 175.0194 0000969  40.6143 319.4938 15.47838154263554
GLOBAL-17               
1 49949U 21120A   26217.97602244  .00019248  00000+0  28335-3 0  9990
2 49949  41.9939 112.0391 0017118 247.5440 112.3593 15.54849222262649
GLOBAL-16               
1 49950U 21120B   26217.99635879  .00017057  00000+0  27467-3 0  9995
2 49950  41.9938 116.6401 0014994 239.1339 120.8031 15.52485467262584
IXPE                    
1 49954U 21121A   26218.66672454  .00007250  00000+0  37073-3 0  9993
2 49954   0.2309 295.6552 0007338 125.2916  43.5993 15.10680064  5490
SHIJIAN-6 05A (SJ-6 05A)
1 49961U 21122A   26214.16825311  .00001503  00000+0  12659-3 0  9993
2 49961  97.4103 180.5115 0000842 210.9310 149.1865 14.99618826255646
SHIJIAN-6 05B (SJ-6 05B)
1 49962U 21122B   26218.73850041  .00001716  00000+0  10305-3 0  9991
2 49962  97.3832 197.6805 0001310 129.8289 230.3057 15.12181016257385
ZY-1 02E                
1 50465U 21131A   26218.61609213  .00000270  00000+0  10932-3 0  9991
2 50465  98.4406 294.6284 0001262  37.5041 322.6233 14.35352775241650
XW-3 (CAS-9)            
1 50466U 21131B   26218.66042471  .00000521  00000+0  17432-3 0  9995
2 50466  98.4977 310.7783 0003162 321.4481  38.6481 14.41400267242389
ONEWEB-0389             
1 50469U 21132A   26218.39252932  .00000096  00000+0  21343-3 0  9997
2 50469  87.9176 355.8853 0001480  95.8720 264.2581 13.17648746224693
ONEWEB-0390             
1 50470U 21132B   26218.39421617  .00000075  00000+0  16086-3 0  9992
2 50470  87.9176 355.8860 0001903  91.1939 268.9411 13.17648960224695
ONEWEB-0391             
1 50471U 21132C   26218.39590414  .00000064  00000+0  13283-3 0  9999
2 50471  87.9175 355.8956 0001178  81.9398 278.1867 13.17649162224694
ONEWEB-0392             
1 50472U 21132D   26218.35034235  .00000050  00000+0  96839-4 0  9994
2 50472  87.9181 355.8771 0001467  95.1022 265.0277 13.17648845224720
ONEWEB-0393             
1 50473U 21132E   26218.40179427  .00000886  00000+0  22484-2 0  9994
2 50473  87.9173 355.8796 0001651  95.7063 264.4257 13.17642283224726
ONEWEB-0394             
1 50474U 21132F   26218.32835636  .00000078  00000+0  16579-3 0  9999
2 50474  87.9211 325.4784 0001860 103.9545 256.1794 13.18686706228209
ONEWEB-0395             
1 50475U 21132G   26218.44673711 -.00000362  00000+0 -10581-2 0  9991
2 50475  87.8910  11.0612 0001835  88.6278 271.5060 13.11414427222301
ONEWEB-0396             
1 50476U 21132H   26218.54923294  .00000051  00000+0  97351-4 0  9992
2 50476  87.9208 325.4476 0001756 103.9468 256.1860 13.18684874228278
ONEWEB-0397             
1 50477U 21132J   26218.33677310 -.00000001  00000+0 -35262-4 0  9995
2 50477  87.9208 325.4897 0001849 107.0672 253.0663 13.18687280228227
ONEWEB-0398             
1 50478U 21132K   26218.41440824  .00000598  00000+0  16512-2 0  9997
2 50478  87.8920  11.0621 0001904  84.8192 275.3153 13.11416587222196
ONEWEB-0399             
1 50479U 21132L   26218.47714061  .00000277  00000+0  74536-3 0  9996
2 50479  87.8909  11.0594 0001374 100.5982 259.5301 13.11418086222192
ONEWEB-0400             
1 50480U 21132M   26218.54249642  .00000086  00000+0  18612-3 0  9995
2 50480  87.9214 325.4390 0001974  95.7770 264.3587 13.18686984228249
ONEWEB-0401             
1 50481U 21132N   26218.28450981  .00000079  00000+0  16867-3 0  9999
2 50481  87.9213 325.4878 0002062 107.5279 252.6078 13.18687595228216
ONEWEB-0402             
1 50482U 21132P   26218.55093627  .00000093  00000+0  20272-3 0  9991
2 50482  87.9212 325.4234 0002128 113.3303 246.8053 13.18686042228278
ONEWEB-0403             
1 50483U 21132Q   26218.57621151  .00000032  00000+0  48253-4 0  9996
2 50483  87.9211 325.4425 0001803 100.5794 259.5541 13.18687500228230
ONEWEB-0404             
1 50484U 21132R   26218.45847048 -.00000368  00000+0 -10744-2 0  9995
2 50484  87.8915  11.0603 0001513  90.5166 269.6135 13.11418792222284
ONEWEB-0405             
1 50485U 21132S   26218.58971270  .00000027  00000+0  36218-4 0  9991
2 50485  87.9218 325.4262 0002134  88.3831 271.7546 13.18686587228630
ONEWEB-0406             
1 50486U 21132T   26218.58126137 -.00000159  00000+0 -43707-3 0  9994
2 50486  87.9207 325.4411 0001407  98.4537 261.6755 13.18686619228267
ONEWEB-0407             
1 50487U 21132U   26218.34691044  .00000001  00000+0 -30545-4 0  9995
2 50487  87.9213 325.4818 0002156 101.0628 259.0747 13.18685176228179
ONEWEB-0409             
1 50488U 21132V   26218.45677328 -.00000502  00000+0 -14514-2 0  9990
2 50488  87.8919  11.0507 0001594  88.2779 271.8531 13.11418408222175
ONEWEB-0412             
1 50489U 21132W   26218.33508833 -.00000070  00000+0 -20983-3 0  9990
2 50489  87.9205 325.4910 0002063 109.4349 250.7007 13.18687388228268
ONEWEB-0413             
1 50490U 21132X   26218.34016547  .00000015  00000+0  43355-5 0  9996
2 50490  87.9213 325.4862 0002192 106.6900 253.4473 13.18685971228207
ONEWEB-0414             
1 50491U 21132Y   26218.55260088  .00000109  00000+0  24348-3 0  9994
2 50491  87.9213 325.4298 0001922 105.7362 254.3982 13.18684685228265
ONEWEB-0417             
1 50492U 21132Z   26218.33342324  .00000043  00000+0  77559-4 0  9995
2 50492  87.9206 325.4888 0001714  98.2325 261.9002 13.18685317228212
ONEWEB-0418             
1 50493U 21132AA  26218.34338941  .00000047  00000+0  86446-4 0  9996
2 50493  87.9207 325.4887 0001695  96.8691 263.2634 13.18686847228272
ONEWEB-0419             
1 50494U 21132AB  26218.36274857  .00000031  00000+0  46245-4 0  9990
2 50494  87.9211 325.4869 0001854  93.2453 266.8891 13.18667315228196
ONEWEB-0420             
1 50495U 21132AC  26218.55431027  .00000092  00000+0  20079-3 0  9999
2 50495  87.9203 325.4471 0002172 100.4925 259.6452 13.18685889228218
ONEWEB-0421             
1 50496U 21132AD  26218.31993238  .00000096  00000+0  21198-3 0  9998
2 50496  87.9203 325.4918 0001853 111.4593 248.6737 13.18687554228229
ONEWEB-0424             
1 50497U 21132AE  26218.58463766  .00000005  00000+0 -19800-4 0  9995
2 50497  87.9210 325.4402 0001940  89.6784 270.4571 13.18687922228285
ONEWEB-0426             
1 50498U 21132AF  26218.31572023  .00000097  00000+0  21303-3 0  9994
2 50498  87.9211 325.4847 0001291 112.3146 247.8123 13.18687022228197
ONEWEB-0427             
1 50499U 21132AG  26218.58295206  .00000025  00000+0  31217-4 0  9996
2 50499  87.9214 325.4214 0001742 100.0946 260.0383 13.18688053228259
ONEWEB-0429             
1 50500U 21132AH  26218.56948009  .00000072  00000+0  15030-3 0  9999
2 50500  87.9204 325.4445 0002081 100.7001 259.4365 13.18685645228226
ONEWEB-0430             
1 50501U 21132AJ  26218.33004677  .00000085  00000+0  18233-3 0  9991
2 50501  87.9202 325.4906 0002202  98.9855 261.1527 13.18685389228233
ONEWEB-0432             
1 50502U 21132AK  26218.54066821  .00000126  00000+0  28791-3 0  9990
2 50502  87.9214 325.4368 0002178  89.2430 270.8951 13.18688423228211
ONEWEB-0440             
1 50503U 21132AL  26218.35028461 -.00000032  00000+0 -11268-3 0  9997
2 50503  87.9211 325.4864 0002086 108.1801 251.9558 13.18685705228180
ONEWEB-0450             
1 50504U 21132AM  26218.34365477 -.00000170  00000+0 -46330-3 0  9999
2 50504  87.9202 325.4879 0002129 100.2301 259.9072 13.18685532228214
TIANHUI 4A              
1 50572U 21134A   26218.62387516  .00003966  00000+0  77505-4 0  9998
2 50572  88.9734 315.5471 0005980 210.1847 149.9070 15.47143952257668
TIANHUI 4B              
1 50573U 21134B   26218.62423159  .00004140  00000+0  80945-4 0  9990
2 50573  88.9731 315.5258 0005391 215.6618 144.4282 15.47145815257633
ION SCV-004             
1 50993U 22002K   26218.57161464  .00003112  00000+0  10666-3 0  9993
2 50993  97.2798 275.2881 0007856 161.2395 198.9138 15.30909879253006
HYPSO-1                 
1 51053U 22002BX  26217.50755376  .00075616  00000+0  43122-3 0  9995
2 51053  97.2768 300.8408 0002639 159.4216 200.7158 15.78706435254679
ETV-A1                  
1 51060U 22002CE  26218.65746431  .00006876  00000+0  16501-3 0  9995
2 51060  97.2841 284.8417 0006069 146.9545 213.2082 15.41675562253611
BRO-5                   
1 51061U 22002CF  26218.65151816  .00008444  00000+0  15490-3 0  9992
2 51061  97.2962 292.8478 0007048 131.5564 228.6293 15.49506383254067
SHIYAN-13 (SY-13)       
1 51102U 22004A   26218.63399414  .00002829  00000+0  19009-3 0  9997
2 51102  98.4570 236.4748 0604002  44.5669 320.2473 14.20667368234456
LUDI TANCE 1-01A (L-SA*)
1 51284U 22007A   26218.60133691  .00000338  00000+0  42298-4 0  9991
2 51284  97.8125 225.3083 0001615  91.1235 269.0167 14.88415377245977
CSG-2                   
1 51444U 22008A   26218.71799284  .00000028  00000+0  10031-4 0  9994
2 51444  97.8909  41.5880 0001559  84.4822 275.6568 14.82159047244073
ONEWEB-0410             
1 51622U 22012A   26218.41109416  .00000062  00000+0  12785-3 0  9991
2 51622  87.9181 355.8758 0000528  96.6646 263.4545 13.17648385220318
ONEWEB-0411             
1 51623U 22012B   26218.48561982 -.00000323  00000+0 -96240-3 0  9999
2 51623  87.8838  26.2453 0002284  86.2509 273.8880 13.10369783215879
ONEWEB-0415             
1 51624U 22012C   26218.48224048 -.00000200  00000+0 -60859-3 0  9990
2 51624  87.8833  26.2429 0001966  84.2448 275.8903 13.10370158215870
ONEWEB-0416             
1 51625U 22012D   26218.49409917 -.00000610  00000+0 -17836-2 0  9993
2 51625  87.8826  26.2558 0001892  80.3475 279.7866 13.10372199215914
ONEWEB-0422             
1 51626U 22012E   26218.42121427  .00000048  00000+0  91691-4 0  9990
2 51626  87.9174 355.8725 0002412 105.5290 254.6108 13.17649006220427
ONEWEB-0423             
1 51627U 22012F   26218.41446162  .00000063  00000+0  12856-3 0  9998
2 51627  87.9175 355.8774 0001741  98.6380 261.4949 13.17649757220319
ONEWEB-0425             
1 51628U 22012G   26218.50428376 -.00000482  00000+0 -14176-2 0  9999
2 51628  87.8835  26.2388 0001389  85.9969 274.1318 13.10374200215914
ONEWEB-0428             
1 51629U 22012H   26218.48392256 -.00000259  00000+0 -77898-3 0  9997
2 51629  87.8827  26.2486 0001816  92.2443 267.8892 13.10369195215876
ONEWEB-0431             
1 51630U 22012J   26218.45326590  .00000731  00000+0  20590-2 0  9993
2 51630  87.8834  26.2487 0002384  84.9195 275.2205 13.10374739215927
ONEWEB-0434             
1 51631U 22012K   26218.50781381 -.00000332  00000+0 -98697-3 0  9996
2 51631  87.8838  26.2645 0001213  94.8610 265.2656 13.10374664215915
ONEWEB-0435             
1 51632U 22012L   26218.51448259  .00000076  00000+0  18002-3 0  9997
2 51632  87.8835  26.2457 0002132  94.9697 265.1673 13.10376868215906
ONEWEB-0436             
1 51633U 22012M   26218.40602205  .00000136  00000+0  31813-3 0  9991
2 51633  87.9184 355.8642 0002035 102.8724 257.2635 13.17649026220298
ONEWEB-0438             
1 51634U 22012N   26218.49919882 -.00000695  00000+0 -20284-2 0  9994
2 51634  87.8830  26.2529 0001596  88.4979 271.6331 13.10374155215930
ONEWEB-0439             
1 51635U 22012P   26218.50262208 -.00005180  00000+0 -14890-1 0  9999
2 51635  87.8835  26.2404 0001578 104.2194 255.9109 13.10343969215919
ONEWEB-0442             
1 51636U 22012Q   26218.39842835  .00000041  00000+0  71213-4 0  9991
2 51636  87.9176 355.8943 0001270  93.6543 266.4734 13.17648537220289
ONEWEB-0443             
1 51637U 22012R   26218.41784410  .00000075  00000+0  15982-3 0  9996
2 51637  87.9175 355.8919 0001793 108.0777 252.0550 13.17648991220339
ONEWEB-0444             
1 51638U 22012S   26218.49241447 -.00000599  00000+0 -17531-2 0  9997
2 51638  87.8834  26.2410 0001804  97.8404 262.2928 13.10371852215924
ONEWEB-0445             
1 51639U 22012T   26218.51278037 -.00000063  00000+0 -21645-3 0  9994
2 51639  87.8842  26.2282 0001796  86.7693 273.3640 13.10376390215935
ONEWEB-0446             
1 51640U 22012U   26218.49071860 -.00000496  00000+0 -14564-2 0  9999
2 51640  87.8830  26.2581 0001790  80.6806 279.4524 13.10371744215913
ONEWEB-0448             
1 51641U 22012V   26218.49580630 -.00000605  00000+0 -17704-2 0  9991
2 51641  87.8829  26.2519 0001786  92.1096 268.0235 13.10372592215888
ONEWEB-0449             
1 51642U 22012W   26218.42453991 -.00000553  00000+0 -16217-2 0  9994
2 51642  87.8836  26.2546 0001247  80.8398 279.2870 13.10374782215880
ONEWEB-0451             
1 51643U 22012X   26218.40265361  .00000098  00000+0  22038-3 0  9996
2 51643  87.9181 355.8634 0001638  98.1194 262.0123 13.17648766220277
ONEWEB-0452             
1 51644U 22012Y   26218.40095254  .00000014  00000+0  31567-5 0  9996
2 51644  87.9171 355.8956 0001717 107.3858 252.7462 13.17647935220282
ONEWEB-0456             
1 51646U 22012AA  26218.50938348 -.00000191  00000+0 -58441-3 0  9995
2 51646  87.8847  26.2288 0001904  94.3277 265.8068 13.10376164215937
ONEWEB-0457             
1 51647U 22012AB  26218.48718716 -.00000407  00000+0 -12027-2 0  9997
2 51647  87.8831  26.2463 0001695  80.0642 280.0677 13.10370900215938
ONEWEB-0458             
1 51648U 22012AC  26218.50854215 -.00000306  00000+0 -91148-3 0  9996
2 51648  87.8837  26.2312 0001648  96.6881 263.4434 13.10375719215898
ONEWEB-0461             
1 51649U 22012AD  26218.42290777  .00000011  00000+0 -38983-5 0  9997
2 51649  87.9176 355.8730 0001797  92.9559 267.1778 13.17648545220500
ONEWEB-0463             
1 51650U 22012AE  26218.40434329  .00000076  00000+0  16151-3 0  9991
2 51650  87.9175 355.8944 0001831  91.5297 268.6045 13.17649064220286
ONEWEB-0464             
1 51651U 22012AF  26218.50599237 -.00000305  00000+0 -91124-3 0  9993
2 51651  87.8832  26.2514 0001869 100.9229 259.2109 13.10376621215919
ONEWEB-0468             
1 51652U 22012AG  26218.51107399 -.00000229  00000+0 -69325-3 0  9992
2 51652  87.8832  26.2435 0001890  98.0949 262.0392 13.10375420215891
ONEWEB-0473             
1 51653U 22012AH  26218.49749807 -.00000612  00000+0 -17903-2 0  9996
2 51653  87.8827  26.2482 0001887  92.1370 267.9974 13.10372408215890
ONEWEB-0474             
1 51654U 22012AJ  26218.48902178 -.00000483  00000+0 -14205-2 0  9996
2 51654  87.8838  26.2390 0001878 101.3797 258.7542 13.10371408215884
ONEWEB-0475             
1 51655U 22012AK  26218.41615328  .00000003  00000+0 -26441-4 0  9992
2 51655  87.9177 355.8859 0002144 115.0689 245.0665 13.17649375220308
EOS-4                   
1 51656U 22013A   26218.37129466  .00001356  00000+0  81052-4 0  9992
2 51656  97.5128 224.2573 0001849  85.9200 274.2242 15.12734898247079
LUDI TANCE 1-01B (L-SA*)
1 51822U 22018A   26218.63494517  .00000371  00000+0  45894-4 0  9993
2 51822  97.8129 225.3410 0001620  89.3226 270.8176 14.88417630241215
2022-023A               
1 51946U 22023A   26218.36638623  .00012703  00000+0  53330-3 0  9999
2 51946  63.4820 100.0776 0112122 345.6600  14.1337 15.18182314245334
2022-023B               
1 51947U 22023B   26218.62653300  .00013711  00000+0  58280-3 0  9997
2 51947  63.4819  98.5831 0106718 349.8275  10.0676 15.18228396245370
2022-023C               
1 51948U 22023C   26218.43560245  .00013668  00000+0  57819-3 0  9990
2 51948  63.4896 100.7062 0109552 351.9796   7.9560 15.18125801245340
2022-023D               
1 51949U 22023D   26218.65153838  .00015095  00000+0  59270-3 0  9990
2 51949  63.4466 100.2080 0131292 354.2569   5.7030 15.18245698245377
2022-023E               
1 51950U 22023E   26218.63755601 -.00000041  00000+0  67111-4 0  9996
2 51950  63.4596 181.6565 0164371 348.4002  11.3261 13.56292557228876
2022-023F               
1 51951U 22023F   26218.67333216  .00011321  00000+0  44874-3 0  9997
2 51951  63.4471 101.8557 0132833 341.6408  17.9933 15.17981982245375
YAOGAN-34 02            
1 52084U 22027A   26218.63896326 -.00000081  00000+0  15300-4 0  9996
2 52084  63.3959  71.4929 0056381 354.5838   5.4572 13.45439539215701
TK-2                    
1 52150U 22031A   26218.63896385  .00002153  00000+0  16101-3 0  9990
2 52150  97.8295  55.3745 0014728 318.9044  41.1071 15.03794816238040
PUJIANG 2 (PJ-2)        
1 52151U 22031B   26218.59473223  .00000420  00000+0  44475-4 0  9999
2 52151  97.8628  44.1925 0012737  40.9784 319.2390 14.94365717237324
TIANPING 2A             
1 52153U 22032A   26218.73645473  .00000861  00000+0  78951-4 0  9991
2 52153  97.5846 254.9700 0011115  19.7185 340.4465 14.97342607237409
TIANPING 2B             
1 52155U 22032C   26218.73532093  .00001892  00000+0  14876-3 0  9996
2 52155  97.5836 262.8308 0022177   1.1313 358.9958 15.01862864237869
TIANPING 2C             
1 52156U 22032D   26218.73182538  .00001102  00000+0  68630-4 0  9994
2 52156  97.5798 270.6732 0006006 359.9727   0.1501 15.11661217238480
OMNI-L1                 
1 52157U 22033A   26218.18133296  .00001207  00000+0  15528-3 0  9995
2 52157  97.8374 296.3872 0006645 116.4247 243.7649 14.82915619234867
GNOMES-3                
1 52158U 22033B   26218.16190521  .00001217  00000+0  14789-3 0  9997
2 52158  97.8206 293.5764 0011687 153.1691 207.0131 14.85248334234757
ENMAP                   
1 52159U 22033C   26218.63827726  .00000106  00000+0  23180-4 0  9996
2 52159  97.9771 300.1663 0001269  92.1702 267.9652 14.74956082234093
ARCSAT-1                
1 52161U 22033E   26218.15205942  .00007219  00000+0  11006-3 0  9991
2 52161  97.2741 311.2078 0004995  33.2673 326.8895 15.54774565243469
NUSAT-26 (M SOMERVILLE) 
1 52184U 22033AD  26218.62696931  .00013612  00000+0  29964-3 0  9996
2 52184  97.2314 297.3716 0006731  71.5075 288.6905 15.44051845112486
GLOBAL-18               
1 52196U 22034B   26218.44690961  .00013815  00000+0  26647-3 0  9997
2 52196  52.9821  16.1120 0004648  70.6130 289.5378 15.48145059244747
GAOFEN-3 03             
1 52200U 22035A   26218.59807675  .00000010  00000+0  16376-4 0  9994
2 52200  98.4084 226.4498 0001694  72.8536 287.2839 14.42213138228112
COSMOS 2554             
1 52202U 22036A   26218.68433024 -.00000050  00000+0  17857-4 0  9990
2 52202  67.1468 105.9654 0004885 267.2758  92.7767 13.96679472221004
DAQI-1                  
1 52257U 22039A   26218.59749178  .00000017  00000+0  13544-4 0  9994
2 52257  98.1485 156.4096 0005020  93.5374 266.6399 14.57703657229286
SUPERVIEW NEO-1 01      
1 52320U 22043A   26218.61413594  .00002811  00000+0  14589-3 0  9996
2 52320  97.3376 289.7851 0003422 102.8829 257.2787 15.16919822237206
SUPERVIEW NEO-1 02      
1 52322U 22043C   26218.64770773  .00002461  00000+0  12827-3 0  9990
2 52322  97.3372 289.8257 0003047 127.0701 233.0812 15.16875166237221
BRO-6                   
1 52422U 22047AE  26218.60951459  .00030260  00000+0  46177-3 0  9996
2 52422  97.3372 310.7627 0004858 214.3391 145.7550 15.54390635238979
JILIN-1 KUANFU 01C      
1 52443U 22048A   26218.53698890  .00001505  00000+0  96952-4 0  9996
2 52443  97.5231 294.7873 0019326 143.6249 216.6298 15.09712607234794
JILIN-1 GAOFEN 3D27     
1 52444U 22048B   26218.60748152  .00222001  20761-4  64213-3 0  9993
2 52444  97.5713 337.7241 0005926 225.2785 134.8007 15.92977260237455
JILIN-1 GAOFEN 3D28     
1 52445U 22048C   26218.56481490  .00436219  88386-4  69497-3 0  9992
2 52445  97.5735 338.2170 0008471 250.9234 109.1129 16.03655776237525
JILIN-1 GAOFEN 3D29     
1 52446U 22048D   26218.58887783  .00223221  21045-4  63507-3 0  9992
2 52446  97.5732 338.0786 0005048 231.8214 128.2606 15.93302982237479
JILIN-1 GAOFEN 3D31     
1 52448U 22048F   26218.61352919  .05114711  26291-5  64861-3 0  9997
2 52448  97.5690 340.1299 0014526 272.1283  87.8350 16.35650724237622
COSMOS 2556             
1 52713U 22054A   26218.77487569  .00001523  00000+0  61610-4 0  9991
2 52713  97.6316 169.5299 0001225  77.8915 282.2460 15.26334079234452
2022-056B               
1 52717U 22056B   26218.62449400 -.00000215  00000+0 -49294-3 0  9995
2 52717  86.0039  79.3715 0042819 263.1981  96.4282 13.29593271205017
GHGSAT-C3               
1 52737U 22057F   26218.57625377  .00003938  00000+0  11878-3 0  9991
2 52737  97.6659   6.1616 0004539 311.7388  48.3466 15.34929097233266
GHGSAT-C5               
1 52744U 22057N   26218.61593741  .00003893  00000+0  11754-3 0  9996
2 52744  97.6746   7.8342 0005321 306.9724  53.1031 15.34905158233270
GHGSAT-C4               
1 52746U 22057Q   26218.72755991  .00003824  00000+0  11546-3 0  9990
2 52746  97.6585   5.0989 0004590 288.7247  71.3497 15.34916776233292
HAWK-5C                 
1 52754U 22057Y   26218.45621679  .00010707  00000+0  17304-3 0  9990
2 52754  97.6643  21.4446 0002787 232.5049 127.5950 15.53056353234149
HAWK-5B                 
1 52756U 22057AA  26218.39162109  .00010681  00000+0  17262-3 0  9997
2 52756  97.6657  19.7330 0003683 227.8008 132.2932 15.53054089234132
HAWK-5A                 
1 52757U 22057AB  26218.45583929  .00010793  00000+0  17440-3 0  9994
2 52757  97.6651  20.6307 0003479 230.1038 129.9908 15.53056446234141
VIGORIDE-3              
1 52760U 22057AE  26218.39534186  .00003227  00000+0  12188-3 0  9990
2 52760  97.6667 359.7367 0007042 314.6557  45.4107 15.27753255232827
ION SCV-006             
1 52761U 22057AF  26218.39655249  .00006861  00000+0  14021-3 0  9990
2 52761  97.6159   9.4874 0015225 293.6175  66.3475 15.46388619233875
SHERPA-AC1              
1 52763U 22057AH  26218.40547726  .00004415  00000+0  12474-3 0  9997
2 52763  97.6749   9.7683 0005972 273.5446  86.5115 15.36910464233412
OMNI-L2                 
1 52771U 22057AR  26218.57787652  .00000777  00000+0  10519-3 0  9993
2 52771  97.4681 277.5442 0007625 147.7388 212.4294 14.81487274227852
GEESAT-1 01             
1 52785U 22058A   26218.57551905  .00000955  00000+0  14863-3 0  9993
2 52785  49.9951 329.7490 0022161  95.1605 265.1862 14.81544710227408
GEESAT-1 02             
1 52786U 22058B   26218.59031583  .00000965  00000+0  14981-3 0  9993
2 52786  50.0022 329.9920 0022684  85.1309 275.2218 14.81550294227402
GEESAT-1 03             
1 52787U 22058C   26218.55321443  .00000944  00000+0  14717-3 0  9991
2 52787  49.9889 328.7345 0008192 295.4418  64.5671 14.81537879227400
GEESAT-1 04             
1 52788U 22058D   26218.76236868  .00000923  00000+0  14449-3 0  9990
2 52788  50.0061 329.5017 0009544 341.0659  18.9922 14.81558440227429
GEESAT-1 05             
1 52789U 22058E   26218.61657548  .00002076  00000+0  18095-3 0  9999
2 52789  49.9875 300.5617 0002916 318.2901  41.7822 15.01046850227789
GEESAT-1 06             
1 52790U 22058F   26218.59748512  .00000834  00000+0  13300-3 0  9994
2 52790  50.0070 330.1077 0033311 339.0760  20.8813 14.81568479227407
GEESAT-1 07             
1 52791U 22058G   26218.54525075  .00000926  00000+0  14489-3 0  9998
2 52791  49.9904 328.8818 0012676 286.9738  72.9810 14.81547096227399
GEESAT-1 08             
1 52792U 22058H   26218.56780274  .00001003  00000+0  15464-3 0  9996
2 52792  49.9952 328.8559 0019889 123.8421 236.4413 14.81550437227407
GEESAT-1 09             
1 52793U 22058J   26218.58323465  .00002030  00000+0  17799-3 0  9998
2 52793  49.9980 301.8942 0006492   3.8060 356.2934 15.00914195227819
GLOBALSTAR M087         
1 52888U 22064A   26218.52351572 -.00000087  00000+0  95221-4 0  9992
2 52888  51.9988 269.2098 0000619 105.9597 254.1338 12.62262484197494
PVSAT                   
1 52894U 22065A   26218.37796495  .00000164  00000+0  44377-4 0  9991
2 52894  98.2353 357.3755 0008542 215.1685 144.8952 14.59569805219672
KSLV-II DUMMY           
1 52895U 22065B   26218.31783970  .00000018  00000+0  13846-4 0  9995
2 52895  98.2413 357.7444 0007173 235.7372 124.3148 14.58697929219666
STEP CUBE LAB-II        
1 52897U 22065D   26218.59850933  .00000666  00000+0  13812-3 0  9992
2 52897  98.2297   2.3656 0007630 220.5969 139.4664 14.63374071218876
RANDEV                  
1 52898U 22065E   26218.58621229  .00000691  00000+0  14176-3 0  9998
2 52898  98.2283   2.7272 0006915 220.5815 139.4872 14.63764713218625
SNUGLITE-II             
1 52899U 22065F   26218.38914072  .00000598  00000+0  12228-3 0  9990
2 52899  98.2267   3.1510 0006639 218.0502 142.0232 14.64430423218344
MIMAN                   
1 52900U 22065G   26218.35626108  .00000344  00000+0  78204-4 0  9996
2 52900  98.2327   0.6055 0006700 221.7234 138.3456 14.61892883217773
YAOGAN-35 02A           
1 52907U 22068A   26218.36311300  .00003678  00000+0  14621-3 0  9997
2 52907  34.9911 182.2483 0010897 177.5140 182.5631 15.24722766229551
YAOGAN-35 02B           
1 52908U 22068B   26218.63971748  .00072922  00000+0  60207-3 0  9995
2 52908  34.9932  80.1549 0005770 320.4366  39.5941 15.69082126230608
GAOFEN-12 03            
1 52912U 22069A   26218.62200987 -.00000038  00000+0  16734-5 0  9998
2 52912  97.8201 105.2044 0001709  49.0527 311.0833 14.80105477222077
DS-EO                   
1 52935U 22072A   26218.66487505  .00004003  00000+0  16891-3 0  9991
2 52935   9.9924 166.0058 0004101 327.0540  32.9419 15.14215116226175
POEM                    
1 52939U 22072E   26217.74242551  .00004987  00000+0  15708-3 0  9990
2 52939   9.9523  53.8014 0023538 216.8729 142.9866 15.24613611227080
SUPERVIEW NEO-2 01      
1 53128U 22082A   26218.57808994  .00000903  00000+0  39598-4 0  9991
2 53128  97.3943 227.8824 0001688  89.7906 270.3525 15.24502876225880
SUPERVIEW NEO-2 02      
1 53130U 22082C   26218.60141237  .00002191  00000+0  92013-4 0  9990
2 53130  97.3946 227.9612 0001740  89.2331 270.9106 15.24502929225899
CSS (WENTIAN)           
1 53239U 22085A   26218.51587176  .00011813  00000+0  15232-3 0  9997
2 53239  41.4697  16.4750 0001031 270.3877  89.6843 15.58852378288230
YAOGAN-35 03B           
1 53318U 22088C   26218.45539413  .00003547  00000+0  13801-3 0  9997
2 53318  34.9870 251.5114 0011355 117.5055 242.6815 15.25448245224029
YAOGAN-35 03C           
1 53320U 22088E   26218.31652755  .00024929  00000+0  44932-3 0  9996
2 53320  34.9934 184.9983 0003124 241.1283 118.9126 15.48800815224703
COSMOS 2558             
1 53323U 22089A   26217.88892877  .00166733  11962-4  59023-3 0  9993
2 53323  97.2199 324.4264 0004229 227.5906 132.5009 15.89040802225688
TECMS                   
1 53346U 22090A   26218.73847296  .00002148  00000+0  98850-4 0  9997
2 53346  97.3105 285.4035 0004119  27.3801 332.7651 15.21369835222490
KHAYYAM                 
1 53370U 22096A   26218.71878125 -.00059203  00000+0 -23300-2 0  9995
2 53370  97.3381 122.0419 0001629 110.4123 249.7290 15.25863718222296
DONGPO 07               
1 53444U 22098A   26218.33709872  .00111913  00000+0  52126-3 0  9993
2 53444  97.5595 353.7381 0003804 192.0239 168.0940 15.83029580222659
JILIN-1 GAOFEN 03D09    
1 53445U 22098B   26218.62726822  .00065446  00000+0  45966-3 0  9993
2 53445  97.5648 352.3679 0003377 184.9255 175.1977 15.73970232222542
2022-098C               
1 53446U 22098C   26218.22534816  .00072576  00000+0  48426-3 0  9996
2 53446  97.5681 352.7298 0003061 196.1527 163.9641 15.75140609222506
JILIN-1 GAOFEN 03D43    
1 53448U 22098E   26218.60765506  .00090644  00000+0  51761-3 0  9994
2 53448  97.5637 353.6535 0003395 188.5911 171.5297 15.78627403222625
DONGPO 05               
1 53449U 22098F   26218.64535522  .00467746  10555-3  65350-3 0  9992
2 53449  97.5460 356.4860 0005753 250.0182 110.0479 16.05876513222884
DONGPO 02               
1 53452U 22098J   26218.63012583  .00160094  00000+0  56554-3 0  9994
2 53452  97.5575 354.7093 0003048 214.0235 146.0841 15.88667356222760
DONGPO 01               
1 53453U 22098K   26218.59111751  .00133697  00000+0  58885-3 0  9995
2 53453  97.5632 354.9936 0002073 220.1580 139.9536 15.84170688222700
YAOGAN-35 04A           
1 53522U 22100A   26218.66352535  .00004882  00000+0  20379-3 0  9991
2 53522  35.0102  94.4268 0005371  13.7754 346.3107 15.23039706220965
YAOGAN-35 04B           
1 53524U 22100C   26218.74871795  .00007812  00000+0  21108-3 0  9993
2 53524  35.0013  62.4984 0004222  10.1951 349.8853 15.36977529113013
YAOGAN-35 04C           
1 53526U 22100E   26218.17438572  .00004843  00000+0  20618-3 0  9990
2 53526  34.9941 122.0536 0008030 154.8183 205.2924 15.22353766220584
CHUANGXIN 16A (CX-16A)  
1 53586U 22102A   26214.18352037  .00002019  00000+0  12436-3 0  9998
2 53586  28.9962  24.9273 0004931 136.4146 223.6844 15.06067552216469
BEIJING-3B              
1 53587U 22103A   26218.74785453  .00000637  00000+0  76938-4 0  9990
2 53587  97.7990 295.2717 0023855 243.0449 116.8330 14.86975407214609
YAOGAN-33 02            
1 53698U 22106A   26218.74900484  .00000075  00000+0  25878-4 0  9992
2 53698  98.1833 225.8568 0002377  37.5002 322.6363 14.58741383209096
SHERPA-LTC2             
1 53754U 22107BG  26218.57218153  .00001870  00000+0  10798-3 0  9990
2 53754  53.2369   6.9779 0393911   7.3795 353.2750 14.70057678209954
CENTISPACE-1 S3         
1 53757U 22108A   26218.54907358  .00000022  00000+0  42598-4 0  9995
2 53757  53.5312 207.0004 0010598 115.2795 244.9280 14.61296881208896
CENTISPACE-1 S4         
1 53758U 22108B   26218.57809225  .00000062  00000+0  49983-4 0  9992
2 53758  53.5288 204.1579 0010228 104.3719 255.8392 14.61983827208932
YAOGAN-35 05A           
1 53760U 22109A   26217.74719549  .00005801  00000+0  24004-3 0  9995
2 53760  35.0080  27.2624 0001658  88.1731 271.9174 15.23297502218176
YAOGAN-35 05B           
1 53761U 22109B   26218.72518718  .00013788  00000+0  32622-3 0  9998
2 53761  34.9790 343.0492 0004556 299.9544  60.0724 15.40922635218662
YAOGAN-35 05C           
1 53763U 22109D   26218.74665873  .00004961  00000+0  20027-3 0  9996
2 53763  34.9922  38.5933 0003681 352.9745   7.0918 15.24160660218095
BLUEWALKER-3            
1 53807U 22111AL  26218.06841579  .00004023  00000+0  11326-3 0  9993
2 53807  53.2279 159.6888 0005622 350.9532   9.1371 15.38853894217881
STRIX-1                 
1 53815U 22113A   26218.64260679  .00015046  00000+0  35475-3 0  9992
2 53815  97.4454 281.6336 0004718  74.5815 285.5953 15.41993404215214
CHUANGXIN 16B (CX-16B)  
1 53876U 22102B   26214.20621252  .00049153  00000+0  85966-3 0  9999
2 53876  28.9889 230.7399 0002206 165.9887 194.0785 15.49263753213849
YUNHAI-1 03             
1 53877U 22115A   26218.60945190  .00000236  00000+0  10274-3 0  9991
2 53877  98.5570 216.1234 0003470 254.7632 105.3169 14.32750679202731
YAOGAN-36 01A           
1 53943U 22120A   26218.64610759  .00004691  00000+0  18793-3 0  9998
2 53943  34.9927 326.9088 0004187  92.5382 267.5812 15.24433496215016
YAOGAN-36 01C           
1 53947U 22120E   26218.57615042  .00007698  00000+0  19103-3 0  9990
2 53947  35.0031 273.6251 0003267 249.5083 110.5286 15.39589491215563
CENTISPACE-1 S5         
1 54020U 22126A   26218.57296458  .00000476  00000+0  12859-3 0  9993
2 54020  55.0001  11.3185 0012747 170.0213 190.1037 14.63094348204412
CENTISPACE-1 S6         
1 54021U 22126B   26218.59156746  .00000304  00000+0  96786-4 0  9993
2 54021  55.0003  13.3476 0014483 171.7998 188.3235 14.62346229204378
OTB-3-GAZELLE           
1 54023U 22127A   26218.55066748  .00000085  00000+0  38629-4 0  9992
2 54023  98.3983 209.4970 0014007  41.2361 318.9884 14.42691290201626
ASO-S                   
1 54029U 22129A   26218.76298106  .00000106  00000+0  37224-4 0  9992
2 54029  98.2778 223.1245 0013136 300.4894  59.5003 14.52084077202761
HJ-2E                   
1 54035U 22132A   26218.75550578  .00004733  00000+0  20341-3 0  9997
2 54035  97.3824 222.2487 0019849 185.7444 174.3568 15.22970995212113
YAOGAN-36 02A           
1 54042U 22133A   26218.26450922  .00005216  00000+0  21545-3 0  9998
2 54042  35.0055 164.8924 0026837 298.0840  61.7162 15.23046884212397
YAOGAN-36 02B           
1 54043U 22133B   26218.24440288  .00007447  00000+0  22518-3 0  9990
2 54043  34.9954 150.6105 0004385 213.7820 146.2619 15.33467377212531
YAOGAN-36 02C           
1 54045U 22133D   26218.13688863  .00029689  00000+0  46293-3 0  9991
2 54045  34.9879 105.8975 0010648 319.0069  40.9854 15.52773616212987
COSMOS 2561             
1 54109U 22137A   26214.19034473  .00011611  00000+0  18870-3 0  9996
2 54109  96.9142 271.4977 0009280 202.2696 157.8157 15.52796611213480
ONEWEB-0490             
1 54113U 22138A   26218.24948756  .00000016  00000+0  85114-5 0  9994
2 54113  87.9176 295.0024 0002231  99.8933 260.2452 13.19725230183438
ONEWEB-0492             
1 54114U 22138B   26218.57802852 -.00000062  00000+0 -18657-3 0  9996
2 54114  87.9174 294.9352 0002270  95.0916 265.0476 13.19724344183480
ONEWEB-0495             
1 54115U 22138C   26218.48007852 -.00000053  00000+0 -16357-3 0  9999
2 54115  87.9169 294.9573 0002697 104.2418 255.9015 13.19724220183450
ONEWEB-0497             
1 54116U 22138D   26218.49273433  .00000016  00000+0  66348-5 0  9995
2 54116  87.9175 294.9501 0002132 100.0541 260.0832 13.19724890183440
ONEWEB-0499             
1 54117U 22138E   26218.24870327  .00000071  00000+0  14535-3 0  9994
2 54117  87.9171 295.0048 0002247 103.4253 256.7130 13.19725455183428
ONEWEB-0500             
1 54118U 22138F   26218.25105251  .00000044  00000+0  78365-4 0  9995
2 54118  87.9178 295.0016 0002040  95.9706 264.1659 13.19726761183431
ONEWEB-0501             
1 54119U 22138G   26218.58433093  .00000046  00000+0  82157-4 0  9996
2 54119  87.9180 294.9352 0002447 102.6631 257.4775 13.19727608183457
ONEWEB-0502             
1 54120U 22138H   26218.57012637  .00000023  00000+0  26035-4 0  9992
2 54120  87.9181 294.9277 0002208 104.6124 255.5253 13.19725059183470
ONEWEB-0503             
1 54121U 22138J   26218.25580780  .00000082  00000+0  17196-3 0  9999
2 54121  87.9182 294.9972 0001855 103.9128 256.2211 13.19725693183428
ONEWEB-0504             
1 54122U 22138K   26218.24314843  .00000056  00000+0  10804-3 0  9994
2 54122  87.9178 295.0032 0002193 104.6829 255.4547 13.19723647183436
ONEWEB-0505             
1 54123U 22138L   26218.24001410  .00000073  00000+0  15116-3 0  9998
2 54123  87.9176 295.0040 0002452 105.6551 254.4853 13.19724806183410
ONEWEB-0506             
1 54124U 22138M   26218.74545639 -.00000056  00000+0 -17243-3 0  9996
2 54124  87.9183 294.9019 0002348 103.2430 256.8965 13.19725891183478
ONEWEB-0507             
1 54125U 22138N   26218.61435206  .00000068  00000+0  13733-3 0  9992
2 54125  87.9171 294.9355 0002232 100.4539 259.6845 13.19724937183502
ONEWEB-0508             
1 54126U 22138P   26218.61117841 -.00000027  00000+0 -99178-4 0  9990
2 54126  87.9170 294.9354 0002505  99.5360 260.6056 13.19726922183483
ONEWEB-0509             
1 54127U 22138Q   26218.58592338 -.00000066  00000+0 -19620-3 0  9991
2 54127  87.9178 294.9351 0002191 100.3325 259.8055 13.19725708183459
ONEWEB-0510             
1 54128U 22138R   26218.58602660 -.00000067  00000+0 -19616-3 0  9998
2 54128  87.9160 264.3904 0001579  91.4370 268.6945 13.20774034185934
ONEWEB-0511             
1 54129U 22138S   26218.58277012 -.00000060  00000+0 -18110-3 0  9999
2 54129  87.9177 294.9363 0002001 107.2663 252.8689 13.19724664183483
ONEWEB-0512             
1 54130U 22138T   26218.57486577 -.00000693  00000+0 -17623-2 0  9997
2 54130  87.9172 294.9400 0002255 105.6827 254.4554 13.19726951183454
ONEWEB-0513             
1 54131U 22138U   26218.25658854  .00000029  00000+0  40122-4 0  9995
2 54131  87.9177 294.9409 0002506 118.1319 242.0067 13.20270552183324
ONEWEB-0514             
1 54132U 22138V   26218.59066278 -.00000097  00000+0 -27513-3 0  9991
2 54132  87.9177 294.9345 0001928  97.7681 262.3671 13.19725000183478
ONEWEB-0515             
1 54133U 22138W   26218.57256189 -.00000045  00000+0 -14300-3 0  9995
2 54133  87.9162 264.3899 0002081  71.7058 288.4301 13.20773060185954
ONEWEB-0516             
1 54134U 22138X   26218.48955582  .00000045  00000+0  79041-4 0  9991
2 54134  87.9173 294.9572 0002201  97.1966 262.9417 13.19724056183466
ONEWEB-0517             
1 54135U 22138Y   26218.24156975 -.00000146  00000+0 -39793-3 0  9998
2 54135  87.9178 295.0025 0001854 105.3540 254.7798 13.19724881183434
ONEWEB-0518             
1 54136U 22138Z   26218.26054846 -.00000008  00000+0 -52168-4 0  9994
2 54136  87.9171 295.0048 0002206  94.8651 265.2734 13.19725613183431
ONEWEB-0519             
1 54137U 22138AA  26218.58908569 -.00000062  00000+0 -18603-3 0  9995
2 54137  87.9177 294.9341 0001874 102.1619 257.9724 13.19724739183489
ONEWEB-0520             
1 54138U 22138AB  26218.47218116  .00000075  00000+0  15553-3 0  9999
2 54138  87.9180 294.9584 0002325 101.0850 259.0544 13.19724327183453
ONEWEB-0521             
1 54139U 22138AC  26218.58118706  .00000004  00000+0 -22531-4 0  9994
2 54139  87.9185 294.9259 0001804 102.8507 257.2827 13.19728226183419
ONEWEB-0522             
1 54140U 22138AD  26218.25738879  .00000030  00000+0  43111-4 0  9994
2 54140  87.9181 294.9932 0002164 102.1468 257.9907 13.19724755183413
ONEWEB-0523             
1 54141U 22138AE  26218.55910575  .00000013  00000+0 -92556-7 0  9995
2 54141  87.9159 264.4011 0001499  76.7478 283.3823 13.20770643185956
ONEWEB-0524             
1 54142U 22138AF  26218.54900745  .00000056  00000+0  10655-3 0  9995
2 54142  87.9159 264.3998 0002348  73.6355 286.5036 13.20771127185953
ONEWEB-0525             
1 54143U 22138AG  26218.57961103 -.00000065  00000+0 -19583-3 0  9995
2 54143  87.9181 294.9354 0002455 100.2901 259.8509 13.19724599183479
ONEWEB-0526             
1 54144U 22138AH  26218.61277193  .00000056  00000+0  10867-3 0  9994
2 54144  87.9178 294.9294 0002190  97.5717 262.5664 13.19725678183458
ONEWEB-0529             
1 54145U 22138AJ  26218.61591750 -.00000197  00000+0 -52495-3 0  9994
2 54145  87.9171 294.9341 0002301 100.0744 260.0648 13.19724880183470
ONEWEB-0531             
1 54146U 22138AK  26218.61126772  .00001156  00000+0  28109-2 0  9991
2 54146  87.9165 264.3839 0001718  69.5124 290.6193 13.20785068185966
ONEWEB-0535             
1 54147U 22138AL  26218.57328746 -.00000016  00000+0 -71787-4 0  9990
2 54147  87.9179 294.9310 0001755  96.0236 264.1097 13.19724809183483
ONEWEB-0536             
1 54148U 22138AM  26218.59782313 -.00000052  00000+0 -16091-3 0  9993
2 54148  87.9147 264.4036 0001871  66.1803 293.9526 13.20770996185954
GONETS-M 23             
1 54150U 22139A   26218.65383635  .00000011  00000+0  58670-5 0  9992
2 54150  82.5097 316.9368 0022631 111.6470 248.7023 12.42892528171916
GONETS-M 24             
1 54151U 22139B   26218.62688427  .00000013  00000+0  20040-4 0  9998
2 54151  82.5013 315.9788 0017841 121.5521 238.7304 12.42892851171914
GONETS-M 25             
1 54152U 22139C   26218.61335387  .00000014  00000+0  28360-4 0  9996
2 54152  82.5079 316.7008 0021765 120.1773 240.1466 12.42891336171918
SHIYAN-20C (SY-20C)     
1 54214U 22142A   26218.59996735 -.00000022  00000+0  44457-4 0  9991
2 54214  59.9957 133.7348 0017230  15.4357 344.7200 14.29565755196903
CSS (MENGTIAN)          
1 54216U 22143A   26218.51587176  .00011813  00000+0  15232-3 0  9998
2 54216  41.4697  16.4750 0001031 270.3877  89.6843 15.58852378301030
MATS                    
1 54227U 22147A   26218.56253185  .00002229  00000+0  15865-3 0  9992
2 54227  97.6844 219.9541 0013272  34.7784 325.4307 15.05614296205346
NOAA 21 (JPSS-2)        
1 54234U 22150A   26218.57185678  .00000020  00000+0  30289-4 0  9991
2 54234  98.7064 156.5154 0002827  65.4799 294.6671 14.19544363193693
YUNHAI-3 01             
1 54235U 22151A   26218.61475520 -.00000030  00000+0  74195-5 0  9993
2 54235  98.8196 225.3086 0001167  31.2318 328.8924 14.13370755192061
YAOGAN-34 03            
1 54249U 22154A   26210.16038109 -.00000076  00000+0  22781-4 0  9994
2 54249  63.4069 154.3821 0070563 354.9586   5.0721 13.43393831181901
JILIN-1 GAOFEN 03D08    
1 54251U 22155A   26218.60249870  .00047466  00000+0  38840-3 0  9999
2 54251  97.6265   8.2765 0004112 166.1635 193.9740 15.70403646207714
JILIN-1 GAOFEN 03D51    
1 54252U 22155B   26218.74973742  .00039612  00000+0  36785-3 0  9997
2 54252  97.6284   7.6543 0004458 164.3287 195.8112 15.67339408207656
JILIN-1 GAOFEN 03D53    
1 54253U 22155C   26218.62919703  .00023464  00000+0  33999-3 0  9994
2 54253  97.6273   2.3291 0005806 172.4600 187.6743 15.55858215207326
JILIN-1 GAOFEN 03D52    
1 54255U 22155E   26218.58927240  .00034529  00000+0  36445-3 0  9999
2 54255  97.6260   5.5748 0004389 176.2763 183.8528 15.64145217207570
EOS-6 (OCEANSAT-3)      
1 54361U 22158A   26218.64167495  .00000138  00000+0  49790-4 0  9992
2 54361  98.3552 316.1682 0001615 138.3768 221.7548 14.46995145195135
YAOGAN-36 03A           
1 54372U 22160A   26218.64396980  .00013537  00000+0  37276-3 0  9992
2 54372  35.0014 359.6146 0003064  29.1889 330.9000 15.36300869205979
YAOGAN-36 03B           
1 54374U 22160C   26218.63427551  .00004137  00000+0  18052-3 0  9999
2 54374  34.9928  49.4043 0009089 257.4748 102.4949 15.21549953205412
YAOGAN-36 03C           
1 54376U 22160E   26217.70354819  .00007131  00000+0  29538-3 0  9992
2 54376  35.0098  28.1630 0007150 139.6466 220.4781 15.23195209205604
COSMOS 2565             
1 54381U 22163A   26218.63662970 -.00000026  00000+0  35238-4 0  9996
2 54381  67.1498 344.6394 0006735 269.3246  90.7066 13.96672747187819
COSMOS 2566             
1 54383U 22163C   26218.74821399 -.00000017  00000+0  41277-4 0  9992
2 54383  67.1438 338.9683 0005987 351.4247   8.6735 13.97717752187632
JIAOTONG VDES           
1 54588U 22164A   26218.60124809  .00000187  00000+0  64091-4 0  9993
2 54588  98.2427 236.3847 0010112 166.4987 193.6477 14.46100008193366
GAOFEN-5 01A            
1 54640U 22165A   26218.63100116  .00000229  00000+0  60106-4 0  9991
2 54640  98.2358 155.4422 0001425 160.8353 199.2900 14.57735506194767
ONEWEB-0527             
1 54642U 22166A   26218.59043444 -.00000046  00000+0 -14344-3 0  9990
2 54642  87.9220 233.9620 0002141  92.7731 267.3648 13.21823572178199
ONEWEB-0528             
1 54643U 22166B   26218.59128053 -.00000084  00000+0 -23571-3 0  9995
2 54643  87.9222 233.9647 0002338  93.2652 266.8750 13.21827421178204
ONEWEB-0539             
1 54644U 22166C   26218.55345348  .00000017  00000+0  87706-5 0  9996
2 54644  87.9227 233.9474 0001992  97.1872 262.9488 13.21826701178193
ONEWEB-0540             
1 54645U 22166D   26218.56031699  .00000015  00000+0  44915-5 0  9992
2 54645  87.9222 233.9729 0001989  93.4693 266.6669 13.21826528178186
ONEWEB-0542             
1 54646U 22166E   26218.56353605 -.00000030  00000+0 -10387-3 0  9990
2 54646  87.9231 233.9447 0001908  99.8576 260.2774 13.21826733178191
ONEWEB-0545             
1 54647U 22166F   26218.60390013  .00000069  00000+0  13450-3 0  9994
2 54647  87.9222 233.9447 0001521 102.5611 257.5694 13.21824444178169
ONEWEB-0580             
1 54648U 22166G   26218.57868210 -.00000033  00000+0 -11240-3 0  9998
2 54648  87.9222 233.9492 0001678  95.8762 264.2564 13.21826674178207
ONEWEB-0582             
1 54649U 22166H   26218.54503642  .00000016  00000+0  71426-5 0  9994
2 54649  87.9223 233.9492 0001745 101.9643 258.1686 13.21825048178178
ONEWEB-0583             
1 54650U 22166J   26218.55680742 -.00000011  00000+0 -58751-4 0  9996
2 54650  87.9222 233.9696 0001992  94.2967 265.8395 13.21826672178189
ONEWEB-0584             
1 54651U 22166K   26218.50129862  .00000111  00000+0  23769-3 0  9992
2 54651  87.9220 233.9650 0002004  92.1501 267.9862 13.21827073178160
ONEWEB-0585             
1 54652U 22166L   26218.52485613  .00000041  00000+0  67483-4 0  9998
2 54652  87.9226 233.9499 0002234  90.1041 270.0349 13.21825723178176
ONEWEB-0586             
1 54653U 22166M   26218.53831307  .00000017  00000+0  10194-4 0  9995
2 54653  87.9223 233.9713 0002027  96.4185 263.7180 13.21826679178174
ONEWEB-0587             
1 54654U 22166N   26218.47270187  .00000049  00000+0  87308-4 0  9998
2 54654  87.9233 233.9631 0002368  87.2020 272.9385 13.21826939178324
ONEWEB-0589             
1 54655U 22166P   26218.53494053  .00000035  00000+0  53124-4 0  9990
2 54655  87.9219 233.9561 0001367 108.4160 251.7123 13.21826823178192
ONEWEB-0590             
1 54656U 22166Q   26218.56002049  .00000015  00000+0  58038-5 0  9992
2 54656  87.9229 233.9467 0001860  80.7389 279.3956 13.21824316178186
ONEWEB-0591             
1 54657U 22166R   26218.57195064 -.00000014  00000+0 -66135-4 0  9991
2 54657  87.9221 233.9542 0002011  92.0213 268.1152 13.21824929178212
ONEWEB-0592             
1 54658U 22166S   26218.57531746 -.00000039  00000+0 -12502-3 0  9998
2 54658  87.9229 233.9366 0002055  92.7023 267.4347 13.21825927178092
ONEWEB-0593             
1 54659U 22166T   26218.59716714 -.00000002  00000+0 -36425-4 0  9992
2 54659  87.9225 233.9408 0002065  96.7210 263.4159 13.21827036178202
ONEWEB-0594             
1 54660U 22166U   26218.54167725  .00000090  00000+0  18595-3 0  9993
2 54660  87.9219 233.9669 0002249  91.2822 268.8570 13.21825726178210
ONEWEB-0595             
1 54661U 22166V   26218.59381583 -.00000016  00000+0 -70517-4 0  9992
2 54661  87.9228 233.9413 0002244  86.5627 273.5764 13.21826689178197
ONEWEB-0596             
1 54662U 22166W   26218.56859295 -.00000035  00000+0 -11694-3 0  9991
2 54662  87.9223 233.9547 0002124  90.4333 269.7044 13.21825716178194
ONEWEB-0597             
1 54663U 22166X   26218.55008786 -.00000056  00000+0 -16656-3 0  9998
2 54663  87.9222 233.9605 0002020  94.5300 265.6065 13.21826344178199
ONEWEB-0600             
1 54664U 22166Y   26218.60727339  .00000079  00000+0  16004-3 0  9997
2 54664  87.9222 233.9406 0002183  97.4810 262.6572 13.21826851178178
ONEWEB-0601             
1 54665U 22166Z   26218.59886375  .00000024  00000+0  27695-4 0  9991
2 54665  87.9219 233.9579 0001883  98.1160 262.0187 13.21826161178369
ONEWEB-0602             
1 54666U 22166AA  26218.56438636 -.00000006  00000+0 -46083-4 0  9996
2 54666  87.9217 233.9706 0002163  98.4428 261.6951 13.21826328178204
ONEWEB-0603             
1 54667U 22166AB  26218.57027442 -.00000018  00000+0 -74966-4 0  9991
2 54667  87.9229 233.9315 0002044  94.5866 265.5502 13.21825061178135
ONEWEB-0604             
1 54668U 22166AC  26218.55849762 -.00000029  00000+0 -10100-3 0  9998
2 54668  87.9230 233.9500 0002156  91.9771 268.1610 13.21825097178097
ONEWEB-0605             
1 54669U 22166AD  26218.55176974  .00000011  00000+0 -49615-5 0  9992
2 54669  87.9223 233.9604 0001461  88.4516 271.6785 13.21824818178161
ONEWEB-0606             
1 54670U 22166AE  26218.57361909 -.00000046  00000+0 -14249-3 0  9992
2 54670  87.9223 233.9678 0002231  92.6747 267.4642 13.21826767178220
ONEWEB-0607             
1 54671U 22166AF  26218.53998314  .00000118  00000+0  25467-3 0  9997
2 54671  87.9230 233.9492 0002038  96.3053 263.8313 13.21827085178194
ONEWEB-0608             
1 54672U 22166AG  26218.54672257  .00000030  00000+0  40490-4 0  9991
2 54672  87.9232 233.9462 0001603  98.1010 262.0306 13.21825239178208
ONEWEB-0610             
1 54673U 22166AH  26218.52652841  .00000034  00000+0  49995-4 0  9990
2 54673  87.9223 233.9590 0001744 107.4349 252.6976 13.21826814178103
ONEWEB-0611             
1 54674U 22166AJ  26218.59549431 -.00000019  00000+0 -76349-4 0  9996
2 54674  87.9224 233.9418 0002172  90.1488 269.9895 13.21825213178105
ONEWEB-0612             
1 54675U 22166AK  26218.60893662 -.00000189  00000+0 -48939-3 0  9998
2 54675  87.9232 233.9397 0001950  95.1335 265.0022 13.21824878178093
ONEWEB-0615             
1 54676U 22166AL  26218.58877588 -.00000033  00000+0 -11133-3 0  9999
2 54676  87.9223 233.9536 0002350  91.9941 268.1462 13.21826196178100
ONEWEB-0655             
1 54677U 22166AM  26218.56522809 -.00000014  00000+0 -65416-4 0  9994
2 54677  87.9220 233.9590 0002122  98.6817 261.4557 13.21826858178095
ONEWEB-0659             
1 54678U 22166AN  26218.58205116 -.00000069  00000+0 -19795-3 0  9994
2 54678  87.9220 233.9550 0002062  91.0845 269.0525 13.21825595178189
ONEWEB-0685             
1 54679U 22166AP  26218.56561723 -.00000024  00000+0 -88762-4 0  9994
2 54679  87.9217 233.9411 0001462  88.9529 271.1773 13.23185679178070
ONEWEB-0712             
1 54680U 22166AQ  26218.52199594  .00000076  00000+0  16510-3 0  9991
2 54680  87.9080 218.7755 0002326 100.8463 259.2930 13.16593029178686
ONEWEB-0714             
1 54681U 22166AR  26218.58708768 -.00000038  00000+0 -12290-3 0  9998
2 54681  87.9222 233.9437 0002307  97.6623 262.4773 13.21826686178192
DONGPO 09               
1 54685U 22167D   26218.60907148  .00006810  00000+0  18820-3 0  9996
2 54685  97.6943  31.9209 0001125 335.8872  24.2319 15.37393318203196
DONGPO 08               
1 54686U 22167E   26218.74487597  .00005854  00000+0  17710-3 0  9997
2 54686  97.6909  28.9975 0007702 359.4604   0.6628 15.34589058203070
DONGPO 10               
1 54689U 22167H   26218.59428242  .00006076  00000+0  17911-3 0  9995
2 54689  97.6989  30.9120 0003438 299.3208  60.7691 15.35417006203093
JILIN-1 GAOFEN 03D50    
1 54690U 22167J   26218.64946471  .00006330  00000+0  18607-3 0  9998
2 54690  97.6879  28.6057 0003821 290.0287  70.0544 15.35487154203099
JILIN-1 GAOFEN 03D47    
1 54692U 22167L   26218.59880041  .00005871  00000+0  17681-3 0  9994
2 54692  97.6975  30.2942 0006153 305.7571  54.3099 15.34745149203079
JILIN-1 GAOFEN 03D49    
1 54694U 22167N   26218.62510074  .00007035  00000+0  18735-3 0  9991
2 54694  97.6852  31.0738 0004305 328.5912  31.5074 15.38524700203247
JILIN-1 GAOFEN 03D48    
1 54695U 22167P   26218.63125755  .00006527  00000+0  18731-3 0  9992
2 54695  97.6924  30.3474 0004838 303.5631  56.5150 15.36226606203131
SHIYAN-20A (SY-20A)     
1 54699U 22169A   26218.66081738 -.00000034  00000+0  40014-4 0  9991
2 54699  59.9958  73.6316 0001879 282.2615  77.8210 14.29555037190575
SHIYAN-20B (SY-20B)     
1 54700U 22169B   26218.66519174 -.00000033  00000+0  40221-4 0  9993
2 54700  59.9967  73.6874 0007532 285.1877  74.8325 14.29555350190573
YAOGAN-36 04A           
1 54746U 22171A   26218.58084303  .00003401  00000+0  14875-3 0  9994
2 54746  34.9900 265.3254 0006639  23.6193 336.4825 15.21563214202801
YAOGAN-36 04B           
1 54748U 22171C   26218.43374352  .00004630  00000+0  19351-3 0  9995
2 54748  35.0034 238.9655 0006875 300.6864  59.3173 15.23001631203056
YAOGAN-36 04C           
1 54750U 22171E   26218.42221716  .00005316  00000+0  15969-3 0  9995
2 54750  34.9789 222.5666 0006946 227.1684 132.8450 15.33734750203205
SHIYAN-21 (SY-21)       
1 54752U 22172A   26218.63986891  .00004476  00000+0  16212-3 0  9991
2 54752  35.9880 116.2520 0028145 326.8055  33.0913 15.27689574203406
SWOT                    
1 54754U 22173A   26218.57784741 -.00000001  00000+0  85083-6 0  9993
2 54754  77.6128 327.2853 0000066  47.6940 312.4217 14.00170934186206
GAOFEN-11 04            
1 54818U 22176A   26218.62483418  .00003533  00000+0  15163-3 0  9991
2 54818  97.4287 351.3018 0008519 138.2487 221.9402 15.23336315200938
EROS C3                 
1 54880U 22179A   26218.58507081  .00003214  00000+0  17353-3 0  9990
2 54880 139.3350 292.8161 0008843 318.7445  41.2695 15.11213993199950
STAR VIBE               
1 55009U 23001A   26218.61548465  .00008318  00000+0  18489-3 0  9995
2 55009  97.3133 283.3191 0003569 295.0051  65.0826 15.43923219200007
MENUT                   
1 55010U 23001B   26218.63408745  .00064874  00000+0  57959-3 0  9999
2 55010  97.3072 288.3690 0002681 237.7127 122.3875 15.68197408200282
BRO-8                   
1 55011U 23001C   26218.64275955  .00021535  00000+0  35664-3 0  9992
2 55011  97.3156 284.6515 0003487 287.1888  72.8983 15.52189604200022
CONNECTA T1.2           
1 55012U 23001D   26218.56859488  .00028446  00000+0  42896-3 0  9996
2 55012  97.3216 290.2798 0004263 253.0331 107.0456 15.54732370200363
BIRKELAND               
1 55015U 23001G   26218.61789035  .00005135  00000+0  12707-3 0  9993
2 55015  97.3312 286.7359 0004562 284.8775  75.1966 15.40885856200119
LYNK TOWER 4            
1 55034U 23001AB  26218.61140435  .00004192  00000+0  12952-3 0  9993
2 55034  97.3162 277.0657 0006268 305.3888  54.6769 15.34065049199551
SKYKRAFT-1              
1 55041U 23001AJ  26218.62134494  .00057198  00000+0  43420-3 0  9998
2 55041  97.3136 298.1442 0003570 205.9719 154.1365 15.72165183200965
CONTINUUM-1             
1 55045U 23001AN  26218.63634308  .00006487  00000+0  21172-3 0  9997
2 55045  97.3321 281.1460 0006604 261.5564  98.4930 15.32099294199975
LYNK TOWER 3            
1 55046U 23001AP  26218.15688129  .00006488  00000+0  17945-3 0  9999
2 55046  97.3160 278.1747 0005811 304.7009  55.3688 15.37346084199580
NUSAT-33 (ALBANIA-2)    
1 55047U 23001AQ  26218.62807073  .00005160  00000+0  18794-3 0  9992
2 55047  97.3035 278.5706 0005542 212.0670 148.0234 15.28623891200019
NUSAT-35 (WILLIAMINA)   
1 55048U 23001AR  26218.59607269  .00007366  00000+0  20979-3 0  9992
2 55048  97.1817 270.1068 0008864 278.5163  81.5077 15.36351325200148
ION SCV-008             
1 55051U 23001AU  26218.63484659  .00003808  00000+0  13712-3 0  9991
2 55051  97.5710 315.8181 0014537 188.4607 171.6390 15.29129604199047
EOSSAT-1                
1 55053U 23001AW  26218.57718684  .00002761  00000+0  86168-4 0  9997
2 55053  97.3199 278.7486 0007392 302.1892  57.8633 15.34041314199643
SKYKRAFT-1A             
1 55054U 23001AX  26218.57977166  .00002914  00000+0  10374-3 0  9995
2 55054  97.3181 275.1775 0008064 321.1891  38.8770 15.29727217199428
VIGORIDE-5              
1 55056U 23001AZ  26218.17032976  .00053864  00000+0  51588-3 0  9996
2 55056  97.3187 291.5021 0003146 345.3900  14.7269 15.66512587200474
ION SCV-007             
1 55060U 23001BD  26218.58139068  .00000243  00000+0  41149-4 0  9992
2 55060  97.8969 280.5879 0012647 166.6627 193.4920 14.77593724193694
SKYKRAFT-1C             
1 55061U 23001BE  26218.59292295  .00001815  00000+0  74902-4 0  9995
2 55061  97.3157 271.1298 0009499 337.9079  22.1748 15.25274702199165
YAM-5                   
1 55076U 23001BV  26218.61214435  .00006066  00000+0  15647-3 0  9997
2 55076  97.3157 281.6017 0006660 288.7261  71.3262 15.39527747199868
HUYGENS                 
1 55093U 23001CN  26218.61796116  .00005107  00000+0  12634-3 0  9995
2 55093  97.3215 285.8998 0007443 255.9488 104.0931 15.40883909200130
KUWAITSAT-1             
1 55103U 23001CY  26218.47218647  .00014531  00000+0  24462-3 0  9992
2 55103  97.3219 290.1326 0007252 239.0694 120.9846 15.51791640200381
SHARJAHSAT-1            
1 55104U 23001CZ  26218.72643409  .00012436  00000+0  21631-3 0  9996
2 55104  97.3125 288.2478 0003718 276.9226  83.1603 15.50926588200323
AAC-AIS-SAT1            
1 55107U 23001DC  26218.72850214  .00002324  00000+0  23178-3 0  9996
2 55107  97.9171 295.7698 0010773 111.1939 249.0432 14.92522132185822
ASTROCAST-0402          
1 55109U 23001DE  26218.49992745  .00008744  00000+0  30687-3 0  9993
2 55109  97.5572 312.4831 0005892  74.0973 286.0916 15.29652587152227
ASTROCAST-0401          
1 55110U 23001DF  26218.52105611  .00011229  00000+0  39674-3 0  9994
2 55110  97.5553 312.2914 0008172  37.1324 323.0480 15.29342653198893
ASTROCAST-0403          
1 55111U 23001DG  26218.54595632  .00014855  00000+0  46232-3 0  9999
2 55111  97.5608 313.7893 0005719 144.4487 215.7137 15.33387082152271
ASTROCAST-0404          
1 55112U 23001DH  26218.53828300  .00005291  00000+0  18963-3 0  9994
2 55112  97.5658 313.4698 0007122 161.5396 198.6103 15.29163048152222
2023-003C               
1 55135U 23003C   26218.61245278  .00014309  00000+0  19368-3 0  9997
2 55135  97.1491 295.2833 0001104 310.4497  49.6663 15.57812331200123
2023-003E               
1 55137U 23003E   26218.65682324  .00013430  00000+0  18545-3 0  9990
2 55137  97.1399 294.1039 0001645 278.7293  81.3776 15.57288055200115
ONEWEB-0532             
1 55140U 23004A   26218.37817948  .00000134  00000+0  31177-3 0  9999
2 55140  87.9175 355.8842 0001692  88.1210 272.0115 13.17648300174190
ONEWEB-0533             
1 55141U 23004B   26218.62146194  .00000186  00000+0  48227-3 0  9997
2 55141  87.8988 340.6487 0001790 104.2739 255.8588 13.12445097174673
ONEWEB-0541             
1 55142U 23004C   26218.38556793 -.00000356  00000+0 -10402-2 0  9995
2 55142  87.8918  11.0684 0001846  88.5019 271.6320 13.11418930172529
ONEWEB-0543             
1 55143U 23004D   26218.31822862  .00000063  00000+0  12830-3 0  9993
2 55143  87.9203 325.5037 0002149 103.5357 256.6015 13.18684573176302
ONEWEB-0544             
1 55144U 23004E   26218.53913148  .00000126  00000+0  28719-3 0  9999
2 55144  87.9203 325.4597 0002168  97.8530 262.2848 13.18685972176336
ONEWEB-0560             
1 55145U 23004F   26218.53238193  .00000070  00000+0  14413-3 0  9994
2 55145  87.9205 325.4506 0002242  99.1544 260.9841 13.18686910176344
ONEWEB-0565             
1 55146U 23004G   26218.52564398  .00000054  00000+0  10352-3 0  9993
2 55146  87.9195 325.4752 0002070  89.5432 270.5938 13.18686384176332
ONEWEB-0567             
1 55147U 23004H   26218.59477893  .00000017  00000+0  94933-5 0  9992
2 55147  87.9203 325.4496 0002098  89.7485 270.3888 13.18688607176341
ONEWEB-0569             
1 55148U 23004J   26218.51386564 -.00000251  00000+0 -72148-3 0  9993
2 55148  87.8988 310.2130 0002853  93.4085 266.7371 13.13471599176784
ONEWEB-0570             
1 55149U 23004K   26218.58633852  .00000032  00000+0  49113-4 0  9998
2 55149  87.9200 325.4489 0001535  92.3480 267.7828 13.18684415176338
ONEWEB-0571             
1 55150U 23004L   26218.35196638 -.00000003  00000+0 -40788-4 0  9990
2 55150  87.9201 325.4950 0002843  78.4563 281.6889 13.18686656176313
ONEWEB-0572             
1 55151U 23004M   26218.40940729  .00000030  00000+0  44056-4 0  9995
2 55151  87.9175 355.8794 0001896  92.2482 267.8867 13.17649040174098
ONEWEB-0573             
1 55152U 23004N   26218.57285902  .00000062  00000+0  12423-3 0  9996
2 55152  87.9202 325.4533 0002429  80.6665 279.4742 13.18685256176331
ONEWEB-0588             
1 55153U 23004P   26218.56608866 -.00000148  00000+0 -40718-3 0  9999
2 55153  87.9199 325.4537 0001669  85.9426 274.1897 13.18686084176332
ONEWEB-0598             
1 55154U 23004Q   26218.43982315 -.00000227  00000+0 -67676-3 0  9990
2 55154  87.8912  11.0646 0002424  85.3460 274.7945 13.11413834172482
ONEWEB-0599             
1 55155U 23004R   26218.75027366  .00000128  00000+0  29707-3 0  9993
2 55155  87.9175 355.8103 0002075  98.8460 261.2907 13.17648525174140
ONEWEB-0614             
1 55156U 23004S   26218.51103139  .00000061  00000+0  13644-3 0  9990
2 55156  87.8908  11.0578 0001552  93.5521 266.5784 13.11416081172435
ONEWEB-0616             
1 55157U 23004T   26218.41277807  .00000073  00000+0  15476-3 0  9992
2 55157  87.9175 355.8820 0002580 111.6753 248.4654 13.17649025174319
ONEWEB-0617             
1 55158U 23004U   26218.49917402  .00000497  00000+0  13663-2 0  9998
2 55158  87.8914  11.0542 0001487  84.0874 276.0423 13.11415014172451
ONEWEB-0618             
1 55159U 23004V   26218.57680614  .00003911  00000+0  21556-3 0  9995
2 55159  86.9119 157.1759 0015140 103.1300 257.1631 15.13599471189889
ONEWEB-0619             
1 55160U 23004W   26218.74858308  .00000126  00000+0  29252-3 0  9999
2 55160  87.9187 355.8000 0001627 108.6944 251.4364 13.17648908174259
ONEWEB-0620             
1 55161U 23004X   26218.41779746  .00000606  00000+0  16734-2 0  9995
2 55161  87.8909  11.0759 0001941  86.6987 273.4363 13.11416008172411
ONEWEB-0621             
1 55162U 23004Y   26218.44492073 -.00000381  00000+0 -11123-2 0  9993
2 55162  87.8916  11.0634 0001559  95.5858 264.5448 13.11415628172392
ONEWEB-0622             
1 55163U 23004Z   26218.45000348 -.00000450  00000+0 -13044-2 0  9996
2 55163  87.8918  11.0664 0001421  72.2161 287.9122 13.11416954172385
ONEWEB-0623             
1 55164U 23004AA  26218.43977402 -.00000018  00000+0 -79747-4 0  9993
2 55164  87.9171 355.8858 0001021  97.0860 263.0388 13.17649195174202
ONEWEB-0624             
1 55165U 23004AB  26218.56902586  .00000370  00000+0  98714-3 0  9992
2 55165  87.8992 340.5655 0001753  98.4848 261.6480 13.12928881174688
ONEWEB-0625             
1 55166U 23004AC  26218.42965306  .00000037  00000+0  62586-4 0  9996
2 55166  87.9173 355.8847 0001926 100.8922 259.2427 13.17648834174198
ONEWEB-0626             
1 55167U 23004AD  26218.41953519  .00000016  00000+0  73450-5 0  9999
2 55167  87.9175 355.8856 0002154  91.8522 268.2856 13.17649226174192
ONEWEB-0627             
1 55168U 23004AE  26218.40771415  .00000076  00000+0  16220-3 0  9998
2 55168  87.9175 355.8888 0001353  97.0019 263.1266 13.17650094174191
ONEWEB-0628             
1 55169U 23004AF  26218.34038467  .00000369  00000+0  99014-3 0  9992
2 55169  87.8995 340.6885 0001282 109.0878 251.0389 13.12440629174613
ONEWEB-0629             
1 55170U 23004AG  26218.45917223 -.00000001  00000+0 -34552-4 0  9994
2 55170  87.9176 355.8742 0001666 104.3729 255.7588 13.17647486174208
ONEWEB-0631             
1 55171U 23004AH  26218.55934590 -.00000140  00000+0 -38792-3 0  9995
2 55171  87.9210 325.4260 0001937  84.6194 275.5159 13.18685694176315
ONEWEB-0709             
1 55172U 23004AJ  26218.40761156 -.00000605  00000+0 -17424-2 0  9990
2 55172  87.8909  11.0803 0002595  82.5428 277.5994 13.11415844172450
ONEWEB-0710             
1 55173U 23004AK  26218.39758962  .00000055  00000+0  10916-3 0  9997
2 55173  87.9177 355.8821 0001711  93.9847 266.1480 13.17650247174199
ONEWEB-0711             
1 55174U 23004AL  26218.45507626 -.00000560  00000+0 -16173-2 0  9997
2 55174  87.8912  11.0596 0001129  82.1507 277.9749 13.11418324172426
ONEWEB-0713             
1 55175U 23004AM  26218.47374172  .00000085  00000+0  20452-3 0  9994
2 55175  87.8915  11.0584 0001463  88.0792 272.0503 13.11419713172415
ONEWEB-0715             
1 55176U 23004AN  26218.46865679 -.00000092  00000+0 -29491-3 0  9993
2 55176  87.8913  11.0596 0002237  78.4116 281.7263 13.11419678172454
ONEWEB-0716             
1 55177U 23004AP  26218.39084020  .00000078  00000+0  16779-3 0  9996
2 55177  87.9176 355.8861 0001998 101.2524 258.8832 13.17650226174194
ONEWEB-0717             
1 55178U 23004AQ  26218.44990524  .00000048  00000+0  89411-4 0  9999
2 55178  87.9186 355.8672 0001448  82.1742 277.9554 13.17648696174253
ONEWEB-0719             
1 55179U 23004AR  26218.61189943  .00000102  00000+0  22831-3 0  9997
2 55179  87.9184 355.8148 0001872 102.8462 257.2879 13.17648889174222
YAOGAN-37               
1 55244U 23006C   26218.44103478  .00002572  00000+0  13707-3 0  9997
2 55244  43.1958 204.1564 0017109 325.3724  34.6012 15.17594898197514
HAWK-6B                 
1 55324U 23011A   26218.60443223  .00002278  00000+0  10205-3 0  9998
2 55324  40.4985  57.9119 0002588   3.1167 356.9658 15.23326829195530
HAWK-6C                 
1 55326U 23011C   26218.60379805  .00002471  00000+0  11002-3 0  9995
2 55326  40.4975  54.7477 0003085 356.9426   3.1364 15.23328891195540
HAWK-6A                 
1 55327U 23011D   26218.60383285  .00002385  00000+0  10646-3 0  9990
2 55327  40.4984  56.3773 0002985 351.6972   8.3788 15.23328207195542
HORUS 1                 
1 55690U 23025A   26218.66434843  .00003297  00000+0  14133-3 0  9999
2 55690  97.3434 292.1909 0002035 105.6074 254.5388 15.23438438191739
ONEWEB-0530             
1 55796U 23029A   26218.54395564  .00000073  00000+0  14882-3 0  9993
2 55796  87.9147 264.4272 0001608  96.3552 263.7765 13.20770690167793
ONEWEB-0534             
1 55797U 23029B   26218.60792740  .00000021  00000+0  20093-4 0  9993
2 55797  87.9150 264.4161 0002128  96.7121 263.4254 13.20770974167806
ONEWEB-0556             
1 55798U 23029C   26218.61465493  .00000074  00000+0  15115-3 0  9993
2 55798  87.9148 264.4125 0002073 119.8686 240.2654 13.20772223167802
ONEWEB-0562             
1 55799U 23029D   26218.60117264  .00000021  00000+0  19466-4 0  9999
2 55799  87.9159 264.3980 0001438 114.5286 245.5997 13.20770206167802
ONEWEB-0563             
1 55800U 23029E   26218.59615107 -.00000028  00000+0 -10176-3 0  9996
2 55800  87.9150 264.4278 0002266  97.9067 262.2323 13.20771088167794
ONEWEB-0564             
1 55801U 23029F   26218.58939044 -.00000006  00000+0 -46487-4 0  9996
2 55801  87.9152 264.4035 0001707 101.3060 258.8265 13.20770118167801
ONEWEB-0638             
1 55802U 23029G   26218.55467952  .00000169  00000+0  42120-3 0  9995
2 55802  87.8935 279.7108 0001886 113.3677 246.7651 13.14500581166010
ONEWEB-0639             
1 55803U 23029H   26218.60172190 -.00000028  00000+0 -10308-3 0  9998
2 55803  87.9174 294.9383 0003233 103.2572 256.8921 13.19726510165558
ONEWEB-0640             
1 55804U 23029J   26218.56420581  .00000016  00000+0  94799-5 0  9997
2 55804  87.8935 279.6995 0002230 114.4494 245.6869 13.14503200166030
ONEWEB-0641             
1 55805U 23029K   26218.74859638 -.00000052  00000+0 -16101-3 0  9998
2 55805  87.9178 294.9020 0002111 101.3635 258.7735 13.19724385165580
ONEWEB-0642             
1 55806U 23029L   26218.59222633 -.00000048  00000+0 -15207-3 0  9992
2 55806  87.9174 294.9412 0002881  94.1897 265.9565 13.19723920165557
ONEWEB-0643             
1 55807U 23029M   26218.61019792  .00000156  00000+0  38490-3 0  9993
2 55807  87.8934 279.6781 0002663  89.7647 270.3788 13.14503515166011
ONEWEB-0644             
1 55808U 23029N   26218.73912263 -.00000081  00000+0 -23541-3 0  9992
2 55808  87.9173 294.9129 0002396  95.8519 264.2886 13.19727221165571
ONEWEB-0645             
1 55809U 23029P   26218.60960247 -.00000061  00000+0 -18486-3 0  9994
2 55809  87.9175 294.9355 0002474 105.8645 254.2761 13.19726377165554
ONEWEB-0646             
1 55810U 23029Q   26218.47535913  .00000063  00000+0  12542-3 0  9996
2 55810  87.9172 294.9631 0002346  96.4257 263.7142 13.19725132165525
ONEWEB-0648             
1 55811U 23029R   26218.57847688 -.00000166  00000+0 -48347-3 0  9991
2 55811  87.8947 279.6631 0002875 104.5457 255.5992 13.14500894166013
ONEWEB-0649             
1 55812U 23029S   26218.57644690  .00000018  00000+0  13456-4 0  9998
2 55812  87.9174 294.9406 0002324 101.6131 258.5262 13.19724816165573
ONEWEB-0650             
1 55813U 23029T   26218.57171021  .00000025  00000+0  30080-4 0  9992
2 55813  87.9169 294.9443 0002661  95.5615 264.5821 13.19725126165541
ONEWEB-0652             
1 55814U 23029U   26218.55944660  .00000067  00000+0  14750-3 0  9999
2 55814  87.8944 279.6730 0001875  95.7317 264.4026 13.14503362165983
ONEWEB-0653             
1 55815U 23029V   26218.54359531  .00000232  00000+0  59052-3 0  9994
2 55815  87.8948 279.6749 0002000  99.7511 260.3845 13.14503295166013
ONEWEB-0654             
1 55816U 23029W   26218.61495224  .00000279  00000+0  71697-3 0  9993
2 55816  87.8941 279.6567 0001661  99.9464 260.1853 13.14503043166047
ONEWEB-0656             
1 55817U 23029X   26218.58267972  .00000036  00000+0  55896-4 0  9992
2 55817  87.9161 264.3860 0001566  95.4889 264.6423 13.20771421167807
ONEWEB-0657             
1 55818U 23029Y   26218.49113420  .00000066  00000+0  13234-3 0  9993
2 55818  87.9174 294.9588 0001492  80.5684 279.5617 13.19728287165543
ONEWEB-0658             
1 55819U 23029Z   26218.48639381  .00000061  00000+0  11986-3 0  9999
2 55819  87.9182 294.9397 0002460  95.6961 264.4453 13.19727751165559
ONEWEB-0660             
1 55820U 23029AA  26218.59275162 -.00000101  00000+0 -30753-3 0  9996
2 55820  87.8949 279.6584 0002233 104.8033 255.3344 13.14502803166025
ONEWEB-0661             
1 55821U 23029AB  26218.55151969  .00000211  00000+0  53471-3 0  9993
2 55821  87.8937 279.7025 0002025 102.7614 257.3742 13.14503612166006
ONEWEB-0662             
1 55822U 23029AC  26218.58641192 -.00000210  00000+0 -60130-3 0  9990
2 55822  87.8938 279.7019 0002269 104.1023 256.0359 13.14503087166052
ONEWEB-0663             
1 55823U 23029AD  26218.61257590  .00000046  00000+0  82199-4 0  9995
2 55823  87.9161 264.4505 0002485  99.3464 260.7950 13.20872794167801
ONEWEB-0664             
1 55824U 23029AE  26218.56919522  .00000014  00000+0  31677-5 0  9991
2 55824  87.9148 264.4351 0001933 109.0729 251.0614 13.20772967167795
ONEWEB-0665             
1 55825U 23029AF  26218.54835638  .00000079  00000+0  17832-3 0  9991
2 55825  87.8933 279.6843 0002291 102.7139 257.4247 13.14503719166021
ONEWEB-0666             
1 55826U 23029AG  26218.56247280  .00000008  00000+0 -13185-4 0  9995
2 55826  87.9147 264.4264 0001828  74.6573 285.4763 13.20770584167807
ONEWEB-0667             
1 55827U 23029AH  26218.55742318  .00000000  00000+0 -32623-4 0  9997
2 55827  87.9165 264.3936 0002159 100.5707 259.5669 13.20770432167796
ONEWEB-0669             
1 55828U 23029AJ  26218.55237492  .00000014  00000+0  34470-5 0  9997
2 55828  87.9157 264.4024 0001533 102.5531 257.5774 13.20770949167797
ONEWEB-0670             
1 55829U 23029AK  26218.60225952  .00000019  00000+0  16564-4 0  9990
2 55829  87.8932 279.6903 0002047 109.4277 250.7074 13.14504796166050
ONEWEB-0671             
1 55830U 23029AL  26218.48167602  .00000025  00000+0  29748-4 0  9990
2 55830  87.9171 294.9622 0002183 102.6378 257.4999 13.19725587165534
ONEWEB-0672             
1 55831U 23029AM  26218.54731787  .00000039  00000+0  63741-4 0  9995
2 55831  87.9156 264.3970 0001839  91.3360 268.7984 13.20771938167799
ONEWEB-0673             
1 55832U 23029AN  26218.61039195 -.00000027  00000+0 -99565-4 0  9990
2 55832  87.9177 294.9312 0002129 103.4341 256.7029 13.19726636165551
ONEWEB-0674             
1 55833U 23029AP  26218.57055665 -.00000120  00000+0 -35932-3 0  9997
2 55833  87.8944 279.6751 0001955 108.1059 252.0283 13.14503051166038
ONEWEB-0675             
1 55834U 23029AQ  26218.47377433  .00000080  00000+0  16668-3 0  9995
2 55834  87.9171 294.9656 0002084  91.0107 269.1265 13.19726856165554
ONEWEB-0720             
1 55835U 23029AR  26218.23841157  .00000112  00000+0  24669-3 0  9995
2 55835  87.9171 295.0119 0002355 100.5022 259.6376 13.19724036165447
TIANHUI 6A              
1 55836U 23030A   26218.63008483 -.00000260  00000+0 -14349-3 0  9999
2 55836  99.0146 226.2495 0000998 195.7404 164.3730 14.01343250174463
TIANHUI 6B              
1 55839U 23030D   26218.63003388 -.00000265  00000+0 -14640-3 0  9990
2 55839  99.0145 226.2476 0000150 213.8529 146.2627 14.01343067174453
HORUS 2                 
1 55844U 23032A   26218.76494793  .00003346  00000+0  14290-3 0  9998
2 55844  97.3507 293.1438 0002335 121.3862 238.7604 15.23557003189183
SHIYAN-19 (SY-19)       
1 55861U 23034A   26218.60991812  .00012276  00000+0  16223-3 0  9996
2 55861  97.3867  76.8228 0006083 143.9919 216.1747 15.58481674190415
TIANMU-1 03             
1 55973U 23039A   26218.60107324  .00008951  00000+0  16933-3 0  9995
2 55973  97.5257  34.6037 0001214 264.4903  95.6209 15.48642968188635
TIANMU-1 04             
1 55974U 23039B   26218.57032390  .00009706  00000+0  17935-3 0  9994
2 55974  97.5194  33.7308 0001859 260.6709  99.4331 15.49290107188648
TIANMU-1 05             
1 55975U 23039C   26218.58433889  .00009084  00000+0  17228-3 0  9998
2 55975  97.5244  34.1824 0001298 313.5434  46.5708 15.48565877188619
TIANMU-1 06             
1 55976U 23039D   26218.57704961  .00009646  00000+0  17895-3 0  9994
2 55976  97.5248  34.8625 0001503 301.9998  58.1106 15.49179583188645
COSMOS 2567             
1 55978U 23040A   26218.74784058  .00002223  00000+0  91513-4 0  9996
2 55978  97.5868 145.5833 0000857  88.1351 271.9985 15.25213261187762
GLOBAL-19               
1 55982U 23041B   26218.41577716  .00006685  00000+0  18302-3 0  9997
2 55982  42.0011 268.8556 0007828 317.6042  42.4192 15.37755388189661
GLOBAL-5                
1 55983U 23041C   26218.51454924  .00006056  00000+0  16670-3 0  9992
2 55983  42.0006 267.8198 0007818 324.0348  35.9964 15.37720926189683
ONEWEB-0537             
1 56046U 23043A   26218.50458849 -.00000008  00000+0 -53372-4 0  9998
2 56046  87.9081 218.7750 0002004  84.1746 275.9613 13.16594748165588
ONEWEB-0538             
1 56047U 23043B   26218.49824895 -.00000038  00000+0 -13274-3 0  9994
2 56047  87.9082 218.7791 0002264  84.8085 275.3304 13.16595481165593
ONEWEB-0546             
1 56048U 23043C   26218.56158312 -.00000036  00000+0 -12670-3 0  9994
2 56048  87.9083 218.7667 0001682  72.4542 287.6773 13.16595082165594
ONEWEB-0547             
1 56049U 23043D   26218.51054966 -.00000031  00000+0 -10625-3 0  9993
2 56049  87.9226 233.9576 0002264  91.6889 268.4504 13.21824997164871
ONEWEB-0548             
1 56050U 23043E   26218.51011415  .00000016  00000+0  92566-5 0  9994
2 56050  87.9079 218.7719 0001862 101.0376 259.0965 13.16593034165584
ONEWEB-0549             
1 56051U 23043F   26218.58035897 -.00000039  00000+0 -12622-3 0  9992
2 56051  87.9219 233.9473 0002334  85.4795 274.6606 13.21825661164889
ONEWEB-0550             
1 56052U 23043G   26218.56688657 -.00000043  00000+0 -13616-3 0  9998
2 56052  87.9223 233.9487 0002076  98.0088 262.1281 13.21824029164886
ONEWEB-0551             
1 56053U 23043H   26218.58125713 -.00000120  00000+0 -35210-3 0  9990
2 56053  87.8959 249.1815 0002373  89.8770 270.2633 13.15548639163021
ONEWEB-0552             
1 56054U 23043J   26218.56183947  .00000021  00000+0  20195-4 0  9997
2 56054  87.9218 233.9538 0002243  95.4373 264.7017 13.21824297164885
ONEWEB-0553             
1 56055U 23043K   26218.49191794 -.00000063  00000+0 -19862-3 0  9995
2 56055  87.9082 218.7804 0001748  83.9825 276.1505 13.16595133165591
ONEWEB-0554             
1 56056U 23043L   26218.55524927 -.00000011  00000+0 -61768-4 0  9997
2 56056  87.9082 218.7761 0001841 102.3946 257.7392 13.16595231165585
ONEWEB-0555             
1 56057U 23043M   26218.51724616  .00000095  00000+0  21471-3 0  9997
2 56057  87.9080 218.7730 0001650  77.0553 283.0762 13.16595221165582
ONEWEB-0557             
1 56058U 23043N   26218.53148133  .00000103  00000+0  23709-3 0  9990
2 56058  87.9082 218.7801 0000973 115.4484 244.6748 13.16592782165587
ONEWEB-0558             
1 56059U 23043P   26218.55511053  .00000050  00000+0  88656-4 0  9992
2 56059  87.9222 233.9512 0002278  84.8950 275.2444 13.21826940164897
ONEWEB-0559             
1 56060U 23043Q   26218.54336048  .00000045  00000+0  76788-4 0  9999
2 56060  87.9225 233.9500 0002316  91.9909 268.1490 13.21826666164904
ONEWEB-0566             
1 56061U 23043R   26218.53663146  .00000032  00000+0  45182-4 0  9991
2 56061  87.9225 233.9491 0002423  90.8369 269.3042 13.21826742164889
ONEWEB-0568             
1 56062U 23043S   26218.54889967  .00000002  00000+0 -27616-4 0  9994
2 56062  87.9082 218.7654 0001885  83.6720 276.4625 13.16593021165607
ONEWEB-0574             
1 56063U 23043T   26218.52989269  .00000038  00000+0  61645-4 0  9997
2 56063  87.9223 233.9557 0001922  95.2336 264.9017 13.21826974164923
ONEWEB-0575             
1 56064U 23043U   26218.54256765  .00000032  00000+0  50276-4 0  9990
2 56064  87.9082 218.7632 0001695  93.4897 266.6428 13.16592780165599
ONEWEB-0576             
1 56065U 23043V   26218.52358001  .00000058  00000+0  11776-3 0  9994
2 56065  87.9081 218.7763 0001856  91.3953 268.7391 13.16593268165586
ONEWEB-0577             
1 56066U 23043W   26218.52990302  .00000047  00000+0  89028-4 0  9995
2 56066  87.9083 218.7726 0001559 108.7392 251.3908 13.16592723165619
ONEWEB-0578             
1 56067U 23043X   26218.59212359  .00000066  00000+0  12874-3 0  9997
2 56067  87.9225 233.9390 0001816  86.1094 274.0248 13.21827469164890
ONEWEB-0579             
1 56068U 23043Y   26218.58372656 -.00000025  00000+0 -91910-4 0  9990
2 56068  87.9230 233.9404 0002317  96.4983 263.6415 13.21824875164901
ONEWEB-0581             
1 56069U 23043Z   26218.53623695  .00000073  00000+0  15724-3 0  9997
2 56069  87.9076 218.7798 0001721 102.1207 258.0117 13.16593001165589
ONEWEB-0609             
1 56070U 23043AA  26218.60740292  .00000127  00000+0  30313-3 0  9991
2 56070  87.8959 249.1608 0002073  91.8672 268.2696 13.15548656163060
ONEWEB-0613             
1 56071U 23043AB  26218.60502015  .00000098  00000+0  22614-3 0  9993
2 56071  87.8957 249.1740 0002307  94.2688 265.8706 13.15548867163069
ONEWEB-0630             
1 56072U 23043AC  26218.60025204  .00000060  00000+0  12662-3 0  9995
2 56072  87.8965 249.1497 0002261  95.8447 264.2941 13.15546945163055
ONEWEB-0632             
1 56073U 23043AD  26218.59551478 -.00000041  00000+0 -14381-3 0  9992
2 56073  87.8960 249.1662 0001975  97.8657 262.2697 13.15547748163059
ONEWEB-0633             
1 56074U 23043AE  26218.58916562 -.00000077  00000+0 -23872-3 0  9995
2 56074  87.8968 249.1469 0002474  91.8700 268.2714 13.15549452163039
ONEWEB-0634             
1 56075U 23043AF  26218.57490545  .00000231  00000+0  57914-3 0  9997
2 56075  87.8961 249.1861 0002005  85.1246 275.0114 13.15545422163022
ONEWEB-0635             
1 56076U 23043AG  26218.57015918 -.00000138  00000+0 -40071-3 0  9999
2 56076  87.8972 249.1537 0001898 100.8913 259.2431 13.15549222163051
ONEWEB-0636             
1 56077U 23043AH  26218.56223681 -.00000067  00000+0 -21295-3 0  9995
2 56077  87.8969 249.1599 0001906  98.7990 261.3356 13.15548814163030
ONEWEB-0637             
1 56078U 23043AJ  26218.55589281 -.00000057  00000+0 -18423-3 0  9994
2 56078  87.8963 249.1748 0001738  91.8461 268.2868 13.15549236163056
ONEWEB-0647             
1 56079U 23043AK  26218.55115538  .00000020  00000+0  17878-4 0  9997
2 56079  87.8963 249.1885 0001992  99.8478 260.2878 13.15548823163040
ONEWEB-0651             
1 56080U 23043AL  26218.54639425  .00000214  00000+0  53469-3 0  9994
2 56080  87.8961 249.1823 0001812  97.2665 262.8671 13.15549406164243
ONEWEB-0718             
1 56081U 23043AM  26218.54162428  .00000088  00000+0  20064-3 0  9993
2 56081  87.8969 249.1656 0002150  80.7965 279.3408 13.15547207163058
PIESAT A                
1 56153U 23047A   26218.57334319  .00001847  00000+0  10456-3 0  9998
2 56153  97.5039  44.9880 0001661  78.1801 281.9617 15.14269968185422
PIESAT B                
1 56154U 23047B   26218.57334299  .00002204  00000+0  12406-3 0  9991
2 56154  97.5017  44.9856 0001554 108.9113 251.2287 15.14271075185426
PIESAT C                
1 56155U 23047C   26218.57334525  .00001474  00000+0  84177-4 0  9997
2 56155  97.5031  44.9857 0002256  76.5204 283.6279 15.14271465185428
PIESAT D                
1 56156U 23047D   26218.57334244  .00001192  00000+0  68766-4 0  9999
2 56156  97.5045  44.9858 0001410  70.5577 289.5807 15.14270452185420
2023-048A               
1 56157U 23048A   26218.63045948 -.00000076  00000+0  23201-4 0  9994
2 56157  63.4037 328.7897 0071498 355.8220   4.2201 13.45393472164727
CHECKMATE 8             
1 56162U 23050A   26218.50986894  .00000083  00000+0  63966-4 0  9992
2 56162  81.0017  23.4971 0006537 178.8671 181.2501 13.84965778169118
CHECKMATE 5             
1 56163U 23050B   26218.54779258  .00000079  00000+0  60488-4 0  9992
2 56163  81.0007  23.2434 0006534 176.2935 183.8271 13.84991679169135
CHECKMATE 4             
1 56164U 23050C   26218.50831371  .00000053  00000+0  37151-4 0  9997
2 56164  81.0011  23.5752 0005511 190.0797 170.0250 13.84820117169101
CHECKMATE 6             
1 56165U 23050D   26218.55824976  .00000040  00000+0  24350-4 0  9999
2 56165  81.0043  23.3952 0013965 165.4918 194.6644 13.87441212169084
CHECKMATE 7             
1 56166U 23050E   26218.58125698  .00000033  00000+0  18398-4 0  9995
2 56166  81.0002  22.5796 0017372 167.7315 192.4269 13.88379803169108
CHECKMATE 2             
1 56167U 23050F   26218.55143826  .00000078  00000+0  58892-4 0  9998
2 56167  81.0044  23.3840 0007089 172.6591 187.4670 13.85169069169084
CHECKMATE 1             
1 56168U 23050G   26218.54187952  .00000056  00000+0  39905-4 0  9996
2 56168  81.0041  23.6722 0010853 207.0461 153.0131 13.84957911169065
CHECKMATE 3             
1 56169U 23050H   26218.58418775  .00000048  00000+0  32255-4 0  9993
2 56169  81.0026  23.0547 0007126 171.2094 188.9188 13.85153559169090
BB 2                    
1 56170U 23050J   26218.58434331  .00000171  00000+0  62378-4 0  9997
2 56170  81.0017  26.4478 0008866 139.4338 220.7505 14.29357555168875
BB 1                    
1 56171U 23050K   26218.57743155  .00000304  00000+0  16438-3 0  9997
2 56171  81.0080  31.3599 0018079 161.8472 198.3347 14.10445893168574
IMECE                   
1 56178U 23054A   26218.66671839  .00000163  00000+0  38712-4 0  9990
2 56178  98.1165 122.9120 0010073  19.2096 340.9486 14.65878172177800
GHGSAT-C8               
1 56186U 23054J   26218.59027630  .00010076  00000+0  15510-3 0  9999
2 56186  97.2924 128.7118 0002481 202.2406 157.8741 15.54405184186263
HAWK-7A                 
1 56191U 23054P   26218.61411876  .00003112  00000+0  11714-3 0  9992
2 56191  97.2626 104.6669 0002298 175.1792 184.9470 15.27845144184727
ION SCV-010             
1 56192U 23054Q   26218.57232592  .00002798  00000+0  10940-3 0  9993
2 56192  97.3704 107.4249 0013649  34.2840 325.9277 15.26608139183880
HAWK-7B                 
1 56193U 23054R   26218.61405045  .00003671  00000+0  13771-3 0  9990
2 56193  97.2652 102.9483 0001326 162.3093 197.8194 15.27845653184727
HAWK-7C                 
1 56200U 23054Y   26218.61391971  .00003117  00000+0  11731-3 0  9990
2 56200  97.2628 103.7014 0001924 161.9096 198.2213 15.27844727184728
NUSAT-39 (TIKVAH ALPER) 
1 56201U 23054Z   26218.66341262  .00016881  00000+0  31168-3 0  9992
2 56201  97.3055 128.9604 0004051 173.2306 186.9001 15.49155483186260
NUSAT-38 (MARIA AGNESI) 
1 56202U 23054AA  26218.67529510  .00020245  00000+0  33082-3 0  9994
2 56202  97.3004 129.8015 0008952 219.9085 140.1511 15.52537465186331
NUSAT-37 (JOAN CLARKE)  
1 56203U 23054AB  26218.67126899  .00036029  00000+0  41681-3 0  9999
2 56203  97.2560 126.8412 0008683  90.8024 269.4229 15.61736948186514
GHGSAT-C6               
1 56204U 23054AC  26218.68566885  .00009975  00000+0  15367-3 0  9996
2 56204  97.2987 129.5306 0005253 184.6116 175.5090 15.54374825186296
GHGSAT-C7               
1 56209U 23054AH  26218.66892428  .00006738  00000+0  11815-3 0  9992
2 56209  97.2943 127.6997 0006285 197.8372 162.2661 15.50883962186216
AAC-HSI-SAT1            
1 56225U 23054AZ  26218.63796723  .00001131  00000+0  68171-4 0  9998
2 56225  97.3616  93.2587 0008652 318.5317  41.5256 15.12695301182992
FENGYUN 3G              
1 56232U 23055A   26218.73559975  .00011995  00000+0  20073-3 0  9991
2 56232  49.9922  85.3167 0012045 222.5824 137.4210 15.52205322187867
POEM-2                  
1 56308U 23057A   26218.49939525  .00001767  00000+0  94111-4 0  9994
2 56308   9.8879 256.2781 0021079 288.0521  71.7395 14.95109817179803
LUMELITE-4              
1 56309U 23057B   26218.73871907  .00006817  00000+0  24380-3 0  9992
2 56309   9.9927  37.1102 0003849 141.5764 218.4727 15.22938114181778
TELEOS-2                
1 56310U 23057C   26218.21113311  .00003391  00000+0  23196-3 0  9993
2 56310   9.9871 199.9457 0000715 270.5315  89.4817 14.96425507180303
ONEWEB-0561             
1 56710U 23068A   26218.57593745 -.00000022  00000+0 -86898-4 0  9990
2 56710  87.9158 264.4000 0002049 106.0902 254.0457 13.20771598156156
ONEWEB-0668             
1 56711U 23068B   26218.51091007  .00000047  00000+0  88099-4 0  9999
2 56711  87.9081 218.7750 0001860  75.5495 284.5842 13.16592999158400
ONEWEB-0676             
1 56712U 23068C   26218.44283717  .00000076  00000+0  16599-3 0  9990
2 56712  87.9082 218.7952 0001837  97.1008 263.0332 13.16593209158311
ONEWEB-0677             
1 56713U 23068D   26218.56414681  .00000023  00000+0  24367-4 0  9995
2 56713  87.9156 264.3931 0001633  97.5652 262.5667 13.20772796156454
ONEWEB-0678             
1 56714U 23068E   26218.58600629 -.00000092  00000+0 -27952-3 0  9997
2 56714  87.8967 249.1519 0002265  98.4763 261.6624 13.15548693155916
ONEWEB-0679             
1 56715U 23068F   26218.47766150 -.00000034  00000+0 -12201-3 0  9995
2 56715  87.9083 218.7790 0001543  82.8354 277.2952 13.16595377158340
ONEWEB-0680             
1 56716U 23068G   26218.58538828 -.00000145  00000+0 -38316-3 0  9995
2 56716  87.9232 233.9414 0001702  78.6204 281.5121 13.21823535157759
ONEWEB-0681             
1 56717U 23068H   26218.56636645 -.00028193  00000+0 -68751-1 0  9997
2 56717  87.9222 233.9444 0002011 115.1131 245.0212 13.21586703157740
ONEWEB-0682             
1 56718U 23068J   26218.60977230  .00000105  00000+0  24605-3 0  9994
2 56718  87.8967 249.1469 0001688  82.3540 277.7782 13.15549126156081
ONEWEB-0683             
1 56719U 23068K   26218.55747476 -.00000037  00000+0 -13223-3 0  9996
2 56719  87.8972 249.1584 0001955  87.3071 272.8284 13.15549389156047
ONEWEB-0684             
1 56720U 23068L   26218.56539514 -.00000092  00000+0 -27892-3 0  9999
2 56720  87.8969 249.1455 0003364  93.9160 266.2355 13.15546862155879
ONEWEB-0686             
1 56721U 23068M   26218.51408633  .00000053  00000+0  10456-3 0  9995
2 56721  87.9072 218.7907 0002264  81.8511 278.2877 13.16595117158338
ONEWEB-0694             
1 56722U 23068N   26218.52042796  .00000033  00000+0  53695-4 0  9992
2 56722  87.9091 218.7638 0001850  77.4367 282.6971 13.16594633158393
ONEWEB-0696             
1 56723U 23068P   26218.59866970  .00000054  00000+0  10845-3 0  9990
2 56723  87.8958 249.1737 0002409 102.1099 258.0301 13.15547296155991
ONEWEB-0703             
1 56724U 23068Q   26218.60818850  .00000152  00000+0  36955-3 0  9996
2 56724  87.8961 249.1531 0002544 112.6829 247.4570 13.15548853155883
ONEWEB-0721             
1 56725U 23068R   26218.60449447  .00000084  00000+0  16670-3 0  9995
2 56725  86.6719  69.4136 0001715  84.7911 275.3418 13.22472107164603
IRIDIUM 181             
1 56726U 23068S   26218.57825286  .00000197  00000+0  52609-4 0  9999
2 56726  86.4480  35.7132 0002153  83.1600 276.9846 14.43310559169708
IRIDIUM 177             
1 56727U 23068T   26218.62370295  .00000664  00000+0  84273-4 0  9992
2 56727  86.1981 304.8516 0002377  97.1468 263.0024 14.80039945173824
IRIDIUM 174             
1 56728U 23068U   26218.58484214  .00000402  00000+0  59928-4 0  9994
2 56728  86.6138 332.6275 0002176 101.5896 258.5565 14.72247070173434
IRIDIUM 178             
1 56729U 23068V   26218.47760029  .00000700  00000+0  89114-4 0  9995
2 56729  86.6563   4.3452 0002372  95.0200 265.1293 14.80046135173802
IRIDIUM 179             
1 56730U 23068W   26218.47222104  .00000656  00000+0  83236-4 0  9993
2 56730  86.6788  13.4729 0002529  93.8592 266.2919 14.80044914173805
2023-069A               
1 56731U 23069A   26218.46392675  .00005226  00000+0  12401-3 0  9998
2 56731  40.9944 238.1263 0007339 285.5117  74.4897 15.42327067180814
2023-069B               
1 56732U 23069B   26218.65529653  .00002776  00000+0  17409-3 0  9998
2 56732  41.0081 142.3923 0012329 238.6039 121.3569 15.10940610177864
NEXTSAT-2               
1 56743U 23072A   26218.65657273  .00004442  00000+0  16340-3 0  9999
2 56743  97.5238  56.1244 0005406 185.0021 175.1165 15.28403998177308
SNIPE 4                 
1 56744U 23072B   26218.59362238  .00012692  00000+0  27767-3 0  9998
2 56744  97.5215  66.2586 0006550 132.6340 227.5461 15.44264683177886
SNIPE 2                 
1 56745U 23072C   26218.60935468  .00016930  00000+0  31009-3 0  9995
2 56745  97.5199  69.6896 0005063 152.9724 207.1791 15.49384615178040
2023-072D               
1 56746U 23072D   26217.97804575  .00128698  00000+0  63248-3 0  9994
2 56746  97.4818  78.1850 0003583 140.4481 219.7050 15.81828765178705
2023-072E               
1 56747U 23072E   26218.64357056  .00015947  00000+0  28254-3 0  9997
2 56747  97.5007  69.8652 0004392 142.1769 217.9791 15.50350027178193
2023-072F               
1 56748U 23072F   26218.59976167  .00005462  00000+0  17879-3 0  9994
2 56748  97.5094  57.2553 0005572 179.9415 180.1828 15.32096040177494
2023-072G               
1 56749U 23072G   26218.74161669  .00020876  00000+0  33078-3 0  9990
2 56749  97.4858  68.6988 0004314 139.3963 220.7612 15.53428550178302
KONDOR-FKA NO. 1        
1 56756U 23074A   26218.59032675  .00002223  00000+0  10714-3 0  9995
2 56756  97.4411  52.4330 0001459  81.6735 278.4665 15.19752328177346
2023-081A               
1 56846U 23081A   26218.56021303  .00005354  00000+0  22461-3 0  9996
2 56846  97.3668 287.7568 0002030  81.8260 278.3208 15.23900979175685
2023-081W               
1 56866U 23081W   26218.59052504  .00004128  00000+0  16587-3 0  9998
2 56866  97.2862 280.8148 0010695 184.0175 176.0979 15.25431883175715
LONGJIANG 3             
1 56874U 23082A   26217.36712056  .00012107  00000+0  33451-3 0  9992
2 56874  49.1054 152.1660 0001184  40.2861 319.8175 15.37363532176940
GEISAT PRECURSOR        
1 56934U 23084C   26218.61043479  .00004598  00000+0  13658-3 0  9998
2 56934  97.6282   1.2660 0006356 151.8955 208.2633 15.35300248175268
NUSAT-40 (C SHOEMAKER)  
1 56943U 23084M   26218.12280706  .00154531  10768-4  53433-3 0  9995
2 56943  97.4858   9.0646 0001246 235.3693 124.7462 15.89534890176708
NUSAT-41 (C PAYNE-G)    
1 56944U 23084N   26217.43598319  .00008049  00000+0  27663-3 0  9992
2 56944  97.5576 354.9645 0008344 137.7003 222.4882 15.30345027175310
GREGOIRE                
1 56946U 23084Q   26218.34917415  .00005188  00000+0  13600-3 0  9994
2 56946  97.6301   4.2264 0007190 129.9546 230.2332 15.39129911175424
BLACKJACK ACES-3        
1 56950U 23084U   26218.37572539  .00001620  00000+0  81144-4 0  9992
2 56950  97.6269 353.9832 0002395 156.7493 203.3850 15.18853195174787
RUNNER-1 (TYVAK-1005)   
1 56953U 23084X   26218.35410244  .00006368  00000+0  16902-3 0  9990
2 56953  97.6298   2.4093 0008935 129.2618 230.9420 15.38635474175316
BLACKJACK ACES-2        
1 56955U 23084Z   26218.11871091  .00004318  00000+0  21023-3 0  9990
2 56955  97.6267 353.8055 0002284 114.2343 245.9130 15.18920294174751
BLACKJACK ACES-1        
1 56956U 23084AA  26218.43526767  .00003808  00000+0  18576-3 0  9995
2 56956  97.6257 353.8946 0001989  94.6672 265.4789 15.18924053124521
ION SCV-011             
1 56957U 23084AB  26218.58637697  .00003007  00000+0  10891-3 0  9990
2 56957  98.1387  50.5555 0006355 212.4856 147.5991 15.29292484173511
GHOST-3                 
1 56958U 23084AC  26218.36742740  .00011421  00000+0  20868-3 0  9997
2 56958  97.6269   9.7113 0007561 111.9595 248.2460 15.49539022175789
ORBITER SN3             
1 56960U 23084AE  26218.58467203  .00005131  00000+0  15188-3 0  9992
2 56960  97.6332   1.1399 0008604 144.9390 215.2421 15.35333998175222
ICEYE-X25               
1 56963U 23084AH  26218.59013307  .00020665  00000+0  21964-3 0  9996
2 56963  97.5931   8.4896 0004733 117.6483 242.5256 15.64066847175845
AFR-1                   
1 56964U 23084AJ  26218.56691300  .00003145  00000+0  11450-3 0  9992
2 56964  97.6335 356.5041 0011073 154.1928 205.9866 15.28960396174929
NUSAT-42 (M WONENBURGER)
1 56966U 23084AL  26218.57366470  .00013318  00000+0  26172-3 0  9992
2 56966  97.5774   4.9170 0006459  76.6650 283.5320 15.47407023175861
LEMUR-2-EMBRIONOVIS     
1 56970U 23084AQ  26218.35887566  .00008488  00000+0  22330-3 0  9991
2 56970  97.6350   4.5483 0009662 131.1048 229.1032 15.38787710175395
AAC-HSI-SAT2            
1 56995U 23084BX  26218.61973514  .00001925  00000+0  90739-4 0  9994
2 56995  97.8315  10.7884 0012399  17.9630 342.2040 15.20760965174005
AAC-AIS-SAT2            
1 56996U 23084BY  26218.60936828  .00001386  00000+0  16240-3 0  9996
2 56996  98.1548 359.7071 0055334 294.4652  65.0796 14.85716144160861
2023-085A               
1 57004U 23085A   26218.55134172  .00007012  00000+0  23206-3 0  9996
2 57004  97.4985 329.0995 0006336 198.2291 161.8724 15.31632557174275
2023-085J               
1 57012U 23085J   26218.54680633  .00008759  00000+0  25346-3 0  9998
2 57012  97.4968 331.8688 0005349 201.7187 158.3831 15.35834692174494
2023-085L               
1 57014U 23085L   26218.75312258  .00007615  00000+0  24208-3 0  9994
2 57014  97.4991 330.1823 0003989 206.3378 153.7661 15.32906596174362
2023-085V               
1 57023U 23085V   26218.58345134  .00008340  00000+0  24852-3 0  9995
2 57023  97.4976 330.9832 0004212 240.0629 120.0196 15.34933346174429
2023-085Y               
1 57026U 23085Y   26218.56119459  .00009197  00000+0  25561-3 0  9994
2 57026  97.4995 332.8797 0004171 229.8202 130.2678 15.37089180174553
2023-085AD              
1 57031U 23085AD  26218.59871046  .00009115  00000+0  26033-3 0  9995
2 57031  97.4982 332.1102 0006811 254.0845 105.9649 15.36227591174516
2023-085AJ              
1 57036U 23085AJ  26218.55706496  .00003700  00000+0  18191-3 0  9992
2 57036  97.4892 323.5786 0005150 260.6493  99.4159 15.18642684173965
2023-085AK              
1 57037U 23085AK  26218.55474747  .00003678  00000+0  18173-3 0  9998
2 57037  97.4884 323.4240 0004518 291.9714  68.1039 15.18476058173950
2023-085AL              
1 57038U 23085AL  26218.55733441  .00008847  00000+0  25233-3 0  9996
2 57038  97.4979 331.8393 0005050 252.5122 107.5570 15.36289783174480
2023-085AS              
1 57044U 23085AS  26218.59898922  .00009707  00000+0  26018-3 0  9991
2 57044  97.4950 333.0790 0005333 253.6197 106.4462 15.38192029174597
SHIYAN-25 (SY-25)       
1 57047U 23087A   26216.98057304  .00097684  58951-5  18291-3 0  9997
2 57047  96.8608 280.5208 0009100 213.2284 146.8426 16.00948102182608
METEOR-M2 3             
1 57166U 23091A   26218.61697932 -.00000041  00000+0  10379-5 0  9992
2 57166  98.6054 272.5543 0004513  38.3169 321.8330 14.24050428161693
2023-091C               
1 57168U 23091C   26218.55765578  .00004995  00000+0  18927-3 0  9995
2 57168  97.4989 281.1280 0009291 291.1651  68.8594 15.27328782171940
2023-091D               
1 57169U 23091D   26218.59367659  .00004698  00000+0  19150-3 0  9997
2 57169  97.5073 280.2528 0008039 285.4938  74.5412 15.24927184171844
2023-091E               
1 57170U 23091E   26218.59383129  .00004744  00000+0  19338-3 0  9999
2 57170  97.5079 280.3342 0007011 274.7911  85.2526 15.24928760171844
2023-091F               
1 57171U 23091F   26218.59341344  .00004665  00000+0  19015-3 0  9997
2 57171  97.5075 280.2817 0008848 298.1239  61.9104 15.24928556171845
UMKA 1 (RS40S)          
1 57172U 23091G   26218.55050831  .00003037  00000+0  13858-3 0  9993
2 57172  97.5014 277.0617 0011005 307.9424  52.0816 15.21342845171664
2023-091H               
1 57173U 23091H   26218.56997099  .00006246  00000+0  21996-3 0  9998
2 57173  97.5011 282.1959 0007774 298.3721  61.6735 15.29650078172002
2023-091J               
1 57174U 23091J   26218.61355334  .00002090  00000+0  11779-3 0  9996
2 57174  97.5020 270.9911 0012326 340.7174  19.3590 15.14249763171264
CUBEBEL 2 (EU11S)       
1 57175U 23091K   26218.55118888  .00006905  00000+0  23791-3 0  9997
2 57175  97.5014 282.2496 0007745 299.3224  60.7242 15.30322875172007
SITRO-AIS 5 (KATYS)     
1 57176U 23091L   26218.55997392  .00006455  00000+0  22116-3 0  9993
2 57176  97.5023 282.9668 0009190 284.3525  75.6696 15.30521599172046
ZORKIY-2M 1             
1 57177U 23091M   26218.59858225  .00003638  00000+0  16461-3 0  9995
2 57177  97.5055 277.4142 0011430 304.0352  55.9797 15.21503026171661
CUBESX-HSE 3 (RS42S)    
1 57178U 23091N   26218.60404376  .00007148  00000+0  23090-3 0  9998
2 57178  97.5056 284.8610 0008558 271.1095  88.9166 15.32391546172144
2023-091P               
1 57179U 23091P   26218.55739176  .00002370  00000+0  12371-3 0  9994
2 57179  97.5058 274.0513 0013327 314.9245  45.0906 15.16849552171426
MONITOR-3 (RS58S)       
1 57180U 23091Q   26218.61285819  .00005610  00000+0  20315-3 0  9990
2 57180  97.5047 282.4522 0009505 281.7987  78.2186 15.28769660171990
2023-091R               
1 57181U 23091R   26218.56803851  .00002044  00000+0  11358-3 0  9992
2 57181  97.5031 271.8486 0013922 328.9038  31.1369 15.14771718171313
MONITOR-4 (RS57S)       
1 57182U 23091S   26218.58905994  .00005852  00000+0  21120-3 0  9994
2 57182  97.5040 282.4020 0009512 282.3297  77.6878 15.28860486171996
2023-091T               
1 57183U 23091T   26218.59093400  .00002767  00000+0  13385-3 0  9992
2 57183  97.5053 276.9132 0009423 298.6551  61.3735 15.19407384171623
MONITOR-2 (RS39S)       
1 57184U 23091U   26218.57081880  .00002902  00000+0  14054-3 0  9995
2 57184  97.5036 276.5318 0009440 301.3271  58.7038 15.19334274171608
2023-091V               
1 57185U 23091V   26218.58037031  .00012072  00000+0  29115-3 0  9999
2 57185  97.5019 290.6014 0005121 240.8303 119.2432 15.41364937172533
CSTP 1.2 (STC 1.2)      
1 57186U 23091W   26218.55770751  .00004640  00000+0  16367-3 0  9997
2 57186  97.5114 285.3318 0016104 274.8039  85.1362 15.29653182172154
SVYATOBOR 1 (RS60S)     
1 57187U 23091X   26218.58237366  .00005091  00000+0  19250-3 0  9996
2 57187  97.5053 282.6959 0007424 273.7551  86.2839 15.27401780172008
HORS 1                  
1 57188U 23091Y   26218.56407029  .00005140  00000+0  19362-3 0  9999
2 57188  97.5030 282.4338 0006900 273.2435  86.8015 15.27527288172001
VIZARD-METEO (RS38S)    
1 57189U 23091Z   26218.47992751  .00009745  00000+0  26676-3 0  9992
2 57189  97.5055 289.0188 0005672 240.1419 119.9262 15.37536732172417
POLYTECH-UNIVERSE 3 (R*)
1 57191U 23091AB  26218.59103149  .00002862  00000+0  13760-3 0  9996
2 57191  97.5012 276.0563 0013946 318.3830  41.6342 15.19550281171609
SITRO-AIS 6 (CHIRKIN)   
1 57192U 23091AC  26218.59259429  .00005475  00000+0  21040-3 0  9993
2 57192  97.5031 281.8444 0009502 290.3335  69.6882 15.26812755171979
SITRO-AIS 8 (ANOKHIN)   
1 57193U 23091AD  26218.55092454  .00007723  00000+0  24147-3 0  9992
2 57193  97.5020 284.7594 0008232 277.4514  82.5792 15.33409560172160
SITRO-AIS 7 (FARTUSHNIY)
1 57194U 23091AE  26218.73753100  .00005186  00000+0  20146-3 0  9991
2 57194  97.5027 281.7875 0009451 291.1092  68.9136 15.26479184171985
AVION KALUGA 650        
1 57195U 23091AF  26218.56908169  .00003307  00000+0  15295-3 0  9992
2 57195  97.5053 277.9477 0008564 298.5420  61.4953 15.20838776171682
HORS 2                  
1 57196U 23091AG  26218.57213046  .00007117  00000+0  22516-3 0  9994
2 57196  97.5052 286.3216 0006161 258.3506 101.7045 15.33076146172249
A-SEANSAT-PG1           
1 57197U 23091AH  26218.57099848  .00010327  00000+0  27288-3 0  9995
2 57197  97.5043 289.2784 0005416 248.4498 111.6170 15.38613745172453
SITRO-AIS 10 (BURDAEV)  
1 57199U 23091AK  26218.55703862  .00011868  00000+0  29516-3 0  9990
2 57199  97.5045 290.3608 0005020 238.3014 121.7742 15.40437248172517
2023-091AL              
1 57200U 23091AL  26218.75234366  .00022672  00000+0  42798-3 0  9995
2 57200  97.5010 294.9377 0005246 214.1755 145.9158 15.48456253172827
SITRO-AIS 9 (SHCHUKIN)  
1 57201U 23091AM  26218.60020410  .00011079  00000+0  28061-3 0  9999
2 57201  97.5042 290.0937 0005229 239.6015 120.4714 15.39897292172507
CSTP 1.1 (STC 1.1)      
1 57202U 23091AN  26218.59099329  .00002886  00000+0  13899-3 0  9992
2 57202  97.5080 277.1221 0007712 297.9411  62.1042 15.19544645171614
UTMN 2 (RS27S)          
1 57203U 23091AP  26218.59467709  .00007354  00000+0  23166-3 0  9997
2 57203  97.5051 286.5461 0006220 252.7941 107.2620 15.33202140172265
SITRO-AIS 12 (SMIRENNIY)
1 57204U 23091AQ  26218.58117985  .00010649  00000+0  26721-3 0  9996
2 57204  97.5056 290.5734 0005054 231.6053 128.4740 15.40193742172525
2023-091AS              
1 57206U 23091AS  26218.47765580  .00088139  00000+0  64324-3 0  9996
2 57206  97.4988 301.7644 0005001 200.8837 159.2223 15.72985622173277
SITRO-AIS 11 (SHEFFER)  
1 57208U 23091AU  26218.58006812  .00011711  00000+0  28910-3 0  9999
2 57208  97.5053 290.8521 0005029 230.9003 129.1796 15.40666432172544
KUZGTU 1 (RS47S)        
1 57217U 23091AV  26218.57613500  .00006261  00000+0  21195-3 0  9998
2 57217  97.5028 283.5977 0008797 276.6865  83.3374 15.30928814172084
HULIANWANG JISHU SHIYAN*
1 57288U 23095A   26218.60141586  .00000041  00000+0  48180-4 0  9998
2 57288  86.5068 347.3275 0018992  54.5590 305.7323 13.39545302150502
HULIANWANG JISHU SHIYAN*
1 57289U 23095B   26218.59276711  .00000041  00000+0  47610-4 0  9993
2 57289  86.5069 347.3401 0017529  53.0376 307.2369 13.39553858150508
STARLING 4              
1 57386U 23100A   26218.58403028  .00000972  00000+0  71116-4 0  9991
2 57386  99.5093 248.0795 0005607 316.0913  43.9862 15.06918269167498
STARLING 2              
1 57387U 23100B   26218.65091785  .00000947  00000+0  69519-4 0  9999
2 57387  99.5091 248.1811 0004691 329.5472  30.5476 15.06905245167503
STARLING 1              
1 57388U 23100C   26218.65063066  .00001135  00000+0  82036-4 0  9990
2 57388  99.5129 248.8110 0006222 113.1351 247.0526 15.06914177167505
STARLING 3              
1 57389U 23100D   26218.56450940  .00003621  00000+0  21084-3 0  9999
2 57389  99.5046 251.6429 0004164 314.9447  45.1439 15.12936984167685
LEMUR-2-DEVERILL-M-T    
1 57391U 23100F   26218.42930240  .00016237  00000+0  38112-3 0  9990
2 57391  99.4436 271.7960 0006039 214.2631 145.8220 15.42164147168980
LEO 3                   
1 57392U 23100G   26218.34394359 -.00000032  00000+0  14995-4 0  9998
2 57392  99.5695 342.2108 0017442 245.2865 114.6465 13.68421053152504
TIANMU-1 07             
1 57399U 23101A   26218.71833662  .00003833  00000+0  13310-3 0  9992
2 57399  97.2562 268.2344 0001580   8.7365 351.3904 15.30352744169373
TIANMU-1 08             
1 57400U 23101B   26218.61948178  .00003785  00000+0  13149-3 0  9999
2 57400  97.2551 267.9011 0002218 324.0676  36.0416 15.30353076169351
TIANMU-1 09             
1 57401U 23101C   26218.73235344  .00003889  00000+0  13480-3 0  9990
2 57401  97.2510 267.4018 0002142   2.1463 357.9787 15.30404205169372
TIANMU-1 10             
1 57402U 23101D   26218.63550204  .00003893  00000+0  13504-3 0  9997
2 57402  97.2589 268.4093 0003272 338.0671  22.0430 15.30376741169356
QIANKUN-1               
1 57422U 23103B   26217.15747052  .00001700  16395-5  26143-5 0  9996
2 57422  96.1363 258.5194 0028122 129.5047 230.8732 16.07706740175160
2023-104A               
1 57424U 23104A   26218.76900755  .00005895  00000+0  17073-3 0  9997
2 57424  97.2668 286.3411 0005171 297.9911  62.0810 15.35942366169804
2023-104C               
1 57426U 23104C   26218.20829656  .00004841  00000+0  18434-3 0  9990
2 57426  97.2582 280.9672 0018859 214.1701 145.8326 15.27033378169431
YAOGAN-36 05A           
1 57452U 23106A   26218.74802569  .00004716  00000+0  19684-3 0  9993
2 57452  35.0053  99.7136 0000932 204.0153 156.0519 15.23059649168865
YAOGAN-36 05B           
1 57454U 23106C   26218.20133034  .00003490  00000+0  17329-3 0  9992
2 57454  34.9937 129.1821 0021779 191.7912 168.2293 15.16979302168461
YAOGAN-36 05C           
1 57456U 23106E   26218.45953705  .00003862  00000+0  19232-3 0  9994
2 57456  34.9927 127.3836 0000529  40.6756 319.3996 15.17052402168504
FENGYUN 3F              
1 57490U 23111A   26218.63862184  .00000000  00000+0  20541-4 0  9995
2 57490  98.6811 287.6997 0000841  82.2211 277.9061 14.19946613156027
HJ-2F                   
1 57519U 23116A   26218.65722808  .00004148  00000+0  17943-3 0  9990
2 57519  97.3868 223.0239 0007173 212.4465 147.6332 15.22976941166435
2023-117C               
1 57582U 23117C   26218.65801137  .00013853  00000+0  31786-3 0  9998
2 57582  97.4038 300.4178 0006972  65.2560 294.9412 15.42816879166343
2023-117F               
1 57585U 23117F   26218.75272372  .00012818  00000+0  25474-3 0  9992
2 57585  97.4174 305.9753 0006287  52.7005 307.4817 15.47085868166665
HEAD-3A                 
1 57626U 23121A   26218.75377206  .00000382  00000+0  10994-3 0  9999
2 57626  45.0030  63.0413 0006808 184.5232 175.5565 14.60747301158971
HEAD-3B                 
1 57627U 23121B   26218.59915396  .00000392  00000+0  11003-3 0  9993
2 57627  45.0042  56.6461 0005654 175.0933 184.9981 14.61654123159042
HEAD-3C                 
1 57628U 23121C   26218.59968271  .00000397  00000+0  10953-3 0  9992
2 57628  45.0001  50.7793 0006215 176.0885 184.0023 14.62329885159113
HEAD-3D                 
1 57629U 23121D   26218.60384008  .00000416  00000+0  11192-3 0  9993
2 57629  45.0057  45.8309 0007512 173.5414 186.5542 14.63001503159189
HEAD-3E                 
1 57630U 23121E   26218.66485603  .00000450  00000+0  11623-3 0  9991
2 57630  45.0036  38.1767 0007991 167.5880 192.5177 14.63937044159282
GAOFEN-12 04            
1 57654U 23123A   26218.64618250  .00000575  00000+0  83245-4 0  9991
2 57654  97.9088 135.9015 0001883 355.4782   4.6412 14.79812216160092
CAPELLA-11 (ACADIA-1)   
1 57693U 23126A   26217.71583973  .00002907  00000+0  35403-3 0  9990
2 57693  53.0111 329.6550 0000743 147.0269 213.0757 14.86209364159481
JILIN-1 KUANFU 02A      
1 57696U 23127A   26218.53792276  .00003020  00000+0  18448-3 0  9990
2 57696  97.5560 311.7257 0012128 158.7194 201.4542 15.10985331163231
YAOGAN-39 01A           
1 57727U 23130A   26217.03900894  .00005560  00000+0  23095-3 0  9995
2 57727  35.0023 181.5118 0004021 230.7756 129.2602 15.23170188163160
YAOGAN-39 01B           
1 57728U 23130B   26218.42298769  .00002372  00000+0  11998-3 0  9998
2 57728  34.9926 199.3409 0009441 178.1674 181.9075 15.16675391163118
YAOGAN-39 01C           
1 57731U 23130E   26218.41843531  .00002580  00000+0  13025-3 0  9998
2 57731  34.9917 199.2738 0008585  45.0770 315.0638 15.16717617163093
WILDFIRE 4              
1 57756U 23133A   26218.37120790  .00000100  00000+0  76632-4 0  9998
2 57756  81.0047 317.9261 0009477 213.3606 146.6955 13.86366744148073
BB4                     
1 57757U 23133B   26218.04478723  .00001083  00000+0  18141-3 0  9996
2 57757  81.0011 306.3934 0009036 176.2545 183.8727 14.69194431148719
WILDFIRE 3              
1 57758U 23133C   26218.61952227  .00000062  00000+0  43895-4 0  9997
2 57758  80.9994 317.4735 0008195 211.5888 148.4777 13.86286353148083
BB3                     
1 57760U 23133D   26218.00754482  .00001236  00000+0  16034-3 0  9994
2 57760  80.9971 295.0323 0032825 158.1600 202.1017 14.79826197149388
WILDFIRE 7              
1 57761U 23133E   26218.41666062  .00000040  00000+0  25824-4 0  9996
2 57761  81.0018 319.7444 0004493 253.8513 106.2149 13.85109457147946
CHECKMATE 10            
1 57762U 23133F   26218.60248799  .00000034  00000+0  19837-4 0  9991
2 57762  81.0030 319.0048 0005776 224.0655 136.0042 13.85474406148017
WILDFIRE 6              
1 57763U 23133G   26218.37039875  .00000081  00000+0  61555-4 0  9995
2 57763  80.9975 318.9317 0005240 237.4706 122.5945 13.85469287147968
WILDFIRE 1              
1 57764U 23133H   26218.43143159  .00000062  00000+0  44784-4 0  9998
2 57764  81.0025 318.7151 0005934 216.7824 143.2926 13.85738880148016
WILDFIRE 9              
1 57765U 23133J   26218.61473317  .00000088  00000+0  68019-4 0  9996
2 57765  81.0066 319.5713 0005338 228.2142 131.8558 13.85391274148009
WILDFIRE 10             
1 57766U 23133K   26218.52055006  .00000080  00000+0  60482-4 0  9996
2 57766  81.0053 319.1601 0006026 219.8276 140.2439 13.85613083148015
WILDFIRE 2              
1 57767U 23133L   26218.74765648  .00000090  00000+0  69355-4 0  9990
2 57767  80.9987 318.8688 0004495 232.7422 127.3325 13.85498206148003
WILDFIRE 8              
1 57768U 23133M   26218.37049075  .00000184  00000+0  15209-3 0  9991
2 57768  80.9978 318.7527 0005241 228.4759 131.5948 13.85440365147987
WILDFIRE 5              
1 57769U 23133N   26218.55083197  .00000083  00000+0  63489-4 0  9997
2 57769  81.0065 319.4706 0005736 225.8720 134.1966 13.85546572148002
TIANQI-21               
1 57792U 23135A   26218.75868610  .00000254  00000+0  18165-3 0  9998
2 57792  49.9728 299.5333 0013021  74.9093 285.3258 14.23146128151837
TIANQI-22               
1 57793U 23135B   26218.59667280 -.00000042  00000+0  51319-4 0  9996
2 57793  49.9694 300.3576 0012416  78.9231 281.3077 14.23269752151806
TIANQI-23               
1 57794U 23135C   26218.56718518  .00000038  00000+0  86922-4 0  9997
2 57794  49.9732 300.5872 0013286  78.0769 282.1632 14.23064970151805
TIANQI-24               
1 57795U 23135D   26218.58198489 -.00000176  00000+0 -73830-5 0  9999
2 57795  49.9740 300.7398 0013439  78.4402 281.8019 14.23165815151803
YAOGAN-33 03            
1 57797U 23136A   26218.74680534  .00000243  00000+0  61865-4 0  9994
2 57797  98.1930 142.3801 0008675  37.8450 322.3357 14.58765025155301
XRISM                   
1 57800U 23137A   26218.60435158  .00003212  00000+0  17274-3 0  9998
2 57800  31.0034  32.9204 0007456 111.7731 248.3702 15.12851773160504
YAOGAN-40 01A           
1 57830U 23139A   26218.59304620  .00000089  00000+0  37952-4 0  9995
2 57830  85.9875 237.3324 0002284  87.2525 272.8919 14.12456340149817
YAOGAN-40 01B           
1 57832U 23139C   26218.59319198  .00000106  00000+0  47040-4 0  9992
2 57832  85.9874 237.3096 0002293  85.6009 274.5436 14.12457529149827
YAOGAN-40 01C           
1 57833U 23139D   26218.59312743  .00000109  00000+0  48625-4 0  9995
2 57833  85.9879 236.5974 0001469  84.5651 275.5700 14.12456194149927
YAOGAN-39 02A           
1 57886U 23145A   26218.41103666  .00003789  00000+0  15839-3 0  9990
2 57886  35.0026 244.6039 0001314  40.6803 319.4010 15.23078253160832
YAOGAN-39 02B           
1 57889U 23145D   26218.55902610  .00002648  00000+0  13365-3 0  9999
2 57889  34.9909 270.2294 0009060 198.3282 161.7105 15.16702557160543
YAOGAN-39 02C           
1 57890U 23145E   26189.20238164  .00003765  00000+0  18230-3 0  9993
2 57890  34.9938  93.1935 0007040 250.0204 109.9751 15.18020738156055
SKYKRAFT-3D             
1 57956U 23084BZ  26218.42232431  .00414056  82532-4  56980-3 0  9994
2 57956  97.6030  23.9137 0004775 264.5288  95.5448 16.06131333163161
YAOGAN-33 04            
1 57958U 23149A   26218.74741729  .00000263  00000+0  66040-4 0  9993
2 57958  98.1993 167.4797 0001188 115.0849 245.0474 14.58773727152377
YAOGAN-39 03A           
1 57986U 23152A   26217.42406481  .00006690  00000+0  27816-3 0  9992
2 57986  35.0025 322.8732 0004202 250.9805 109.0455 15.23095901157952
YAOGAN-39 03B           
1 57988U 23152C   26218.62768553  .00002860  00000+0  14306-3 0  9993
2 57988  34.9909 342.0350 0027277 316.0505  43.8039 15.16693245157850
YAOGAN-39 03C           
1 57990U 23152E   26218.62442550  .00003095  00000+0  15556-3 0  9991
2 57990  34.9912 341.9856 0017807 231.5533 128.3581 15.16668604157825
THEOS-2 (T2V)           
1 58016U 23155A   26218.62704816  .00000461  00000+0  65217-4 0  9994
2 58016  97.8850 288.8411 0001537  97.2374 262.9014 14.81670834152890
FORMOSAT-7R (TRITON)    
1 58017U 23155B   26218.16324673  .00001034  00000+0  10959-3 0  9992
2 58017  97.8337 299.2061 0000388  95.4572 264.6691 14.91251039153671
ANSER FOLLOWER 2        
1 58018U 23155C   26216.85796434  .00036273  00000+0  57976-3 0  9998
2 58018  97.5509 308.2882 0002370 188.9638 171.1573 15.53083983156490
ANSER FOLLOWER 1        
1 58019U 23155D   26218.52056214  .00055246  00000+0  84973-3 0  9998
2 58019  97.5502 310.6886 0003701 188.2584 171.8609 15.54052520156757
NESS                    
1 58020U 23155E   26218.20409287  .00009363  00000+0  30834-3 0  9993
2 58020  97.5890 305.1416 0005865  37.9126 322.2527 15.31697211156143
CSC-2                   
1 58021U 23155F   26218.48718485  .00005324  00000+0  23166-3 0  9990
2 58021  97.5398 295.3062 0006102  71.4345 288.7554 15.22663142155832
CSC-1                   
1 58022U 23155G   26218.18234086  .00001547  00000+0  96221-4 0  9994
2 58022  97.5334 286.9073 0009494  74.5660 285.6618 15.11075439155282
PRETTY                  
1 58023U 23155H   26218.47419957  .00003213  00000+0  13407-3 0  9995
2 58023  97.5668 300.5494 0001905 150.7183 209.4161 15.24418505156017
MACSAT (FINCH 1)        
1 58024U 23155J   26218.75040385  .00002478  00000+0  11513-3 0  9990
2 58024  97.5759 301.0177 0001159 211.6013 148.5153 15.20953049156010
PVCC                    
1 58025U 23155K   26218.62139622  .00003713  00000+0  19405-3 0  9991
2 58025  97.5676 295.0366 0003060 338.3561  21.7542 15.16506864155623
YUNHAI-1 04             
1 58073U 23159A   26218.64577799 -.00000041  00000+0  70705-6 0  9996
2 58073  98.4972 243.4179 0002221  66.1463 293.9953 14.32597559147021
YAOGAN-39 04A           
1 58141U 23163A   26218.64347236  .00005883  00000+0  24485-3 0  9997
2 58141  35.0015  27.4234 0004237  99.1995 260.9199 15.23091117155271
YAOGAN-39 04B           
1 58143U 23163C   26218.66404279  .00003197  00000+0  16235-3 0  9992
2 58143  34.9942  54.1856 0010492 298.1036  61.8615 15.16397220154988
YAOGAN-39 04C           
1 58145U 23163E   26197.39251191  .00003084  00000+0  14960-3 0  9991
2 58145  34.9886 186.3787 0007677 293.3959  66.5946 15.18021643151767
COSMOS 2570             
1 58148U 23165A   26218.60085661 -.00000062  00000+0  92645-5 0  9993
2 58148  67.1479 166.9030 0007178 271.3620  88.6642 13.96674820141670
COSMOS 2571             
1 58172U 23165C   26214.18041535 -.00000036  00000+0  27835-4 0  9990
2 58172  67.1494 175.4703 0019516 287.8794  72.0163 13.97337765140780
TIANHUI 5A              
1 58199U 23168A   26218.52503069  .00000245  00000+0  32973-4 0  9999
2 58199  97.8225 225.1900 0001833 106.5237 253.6181 14.87577690150089
TIANHUI 5B              
1 58201U 23168C   26218.52503320  .00000238  00000+0  32134-4 0  9994
2 58201  97.8210 225.1882 0001974  77.3304 282.8133 14.87579475150086
ORBASTRO-PC-1           
1 58258U 23174C   26218.61946727  .00015497  00000+0  26732-3 0  9994
2 58258  97.3760 305.8306 0004802 350.1808   9.9349 15.51108467153287
LEMUR-2-BASS            
1 58259U 23174D   26218.50539146  .00009481  00000+0  20506-3 0  9995
2 58259  97.3826 303.9735 0005754   0.9799 359.1460 15.44688807153122
PLATERO                 
1 58262U 23174G   26218.54207331  .00022760  00000+0  21133-3 0  9993
2 58262  97.3917 319.0729 0003524 247.4593 112.6295 15.67450964154069
BRO-11                  
1 58264U 23174J   26218.62097250  .00002561  00000+0  96985-4 0  9996
2 58264  97.3879 295.0088 0011035  38.0213 322.1803 15.27779813152455
FLOCK 4Q-16             
1 58271U 23174R   26218.19209111  .00014330  00000+0  24567-3 0  9990
2 58271  97.3789 307.5268 0005246   0.7048 359.4211 15.51298144153324
FLOCK 4Q-11             
1 58273U 23174T   26218.22151990  .00031742  00000+0  52486-3 0  9994
2 58273  97.3821 308.2224 0004762 348.0143  12.0995 15.52152282153345
GENMAT-1                
1 58276U 23174W   26218.18269768  .00005428  00000+0  15972-3 0  9996
2 58276  97.3650 295.9717 0006508  20.3722 339.7780 15.35480209152647
FLOCK 4Q-28             
1 58280U 23174AA  26218.25410342  .00018820  00000+0  25219-3 0  9990
2 58280  97.3864 311.2034 0003316 329.1891  30.9169 15.58025301153537
FLOCK 4Q-27             
1 58282U 23174AC  26218.18883404  .00021261  00000+0  28251-3 0  9999
2 58282  97.3792 310.5270 0002473 333.3777  26.7351 15.58227193153535
PICO-01B009             
1 58287U 23174AH  26217.34683156  .03636651  24675-5  74699-3 0  9998
2 58287  97.3509 318.8125 0014274 271.4369  88.5290 16.30899939154002
ICEYE-X31               
1 58288U 23174AJ  26218.65505692  .00009968  00000+0  28771-3 0  9994
2 58288  97.3750 294.4286 0003913 131.6545 228.5034 15.35874842152492
FALCONSAT-10            
1 58291U 23174AM  26218.19933504  .00002679  00000+0  10041-3 0  9997
2 58291  97.3772 293.7504 0008641  22.4086 337.7529 15.28103122152406
ICEYE-X34               
1 58294U 23174AQ  26218.49671791  .00159586  00000+0  88384-3 0  9995
2 58294  97.3826 312.5670 0004972 249.0834 110.9901 15.79110637153641
SPACEVAN-001            
1 58295U 23174AR  26217.18366199  .00000005  00000+0  14461-5 0  9992
2 58295  97.4002 316.2002 0006119 246.8262 113.2350 15.59095364153779
PELICAN-1               
1 58296U 23174AS  26218.01649796  .00007776  00000+0  60120-4 0  9997
2 58296  97.3942 321.4254 0003919 161.4946 198.6461 15.72201506153991
UMBRA-07                
1 58297U 23174AT  26218.61559597  .00004665  00000+0  29095-3 0  9992
2 58297  97.3765 272.4885 0001454 231.6161 128.4938 15.09992725151023
SPIP                    
1 58298U 23174AU  26218.64758067  .00002714  00000+0  10183-3 0  9990
2 58298  97.3817 294.6820 0009377  18.8114 341.3471 15.28057707152484
AETHER-2                
1 58299U 23174AV  26218.52981409  .00003514  00000+0  10551-3 0  9994
2 58299  97.3883 301.8939 0005911 343.5838  16.5213 15.35100441152950
ION SCV-013             
1 58300U 23174AW  26218.62006270  .00001687  00000+0  11007-3 0  9998
2 58300  97.6124 273.0272 0098736  25.6319 334.9754 15.05328560149126
LEO EXPRESS 1           
1 58301U 23174AX  26218.21015915  .00005716  00000+0  15084-3 0  9996
2 58301  97.5168 304.7480 0069414 303.7849  55.6796 15.36437373152579
ICEYE-X35               
1 58302U 23174AY  26218.63148341  .00030522  00000+0  41715-3 0  9996
2 58302  97.3761 304.7702 0005437  13.3188 346.8210 15.57388230153183
FLOCK 4Q-7              
1 58318U 23174BQ  26218.52179828  .00017756  00000+0  23217-3 0  9996
2 58318  97.3893 311.8374 0003851 301.0843  59.0035 15.58690854153584
FLOCK 4Q-2              
1 58320U 23174BS  26218.72357366  .00016955  00000+0  28522-3 0  9990
2 58320  97.3835 308.4435 0003377 309.5165  50.5789 15.51801939153433
PROTOMETHEE             
1 58321U 23174BT  26217.27500425  .00005529  00000+0  18183-3 0  9993
2 58321  97.3743 295.4601 0007125   5.1913 354.9401 15.31917049152481
FLOCK 4Q-9              
1 58322U 23174BU  26218.21609383  .00019015  00000+0  31225-3 0  9999
2 58322  97.3824 308.0564 0003876 315.7242  44.3701 15.52452546153343
OBSERVER-1A             
1 58323U 23174BV  26218.61139770  .00006878  00000+0  17639-3 0  9998
2 58323  97.3921 302.8420 0006749 346.6781  13.4286 15.39657823152960
PICO-01A003             
1 58326U 23174BY  26218.51915212  .00013565  00000+0  26036-3 0  9995
2 58326  97.3770 304.8304 0004357 352.9535   7.1653 15.48090460153190
FLOCK 4Q-4              
1 58327U 23174BZ  26218.18809349  .00013680  00000+0  23903-3 0  9990
2 58327  97.3800 307.0822 0003720 357.7820   2.3414 15.50779397153309
FLOCK 4Q-13             
1 58328U 23174CA  26218.19495742  .00013568  00000+0  21307-3 0  9991
2 58328  97.3988 310.5505 0004183 329.9868  30.1145 15.53770726153435
OUTPOST MISSION 2       
1 58334U 23174CG  26218.72700390  .00028528  00000+0  33361-3 0  9990
2 58334  97.3948 313.7474 0003271 278.2298  81.8588 15.61542092153704
LEMUR-2-JK0903EM1407    
1 58336U 23174CJ  26218.53333944  .00017413  00000+0  26889-3 0  9996
2 58336  97.3908 310.5115 0002850 281.7456  78.3478 15.54183857153549
LEMUR-2-MJR092620       
1 58340U 23174CN  26218.19936786  .00011270  00000+0  22787-3 0  9994
2 58340  97.3960 309.2104 0004063 295.4598  64.6231 15.46627433153372
HAIYANG-3A              
1 58349U 23176A   26218.74959523  .00000025  00000+0  24569-4 0  9997
2 58349  98.5445 296.1378 0008645 229.4697 130.5736 14.34135439142564
MALLIGYONG-1            
1 58400U 23179A   26218.63579108  .00001772  00000+0  78453-4 0  9994
2 58400  97.2944  98.7487 0007567 199.1979 160.8974 15.22906514150430
CHUANGXIN 20A (CX-20A)  
1 58425U 23181A   26218.64305309 -.00000087  00000+0  73495-4 0  9995
2 58425  49.9590 141.6976 0013539  58.8445 301.3758 13.41501301132520
CHUANGXIN 20B (CX-20B)  
1 58426U 23181B   26218.65123590 -.00000072  00000+0  10029-3 0  9994
2 58426  49.9588 141.7275 0011534  61.6660 298.5379 13.41495863132515
CHUANGXIN 20C (CX-20C)  
1 58427U 23181C   26218.64876885 -.00000080  00000+0  85851-4 0  9991
2 58427  49.9589 141.7156 0011811  50.0672 310.1241 13.41489707132528
COSMOS 2572             
1 58435U 23182A   26217.90164794  .00058975  31053-5  19830-3 0  9994
2 58435  96.6803 321.1731 0006067 159.1522 201.0002 15.90172246156353
GNOMES-4                
1 58462U 23185A   26218.61839300  .00001954  00000+0  15708-3 0  9995
2 58462  97.4804 273.9250 0010103 141.1323 219.0630 15.01090560146859
KORSAT-7                
1 58463U 23185B   26218.65365846  .00001511  00000+0  12219-3 0  9992
2 58463  97.6380 282.0896 0024188 149.7249 210.5378 15.01054635146855
KOYOH                   
1 58464U 23185C   26218.64210222  .00003587  00000+0  17610-3 0  9994
2 58464  97.5286 290.6611 0008268 125.2601 234.9408 15.18709224147788
UHETSAT                 
1 58466U 23185E   26218.62999891  .00003998  00000+0  13232-3 0  9992
2 58466  97.3443 285.6533 0014228 127.5756 232.6780 15.31816357149016
ION SCV-015             
1 58469U 23185H   26218.64485074  .00003922  00000+0  12316-3 0  9999
2 58469  97.5753 308.6227 0007335 280.9064  79.1353 15.33621062148814
XINGCHI-1 02A           
1 58496U 23187A   26218.76378241  .00000859  00000+0  10853-3 0  9991
2 58496  97.9249 301.2976 0010967 347.0365  13.0566 14.84400806144626
MISRSAT-2               
1 58497U 23187B   26218.65215175  .00000690  00000+0  90731-4 0  9993
2 58497  97.9256 300.1894 0010430 350.0168  10.0837 14.83352584144527
XINGCHI-1 02B           
1 58498U 23187C   26218.65625029  .00000853  00000+0  10401-3 0  9993
2 58498  97.9283 302.5654 0009936 343.0875  17.0007 14.85943201144670
DOORY-SAT               
1 58500U 23188A   26218.65208497  .00000760  00000+0  12411-3 0  9994
2 58500  46.9832  47.7059 0008893 275.2683  84.7197 14.80740002144477
2023-189A               
1 58502U 23189A   26218.75183795  .00002920  00000+0  91879-4 0  9997
2 58502  97.4375 237.3176 0012872  81.2681 279.0019 15.33702681148964
CHUANGXIN 19 (CX-19)    
1 58505U 23190A   26218.74517831  .00000042  00000+0  49014-4 0  9990
2 58505  86.5062 315.0911 0001576  91.7441 268.3883 13.39555257131465
HONGHU 2                
1 58555U 23193C   26218.49142254  .00017422  00000+0  30111-3 0  9990
2 58555  97.2819 208.6085 0041464  90.4484 270.1519 15.50041629109753
YAOGAN-39 05A           
1 58557U 23194A   26218.37679753  .00005351  00000+0  22317-3 0  9996
2 58557  35.0006 101.7450 0005130  35.7287 324.3770 15.23044376148010
YAOGAN-39 05B           
1 58558U 23194B   26218.43707693  .00002875  00000+0  14634-3 0  9990
2 58558  34.9914 127.7577 0011212   1.1564 358.9173 15.16356605147739
YAOGAN-39 05C           
1 58559U 23194C   26217.45288480  .00003838  00000+0  19363-3 0  9994
2 58559  34.9902 133.8958 0014776  99.4744 260.7639 15.16519466147616
ALISIO-1                
1 58562U 23185M   26218.64059664  .00002024  00000+0  10468-3 0  9993
2 58562  97.5342 291.7220 0007591 132.4078 227.7799 15.17387531146205
QPS-SAR-5 (TSUKUYOMI-I) 
1 58578U 23196A   26218.66272850  .00006053  00000+0  25411-3 0  9998
2 58578  42.0106  88.1991 0028625 262.7622  96.9958 15.23659682145940
COSMOS 2573             
1 58614U 23201A   26218.64034481  .00002170  00000+0  89478-4 0  9990
2 58614  97.6297 169.0418 0001564 130.7234 229.4139 15.25193266146170
TIANMU-1 11             
1 58645U 23205A   26218.63492606  .00003363  00000+0  12774-3 0  9993
2 58645  97.3448 239.4140 0008889 172.8758 187.2609 15.27467205145225
TIANMU-1 12             
1 58646U 23205B   26218.61185672  .00003445  00000+0  13215-3 0  9996
2 58646  97.3438 239.1246 0008224 157.4292 202.7310 15.27131636145200
TIANMU-1 13             
1 58647U 23205C   26216.80879877  .00005053  00000+0  19162-3 0  9997
2 58647  97.3463 237.6416 0008128 142.1460 218.0352 15.27288563144928
TIANMU-1 14             
1 58648U 23205D   26216.72709472  .00004986  00000+0  18882-3 0  9994
2 58648  97.3399 236.7050 0008768 147.9670 212.2104 15.27330647144918
TIANMU-1 19             
1 58660U 23208A   26218.58256536  .00005069  00000+0  16502-3 0  9995
2 58660  97.4533 335.1758 0006234 128.1834 231.9970 15.32301490145045
TIANMU-1 20             
1 58661U 23208B   26218.58128568  .00005116  00000+0  16041-3 0  9990
2 58661  97.4477 335.8625 0008153 137.0692 223.1188 15.33492772145146
TIANMU-1 21             
1 58662U 23208C   26218.62190041  .00006029  00000+0  17452-3 0  9992
2 58662  97.4538 338.8084 0008288 130.1245 230.0726 15.35943591145309
TIANMU-1 22             
1 58663U 23208D   26218.58230155  .00004601  00000+0  15278-3 0  9997
2 58663  97.4529 335.0670 0004634 143.9162 216.2392 15.31724116145043
HULIANWANG JISHU SHIYAN*
1 58691U 23212A   26218.58806507 -.00000111  00000+0  31591-4 0  9993
2 58691  49.9995 159.0885 0001111 298.0704  62.0061 13.41460427128015
HULIANWANG JISHU SHIYAN*
1 58692U 23212B   26218.58134882 -.00000112  00000+0  28223-4 0  9993
2 58692  49.9963 159.4653 0001244 284.5286  75.5453 13.41458969128012
HULIANWANG JISHU SHIYAN*
1 58693U 23212C   26218.58454657 -.00000104  00000+0  42520-4 0  9996
2 58693  49.9977 159.5825 0001056 273.7104  86.3652 13.41463490128027
XPOSAT                  
1 58694U 24001A   26190.84730305  .00001398  00000+0  97713-4 0  9998
2 58694   5.9881  25.1227 0008638  85.4557 274.6557 14.79335705136384
TIANMU-1 15             
1 58700U 24004A   26218.62382752  .00003572  00000+0  13703-3 0  9997
2 58700  97.4679  44.8213 0008023 147.9881 212.1846 15.27127458143472
TIANMU-1 16             
1 58701U 24004B   26218.74281646  .00003375  00000+0  12923-3 0  9995
2 58701  97.4628  44.1449 0006328 159.0843 201.0656 15.27231701143494
TIANMU-1 17             
1 58702U 24004C   26218.59730171  .00003618  00000+0  13836-3 0  9995
2 58702  97.4655  44.5026 0005714 163.1682 196.9747 15.27227043143469
TIANMU-1 18             
1 58703U 24004D   26218.57467435  .00003393  00000+0  13031-3 0  9991
2 58703  97.4671  44.7447 0005758 145.0409 215.1209 15.27135882143467
UNICORN-2L              
1 58727U 23185R   26218.63894662  .00004923  00000+0  21812-3 0  9995
2 58727  97.5361 292.5823 0014080 132.5845 227.6582 15.22015057142461
EINSTEIN PROBE          
1 58753U 24007A   26218.40282013  .00001621  00000+0  10906-3 0  9998
2 58753  28.9978 246.8138 0009592  22.6027 337.4993 15.02105714141122
NANOFF B                
1 58755U 23185S   26218.66984516  .00002479  00000+0  14549-3 0  9990
2 58755  97.5230 285.4329 0013673 127.3305 232.9174 15.12587411141506
YUNYAO-1 18             
1 58758U 24009A   26218.59316759  .00005238  00000+0  22254-3 0  9997
2 58758  50.0225 265.6546 0004172 117.7112 242.4267 15.24598699142537
YUNYAO-1 19             
1 58759U 24009B   26218.61973727  .00004079  00000+0  20788-3 0  9997
2 58759  49.9827 280.7394 0004205 131.8608 228.2704 15.18843307142334
YUNYAO-1 20             
1 58760U 24009C   26218.61334772  .00003647  00000+0  18655-3 0  9990
2 58760  49.9771 278.7502 0003026 143.5833 216.5326 15.19015330142352
NANOFF A                
1 58810U 23185T   26218.66981817  .00002422  00000+0  14230-3 0  9998
2 58810  97.5228 285.4061 0011378 129.2557 230.9685 15.12592018140679
SORAYA                  
1 58817U 24015A   26218.64813231 -.00000011  00000+0  28903-4 0  9996
2 58817  64.5145 294.2937 0009223 282.2866  77.7187 14.42729343134051
2024-016A               
1 58820U 24016A   26218.72479369  .00023357  00000+0  31102-3 0  9991
2 58820  97.4471 316.2228 0005898 208.2792 151.8144 15.58136561141934
2024-016B               
1 58821U 24016B   26218.37399686  .00206603  17908-4  64118-3 0  9996
2 58821  97.4403 319.4553 0008215 253.1429 106.8943 15.91588422142109
2024-016C               
1 58822U 24016C   26218.76468083  .00004546  00000+0  17976-3 0  9990
2 58822  97.4345 299.0603 0010453  29.8247 330.3585 15.25940730140843
2024-016D               
1 58823U 24016D   26218.65274939  .00022337  00000+0  32010-3 0  9998
2 58823  97.4297 310.5324 0005448 231.9204 128.1560 15.56167326141614
AAC-HSI-SAT3            
1 58848U 23174DH  26218.63824806  .00001563  00000+0  84677-4 0  9996
2 58848  97.3375 276.3607 0010365 183.1796 176.9373 15.15995802151547
2024-018A               
1 58849U 24018A   26218.66461931  .00001715  00000+0  20348-3 0  9997
2 58849  58.6864  52.8989 0431990 164.5268 196.9463 14.39676695132440
2024-018B               
1 58850U 24018B   26218.64304081  .00002845  00000+0  30805-3 0  9993
2 58850  58.6941  39.8975 0414249 167.7908 193.3544 14.44109220132680
2024-018C               
1 58851U 24018C   26218.64148520  .00002104  00000+0  24204-3 0  9992
2 58851  58.6841  46.0753 0424351 167.1157 194.1133 14.41244446132566
LEMUR-2-NIMBUS2000      
1 58899U 24022A   26218.53349614  .00012868  00000+0  30355-3 0  9996
2 58899  97.4065  69.2274 0006651 300.9344  59.1249 15.42003447140020
LEMUR-2-VALHALLA        
1 58900U 24022B   26218.54919654  .00008991  00000+0  21909-3 0  9994
2 58900  97.4067  69.1874 0007221 296.1976  63.8528 15.41119406140025
LEMUR-2-CAEL            
1 58903U 24022E   26218.57943382  .00009813  00000+0  22794-3 0  9992
2 58903  97.4044  70.2467 0005523 273.5616  86.5000 15.42551561140106
GEESAT-2 01             
1 58905U 24023A   26218.60087356  .00000910  00000+0  13699-3 0  9992
2 58905  49.9949 120.5657 0004991 225.5468 134.5062 14.83399494136391
GEESAT-2 02             
1 58906U 24023B   26218.58611070  .00000890  00000+0  13476-3 0  9996
2 58906  49.9988 120.8078 0014518 192.7456 167.3117 14.83385263136397
GEESAT-2 03             
1 58907U 24023C   26218.63822857  .00001443  00000+0  14495-3 0  9997
2 58907  50.0018  85.4774 0005948 233.3242 126.7156 14.97273848136882
GEESAT-2 04             
1 58908U 24023D   26218.60879591  .00001430  00000+0  14346-3 0  9993
2 58908  49.9933  84.5386 0006118 236.8654 123.1704 14.97372351136889
GEESAT-2 05             
1 58909U 24023E   26218.54872422  .00000884  00000+0  13407-3 0  9992
2 58909  50.0050 121.1107 0010989 257.6045 102.3664 14.83369475136396
GEESAT-2 06             
1 58910U 24023F   26218.59421378  .00002736  00000+0  21169-3 0  9991
2 58910  49.9885  58.3653 0005774 252.7413 107.2902 15.04594139137233
GEESAT-2 07             
1 58911U 24023G   26218.57822713  .00000896  00000+0  13547-3 0  9994
2 58911  50.0060 121.3790 0010087 254.8302 105.1521 14.83371759136395
GEESAT-2 08             
1 58912U 24023H   26218.76520927  .00001059  00000+0  15505-3 0  9996
2 58912  49.9896 118.9164 0003589 183.9621 176.1289 14.83366023136423
GEESAT-2 09             
1 58913U 24023J   26218.74297848  .00000854  00000+0  13048-3 0  9990
2 58913  50.0036 120.0246 0021106 201.6892 158.3154 14.83349283136423
GEESAT-2 10             
1 58914U 24023K   26218.59326345  .00000899  00000+0  13582-3 0  9991
2 58914  49.9945 120.4975 0009502 191.0219 169.0513 14.83388607136391
GEESAT-2 11             
1 58915U 24023L   26218.42066989  .00001192  00000+0  17108-3 0  9994
2 58915  50.0000 121.3149 0019132 306.1802  53.7366 14.83364457136377
XINGSHIDAI 20           
1 58918U 24024B   26218.62805063  .00003499  00000+0  16093-3 0  9998
2 58918  97.3032 283.4411 0015326 339.4434  20.6183 15.20888341139011
NEXSAT-1                
1 58921U 24024E   26218.66598744  .00003799  00000+0  11724-3 0  9990
2 58921  97.3019 292.1672 0006476 300.4284  59.6319 15.34158573139636
2024-024F               
1 58922U 24024F   26218.74039785  .00004890  00000+0  21107-3 0  9994
2 58922  97.2997 281.8873 0011302 214.6231 145.4271 15.22915975138950
2024-024J               
1 58925U 24024J   26217.97725278  .00187614  15055-4  58285-3 0  9994
2 58925  97.3042 312.5363 0005513 233.3469 126.7299 15.91607149177580
PACE                    
1 58928U 24025A   26218.37712619  .00000230  00000+0  51159-4 0  9999
2 58928  98.0943 148.9514 0003347  92.7568 267.4019 14.65582406133280
COSMOS 2575             
1 58929U 24026A   26218.62517102  .00014948  00000+0  99762-4 0  9992
2 58929  96.6095 100.2886 0002459  87.9168 272.2381 15.75426406143579
HBTSS-SV2               
1 58955U 24028A   26218.15024930 -.00000008  00000+0  77820-4 0  9997
2 58955  39.9899 174.3495 0018933 168.7995 191.3176 13.70480087123926
RAPTOR4                 
1 58956U 24028B   26218.08358650 -.00000063  00000+0  15835-4 0  9998
2 58956  39.9891 174.7035 0014516 172.5831 187.5133 13.72244752123905
RAPTOR1                 
1 58957U 24028C   26218.29314515 -.00000049  00000+0  30858-4 0  9990
2 58957  39.9889 172.8433 0011848 186.8950 173.1636 13.73443665123947
RAPTOR3                 
1 58958U 24028D   26218.17219895 -.00000048  00000+0  32673-4 0  9999
2 58958  39.9898 173.7092 0011246 187.9041 172.1530 13.70488465123928
RAPTOR2                 
1 58959U 24028E   26217.98712703 -.00000050  00000+0  30537-4 0  9994
2 58959  39.9893 174.1191 0011451 189.2381 170.8156 13.70559848123900
HBTSS-SV1               
1 58960U 24028F   26218.11834620  .00001732  00000+0  15531-3 0  9998
2 58960  39.9879 198.2024 0010765 196.7958 163.2479 14.98182730114679
CE-SAT-IE               
1 58987U 24032A   26218.66536123  .00000250  00000+0  51596-4 0  9995
2 58987  97.9927 272.2121 0001330 290.1545  69.9517 14.68325218132241
TIRSAT                  
1 58989U 24032C   26218.39214258  .00000719  00000+0  12084-3 0  9997
2 58989  97.9937 275.9274 0004639   5.4372 354.6885 14.72568317132474
ADRAS-J                 
1 58992U 24034A   26218.58621933  .00060273  00000+0  56675-3 0  9991
2 58992  98.2128 256.8434 0127802 290.5631  68.1948 15.57093787135404
AAC-AIS-SAT3            
1 58997U 23174DJ  26218.60923039  .00001923  00000+0  23128-3 0  9999
2 58997  97.6214 265.0915 0007622 144.3517 215.8209 14.85007792148631
METEOR-M2 4             
1 59051U 24039A   26218.75924054  .00000016  00000+0  26841-4 0  9994
2 59051  98.7055 177.4308 0007698  31.6915 328.4724 14.22434221126454
PARS 1                  
1 59065U 24039Q   26218.66311500  .00006709  00000+0  13591-3 0  9997
2 59065  97.4867 201.2218 0007029 297.2355  62.8178 15.46737052136445
SITRO-AIS 25            
1 59066U 24039R   26218.75613596  .00003354  00000+0  25926-3 0  9996
2 59066  95.3872 269.8382 0145239 150.4074 210.5471 14.93792492132270
SITRO-AIS 26            
1 59067U 24039S   26218.63055285  .00003504  00000+0  27211-3 0  9995
2 59067  95.3875 269.6390 0145554 151.4670 209.4623 14.93580334132247
SITRO-AIS 27            
1 59068U 24039T   26218.65346486  .00002333  00000+0  18040-3 0  9993
2 59068  95.3878 269.9505 0144555 149.9211 211.0418 14.94011902132270
SITRO-AIS 28            
1 59071U 24039U   26218.62977572  .00003466  00000+0  26656-3 0  9990
2 59071  95.3878 269.9840 0144547 149.8029 211.1630 14.94045364132279
MARAFON-D GVM           
1 59072U 24039V   26218.60995292  .00000133  00000+0  32772-4 0  9993
2 59072  88.9806 277.7800 0017428 157.9980 202.1977 14.46030040128478
HORACIO                 
1 59098U 24043A   26218.56457315  .00001388  00000+0  12043-3 0  9991
2 59098  97.8560 350.6884 0010721 207.1592 152.9071 14.98703827132212
MUSAT-2                 
1 59099U 24043B   26218.39071626  .00003810  00000+0  24399-3 0  9999
2 59099  97.8666 358.2536 0007814 154.5630 205.5984 15.09170531132665
ICEYE-X38               
1 59100U 24043C   26218.57657833  .00002590  00000+0  14954-3 0  9992
2 59100  97.8464   3.7427 0001086 262.6086  97.5021 15.13270749119298
ICEYE-X37               
1 59102U 24043E   26218.53473394  .00003025  00000+0  20890-3 0  9998
2 59102  97.8369 356.3551 0015018 193.8922 166.1893 15.06468752132664
ICEYE-X36               
1 59103U 24043F   26218.37545374  .00002256  00000+0  15342-3 0  9990
2 59103  97.8430 357.3724 0007021 140.2655 219.9088 15.07391938132701
PE2_FLT2  (TYVAK-0262)  
1 59104U 24043G   26218.30767242  .00001937  00000+0  17159-3 0  9997
2 59104  97.8445 349.1505 0005068 220.9812 139.1029 14.97431842132158
PE2_FLT1 (TYVAK-0261)   
1 59105U 24043H   26218.37502675  .00002060  00000+0  18221-3 0  9991
2 59105  97.8437 349.1742 0005135 216.2222 143.8652 14.97419408132160
RROCI-2                 
1 59106U 24043J   26218.41589636  .00000895  00000+0  76585-4 0  9991
2 59106  97.8518 351.6194 0012735 209.7795 150.2704 15.00125896132290
BRO-13                  
1 59107U 24043K   26218.56975869  .00000984  00000+0  91385-4 0  9999
2 59107  97.8550 349.7674 0009044 181.4544 178.6652 14.96696209132151
BRO-12                  
1 59108U 24043L   26218.62451027  .00000574  00000+0  55171-4 0  9990
2 59108  97.8534 349.9964 0008374 177.0597 183.0675 14.96938727132184
SONATE-2                
1 59112U 24043Q   26218.40785402  .00030801  00000+0  34529-3 0  9997
2 59112  97.5577  12.0483 0005431  24.2348 335.9164 15.62614313135725
CONTECSAT-1             
1 59117U 24043V   26218.60882693  .00004345  00000+0  12038-3 0  9999
2 59117  97.5705   1.0994 0011117  60.6871 299.5482 15.37479176134995
TIGER-8                 
1 59120U 24043Y   26218.40942910  .00005536  00000+0  11720-3 0  9990
2 59120  97.5599   9.0645 0007853  33.5446 326.6298 15.45535397135546
LYNK TOWER 5            
1 59121U 24043Z   26218.32608774  .00003464  00000+0  11727-3 0  9994
2 59121  97.5697 356.8072 0012293  73.6331 286.6260 15.31236236134712
NUSAT-44 (MARIA MITCHE*)
1 59122U 24043AA  26216.47775318  .00011717  00000+0  40277-3 0  9990
2 59122  97.5511 357.4914 0006425  73.2209 286.9736 15.30239711134654
LYNK TOWER 6            
1 59123U 24043AB  26218.32562094  .00003599  00000+0  12021-3 0  9997
2 59123  97.5659 356.3147 0011540  71.0158 289.2333 15.31648966134709
VSP ROSE                
1 59124U 24043AC  26218.63075120  .00002771  00000+0  10029-3 0  9998
2 59124  97.5676 355.8409 0011848  72.1774 288.0757 15.29238447134692
TRANSPORTER-10 OBJECT AD
1 59125U 24043AD  26218.34414223  .00004707  00000+0  13329-3 0  9995
2 59125  97.5701   0.7497 0010162  59.8296 300.3953 15.36757441134968
YAM-6                   
1 59126U 24043AE  26218.35949360  .00005155  00000+0  14033-3 0  9993
2 59126  97.5625   0.9379 0009228  57.0456 303.1674 15.37945113135029
JACKAL X-1L-001         
1 59127U 24043AF  26218.38713031  .00009439  00000+0  19536-3 0  9993
2 59127  97.5643   5.4470 0007217  47.1508 313.0346 15.45985371135302
TRANSPORTER-10 OBJECT AG
1 59128U 24043AG  26218.38833925  .00003704  00000+0  11975-3 0  9997
2 59128  97.5705 358.1862 0011036  66.8195 293.4208 15.32690265134802
APEX ARIES 1            
1 59129U 24043AH  26218.40274829  .00017283  00000+0  23023-3 0  9997
2 59129  97.5531  11.5463 0005189  32.8024 327.3553 15.58196114135738
GHOST-5                 
1 59130U 24043AJ  26218.35068336  .00007946  00000+0  17528-3 0  9995
2 59130  97.5650   4.7675 0007848  45.4843 314.7045 15.44158338135258
MESON-1                 
1 59131U 24043AK  26218.39132040  .00003563  00000+0  11909-3 0  9992
2 59131  97.5706 357.5687 0011347  67.3981 292.8459 15.31643708134764
LIZZIESAT-1 (LS-1)      
1 59132U 24043AL  26218.33874727  .00002564  00000+0  97099-4 0  9997
2 59132  97.5698 354.8753 0012105  71.8237 288.4319 15.27811660134592
GHOST-4                 
1 59133U 24043AM  26218.40527428  .00008359  00000+0  18135-3 0  9990
2 59133  97.5663   5.3411 0008147  43.5939 316.5952 15.44631822135282
JACKAL X-1L-002         
1 59134U 24043AN  26218.41596638  .00010983  00000+0  21282-3 0  9994
2 59134  97.5633   6.5806 0007187  37.4790 322.6960 15.47861271135385
VSP RF A1               
1 59135U 24043AP  26218.62913671 -.00000061  00000+0  44714-6 0  9993
2 59135  97.5487 355.3718 0001770  82.2875 277.8562 15.22215555134675
VSP RF C1               
1 59136U 24043AQ  26218.37484013  .00000531  00000+0  21629-4 0  9998
2 59136  97.5668 357.1306 0006875  65.7562 294.4395 15.28940837134752
VSP RF B1               
1 59137U 24043AR  26217.27047633  .00000018  00000+0  36991-5 0  9999
2 59137  97.5679 354.7914 0001959  83.1759 276.9701 15.24369396134503
TIGER-7                 
1 59141U 24043AV  26218.38313114  .00007051  00000+0  12842-3 0  9998
2 59141  97.5535  11.6722 0005379   3.6500 356.4789 15.49813815135740
LEMUR-2-JOHNNYTRUONG    
1 59146U 24043BA  26218.42790929  .00028800  00000+0  30238-3 0  9995
2 59146  97.5410  13.4008 0002877   4.6457 355.4828 15.64320826135886
HAMMER                  
1 59148U 24043BC  26218.57699265  .00013512  00000+0  20283-3 0  9997
2 59148  97.5475   9.9581 0003871  37.5941 322.5583 15.55022995135635
EXO-0                   
1 59175U 23174DK  26218.45780322  .00004912  00000+0  14456-3 0  9992
2 59175  97.3794 298.6748 0008477   1.4634 358.6633 15.35516355152759
STRIX-3                 
1 59224U 24047A   26218.61289260  .00005147  00000+0  24100-3 0  9998
2 59224  97.6657 195.0691 0010951 244.3993 115.6110 15.20137952132405
YUNHAI-2 02A            
1 59280U 24052A   26218.56114670  .00000030  00000+0  76411-4 0  9991
2 59280  50.0079 229.2352 0011829 321.5099  38.4972 14.27975324105421
YUNHAI-2 02B            
1 59281U 24052B   26218.53536950  .00000033  00000+0  77893-4 0  9996
2 59281  50.0105 169.1308 0004933   3.9042 356.1911 14.27989516123805
YUNHAI-2 02C            
1 59282U 24052C   26218.58255206  .00000017  00000+0  71219-4 0  9992
2 59282  50.0103 288.8701 0006345 337.1493  22.9139 14.27978777122009
YUNHAI-2 02D            
1 59283U 24052D   26218.62671767  .00000000  00000+0  64475-4 0  9990
2 59283  50.0087  48.5905 0004690  41.2368 318.8900 14.28012072125603
YUNHAI-2 02E            
1 59284U 24052E   26218.58378123  .00000018  00000+0  71813-4 0  9999
2 59284  50.0114 109.2287 0011655 235.8001 124.1809 14.27980211114137
YUNHAI-2 02F            
1 59285U 24052F   26218.60778655  .00000020  00000+0  72654-4 0  9994
2 59285  50.0137 349.2831 0005029 357.6435   2.4455 14.28005614126365
MOLA                    
1 59289U 24053B   26218.51004181  .00035012  00000+0  36908-3 0  9995
2 59289  49.9848  31.4239 0003538 224.6864 135.3822 15.63852917129362
AEROCUBE 16A            
1 59290U 24053C   26218.75942838  .00008262  00000+0  17895-3 0  9994
2 59290  49.9889  67.2716 0003451 194.7108 165.3756 15.45278952128929
AEROCUBE 16B            
1 59291U 24053D   26218.18467479  .00009632  00000+0  20753-3 0  9994
2 59291  49.9907  70.4430 0003346 189.6952 170.3948 15.45222856128913
YUNHAI-3 02             
1 59343U 24058A   26218.59468212 -.00000015  00000+0  15410-4 0  9990
2 59343  98.8223 225.7451 0000710 133.2755 226.8477 14.13329155121866
RESURS-P 4              
1 59371U 24061A   26218.61341779  .00001925  00000+0  63971-4 0  9991
2 59371  97.2769 165.6491 0002519  59.8364 300.3128 15.32398419131480
YAOGAN-42 01            
1 59395U 24063A   26218.56944624  .00005084  00000+0  21223-3 0  9994
2 59395  34.9965 168.9777 0002364  37.8658 322.2223 15.23030633130530
TSAT-1A                 
1 59442U 24066A   26218.41287015  .00000172  00000+0  14802-4 0  9997
2 59442  45.6159 206.2670 0010769  33.6048 326.5529 15.34759018129496
HAWK-8A                 
1 59443U 24066B   26218.55310036  .00000786  00000+0  82027-4 0  9998
2 59443  45.6027  16.2039 0003316 302.5029  57.5532 14.99338904127395
CAPELLA-14 (ACADIA-4)   
1 59444U 24066C   26216.98433473  .00006017  00000+0  42081-3 0  9993
2 59444  45.6039 359.0792 0000409 356.1496   3.9385 15.06179089119855
HAWK-8B                 
1 59445U 24066D   26218.68681279  .00003119  00000+0  27001-3 0  9997
2 59445  45.6141  17.5267 0003500 309.3093  50.7478 14.99347026127403
HAWK-9A                 
1 59446U 24066E   26218.51070091  .00000903  00000+0  91619-4 0  9999
2 59446  45.6110  17.0992 0003531 293.7013  66.3497 14.99277547127383
QPS-SAR-7 (TSUKUYOMI-II)
1 59447U 24066F   26218.60765525  .00004191  00000+0  27276-3 0  9993
2 59447  45.6053 340.6033 0003020 260.5846  99.4698 15.09520855127846
HAWK-9C                 
1 59448U 24066G   26218.44434097  .00000871  00000+0  89011-4 0  9990
2 59448  45.6104  16.5378 0003762 282.6509  77.3952 14.99276292127376
HAWK-8C                 
1 59449U 24066H   26218.15322477  .00000829  00000+0  85503-4 0  9992
2 59449  45.6091  19.2854 0002856 309.4892  50.5737 14.99335331127326
HAWK-9B                 
1 59450U 24066J   26218.44438083  .00000806  00000+0  83758-4 0  9992
2 59450  45.6116  18.3814 0004082 280.3566  79.6855 14.99278166127370
CENTAURI-6              
1 59451U 24066K   26218.74653948  .00002692  00000+0  19720-3 0  9997
2 59451  45.6074 350.3593 0001752 296.7332  63.3372 15.06246021127749
KORSAT-1                
1 59452U 24066L   26218.57483978  .00001888  00000+0  17468-3 0  9996
2 59452  45.4128 343.2124 0006174 324.0950  35.9512 14.98412580127615
WSF-M                   
1 59481U 24070A   26218.57831838  .00000013  00000+0  26398-4 0  9997
2 59481  98.7182 225.8434 0004934 164.4719 195.6610 14.20744674120251
SUPERVIEW NEO-3 01      
1 59510U 24072A   26218.66947144  .00004634  00000+0  20220-3 0  9990
2 59510  97.4116 298.0333 0000471  76.6725 283.4564 15.22637845128380
YAOGAN-42 02            
1 59557U 24075A   26217.40247031  .00006496  00000+0  27012-3 0  9997
2 59557  35.0017 320.0876 0005551 255.0071 105.0029 15.23091183127595
NEONSAT-1               
1 59587U 24077A   26218.65822691  .00008613  00000+0  21986-3 0  9998
2 59587  97.3470 302.8249 0007493 198.9802 161.1166 15.39712106127494
ACS3                    
1 59588U 24077B   26218.76231420  .00011572  00000+0  78302-2 0  9996
2 59588  97.1852 126.3999 0132039   9.7023 350.6648 13.96218817115091
LEGION 1                
1 59625U 24081A   26218.56138247  .00002446  00000+0  12718-3 0  9994
2 59625  97.4991 295.8847 0009230 183.0265 177.0914 15.16984303125175
LEGION 2                
1 59626U 24081B   26218.52609695  .00002153  00000+0  11232-3 0  9996
2 59626  97.4992 295.9459 0012185 154.5380 205.6456 15.16966995125177
2024-085C               
1 59679U 24085C   26218.65394714  .00006026  00000+0  17954-3 0  9995
2 59679  97.3263 294.1713 0025248 215.8376 144.1174 15.34743049125389
2024-085D               
1 59680U 24085D   26218.67025126  .00006963  00000+0  19494-3 0  9998
2 59680  97.3210 294.2050 0011846 227.6117 132.4126 15.36887259125416
SHIYAN-23 (SY-23)       
1 59728U 24089A   26218.73310110  .00000363  00000+0  46432-4 0  9993
2 59728  97.7794 219.4826 0004908  46.2116 313.9506 14.87104272121354
COSMOS 2576             
1 59773U 24092A   26218.73387200  .00004042  00000+0  18767-3 0  9998
2 59773  97.4418 334.0221 0012347 188.2662 171.8372 15.20526379124063
2024-092B               
1 59774U 24092B   26218.62146003  .00005399  00000+0  19087-3 0  9993
2 59774  97.6540 349.1543 0008469  14.2641 345.8836 15.29599242123246
2024-092C               
1 59775U 24092C   26218.57842579  .00005691  00000+0  19661-3 0  9992
2 59775  97.6687 351.1129 0008577  16.3172 343.8342 15.30324793123287
2024-092D               
1 59776U 24092D   26218.32582517  .00011244  00000+0  29592-3 0  9994
2 59776  97.6627 353.5587 0005856 339.1884  20.9122 15.38719614123455
2024-092E               
1 59777U 24092E   26218.34307192  .00010977  00000+0  28973-3 0  9995
2 59777  97.6627 353.5267 0005867 338.5968  21.5030 15.38636393123456
2024-092F               
1 59778U 24092F   26218.61837955  .00011117  00000+0  28557-3 0  9996
2 59778  97.6620 354.1979 0005979 336.1421  23.9546 15.39468217123524
2024-092G               
1 59779U 24092G   26218.74774422  .00000068  00000+0  42223-4 0  9990
2 59779  98.6752 337.7474 0012903  62.8171 297.4326 14.31861658116139
2024-092H               
1 59780U 24092H   26218.74758771  .00000082  00000+0  47155-4 0  9996
2 59780  98.6751 337.7394 0013250  64.2469 296.0080 14.31864620116137
2024-092J               
1 59781U 24092J   26218.60636096  .00000089  00000+0  49912-4 0  9997
2 59781  98.6751 337.6039 0013150  64.8307 295.4238 14.31864972116115
2024-094A               
1 59805U 24094A   26218.76796426  .00003424  00000+0  17882-3 0  9993
2 59805  97.3838 288.2612 0002761  64.0853 296.0664 15.16563401122839
2024-094B               
1 59806U 24094B   26218.66933725  .00003736  00000+0  19441-3 0  9997
2 59806  97.3864 288.4068 0002942 283.7140  76.3765 15.16633801122817
2024-094C               
1 59807U 24094C   26218.75307569  .00003648  00000+0  19025-3 0  9999
2 59807  97.3891 288.6730 0002748 120.3280 239.8225 15.16573418122826
2024-094D               
1 59808U 24094D   26218.65319894  .00003546  00000+0  18450-3 0  9991
2 59808  97.3810 287.9111 0005338 112.2166 247.9634 15.16659357122803
2024-092K               
1 59809U 24092K   26218.34157181  .00011142  00000+0  29665-3 0  9996
2 59809  97.6621 353.3095 0005920 338.1511  21.9480 15.38364254122943
2024-095A               
1 59810U 24095A   26218.65370156  .00002369  00000+0  14287-3 0  9999
2 59810  97.5319 296.8362 0004305 111.8795 248.2894 15.11713741121764
PREFIRE-2               
1 59881U 24099A   26218.58159008  .00002074  00000+0  95428-4 0  9994
2 59881  97.4037  73.9405 0012981  36.3423 323.8692 15.21381081121796
EARTHCARE               
1 59908U 24101A   26218.31157825  .00004904  00000+0  69374-4 0  9999
2 59908  97.0560 344.3502 0001711  98.1705 261.9745 15.56987763124368
TIANQI-25               
1 59909U 24102A   26218.58004674 -.00000028  00000+0  68757-4 0  9991
2 59909  44.9778  37.7059 0011340 118.8990 241.2982 13.99183589111961
TIANQI-26               
1 59910U 24102B   26218.56105460 -.00000023  00000+0  72407-4 0  9998
2 59910  44.9741  37.3651 0010300 123.4094 236.7725 13.99167041111968
TIANQI-27               
1 59911U 24102C   26218.74077959 -.00000022  00000+0  73017-4 0  9997
2 59911  44.9788  36.4981 0007180 133.0525 227.0909 13.99166314111985
TIANQI-28               
1 59912U 24102D   26218.54500770 -.00000016  00000+0  77524-4 0  9998
2 59912  44.9794  37.5942 0011827 128.3347 231.8551 13.99181303111952
2024-105A               
1 59917U 24105A   26218.59612206  .00001882  00000+0  97621-4 0  9990
2 59917  97.5842 233.8830 0014828  58.4372 301.8307 15.17331348120671
2024-105B               
1 59918U 24105B   26218.66214035  .00004357  00000+0  20630-3 0  9992
2 59918  97.5819 234.3278 0013956  73.6621 286.6147 15.19795978120717
2024-105C               
1 59919U 24105C   26218.74539836  .00002007  00000+0  12258-3 0  9998
2 59919  97.5801 235.0012 0032195  15.2536 344.9656 15.11043266120784
2024-105D               
1 59920U 24105D   26218.75255843  .00003613  00000+0  15596-3 0  9996
2 59920  97.5825 238.1684 0012824  49.9441 310.2918 15.23116472120956
2024-105E               
1 59921U 24105E   26218.75793456  .00001922  00000+0  11741-3 0  9993
2 59921  97.5800 234.8953 0031485  16.4259 343.7983 15.11095405120774
PREFIRE-1               
1 59965U 24108A   26218.43197491  .00002774  00000+0  11689-3 0  9993
2 59965  97.5369  13.4582 0012529  69.1718 291.0860 15.24131496120240
2024-110A               
1 60012U 24110A   26218.76529227  .00003363  00000+0  18935-3 0  9999
2 60012  97.5686 310.1121 0010200  84.4649 275.7746 15.13878296119569
2024-110B               
1 60013U 24110B   26218.76399565  .00004294  00000+0  18476-3 0  9994
2 60013  97.5726 315.1244 0012163  76.6829 283.5763 15.23119708119887
2024-110C               
1 60014U 24110C   26218.66396547  .00000592  00000+0  54369-4 0  9990
2 60014  97.5418 292.2712 0011042 342.2137  17.8698 14.98367544109361
KINEIS-1B               
1 60079U 24114A   26218.73578367  .00000506  00000+0  72614-4 0  9993
2 60079  97.9824 242.6800 0001102 321.9412  38.1722 14.80701400114881
KINEIS-1C               
1 60081U 24114C   26218.63426407  .00000446  00000+0  64845-4 0  9992
2 60081  97.9847 242.4393 0002153  67.0587 293.0852 14.80699077114840
KINEIS-1D               
1 60082U 24114D   26218.60436755  .00000381  00000+0  62139-4 0  9999
2 60082  97.9887 238.1925 0002574  63.8887 296.2587 14.76387765114564
KINEIS-1E               
1 60083U 24114E   26218.58410791  .00000500  00000+0  71708-4 0  9994
2 60083  97.8951 241.2110 0003897  63.9145 296.2468 14.80730601114849
KINEIS-1A               
1 60084U 24114F   26218.61774116  .00000485  00000+0  69713-4 0  9998
2 60084  97.8923 241.3300 0003724   1.0429 359.0791 14.80716567114851
CATCH-1                 
1 60088U 24116A   26218.26926323  .00001192  00000+0  12187-3 0  9992
2 60088  28.9940 153.8053 0004164 213.7047 146.3282 14.85028593115110
SVOM                    
1 60089U 24116B   26218.55137023  .00000858  00000+0  86557-4 0  9997
2 60089  28.9945 159.1662 0005262 189.5360 170.5134 14.83635477115083
ALOS-4 (DAICHI-4)       
1 60182U 24123A   26218.61263492  .00000871  00000+0  12356-3 0  9996
2 60182  97.9221 315.0642 0001487  97.2916 262.8464 14.79469427113330
2024-125A               
1 60203U 24125A   26218.60580720  .00060253  00000+0  43350-3 0  9995
2 60203  97.2174  78.6591 0007099  31.8919 328.2774 15.73397360117540
R5-S4                   
1 60206U 24125D   26218.57451103  .00008823  00000+0  19105-3 0  9992
2 60206  97.2352  69.5242 0016938  51.9902 308.2873 15.44531130116900
R5-S2                   
1 60207U 24125E   26218.54289650  .00010250  00000+0  20720-3 0  9998
2 60207  97.2323  70.3316 0016248  51.1944 309.0754 15.46516562116960
MESAT1                  
1 60209U 24125G   26218.58204797  .00049901  00000+0  42432-3 0  9992
2 60209  97.2211  77.4139 0008222  41.5811 318.6076 15.69425879117451
TIANHUI 5C              
1 60211U 24126A   26218.48069623  .00000268  00000+0  35418-4 0  9992
2 60211  97.8220 225.3265 0001563  90.4146 269.7250 14.87578515113360
TIANHUI 5D              
1 60212U 24126B   26218.54796204  .00000242  00000+0  32567-4 0  9996
2 60212  97.8220 225.4003 0002102  93.3575 266.7882 14.87578438113384
GRBBETA                 
1 60237U 24128C   26218.58840830  .00002495  00000+0  17839-3 0  9990
2 60237  61.9900  39.3903 0033844 145.6965 214.6324 15.06957794113864
ISTSAT-1                
1 60238U 24128D   26218.64826291  .00004034  00000+0  24285-3 0  9997
2 60238  61.9885  27.6311 0031439 140.9900 219.3472 15.12188191114091
OOV-CUBE (TUBSAT-30)    
1 60240U 24128F   26218.62204042  .00001503  00000+0  12528-3 0  9997
2 60240  61.9939  49.6835 0038067 145.2470 215.1119 15.02962485113695
CURIUM ONE              
1 60242U 24128H   26218.60170532  .00004650  00000+0  27005-3 0  9995
2 60242  61.9791  27.1248 0032955 141.8367 218.5072 15.13182215114085
ROBUSTA-3A (MEDITERRAN*)
1 60243U 24128J   26218.59556486  .00004222  00000+0  25214-3 0  9995
2 60243  61.9869  29.9014 0034790 138.7802 221.5931 15.12300708114043
CATSAT                  
1 60246U 24125J   26218.56116600  .00051081  00000+0  50895-3 0  9990
2 60246  97.2038  71.9463 0016082 359.0117   1.1109 15.65369947115253
GAOFEN-11 05            
1 60249U 24130A   26218.62243610  .00003416  00000+0  14510-3 0  9991
2 60249  97.3972 296.2365 0002484 199.4530 160.6613 15.23738052 93148
STRIX-4                 
1 60352U 24137A   26218.64007384  .00010905  00000+0  32982-3 0  9995
2 60352  43.0170 357.6516 0018780 277.3022  82.5697 15.34092588111761
QIANFAN-1               
1 60379U 24140A   26218.54642607  .00000037  00000+0  38145-4 0  9993
2 60379  88.9709 274.7077 0015490 247.2252 112.7263 13.51023314 99323
QIANFAN-2               
1 60380U 24140B   26218.57539448  .00000043  00000+0  47579-4 0  9994
2 60380  88.9695 274.5119 0011560 214.0287 146.0124 13.51019238 99380
QIANFAN-3               
1 60381U 24140C   26218.58356233  .00000044  00000+0  50151-4 0  9996
2 60381  88.9687 274.6257 0012278 228.6990 131.3105 13.51020322 99297
QIANFAN-4               
1 60382U 24140D   26218.55875423  .00000043  00000+0  48707-4 0  9994
2 60382  88.9713 274.5855 0011692 217.1038 142.9306 13.51023116 99415
QIANFAN-5               
1 60383U 24140E   26218.60828266  .00000038  00000+0  40170-4 0  9994
2 60383  88.9687 274.6477 0013227 242.0695 117.9118 13.51028529 99280
QIANFAN-6               
1 60384U 24140F   26218.55466953  .00000045  00000+0  51612-4 0  9991
2 60384  88.9714 274.4637 0011621 223.8192 136.2038 13.51021930 99478
QIANFAN-7               
1 60385U 24140G   26218.55657827  .00000249  00000+0  94834-4 0  9993
2 60385  88.9744 265.8544 0014101 351.4517   8.6435 14.27879947104189
QIANFAN-8               
1 60386U 24140H   26218.56300955  .00000050  00000+0  58934-4 0  9993
2 60386  88.9715 274.7033 0014985 227.9938 131.9938 13.51018343 99322
QIANFAN-9               
1 60387U 24140J   26218.61222082  .00000033  00000+0  31889-4 0  9995
2 60387  88.9713 274.7687 0014694 227.4142 132.5770 13.51018994 99317
QIANFAN-10              
1 60388U 24140K   26218.61634652  .00000040  00000+0  43978-4 0  9996
2 60388  88.9724 274.1403 0013934 202.2807 157.7740 13.51019326 99445
QIANFAN-11              
1 60389U 24140L   26218.57941930  .00000039  00000+0  42155-4 0  9996
2 60389  88.9649 274.5530 0012737 226.3655 133.6440 13.51019057 99097
QIANFAN-12              
1 60390U 24140M   26218.60001716  .00000045  00000+0  51338-4 0  9991
2 60390  88.9692 274.6974 0011345 234.9137 125.0951 13.51021355 99225
QIANFAN-13              
1 60391U 24140N   26218.57117137  .00000072  00000+0  93276-4 0  9990
2 60391  88.9778 274.8297 0011091 237.8564 122.1512 13.51021415 99245
QIANFAN-14              
1 60392U 24140P   26218.59592833  .00000050  00000+0  59127-4 0  9996
2 60392  88.9683 274.6739 0014770 239.3023 120.6673 13.51024403 99256
QIANFAN-15              
1 60393U 24140Q   26218.60420028  .00000050  00000+0  58692-4 0  9991
2 60393  88.9707 274.6860 0010971 221.7457 138.2858 13.51022284 99248
QIANFAN-16              
1 60394U 24140R   26218.59175138  .00000050  00000+0  58397-4 0  9991
2 60394  88.9710 274.8140 0012630 243.0863 116.8998 13.51023301 99156
QIANFAN-17              
1 60395U 24140S   26218.58764965  .00000048  00000+0  56047-4 0  9990
2 60395  88.9720 274.8863 0013163 236.0276 123.9625 13.51019283100111
QIANFAN-18              
1 60396U 24140T   26218.56707090  .00000046  00000+0  53007-4 0  9996
2 60396  88.9714 274.4064 0013009 216.4879 143.5387 13.51018811 99503
CAPELLA-13 (ACADIA-3)   
1 60419U 24142A   26218.28473546  .00001403  00000+0  17839-3 0  9999
2 60419  53.0040 198.8912 0001362  87.5294 272.5842 14.87655989107863
LEGION 3                
1 60452U 24146A   26218.21757792  .00002444  00000+0  13936-3 0  9991
2 60452  45.0013 122.3350 0006553 110.7717 249.3864 15.15800156109616
LEGION 4                
1 60453U 24146B   26218.41456171  .00001688  00000+0  10040-3 0  9993
2 60453  45.0004 213.1430 0010908 240.3085 119.6708 15.15817958108491
EOS-08                  
1 60454U 24147A   26218.64707284  .00026351  00000+0  42396-3 0  9997
2 60454  37.3804  96.5704 0006257 314.7986  45.2271 15.52125499110911
YAOGAN-43 01A           
1 60458U 24148A   26218.59351177  .00009104  00000+0  24534-3 0  9993
2 60458  35.0035 175.1386 0005681 297.9943  62.0201 15.37021684110207
YAOGAN-43 01B           
1 60459U 24148B   26218.30609817  .00007263  00000+0  19638-3 0  9993
2 60459  34.9917 172.3315 0008904 303.7678  56.2193 15.36939537110140
YAOGAN-43 01C           
1 60460U 24148C   26216.72542081  .00006341  00000+0  26385-3 0  9991
2 60460  35.0053 217.2452 0010408 273.2731  86.6793 15.23037125109542
YAOGAN-43 01D           
1 60461U 24148D   26218.36700975  .00004704  00000+0  15686-3 0  9995
2 60461  35.0033 189.4489 0002800 284.5392  75.5014 15.30463430109976
YAOGAN-43 01E           
1 60462U 24148E   26218.42696609  .00005402  00000+0  22553-3 0  9998
2 60462  34.9921 204.2023 0004326 300.5230  59.5057 15.23007658109827
YAOGAN-43 01F           
1 60463U 24148F   26218.32514071  .00006726  00000+0  20243-3 0  9994
2 60463  34.9903 188.0196 0008066 307.8183  52.1805 15.33616308109986
YAOGAN-43 01G           
1 60464U 24148G   26218.37832380  .00004620  00000+0  15421-3 0  9999
2 60464  35.0007 189.7456 0007030 250.8104 109.1853 15.30418600109978
YAOGAN-43 01H           
1 60465U 24148H   26218.37573833  .00004479  00000+0  15892-3 0  9999
2 60465  34.9899 199.0448 0007953 283.1920  76.7909 15.28437920109873
YAOGAN-43 01J           
1 60466U 24148J   26218.57839921  .00008219  00000+0  21760-3 0  9992
2 60466  34.9904 169.9279 0007002 349.0901  10.9666 15.37577555110191
TRANSPORTER-11 OBJECT A 
1 60468U 24149A   26218.20896493  .00004546  00000+0  14205-3 0  9997
2 60468  97.3706 298.0033 0004356  62.3473 297.8211 15.33671195109726
WARATAH SEED-1          
1 60469U 24149B   26218.19092033  .00007847  00000+0  21800-3 0  9990
2 60469  97.3661 298.8480 0002969  76.6723 283.4853 15.37148865109792
PHISAT 2                
1 60470U 24149C   26218.75296294  .00004543  00000+0  15084-3 0  9996
2 60470  97.3731 297.7040 0003212  81.1476 279.0129 15.31724895109738
LEMUR-2-TOMATOKECHUP    
1 60471U 24149D   26218.18788879  .00006469  00000+0  18093-3 0  9991
2 60471  97.3777 300.3906 0003092  80.5149 279.6445 15.37010736109844
CONNECTA IOT-1          
1 60472U 24149E   26218.20281377  .00002273  00000+0  97048-4 0  9993
2 60472  97.3725 293.6542 0003674  99.4521 260.7132 15.23896999109412
LOPEN                   
1 60473U 24149F   26218.21552522  .00008765  00000+0  21405-3 0  9993
2 60473  97.3756 302.0181 0002888  92.4345 267.7232 15.41079687109969
ROCK                    
1 60474U 24149G   26218.20246972  .00009070  00000+0  22155-3 0  9995
2 60474  97.3748 302.0175 0003079  87.4985 272.6614 15.41064020109965
CONNECTA IOT-3          
1 60475U 24149H   26218.15809061  .00002531  00000+0  10769-3 0  9997
2 60475  97.3703 293.3479 0004710  92.4706 267.7071 15.23911455109411
QUBE                    
1 60476U 24149J   26218.19433449  .00016579  00000+0  30163-3 0  9992
2 60476  97.3747 305.6725 0002823  78.7239 281.4330 15.49587830110206
WREN-1                  
1 60478U 24149L   26218.47449615  .00012925  00000+0  29007-3 0  9993
2 60478  97.3742 303.1797 0005414  89.5208 270.6660 15.43502771110076
TOMORROW-S1             
1 60479U 24149M   26218.52594478  .00004173  00000+0  13176-3 0  9994
2 60479  97.3726 298.8564 0004241  81.9299 278.2425 15.33387635109805
FLOCK 4BE-18            
1 60480U 24149N   26218.22266564  .00010470  00000+0  23608-3 0  9993
2 60480  97.3704 302.5255 0004933  85.7575 274.4237 15.43420874110029
FLOCK 4BE-7             
1 60481U 24149P   26218.53162556  .00011795  00000+0  27518-3 0  9999
2 60481  97.3731 302.0983 0004152  95.5097 264.6624 15.42369701110003
TOMORROW-S2             
1 60485U 24149T   26218.16341692  .00004481  00000+0  14107-3 0  9996
2 60485  97.3792 299.0329 0004622  97.1228 263.0540 15.33444663109749
FLOCK 4BE-36            
1 60486U 24149U   26218.48920822  .00022504  00000+0  48200-3 0  9997
2 60486  97.3718 303.5739 0004290  92.4666 267.7074 15.44774709110114
FLOCK 4BE-25            
1 60487U 24149V   26218.20279191  .00008001  00000+0  20207-3 0  9997
2 60487  97.3775 301.7317 0003802  94.2466 265.9215 15.40085867109937
FLOCK 4BE-31            
1 60488U 24149W   26218.21202886  .00012865  00000+0  26544-3 0  9999
2 60488  97.3776 304.3032 0004056 100.0677 260.1030 15.45999836110102
FLOCK 4BE-20            
1 60489U 24149X   26218.18904968  .00033116  00000+0  83060-3 0  9994
2 60489  97.3666 300.4736 0004537  90.9142 269.2624 15.39953708109903
FLOCK 4BE-23            
1 60490U 24149Y   26218.19464495  .00007819  00000+0  20518-3 0  9993
2 60490  97.3754 300.8779 0005070 100.5416 259.6401 15.38911751109883
FLOCK 4BE-17            
1 60492U 24149AA  26218.49705446  .00009348  00000+0  22704-3 0  9990
2 60492  97.3745 302.3077 0004355  92.0101 268.1645 15.41221743110004
NUSAT-50 (NANCY ROMAN)  
1 60493U 24149AB  26218.19195619  .00005185  00000+0  17747-3 0  9999
2 60493  97.3762 299.1214 0003915  46.9536 313.2032 15.30671211109772
FLOCK 4BE-22            
1 60494U 24149AC  26218.75585532  .00010093  00000+0  23268-3 0  9998
2 60494  97.3710 302.8460 0004860  96.1070 264.0732 15.42768421110091
FLOCK 4BE-34            
1 60495U 24149AD  26218.19038779  .00009932  00000+0  22886-3 0  9998
2 60495  97.3760 303.1271 0005112 104.1222 256.0594 15.42786855110033
TYCHE                   
1 60496U 24149AE  26218.50026326  .00001495  00000+0  61318-4 0  9999
2 60496  97.3732 295.6315 0003836 116.1699 243.9934 15.25792531109578
FLOCK 4BE-32            
1 60497U 24149AF  26218.18862965  .00012457  00000+0  27648-3 0  9998
2 60497  97.3697 302.7098 0005195 101.5397 258.6435 15.43844854110049
NUSAT-48 (HENRIETTA LE*)
1 60498U 24149AG  26218.18769064  .00004900  00000+0  17127-3 0  9990
2 60498  97.3898 299.4331 0004952  95.0304 265.1502 15.30014371109786
NUSAT-49 (KLARA DAN VO*)
1 60500U 24149AJ  26218.49227681  .00002206  00000+0  78316-4 0  9997
2 60500  97.3755 299.4305 0003561 114.5276 245.6337 15.30114853109823
FLOCK 4BE-11            
1 60501U 24149AK  26218.22219067  .00010569  00000+0  22883-3 0  9996
2 60501  97.3674 303.0202 0005103 100.1263 260.0562 15.44625215110077
YAM-7                   
1 60504U 24149AN  26218.47680831  .00004153  00000+0  13494-3 0  9997
2 60504  97.3757 298.5380 0004989 109.9067 250.2713 15.32467885109753
FLOCK 4BE-24            
1 60505U 24149AP  26218.20205844  .00012868  00000+0  27511-3 0  9993
2 60505  97.3690 303.2822 0005271 109.8597 250.3220 15.44946116110081
LUR-1                   
1 60506U 24149AQ  26218.52398526  .00003836  00000+0  13175-3 0  9995
2 60506  97.3710 297.0012 0005606 118.1879 241.9929 15.30719162109673
TANAGER-1               
1 60507U 24149AR  26218.24998558  .00000234  00000+0  69857-5 0  9995
2 60507  97.2288 312.2491 0001559  76.5825 283.5598 15.43949939110762
EAGLEEYE                
1 60508U 24149AS  26218.50800205  .00133436  00000+0  61054-3 0  9996
2 60508  97.3680 315.0421 0001796 205.2509 154.8673 15.83361447110868
FLOCK 4BE-29            
1 60509U 24149AT  26218.55561432  .00026295  00000+0  51799-3 0  9997
2 60509  97.3785 305.2745 0004186 129.7481 230.4139 15.47196078110190
TRANSPORTER-11 OBJECT AU
1 60510U 24149AU  26218.19140589  .00009098  00000+0  21843-3 0  9994
2 60510  97.3706 302.3535 0005117 107.9966 252.1839 15.41577912110014
FLOCK 4BE-13            
1 60512U 24149AW  26218.75472900  .00008250  00000+0  18781-3 0  9999
2 60512  97.3697 303.7334 0005445  92.9244 267.2626 15.43207904110163
FLOCK 4BE-27            
1 60513U 24149AX  26218.45937263  .00005087  00000+0  15083-3 0  9992
2 60513  97.3800 300.3579 0005467 118.0009 242.1789 15.35282550109854
FLOCK 4BE-9             
1 60514U 24149AY  26218.46249926  .00009931  00000+0  23267-3 0  9991
2 60514  97.3768 303.2691 0004423 116.5071 243.6631 15.42289950110064
FLOCK 4BE-6             
1 60516U 24149BA  26218.20854314  .00008463  00000+0  20780-3 0  9994
2 60516  97.3765 302.2709 0005157 114.9712 245.2071 15.40918334109978
FLOCK 4BE-14            
1 60517U 24149BB  26218.20783597  .00009446  00000+0  21953-3 0  9994
2 60517  97.3670 302.4578 0006051 114.0579 246.1302 15.42539907110039
FLOCK 4BE-1             
1 60518U 24149BC  26218.75354547  .00010723  00000+0  23508-3 0  9992
2 60518  97.3755 304.4718 0005553 110.9613 249.2230 15.44251282110170
FLOCK 4BE-28            
1 60519U 24149BD  26218.22314766  .00030410  00000+0  57864-3 0  9991
2 60519  97.3715 304.8507 0005432 119.8257 240.3534 15.48164457110175
IPERDRONE.0             
1 60520U 24149BE  26218.25421162  .00079830  00000+0  52773-3 0  9998
2 60520  97.3746 314.2366 0001244 130.9751 229.1622 15.75336922110776
CONNECTA IOT-2          
1 60522U 24149BG  26218.46918170  .00002374  00000+0  99839-4 0  9997
2 60522  97.3812 295.8590 0007662 137.9721 222.2105 15.24361707109556
CONNECTA IOT-4          
1 60524U 24149BJ  26218.20587483  .00011152  00000+0  24667-3 0  9990
2 60524  97.3777 303.2271 0006613 109.5365 250.6598 15.43966699110041
ORESAT0.5               
1 60525U 24149BK  26218.47438637  .00012666  00000+0  25282-3 0  9991
2 60525  97.3702 305.3068 0006606  99.1288 261.0709 15.46956050110242
DEIMOS                  
1 60526U 24149BL  26218.21250880  .00011841  00000+0  24449-3 0  9994
2 60526  97.3763 305.1518 0006656 104.8305 255.3682 15.45984440110178
CUAVA-2                 
1 60527U 24149BM  26218.22409266  .00007174  00000+0  19880-3 0  9997
2 60527  97.3701 299.8609 0008074 111.4335 248.7772 15.37233154109853
ERNST                   
1 60528U 24149BN  26218.46795386  .00007531  00000+0  18801-3 0  9994
2 60528  97.3787 302.6036 0007390 111.7032 248.5002 15.40438656110014
TORO                    
1 60530U 24149BQ  26218.18702922  .00000702  00000+0  66653-4 0  9992
2 60530  97.6757 291.9193 0001469 100.2823 259.8564 14.96587638107438
HYPSO-2                 
1 60531U 24149BR  26218.46855787  .00001222  00000+0  10570-3 0  9996
2 60531  97.6783 293.9990 0001257 151.0557 209.0736 14.99008422107584
LEMU NGE                
1 60532U 24149BS  26218.44885485  .00000929  00000+0  89803-4 0  9992
2 60532  97.6817 292.3916 0001457 134.2432 225.8909 14.95138264107460
LEMUR-2-STELLA          
1 60533U 24149BT  26218.49993809  .00006159  00000+0  35438-3 0  9993
2 60533  97.6717 301.2058 0001610 124.2360 235.9024 15.12817890108108
SATELIOT_2              
1 60534U 24149BU  26218.10936031  .00000906  00000+0  84694-4 0  9999
2 60534  97.6806 292.1532 0001237  86.2855 273.8508 14.96528944107437
NIGHTJAR                
1 60535U 24149BV  26218.18478516  .00001106  00000+0  95376-4 0  9999
2 60535  97.6835 294.1989 0001470  39.8850 320.2481 14.99295621150369
LEMUR-2-MARHISYAM       
1 60536U 24149BW  26218.23526930  .00005380  00000+0  31579-3 0  9992
2 60536  97.6861 301.4369 0000687  29.2191 330.9077 15.12163516108043
SATELIOT_4              
1 60537U 24149BX  26218.44436525  .00000653  00000+0  61989-4 0  9993
2 60537  97.6713 291.9747 0001367 173.7805 186.3434 14.96828983107491
PICO-02A021             
1 60538U 24149BY  26218.48150598  .00002605  00000+0  19452-3 0  9997
2 60538  97.6738 296.8881 0004736 181.7297 178.3913 15.03690367107292
ICEYE-X43               
1 60539U 24149BZ  26218.20143921  .00001403  00000+0  11800-3 0  9994
2 60539  97.6731 294.4856 0007057 248.5011 111.5460 14.99850515107616
HAWK-10A                
1 60540U 24149CA  26218.18121075  .00000496  00000+0  48533-4 0  9994
2 60540  97.6872 293.2313 0001818 260.5615  99.5401 14.96648994107468
UMBRA-09                
1 60541U 24149CB  26218.20574524  .00010534  00000+0  49927-3 0  9990
2 60541  97.6953 306.3163 0002011 164.4160 195.7137 15.19497935108314
QPS-SAR-8 (AMATERU-IV)  
1 60542U 24149CC  26218.54532541  .00002703  00000+0  19697-3 0  9991
2 60542  97.6647 297.2824 0001474 329.2967  30.8173 15.04597578107849
ARCTIC WEATHER SATELLITE
1 60543U 24149CD  26218.19120832  .00000482  00000+0  55745-4 0  9996
2 60543  97.6772 287.2196 0001076 352.7114   7.4088 14.89812661106741
CAPELLA-15 (ACADIA-5)   
1 60544U 24149CE  26218.47410025  .00002633  00000+0  26254-3 0  9996
2 60544  97.6744 290.1147 0003684 240.1142 119.9712 14.92403321107352
HAWK-10B                
1 60545U 24149CF  26218.44851068  .00000381  00000+0  38432-4 0  9990
2 60545  97.6791 292.7979 0003835 290.4009  69.6800 14.96647705107500
ICEYE-X39               
1 60546U 24149CG  26218.17306099  .00002230  00000+0  18307-3 0  9993
2 60546  97.6828 294.5392 0005730 333.6471  26.4461 15.00217531107612
UMBRA-10                
1 60547U 24149CH  26218.20528886  .00009221  00000+0  43754-3 0  9999
2 60547  97.6958 306.3482 0002362 133.5189 226.6241 15.19497220108324
ICEYE-X33               
1 60548U 24149CJ  26218.50376437  .00002664  00000+0  21409-3 0  9993
2 60548  97.7413 297.4104 0001710  63.0921 297.0477 15.00888981107757
ICEYE-X40               
1 60549U 24149CK  26218.46528539  .00001719  00000+0  14979-3 0  9995
2 60549  97.6772 294.1551 0003821 265.1983  94.8803 14.98194701107609
SATELIOT_1              
1 60550U 24149CL  26218.18599192  .00000565  00000+0  52473-4 0  9999
2 60550  97.6727 293.2520 0005114 268.7221  91.3415 14.98242365107553
BRO-14                  
1 60551U 24149CM  26218.75368347  .00000994  00000+0  93046-4 0  9996
2 60551  97.6848 293.6195 0005022 291.9839  68.0848 14.96277298107553
SATELIOT_3              
1 60552U 24149CN  26218.16206886  .00002029  00000+0  17570-3 0  9999
2 60552  97.6802 294.0646 0002868 272.7599  87.3295 14.98239929107567
BRO-15                  
1 60553U 24149CP  26218.20165011  .00000451  00000+0  45018-4 0  9995
2 60553  97.6771 292.6327 0006557 281.6477  78.4008 14.96256078107482
UM5-RIBAT               
1 60554U 24149CQ  26218.19672958  .00001205  00000+0  98253-4 0  9994
2 60554  97.6548 295.3098 0002501 188.0583 172.0602 15.01311088107697
UM5-EOSAT               
1 60555U 24149CR  26218.47949798  .00001713  00000+0  13585-3 0  9993
2 60555  97.6761 296.6635 0007088 332.4998  27.5850 15.01849006107769
KANYINI                 
1 60556U 24149CS  26218.21950302  .00029556  00000+0  41402-3 0  9993
2 60556  97.3697 306.6018 0003272  91.8941 268.2689 15.56740878110289
FLOCK 4BE-5             
1 60559U 24149CV  26218.22322200  .00009489  00000+0  22698-3 0  9996
2 60559  97.3821 302.7486 0004772 113.5869 246.5880 15.41675822109981
FLOCK 4BE-3             
1 60561U 24149CX  26218.23386232  .00011110  00000+0  25294-3 0  9994
2 60561  97.3669 302.6729 0005542 109.8793 250.3052 15.43111947110052
HYPERFIELD-1A           
1 60562U 24149CY  26218.46643079  .00003721  00000+0  12447-3 0  9990
2 60562  97.3774 298.3878 0006621 122.7792 237.4088 15.31589449109739
FLOCK 4BE-19            
1 60563U 24149CZ  26218.56338731  .00013235  00000+0  26725-3 0  9993
2 60563  97.3722 304.8206 0006154 113.0293 247.1607 15.46612647110203
PTD-4 (LISA-T)          
1 60565U 24149DB  26218.20360085  .00012921  00000+0  53601-3 0  9997
2 60565  97.6950 308.3248 0002965 196.8854 163.2284 15.24000059108439
ION SCV-012             
1 60573U 24149DK  26218.16720375  .00000685  00000+0  67766-4 0  9995
2 60573  97.6752 291.1313 0001692 280.2276  79.8753 14.95031388107384
GNOMES-5                
1 60574U 24149DL  26218.48325167  .00002105  00000+0  16708-3 0  9999
2 60574  97.7143 296.2331 0007259 338.8799  21.2124 15.01571760107701
HAWK-10C                
1 60575U 24149DM  26218.18141825  .00000397  00000+0  39851-4 0  9990
2 60575  97.6709 291.8233 0001918 237.1330 122.9707 14.96648411107469
LEMUR-2-AHMED-ASRAR     
1 60576U 24149DN  26218.21904095  .00005784  00000+0  32441-3 0  9993
2 60576  97.6986 303.7136 0002920 149.5387 210.6014 15.13765404108137
LEMUR-2-LLOYD           
1 60577U 24149DP  26218.21650282  .00004980  00000+0  30930-3 0  9998
2 60577  97.6724 299.3984 0002911   7.9234 352.2041 15.10135971107945
LEMUR-2-SQUIRRELCOMM    
1 60578U 24149DQ  26218.17348167  .00004042  00000+0  26924-3 0  9997
2 60578  97.6689 298.9396 0004417 228.8254 131.2593 15.07671328107930
LEMUR-2-SIERRINI        
1 60579U 24149DR  26218.46624175  .00005428  00000+0  32040-3 0  9991
2 60579  97.6817 301.3111 0004762  25.2631 334.8831 15.11946222108052
SEDNA-1                 
1 60580U 24149DS  26218.46049287  .00003221  00000+0  21549-3 0  9999
2 60580  97.6606 298.7305 0009504 168.3471 191.7979 15.07630925107961
2024-153A               
1 60745U 24153A   26218.64444725  .00042734  00000+0  70127-3 0  9991
2 60745  97.6787   3.6730 0004775 282.0032  78.0685 15.52306100107923
2024-153B               
1 60746U 24153B   26218.60760655  .00007340  00000+0  22170-3 0  9990
2 60746  97.6837   0.0740 0008969 349.5905  10.5150 15.34536077107688
2024-153C               
1 60747U 24153C   26218.62672021  .00016216  00000+0  35809-3 0  9997
2 60747  97.6825   3.7359 0007259 333.1394  26.9477 15.43930692107925
2024-153D               
1 60748U 24153D   26218.63932001  .00008130  00000+0  28937-3 0  9996
2 60748  97.6842 358.1282 0002517  57.7651 302.3832 15.29237617107550
2024-153E               
1 60749U 24153E   26218.63992478  .00008903  00000+0  32865-3 0  9994
2 60749  97.6770 357.4185 0002232  79.6026 280.5464 15.28007182107535
2024-153F               
1 60750U 24153F   26218.74226748  .00008142  00000+0  30797-3 0  9995
2 60750  97.6768 356.6931 0006646  78.7400 281.4585 15.27212655107517
YAOGAN-43 02A           
1 60945U 24156A   26218.30403437  .00033682  00000+0  49833-3 0  9996
2 60945  34.9931 183.3849 0003017 272.7972  87.2407 15.54254982107751
YAOGAN-43 02B           
1 60946U 24156B   26218.46029792  .00004236  00000+0  17754-3 0  9992
2 60946  34.9945 241.8390 0002919 196.1335 163.9287 15.22946618107117
YAOGAN-43 02C           
1 60947U 24156C   26218.45599539  .00003400  00000+0  14236-3 0  9997
2 60947  34.9979 241.9889 0002502 126.9707 233.1237 15.23057089107112
YAOGAN-43 02D           
1 60948U 24156D   26217.15180049  .00000126  00000+0  67703-5 0  9997
2 60948  34.9917 249.9913 0002820 315.2002  44.8485 15.22936778106914
YAOGAN-43 02E           
1 60949U 24156E   26217.15563166  .00002379  00000+0  10037-3 0  9991
2 60949  34.9956 250.2058 0004875  70.8315 289.2927 15.22953683106916
YAOGAN-43 02F           
1 60950U 24156F   26218.45728245  .00003883  00000+0  16233-3 0  9993
2 60950  34.9926 241.7128 0000427 160.6805 199.3925 15.23065328107112
SENTINEL-2C             
1 60989U 24157A   26218.59213241  .00000041  00000+0  32256-4 0  9993
2 60989  98.5666 292.6543 0001269 107.8044 252.3277 14.30820933100199
GEESAT-3 01             
1 61011U 24159A   26218.56517333  .00001381  00000+0  18939-3 0  9997
2 61011  49.9989 209.3901 0002258  67.8147 292.3031 14.84373437104169
GEESAT-3 02             
1 61012U 24159B   26218.55802910  .00001128  00000+0  15960-3 0  9995
2 61012  49.9930 209.6310 0019088 251.1254 108.7614 14.84389115104278
GEESAT-3 03             
1 61013U 24159C   26218.58018917  .00001325  00000+0  18298-3 0  9991
2 61013  49.9922 208.2626 0006086 317.3012  42.7453 14.84367196104325
GEESAT-3 04             
1 61014U 24159D   26218.57038551  .00001271  00000+0  18062-3 0  9996
2 61014  49.9985 120.7310 0002653 278.5950  81.4687 14.83355360105484
GEESAT-3 05             
1 61015U 24159E   26218.57246660  .00001533  00000+0  20733-3 0  9998
2 61015  50.0017 209.6065 0013020 250.8922 109.0607 14.84372838104264
GEESAT-3 06             
1 61016U 24159F   26218.53529252  .00001186  00000+0  16646-3 0  9998
2 61016  49.9968 209.7859 0016870 272.0955  87.8052 14.84390500104248
GEESAT-3 07             
1 61017U 24159G   26218.59516348  .00001130  00000+0  16003-3 0  9993
2 61017  49.9926 209.0942 0011279 228.7759 131.2208 14.84382519103637
GEESAT-3 08             
1 61018U 24159H   26218.54264983  .00001231  00000+0  17149-3 0  9998
2 61018  50.0041 209.5220 0027859 287.0450  72.7437 14.84365458104255
GEESAT-3 09             
1 61019U 24159J   26218.55030075  .00001136  00000+0  16064-3 0  9992
2 61019  49.9965 209.0624 0022257 254.6609 105.1870 14.84364986104251
GEESAT-3 10             
1 61020U 24159K   26218.58798324  .00001178  00000+0  16557-3 0  9998
2 61020  49.9982 209.4316 0004330 302.1734  57.8784 14.84377963103990
SPACEMOBILE-003         
1 61045U 24163A   26218.62473116  .00002301  00000+0  11790-3 0  9997
2 61045  52.9737  77.5067 0002716 284.8431  75.2263 15.20709894105443
SPACEMOBILE-005         
1 61046U 24163B   26218.60876863  .00005047  00000+0  24134-3 0  9998
2 61046  52.9733  77.5482 0007299 269.7709  90.2449 15.20667005105431
SPACEMOBILE-001         
1 61047U 24163C   26217.94926712  .00001022  00000+0  60643-4 0  9999
2 61047  52.9690  80.2738 0005626 265.6870  94.3481 15.20666926105336
SPACEMOBILE-002         
1 61048U 24163D   26217.93543591  .00010154  00000+0  47263-3 0  9997
2 61048  52.9719  80.4195 0004620 256.4274 103.6206 15.20511461105339
SPACEMOBILE-004         
1 61049U 24163E   26215.94452416  .00017294  00000+0  79084-3 0  9990
2 61049  52.9757  89.3242 0005378 293.0588  66.9838 15.20638104105032
CHAMRAN-1               
1 61072U 24165B   26214.19538725  .00002965  00000+0  17986-3 0  9994
2 61072  64.0740 250.8250 0057555 304.4731  55.0955 15.11401681103618
2024-166B               
1 61180U 24166B   26216.94194086  .00019284  00000+0  12826-3 0  9998
2 61180  96.6709 106.3014 0005862  90.2768 269.9170 15.75438854108411
JILIN-01 KUANFU 02B 1   
1 61189U 24169A   26218.57782150  .00002112  00000+0  13684-3 0  9991
2 61189  97.5567 307.3343 0001871 194.0208 166.0969 15.09197436103422
JILIN-01 KUANFU 02B 2   
1 61190U 24169B   26218.55800710  .00001706  00000+0  11139-3 0  9995
2 61190  97.5556 306.6962 0006200 187.4724 172.6414 15.09159010103425
JILIN-01 KUANFU 02B 3   
1 61191U 24169C   26218.56637350  .00001867  00000+0  12119-3 0  9992
2 61191  97.5554 307.1377 0014948 131.6524 228.5987 15.09204279103421
JILIN-01 KUANFU 02B 4   
1 61192U 24169D   26218.60159941  .00002760  00000+0  17724-3 0  9993
2 61192  97.5516 306.6878 0014867  93.6800 266.6130 15.09196122103435
JILIN-01 KUANFU 02B 5   
1 61193U 24169E   26218.58822318  .00002612  00000+0  16786-3 0  9999
2 61193  97.5568 307.4866 0014707 115.5270 244.7481 15.09222275103432
JILIN-01 KUANFU 02B 6   
1 61194U 24169F   26218.54616137  .00002226  00000+0  14367-3 0  9990
2 61194  97.5543 307.3305 0017491 145.4088 214.8283 15.09179417103432
TIANQI-29               
1 61195U 24170A   26218.57513967 -.00000034  00000+0  65435-4 0  9992
2 61195  44.8567 272.4973 0006472 319.9603  40.0749 13.97716427 95917
TIANQI-30               
1 61196U 24170B   26218.59334648 -.00000033  00000+0  66094-4 0  9993
2 61196  44.8582 272.6815 0008681 325.6264  34.4004 13.97712787 96101
TIANQI-31               
1 61197U 24170C   26218.54014992 -.00000025  00000+0  71848-4 0  9990
2 61197  44.8619 273.3085 0008937 305.3748  54.6247 13.97717813 95990
TIANQI-32               
1 61198U 24170D   26218.55653489 -.00000021  00000+0  74916-4 0  9997
2 61198  44.8604 273.3279 0008308 301.6613  58.3406 13.97709963 91588
KINEIS-3C               
1 61220U 24172A   26217.68430605  .00001286  00000+0  21115-3 0  9996
2 61220  98.0426 307.0580 0001675  47.5279 312.6069 14.72357826100359
KINEIS-3D               
1 61221U 24172B   26218.22131547  .00001171  00000+0  19323-3 0  9992
2 61221  98.0424 307.6020 0001530  56.3246 303.8107 14.72288170100715
KINEIS-3E               
1 61222U 24172C   26218.20437929  .00001151  00000+0  18986-3 0  9996
2 61222  98.0420 307.5618 0001216  80.6614 279.4731 14.72344075100712
KINEIS-3A               
1 61223U 24172D   26218.25569132  .00001138  00000+0  18797-3 0  9999
2 61223  98.0417 307.7101 0000577 320.5397  39.5769 14.72297928100148
KINEIS-3B               
1 61224U 24172E   26218.51020906  .00001075  00000+0  17802-3 0  9996
2 61224  98.0412 307.9826 0000548 235.5490 124.5665 14.72277289100752
2024-173A               
1 61227U 24173A   26218.51881862  .00330934  43655-4  97980-3 0  9998
2 61227  97.3304 309.6073 0005669 237.6430 122.4296 15.92515905105010
2024-173C               
1 61229U 24173C   26218.66154941  .00020927  00000+0  33964-3 0  9999
2 61229  97.3405 302.3215 0007736 313.1777  46.8829 15.52733254104557
2024-173D               
1 61230U 24173D   26218.75000168  .00008770  00000+0  29079-3 0  9996
2 61230  97.3529 297.5441 0010670  83.1314 277.1141 15.31445740104197
2024-173E               
1 61231U 24173E   26218.74794098  .00001733  00000+0  85639-4 0  9995
2 61231  97.4111 289.9688 0001692  83.0151 277.1277 15.19160272103432
XINGSHIDAI 21 (SCA-2)   
1 61232U 24173F   26218.72219545  .16031848  25456-5  22224-3 0  9998
2 61232  97.3225 319.8814 0015368 261.4225  98.5338 16.48092072105644
2024-174A               
1 61238U 24174A   26218.65518708  .00002701  00000+0  13160-3 0  9990
2 61238  97.4486 225.7180 0002663  95.1421 265.0118 15.19199913103346
2024-174B               
1 61239U 24174B   26218.60569071  .00002319  00000+0  14390-3 0  9996
2 61239  97.4506 220.6713 0022611 113.6026 246.7582 15.10470686103002
2024-174C               
1 61240U 24174C   26218.65584866  .00002199  00000+0  10787-3 0  9994
2 61240  97.4486 225.8963 0001646  91.5661 268.5762 15.19151559103342
2024-174D               
1 61241U 24174D   26218.59191122  .00004821  00000+0  16660-3 0  9997
2 61241  97.4390 230.0934 0013246  57.6054 302.6466 15.30329780103629
2024-174E               
1 61242U 24174E   26218.76537081  .00004404  00000+0  16303-3 0  9996
2 61242  97.4470 229.6859 0014577  60.5518 299.7173 15.28104495103560
QIANFAN-19              
1 61552U 24185A   26218.58161198  .00000257  00000+0  12664-3 0  9992
2 61552  88.9804  50.8019 0004515 261.6068  98.4608 14.14507160103148
QIANFAN-20              
1 61553U 24185B   26218.60703415  .00000314  00000+0  17311-3 0  9998
2 61553  88.9800  51.3575 0004312 328.9636  31.1292 14.09048611102845
QIANFAN-21              
1 61554U 24185C   26218.76353000  .00000342  00000+0  14591-3 0  9995
2 61554  88.9723  49.2188 0008971 321.8142  38.2414 14.22899730103672
QIANFAN-22              
1 61555U 24185D   26218.59851211  .00000181  00000+0  14504-3 0  9999
2 61555  88.9783  53.2959 0006552  11.1366 348.9949 13.86415370101754
QIANFAN-23              
1 61556U 24185E   26218.71529323  .00000239  00000+0  11299-3 0  9992
2 61556  88.9799  50.4853 0005076 274.2713  85.7895 14.16530582103296
QIANFAN-24              
1 61557U 24185F   26218.70569413  .00000383  00000+0  16011-3 0  9993
2 61557  88.9780  49.5056 0007320 237.8976 122.1506 14.24120253103745
QIANFAN-25              
1 61558U 24185G   26218.56790952  .00000177  00000+0  99564-4 0  9998
2 61558  88.9790  51.3884 0010004 329.0049  31.0542 14.06106111102783
QIANFAN-26              
1 61559U 24185H   26218.63393528  .00000159  00000+0  14539-3 0  9993
2 61559  88.9789  54.1813 0006722  33.4621 326.6969 13.77931720101299
QIANFAN-27              
1 61560U 24185J   26218.61241119  .00000305  00000+0  11819-3 0  9992
2 61560  88.9793  49.1769 0005534 216.5925 143.4892 14.27571851103957
QIANFAN-28              
1 61561U 24185K   26218.60279764  .00000427  00000+0  16473-3 0  9995
2 61561  88.9810  49.1919 0005545 214.8221 145.2612 14.28442590103988
QIANFAN-29              
1 61562U 24185L   26218.58404344  .00000114  00000+0  15814-3 0  9998
2 61562  88.9760  56.8294 0011841  86.3966 273.8540 13.51083660 99771
QIANFAN-30              
1 61563U 24185M   26218.59005642  .00000103  00000+0  14271-3 0  9992
2 61563  88.9781  56.4448 0009579  75.0352 285.1858 13.50065593100024
QIANFAN-31              
1 61564U 24185N   26218.64062200  .00000114  00000+0  14002-3 0  9996
2 61564  88.9765  55.8653 0008913  64.6640 295.5437 13.58052506100311
QIANFAN-32              
1 61565U 24185P   26218.57683053  .00000110  00000+0  15177-3 0  9994
2 61565  88.9821  56.6504 0011692 100.1404 260.1067 13.50798059100017
QIANFAN-33              
1 61566U 24185Q   26218.76081338  .00000230  00000+0  15639-3 0  9990
2 61566  88.9783  52.3829 0006049 319.6760  40.3967 13.96731105102243
QIANFAN-34              
1 61567U 24185R   26218.60953648  .00000310  00000+0  19257-3 0  9995
2 61567  88.9761  51.6497 0004360 329.6282  30.4645 14.02494892102551
QIANFAN-35              
1 61568U 24185S   26218.58608953  .00000417  00000+0  16129-3 0  9992
2 61568  88.9791  49.0796 0004789 207.8266 152.2674 14.28319398103980
QIANFAN-36              
1 61569U 24185T   26218.60138959  .00000052  00000+0  57122-4 0  9994
2 61569  88.9757  56.3616 0008407  78.2623 281.9473 13.55642903100011
GAOFEN-12 05            
1 61571U 24186A   26218.60790443  .00000214  00000+0  34319-4 0  9993
2 61571  97.9118 226.0818 0002303  99.8184 260.3289 14.80993318 96800
ONEWEB-0015             
1 61594U 24188A   26218.43643942 -.00000035  00000+0 -13437-3 0  9992
2 61594  87.8910  11.0886 0001291 102.2532 257.8740 13.11414364 91047
ONEWEB-0687             
1 61595U 24188B   26218.34865837  .00000062  00000+0  12587-3 0  9995
2 61595  87.9170 355.9005 0001430  86.3312 273.7983 13.17648700 92500
ONEWEB-0688             
1 61596U 24188C   26218.45326274 -.00000785  00000+0 -20544-2 0  9990
2 61596  87.9170 355.8799 0001014 131.0633 229.0587 13.17650509 92517
ONEWEB-0689             
1 61597U 24188D   26218.47034669  .00000037  00000+0  69566-4 0  9994
2 61597  87.8919  11.0462 0001793  84.5891 275.5442 13.11418029 91044
ONEWEB-0690             
1 61598U 24188E   26218.48053415  .00000399  00000+0  10910-2 0  9994
2 61598  87.8917  11.0546 0002219 108.3486 251.7883 13.11417552 91220
ONEWEB-0691             
1 61599U 24188F   26218.55173889  .00000382  00000+0  10431-2 0  9991
2 61599  87.8934  10.9535 0001391  92.0641 268.0646 13.11421633 91085
ONEWEB-0692             
1 61600U 24188G   26218.41949166  .00000518  00000+0  14257-2 0  9999
2 61600  87.8912  11.0839 0002414  81.3644 278.7757 13.11415544 91056
ONEWEB-0693             
1 61601U 24188H   26218.38916033  .00000051  00000+0  98806-4 0  9999
2 61601  87.9166 355.9102 0002259 116.5465 243.5898 13.17649530 92496
ONEWEB-0695             
1 61602U 24188J   26218.47205004  .00000057  00000+0  12598-3 0  9998
2 61602  87.8909  11.0650 0002026  79.5853 280.5503 13.11418329 91059
ONEWEB-0697             
1 61603U 24188K   26218.50426731  .00000334  00000+0  90686-3 0  9997
2 61603  87.8911  11.0496 0002431  82.1279 278.0125 13.11413685 91044
ONEWEB-0698             
1 61604U 24188L   26218.40593208  .00000462  00000+0  12670-2 0  9999
2 61604  87.8911  11.0825 0002966  97.7857 262.3608 13.11417654 91051
ONEWEB-0699             
1 61605U 24188M   26218.45849993  .00000761  00000+0  21435-2 0  9991
2 61605  87.8834  26.2466 0002427  83.3955 276.7449 13.10372693 89890
ONEWEB-0700             
1 61606U 24188N   26218.53656367  .00000746  00000+0  21005-2 0  9998
2 61606  87.8850  26.1486 0002323  85.5538 274.5854 13.10372493 89890
ONEWEB-0701             
1 61607U 24188P   26218.47715662  .00000026  00000+0  39377-4 0  9990
2 61607  87.8833  26.2440 0002593  84.1704 275.9719 13.10370009 89898
ONEWEB-0702             
1 61608U 24188Q   26218.45170211 -.00000455  00000+0 -13192-2 0  9997
2 61608  87.8928  10.9882 0002540  75.4996 284.6414 13.11416886 91079
ONEWEB-0704             
1 61609U 24188R   26218.46528510  .00000559  00000+0  15647-2 0  9998
2 61609  87.8838  26.2370 0002509  70.4463 289.6935 13.10371299 89876
ONEWEB-0705             
1 61610U 24188S   26218.47037075  .00000442  00000+0  12298-2 0  9992
2 61610  87.8835  26.2420 0001883  59.0137 301.1175 13.10371390 82046
ONEWEB-0706             
1 61611U 24188T   26218.45510438  .00000763  00000+0  21484-2 0  9993
2 61611  87.8834  26.2479 0002085  76.0134 284.1225 13.10373854 89962
ONEWEB-0707             
1 61612U 24188U   26218.53825545  .00000668  00000+0  18782-2 0  9992
2 61612  87.8835  26.2274 0002102  76.5123 283.6239 13.10371173 89916
ONEWEB-0708             
1 61613U 24188V   26218.48054396 -.00000108  00000+0 -34604-3 0  9998
2 61613  87.8828  26.2533 0001389  78.0677 282.0606 13.10369333 89886
TIANPING 3A-01          
1 61614U 24189A   26216.91096221  .00002203  00000+0  17672-3 0  9991
2 61614  97.5172 235.5760 0001630  78.9936 281.1471 15.01080591 97797
TIANPING 3B-01          
1 61615U 24189B   26218.57715543  .00001451  00000+0  11816-3 0  9999
2 61615  97.5156 237.0829 0002279 105.6660 254.4816 15.01018237 98004
TIANPING 3B-02          
1 61616U 24189C   26217.84413057  .00001621  00000+0  13143-3 0  9998
2 61616  97.5171 236.4943 0001851  61.6625 298.4786 15.01014244 97893
YAOGAN-43 03A           
1 61617U 24190A   26218.45879843  .00003186  00000+0  13409-3 0  9991
2 61617  34.9903 241.5497 0003832  71.4198 288.6933 15.22908450 99530
YAOGAN-43 03B           
1 61618U 24190B   26217.47498613  .00001352  00000+0  58048-4 0  9997
2 61618  34.9881 247.5978 0006848  96.8252 263.3242 15.22756680 99380
YAOGAN-43 03C           
1 61619U 24190C   26217.15305667  .00001784  00000+0  75470-4 0  9996
2 61619  34.9955 250.1158 0005388  62.7919 297.3345 15.23035377 99298
COSMOS 2579             
1 61730U 24197A   26218.66123617  .00002155  00000+0  88818-4 0  9990
2 61730  97.5559 143.1220 0001688 133.5276 226.6102 15.25202998 98168
IONOSFERA-M 1           
1 61735U 24199A   26218.75797860  .00000006  00000+0  22150-4 0  9994
2 61735  98.7099  91.3796 0001556  42.3010 317.8288 14.22762694134893
IONOSFERA-M 2           
1 61736U 24199B   26218.65150857  .00000018  00000+0  27518-4 0  9999
2 61736  98.7098  91.1846 0001398 121.5879 238.5436 14.22765933138004
SITRO-AIS 16            
1 61737U 24199C   26218.59900210  .00001279  00000+0  11338-3 0  9991
2 61737  97.3213  54.7860 0005384 253.2642 106.7991 14.97814720139363
SITRO-AIS 15            
1 61738U 24199D   26218.58266210  .00001255  00000+0  11132-3 0  9992
2 61738  97.3226  54.8109 0004574 253.6053 106.4668 14.97838504139369
SITRO-AIS 21            
1 61739U 24199E   26218.73291183  .00001241  00000+0  11716-3 0  9990
2 61739  97.3238  53.2032 0011011 250.7245 109.2786 14.95333625139304
SITRO-AIS 22            
1 61740U 24199F   26218.73611564  .00001389  00000+0  12807-3 0  9996
2 61740  97.3233  53.4930 0011090 249.6534 110.3497 14.96113500139474
SITRO-AIS 24            
1 61741U 24199G   26218.57918604  .00001254  00000+0  11535-3 0  9992
2 61741  97.3241  53.4086 0010690 251.7772 108.2287 14.96364909139428
SITRO-AIS 23            
1 61742U 24199H   26218.58885037  .00001080  00000+0  10052-3 0  9997
2 61742  97.3236  53.3865 0010813 251.7705 108.2341 14.96142756139302
SITRO-AIS 13            
1 61743U 24199J   26218.76271314  .00002381  00000+0  20560-3 0  9995
2 61743  97.3217  55.1585 0004296 246.9090 113.1681 14.98110588139562
2024-199K               
1 61744U 24199K   26218.74575723  .00022268  00000+0  33512-3 0  9992
2 61744  97.2871  94.8000 0009451  94.6941 265.5393 15.54792753142212
POLYTECH UNIVERSE-5     
1 61745U 24199L   26218.60576194  .00047072  00000+0  43268-3 0  9990
2 61745  97.2861  98.0026 0007294  91.3494 268.8603 15.67534941145564
COLIBRI-S (RS67S)       
1 61746U 24199M   26218.58766603  .00014433  00000+0  26053-3 0  9992
2 61746  97.2918  92.9535 0010005  95.7656 264.4737 15.49789210145211
POLYTECH UNIVERSE-4     
1 61747U 24199N   26218.58689784  .00011531  00000+0  22725-3 0  9995
2 61747  97.2923  92.0599 0010641  95.6034 264.6430 15.47311113145150
SITRO-AIS 44            
1 61748U 24199P   26218.49661427  .00095614  00000+0  55074-3 0  9997
2 61748  97.2760  99.9166 0006366 102.2226 257.9754 15.78399369145699
VIZARD-ION (RS68S)      
1 61749U 24199Q   26218.59565598  .00027096  00000+0  35260-3 0  9995
2 61749  97.2897  95.9620 0008223  90.9026 269.3173 15.58700945145413
2024-199R               
1 61750U 24199R   26218.59193728  .00026077  00000+0  33661-3 0  9990
2 61750  97.2870  95.4042 0008346  98.9127 261.3075 15.58921055145392
2024-199S               
1 61751U 24199S   26218.60324142 -.00027757  00000+0 -75330-3 0  9996
2 61751  97.2927  87.6962 0011031 118.6413 241.5943 15.37551879144880
SITRO-AIS 14            
1 61752U 24199T   26218.56052489  .00002307  00000+0  20045-3 0  9999
2 61752  97.3217  54.8334 0004451 248.1635 111.9115 14.97893950142665
HORS 3 (RS81S)          
1 61753U 24199U   26218.61357581  .00026921  00000+0  35212-3 0  9997
2 61753  97.2894  95.5668 0008275  96.2215 263.9984 15.58564593145405
HORS 4 (RS82S)          
1 61754U 24199V   26218.59166680  .00037582  00000+0  38580-3 0  9999
2 61754  97.2829  97.1227 0007333  93.1614 267.0484 15.64810695145512
SITRO-AIS 43            
1 61755U 24199W   26218.09849060  .00112199  00000+0  61526-3 0  9999
2 61755  97.2789  99.7409 0006038 101.9988 258.1956 15.79452702145647
SITRO-AIS 42            
1 61756U 24199X   26218.56651368  .00086848  00000+0  53043-3 0  9990
2 61756  97.2780 100.1680 0007174 124.0026 236.1922 15.77095222145713
SITRO-AIS 20            
1 61758U 24199Z   26218.59923810  .00001230  00000+0  10821-3 0  9998
2 61758  97.3207  55.0547 0004835 257.1661 102.9022 14.98170531142687
SITRO-AIS 19            
1 61759U 24199AA  26218.60354450  .00001407  00000+0  12322-3 0  9993
2 61759  97.3205  55.0523 0004841 257.6205 102.4477 14.98143210142689
SITRO-AIS 41            
1 61760U 24199AB  26218.04429323  .00093028  00000+0  56835-3 0  9992
2 61760  97.2811  99.2867 0005875  99.9631 260.2298 15.77081803145608
2024-199AC              
1 61761U 24199AC  26218.59175120  .00031020  00000+0  36797-3 0  9995
2 61761  97.2824  96.3494 0007272  91.1718 269.0372 15.61126899145462
SIT-HSE                 
1 61763U 24199AE  26218.58303695  .00026961  00000+0  38492-3 0  9998
2 61763  97.2888  95.7700 0006884  97.1663 263.0375 15.56219599145416
SIT-2086                
1 61764U 24199AF  26218.58865524  .00026671  00000+0  37409-3 0  9998
2 61764  97.2849  95.8427 0008518  84.1945 276.0281 15.56686852142266
2024-199AK              
1 61768U 24199AK  26218.61227623  .00014651  00000+0  24596-3 0  9996
2 61768  97.2896  94.0619 0007567 104.3052 255.9041 15.51862906142152
KOSAR                   
1 61769U 24199AL  26218.63445504  .00024016  00000+0  33079-3 0  9991
2 61769  97.2854  95.6365 0006553  96.7890 263.4111 15.57215368142264
SITRO-AIS 48            
1 61771U 24199AN  26218.63108173  .00038252  00000+0  42221-3 0  9998
2 61771  97.2832  95.8865 0009151 102.3763 257.8520 15.62936257142297
HYPERVIEW 1G (RS66S)    
1 61772U 24199AP  26218.74790992  .00354991  56115-4  65293-3 0  9995
2 61772  97.2648 101.7221 0006628 148.6435 211.5240 16.01229095142689
SITRO-AIS 47            
1 61773U 24199AQ  26218.57847728  .00040822  00000+0  43264-3 0  9993
2 61773  97.2816  96.0906 0008512 100.5978 259.6240 15.63971254142306
SITRO-AIS 46            
1 61774U 24199AR  26218.63512003  .00047041  00000+0  45485-3 0  9993
2 61774  97.2786  96.6953 0008336 102.7047 257.5146 15.66263817142355
2024-199AS              
1 61775U 24199AS  26218.60149099  .00010164  00000+0  21017-3 0  9993
2 61775  97.2911  91.1454 0016217  95.2313 265.0787 15.45860575141952
SITRO-AIS 40            
1 61776U 24199AT  26218.60127607  .00046666  00000+0  44343-3 0  9998
2 61776  97.2793  96.7588 0008146 102.2021 258.0153 15.66702958145504
2024-199AU              
1 61777U 24199AU  26218.06994624  .00011015  00000+0  21691-3 0  9991
2 61777  97.2912  90.9413 0016350  95.5527 264.7588 15.47259415141890
SITRO-AIS 39            
1 61778U 24199AV  26218.62538171  .00037904  00000+0  42040-3 0  9991
2 61778  97.2800  95.6856 0008638 100.4821 259.7411 15.62819297142283
ALTAIR (RS65S)          
1 61779U 24199AW  26218.61770860  .00006413  00000+0  17373-3 0  9996
2 61779  97.2961  87.6485 0014125 120.5283 239.7358 15.37911302144860
SITRO-AIS 37            
1 61780U 24199AX  26218.58778088  .00042056  00000+0  43977-3 0  9996
2 61780  97.2832  96.1557 0008988 101.3301 258.8969 15.64302642142300
ASRTU-1 (AO-123)        
1 61781U 24199AY  26218.58788417  .00004782  00000+0  13669-3 0  9993
2 61781  97.2932  86.8092 0015154 123.6476 236.6217 15.36358826141667
SAMSAT-IONOSPHERE (RS7*)
1 61784U 24199BB  26218.60924690  .00033820  00000+0  38234-3 0  9994
2 61784  97.2854  95.8286 0010001  96.4720 263.7678 15.62331404145425
RTU MIREA 1 (RS51S)     
1 61785U 24199BC  26218.62921070  .00050453  00000+0  46853-3 0  9993
2 61785  97.2834  96.9888 0009652  94.6213 265.6151 15.67240220142357
SITRO-AIS 38            
1 61786U 24199BD  26218.60231708  .00020611  00000+0  34641-3 0  9999
2 61786  97.2862  93.4183 0010259 104.3268 255.9124 15.51730803142124
2024-199BE              
1 61787U 24199BE  26218.58096881  .00005400  00000+0  14951-3 0  9999
2 61787  97.2939  87.1728 0014728 121.4267 238.8421 15.37301274144839
SITRO-AIS 45            
1 61788U 24199BF  26218.63208568  .00038431  00000+0  42014-3 0  9994
2 61788  97.2799  95.7973 0008594 100.8668 259.3558 15.63187804142276
SITRO-AIS 17            
1 61789U 24199BG  26218.59051241  .00001060  00000+0  93881-4 0  9991
2 61789  97.3219  55.0996 0004573 265.6630  94.4071 14.98181255139580
SITRO-AIS 18            
1 61790U 24199BH  26218.73890303  .00001485  00000+0  12987-3 0  9997
2 61790  97.3205  55.1802 0004849 258.3592 101.7088 14.98131419139606
2024-203A               
1 61869U 24203A   26218.61551858  .00008107  00000+0  27006-3 0  9992
2 61869  97.4161 288.8938 0012631 141.9017 218.3120 15.31304699 96678
2024-203B               
1 61870U 24203B   26218.73952730  .00008271  00000+0  27346-3 0  9990
2 61870  97.4140 289.0412 0012256 139.8101 220.4049 15.31543199 96708
2024-203C               
1 61871U 24203C   26218.74099606  .00006242  00000+0  24555-3 0  9991
2 61871  97.4204 287.5963 0012659 158.3307 201.8469 15.25933421 96573
2024-203D               
1 61872U 24203D   26218.65343300  .00006130  00000+0  22620-3 0  9992
2 61872  97.4219 288.5691 0011715 155.0824 205.0984 15.28077462 96620
2024-205A               
1 61894U 24205A   26218.66872512  .00004236  00000+0  24613-3 0  9990
2 61894  97.4100 287.2847 0015270 349.7502  10.3415 15.12531516 95833
2024-205B               
1 61895U 24205B   26218.64092247  .00006556  00000+0  21814-3 0  9995
2 61895  97.4109 296.2564 0009212 205.3691 154.7099 15.31457281 96406
2024-205C               
1 61896U 24205C   26218.62371388  .00004438  00000+0  24730-3 0  9997
2 61896  97.4090 288.0222 0050530 185.8866 174.1778 15.13008660 95852
2024-205D               
1 61897U 24205D   26218.61390693  .00003762  00000+0  18514-3 0  9999
2 61897  97.4065 289.0652 0010513 236.0977 123.9258 15.18553765 95932
2024-205E               
1 61898U 24205E   26218.53888746  .00004989  00000+0  28647-3 0  9992
2 61898  97.4086 287.6459 0055455 186.3641 173.6893 15.11655066 95829
2024-205F               
1 61899U 24205F   26218.73845583  .00005076  00000+0  26686-3 0  9996
2 61899  97.4065 288.8475 0006231 197.0921 163.0104 15.16093947 95935
2024-205G               
1 61900U 24205G   26218.74941578  .00004162  00000+0  24959-3 0  9997
2 61900  97.4100 287.0442 0017860 339.8061  20.2461 15.11363637 95799
2024-205H               
1 61901U 24205H   26218.62682847  .00007270  00000+0  23095-3 0  9999
2 61901  97.4080 296.6870 0008997 207.0430 153.0345 15.32909504 96446
2024-205J               
1 61902U 24205J   26218.76381001  .00003416  00000+0  19821-3 0  9993
2 61902  97.4106 287.6929 0012557   3.0033 357.1271 15.12741015 95837
2024-205K               
1 61903U 24205K   26218.63126149  .00008286  00000+0  27048-3 0  9990
2 61903  97.4077 295.5751 0008869 208.2289 151.8473 15.31993087 96360
2024-205L               
1 61904U 24205L   26218.64559903  .00003347  00000+0  20739-3 0  9993
2 61904  97.4101 287.3382 0066668 190.8689 169.1103 15.08579247 95801
2024-205M               
1 61905U 24205M   26218.65929368  .00004512  00000+0  15583-3 0  9997
2 61905  97.3813 292.8404 0007183 121.1882 239.0064 15.30436064 96220
2024-205N               
1 61906U 24205N   26218.74876078  .00012455  00000+0  31442-3 0  9994
2 61906  97.4133 300.0753 0008115 199.5887 160.5048 15.39943315 96654
2024-205P               
1 61907U 24205P   26218.65655468  .00002408  00000+0  12320-3 0  9994
2 61907  97.4096 290.0280 0010427 237.6633 122.3592 15.17537157 95982
2024-205Q               
1 61908U 24205Q   26218.64437449  .00003092  00000+0  15595-3 0  9998
2 61908  97.4100 290.0770 0010500 236.8915 123.1312 15.17834201 95988
HAIYANG-4 01            
1 61936U 24208A   26218.65401584  .00000278  00000+0  50700-4 0  9995
2 61936  98.0055 225.7227 0001761  60.4504 299.6880 14.73301131 92877
SUPERVIEW NEO-2 03      
1 62079U 24218B   26218.55375442 -.00000061  00000+0  31639-6 0  9990
2 62079  97.4404 225.1770 0001519  86.5663 273.5746 15.19719010 94098
SUPERVIEW NEO-2 04      
1 62080U 24218C   26218.55375166  .00000049  00000+0  54652-5 0  9999
2 62080  97.4394 225.1790 0001513 108.5724 251.5675 15.19719941 94097
KINEIS-5C               
1 62081U 24219A   26218.62316735  .00000410  00000+0  72447-4 0  9999
2 62081  97.9094  16.0901 0005437 114.6112 245.5663 14.72340932 91173
KINEIS-5D               
1 62082U 24219B   26218.57892466  .00000588  00000+0  10015-3 0  9992
2 62082  97.9207  16.1520 0006403 108.4391 251.7513 14.72530460 91172
KINEIS-5E               
1 62083U 24219C   26218.59979950  .00000380  00000+0  67691-4 0  9992
2 62083  97.9051  16.1491 0007833 103.1383 257.0699 14.72323890 91180
KINEIS-5A               
1 62084U 24219D   26218.57797338  .00001013  00000+0  16763-3 0  9996
2 62084  97.8992  16.3917 0005369 134.4303 225.7345 14.72376602 91189
KINEIS-5B               
1 62085U 24219E   26218.60654662  .00000697  00000+0  10276-3 0  9993
2 62085  98.0116  22.1647 0003295 102.9051 257.2528 14.78427728 91457
GUANGCHUAN 01           
1 62111U 24221A   26218.56824311  .00002227  00000+0  13389-3 0  9990
2 62111  49.9437 276.8146 0006813 146.3846 213.7538 15.14940552 93820
GUANGCHUAN 02           
1 62112U 24221B   26218.57171834  .00002351  00000+0  14051-3 0  9992
2 62112  49.9424 276.7407 0006401 195.8688 164.2063 15.14932387 93811
KONDOR-FKA NO. 2        
1 62138U 24223A   26218.61500265  .00002176  00000+0  10496-3 0  9995
2 62138  97.4397  61.3357 0001670  89.5229 270.6197 15.19754562 93363
2024-226A               
1 62185U 24226A   26218.75573135 -.00000129  00000+0  69882-5 0  9993
2 62185  50.0055  73.1931 0056215 308.5504  51.0351 13.60155385 83594
2024-226B               
1 62186U 24226B   26218.63955946 -.00000082  00000+0  82543-4 0  9991
2 62186  50.0042 143.9979 0011805 230.7831 129.1999 13.41505268 82484
HAISHAO-1               
1 62190U 24228A   26218.59940789  .00019837  00000+0  19850-3 0  9999
2 62190  42.9792  63.8685 0006176 290.3637  69.6565 15.65168392 95488
COSMOS 2580             
1 62216U 24230A   26214.20881122 -.00000042  00000+0  23814-4 0  9995
2 62216  67.1478 298.9899 0005832 262.7878  97.2543 13.96675172 84564
QIANFAN-37              
1 62238U 24232B   26218.55015986  .00000080  00000+0  10572-3 0  9997
2 62238  89.0091  17.5267 0002530 103.0771 257.0663 13.51024672131147
QIANFAN-38              
1 62239U 24232C   26218.57481935  .00000060  00000+0  74894-4 0  9997
2 62239  89.0098  17.4560 0013150 225.1599 134.8484 13.51023249131203
QIANFAN-39              
1 62240U 24232D   26218.75986845  .00000185  00000+0  72158-4 0  9998
2 62240  89.0088  10.3086 0016983  30.0155 330.2008 14.25539019135158
QIANFAN-40              
1 62241U 24232E   26218.53368677  .00000068  00000+0  87621-4 0  9993
2 62241  89.0125  17.1107 0011960 233.7161 126.2886 13.51023474131568
QIANFAN-41              
1 62242U 24232F   26218.54192593  .00000075  00000+0  98025-4 0  9995
2 62242  89.0095  17.4065 0012661 220.6552 139.3655 13.51024334131227
QIANFAN-42              
1 62243U 24232G   26218.55777277  .00000181  00000+0  71569-4 0  9997
2 62243  89.0085  10.4138 0016111  37.5929 322.6386 14.24627128135085
QIANFAN-43              
1 62244U 24232H   26218.75998264  .00000072  00000+0  92489-4 0  9994
2 62244  89.0100  17.4604 0014076 226.3875 133.6109 13.51024142 99869
QIANFAN-44              
1 62245U 24232J   26218.59952730  .00000059  00000+0  73371-4 0  9999
2 62245  89.0098  17.2834 0012354 222.8750 137.1439 13.51014799131318
QIANFAN-45              
1 62246U 24232K   26218.71474083  .00000062  00000+0  77017-4 0  9999
2 62246  89.0102  17.4268 0013040 222.4190 137.5954 13.51023383131253
QIANFAN-46              
1 62247U 24232L   26218.59127436  .00000068  00000+0  86584-4 0  9998
2 62247  89.0098  17.4984 0012932 228.9956 131.0078 13.51024617131193
QIANFAN-47              
1 62248U 24232M   26218.59540010  .00000071  00000+0  91351-4 0  9998
2 62248  89.0094  17.4215 0013367 228.2053 131.7957 13.51023298131222
QIANFAN-48              
1 62249U 24232N   26218.55826503  .00000073  00000+0  94904-4 0  9998
2 62249  89.0098  17.4363 0015573 231.9349 128.0397 13.51017443131223
QIANFAN-49              
1 62250U 24232P   26218.54601431  .00000072  00000+0  93181-4 0  9995
2 62250  89.0097  17.4481 0012783 224.9296 135.0821 13.51015358 99819
QIANFAN-50              
1 62251U 24232Q   26218.57070340  .00000066  00000+0  83604-4 0  9990
2 62251  89.0102  17.4667 0014416 227.0114 132.9830 13.51024272 99845
QIANFAN-51              
1 62252U 24232R   26218.55426411  .00000075  00000+0  97833-4 0  9992
2 62252  89.0096  17.4477 0011786 230.2818 129.7295 13.51023490 99830
QIANFAN-52              
1 62253U 24232S   26218.58306011  .00000082  00000+0  10884-3 0  9997
2 62253  89.0092  17.3091 0014020 222.2940 137.7131 13.51015581 99929
QIANFAN-53              
1 62254U 24232T   26218.56250189  .00000071  00000+0  91699-4 0  9992
2 62254  89.0100  17.4336 0012868 223.1083 136.9061 13.51022445 99884
QIANFAN-54              
1 62255U 24232U   26218.52958448  .00000052  00000+0  62031-4 0  9999
2 62255  89.0091  17.0945 0000138 244.8183 115.2953 13.51014639131382
SENTINEL-1C             
1 62261U 24235A   26218.73832034  .00000043  00000+0  18771-4 0  9996
2 62261  98.1831 225.3307 0001380  89.6896 270.4462 14.59197907 88787
GJZ 01                  
1 62290U 24238A   26218.72851042 -.00000040  00000+0  82133-4 0  9991
2 62290  59.9130 133.6764 0013441 303.9621  56.0109 13.75227984 82554
GJZ 02                  
1 62291U 24238B   26218.72964301 -.00000075  00000+0  45290-4 0  9996
2 62291  59.9173  97.8169 0007234  87.3449 272.8387 13.75211989 83236
GJZ 03                  
1 62292U 24238C   26218.72861432 -.00000034  00000+0  87849-4 0  9999
2 62292  59.9128 118.0357 0023307  36.3515 323.9071 13.75212902 82849
GJZ 04                  
1 62293U 24238D   26218.73320103 -.00000048  00000+0  73939-4 0  9996
2 62293  59.9128 118.0626 0018960  45.0718 315.1824 13.75204905 82865
GJZ 05                  
1 62294U 24238E   26218.73145113 -.00000050  00000+0  72175-4 0  9997
2 62294  59.9116 117.9887 0020587  44.3189 315.9462 13.75194575 82869
HULIANWANG DIGUI-01     
1 62323U 24240A   26218.54007824  .00000044  00000+0  67741-4 0  9993
2 62323  86.5034 326.2565 0002108  99.7571 260.3802 13.24412380 79300
HULIANWANG DIGUI-02     
1 62324U 24240B   26218.54754112  .00000054  00000+0  90522-4 0  9997
2 62324  86.5064 326.4273 0002098 100.6862 259.4508 13.24412247 79310
HULIANWANG DIGUI-03     
1 62325U 24240C   26218.60807500  .00000029  00000+0  33529-4 0  9991
2 62325  86.5017 326.1271 0002080  98.0153 262.1217 13.24411025 79319
HULIANWANG DIGUI-04     
1 62326U 24240D   26218.75162979  .00000013  00000+0 -46635-5 0  9999
2 62326  86.5026 326.1241 0002161  95.2599 264.8782 13.24411294 79336
HULIANWANG DIGUI-05     
1 62327U 24240E   26218.59297003  .00000026  00000+0  25609-4 0  9999
2 62327  86.5079 326.4747 0002124  92.9406 267.1971 13.24411967 79310
HULIANWANG DIGUI-06     
1 62328U 24240F   26218.57790274  .00000043  00000+0  65006-4 0  9990
2 62328  86.5017 326.1060 0002265  98.2118 261.9273 13.24409476 79312
HULIANWANG DIGUI-07     
1 62329U 24240G   26218.57029130  .00000049  00000+0  80056-4 0  9995
2 62329  86.4987 325.9328 0002143  98.7374 261.4003 13.24411979 79313
HULIANWANG DIGUI-08     
1 62330U 24240H   26218.58540747  .00000025  00000+0  24751-4 0  9994
2 62330  86.5071 326.4220 0002172  91.5789 268.5594 13.24412320 79314
HULIANWANG DIGUI-09     
1 62331U 24240J   26218.56275789  .00000058  00000+0  10098-3 0  9998
2 62331  86.5036 326.2741 0002080  98.4939 261.6430 13.24410884 79308
HULIANWANG DIGUI-10     
1 62332U 24240K   26218.55519434  .00000067  00000+0  12267-3 0  9996
2 62332  86.5066 326.4442 0002201  98.3125 261.8259 13.24411700 79302
PIESAT-2 09             
1 62333U 24241A   26218.76090696  .00004182  00000+0  22817-3 0  9999
2 62333  97.5309 165.9199 0001901  76.2398 283.9045 15.14901194 90452
PIESAT-2 10             
1 62334U 24241B   26218.77901727  .00004351  00000+0  23698-3 0  9993
2 62334  97.5352 166.3560 0002252  94.5134 265.6356 15.14941757 90461
PIESAT-2 11             
1 62335U 24241C   26218.60135794  .00004989  00000+0  27292-3 0  9990
2 62335  97.5294 165.6107 0002611 101.4475 258.7050 15.14713780 90446
PIESAT-2 12             
1 62336U 24241D   26218.61411950  .00004676  00000+0  25522-3 0  9990
2 62336  97.5250 165.5439 0002648  86.5517 273.6018 15.14823749 90432
TIANQI-33               
1 62365U 24245A   26218.64598077  .00000032  00000+0  10992-3 0  9992
2 62365  44.9833  97.5076 0007593 258.1640 101.8341 13.99221856 83420
TIANQI-34               
1 62366U 24245B   26218.62960141  .00000027  00000+0  10674-3 0  9997
2 62366  44.9800  97.2582 0004565 271.0211  89.0099 13.99232880 83390
TIANQI-35               
1 62367U 24245C   26218.54027316  .00000028  00000+0  10752-3 0  9995
2 62367  44.9847  97.6788 0009677 244.2984 115.6850 13.99208403 83397
TIANQI-36               
1 62368U 24245D   26218.52075834  .00000032  00000+0  11024-3 0  9990
2 62368  44.9844  97.5493 0008231 256.0476 103.9442 13.99196570 83397
KORSAT-2                
1 62377U 24247A   26217.91990048  .00001897  00000+0  17352-3 0  9997
2 62377  45.4093 169.9970 0001492 141.2199 218.8786 14.98830214 89025
TANSTAAFL-2             
1 62378U 24247B   26218.16189213  .00004683  00000+0  16607-3 0  9998
2 62378  44.9882  18.6625 0002603 244.9696 115.0918 15.30456255 90619
HAWK-11B                
1 62379U 24247C   26218.16191620  .00004558  00000+0  15955-3 0  9990
2 62379  45.0171  15.7062 0003409 194.4435 165.6353 15.30944400 90664
BANDWAGON-2 OBJECT D    
1 62380U 24247D   26217.60050689  .00005998  00000+0  20195-3 0  9990
2 62380  44.9952  18.1882 0004172 218.9319 141.1265 15.31705246 90574
HAWK-11C                
1 62381U 24247E   26217.90046978  .00004698  00000+0  16416-3 0  9997
2 62381  45.0056  16.4477 0003625 173.7829 186.3101 15.30940731 90624
HAWK-11A                
1 62382U 24247F   26217.90056814  .00005094  00000+0  17713-3 0  9990
2 62382  44.9950  15.7538 0003207 178.7747 181.3146 15.30940810 90628
LIZZIESAT-2 (LS-2)      
1 62383U 24247G   26217.73341162  .00005575  00000+0  19518-3 0  9994
2 62383  44.9923  19.9199 0002082 205.4978 154.5803 15.30550567 90563
ICEYE-X49               
1 62384U 24247H   26217.67402261  .00002423  00000+0  14722-3 0  9997
2 62384  44.9985  93.0415 0001171 275.2390  84.8353 15.13493395 89678
BANDWAGON-2 OBJECT J    
1 62385U 24247J   26217.71264187  .00037085  00000+0  52864-3 0  9997
2 62385  45.0001 330.7035 0008016 283.1020  76.8979 15.55694309 91157
TOMORROW-S4             
1 62386U 24247K   26218.16734144  .00003852  00000+0  14151-3 0  9995
2 62386  44.9837  19.3799 0004844 302.3677  57.6738 15.29730606 90608
BANDWAGON-2 OBJECT L    
1 62387U 24247L   26217.43440485  .00040645  00000+0  52877-3 0  9995
2 62387  44.9902 328.2016 0009265 294.8524  65.1407 15.58097922 91151
GITAI-SC1               
1 62388U 24247M   26218.53590858  .00002518  00000+0  12091-3 0  9999
2 62388  45.0031  39.2958 0002039 258.4468 101.6184 15.21834275 90401
ICEYE-X47               
1 62389U 24247N   26217.91286927  .00003644  00000+0  21339-3 0  9996
2 62389  44.9953  91.3412 0001784 201.7608 158.3194 15.13640024 89710
LASARSAT                
1 62391U 24247Q   26217.79806333  .00024661  00000+0  44191-3 0  9997
2 62391  44.9745 342.7954 0009785 294.4100  65.5769 15.49513628 91001
TOMORROW-S3             
1 62392U 24247R   26217.81046723  .00004119  00000+0  15076-3 0  9996
2 62392  45.0011  21.4657 0003635 255.9719 104.0761 15.29691271 90556
CROCUBE                 
1 62394U 24247T   26218.56465748  .00026240  00000+0  43076-3 0  9993
2 62394  44.9717 334.8770 0009911 305.7540  54.2430 15.51949976 91165
BANDWAGON-2 OBJECT U    
1 62395U 24247U   26218.36901629  .00022975  00000+0  38667-3 0  9996
2 62395  44.9935 332.9113 0006647 272.2152  87.7979 15.51353339 91181
BANDWAGON-2 OBJECT V    
1 62396U 24247V   26218.02523008  .00037345  00000+0  49924-3 0  9996
2 62396  44.9923 325.9951 0008899 294.1922  65.8042 15.57411448 91236
BANDWAGON-2 OBJECT Y    
1 62399U 24247Y   26217.64828969  .00027942  00000+0  45436-3 0  9996
2 62399  44.9955 336.0706 0006603 272.9975  87.0162 15.52214156 91082
XCUBE-1                 
1 62400U 24247Z   26217.81709650  .00004933  00000+0  17523-3 0  9994
2 62400  44.9967  20.5120 0002619 177.7920 182.2976 15.30301120 90565
CTC-0                   
1 62401U 24247AA  26218.07620869  .00012448  00000+0  30052-3 0  9990
2 62401  44.9728 352.3022 0007185 244.7412 115.2731 15.41248339 90910
DJIBOUTI-1B             
1 62402U 24247AB  26218.55725904  .00045077  00000+0  50745-3 0  9995
2 62402  44.9693 315.4504 0009697 318.1612  41.8542 15.61840116 91395
BANDWAGON-2 OBJECT AC   
1 62403U 24247AC  26217.43058426  .00015083  00000+0  36692-3 0  9999
2 62403  45.0032   2.1488 0005588 253.8146 106.2127 15.40872381 90758
BANDWAGON-2 OBJECT AD   
1 62404U 24247AD  26217.69722900  .00037811  00000+0  52766-3 0  9996
2 62404  44.9942 329.5372 0008562 286.9335  73.0620 15.56255043 91169
BANDWAGON-2 OBJECT AE   
1 62405U 24247AE  26218.61088794  .00084328  00000+0  63958-3 0  9996
2 62405  44.9719 305.0514 0012402 338.5664  21.4715 15.71335770 90935
STRIX-2                 
1 62406U 24248A   26218.66288986  .00003099  00000+0  19741-3 0  9995
2 62406  97.6316 174.0348 0015982 155.2861 204.9137 15.09405751 89204
RESURS-P 5              
1 62430U 24250A   26218.58605400  .00002007  00000+0  66710-4 0  9997
2 62430  97.2768 143.0618 0002780  68.2927 291.8611 15.32340906 90268
SDX01                   
1 62459U 24253A   26218.59758608  .00101024  00000+0  55188-3 0  9996
2 62459  54.9914 108.4923 0003698  57.6516 302.4888 15.79153643 90470
SDX02                   
1 62460U 24253B   26218.59926713  .00100216  00000+0  54948-3 0  9997
2 62460  54.9922 108.5084 0003747  55.8206 304.3195 15.79075228 90464
CENTISPACE-1 S7         
1 62576U 25007B   26218.55610355 -.00000075  00000+0  61879-4 0  9996
2 62576  54.9761 115.8307 0012862 155.2532 204.9044 13.80618476 81676
CENTISPACE-1 S8         
1 62577U 25007C   26218.54144773 -.00000075  00000+0  61697-4 0  9990
2 62577  54.9848 115.4972 0012493 214.3778 145.6371 13.80620855 81685
CENTISPACE-1 S9         
1 62578U 25007D   26218.57059100 -.00000082  00000+0  55269-4 0  9999
2 62578  54.9820 116.1086 0011380 163.8602 196.2719 13.80617473 81677
CENTISPACE-1 S10        
1 62579U 25007E   26218.51970340 -.00000073  00000+0  64442-4 0  9995
2 62579  54.9886 115.4901 0010557 182.3298 177.7611 13.80619023 81689
CENTISPACE-1 S11        
1 62580U 25007F   26218.53409106 -.00000079  00000+0  58442-4 0  9995
2 62580  54.9773 115.0241 0010174 184.3854 175.7015 13.80619997 81680
CENTISPACE-1 S12        
1 62581U 25007G   26218.56307101 -.00000081  00000+0  56405-4 0  9991
2 62581  54.9767 115.1952 0013474 221.1084 138.8858 13.80616809 81690
CENTISPACE-1 S13        
1 62582U 25007H   26218.76586300 -.00000085  00000+0  52973-4 0  9994
2 62582  54.9805 114.6134 0010706 173.2792 186.8310 13.80620709 81711
CENTISPACE-1 S14        
1 62583U 25007J   26218.52716116 -.00000074  00000+0  63431-4 0  9998
2 62583  54.9839 116.5602 0010548 180.6631 179.4313 13.80618073 81664
CENTISPACE-1 S15        
1 62584U 25007K   26218.58464826 -.00000062  00000+0  74807-4 0  9999
2 62584  54.9862 116.3503 0013526 164.8963 195.2400 13.80577944 81697
CENTISPACE-1 S16        
1 62585U 25007L   26218.57786273 -.00000070  00000+0  66758-4 0  9997
2 62585  54.9879 115.1019 0011924 176.7540 183.3495 13.80527449 81673
BUZZER-1                
1 62609U 25009A   26218.22127013  .00001968  00000+0  89145-4 0  9990
2 62609  97.3905 295.5964 0007933 146.3057 213.8685 15.22008266 86308
EDISON-1                
1 62610U 25009B   26218.21520490  .00006861  00000+0  21929-3 0  9999
2 62610  97.3979 300.6919 0006738 125.1004 235.0871 15.32751924 86612
BALKAN-1                
1 62611U 25009C   26218.52747880  .00003551  00000+0  14241-3 0  9990
2 62611  97.3893 297.1477 0007727 146.2086 213.9646 15.25627399 86435
GESAT GEN1              
1 62612U 25009D   26218.21755947  .00004700  00000+0  16767-3 0  9992
2 62612  97.3997 299.9957 0002287 103.1149 257.0346 15.29370544 86563
FLOCK 4G-8              
1 62613U 25009E   26218.17657319  .00006370  00000+0  21756-3 0  9991
2 62613  97.3985 299.9963 0005559 128.7185 231.4554 15.30642747 86562
TRANSPORTER-12 OBJECT G 
1 62615U 25009G   26218.50475496  .00003775  00000+0  14792-3 0  9992
2 62615  97.3916 297.9272 0007322 140.5382 219.6391 15.26369134 86478
INNOCUBE (TUBSAT-31)    
1 62616U 25009H   26218.22297729  .00004438  00000+0  16940-3 0  9997
2 62616  97.3879 297.7067 0006805 144.2816 215.8880 15.27155565 86456
SCOT-1 (SCOT)           
1 62617U 25009J   26218.19670571  .00055472  00000+0  65690-3 0  9994
2 62617  97.3829 307.8429 0003883 141.5773 218.5762 15.61077234 87131
AE1D                    
1 62618U 25009K   26218.22943822  .00128149  00000+0  88658-3 0  9992
2 62618  97.3909 310.6877 0004375 178.1479 181.9803 15.74123438 87283
IRIS-F3                 
1 62619U 25009L   26218.17405387  .00008751  00000+0  32486-3 0  9990
2 62619  97.4020 298.6421 0007446 138.4291 221.7515 15.27787424 86452
TRANSPORTER-12 OBJECT M 
1 62620U 25009M   26218.22258450  .00133597  00000+0  89923-3 0  9990
2 62620  97.3857 310.8232 0002628 197.3777 162.7398 15.74754870 87295
FLOCK 4G-13             
1 62621U 25009N   26218.23184504  .00065011  00000+0  10422-2 0  9992
2 62621  97.3914 302.6742 0004835 151.4536 208.6983 15.52857549 86743
FLOCK 4G-9              
1 62622U 25009P   26218.22452140  .00005269  00000+0  19052-3 0  9994
2 62622  97.3936 298.8270 0005855 135.8792 224.2916 15.28863028 86509
OTTER                   
1 62623U 25009Q   26218.75082676  .00005339  00000+0  18211-3 0  9990
2 62623  97.4008 300.7416 0006056 123.4852 236.6968 15.30759287 86654
FLOCK 4G-7              
1 62624U 25009R   26218.75456698  .00005169  00000+0  17914-3 0  9990
2 62624  97.3921 299.8122 0004103 126.6635 233.4983 15.30264237 86631
FLOCK 4G-12             
1 62625U 25009S   26218.75108338  .00006149  00000+0  21294-3 0  9991
2 62625  97.3999 300.3793 0005677 124.4019 235.7759 15.30206841 86631
MBZ-SAT                 
1 62626U 25009T   26218.46780905  .00000625  00000+0  34129-4 0  9991
2 62626  97.3948 295.6053 0006613 146.3965 213.7689 15.17867363 86315
RAY 1.0                 
1 62627U 25009U   26218.48481271  .00002022  00000+0  94144-4 0  9994
2 62627  97.3963 295.9052 0010363  99.2445 260.9963 15.21013251 86325
ION SCV-016             
1 62628U 25009V   26218.60297064  .00009203  00000+0  19665-3 0  9996
2 62628  97.4265 251.2239 0577948 306.6715  48.2671 14.53204420 82868
FLOCK 4G-11             
1 62629U 25009W   26218.53802935  .00005622  00000+0  19425-3 0  9993
2 62629  97.3901 299.6998 0004188 127.8506 232.3114 15.30324903 86615
ION SCV-014             
1 62630U 25009X   26218.16603327  .00000831  00000+0  62113-4 0  9998
2 62630  97.4822 289.8256 0004205 348.0580  12.0547 15.05366927 85501
PELICAN-2               
1 62631U 25009Y   26218.51120826  .00004328  00000+0  10807-3 0  9993
2 62631  97.2041 308.7428 0001625 103.5030 256.6398 15.40691056 87305
SIGI                    
1 62632U 25009Z   26218.52662672  .00003662  00000+0  14902-3 0  9995
2 62632  97.3982 298.1278 0004700 121.9868 238.1827 15.25134881 86476
FLOCK 4G-26             
1 62633U 25009AA  26218.22174561  .00006659  00000+0  22803-3 0  9996
2 62633  97.3995 300.0223 0004893 119.2779 240.8952 15.30543841 86563
FLOCK 4G-28             
1 62634U 25009AB  26218.17872103  .00005328  00000+0  15615-3 0  9993
2 62634  97.4007 302.9395 0003297 116.8080 243.3501 15.35636062 86757
GARAI-A                 
1 62635U 25009AC  26218.56765303  .00004311  00000+0  21241-3 0  9993
2 62635  97.3922 297.2550 0003729 129.8060 230.3503 15.18471507 86428
FLOCK 4G-24             
1 62637U 25009AE  26218.75218691  .00005067  00000+0  17299-3 0  9996
2 62637  97.4001 300.8670 0004697 109.4567 250.7182 15.30767144 86668
FLOCK 4G-3              
1 62639U 25009AG  26218.75264662  .00005216  00000+0  18064-3 0  9994
2 62639  97.4001 300.5586 0004423 115.8161 244.3537 15.30282492 86639
NUSAT-45 (UZMASAT-1)    
1 62640U 25009AH  26218.15347565  .00004750  00000+0  16542-3 0  9995
2 62640  97.3570 298.8910 0003250 128.3034 231.8499 15.30148132 86568
FLOCK 4G-27             
1 62641U 25009AJ  26218.18468788  .00006539  00000+0  22627-3 0  9998
2 62641  97.3912 299.3123 0003784 120.5328 239.6286 15.30212840 86549
FLOCK 4G-29             
1 62642U 25009AK  26218.23245361  .00004379  00000+0  14963-3 0  9999
2 62642  97.4010 300.0026 0002570 115.4716 244.6791 15.30824384 86558
ANSER LEADER-S          
1 62644U 25009AM  26218.20930491  .00025922  00000+0  41039-3 0  9994
2 62644  97.3968 306.1876 0003121 151.7182 208.4241 15.53411639 86956
FLOCK 4G-22             
1 62645U 25009AN  26218.18884541  .00006425  00000+0  22250-3 0  9997
2 62645  97.3985 299.9832 0004053 113.7678 246.3988 15.30193628 86566
FLOCK 4G-25             
1 62646U 25009AP  26218.48613843  .00005906  00000+0  20331-3 0  9997
2 62646  97.3991 300.3681 0003591 117.8255 242.3350 15.30425130 86616
FLOCK 4G-23             
1 62647U 25009AQ  26218.18826472  .00026708  00000+0  74915-3 0  9999
2 62647  97.3900 299.9507 0002860 133.8232 226.3249 15.36549763 86599
LIME                    
1 62648U 25009AR  26218.47327169  .00005807  00000+0  19136-3 0  9992
2 62648  97.3931 300.6205 0002893 135.0137 225.1339 15.31849255 86662
AE1C                    
1 62649U 25009AS  26218.50536691  .00016545  00000+0  31043-3 0  9991
2 62649  97.4004 307.2186 0002937 128.6664 231.4850 15.48704961 87063
FLOCK 4G-34             
1 62650U 25009AT  26218.16718726  .00004164  00000+0  14543-3 0  9996
2 62650  97.3940 299.5136 0003507 117.3409 242.8189 15.30130511 86556
FLOCK 4G-21             
1 62651U 25009AU  26218.75187545  .00022184  00000+0  66653-3 0  9992
2 62651  97.3967 301.2306 0003754 140.1662 219.9857 15.34423725 86705
FLOCK 4G-31             
1 62652U 25009AV  26218.46133357  .00006007  00000+0  20952-3 0  9991
2 62652  97.3949 299.7735 0003149 120.6332 239.5219 15.29989795 86593
PAUSAT-1                
1 62653U 25009AW  26218.54701354  .00002511  00000+0  10686-3 0  9998
2 62653  97.3931 297.4830 0002951 119.0405 241.1128 15.23914300 86456
BRO-16                  
1 62654U 25009AX  26218.50127284  .00002545  00000+0  10713-3 0  9997
2 62654  97.4033 298.3710 0003449 111.3450 248.8156 15.24277768 86463
TRANSPORTER-12 OBJECT AY
1 62655U 25009AY  26218.23409346  .00016173  00000+0  35852-3 0  9993
2 62655  97.4016 305.4413 0002623 105.8166 254.3372 15.43830058 86910
TRANSPORTER-12 OBJECT AZ
1 62656U 25009AZ  26218.51085697  .00007539  00000+0  23027-3 0  9991
2 62656  97.3917 301.6295 0002629 123.9578 236.1916 15.34182770 86733
TRANSPORTER-12 OBJECT BA
1 62657U 25009BA  26218.48048776  .00004660  00000+0  16428-3 0  9994
2 62657  97.3924 299.9056 0003364 101.2351 258.9268 15.29760757 86611
TROLL                   
1 62658U 25009BB  26218.48621409  .00005305  00000+0  17977-3 0  9992
2 62658  97.3868 300.1022 0002081 137.6256 222.5146 15.30987622141145
FLOCK 4G-4              
1 62659U 25009BC  26218.19321464  .00022038  00000+0  67769-3 0  9995
2 62659  97.3918 299.4135 0004946 136.2072 223.9564 15.33683244144160
FLOCK 4G-6              
1 62660U 25009BD  26218.51034810  .00005299  00000+0  18308-3 0  9994
2 62660  97.3917 299.6789 0004667 137.1635 222.9970 15.30351304144192
FLOCK 4G-2              
1 62661U 25009BE  26218.17173954  .00006340  00000+0  21595-3 0  9990
2 62661  97.3985 300.0158 0005389 135.1381 225.0296 15.30736712144176
FLOCK 4G-5              
1 62663U 25009BG  26218.74693100  .00004260  00000+0  14371-3 0  9998
2 62663  97.4004 301.0135 0004926 120.6321 239.5407 15.31243621 86673
LYRA-1                  
1 62664U 25009BH  26218.38854082  .00004475  00000+0  21262-3 0  9992
2 62664  97.3947 291.9404 0009015  29.4152 330.7589 15.19689472 86047
JAY-D2                  
1 62665U 25009BJ  26218.52724103  .00002208  00000+0  97845-4 0  9992
2 62665  97.3864 296.1681 0005258 139.1304 221.0328 15.22659590 86396
FLOCK 4G-1              
1 62666U 25009BK  26218.48534822  .00006174  00000+0  21105-3 0  9996
2 62666  97.3998 300.3073 0005651 132.2331 227.9390 15.30626534 86608
FLOCK 4G-14             
1 62667U 25009BL  26218.19615835  .00006247  00000+0  21660-3 0  9996
2 62667  97.4001 299.8009 0005842 129.0275 231.1487 15.30157347 86547
JAY-C                   
1 62668U 25009BM  26218.52821719  .00002151  00000+0  95407-4 0  9995
2 62668  97.3936 296.6528 0005310 145.5062 214.6520 15.22657495144035
JAY-D1                  
1 62669U 25009BN  26218.52733714  .00002222  00000+0  98425-4 0  9995
2 62669  97.4007 297.1397 0005977 149.9291 210.2290 15.22662312144037
FLOCK 4G-10             
1 62670U 25009BP  26218.46712336  .00006279  00000+0  21693-3 0  9995
2 62670  97.3901 299.3419 0005606 141.9771 218.1866 15.30272701144229
SKYBEE-A01              
1 62671U 25009BQ  26218.54082003  .00001718  00000+0  80029-4 0  9998
2 62671  97.3965 296.2348 0006189 143.3547 216.8114 15.21228062143996
TRANSPORTER-12 OBJECT BR
1 62672U 25009BR  26218.22426605  .00002488  00000+0  10781-3 0  9996
2 62672  97.3927 296.5692 0005582 143.2416 216.9205 15.23301364144004
LEO EXPRESS 2           
1 62673U 25009BS  26218.75040970  .00003608  00000+0  16164-3 0  9998
2 62673  97.4229 291.7459 0002807  14.2200 345.9115 15.21879575144290
TRANSPORTER-12 OBJECT BT
1 62674U 25009BT  26218.19665934  .00006514  00000+0  21891-3 0  9992
2 62674  97.4035 300.5262 0005963 127.1575 233.0212 15.31156234144210
FLOCK 4G-36             
1 62675U 25009BU  26218.20039375  .00006519  00000+0  22529-3 0  9993
2 62675  97.3990 299.7261 0006036 132.9991 227.1756 15.30250927 86547
FOSSASAT-2E19 (TAT-E)   
1 62676U 25009BV  26218.75706031  .00001587  00000+0  73825-4 0  9990
2 62676  97.3935 296.1336 0006082 146.6284 213.5336 15.21386019 86386
ELEVATION-1             
1 62677U 25009BW  26218.50356959  .00016157  00000+0  34910-3 0  9994
2 62677  97.3787 304.4028 0004992 130.8591 229.3090 15.44581871144584
FLOCK 4G-15             
1 62678U 25009BX  26218.53260247  .00006287  00000+0  21647-3 0  9998
2 62678  97.3994 300.2043 0006261 129.9838 230.1953 15.30380108144246
FLOCK 4G-30             
1 62679U 25009BY  26218.21355185  .00025007  00000+0  72233-3 0  9998
2 62679  97.3888 299.5323 0004728 142.1452 218.0125 15.35636807144213
FLOCK 4G-18             
1 62680U 25009BZ  26218.18846290  .00023614  00000+0  72334-3 0  9992
2 62680  97.3980 299.8698 0006749 148.1993 211.9659 15.33781927144190
FLOCK 4G-17             
1 62681U 25009CA  26218.75283294  .00005746  00000+0  19724-3 0  9995
2 62681  97.3898 299.8716 0005886 141.5846 218.5815 15.30520897144286
FOREST-3                
1 62682U 25009CB  26218.75216541  .00003410  00000+0  13791-3 0  9991
2 62682  97.3881 297.5709 0005825 150.9547 209.2016 15.25382447144147
IRIS-F2                 
1 62684U 25009CD  26218.18990036  .00008095  00000+0  29921-3 0  9994
2 62684  97.3864 297.4876 0006155 159.4524 200.6964 15.27961218144092
FLOCK 4G-33             
1 62685U 25009CE  26218.74731814  .00003506  00000+0  13897-3 0  9991
2 62685  97.3925 298.0519 0006691 140.3230 219.8499 15.26038824 86514
FOSSASAT-2E18 (TAT-A)   
1 62686U 25009CF  26218.19046524  .00001660  00000+0  77284-4 0  9998
2 62686  97.3949 295.6401 0006866 148.8389 211.3255 15.21280051 86294
BLUEBON                 
1 62688U 25009CH  26218.17927498  .00004565  00000+0  15278-3 0  9997
2 62688  97.3966 301.1421 0002864 125.6604 234.4905 15.31472323 86628
TRANSPORTER-12 OBJECT CL
1 62691U 25009CL  26218.21217004  .00028359  00000+0  50781-3 0  9996
2 62691  97.3734 304.3827 0002172  84.8277 275.3222 15.49933445 86930
LEMUR-2-WILSON          
1 62694U 25009CP  26218.75288431  .00001483  00000+0  13953-3 0  9999
2 62694  97.7001 296.3298 0002498 200.2190 159.8932 14.95356654 84916
CONNECTA IOT-8          
1 62695U 25009CQ  26218.16119165  .00000849  00000+0  86440-4 0  9999
2 62695  97.7055 295.0150 0002895 163.1560 196.9756 14.93282706 84750
LEMUR-2-STAR-FOX        
1 62696U 25009CR  26218.16359693  .00004347  00000+0  32637-3 0  9997
2 62696  97.6927 299.4170 0000322 339.4597  20.6615 15.03140291 85065
IRIDE-MS2-HEO-1         
1 62697U 25009CS  26218.57651447  .00001347  00000+0  12975-3 0  9995
2 62697  97.7021 295.9459 0002470 159.3566 200.7754 14.94564593 84860
ICEYE-X42               
1 62698U 25009CT  26218.17592542  .00001505  00000+0  15456-3 0  9995
2 62698  97.7386 295.5874 0001397 103.3044 256.8330 14.91848988 84748
LEMUR-2-ARIANNA         
1 62699U 25009CU  26218.22849132  .00004103  00000+0  30823-3 0  9994
2 62699  97.6867 299.2174 0000701   6.1701 353.9533 15.03149713 85079
ICEYE-X41               
1 62700U 25009CV  26218.47230534  .00001477  00000+0  13330-3 0  9999
2 62700  97.7042 297.2709 0001549 167.5199 192.6062 14.97037211 84934
FIREFLY-1               
1 62701U 25009CW  26218.56862771  .00001027  00000+0  10474-3 0  9991
2 62701  97.7044 295.6484 0004461 148.0035 212.1456 14.92791045 84839
NORSAT 4                
1 62702U 25009CX  26218.17204180  .00001597  00000+0  15048-3 0  9997
2 62702  97.7025 296.0027 0001306 161.9227 198.2041 14.95207164 84830
CONNECTA IOT-5          
1 62703U 25009CY  26218.17384855  .00000860  00000+0  85443-4 0  9995
2 62703  97.7005 295.8135 0000976 225.9620 134.1520 14.94252189 84833
FIREFLY-2               
1 62704U 25009CZ  26218.54661105  .00000753  00000+0  78178-4 0  9991
2 62704  97.7001 295.3842 0005050 275.6753  84.3891 14.92782189 84830
ICEYE-X45               
1 62705U 25009DA  26218.19930952  .00003961  00000+0  31650-3 0  9999
2 62705  97.8459 305.3172 0001064  83.0173 277.1172 15.00831802 85185
LEMUR-2-ALISIA          
1 62706U 25009DB  26218.46230400  .00003792  00000+0  28284-3 0  9992
2 62706  97.6921 300.3123 0003746  77.5384 282.6261 15.03464221107714
ICEYE-X44               
1 62707U 25009DC  26218.17836392  .00002089  00000+0  19006-3 0  9993
2 62707  97.7042 296.5164 0001282  53.9852 306.1488 14.96278410107416
CENTAURI-7              
1 62708U 25009DD  26218.22761463  .00002431  00000+0  21035-3 0  9992
2 62708  97.7059 297.8711 0002246  93.3071 266.8409 14.98088285 84958
CONNECTA IOT-6          
1 62709U 25009DE  26218.75296787  .00000820  00000+0  81548-4 0  9999
2 62709  97.7004 296.1571 0001358  32.9550 327.1755 14.94306408 84916
FIREFLY-3               
1 62710U 25009DF  26218.52389264  .00000589  00000+0  62557-4 0  9990
2 62710  97.7036 295.6334 0003501  29.4511 330.6905 14.92671562 84846
LEMUR-2-ROUNDTRIPPER    
1 62711U 25009DG  26218.18577547  .00004777  00000+0  34531-3 0  9999
2 62711  97.7211 300.8123 0002769 346.0333  14.0815 15.04530705 85146
LEMUR-2-MYNAMEISJEFF    
1 62712U 25009DH  26217.78523864  .00005618  00000+0  40516-3 0  9993
2 62712  97.7264 300.8234 0002652  41.6517 318.4911 15.04538610 85085
SATGUS                  
1 62713U 25009DJ  26218.17851735  .00004619  00000+0  35876-3 0  9992
2 62713  97.6884 299.0649 0003920 316.3122  43.7791 15.01814050 85069
CENTAURI-8              
1 62714U 25009DK  26218.19002090  .00001661  00000+0  14538-3 0  9993
2 62714  97.7039 297.6426 0002066  42.8007 317.3376 14.98062718 84961
CONNECTA IOT-7          
1 62715U 25009DL  26218.46158285  .00000250  00000+0  28488-4 0  9995
2 62715  97.7060 296.2961 0002411  62.3442 297.8023 14.94266812 84855
PRSC-EO1                
1 62725U 25012A   26218.30048811  .00003827  00000+0  19296-3 0  9995
2 62725  97.4194 289.7720 0007172  89.9607 270.2449 15.17721546 85795
2025-012B               
1 62726U 25012B   26218.18509133  .00002697  00000+0  12234-3 0  9990
2 62726  97.4200 290.5535 0010599 101.0271 259.2158 15.21637563 85859
2025-012C               
1 62727U 25012C   26218.64614928  .00006162  00000+0  22472-3 0  9997
2 62727  97.4230 293.9748 0008864  91.8332 268.3923 15.28492830 86093
2025-013A               
1 62729U 25013A   26218.57519644  .00018647  00000+0  49867-3 0  9999
2 62729  97.6401  39.1554 0009171 114.4449 245.7753 15.38073779 85698
2025-013B               
1 62730U 25013B   26218.72260477  .00001769  00000+0  10793-3 0  9998
2 62730  97.6609  28.1812 0012980 189.7714 170.3265 15.11610817 84968
2025-013C               
1 62731U 25013C   26218.57716517  .00001788  00000+0  10910-3 0  9995
2 62731  97.6558  27.7033 0013696 194.0592 166.0258 15.11573100 84945
2025-013D               
1 62732U 25013D   26218.59728249  .00001906  00000+0  11600-3 0  9992
2 62732  97.6594  28.0783 0007739 207.7324 152.3494 15.11629918 84891
2025-013E               
1 62733U 25013E   26218.60744530  .00002210  00000+0  13486-3 0  9999
2 62733  97.6610  28.0221 0008061 194.8829 165.2165 15.11367998 84832
USA 485                 
1 62756U 25014X   26218.34020400  .00152575  00000+0  92111-3 0  9991
2 62756  42.9996 166.0452 0001804 253.2365 106.8307 15.76416477 88683
USA 486                 
1 62757U 25014Y   26218.15065134  .00240820  00000+0  14312-2 0  9991
2 62757  42.9987 167.1936 0001470 206.9824 153.0970 15.76508258 88664
QIANFAN-55              
1 62785U 25016A   26218.62971852  .00000055  00000+0  65894-4 0  9996
2 62785  88.9688  78.6387 0018505  29.3628 330.8559 13.51024459 79176
QIANFAN-56              
1 62786U 25016B   26218.72021457  .00000070  00000+0  89910-4 0  9997
2 62786  88.9662  78.4024 0017201  31.7643 328.4543 13.51025165 79239
QIANFAN-57              
1 62787U 25016C   26218.60502632  .00000066  00000+0  84147-4 0  9996
2 62787  88.9693  78.6418 0001965 104.3155 255.8215 13.51024176 79182
QIANFAN-58              
1 62788U 25016D   26218.57612486  .00000057  00000+0  69392-4 0  9997
2 62788  88.9663  78.4042 0014914  25.9360 334.2535 13.51017351 79224
QIANFAN-59              
1 62789U 25016E   26218.60077619  .00000070  00000+0  89512-4 0  9996
2 62789  88.9686  78.5312 0015383  29.2183 330.9826 13.51021545 79228
QIANFAN-60              
1 62790U 25016F   26218.63380479  .00000060  00000+0  73548-4 0  9993
2 62790  88.9667  78.4542 0016819  25.2050 334.9918 13.51024571 79214
QIANFAN-61              
1 62791U 25016G   26218.59269100  .00000057  00000+0  70144-4 0  9991
2 62791  88.9734  78.7818 0015782  25.2879 334.9041 13.51024497 79221
QIANFAN-62              
1 62792U 25016H   26218.59668254  .00000060  00000+0  73492-4 0  9998
2 62792  88.9681  78.5224 0017115  24.9681 335.2294 13.51016990 79213
QIANFAN-63              
1 62793U 25016J   26218.62140673  .00000054  00000+0  64453-4 0  9993
2 62793  88.9688  78.4874 0017334  29.8825 330.3312 13.51020242 79254
QIANFAN-64              
1 62794U 25016K   26218.58859907  .00000067  00000+0  85428-4 0  9995
2 62794  88.9676  78.4334 0015091  24.0823 336.1031 13.51022469 79240
QIANFAN-65              
1 62795U 25016L   26218.58425823  .00000046  00000+0  52210-4 0  9992
2 62795  88.9671  78.4511 0014982  25.8746 334.3151 13.51020715 79227
QIANFAN-66              
1 62796U 25016M   26218.61319161  .00000062  00000+0  76995-4 0  9998
2 62796  88.9690  78.4648 0015937  21.2244 338.9565 13.51026490 79274
QIANFAN-67              
1 62797U 25016N   26218.61734673  .00000052  00000+0  62017-4 0  9997
2 62797  88.9681  78.4667 0016113  27.6798 332.5208 13.51026180 79244
QIANFAN-68              
1 62798U 25016P   26218.60898410  .00000071  00000+0  91129-4 0  9994
2 62798  88.9684  78.5211 0016129  25.6853 334.5096 13.51018998 79224
QIANFAN-69              
1 62799U 25016Q   26218.62542444  .00000052  00000+0  62136-4 0  9995
2 62799  88.9663  78.3384 0016894  26.6788 333.5229 13.51021590 79261
QIANFAN-70              
1 62800U 25016R   26218.64197781  .00000066  00000+0  82941-4 0  9991
2 62800  88.9684  78.5246 0016191  17.7763 342.3951 13.51020139 79224
QIANFAN-71              
1 62801U 25016S   26218.71199735  .00000063  00000+0  78910-4 0  9999
2 62801  88.9677  78.4825 0016898  29.8063 330.4047 13.51023982 79234
QIANFAN-72              
1 62802U 25016T   26218.72838522  .00000055  00000+0  65739-4 0  9991
2 62802  88.9668  78.4710 0020351  35.5269 324.7232 13.51017630 79223
LEGION 5                
1 62900U 25025A   26217.88712871  .00002867  00000+0  16089-3 0  9990
2 62900  45.0020  34.9247 0005977  48.8502 311.2892 15.15851261 82038
LEGION 6                
1 62901U 25025B   26218.61134212  .00001865  00000+0  10950-3 0  9998
2 62901  45.0015 300.1927 0009085  38.1880 321.9641 15.15838138 83287
COSMOS 2581             
1 62902U 25026A   26218.68590868  .00000956  00000+0  85033-4 0  9995
2 62902  81.9951  22.9579 0008824 245.8355 114.1943 14.95104152 81769
COSMOS 2582             
1 62903U 25026B   26218.68597664  .00000807  00000+0  71406-4 0  9991
2 62903  81.9951  22.9575 0008772 246.2471 113.7829 14.95103419 81754
COSMOS 2583             
1 62904U 25026C   26218.68591338  .00001424  00000+0  12773-3 0  9991
2 62904  81.9949  22.9576 0008776 245.7815 114.2488 14.95106092 81749
KINEIS-2C               
1 62929U 25028B   26218.57421610  .00000922  00000+0  14989-3 0  9996
2 62929  98.1211 273.0182 0005226 105.3354 254.8432 14.73486375 80038
KINEIS-2D               
1 62930U 25028C   26218.56534211  .00000954  00000+0  14642-3 0  9990
2 62930  97.9255 270.0367 0004334  60.2633 299.9007 14.75828872 80149
KINEIS-2E               
1 62931U 25028D   26218.55754560  .00000840  00000+0  12593-3 0  9998
2 62931  97.8923 269.1135 0001710  78.1123 282.0279 14.77140479 80214
KINEIS-2A               
1 62932U 25028E   26218.61935072  .00000743  00000+0  12220-3 0  9994
2 62932  98.1269 274.0861 0004772  25.3795 334.7646 14.73499723 80031
KINEIS-2B               
1 62934U 25028G   26218.59678269  .00000773  00000+0  12660-3 0  9996
2 62934  97.9636 270.5387 0003397  17.1902 342.9421 14.73500361 80081
HULIANWANG DIGUI-11     
1 62971U 25030A   26218.75602792 -.00000123  00000+0  18318-5 0  9994
2 62971  50.0011  54.4432 0000674 343.2558  16.8292 13.29325425 72589
HULIANWANG DIGUI-12     
1 62972U 25030B   26218.61401847 -.00000126  00000+0 -48744-5 0  9998
2 62972  50.0026  55.0904 0000633 341.7518  18.3332 13.29323185 72562
HULIANWANG DIGUI-13     
1 62973U 25030C   26218.59718633 -.00000130  00000+0 -12550-4 0  9990
2 62973  50.0029  55.0188 0000444 345.4640  14.6219 13.29325219 72560
HULIANWANG DIGUI-14     
1 62974U 25030D   26218.72253106 -.00000121  00000+0  63777-5 0  9992
2 62974  50.0035  54.3732 0000446 352.1623   7.9242 13.29325426 72586
HULIANWANG DIGUI-15     
1 62975U 25030E   26218.58885790 -.00000125  00000+0 -23075-5 0  9999
2 62975  50.0030  54.9787 0000559 349.0403  11.0457 13.29325382 72567
HULIANWANG DIGUI-16     
1 62976U 25030F   26218.56389638 -.00000133  00000+0 -19188-4 0  9996
2 62976  50.0052  54.9421 0000432 348.4359  11.6503 13.29326488 72566
HULIANWANG DIGUI-17     
1 62977U 25030G   26218.55544276 -.00000129  00000+0 -98764-5 0  9990
2 62977  50.0065  54.9518 0000547 336.0787  24.0059 13.29326660 72569
HULIANWANG DIGUI-18     
1 62978U 25030H   26218.62226754 -.00000130  00000+0 -13835-4 0  9994
2 62978  50.0069  54.6540 0000553 333.3053  26.7791 13.29324124 72575
HULIANWANG DIGUI-19     
1 62979U 25030J   26218.58072335 -.00000124  00000+0  97296-6 0  9991
2 62979  50.0053  55.0375 0000451 331.5422  28.5426 13.29319944 72565
FOSSASAT-2E20 (TAT-O)   
1 63003U 25009DN  26218.17835964  .00007294  00000+0  24652-3 0  9993
2 63003  97.3135 293.3127 0004225 136.4147 223.7428 15.30930658144151
GLOBAL-31               
1 63027U 25033B   26218.02540792  .00007749  00000+0  20808-3 0  9996
2 63027  58.9979 114.7618 0013466  68.4785 291.7725 15.38816590 81999
SUPERVIEW NEO-1 03      
1 63125U 25040A   26218.64122277  .00005119  00000+0  22957-3 0  9991
2 63125  97.3530 331.8922 0001996  89.0523 271.0942 15.21646548 79852
SUPERVIEW NEO-1 04      
1 63126U 25040B   26218.37877394 -.00000599  00000+0 -23564-4 0  9994
2 63126  97.3559 331.7521 0002765 102.7693 257.3852 15.21637622 79821
SEDNA-2                 
1 63153U 25009DQ  26218.47385624  .00003676  00000+0  21461-3 0  9990
2 63153  97.4510 290.8257 0007574 242.2414 117.8049 15.12516506 85725
QIANFAN-73              
1 63159U 25046A   26218.60727104  .00000093  00000+0  12514-3 0  9994
2 63159  88.9709 295.4461 0016399 152.1950 208.0082 13.51020401 79394
QIANFAN-74              
1 63160U 25046B   26218.59084003  .00000089  00000+0  11951-3 0  9997
2 63160  88.9710 295.3375 0002464  98.4533 261.6898 13.51028372 79450
QIANFAN-75              
1 63161U 25046C   26218.57860568  .00000081  00000+0  10589-3 0  9992
2 63161  88.9711 295.5756 0017482 155.8674 204.3301 13.51017429 79327
QIANFAN-76              
1 63162U 25046D   26218.57442829  .00000099  00000+0  13449-3 0  9996
2 63162  88.9711 295.5560 0014955 155.1496 205.0379 13.51019729 79337
QIANFAN-77              
1 63163U 25046E   26218.62253247  .00000205  00000+0  13924-3 0  9994
2 63163  88.9711 291.6065 0016886  66.8172 293.4781 13.96234516 81501
QIANFAN-78              
1 63164U 25046F   26218.61571136 -.00000022  00000+0 -52799-4 0  9997
2 63164  88.9710 295.4132 0016233 157.8139 202.3718 13.51012525 79419
QIANFAN-79              
1 63165U 25046G   26218.57022616  .00000100  00000+0  13526-3 0  9996
2 63165  88.9713 295.5341 0016097 156.2219 203.9679 13.51025738 79352
QIANFAN-80              
1 63166U 25046H   26218.58681895  .00000101  00000+0  13774-3 0  9994
2 63166  88.9710 295.2329 0014792 159.6830 200.4913 13.51023036 79519
QIANFAN-81              
1 63167U 25046J   26218.56603453  .00000013  00000+0  10181-5 0  9990
2 63167  88.9710 295.3025 0016380 150.7532 209.4540 13.51018469 79463
QIANFAN-82              
1 63168U 25046K   26218.59899843  .00000089  00000+0  11851-3 0  9990
2 63168  88.9710 295.3432 0014073 155.6852 204.4966 13.51024562 79459
QIANFAN-83              
1 63169U 25046L   26218.62123022  .00000117  00000+0  13561-3 0  9996
2 63169  88.9711 294.6506 0016178 131.4089 228.8462 13.62058337 79840
QIANFAN-84              
1 63170U 25046M   26218.62777389  .00000100  00000+0  13514-3 0  9999
2 63170  88.9710 295.4729 0017103 154.0307 206.1706 13.51019724 79384
QIANFAN-85              
1 63171U 25046N   26218.62370912  .00000103  00000+0  14113-3 0  9990
2 63171  88.9709 295.3432 0014612 154.8430 205.3436 13.51022658 79459
QIANFAN-86              
1 63172U 25046P   26218.63190846  .00000010  00000+0 -37491-5 0  9992
2 63172  88.9712 295.2101 0012378 156.9973 203.1735 13.51018278 79538
QIANFAN-87              
1 63173U 25046Q   26218.60334321  .00000092  00000+0  12321-3 0  9990
2 63173  88.9708 295.3159 0013029 153.3198 206.8626 13.51015829 79462
QIANFAN-88              
1 63174U 25046R   26218.61967372  .00000108  00000+0  14838-3 0  9993
2 63174  88.9710 295.2746 0013178 161.1154 199.0489 13.51023068 79498
QIANFAN-89              
1 63175U 25046S   26218.58250398  .00000105  00000+0  14300-3 0  9994
2 63175  88.9711 295.4673 0018014 154.8091 205.3943 13.51018198 79386
QIANFAN-90              
1 63176U 25046T   26218.61134517  .00000107  00000+0  14740-3 0  9993
2 63176  88.9711 295.4374 0015043 152.0493 208.1470 13.51022791 79403
PUNCH-NFI (SMEX 15A)    
1 63178U 25047A   26218.48744163  .00000285  00000+0  50100-4 0  9993
2 63178  97.9579  43.0831 0011090   4.4820 355.6486 14.74816720 75493
PUNCH-WFI 1 (SMEX 15B)  
1 63179U 25047B   26218.48024787  .00000300  00000+0  52711-4 0  9995
2 63179  97.9599  42.9070 0009505  24.9015 335.2651 14.74398458 75479
PUNCH-WFI 3 (SMEX 15D)  
1 63180U 25047C   26218.50295624  .00000297  00000+0  52318-4 0  9998
2 63180  97.9562  42.6214 0010310  15.2453 344.9065 14.74399781 75479
PUNCH-WFI 2 (SMEX 15C)  
1 63181U 25047D   26218.45801449  .00000303  00000+0  53254-4 0  9999
2 63181  97.9582  42.6579 0009981  28.7886 331.3872 14.74400242 75467
SPHEREX (MIDEX 9)       
1 63182U 25047E   26218.48405673  .00000599  00000+0  98295-4 0  9993
2 63182  97.9593  42.3866 0011170  38.1414 322.0583 14.74151577 75450
QPS-SAR-9 (SUSANOO-I)   
1 63205U 25050A   26218.61079679  .00003003  00000+0  22976-3 0  9996
2 63205  42.0183 183.5086 0003658 135.1196 224.9928 15.03570991 76554
SUPERVIEW NEO-3 02      
1 63208U 25051A   26218.63722116  .00004849  00000+0  21157-3 0  9992
2 63208  97.4491 297.4275 0001661  73.4371 286.7048 15.22618801 77519
TIANYAN 23              
1 63209U 25051B   26218.59323017  .00023069  00000+0  38633-3 0  9997
2 63209  97.4504 307.5292 0003766 242.1182 117.9689 15.51863766 78173
JINJUSAT-1B             
1 63210U 25052A   26218.43057675  .00008891  00000+0  26399-3 0  9999
2 63210  97.3930 115.2898 0000912 241.0134 119.1018 15.35025013 77804
NUSHSAT1                
1 63211U 25052B   26218.51727316  .00012138  00000+0  32782-3 0  9997
2 63211  97.3905 116.1296 0000345 232.9457 127.1756 15.37901435 77874
IOD-1                   
1 63212U 25052C   26218.30229402  .00057108  00000+0  68458-3 0  9993
2 63212  97.3730 121.7081 0003431 151.8556 208.2888 15.60752789 78288
TEVEL2-4                
1 63213U 25052D   26218.62279951  .00010220  00000+0  29066-3 0  9999
2 63213  97.3829 115.1412 0000593   6.8402 353.2850 15.36337016 77855
TEVEL2-5                
1 63214U 25052E   26218.45397693  .00011014  00000+0  31510-3 0  9994
2 63214  97.3820 114.9041 0000690  10.1385 349.9872 15.36131046 77826
TEVEL2-6                
1 63215U 25052F   26218.46746353  .00010698  00000+0  30650-3 0  9998
2 63215  97.3828 114.9025 0000686  22.9371 337.1904 15.36094928 77820
BOTSAT-1                
1 63216U 25052G   26218.27199652  .00004951  00000+0  18430-3 0  9999
2 63216  97.3816 111.6357 0001456  12.7938 347.3338 15.27939980 77608
TEVEL2-1                
1 63217U 25052H   26218.51496187  .00010098  00000+0  29497-3 0  9994
2 63217  97.3803 114.5121 0001435  10.3246 349.8027 15.35500869 77813
TEVEL2-3                
1 63218U 25052J   26218.44241395  .00010324  00000+0  30086-3 0  9994
2 63218  97.3805 114.4686 0001427  22.8102 337.3205 15.35567681 77805
TEVEL2-2                
1 63219U 25052K   26218.44975199  .00010514  00000+0  30689-3 0  9991
2 63219  97.3801 114.4503 0001516   9.0599 351.0672 15.35512870 77807
AEROCUBE 18A            
1 63220U 25052L   26218.62738080  .00003401  00000+0  13922-3 0  9997
2 63220  97.3894 111.4561 0002700 331.9415  28.1677 15.24990298 77586
TRANSPORTER-13 OBJECT M 
1 63221U 25052M   26218.62903564  .00002245  00000+0  10060-3 0  9994
2 63221  97.3813 109.8752 0002800 358.1735   1.9491 15.22254510 77512
AEROCUBE 18B            
1 63222U 25052N   26218.20195146  .00003550  00000+0  14561-3 0  9998
2 63222  97.3901 111.0138 0003289 338.1557  21.9540 15.24895241 77517
DROID.002               
1 63223U 25052P   26218.59413587  .00003037  00000+0  13126-3 0  9999
2 63223  97.3862 110.6545 0003170 349.1575  10.9593 15.23226400 77545
TOMORROW-S6             
1 63225U 25052R   26218.24514599  .00002763  00000+0  12113-3 0  9998
2 63225  97.3940 110.3741 0004253 340.5109  19.5965 15.22815039 77460
ETIHAD-SAT              
1 63226U 25052S   26218.57863235  .00002471  00000+0  10982-3 0  9997
2 63226  97.3890 110.2770 0004398 347.4915  12.6211 15.22448272 77501
TRANSPORTER-13 OBJECT U 
1 63228U 25052U   26218.59300241  .00003297  00000+0  13868-3 0  9997
2 63228  97.3844 110.6045 0004461 355.8817   4.2383 15.24085694 77544
SPACEEYE-T1             
1 63229U 25052V   26218.60032472  .00002632  00000+0  11526-3 0  9999
2 63229  97.3878 110.3317 0004313 357.8461   2.2756 15.22894558 77518
ION SCV-017             
1 63230U 25052W   26218.26516046  .00002398  00000+0  89597-4 0  9990
2 63230  97.3838 113.0092 0020272 229.5215 130.4258 15.28174059 77682
M-SEL/CORTEZ            
1 63231U 25052X   26218.60979274  .00004290  00000+0  16523-3 0  9996
2 63231  97.3846 111.6000 0004268 357.9803   2.1418 15.26885205 77617
SPHINX/FRAZIER          
1 63232U 25052Y   26218.61845549  .00003245  00000+0  13482-3 0  9995
2 63232  97.3878 110.9268 0005131 352.3896   7.7263 15.24512226 77552
LIZZIESAT-3 (LS-3)      
1 63233U 25052Z   26218.58742680  .00002903  00000+0  12944-3 0  9996
2 63233  97.3842 109.5348 0005710   4.2254 355.9029 15.22185501 77470
TOMORROW-S5             
1 63234U 25052AA  26218.61015019  .00002417  00000+0  10616-3 0  9994
2 63234  97.3918 110.5082 0006243 351.8101   8.3033 15.22863709 77518
OTP-2                   
1 63235U 25052AB  26218.24918523  .00003996  00000+0  16477-3 0  9990
2 63235  97.3797 109.9366 0006096   5.6571 354.4734 15.24627459 77494
ORBASTRO-TR5            
1 63236U 25052AC  26218.45234329  .00002723  00000+0  12063-3 0  9993
2 63236  97.3766 109.2025 0003714   8.3960 351.7338 15.22463162 77466
TEVEL2-9                
1 63237U 25052AD  26218.62467533  .00008819  00000+0  27549-3 0  9995
2 63237  97.3862 113.8868 0004687 345.3028  14.8077 15.33405296 77754
TEVEL2-7                
1 63238U 25052AE  26218.61062058  .00009021  00000+0  28469-3 0  9996
2 63238  97.3865 113.7662 0004838 344.4783  15.6310 15.33070427 77747
TEVEL2-8                
1 63239U 25052AF  26217.64026577  .00010981  00000+0  34627-3 0  9995
2 63239  97.3865 112.7721 0004976 349.9084  10.2057 15.33040472 77599
AL MUNTHER              
1 63240U 25052AG  26218.25192688  .00010408  00000+0  32423-3 0  9998
2 63240  97.3808 112.9585 0005167 354.4469   5.6715 15.33444050 77688
TRANSPORTER-13 OBJECT AH
1 63241U 25052AH  26218.23909618  .00006169  00000+0  22393-3 0  9990
2 63241  97.3772 111.2291 0006248   0.7233 359.4015 15.28661227 77589
HERMES-1                
1 63242U 25052AJ  26218.59072750  .00002799  00000+0  12554-3 0  9991
2 63242  97.3827 109.2986 0007698  22.3097 337.8473 15.22009885 77462
HERMES-2                
1 63243U 25052AK  26218.22706854  .00008436  00000+0  28301-3 0  9992
2 63243  97.3825 112.8970 0002639 319.8873  40.2173 15.31134300 77676
PANDORE                 
1 63244U 25052AL  26218.61461591  .00001107  00000+0  10576-3 0  9995
2 63244  97.6827 108.9727 0005789  40.4333 319.7317 14.95247546 76146
BUCCANEER MM            
1 63245U 25052AM  26218.63966442  .00002096  00000+0  19724-3 0  9995
2 63245  97.6793 108.6081 0005442  59.3726 300.8030 14.94918319 76134
LEMUR-2-LEIA-PHILIP     
1 63246U 25052AN  26218.58933627  .00001366  00000+0  12234-3 0  9997
2 63246  97.6770 109.6777 0005778  69.6116 290.5726 14.97444510 76218
EZIE-A                  
1 63247U 25052AP  26218.62793900  .00001935  00000+0  17010-3 0  9990
2 63247  97.6819 109.9808 0003913  48.1758 311.9798 14.97692147 76212
LEMUR-2-LIA-MARTIN      
1 63248U 25052AQ  26218.44002221  .00002573  00000+0  22174-3 0  9996
2 63248  97.6807 110.0879 0004037  48.2984 311.8583 14.98184661 76209
EZIE-C                  
1 63249U 25052AR  26218.62430005  .00002181  00000+0  19147-3 0  9993
2 63249  97.6799 109.8528 0004152  56.4816 303.6803 14.97626536 76216
EZIE-B                  
1 63250U 25052AS  26218.62089130  .00002157  00000+0  18967-3 0  9996
2 63250  97.6829 110.0323 0004484  36.5249 323.6278 14.97568535 76218
UVSQ-SAT NG             
1 63251U 25052AT  26218.50908247  .00001987  00000+0  18408-3 0  9993
2 63251  97.6777 108.9747 0004541  70.0496 290.1213 14.95599545 76151
ARVAKER-1               
1 63252U 25052AU  26218.62699754  .00001282  00000+0  12318-3 0  9999
2 63252  97.6804 108.7788 0003920  64.9262 295.2365 14.94736250 76147
ICEYE-X48               
1 63253U 25052AV  26218.61817196  .00001181  00000+0  10437-3 0  9999
2 63253  97.6798 110.0276 0003001  50.8392 309.3097 14.98227705 76228
YAM-8                   
1 63254U 25052AW  26217.68834723  .00003232  00000+0  19923-3 0  9999
2 63254  97.6870 119.4693 0000953  80.3087 279.8250 15.10678026 76748
ICEYE-X50               
1 63255U 25052AX  26218.67887935  .00000594  00000+0  58842-4 0  9995
2 63255  97.6820 109.5906 0003201  60.6066 299.5474 14.95425931 76191
FIRESAT 0 (MUSAT-4)     
1 63256U 25052AY  26218.60363144  .00000598  00000+0  62853-4 0  9991
2 63256  97.6896 108.6585 0002319  88.6186 271.5299 14.93023222 76112
ICEYE-X51               
1 63257U 25052AZ  26218.52633841  .00002469  00000+0  19881-3 0  9998
2 63257  97.7642 113.5460 0001983  63.7543 296.3885 15.00873136 76355
ICEYE-X46               
1 63258U 25052BA  26218.60862125  .00000719  00000+0  70190-4 0  9994
2 63258  97.6824 109.5216 0001564  83.7282 276.4118 14.95434625 76186
LEMUR-2-DELOITTE-1      
1 63259U 25052BB  26218.62455743  .00001890  00000+0  16535-3 0  9994
2 63259  97.6839 110.6022 0000732   3.0356 357.0870 14.97917432 76246
TRANSPORTER-13 OBJECT BC
1 63260U 25052BC  26218.62667678  .00000882  00000+0  86234-4 0  9992
2 63260  97.6773 108.9571 0002467 126.3513 233.7935 14.94808366 76160
LEMUR-2-EMERSONROSE     
1 63261U 25052BD  26218.21578711  .00001675  00000+0  14152-3 0  9997
2 63261  97.6824 110.8621 0000957 298.4808  61.6318 14.99424059 76235
LEMUR-2-MARACHE-FRAN    
1 63262U 25052BE  26218.62352472  .00002328  00000+0  18954-3 0  9997
2 63262  97.6755 111.6472 0008138 173.2861 186.8473 15.00481762 76329
SOAP                    
1 63263U 25052BF  26218.62764632  .00001599  00000+0  14385-3 0  9996
2 63263  97.6786 110.0633 0002679 138.3995 221.7431 14.97021378 76231
LEMUR-2-THEFALCONER     
1 63264U 25052BG  26218.59166573  .00002520  00000+0  22002-3 0  9993
2 63264  97.6800 110.1342 0002532 132.7632 227.3803 14.97697641 76238
COSMOS 2585 (RODNIK-S *)
1 63288U 25054A   26214.18436640  .00000026  00000+0  11685-3 0  9991
2 63288  82.4911  50.0034 0023682 296.0610  63.8032 12.42869237 62577
COSMOS 2586 (RODNIK-S *)
1 63289U 25054B   26218.74760850  .00000023  00000+0  98170-4 0  9993
2 63289  82.4895  47.0578 0020040 273.3466  86.5321 12.42878109 63134
COSMOS 2587 (RODNIK-S *)
1 63290U 25054C   26214.21087075  .00000010  00000+0  12882-5 0  9997
2 63290  82.4939  50.0707 0013975 272.2905  87.6574 12.42894400 62579
2025-055A               
1 63291U 25055A   26218.57216833  .00003170  00000+0  18089-3 0  9991
2 63291  97.6588 358.7357 0022236 287.8372  72.0433 15.13300720 76673
2025-055B               
1 63292U 25055B   26218.62831252  .00003370  00000+0  19585-3 0  9990
2 63292  97.6561 359.5600 0035044 341.9138  18.0842 15.12287048 76702
2025-055C               
1 63293U 25055C   26218.62739455  .00003045  00000+0  18393-3 0  9998
2 63293  97.6569 359.3190 0041030 329.3253  30.5578 15.10777703 76685
2025-055D               
1 63294U 25055D   26218.61610722  .00004642  00000+0  23533-3 0  9999
2 63294  97.6573 358.8966 0013716 329.7678  30.2762 15.17388131 76650
2025-055E               
1 63295U 25055E   26218.64230870  .00003575  00000+0  20137-3 0  9996
2 63295  97.6561 358.6199 0021245 282.5936  77.2919 15.13701558 76645
2025-055F               
1 63296U 25055F   26218.65185064  .00004438  00000+0  22576-3 0  9990
2 63296  97.6583 358.9201 0010115 315.5713  44.4708 15.17331600 76655
2025-055G               
1 63297U 25055G   26218.60706501  .00010545  00000+0  40257-3 0  9993
2 63297  97.6531   2.9418 0007290 345.4789  14.6238 15.26817514 76920
2025-055H               
1 63298U 25055H   26218.62212123  .00029396  00000+0  66779-3 0  9999
2 63298  97.6576   7.5247 0004665 313.2882  46.7975 15.42973305 77217
KINEIS-4E               
1 63300U 25056A   26218.60858348  .00000974  00000+0  16149-3 0  9994
2 63300  97.9090 341.1205 0002003  46.6761 313.4614 14.72362833 74540
KINEIS-4C               
1 63301U 25056B   26218.62114566  .00001024  00000+0  16954-3 0  9995
2 63301  97.9143 341.3960 0004449 145.1779 214.9721 14.72335554 74555
KINEIS-4D               
1 63302U 25056C   26218.62537014  .00001004  00000+0  16665-3 0  9990
2 63302  97.9064 341.3491 0003171 149.5000 210.6392 14.72264783 74555
KINEIS-4A               
1 63303U 25056D   26218.59176090  .00000987  00000+0  16364-3 0  9995
2 63303  97.9158 341.2959 0003040 113.0304 247.1224 14.72344255 74547
KINEIS-4B               
1 63304U 25056E   26218.57453411  .00001012  00000+0  16760-3 0  9999
2 63304  97.9170 341.3395 0006762 128.9588 231.2223 14.72332944 74534
YUNYAO-1 43             
1 63344U 25059A   26218.61207907  .00001409  00000+0  87667-4 0  9993
2 63344  97.6132  39.7185 0013647 347.3363  12.7522 15.11195370 75917
YUNYAO-1 44             
1 63345U 25059B   26218.59532455  .00001999  00000+0  12228-3 0  9994
2 63345  97.6120  39.6594 0016380 350.2447   9.8463 15.11310554 75915
YUNYAO-1 45             
1 63346U 25059C   26218.58731082  .00002089  00000+0  12766-3 0  9999
2 63346  97.6143  39.8511 0015449 350.2677   9.8251 15.11299453 75911
YUNYAO-1 46             
1 63347U 25059D   26218.55708451  .00001467  00000+0  91184-4 0  9992
2 63347  97.6144  39.7056 0010989 339.5313  20.5475 15.11190993 75903
YUNYAO-1 47             
1 63348U 25059E   26218.61011064  .00001891  00000+0  11541-3 0  9996
2 63348  97.6112  39.7629 0015532 351.0656   9.0295 15.11468256 75916
YUNYAO-1 48             
1 63349U 25059F   26218.58818211  .00002163  00000+0  13121-3 0  9991
2 63349  97.6126  39.8688 0014919 353.1727   6.9297 15.11532911 75916
LEMUR-2-UNTITLED-SC     
1 63351U 25061A   26218.46320557  .00002366  00000+0  13418-3 0  9999
2 63351  97.5680 193.4791 0020602  91.7741 268.5850 15.13787317 75197
LEMUR-2-ESPERANZA       
1 63352U 25061B   26218.43698800  .00002183  00000+0  12376-3 0  9995
2 63352  97.5686 193.5591 0020201  91.1056 269.2490 15.13891758 75194
LEMUR-2-KREMPEL-BRO2    
1 63353U 25061C   26218.44963504  .00002264  00000+0  12663-3 0  9992
2 63353  97.5733 194.1689 0021071  84.1285 276.2347 15.14327510 75218
LEMUR-2-THERMORAPTOR    
1 63354U 25061D   26218.42898447  .00002586  00000+0  14378-3 0  9996
2 63354  97.5738 194.2336 0020805  83.2329 277.1269 15.14408791 75211
LEMUR-2-NEUROSPICY      
1 63355U 25061E   26218.46283625  .00002480  00000+0  13773-3 0  9998
2 63355  97.5665 193.8546 0018682  86.4309 273.9059 15.14528004 75224
LEMUR-2-TILLINFINITY    
1 63356U 25061F   26218.47862236  .00002828  00000+0  15384-3 0  9997
2 63356  97.5650 194.1961 0019809  75.5263 284.8165 15.15124341 75253
LEMUR-2-KREMPEL-BRO1    
1 63357U 25061G   26218.45860226  .00002427  00000+0  13329-3 0  9995
2 63357  97.5652 194.0781 0020462  76.5313 283.8197 15.14920365 75241
LEMUR-2-LANGER2SPACE    
1 63358U 25061H   26218.42917710  .00002481  00000+0  13744-3 0  9995
2 63358  97.5656 193.8425 0018561  85.0645 275.2706 15.14610679 75221
LEMUR-2-BALTO           
1 63395U 25052BH  26218.60708637  .00001814  00000+0  14863-3 0  9994
2 63395  97.6865 111.6524 0006211 232.7844 127.2814 15.00526376 76327
HJS-6B                  
1 63429U 25067B   26218.40209271  .00006694  00000+0  32854-3 0  9997
2 63429  54.9960 168.1927 0010972  95.0635 265.1637 15.19211937 75573
HJS-6C                  
1 63430U 25067C   26218.07530420  .00008414  00000+0  40789-3 0  9993
2 63430  54.9979 169.6817 0011015  91.3914 268.8367 15.19311181 75513
HJS-6D                  
1 63431U 25067D   26218.33731729  .00003492  00000+0  17850-3 0  9992
2 63431  54.9965 168.5036 0008968  92.3777 267.8269 15.19239324 75553
TIANPING-3A 02          
1 63432U 25068A   26218.74225524  .00001797  00000+0  14309-3 0  9992
2 63432  43.0010 139.6071 0237564 186.1642 173.6252 14.84574403 72892
POSAT-2                 
1 63488U 25009DR  26218.76493740  .00007321  00000+0  40523-3 0  9993
2 63488  97.4818 292.9177 0004592 345.3251  14.7846 15.14127137 74292
HERMES-6                
1 63489U 25052BK  26218.19391400  .00003033  00000+0  12952-3 0  9990
2 63489  97.3934 109.9643 0006387  12.7269 347.4128 15.23635613 77446
SHIYAN-27 OBJECT A      
1 63599U 25078A   26217.19371145 -.00000011  00000+0  47003-4 0  9993
2 63599  99.6924 223.6873 0000864  80.1976 279.9260 13.57202559 64186
SHIYAN-27 OBJECT B      
1 63600U 25078B   26218.63101951 -.00000010  00000+0  48531-4 0  9998
2 63600  99.6939 225.0855 0001072  98.2094 261.9166 13.57251871 64372
SHIYAN-27 OBJECT C      
1 63601U 25078C   26217.32869236 -.00000003  00000+0  57590-4 0  9998
2 63601  99.6932 223.8906 0001064  83.3551 276.7708 13.57250498 64205
SHIYAN-27 OBJECT D      
1 63602U 25078D   26218.64325453 -.00000015  00000+0  41571-4 0  9998
2 63602  99.6955 225.1446 0000961  87.7096 272.4152 13.57253218 64379
SHIYAN-27 OBJECT E      
1 63603U 25078E   26218.61883248 -.00000014  00000+0  42859-4 0  9996
2 63603  99.6921 225.0117 0000960  90.3070 269.8178 13.57246623 64378
SHIYAN-27 OBJECT F      
1 63604U 25078F   26218.60662306 -.00000019  00000+0  35902-4 0  9992
2 63604  99.6928 225.0669 0000954  83.5772 276.5475 13.57245862 64373
KORSAT-3                
1 63630U 25081A   26218.65612668  .00002210  00000+0  19760-3 0  9993
2 63630  45.4114  74.1562 0010233 128.1684 232.0118 14.99144633 70753
TOMORROW-S7             
1 63631U 25081B   26218.67987031  .00000857  00000+0  86632-4 0  9993
2 63631  45.3915  73.6169 0002164 198.7451 161.3348 14.99758971 70753
HULIANWANG DIGUI-20     
1 63687U 25086A   26218.56653378  .00000034  00000+0  44930-4 0  9993
2 63687  86.5053 296.1677 0002333 102.6187 257.5208 13.24412757 61544
HULIANWANG DIGUI-21     
1 63688U 25086B   26218.57414034  .00000020  00000+0  12762-4 0  9992
2 63688  86.5082 296.2366 0002368 105.5754 254.5642 13.24411419 61535
HULIANWANG DIGUI-22     
1 63689U 25086C   26218.58165490  .00000003  00000+0 -28145-4 0  9997
2 63689  86.5047 296.0850 0002349 101.5066 258.6332 13.24411738 61539
HULIANWANG DIGUI-23     
1 63690U 25086D   26218.74784109  .00000002  00000+0 -28715-4 0  9993
2 63690  86.5088 296.2278 0002345 102.1619 257.9778 13.24411505 61559
HULIANWANG DIGUI-24     
1 63691U 25086E   26218.60432475  .00000009  00000+0 -13240-4 0  9999
2 63691  86.5095 296.3129 0002378 104.5130 255.6268 13.24412103 61536
HULIANWANG DIGUI-25     
1 63692U 25086F   26218.61188910  .00000031  00000+0  38917-4 0  9995
2 63692  86.5033 296.0410 0002284 103.8603 256.2785 13.24411520 61535
HULIANWANG DIGUI-26     
1 63693U 25086G   26218.58920892  .00000001  00000+0 -32279-4 0  9998
2 63693  86.5082 296.2474 0002579 103.7788 256.3634 13.24410570 61530
HULIANWANG DIGUI-27     
1 63694U 25086H   26218.54383932  .00000053  00000+0  88538-4 0  9998
2 63694  86.5043 296.1124 0002370 103.8140 256.3258 13.24413328 61526
HULIANWANG DIGUI-28     
1 63695U 25086J   26218.55894408  .00000041  00000+0  60718-4 0  9992
2 63695  86.5008 295.9588 0002348 101.2523 258.8875 13.24412204 61525
HULIANWANG DIGUI-29     
1 63696U 25086K   26218.55141762  .00000046  00000+0  73801-4 0  9993
2 63696  86.5035 296.0829 0002305 105.0699 255.0690 13.24412559 61522
KUIPER-00008            
1 63724U 25088A   26218.51719275  .00001090  00000+0  17200-3 0  9993
2 63724  51.8993 145.4712 0000850  89.1065 270.9994 14.79926094 70238
KUIPER-00009            
1 63725U 25088B   26218.58335648 -.00013933  00000+0 -88743-3 0  9990
2 63725  51.9009 161.3424 0000697 357.5831 311.5096 15.07626998  1878
KUIPER-00010            
1 63726U 25088C   26218.48883292  .00001882  00000+0  27595-3 0  9999
2 63726  51.9022 140.7024 0001016 108.3502 251.7571 14.79912493 69912
KUIPER-00011            
1 63727U 25088D   26218.51449494  .00000350  00000+0  74958-4 0  9991
2 63727  51.9009 148.1348 0000754  76.7085 283.3961 14.79930209 69943
KUIPER-00012            
1 63728U 25088E   26218.76702073  .00000969  00000+0  15605-3 0  9993
2 63728  51.9019 131.9554 0000745 102.9290 257.1756 14.79927719 70141
KUIPER-00013            
1 63729U 25088F   26218.56313234 -.00002698  00000+0 -32507-3 0  9992
2 63729  51.9006 165.3733 0000664  78.9616 281.1421 14.79931753 69767
KUIPER-00014            
1 63730U 25088G   26218.12419230 -.00001595  00000+0 -18027-3 0  9995
2 63730  51.9015 167.2600 0000795  78.6979 281.4073 14.79926830 69516
KUIPER-00015            
1 63731U 25088H   26218.07964878  .00000308  00000+0  69388-4 0  9999
2 63731  51.8986 177.5129 0000738  61.7520 298.3517 14.79928132 69826
KUIPER-00016            
1 63732U 25088J   26218.59421482 -.00003201  00000+0 -39116-3 0  9998
2 63732  51.8987 167.6929 0000824  85.8838 274.2219 14.79928422 69544
KUIPER-00018            
1 63733U 25088K   26218.03099862  .00000946  00000+0  15319-3 0  9991
2 63733  51.9032 160.2196 0000844  83.2345 276.8713 14.79919583 69601
KUIPER-00019            
1 63734U 25088L   26218.12521364  .00000972  00000+0  15664-3 0  9991
2 63734  51.9004 158.5565 0001109  77.2110 282.8977 14.79877041 69633
KUIPER-00020            
1 63735U 25088M   26218.56854777  .00000874  00000+0  14366-3 0  9996
2 63735  51.9013 160.3433 0000955  76.6222 283.4847 14.79929085 69857
KUIPER-00021            
1 63736U 25088N   26218.53477228  .00000741  00000+0  12622-3 0  9992
2 63736  51.9005 160.4465 0000678  83.8882 276.2158 14.79935683 69686
KUIPER-00023            
1 63737U 25088P   26218.16065259  .00001278  00000+0  19662-3 0  9996
2 63737  51.9006 164.5895 0000801  68.8531 291.2517 14.79923443 69892
KUIPER-00024            
1 63738U 25088Q   26218.10661459  .00001004  00000+0  16077-3 0  9999
2 63738  51.9033 152.4316 0000887  77.6099 282.4963 14.79928277 70189
KUIPER-00025            
1 63739U 25088R   26218.13230350 -.00001150  00000+0 -12182-3 0  9992
2 63739  51.9037 159.8024 0000891  90.3407 269.7657 14.79925172 69942
KUIPER-00027            
1 63740U 25088S   26218.10386619  .00001736  00000+0  25688-3 0  9994
2 63740  51.9014 154.8905 0000991  83.0899 277.0176 14.79902668 69748
KUIPER-00028            
1 63741U 25088T   26218.54555889  .00000911  00000+0  14846-3 0  9998
2 63741  51.9007 150.3853 0000967  81.6905 278.4167 14.79931852 70259
KUIPER-00029            
1 63742U 25088U   26218.52157779 -.00005277  00000+0 -66353-3 0  9995
2 63742  51.9037 149.1791 0001107  57.0930 303.0139 14.79947770 69799
KUIPER-00030            
1 63743U 25088V   26218.56045120 -.00000517  00000+0 -38790-4 0  9993
2 63743  51.9020 167.8322 0000960  74.8892 285.2177 14.79920516 69825
KUIPER-00031            
1 63744U 25088W   26218.00262076  .00001580  00000+0  23622-3 0  9990
2 63744  51.9005 155.3219 0000800 108.6055 251.4995 14.79932457 69668
KUIPER-00032            
1 63745U 25088X   26218.62085124  .00007980  00000+0  19642-3 0  9993
2 63745  51.8679  16.7994 0003370 297.7388  62.3258 15.41542726 72648
KUIPER-00033            
1 63746U 25088Y   26218.10531219  .00001806  00000+0  26590-3 0  9999
2 63746  51.8994 184.8662 0000578  76.3712 283.7314 14.79920769 69743
KUIPER-00034            
1 63747U 25088Z   26218.48343766  .00000823  00000+0  13699-3 0  9993
2 63747  51.9020 145.7296 0000902  91.6539 268.4527 14.79921617 70002
KUIPER-00035            
1 63748U 25088AA  26218.59152610 -.00000004  00000+0  28546-4 0  9992
2 63748  51.9003 170.2203 0000618  86.6941 273.4093 14.79914850 69722
KUIPER-00037            
1 63749U 25088AB  26218.58444493  .00000701  00000+0  12100-3 0  9996
2 63749  51.9007 169.1120 0000755  68.6528 291.4515 14.79932743 70525
KUIPER-00038            
1 63750U 25088AC  26218.03369427 -.00001010  00000+0 -10354-3 0  9996
2 63750  51.9025 157.7159 0000837  90.6236 269.4822 14.79922846 69633
BIOMASS                 
1 63772U 25090A   26218.49110970  .00000440  00000+0  86138-4 0  9998
2 63772  98.0759  45.0792 0001404  88.9566 271.1799 14.67534643 68062
HERMES-4                
1 63833U 25052BP  26218.62339963  .00005911  00000+0  19707-3 0  9999
2 63833  97.3802 112.2057 0004208  54.5288 305.6345 15.31459690 77663
HERMES-5                
1 63834U 25052BQ  26218.51054154  .00006778  00000+0  23844-3 0  9993
2 63834  97.3898 112.6344 0003474   1.0435 359.0812 15.29661709 77640
HERMES-3                
1 63835U 25052BR  26218.41369176  .00009683  00000+0  28129-3 0  9995
2 63835  97.3791 113.9520 0004181 328.8087  31.2908 15.35678951 77764
YAOGAN-40 02A           
1 63918U 25096A   26218.57918175  .00000100  00000+0  43921-4 0  9994
2 63918  85.9991 165.4010 0001765  76.8616 283.2764 14.12456909 63686
YAOGAN-40 02B           
1 63919U 25096B   26218.57933385  .00000121  00000+0  55496-4 0  9998
2 63919  85.9987 165.3671 0002372  75.0718 285.0728 14.12457842 63680
YAOGAN-40 02C           
1 63920U 25096C   26218.57925836  .00000122  00000+0  55957-4 0  9995
2 63920  85.9995 164.6487 0001996  79.7936 280.3472 14.12457519 82521
SCS-01 A                
1 63982U 25100A   26218.73023544  .00005339  00000+0  24074-3 0  9992
2 63982  97.3642 290.3811 0028323 183.6394 176.4640 15.21086062 68325
SCS-01 B                
1 63983U 25100B   26218.60843661  .00018774  00000+0  44854-3 0  9994
2 63983  97.3597 295.9852 0010056 114.9616 245.2677 15.41502784 68678
SCS-01 C                
1 63984U 25100C   26218.53390718  .00005210  00000+0  23478-3 0  9997
2 63984  97.3635 290.1612 0030125 181.6876 178.4263 15.21068237 68273
SCS-01 D                
1 63985U 25100D   26212.74814042  .00022857  00000+0  75844-3 0  9996
2 63985  97.3646 288.4184 0011083 124.4425 235.7865 15.31188534 67657
SCS-01 E                
1 63986U 25100E   26218.53348933  .00007057  00000+0  31848-3 0  9992
2 63986  97.3597 290.1125 0012529 136.8940 223.3279 15.21228116 38103
SCS-01 F                
1 63987U 25100F   26218.53150044  .00007257  00000+0  32785-3 0  9990
2 63987  97.3606 290.1480 0009781 130.3511 229.8580 15.21211832 68283
SCS-01 G                
1 63988U 25100G   26218.64901111  .00003206  00000+0  12306-3 0  9999
2 63988  97.3671 293.0060 0014171 123.5734 236.6861 15.27108828 68466
SCS-01 H                
1 63989U 25100H   26218.64532547  .00018601  00000+0  49118-3 0  9999
2 63989  97.3651 295.2620 0009587 104.8546 255.3762 15.38455336 68615
SCS-01 J                
1 63990U 25100J   26218.57021298  .00011616  00000+0  40768-3 0  9990
2 63990  97.3591 293.9649 0010892 115.8839 244.3525 15.29519956 68528
SCS-01 K                
1 63991U 25100K   26218.72725745  .00007191  00000+0  32513-3 0  9998
2 63991  97.3604 290.3420 0011468 135.6635 224.5521 15.21171718 68300
SCS-01 L                
1 63992U 25100L   26217.93831575  .00010027  00000+0  45170-3 0  9995
2 63992  97.3634 289.7447 0010696 124.7610 235.4635 15.21198581 68178
SCS-01 M                
1 63993U 25100M   26213.14672615  .00002678  00000+0  83302-4 0  9996
2 63993  97.3637 289.5335 0010530 145.1329 215.0606 15.34165514 67756
TIANYI A                
1 64048U 25103A   26218.62925314  .00001313  00000+0  65620-4 0  9994
2 64048  97.4117 290.2417 0001627  88.0673 272.0748 15.19176410 67734
TIANYI B                
1 64049U 25103B   26217.54464565  .00000358  00000+0  19698-4 0  9993
2 64049  97.3769 288.3423 0002773  51.4865 308.6619 15.20098749 67566
TIANYI C                
1 64050U 25103C   26218.66291461  .00002322  00000+0  11061-3 0  9990
2 64050  97.3717 289.1734 0002457  32.4626 327.6760 15.20108874 67736
TIANYI D                
1 64051U 25103D   26218.74661741  .00002594  00000+0  12590-3 0  9991
2 64051  97.3796 288.7379 0005968  84.4275 275.7640 15.19345135 67675
TIANYI E                
1 64052U 25103E   26218.62689080  .00006641  00000+0  27046-3 0  9994
2 64052  97.3712 290.2714 0002694  31.2213 328.9184 15.24811335 67793
TIANYI F                
1 64053U 25103F   26218.61496238  .00002271  00000+0  11063-3 0  9992
2 64053  97.3776 288.9389 0003139  26.2951 333.8443 15.19342301 67704
QPS-SAR-10 (WADATSUMI-I)
1 64055U 25104A   26218.72792859  .00002794  00000+0  22244-3 0  9998
2 64055  42.0053   0.1404 0014300 305.6395  54.3099 15.02164884 67039
TIANQI-16               
1 64058U 25105A   26218.39511350 -.00000042  00000+0  59334-4 0  9996
2 64058  44.9831 158.9871 0011839 261.8631  98.0859 13.99165894 62228
TIANQI-17               
1 64059U 25105B   26218.34177792 -.00000032  00000+0  66094-4 0  9990
2 64059  44.9793 158.5364 0011173 265.3714  94.5843 13.99168473 62221
TIANQI-18               
1 64060U 25105C   26218.52143134 -.00000036  00000+0  63350-4 0  9991
2 64060  44.9840 158.2806 0011489 273.4479  86.5039 13.99149390 62249
TIANQI-20               
1 64061U 25105D   26218.71677462 -.00000035  00000+0  64253-4 0  9991
2 64061  44.9846 157.2357 0010742 268.5814  91.3788 13.99152170 62284
2025-108A               
1 64087U 25108A   26218.76300597  .00002986  00000+0  15606-3 0  9992
2 64087  97.4739 292.7539 0004366 116.4510 243.7171 15.16647547 66980
2025-108B               
1 64088U 25108B   26218.72041001  .00004565  00000+0  21992-3 0  9991
2 64088  97.4700 293.9525 0007870 183.1091 177.0096 15.19211400 67035
2025-108C               
1 64089U 25108C   26218.62554304  .00003105  00000+0  17619-3 0  9996
2 64089  97.4658 291.7467 0008374 213.1296 146.9412 15.13662373 66893
2025-108D               
1 64090U 25108D   26218.64183064  .00003164  00000+0  15302-3 0  9993
2 64090  97.4662 293.6918 0012117 180.7481 179.3737 15.19282229 67027
2025-108E               
1 64091U 25108E   26218.60937124  .00007562  00000+0  29940-3 0  9993
2 64091  97.4642 295.3384 0012202 176.4277 183.7050 15.25654207 67137
2025-108F               
1 64092U 25108F   26218.61009047  .00010236  00000+0  36181-3 0  9996
2 64092  97.4663 296.4567 0011602 174.4191 185.7181 15.29317602 67206
COSMOS 2588             
1 64095U 25109A   26218.70520838  .00004085  00000+0  14401-3 0  9992
2 64095  72.9708  94.3135 0010327 339.0663  21.0108 15.29726025 67337
SHIJIAN-26 (SJ-26)      
1 64199U 25115A   26218.23079905  .00003519  00000+0  14702-3 0  9991
2 64199  97.4528 296.4693 0019156 171.6016 188.5545 15.24130380 66060
GLOBAL-32               
1 64231U 25118B   26218.61251896  .00002050  00000+0  64056-4 0  9991
2 64231  58.9919 288.5665 0009274  64.9903 295.2135 15.37671883 66000
HULIANWANG DIGUI-30     
1 64283U 25121A   26218.70998815  .00000070  00000+0  12909-3 0  9990
2 64283  86.5024 356.5108 0001701  90.7076 269.4252 13.24409978 56846
HULIANWANG DIGUI-31     
1 64284U 25121B   26218.55130584  .00000052  00000+0  87252-4 0  9999
2 64284  86.5045 356.6453 0001710  91.3391 268.7939 13.24414771 56820
HULIANWANG DIGUI-32     
1 64285U 25121C   26218.61922428  .00000032  00000+0  40312-4 0  9997
2 64285  86.4986 356.3646 0001805  94.7809 265.3531 13.24410689 56837
HULIANWANG DIGUI-33     
1 64286U 25121D   26218.61168268  .00000016  00000+0  31323-5 0  9997
2 64286  86.5044 356.6083 0001721  91.1813 268.9519 13.24410217 56837
HULIANWANG DIGUI-34     
1 64287U 25121E   26218.52860387  .00000025  00000+0  24859-4 0  9994
2 64287  86.5022 356.5349 0001602  80.6329 279.4986 13.24411050 56821
QPS-SAR-11 (YAMATSUMI-I)
1 64340U 25125A   26218.53612567  .00002089  00000+0  17069-3 0  9990
2 64340  42.0079 274.0785 0008790  93.1205 267.0627 15.02011768 63198
ZHANGHENG 1-02 (CSES-2) 
1 64393U 25128A   26217.33252100  .00002889  00000+0  13086-3 0  9994
2 64393  97.3642 342.9915 0010441 286.0697  73.9389 15.21617072 63391
KUIPER-00039            
1 64500U 25134A   26218.47897685  .00001967  00000+0  28701-3 0  9996
2 64500  51.9030 290.7465 0000418  99.5477 260.5532 14.79921160 62250
KUIPER-00040            
1 64501U 25134B   26218.50189201  .00001955  00000+0  28546-3 0  9993
2 64501  51.8989 300.7160 0000512  91.1726 268.9295 14.79911823 62115
KUIPER-00041            
1 64502U 25134C   26218.53301380  .00001910  00000+0  27952-3 0  9992
2 64502  51.8996 302.9670 0000548  92.2989 267.8036 14.79925174 62087
KUIPER-00042            
1 64503U 25134D   26218.50463422  .00001715  00000+0  25386-3 0  9998
2 64503  51.8996 298.0701 0000436  93.6084 266.4928 14.79938591 62155
KUIPER-00043            
1 64504U 25134E   26218.51273538  .00001810  00000+0  26648-3 0  9995
2 64504  51.9023 290.5400 0000378  87.7823 272.3182 14.79919323 62263
KUIPER-00044            
1 64505U 25134F   26218.43172794  .00001657  00000+0  24640-3 0  9998
2 64505  51.9000 303.3958 0000418  96.6945 263.4065 14.79921123 62070
KUIPER-00046            
1 64506U 25134G   26218.60322350  .00001874  00000+0  27466-3 0  9993
2 64506  51.8999 300.1120 0000411 101.8849 258.2160 14.79944727 62138
KUIPER-00047            
1 64507U 25134H   26218.59913984  .00001700  00000+0  25188-3 0  9998
2 64507  51.9004 272.6563 0000486  51.4598 308.6408 14.79934851 62518
KUIPER-00048            
1 64508U 25134J   26218.49784639  .00001677  00000+0  24900-3 0  9995
2 64508  51.8996 273.1166 0000498 101.6062 258.4956 14.79921967 62503
KUIPER-00049            
1 64509U 25134K   26218.45059380  .00001881  00000+0  27571-3 0  9994
2 64509  51.9019 285.7941 0000351  92.3790 267.7213 14.79934992 62324
KUIPER-00050            
1 64510U 25134L   26218.40192090  .00001445  00000+0  21850-3 0  9997
2 64510  51.8991 268.5299 0000353  58.6431 301.4566 14.79944497 62562
KUIPER-00051            
1 64511U 25134M   26218.49424859  .00001682  00000+0  24932-3 0  9995
2 64511  51.9013 284.2966 0000442  79.7759 280.3253 14.79976868 62342
KUIPER-00053            
1 64513U 25134P   26218.42053805  .00001428  00000+0  20768-3 0  9990
2 64513  51.9015 279.5896 0001039  22.3936 337.7073 14.81721696 62403
KUIPER-00054            
1 64514U 25134Q   26218.42760216 -.00000221  00000+0  28170-7 0  9992
2 64514  51.8992 275.9004 0000190 189.2707 170.8252 14.79931642 62455
KUIPER-00055            
1 64515U 25134R   26218.24249888  .00001314  00000+0  20130-3 0  9997
2 64515  51.9003 229.3612 0000379  54.8147 305.2850 14.79935274 63096
KUIPER-00056            
1 64516U 25134S   26218.45598874 -.00000935  00000+0 -93731-4 0  9991
2 64516  51.9037 280.8827 0000275  84.9691 275.1303 14.79929362 62398
KUIPER-00057            
1 64517U 25134T   26218.44790401  .00001937  00000+0  28293-3 0  9992
2 64517  51.8995 288.3423 0000343  96.4380 263.6621 14.79934883 62282
KUIPER-00058            
1 64518U 25134U   26218.55457829  .00001776  00000+0  26185-3 0  9998
2 64518  51.9015 282.8447 0000349  85.0808 275.0194 14.79939120 62378
KUIPER-00059            
1 64519U 25134V   26218.42493102  .00001685  00000+0  24996-3 0  9996
2 64519  51.9006 278.4563 0000297  91.1524 268.9473 14.79930794 62429
KUIPER-00060            
1 64520U 25134W   26218.45868531  .00001809  00000+0  26622-3 0  9999
2 64520  51.9029 278.3767 0000367  76.0831 284.0172 14.79943164 62411
KUIPER-00061            
1 64521U 25134X   26218.48436292  .00001926  00000+0  28155-3 0  9991
2 64521  51.9010 285.7106 0000494  97.1538 262.9480 14.79929584 62316
KUIPER-00062            
1 64522U 25134Y   26218.54917366  .00001890  00000+0  27693-3 0  9991
2 64522  51.8969 287.8888 0000383  75.2496 284.8509 14.79927910 62301
KUIPER-00063            
1 64523U 25134Z   26218.47357839 -.00000529  00000+0 -40411-4 0  9991
2 64523  51.9037 295.7929 0000427  96.5956 263.5055 14.79928726 62181
KUIPER-00064            
1 64524U 25134AA  26218.47625843  .00004598  00000+0  63147-3 0  9993
2 64524  51.9031 293.2064 0000688  70.1727 289.9309 14.79954458 62222
KUIPER-00065            
1 64525U 25134AB  26218.60594906 -.00000567  00000+0 -45404-4 0  9995
2 64525  51.9052 297.8056 0000444  76.8712 283.2300 14.79930038 62152
KUIPER-00066            
1 64526U 25134AC  26218.30194459  .00001460  00000+0  22052-3 0  9996
2 64526  51.9016 236.4230 0000405  80.4789 279.6219 14.79925328 63007
GOOD ANCESTOR KILAKILA  
1 64528U 25135A   26218.25857097  .00004697  00000+0  19235-3 0  9991
2 64528  97.4667 333.2946 0005058  26.8832 333.2666 15.24781893 62514
GHGSAT-C12              
1 64529U 25135B   26218.59500397  .00002059  00000+0  97188-4 0  9991
2 64529  97.4781 332.9760 0004971  17.0334 343.1068 15.20573423 62480
DUTHSAT-2               
1 64530U 25135C   26218.30991706  .00006885  00000+0  25433-3 0  9994
2 64530  97.4652 334.2497 0004716  31.9207 328.2317 15.28051666 62582
TRANSPORTER-14 OBJECT D 
1 64531U 25135D   26218.53202587  .00006471  00000+0  24549-3 0  9990
2 64531  97.4749 334.7614 0003927  10.2954 349.8364 15.27201968 62603
TRANSPORTER-14 OBJECT E 
1 64532U 25135E   26218.27054252  .00006488  00000+0  24606-3 0  9998
2 64532  97.4767 334.5500 0003966  12.0090 348.1242 15.27207248 62569
TPA-1                   
1 64533U 25135F   26218.31240962  .00004284  00000+0  19077-3 0  9997
2 64533  97.4720 332.8854 0005533  30.7900 329.3660 15.21981644 62479
CONNECTA IOT-9          
1 64534U 25135G   26218.28038811  .00001936  00000+0  92342-4 0  9990
2 64534  97.4793 332.7214 0005220  14.8688 345.2700 15.20279616 62434
ROADS 1                 
1 64535U 25135H   26218.27646840  .00003460  00000+0  15013-3 0  9990
2 64535  97.4709 333.0258 0004617  24.7767 335.3690 15.23006744 62487
FOSSASAT-2E21           
1 64536U 25135J   26218.30680338  .00001782  00000+0  85418-4 0  9997
2 64536  97.4678 332.1163 0004693  32.1953 327.9568 15.20213739 62439
OTTER PUP 2             
1 64537U 25135K   26217.83848589  .00000161  00000+0  97662-5 0  9994
2 64537  97.4761 333.1330 0003304  16.5129 343.6215 15.23283290 62435
IOD-2                   
1 64538U 25135L   26218.32780261  .00002593  00000+0  12106-3 0  9991
2 64538  97.4734 332.4870 0004799  22.7496 337.3951 15.20724310 62440
ELARASAT MMS-1          
1 64539U 25135M   26218.56108185  .00002468  00000+0  10710-3 0  9997
2 64539  97.4771 333.8564 0003464  27.8515 332.2907 15.23289899 62540
ARCSTONE                
1 64540U 25135N   26218.29258171  .00011185  00000+0  33785-3 0  9993
2 64540  97.4650 336.2921 0002480  40.2465 319.8961 15.34416536 62714
PULSAR-0                
1 64541U 25135P   26218.30460068  .00001826  00000+0  86650-4 0  9997
2 64541  97.4734 332.4987 0003575  37.0819 323.0663 15.20527349 62447
T1DES 1 (DRAGOON 1)     
1 64542U 25135Q   26218.59593184  .00005506  00000+0  21210-3 0  9994
2 64542  97.4736 334.7660 0002930  32.8830 327.2591 15.26765875 62612
SKYBEE-A02              
1 64544U 25135S   26218.55500797  .00001663  00000+0  79649-4 0  9990
2 64544  97.4768 332.9379 0001777  30.7815 329.3524 15.20337518 62481
ION SCV-020             
1 64545U 25135T   26218.28460694  .00001830  00000+0  89382-4 0  9993
2 64545  97.4645 332.6278 0007190 349.7614  10.3473 15.19507135 62455
FORGESTAR-1             
1 64546U 25135U   26218.31678382  .00005414  00000+0  21988-3 0  9992
2 64546  97.4721 333.9530 0001456  73.1846 286.9552 15.24998476 62547
TRANSPORTER-14 OBJECT V 
1 64547U 25135V   26218.56146983  .00004167  00000+0  16579-3 0  9991
2 64547  97.4660 334.2203 0002184  85.6740 274.4748 15.25827766 62601
GHGSAT-C13              
1 64548U 25135W   26218.56799579  .00003204  00000+0  14499-3 0  9997
2 64548  97.4811 333.6074 0000684  68.3020 291.8289 15.21627770 62513
ROADS 2                 
1 64549U 25135X   26218.27749667  .00003764  00000+0  15642-3 0  9991
2 64549  97.4820 334.3562 0000388  59.4364 300.6911 15.24423706 62547
BRO-18                  
1 64550U 25135Y   26218.60698374  .00002782  00000+0  12373-3 0  9995
2 64550  97.4663 333.2654 0002612  83.6174 276.5359 15.22331885 62545
SATMAR                  
1 64551U 25135Z   26218.56652170  .00004190  00000+0  16758-3 0  9991
2 64551  97.4650 334.1814 0002662  92.3079 267.8463 15.25647129 62606
HYPERFIELD-1B           
1 64552U 25135AA  26218.60329684  .00002633  00000+0  11602-3 0  9991
2 64552  97.4710 333.6143 0002505 104.7587 255.3927 15.22709995 62559
CONNECTA IOT-12         
1 64553U 25135AB  26218.54973491  .00002052  00000+0  96469-4 0  9996
2 64553  97.4779 333.6423 0001292 135.3088 224.8252 15.20724146 62526
TRANSPORTER-14 OBJECT AC
1 64554U 25135AC  26218.60571301  .00011862  00000+0  37918-3 0  9990
2 64554  97.4673 336.1078 0002581 121.2769 238.8726 15.32595585 62725
CONNECTA IOT-10         
1 64555U 25135AD  26218.56829221  .00001886  00000+0  89022-4 0  9992
2 64555  97.4718 333.1390 0002335 111.8565 248.2919 15.20682391 62511
TRANSPORTER-14 OBJECT AE
1 64556U 25135AE  26218.27654181  .00005063  00000+0  19638-3 0  9998
2 64556  97.4779 334.9132 0001001 175.8762 184.2485 15.26575718 62584
CONNECTA IOT-11         
1 64557U 25135AF  26218.57935060  .00002104  00000+0  98722-4 0  9995
2 64557  97.4751 333.4534 0002268 133.5492 226.5932 15.20753376 62525
QUICK3                  
1 64558U 25135AG  26218.60762005  .00007160  00000+0  26146-3 0  9994
2 64558  97.4772 335.2498 0004394   2.0640 358.0616 15.28422293 62557
PADRE                   
1 64559U 25135AH  26218.29128688  .00000879  00000+0  90839-4 0  9994
2 64559  97.7758 331.3250 0003330  96.5012 263.6586 14.92635890 61328
TRANSPORTER-14 OBJECT AJ
1 64560U 25135AJ  26218.31061913  .00002334  00000+0  21317-3 0  9998
2 64560  97.7760 332.6196 0001846 103.1122 257.0305 14.96013987 61409
LEMUR-2-KRISH           
1 64561U 25135AK  26218.55930936  .00001910  00000+0  17269-3 0  9995
2 64561  97.7780 333.1120 0001384  94.7481 265.3898 14.96637978 61451
HUBBLE 6                
1 64562U 25135AL  26218.56542354  .00000697  00000+0  71259-4 0  9991
2 64562  97.7785 332.2042 0001284  91.9689 268.1678 14.93718442 61391
AE3VA                   
1 64563U 25135AM  26218.27499139  .00004074  00000+0  35260-3 0  9996
2 64563  97.7717 332.8830 0004574 104.4154 255.7576 14.97709908 61435
TIME FLIES              
1 64564U 25135AN  26218.31796964  .00002459  00000+0  22865-3 0  9990
2 64564  97.7736 332.3300 0003340 106.9734 253.1853 14.95264932 61391
LEMUR-2-HUBBLE-4        
1 64565U 25135AP  26218.31445190  .00001002  00000+0  99939-4 0  9993
2 64565  97.7731 331.6502 0003865 113.1932 246.9695 14.93742596 61350
ARVAKER-3               
1 64566U 25135AQ  26218.60055995  .00001651  00000+0  16109-3 0  9993
2 64566  97.7762 332.1793 0003124 118.9210 241.2324 14.93798125 61405
ARVAKER-2               
1 64567U 25135AR  26218.61213490  .00001410  00000+0  13856-3 0  9990
2 64567  97.7775 332.2250 0002649 119.8232 240.3252 14.93737518 61403
IRIDE-MS2-HEO-3         
1 64568U 25135AS  26218.71908194  .00001181  00000+0  12206-3 0  9997
2 64568  97.7771 332.1856 0002291 115.9310 244.2145 14.92001045 61411
IRIDE-MS2-HEO-2         
1 64569U 25135AT  26218.56955091  .00000945  00000+0  94390-4 0  9991
2 64569  97.7791 332.3341 0002192 144.7759 215.3606 14.93823004 61400
ICEYE-X54               
1 64570U 25135AU  26218.56802780  .00001549  00000+0  14777-3 0  9990
2 64570  97.7759 332.5184 0003521 131.2844 228.8681 14.94778756 61424
IRIDE-MS2-HEO-5         
1 64571U 25135AV  26218.62940505  .00000932  00000+0  97513-4 0  9991
2 64571  97.7765 332.1243 0002271 133.9459 226.1948 14.91982792 61405
ICEYE-X52               
1 64572U 25135AW  26218.58170684  .00001330  00000+0  13105-3 0  9997
2 64572  97.7783 332.2912 0002859 134.8684 225.2769 14.93724240 61407
MUSAT-3ALPHA            
1 64573U 25135AX  26218.31720297  .00001502  00000+0  11370-3 0  9993
2 64573  97.7130 332.3914 0004559  92.7897 267.3850 15.03819526 61462
ICEYE-X56               
1 64574U 25135AY  26218.60627082  .00002550  00000+0  23320-3 0  9996
2 64574  97.7784 333.1877 0003048 135.5128 224.6338 14.95883180 61464
ION SCV-018             
1 64575U 25135AZ  26218.29609187  .00000254  00000+0  28701-4 0  9996
2 64575  97.7818 332.9425 0013831 122.3760 237.8801 14.94733463 61419
IRIDE-MS2-HEO-6         
1 64576U 25135BA  26218.60620896  .00001285  00000+0  13235-3 0  9992
2 64576  97.7763 332.1270 0002286 135.7486 224.3916 14.91985397 61403
LYRA-3                  
1 64577U 25135BB  26218.24114412  .00001000  00000+0  15675-3 0  9990
2 64577  97.7753 321.2422 0021021 176.8946 183.2398 14.74606855 60648
ICEYE-X57               
1 64578U 25135BC  26218.60242851  .00002728  00000+0  21934-3 0  9993
2 64578  97.8077 335.2502 0002095  52.1670 307.9743 15.00857844 61582
GRUS-3ALPHA             
1 64579U 25135BD  26218.61761206  .00000805  00000+0  82405-4 0  9990
2 64579  97.7804 332.3219 0003209 159.1593 200.9758 14.93242241 61402
YAM-10                  
1 64580U 25135BE  26218.58222133  .00001172  00000+0  12127-3 0  9990
2 64580  97.7766 331.7489 0003486 160.0345 200.1010 14.91969028 61372
ICEYE-X55               
1 64581U 25135BF  26218.61972471  .00001952  00000+0  18153-3 0  9993
2 64581  97.7782 333.0126 0003590 155.3776 204.7617 14.95484486 61451
IRIDE-MS2-HEO-4         
1 64582U 25135BG  26218.61806494  .00001093  00000+0  11344-3 0  9996
2 64582  97.7764 332.2823 0002360 134.5536 225.5876 14.91974567 61418
CAPELLA-17 (ACADIA-7)   
1 64583U 25135BH  26218.31518432  .00001385  00000+0  14264-3 0  9994
2 64583  97.7725 331.2084 0005711 173.4739 186.6555 14.91847008 61324
ICEYE-X53               
1 64584U 25135BJ  26218.62561584  .00001783  00000+0  14479-3 0  9995
2 64584  97.7335 335.1765 0002320 150.3762 209.7594 15.00897374 61641
IRIDE-MS2-HEO-9         
1 64585U 25135BK  26218.59552201  .00001321  00000+0  13584-3 0  9992
2 64585  97.7798 332.4669 0002174 139.7865 220.3515 14.92001107 61418
LEMUR-2-SEJONG-2        
1 64586U 25135BL  26218.57344096  .00002443  00000+0  21685-3 0  9999
2 64586  97.7717 333.2727 0005105 148.5827 211.5701 14.97087807 61489
IRIDE-MS2-HEO-8         
1 64587U 25135BM  26218.57377108  .00000972  00000+0  10143-3 0  9992
2 64587  97.7775 332.3907 0002192 140.3903 219.7477 14.92005833 61419
BIFROST-DNK             
1 64588U 25135BN  26218.54769930  .00001788  00000+0  16938-3 0  9992
2 64588  97.7784 332.7817 0004630 160.9655 199.1739 14.94861649 61436
SATORO-T3               
1 64589U 25135BP  26218.71506281  .00001131  00000+0  11005-3 0  9992
2 64589  97.7750 332.7421 0005649 151.0292 209.1242 14.94504068 61452
TRANSPORTER-14 OBJECT BQ
1 64590U 25135BQ  26218.28468007  .00001092  00000+0  10719-3 0  9996
2 64590  97.7757 332.2202 0005960 152.1372 208.0169 14.94216533 61385
AE2A                    
1 64591U 25135BR  26218.60984972  .00003533  00000+0  30762-3 0  9999
2 64591  97.7730 333.5429 0006460 146.4398 213.7234 14.97548954 61500
HUBBLE 7                
1 64592U 25135BS  26218.59917283  .00001395  00000+0  13723-3 0  9991
2 64592  97.7790 332.7593 0003487 153.8303 206.3094 14.93711709 61434
HAWK-12C                
1 64621U 25138A   26218.52290684  .00002406  00000+0  11953-3 0  9996
2 64621  97.4369 220.1273 0012852 334.8781  25.1826 15.18562023 61507
HAWK-12B                
1 64622U 25138B   26218.52308230  .00002409  00000+0  11971-3 0  9997
2 64622  97.4492 220.8564 0011764 330.4752  29.5817 15.18561218 61509
HAWK-12A                
1 64623U 25138C   26218.52270679  .00002399  00000+0  11919-3 0  9993
2 64623  97.4430 220.4901 0012653 329.4341  30.6155 15.18561643 61503
KESTREL-0A              
1 64624U 25138D   26217.95257682  .00001990  00000+0  85400-4 0  9992
2 64624  97.4433 221.7052 0011407 317.5208  42.5146 15.23860908 61520
LYRA-4                  
1 64691U 25140A   26218.56958556  .00000817  00000+0  13274-3 0  9991
2 64691  96.0089 325.8947 0013676  44.6837 315.5475 14.72615102 59477
GOSAT-GW (IBUKI GW)     
1 64694U 25141A   26218.78079039  .00000353  00000+0  70663-4 0  9990
2 64694  98.0572 155.2760 0001423  85.0094 275.1273 14.67556155 59268
SHIYAN-28B 01           
1 64753U 25145A   26218.59662745  .00000541  00000+0  42183-4 0  9996
2 64753  11.0001 357.9557 0002679  56.1043 303.9439 14.29410649 57131
KUIPER-00069            
1 64816U 25151A   26218.56284676 -.00006182  00000+0 -78363-3 0  9990
2 64816  51.9040 337.9094 0000658 110.0020 250.1013 14.79880919 58959
KUIPER-00070            
1 64817U 25151B   26218.56957564  .00002106  00000+0  30504-3 0  9999
2 64817  51.9006   2.7842 0000505  94.9081 265.1939 14.79941738 58611
KUIPER-00071            
1 64818U 25151C   26218.57229305 -.00001193  00000+0 -12753-3 0  9999
2 64818  51.9032   0.3146 0000805 121.2097 238.8944 14.79927933 57462
KUIPER-00072            
1 64819U 25151D   26218.56010044  .00000068  00000+0  37889-4 0  9993
2 64819  51.9012 340.3058 0000414 117.6880 242.4124 14.79925116 57748
KUIPER-00073            
1 64820U 25151E   26218.60605607  .00002006  00000+0  29217-3 0  9994
2 64820  51.9010   0.1466 0000558 100.9418 259.1608 14.79917204 58655
KUIPER-00075            
1 64822U 25151G   26218.24257782  .00010098  00000+0  21179-3 0  9992
2 64822  51.8648 211.4294 0004471  76.0065 284.1423 15.46016410 59500
KUIPER-00076            
1 64823U 25151H   26218.61683748  .00001930  00000+0  28216-3 0  9993
2 64823  51.9021 350.1207 0000495 102.0774 258.0244 14.79931776 57618
KUIPER-00077            
1 64824U 25151J   26218.61145943  .00001923  00000+0  28122-3 0  9992
2 64824  51.9024 355.1640 0000562 100.4541 259.6485 14.79924121 57549
KUIPER-00078            
1 64825U 25151K   26218.58038347  .00002051  00000+0  29802-3 0  9997
2 64825  51.9027 352.7767 0000525 108.2586 251.8434 14.79920416 57574
KUIPER-00079            
1 64826U 25151L   26218.60875422  .00004828  00000+0  66239-3 0  9993
2 64826  51.9053 357.6103 0000451  81.9580 278.1434 14.79896689 58703
KUIPER-00080            
1 64827U 25151M   26218.57498079  .00001941  00000+0  28354-3 0  9998
2 64827  51.9014 357.7703 0000538 102.1716 257.9306 14.79931580 57501
KUIPER-00082            
1 64828U 25151N   26218.62222590  .00002204  00000+0  31795-3 0  9994
2 64828  51.9028 345.1181 0000397 101.7162 258.3845 14.79939365 57682
KUIPER-00083            
1 64829U 25151P   26218.61413905  .00002004  00000+0  29182-3 0  9991
2 64829  51.9021 352.6359 0000384 100.4216 259.6790 14.79932495 58768
KUIPER-00084            
1 64830U 25151Q   26218.60336103  .00001336  00000+0  20435-3 0  9995
2 64830  51.9036   2.6692 0000578  97.8862 262.2166 14.79915444 57434
KUIPER-00085            
1 64831U 25151R   26218.58847700  .00001966  00000+0  28678-3 0  9999
2 64831  51.9042 345.3176 0000636 111.8997 248.2034 14.79931824 57671
KUIPER-00086            
1 64832U 25151S   26218.57768554  .00001997  00000+0  29083-3 0  9993
2 64832  51.9026 355.3077 0000568 112.5700 247.5323 14.79936333 57537
KUIPER-00087            
1 64833U 25151T   26218.52902159  .00000323  00000+0  71418-4 0  9992
2 64833  51.9019 337.9829 0000784  92.2559 267.8493 14.79927344 57767
KUIPER-00089            
1 64834U 25151U   26218.59116082  .00001961  00000+0  28616-3 0  9992
2 64834  51.9018 342.7304 0000535 106.6490 253.4532 14.79933217 57713
KUIPER-00090            
1 64835U 25151V   26218.59925909  .00001766  00000+0  26051-3 0  9993
2 64835  51.8998 335.1972 0000517 110.4396 249.6622 14.79941913 57815
KUIPER-00091            
1 64836U 25151W   26218.52632742 -.00001434  00000+0 -15914-3 0  9997
2 64836  51.9025 340.5360 0000480 109.3004 250.8010 14.79928686 57739
KUIPER-00092            
1 64837U 25151X   26218.58576670  .00001973  00000+0  28775-3 0  9996
2 64837  51.9014 347.7632 0000587  90.9901 269.1128 14.79923634 58853
KUIPER-00093            
1 64838U 25151Y   26218.58306829  .00001895  00000+0  27752-3 0  9991
2 64838  51.9017 350.2479 0000570 103.6750 256.4276 14.79932384 57608
KUIPER-00094            
1 64839U 25151Z   26218.49649081  .00001703  00000+0  25238-3 0  9997
2 64839  51.9044 305.7298 0000385  98.4287 261.6720 14.79917124 58229
LEMUR-2-HUBBLE-5        
1 64840U 25135BT  26218.31547127  .00000992  00000+0  97734-4 0  9990
2 64840  97.7752 332.3440 0006125 158.4723 201.6756 14.94272317 61390
LEMUR-2-KARENDARRELL    
1 64841U 25135BU  26218.60082187  .00004069  00000+0  32467-3 0  9993
2 64841  97.7752 334.7664 0013184  37.1051 323.1082 15.00797343 61576
LIDE                    
1 64869U 25154A   26218.13972320  .00002097  00000+0  19860-3 0  9990
2 64869  97.6689 280.8408 0006816  72.5211 287.6755 14.94659273 56460
TRACERS 1               
1 64870U 25154B   26218.75682147  .00000608  00000+0  62860-4 0  9990
2 64870  97.6656 281.1646 0006982  89.9385 270.2635 14.93604366 56548
ATHENA EPIC             
1 64871U 25154C   26218.16044191  .00000868  00000+0  86074-4 0  9998
2 64871  97.6638 280.7793 0008112  81.7248 278.4892 14.94265927 56476
SKYCRAFT-4B             
1 64872U 25154D   26218.60809319  .00003804  00000+0  32545-3 0  9995
2 64872  97.6645 282.3159 0006903  90.0460 270.1553 14.98180242 56590
TRACERS 2               
1 64873U 25154E   26218.75624468  .00000569  00000+0  59160-4 0  9990
2 64873  97.6657 281.1769 0005164 119.4126 240.7610 14.93610832 56541
PEXT (BARD)             
1 64874U 25154F   26218.44878036  .00001837  00000+0  86609-4 0  9996
2 64874  97.3928 282.5148 0004494 103.8446 256.3290 15.20724542 57489
REAL                    
1 64875U 25154G   26218.19789725  .00013214  00000+0  39348-3 0  9994
2 64875  97.3993 286.6306 0001757 122.1766 237.9648 15.34825940 57718
IONOSFERA-M 3           
1 64876U 25155A   26218.57362984  .00000023  00000+0  30248-4 0  9997
2 64876  98.6071 179.2197 0002526  78.6705 281.4757 14.21494131 53561
IONOSFERA-M 4           
1 64877U 25155B   26218.60838382  .00000017  00000+0  27397-4 0  9996
2 64877  98.6069 179.1705 0001885  76.1267 284.0120 14.21496607 53569
INNOSAT 16 (RS92S7)     
1 64878U 25155C   26218.63387896  .00003603  00000+0  14297-3 0  9997
2 64878  97.4607 185.6308 0010773  19.2463 340.9180 15.25969699 88363
GEOSCAN 6 (RS92S6)      
1 64879U 25155D   26218.58616724  .00006488  00000+0  21857-3 0  9991
2 64879  97.4596 187.3775 0007788  16.2248 343.9241 15.31076747 88471
GEOSCAN 1 (RS92S1)      
1 64880U 25155E   26218.56755702  .00006569  00000+0  21669-3 0  9992
2 64880  97.4592 187.5536 0007704  16.8796 343.2700 15.31753273 88488
239ALFEROV (RS61S)      
1 64881U 25155F   26218.59048709  .00008945  00000+0  27178-3 0  9999
2 64881  97.4590 188.3191 0007265  17.6053 342.5440 15.34274196 88534
2025-155G               
1 64882U 25155G   26218.58895156  .00005708  00000+0  19709-3 0  9990
2 64882  97.4621 187.3180 0007392  17.9543 342.1957 15.30332491 88465
2025-155H               
1 64883U 25155H   26218.58887111  .00005769  00000+0  19917-3 0  9991
2 64883  97.4612 187.2881 0007146  12.9361 347.2062 15.30329358 88464
2025-155J               
1 64884U 25155J   26218.58842365  .00005882  00000+0  20308-3 0  9996
2 64884  97.4608 187.2778 0007354   6.7621 353.3717 15.30322824 88462
2025-155K               
1 64885U 25155K   26218.58810125  .00022186  00000+0  50940-3 0  9997
2 64885  97.4543 190.2300 0005455  12.3096 347.8283 15.42703974 88676
2025-155L               
1 64886U 25155L   26218.56749606  .00022242  00000+0  47545-3 0  9991
2 64886  97.4493 190.6203 0005176  15.3396 344.8008 15.44832902 88705
2025-155M               
1 64887U 25155M   26218.73841606  .00017929  00000+0  43785-3 0  9992
2 64887  97.4533 189.9176 0005702  10.5194 349.6170 15.40885800 88668
2025-155N               
1 64888U 25155N   26218.55168810  .00023115  00000+0  49198-3 0  9990
2 64888  97.4499 190.6776 0004901  15.2773 344.8623 15.44953994 88709
2025-155P               
1 64889U 25155P   26218.60532871  .00003284  00000+0  12690-3 0  9991
2 64889  97.4635 186.4144 0007459  15.7408 344.4061 15.26947353 88406
GEOSCAN 2 (RS92S2)      
1 64890U 25155Q   26218.55269453  .00006622  00000+0  21676-3 0  9993
2 64890  97.4592 187.7105 0006522   5.6383 354.4931 15.32006469 88498
GEOSCAN 5 (RS92S5)      
1 64891U 25155R   26218.63464031  .00008571  00000+0  25816-3 0  9997
2 64891  97.4583 188.5198 0006427  25.1299 335.0255 15.34570726 88552
GEOSCAN 4 (RS92S4)      
1 64892U 25155S   26218.54816114  .00009105  00000+0  27252-3 0  9991
2 64892  97.4589 188.4967 0006305  26.2240 333.9321 15.34750072 88549
GEOSCAN 3 (RS92S3)      
1 64893U 25155T   26218.73902801  .00011376  00000+0  31557-3 0  9998
2 64893  97.4574 189.2769 0006228  27.8325 332.3251 15.37074676 88613
INNOSAT 3 (RS92S0)      
1 64894U 25155U   26218.55106989  .00026212  00000+0  51012-3 0  9995
2 64894  97.4513 191.3980 0005153  45.7188 314.4484 15.47546287 88744
2025-155V               
1 64895U 25155V   26218.71934380  .00005667  00000+0  19566-3 0  9997
2 64895  97.4616 187.4291 0007278  17.0973 343.0512 15.30339632 88470
SKYCRAFT-4C             
1 64896U 25154H   26218.60251806  .00001754  00000+0  16350-3 0  9991
2 64896  97.6660 281.6383 0007025  92.6145 267.5880 14.95481384206686
SKYCRAFT-4A             
1 64897U 25154J   26218.43189137  .00002578  00000+0  22735-3 0  9999
2 64897  97.6667 281.9096 0006418  97.8131 262.3819 14.97276374 54909
SKYKRAFT-4D             
1 64898U 25154K   26218.59266591  .00003958  00000+0  35108-3 0  9998
2 64898  97.6644 281.7399 0006242  92.3373 267.8563 14.96746793 54836
MICROCARB               
1 64899U 25156A   26218.22158792  .00000329  00000+0  58985-4 0  9992
2 64899  98.0057 294.6120 0018760 104.0552 256.2743 14.72907328 55338
CO3D 3                  
1 64900U 25156B   26218.54206595  .00001474  00000+0  71232-4 0  9997
2 64900  97.4338 296.5108 0001239  70.1272 290.0096 15.20195781 57186
CO3D 4                  
1 64901U 25156C   26218.54222572  .00002767  00000+0  13092-3 0  9996
2 64901  97.4334 296.5113 0002490 110.6009 249.5493 15.20194465 57185
CO3D 2                  
1 64902U 25156D   26218.57469698  .00002557  00000+0  12119-3 0  9998
2 64902  97.4337 296.4421 0000921  93.4366 266.6974 15.20199172 57185
CO3D 1                  
1 64903U 25156E   26218.11408349  .00002691  00000+0  12745-3 0  9999
2 64903  97.4330 295.9884 0001265  87.6129 272.5251 15.20190871 57114
HULIANWANG DIGUI-35     
1 64956U 25159A   26218.56649476  .00000016  00000+0  38136-5 0  9990
2 64956  86.4913 265.4094 0002965  21.1861 338.9395 13.24414397 49791
HULIANWANG DIGUI-36     
1 64957U 25159B   26218.56266580  .00000026  00000+0  27240-4 0  9996
2 64957  86.4932 265.4807 0001866 106.1256 254.0083 13.24409851 49797
HULIANWANG DIGUI-37     
1 64958U 25159C   26218.63063052  .00000033  00000+0  41787-4 0  9994
2 64958  86.4873 265.2325 0001822 100.1689 259.9650 13.24410564 49800
HULIANWANG DIGUI-38     
1 64959U 25159D   26218.54756905  .00000040  00000+0  59777-4 0  9997
2 64959  86.4932 265.4736 0001873  99.0643 261.0703 13.24410222 49799
HULIANWANG DIGUI-39     
1 64960U 25159E   26218.61555155  .00000039  00000+0  56455-4 0  9999
2 64960  86.4907 265.3544 0001936 101.8053 258.3298 13.24410106 49807
ENSHI XIDA SHANQUAN     
1 64962U 25160A   26218.61690333  .00022635  00000+0  47361-3 0  9992
2 64962  97.3590 297.0819 0005715  40.0085 320.1584 15.45455106 57194
HULIANWANG DIGUI-40     
1 65043U 25162A   26218.61150073 -.00000126  00000+0 -38001-5 0  9993
2 65043  49.9989  85.0741 0000485 109.4769 250.6155 13.29325669 50056
HULIANWANG DIGUI-41     
1 65044U 25162B   26218.60317156 -.00000110  00000+0  29978-4 0  9994
2 65044  50.0004  85.0609 0000413  88.6477 271.4443 13.29328220 50064
HULIANWANG DIGUI-42     
1 65045U 25162C   26218.59478528 -.00000101  00000+0  49429-4 0  9997
2 65045  49.9969  84.9153 0000407  84.1222 275.9697 13.29324611 50066
HULIANWANG DIGUI-43     
1 65046U 25162D   26218.58644685 -.00000101  00000+0  48953-4 0  9997
2 65046  49.9986  84.9236 0000387  77.9711 282.1205 13.29327583 50064
HULIANWANG DIGUI-44     
1 65047U 25162E   26218.72847632 -.00000111  00000+0  28801-4 0  9992
2 65047  50.0013  84.4197 0001462  51.4465 308.6538 13.29319968 50092
HULIANWANG DIGUI-45     
1 65048U 25162F   26218.64492433 -.00000114  00000+0  22476-4 0  9994
2 65048  50.0043  84.7343 0000388  87.3866 272.7051 13.29328681 50072
HULIANWANG DIGUI-46     
1 65049U 25162G   26218.71177838 -.00000112  00000+0  26829-4 0  9996
2 65049  50.0061  84.4745 0000372  91.6674 268.4241 13.29328487 50082
HULIANWANG DIGUI-47     
1 65050U 25162H   26218.62825046 -.00000122  00000+0  37925-5 0  9990
2 65050  50.0026  84.5975 0000330  85.3614 274.7296 13.29327935 50075
HULIANWANG DIGUI-48     
1 65051U 25162J   26218.61988225 -.00000110  00000+0  30138-4 0  9994
2 65051  50.0036  84.5828 0000379  86.7279 273.3637 13.29328591 50072
NISAR                   
1 65053U 25163A   26218.59274042  .00000080  00000+0  37231-4 0  9995
2 65053  98.4055  45.5230 0001216  90.2261 269.9068 14.42503478 53658
PRSC-S1                 
1 65055U 25164A   26218.57765353  .00002803  00000+0  19648-3 0  9992
2 65055  41.1318   3.9350 0007308 327.7575  32.2791 15.06821715 56039
HULIANWANG DIGUI-49     
1 65106U 25168A   26218.53178432 -.00000096  00000+0  60520-4 0  9994
2 65106  50.0023 145.4005 0007985 257.7460 102.2518 13.29323392 49389
HULIANWANG DIGUI-50     
1 65107U 25168B   26218.74891532 -.00000084  00000+0  85287-4 0  9995
2 65107  49.9994 144.4567 0008576 243.7015 116.2977 13.29323207 49417
HULIANWANG DIGUI-51     
1 65108U 25168C   26218.51461965 -.00000096  00000+0  60553-4 0  9996
2 65108  50.0031 145.3318 0009909 242.0967 117.8902 13.29326432 49380
HULIANWANG DIGUI-52     
1 65109U 25168D   26218.58173845 -.00000098  00000+0  56438-4 0  9990
2 65109  50.0024 144.9954 0010120 255.2597 104.7154 13.29324236 49391
HULIANWANG DIGUI-53     
1 65110U 25168E   26218.57315314 -.00000089  00000+0  75329-4 0  9990
2 65110  50.0032 144.9815 0008618 245.9550 114.0421 13.29327693 49393
HULIANWANG DIGUI-54     
1 65111U 25168F   26218.54827880 -.00000093  00000+0  65730-4 0  9994
2 65111  49.9983 144.7046 0010431 250.3485 109.6262 13.29327809 49395
HULIANWANG DIGUI-55     
1 65112U 25168G   26218.56494531 -.00000099  00000+0  53435-4 0  9995
2 65112  49.9988 144.8054 0011501 246.2827 113.6839 13.29324033 49395
HULIANWANG DIGUI-56     
1 65113U 25168H   26218.55667538 -.00000098  00000+0  56523-4 0  9994
2 65113  49.9980 144.7374 0011664 266.7245  93.2293 13.29323452 49394
HULIANWANG DIGUI-57     
1 65114U 25168J   26218.53996215 -.00000091  00000+0  71639-4 0  9998
2 65114  50.0008 144.7383 0009274 258.6944 101.2886 13.29327784 49401
QPS-SAR-12 (KUSHINADA-I)
1 65116U 25169A   26218.01019893  .00002656  00000+0  21744-3 0  9991
2 65116  42.0110 101.5292 0007818 191.5873 168.4774 15.01239645 54908
GEESAT-4 01             
1 65119U 25170A   26218.59749044  .00000974  00000+0  14242-3 0  9993
2 65119  49.9893 300.6505 0010699 243.9418 116.0420 14.84152030 53922
GEESAT-4 02             
1 65120U 25170B   26218.58616809  .00000898  00000+0  13332-3 0  9990
2 65120  49.9868 300.4946 0009849 280.9704  79.0126 14.84186966 53945
GEESAT-4 03             
1 65121U 25170C   26218.55184200  .00000977  00000+0  14269-3 0  9991
2 65121  49.9937 300.5112 0020608 254.3738 105.4926 14.84159556 53911
GEESAT-4 04             
1 65122U 25170D   26218.56798636  .00000749  00000+0  12051-3 0  9991
2 65122  49.9694 254.6561 0029473 147.1738 213.1038 14.82291344 54526
GEESAT-4 05             
1 65123U 25170E   26218.60154426  .00000733  00000+0  11863-3 0  9993
2 65123  49.9941 255.4527 0007637 157.6266 202.5007 14.82290510 54525
GEESAT-4 06             
1 65124U 25170F   26218.57463408  .00000978  00000+0  14266-3 0  9994
2 65124  49.9852 300.3644 0019053 234.5242 125.3918 14.84182804 53914
GEESAT-4 07             
1 65125U 25170G   26218.56299490  .00000979  00000+0  14276-3 0  9994
2 65125  49.9932 300.5755 0018400 247.3007 112.5986 14.84200395 53914
GEESAT-4 08             
1 65126U 25170H   26218.55077013  .00000752  00000+0  12101-3 0  9993
2 65126  49.9650 254.3373 0020678 176.6836 183.4242 14.82277366 54528
GEESAT-4 09             
1 65127U 25170J   26218.74076204  .00000931  00000+0  14546-3 0  9990
2 65127  49.9933 330.4487 0022333 224.2376 135.6777 14.81539705 53498
GEESAT-4 10             
1 65128U 25170K   26218.58553088  .00000726  00000+0  11782-3 0  9994
2 65128  49.9771 254.2391 0024417 124.7383 235.5858 14.82314744 54534
GEESAT-4 11             
1 65129U 25170L   26218.60815051  .00000929  00000+0  13698-3 0  9992
2 65129  49.9850 299.8691 0007328 282.7292  77.2827 14.84157159 53923
KUIPER-00081            
1 65132U 25171A   26218.16545206 -.00000196  00000+0  32922-5 0  9990
2 65132  51.8989 207.0922 0000688  61.7758 298.3274 14.79923826 55171
KUIPER-00088            
1 65133U 25171B   26218.28167358  .00001277  00000+0  19653-3 0  9996
2 65133  51.8980 224.0796 0000476  54.1895 305.9111 14.79930637 54941
KUIPER-00095            
1 65134U 25171C   26218.16817148  .00001503  00000+0  22623-3 0  9996
2 65134  51.8963 204.6240 0000566  52.8648 307.2366 14.79923250 55202
KUIPER-00096            
1 65135U 25171D   26218.25597719 -.00001412  00000+0 -15623-3 0  9999
2 65135  51.8979 216.6856 0000357 102.5820 257.5182 14.79939041 55049
KUIPER-00097            
1 65136U 25171E   26218.25330499  .00001161  00000+0  18133-3 0  9998
2 65136  51.9004 219.3621 0000449  44.1212 315.9786 14.79930232 54993
KUIPER-00098            
1 65137U 25171F   26218.31810828  .00001504  00000+0  22629-3 0  9991
2 65137  51.8996 221.4378 0000500  46.7793 313.3211 14.79935984 54327
KUIPER-00099            
1 65138U 25171G   26218.29515389  .00001515  00000+0  22761-3 0  9992
2 65138  51.8999 211.5476 0000546  62.9486 297.1532 14.79941524 55119
KUIPER-00100            
1 65139U 25171H   26218.19652463  .00001646  00000+0  24492-3 0  9995
2 65139  51.8996 209.4506 0000497  57.9264 302.1746 14.79932543 55137
KUIPER-00102            
1 65140U 25171J   26218.19385880  .00001397  00000+0  21228-3 0  9990
2 65140  51.8963 211.9447 0000607  53.4932 306.6087 14.79923349 55097
KUIPER-00103            
1 65141U 25171K   26218.47882965  .00001509  00000+0  22684-3 0  9990
2 65141  51.8983 228.1850 0000438  54.2119 305.8884 14.79933069 54899
KUIPER-00104            
1 65142U 25171L   26218.28973670  .00001114  00000+0  17507-3 0  9994
2 65142  51.9000 216.5270 0000481  50.7791 309.3214 14.79930026 55047
KUIPER-00105            
1 65143U 25171M   26218.31531168 -.00005611  00000+0 -70793-3 0  9995
2 65143  51.8996 224.0112 0000881  33.3141 326.7876 14.79913689 54941
KUIPER-00106            
1 65144U 25171N   26218.22861722  .00001451  00000+0  21937-3 0  9990
2 65144  51.8998 203.1592 0000557  52.9172 307.1842 14.79916520 55231
KUIPER-00107            
1 65145U 25171P   26218.26677546  .00001704  00000+0  25249-3 0  9995
2 65145  51.8987 206.6678 0000559  52.2762 307.8251 14.79925172 55181
KUIPER-00108            
1 65146U 25171Q   26218.21951345  .00001244  00000+0  19218-3 0  9991
2 65146  51.9007 219.4180 0000485  46.3858 313.7145 14.79940022 55004
KUIPER-00109            
1 65147U 25171R   26218.19112615 -.00001952  00000+0 -22719-3 0  9996
2 65147  51.9013 214.4848 0000888  71.7182 288.3877 14.79928148 55067
KUIPER-00110            
1 65148U 25171S   26218.27896772  .00001254  00000+0  19351-3 0  9990
2 65148  51.8985 226.6514 0000460  46.6357 313.4644 14.79928652 54893
KUIPER-00111            
1 65149U 25171T   26218.30734192  .00001548  00000+0  23200-3 0  9996
2 65149  51.8969 231.3983 0000435  56.8389 303.2615 14.79926164 54834
KUIPER-00112            
1 65150U 25171U   26218.29243168  .00001491  00000+0  22454-3 0  9991
2 65150  51.8994 214.0841 0000487  47.1220 312.9783 14.79933946 55075
KUIPER-00114            
1 65151U 25171V   26218.23707667  .00001249  00000+0  19279-3 0  9997
2 65151  51.8982 234.2959 0000607  43.7560 316.3451 14.79932700 54784
KUIPER-00115            
1 65152U 25171W   26218.31270533 -.00000293  00000+0 -94415-5 0  9991
2 65152  51.9013 226.4645 0000165  11.4428 348.6539 14.79946403 54904
KUIPER-00116            
1 65153U 25171X   26218.34108932  .00001539  00000+0  23085-3 0  9993
2 65153  51.8998 231.3731 0000511  82.4020 277.7000 14.79922200 54834
KUIPER-00118            
1 65154U 25171Y   26218.33837756 -.00000272  00000+0 -66758-5 0  9997
2 65154  51.8978 233.8342 0000398  80.0700 280.0308 14.79931743 54807
KUIPER-00119            
1 65155U 25171Z   26218.28431672  .00003501  00000+0  48778-3 0  9995
2 65155  51.9003 221.6710 0000607 342.2261  17.8680 14.79952103 54969
METOP-SGA1              
1 65159U 25172A   26218.57000668  .00000003  00000+0  21017-4 0  9991
2 65159  98.6607 277.2898 0001335  83.4918 276.6412 14.21505638 50943
HULIANWANG DIGUI-58     
1 65164U 25174A   26218.58170228 -.00000071  00000+0 -19867-3 0  9996
2 65164  86.4934 234.9938 0001952  99.2834 260.8521 13.24407492 47469
HULIANWANG DIGUI-59     
1 65165U 25174B   26218.58929337 -.00000071  00000+0 -20072-3 0  9990
2 65165  86.4895 234.8627 0001984  96.3651 263.7710 13.24407520 47464
HULIANWANG DIGUI-60     
1 65166U 25174C   26218.74793640 -.00000069  00000+0 -19555-3 0  9996
2 65166  86.4927 234.9258 0002020  99.5957 260.5405 13.24406954 47486
HULIANWANG DIGUI-61     
1 65167U 25174D   26218.60440270 -.00000065  00000+0 -18591-3 0  9995
2 65167  86.4935 235.0095 0001885 103.2215 256.9130 13.24407630 47469
HULIANWANG DIGUI-62     
1 65168U 25174E   26218.53626432 -.00000062  00000+0 -17815-3 0  9999
2 65168  86.4877 234.8350 0002031 102.9965 257.1396 13.24409218 47458
HULIANWANG DIGUI-63     
1 65169U 25174F   26218.54384083 -.00000065  00000+0 -18636-3 0  9999
2 65169  86.4930 235.0201 0001969 105.3894 254.7458 13.24403589 47451
HULIANWANG DIGUI-64     
1 65170U 25174G   26218.62703865 -.00000065  00000+0 -18497-3 0  9998
2 65170  86.4888 234.8562 0002047 101.1411 258.9953 13.24407498 47469
HULIANWANG DIGUI-65     
1 65171U 25174H   26218.56654816 -.00000078  00000+0 -21606-3 0  9993
2 65171  86.4852 234.7618 0001872 101.4139 258.7205 13.24407433 47453
HULIANWANG DIGUI-66     
1 65172U 25174J   26218.55904226 -.00000072  00000+0 -20242-3 0  9995
2 65172  86.4887 234.8828 0002013  99.6902 260.4460 13.24407099 47451
HULIANWANG DIGUI-67     
1 65173U 25174K   26218.57409333 -.00000075  00000+0 -20850-3 0  9995
2 65173  86.4899 234.9285 0001954  99.0703 261.0652 13.24408637 47425
SHIYAN-28B 02           
1 65226U 25177A   26218.55669738  .00000528  00000+0  37130-4 0  9993
2 65226  11.0006 325.4896 0003690 226.9485 133.0434 14.29411926 50756
SKYKRAFT-4E             
1 65227U 25154L   26218.61269350  .00003101  00000+0  26382-3 0  9998
2 65227  97.6671 282.5274 0006938  92.0779 268.1238 14.98528388 54881
HULIANWANG DIGUI-68     
1 65228U 25178A   26218.59660230  .00000023  00000+0  18667-4 0  9992
2 65228  86.5018 356.5098 0001792  91.1468 268.9872 13.24411639 46980
HULIANWANG DIGUI-69     
1 65229U 25178B   26218.58913474  .00000035  00000+0  47260-4 0  9997
2 65229  86.5038 356.5771 0001759  93.7989 266.3346 13.24413239 46986
HULIANWANG DIGUI-70     
1 65230U 25178C   26218.58158827  .00000044  00000+0  67433-4 0  9996
2 65230  86.4976 356.3574 0001751  90.1692 269.9643 13.24412125 46983
HULIANWANG DIGUI-71     
1 65231U 25178D   26218.57405502  .00000059  00000+0  10406-3 0  9994
2 65231  86.5035 356.5613 0001760  90.9210 269.2126 13.24411904 46984
HULIANWANG DIGUI-72     
1 65232U 25178E   26218.56650970  .00000066  00000+0  11923-3 0  9998
2 65232  86.5018 356.4968 0001770  90.9998 269.1339 13.24411331 46981
2025-180A               
1 65259U 25180A   26218.11476595  .00011125  00000+0  45686-3 0  9991
2 65259  97.5249 347.0889 0013292 137.8093 222.4170 15.24298286 53397
2025-180B               
1 65260U 25180B   26208.60438646  .00003789  00000+0  20202-3 0  9995
2 65260  97.5316 335.4741 0014561 177.1823 182.9494 15.15701901 51783
2025-180C               
1 65261U 25180C   26218.63872666  .00003279  00000+0  17503-3 0  9998
2 65261  97.5295 345.3096 0014849 142.2150 218.0128 15.15756377 53300
2025-180D               
1 65262U 25180D   26218.57260424  .00003137  00000+0  16743-3 0  9993
2 65262  97.5315 345.3252 0015055 141.2501 218.9814 15.15789211 53299
2025-180E               
1 65263U 25180E   26218.61922771  .00001847  00000+0  98661-4 0  9995
2 65263  97.4779 344.9507 0001622  89.3310 270.8108 15.16349121 53360
COSMOS 2591             
1 65267U 25182A   26218.56890953  .00052615  29051-5  12772-3 0  9991
2 65267  96.5805 148.6839 0001982  37.1604 322.9811 15.96457123 55730
COSMOS 2592             
1 65268U 25182B   26218.52189245  .00052905  29142-5  12868-3 0  9992
2 65268  96.5777 148.5699 0002126  69.2645 290.8861 15.96417357 55726
COSMOS 2593             
1 65269U 25182C   26218.22416411  .00011726  19019-5  29706-4 0  9996
2 65269  96.5803 148.2686 0002365  57.0636 303.0869 15.96359159 55674
COSMOS 2594             
1 65270U 25182D   26218.11444728  .00021953  20389-5  54297-4 0  9996
2 65270  96.5855 148.1546 0000420 351.2741   8.8530 15.96396554 55678
DRESDEN                 
1 65297U 25185A   26218.18083057  .00004614  00000+0  61240-3 0  9991
2 65297  97.9625 301.0690 0009995 268.6612  91.3455 14.80261387 51228
FOURIER                 
1 65298U 25185B   26218.17998507  .00005115  00000+0  67806-3 0  9997
2 65298  97.9651 301.1394 0010487 264.6989  95.3026 14.80261291 51234
STARK                   
1 65299U 25185C   26218.49222241  .00001282  00000+0  16654-3 0  9994
2 65299  97.9645 301.8205 0008588 262.3410  97.6828 14.82425433 51304
BASIL                   
1 65301U 25185E   26218.17909459  .00004308  00000+0  57233-3 0  9996
2 65301  97.9659 301.1503 0010487 262.1666  97.8355 14.80259630 51230
DOJO                    
1 65302U 25185F   26218.51626379  .00005160  00000+0  68392-3 0  9997
2 65302  97.9645 301.4775 0010902 260.1586  99.8395 14.80264223 51286
HULIANWANG DIGUI-73     
1 65305U 25187A   26218.58281304 -.00000116  00000+0  17344-4 0  9993
2 65305  50.0064  25.1390 0000175 166.0572 194.0305 13.29324326 46407
HULIANWANG DIGUI-74     
1 65306U 25187B   26218.56623450 -.00000140  00000+0 -34649-4 0  9999
2 65306  50.0106  25.1676 0000161 172.6011 187.4864 13.29322301 46405
HULIANWANG DIGUI-75     
1 65307U 25187C   26218.62470332 -.00000131  00000+0 -14852-4 0  9990
2 65307  50.0098  24.7902 0000171 163.0049 197.0829 13.29323521 46413
HULIANWANG DIGUI-76     
1 65308U 25187D   26218.60804088 -.00000134  00000+0 -21676-4 0  9993
2 65308  50.0032  25.1559 0000262 166.0858 194.0021 13.29324622 46400
HULIANWANG DIGUI-77     
1 65309U 25187E   26218.59958921 -.00000117  00000+0  15391-4 0  9995
2 65309  50.0057  25.2052 0000323 203.2015 156.8842 13.29324457 46407
HULIANWANG DIGUI-78     
1 65310U 25187F   26218.55795942 -.00000129  00000+0 -10274-4 0  9994
2 65310  50.0123  25.1691 0000190 167.9235 192.1642 13.29323488 46407
HULIANWANG DIGUI-79     
1 65311U 25187G   26218.54121845 -.00000127  00000+0 -54630-5 0  9992
2 65311  50.0052  25.5485 0000148 159.4834 200.6045 13.29320314 46393
HULIANWANG DIGUI-80     
1 65312U 25187H   26218.74162558 -.00000120  00000+0  76473-5 0  9992
2 65312  50.0042  24.5842 0000311 205.4149 154.6708 13.29323612 46424
HULIANWANG DIGUI-81     
1 65313U 25187J   26218.57469452 -.00000122  00000+0  53127-5 0  9990
2 65313  50.0083  25.1468 0000158 169.7489 190.3386 13.29320500 46410
PELICAN-3               
1 65315U 25188A   26218.11104738  .00004931  00000+0  12128-3 0  9991
2 65315  97.1965 293.5292 0002265 112.5125 247.6362 15.41081474 53006
PELICAN-4               
1 65316U 25188B   26218.20653722  .00000099  00000+0  44109-5 0  9991
2 65316  97.1965 293.7497 0000723  43.4188 316.7116 15.40520778 53014
NAOS                    
1 65317U 25188C   26218.53298301  .00005466  00000+0  14543-3 0  9996
2 65317  97.2003 292.9592 0000265 235.7665 124.3556 15.38625072 53003
CAPELLA-16 (ACADIA-6)   
1 65318U 25188D   26218.18684103  .00002622  00000+0  24940-3 0  9990
2 65318  97.7358 292.5943 0005513  80.7463 279.4381 14.94291344 51382
FFLY03                  
1 65319U 25188E   26218.66885971  .00000477  00000+0  51503-4 0  9992
2 65319  97.7298 292.9062 0006505 302.9640  57.0953 14.92795147 51440
FFLY01                  
1 65320U 25188F   26218.58086266  .00000611  00000+0  64559-4 0  9990
2 65320  97.7353 292.9604 0009890  16.9612 343.1936 14.92761303 51422
LEAP-1                  
1 65321U 25188G   26218.63614900  .00001545  00000+0  15896-3 0  9995
2 65321  97.7340 292.0799 0004152  59.3014 300.8614 14.91738959 51375
FFLY02                  
1 65322U 25188H   26218.56035311  .00000954  00000+0  97632-4 0  9993
2 65322  97.7341 292.9342 0011519 322.9930  37.0494 14.92774404 51428
LEMUR-2-LUCILLE-ROSE    
1 65403U 25135BV  26218.57458788  .00003679  00000+0  29390-3 0  9995
2 65403  97.7672 334.7617 0016021 123.4396 236.8362 15.00778638 56193
2025-197A               
1 65488U 25197A   26218.47180676  .00001827  00000+0  11367-3 0  9991
2 65488  97.4156  39.0430 0012627 209.5106 150.5413 15.10774683 50607
2025-197B               
1 65489U 25197B   26218.51466159  .00002561  00000+0  12249-3 0  9996
2 65489  97.4114  43.8854 0013473 183.9354 176.1777 15.19820243 50920
2025-197C               
1 65490U 25197C   26218.50401660  .00002600  00000+0  10721-3 0  9990
2 65490  97.4118  44.9674 0014060 186.6778 173.4275 15.24883721 50986
YAOGAN-40 03A           
1 65544U 25199A   26218.51388223  .00000215  00000+0  81339-4 0  9996
2 65544  85.9892  18.0095 0011587 268.1510  91.8354 14.26510419 47593
YAOGAN-40 03B           
1 65545U 25199B   26218.55059648  .00000089  00000+0  38254-4 0  9994
2 65545  85.9910  21.4790 0001853  80.9023 279.2370 14.12458112 47146
YAOGAN-40 03C           
1 65546U 25199C   26218.55074968  .00000110  00000+0  49403-4 0  9990
2 65546  85.9909  21.4767 0001859  82.9339 277.2055 14.12457947 47140
GEESAT-5 01             
1 65550U 25201A   26218.55836018  .00001081  00000+0  15439-3 0  9990
2 65550  49.9916 165.9484 0003217 247.6181 112.4417 14.84291468 49280
GEESAT-5 02             
1 65551U 25201B   26218.14680617  .00001127  00000+0  15986-3 0  9996
2 65551  49.9858 167.6242 0007682 158.8082 201.3176 14.84301472 49210
GEESAT-5 03             
1 65552U 25201C   26218.54335898  .00001139  00000+0  16140-3 0  9995
2 65552  49.9865 165.7265 0010446  93.6605 266.5528 14.84292518 49272
GEESAT-5 04             
1 65553U 25201D   26218.12683823  .00000897  00000+0  13272-3 0  9997
2 65553  49.9850 168.2042 0007898 101.0981 259.0846 14.84335341 49201
GEESAT-5 05             
1 65554U 25201E   26218.13190474  .00001202  00000+0  16871-3 0  9993
2 65554  49.9811 167.3877 0010619 110.5632 249.6447 14.84309877 49216
GEESAT-5 06             
1 65555U 25201F   26218.39366465  .00001099  00000+0  15660-3 0  9996
2 65555  49.9906 166.3925 0013398 156.2156 203.9404 14.84312827 49248
GEESAT-5 07             
1 65556U 25201G   26218.11692387  .00001142  00000+0  16169-3 0  9996
2 65556  49.9879 167.4940 0012680 145.0468 215.1305 14.84299708 49216
GEESAT-5 08             
1 65557U 25201H   26218.54738954  .00000854  00000+0  14733-3 0  9999
2 65557  49.9768 164.0426 0014584  63.6703 296.5728 14.77873769 49307
GEESAT-5 09             
1 65558U 25201J   26218.04162555  .00001203  00000+0  16881-3 0  9998
2 65558  49.9801 167.5264 0008309  97.9712 262.2169 14.84331867 49206
GEESAT-5 10             
1 65559U 25201K   26218.57296596  .00001104  00000+0  15719-3 0  9999
2 65559  49.9824 165.0235 0007211 118.3798 241.7868 14.84313925 49287
GEESAT-5 11             
1 65560U 25201L   26218.56592324  .00001064  00000+0  15246-3 0  9998
2 65560  49.9874 165.1370 0008135 177.1430 182.9556 14.84292080 49308
PRAETORIAN SDA_602      
1 65565U 25203A   26218.55889749  .00000036  00000+0  21345-4 0  9990
2 65565  81.3060 324.1401 0006972  66.3582 293.8306 13.83890660 45662
PRAETORIAN SDA_603      
1 65566U 25203B   26218.44141137  .00000119  00000+0  96660-4 0  9995
2 65566  81.3065 324.1694 0010558  60.7833 299.4378 13.83963498 45654
PRAETORIAN SDA_604      
1 65567U 25203C   26218.56595697  .00000032  00000+0  17928-4 0  9997
2 65567  81.3082 324.5456 0006561  70.8784 289.3082 13.83053526 45641
PRAETORIAN SDA_605      
1 65568U 25203D   26218.59555930  .00000046  00000+0  31094-4 0  9992
2 65568  81.3048 324.1454 0009112  59.6958 300.5098 13.83202679 45661
PRAETORIAN SDA_606      
1 65569U 25203E   26218.43607695  .00000028  00000+0  14320-4 0  9995
2 65569  81.3084 324.5395 0007038  65.0237 295.1650 13.83201525 45635
PRAETORIAN SDA_607      
1 65570U 25203F   26218.41745971  .00000122  00000+0  99546-4 0  9993
2 65570  81.3066 324.1532 0009737  61.5817 298.6320 13.83760425 45652
PRAETORIAN SDA_608      
1 65571U 25203G   26218.61591179  .00000040  00000+0  25328-4 0  9991
2 65571  81.3037 324.1243 0007015  68.8695 291.3211 13.83821895 45660
PRAETORIAN SDA_609      
1 65572U 25203H   26218.75111456  .00000090  00000+0  70290-4 0  9996
2 65572  81.3078 323.9736 0007782  62.4694 297.7252 13.84213659 45692
PRAETORIAN SDA_610      
1 65573U 25203J   26218.38556712  .00000060  00000+0  43762-4 0  9995
2 65573  81.3039 324.3110 0007734  68.0506 292.1471 13.83531371 45631
PRAETORIAN SDA_611      
1 65574U 25203K   26218.61496957  .00000136  00000+0  11327-3 0  9991
2 65574  81.3032 324.2887 0006673  73.0579 287.1308 13.83311700 45659
PRAETORIAN SDA_612      
1 65575U 25203L   26218.61387125  .00000114  00000+0  90574-4 0  9996
2 65575  81.3059 323.7520 0010096  60.6452 299.5712 13.85043155 45691
PRAETORIAN SDA_613      
1 65576U 25203M   26218.56914602  .00000033  00000+0  19817-4 0  9998
2 65576  81.3029 324.3668 0006618  64.2646 295.9192 13.82770172 45649
PRAETORIAN SDA_614      
1 65577U 25203N   26218.61258775  .00000051  00000+0  35083-4 0  9990
2 65577  81.3043 323.8435 0008012  60.4230 299.7725 13.84781011 45694
PRAETORIAN SDA_615      
1 65578U 25203P   26218.52960704  .00000169  00000+0  14043-3 0  9995
2 65578  81.3053 323.9162 0009907  59.5634 300.6500 13.84439578 45674
PRAETORIAN SDA_616      
1 65579U 25203Q   26218.61567049  .00000193  00000+0  16489-3 0  9994
2 65579  81.3093 324.4669 0006570  71.3579 288.8290 13.83272315 45654
PRAETORIAN SDA_617      
1 65580U 25203R   26218.42455687  .00000035  00000+0  21365-4 0  9994
2 65580  81.3066 324.4698 0008287  61.0366 299.1620 13.83154405 45634
PRAETORIAN SDA_618      
1 65581U 25203S   26218.57266611  .00000157  00000+0  13006-3 0  9995
2 65581  81.3051 323.8152 0010696  62.2116 298.0124 13.84227036 45684
PRAETORIAN SDA_619      
1 65582U 25203T   26218.55454969  .00000038  00000+0  23442-4 0  9993
2 65582  81.3069 324.1796 0009152  61.5826 298.6252 13.83808630 46297
PRAETORIAN SDA_620      
1 65583U 25203U   26218.59930997  .00000132  00000+0  10987-3 0  9992
2 65583  81.3059 324.1888 0008340  58.6657 301.5314 13.83209847 45664
PRAETORIAN SDA_621      
1 65584U 25203V   26218.41180145  .00000082  00000+0  63212-4 0  9990
2 65584  81.3050 324.2391 0008201  56.2761 303.9176 13.83807312 45643
PRAETORIAN SDA_601      
1 65585U 25203W   26218.40543556  .00000330  00000+0  29067-3 0  9994
2 65585  81.3064 324.5991 0006693  75.4260 284.7638 13.83173193 45628
HJS-7A                  
1 65617U 25209A   26218.58745350 -.00000068  00000+0  10785-3 0  9997
2 65617  49.9976 174.6418 0000968 298.0657  62.0123 13.41467982 44436
HJS-7B                  
1 65618U 25209B   26218.13727090 -.00000077  00000+0  92042-4 0  9997
2 65618  49.9979 176.2695 0002152 285.6846  74.3794 13.41469224 44345
HJS-7C                  
1 65619U 25209C   26218.13457987 -.00000055  00000+0  13038-3 0  9996
2 65619  49.9981 175.6134 0002829 290.6630  69.3944 13.41469907 44347
HJS-7D                  
1 65620U 25209D   26218.13028348 -.00000059  00000+0  12415-3 0  9995
2 65620  49.9988 175.5721 0003895 195.9127 164.1628 13.41478859 44348
SHIKONGXING 01          
1 65712U 25214A   26217.99340131  .00001363  00000+0  15303-3 0  9990
2 65712  49.9857  59.7644 0013230  84.1502 276.0948 14.93027759 47148
GEESAT-6 01             
1 65713U 25214B   26217.90789336  .00000895  00000+0  13512-3 0  9995
2 65713  49.9864  78.2103 0012081  58.8102 301.4019 14.83470518 46886
GEESAT-6 02             
1 65714U 25214C   26218.30745651 -.00000991  00000+0 -91684-4 0  9999
2 65714  49.9856  76.2548 0010054  47.3349 312.8434 14.83502148 46942
GEESAT-6 03             
1 65715U 25214D   26218.60637104  .00001009  00000+0  14862-3 0  9997
2 65715  49.9823  74.3996 0013250  56.4926 303.7276 14.83538520 46997
GEESAT-6 04             
1 65716U 25214E   26217.87315521  .00001076  00000+0  15675-3 0  9999
2 65716  49.9854  77.9784 0009486  56.0207 304.1631 14.83494711 46881
GEESAT-6 05             
1 65717U 25214F   26218.63680183  .00000877  00000+0  13286-3 0  9998
2 65717  49.9799  74.5235 0012776  46.1399 314.0593 14.83515442 46996
GEESAT-6 06             
1 65718U 25214G   26217.87936276  .00000942  00000+0  14134-3 0  9997
2 65718  49.9908  75.9639 0010140  68.5123 291.6896 14.83270822 46916
GEESAT-6 07             
1 65719U 25214H   26217.99296429  .00001078  00000+0  15695-3 0  9994
2 65719  49.9803  77.1052 0009941  65.3873 294.8099 14.83501643 46916
GEESAT-6 08             
1 65720U 25214J   26218.62194884  .00000864  00000+0  13125-3 0  9997
2 65720  49.9913  74.7474 0009727  48.3740 311.8030 14.83502625 46991
GEESAT-6 09             
1 65721U 25214K   26218.42687770  .00000888  00000+0  13408-3 0  9997
2 65721  49.9847  75.5295 0008582  43.1451 317.0159 14.83515923 46960
GEESAT-6 10             
1 65722U 25214L   26218.31477159  .00000904  00000+0  13613-3 0  9991
2 65722  49.9901  76.4531 0011776  66.6651 293.5525 14.83515518 46949
GEESAT-6 11             
1 65723U 25214M   26218.59174706  .00001002  00000+0  14779-3 0  9998
2 65723  49.9836  74.3445 0010123  57.0972 303.0938 14.83506353 46990
KUIPER-00120            
1 65762U 25217A   26217.98092404 -.00001202  00000+0 -12866-3 0  9999
2 65762  51.8986 112.8868 0000763  97.3682 262.7367 14.79928792 46843
KUIPER-00132            
1 65763U 25217B   26218.59032444  .00032192  00000+0  70014-3 0  9995
2 65763  51.8569 353.3257 0006245 140.4343 219.7103 15.44011259 48554
KUIPER-00133            
1 65764U 25217C   26218.01472331  .00002346  00000+0  33661-3 0  9991
2 65764  51.9031 112.8571 0000608  90.5719 269.5313 14.79930921 46856
KUIPER-00139            
1 65765U 25217D   26218.58999010 -.00005527  00000+0 -69666-3 0  9992
2 65765  51.8978  77.7579 0001043 100.5983 259.5097 14.79924507 47393
KUIPER-00142            
1 65766U 25217E   26217.86473899 -.00003142  00000+0 -38338-3 0  9998
2 65766  51.8998  95.9291 0000582 100.9736 259.1292 14.79930905 47073
KUIPER-00145            
1 65767U 25217F   26217.86204576  .00002230  00000+0  32144-3 0  9997
2 65767  51.8996  98.4636 0000684 104.5731 255.5307 14.79924933 47038
KUIPER-00147            
1 65768U 25217G   26218.36583065  .00002136  00000+0  30905-3 0  9995
2 65768  51.8989  98.7147 0000934 102.3394 257.7673 14.79935697 47073
KUIPER-00148            
1 65769U 25217H   26218.31718164  .00002078  00000+0  30142-3 0  9999
2 65769  51.9042  81.4559 0000780 103.8937 256.2112 14.79937213 47314
KUIPER-00150            
1 65770U 25217J   26218.01739612  .00002352  00000+0  33745-3 0  9996
2 65770  51.9007 110.2945 0000868  95.4888 264.6174 14.79933915 46882
KUIPER-00151            
1 65771U 25217K   26218.63326104 -.00002882  00000+0 -34923-3 0  9992
2 65771  51.9007 100.0684 0000920 113.6114 246.4946 14.79921687 47085
KUIPER-00152            
1 65772U 25217L   26218.61296234  .00001688  00000+0  25036-3 0  9997
2 65772  51.8997  87.6406 0000806 113.9994 246.1053 14.79933824 47258
KUIPER-00153            
1 65773U 25217M   26217.94307116  .00002138  00000+0  30941-3 0  9997
2 65773  51.9021  85.6832 0000765 112.1617 247.9427 14.79934616 47227
KUIPER-00155            
1 65774U 25217N   26218.24283760  .00001356  00000+0  20677-3 0  9996
2 65774  51.9024  56.8206 0000627 113.9652 246.1376 14.79943173 47650
KUIPER-00156            
1 65775U 25217P   26217.84177409  .00002184  00000+0  31533-3 0  9997
2 65775  51.9017  86.1139 0000780 114.0832 246.0212 14.79942053 47201
KUIPER-00165            
1 65778U 25217S   26217.96607161  .00002199  00000+0  31740-3 0  9992
2 65778  51.9003  95.5048 0000847 103.4535 256.6522 14.79936703 47080
KUIPER-00166            
1 65779U 25217T   26217.94576212  .00000067  00000+0  37832-4 0  9994
2 65779  51.9020  83.1468 0000951 113.4236 246.6826 14.79926160 47255
KUIPER-00167            
1 65780U 25217U   26217.88771849 -.00003858  00000+0 -47750-3 0  9994
2 65780  51.8953 105.7507 0000895  98.9700 261.1364 14.79922857 46938
KUIPER-00168            
1 65781U 25217V   26217.83903950  .00003280  00000+0  45917-3 0  9990
2 65781  51.9014  88.5731 0001040  62.5859 297.5209 14.79927957 47174
KUIPER-00169            
1 65782U 25217W   26217.90121003 -.00003034  00000+0 -36917-3 0  9999
2 65782  51.8994  93.3057 0000840 100.5079 259.5978 14.79926132 47119
KUIPER-00170            
1 65783U 25217X   26218.36851326  .00001896  00000+0  27752-3 0  9998
2 65783  51.8986  96.1938 0000772 103.8417 256.2631 14.79944492 47115
KUIPER-00172            
1 65785U 25217Z   26218.75881345  .00001674  00000+0  24853-3 0  9990
2 65785  51.8989  76.9974 0000781 116.2474 243.8569 14.79924675 47413
KUIPER-00173            
1 65786U 25217AA  26218.34014785  .00002029  00000+0  29505-3 0  9996
2 65786  51.8998  91.3597 0000908 108.8931 251.2130 14.79945722 47178
KUIPER-00174            
1 65787U 25217AB  26218.34554565  .00001125  00000+0  17653-3 0  9999
2 65787  51.9021  86.3899 0000702 106.6446 253.4594 14.79941952 47242
KUIPER-00176            
1 65788U 25217AC  26218.39663017  .00002335  00000+0  33469-3 0  9995
2 65788  51.8998 101.0901 0000985 102.5350 257.5723 14.80007487 47041
FENGYUN 3H              
1 65815U 25219A   26218.42426523  .00000019  00000+0  29288-4 0  9993
2 65815  98.6777 158.2191 0000745  78.7836 281.3425 14.19927985 44517
HULIANWANG DIGUI-82     
1 65817U 25220A   26218.55501996  .00000025  00000+0  23622-4 0  9992
2 65817  86.4966  26.8445 0002343  90.9063 269.2340 13.24409868 41585
HULIANWANG DIGUI-83     
1 65818U 25220B   26218.54752669  .00000013  00000+0 -30801-5 0  9993
2 65818  86.4989  26.9110 0002314  90.0574 270.0825 13.24410125 41583
HULIANWANG DIGUI-84     
1 65819U 25220C   26218.46438877  .00000008  00000+0 -15626-4 0  9998
2 65819  86.4921  26.7372 0002225  91.3938 268.7451 13.24409902 41576
HULIANWANG DIGUI-85     
1 65820U 25220D   26218.53239831  .00000007  00000+0 -17109-4 0  9994
2 65820  86.4987  26.8985 0002315  93.2728 266.8671 13.24408861 41586
HULIANWANG DIGUI-86     
1 65821U 25220E   26218.52493763  .00000010  00000+0 -11078-4 0  9993
2 65821  86.4961  26.8283 0001742  83.6907 276.4425 13.24411665 41585
SHIYAN-30 01            
1 65851U 25222A   26218.68704437  .00001245  00000+0  12337-3 0  9996
2 65851  34.9893 319.3463 0001704 208.1276 151.9336 14.91917755 46580
SHIYAN-30 02            
1 65852U 25222B   26218.68622411  .00001249  00000+0  12383-3 0  9993
2 65852  34.9979 319.5296 0002475 215.5366 144.5174 14.91918224 46568
2025-226A               
1 65938U 25226A   26218.75768711  .00004205  00000+0  21541-3 0  9995
2 65938  97.6418 299.6198 0012267 338.2743  21.7968 15.17090619 45360
2025-226B               
1 65939U 25226B   26218.23170751  .00002445  00000+0  15779-3 0  9990
2 65939  97.6372 296.6001 0011419 342.9476  17.1367 15.09178633 45123
2025-226C               
1 65940U 25226C   26218.22443882  .00004331  00000+0  22486-3 0  9998
2 65940  97.6327 298.5848 0011887 332.4327  27.6273 15.16609048 45267
SHIYAN-31               
1 65945U 25227A   26218.56615289  .00002589  00000+0  10702-3 0  9994
2 65945  80.0019  67.4467 0010405  21.4282 338.7380 15.23698385 45227
KUIPER-00101            
1 65947U 25228A   26218.74661009  .00001715  00000+0  25389-3 0  9995
2 65947  51.8981  56.9965 0000705 108.1335 251.9704 14.79937141 45450
KUIPER-00113            
1 65948U 25228B   26218.58319467  .00002055  00000+0  29856-3 0  9997
2 65948  51.8995  52.7405 0000634 101.6699 258.4334 14.79920812 45493
KUIPER-00117            
1 65949U 25228C   26218.54672414  .00001714  00000+0  25379-3 0  9995
2 65949  51.8987  55.4011 0000689 113.8399 246.2636 14.79938303 45450
KUIPER-00121            
1 65950U 25228D   26217.84305948 -.00001284  00000+0 -13947-3 0  9996
2 65950  51.8992  53.5284 0000767 108.5916 251.5130 14.79925544 45420
KUIPER-00122            
1 65951U 25228E   26218.30497716  .00002086  00000+0  30252-3 0  9991
2 65951  51.8991  61.4584 0000698 101.7913 258.3128 14.79939104 45357
KUIPER-00123            
1 65952U 25228F   26218.27120297  .00002557  00000+0  36420-3 0  9991
2 65952  51.8985  61.6192 0000885  96.5242 263.5821 14.79943989 45345
KUIPER-00124            
1 65953U 25228G   26218.54942053  .00001758  00000+0  25952-3 0  9994
2 65953  51.8985  52.8767 0000626 107.3844 252.7187 14.79938916 45493
KUIPER-00125            
1 65954U 25228H   26217.95783144  .00002172  00000+0  31379-3 0  9994
2 65954  51.9010  40.5405 0000671 104.3151 255.7886 14.79931646 45611
KUIPER-00126            
1 65955U 25228J   26218.51025754  .00001697  00000+0  25160-3 0  9996
2 65955  51.8995  58.0814 0000609 101.2344 258.8687 14.79934367 45416
KUIPER-00127            
1 65956U 25228K   26217.96123937  .00002157  00000+0  31192-3 0  9991
2 65956  51.9006  52.9837 0000660 102.0125 258.0912 14.79929532 45446
KUIPER-00128            
1 65957U 25228L   26217.94434057  .00002127  00000+0  30780-3 0  9997
2 65957  51.9011  53.1238 0000668 108.7586 251.3449 14.79944594 45438
KUIPER-00129            
1 65958U 25228M   26218.52375982  .00001692  00000+0  25100-3 0  9990
2 65958  51.9006  45.5417 0000712 117.7126 242.3909 14.79920320 45596
KUIPER-00130            
1 65959U 25228N   26218.75741345 -.00000155  00000+0  87217-5 0  9999
2 65959  51.9027  47.0476 0000880 130.0018 230.1022 14.79929542 35883
KUIPER-00134            
1 65960U 25228P   26218.49637955  .00016118  00000+0  37647-3 0  9998
2 65960  51.8713 312.4252 0006058 124.4200 235.7362 15.42326935 46888
KUIPER-00135            
1 65961U 25228Q   26218.25095101  .00001983  00000+0  28901-3 0  9991
2 65961  51.9024  49.3393 0000813 106.9601 253.1451 14.79937428 45516
KUIPER-00136            
1 65962U 25228R   26218.21986144  .00000304  00000+0  68922-4 0  9998
2 65962  51.8997  46.9289 0000674 112.6784 247.4249 14.79938864 45542
KUIPER-00137            
1 65963U 25228S   26217.95246155  .00002099  00000+0  30438-3 0  9993
2 65963  51.9036  45.6113 0000728 117.7412 242.3625 14.79920876 45540
KUIPER-00138            
1 65964U 25228T   26218.52920764 -.00003644  00000+0 -44928-3 0  9991
2 65964  51.8985  40.4785 0000597   9.2934 350.8039 14.79928976 45665
KUIPER-00140            
1 65965U 25228U   26218.52643911 -.00001440  00000+0 -15990-3 0  9997
2 65965  51.8993  43.0816 0000784 107.6999 252.4049 14.79938440 45622
KUIPER-00141            
1 65966U 25228V   26218.53184373 -.00000965  00000+0 -97279-4 0  9993
2 65966  51.9028  38.1208 0008305 116.2510 243.9307 14.79938626 45690
KUIPER-00146            
1 65967U 25228W   26217.82009876  .00002146  00000+0  31043-3 0  9996
2 65967  51.9035  43.7797 0000673 110.2192 249.8843 14.79932244 45559
KUIPER-00149            
1 65968U 25228X   26217.79171891 -.00000545  00000+0 -42517-4 0  9992
2 65968  51.9013  38.7859 0000630 108.2448 251.8583 14.79924912 45628
KUIPER-00154            
1 65969U 25228Y   26218.50345950  .00001922  00000+0  28110-3 0  9992
2 65969  51.9001  33.1260 0000764 101.0001 259.1048 14.79925285 45761
KUIPER-00157            
1 65970U 25228Z   26217.93320614  .00001057  00000+0  16285-3 0  9999
2 65970  51.9027  38.0105 0001480 102.9376 257.1753 14.81233762 45647
STRIX-5                 
1 65971U 25229A   26217.49178807  .00002983  00000+0  21872-3 0  9994
2 65971  41.9289  13.9321 0036190  13.8749 346.3064 15.04753114 44402
SDA_1664                
1 65974U 25230A   26218.56442067  .00000111  00000+0  99140-4 0  9995
2 65974  81.3012 166.0397 0001559 101.1136 259.0192 13.78092607 40716
SDA_1665                
1 65975U 25230B   26218.54142684  .00000130  00000+0  10979-3 0  9999
2 65975  81.3027 165.4707 0001418  76.5277 283.6036 13.82048813 40755
SDA_1666                
1 65976U 25230C   26218.57365212  .00000107  00000+0  88622-4 0  9992
2 65976  81.3014 165.4431 0001729  84.9176 275.2177 13.81918352 40758
SDA_1667                
1 65977U 25230D   26218.29378481  .00000199  00000+0  17585-3 0  9994
2 65977  81.3009 165.8664 0001343  88.5527 271.5783 13.81443516 40709
SDA_1668                
1 65978U 25230E   26218.55699193  .00000152  00000+0  12596-3 0  9996
2 65978  81.3014 164.8194 0004161  80.2973 279.8654 13.84240354 40793
SDA_1669                
1 65979U 25230F   26218.55611070  .00000133  00000+0  11327-3 0  9995
2 65979  81.3023 164.9894 0004769  72.2454 287.9221 13.81705183 40783
SDA_1670                
1 65980U 25230G   26218.56768396  .00000055  00000+0  43154-4 0  9999
2 65980  81.3009 165.8799 0001572  65.9660 294.1658 13.78091313 40727
SDA_1671                
1 65981U 25230H   26218.35968766  .00000154  00000+0  14206-3 0  9995
2 65981  81.3017 165.6789 0003617  68.6908 291.4631 13.78084050 40722
SDA_1672                
1 65982U 25230J   26218.36234187  .00000226  00000+0  19904-3 0  9990
2 65982  81.3031 165.7226 0001336  70.5241 289.6059 13.82259848 40721
SDA_1673                
1 65983U 25230K   26218.55437254  .00000168  00000+0  14468-3 0  9997
2 65983  81.3029 165.1769 0001803  89.9878 270.1484 13.82264750 40774
SDA_1674                
1 65984U 25230L   26218.38415359  .00000168  00000+0  14566-3 0  9990
2 65984  81.3017 165.3978 0002373  85.3892 274.7534 13.82054343 40743
SDA_1675                
1 65985U 25230M   26218.37190498  .00000190  00000+0  15852-3 0  9998
2 65985  81.2994 165.1558 0003885  40.0747 320.0696 13.84766635 40756
SDA_1676                
1 65986U 25230N   26218.35410375  .00000060  00000+0  47857-4 0  9993
2 65986  81.3031 166.4821 0001788  68.9162 291.2182 13.78088218 40674
SDA_1677                
1 65987U 25230P   26218.36489015  .00000185  00000+0  17274-3 0  9999
2 65987  81.3013 166.4250 0001981  58.2404 301.8942 13.78086769 40678
SDA_1678                
1 65988U 25230Q   26218.54359496  .00000148  00000+0  12001-3 0  9991
2 65988  81.3026 164.8428 0002890  78.0428 282.1053 13.84987459 40798
SDA_1679                
1 65989U 25230R   26218.36103760  .00000148  00000+0  12077-3 0  9996
2 65989  81.3044 165.1148 0004552  71.9049 288.2604 13.84856935 40760
SDA_1680                
1 65990U 25230S   26218.56167924  .00000210  00000+0  17469-3 0  9992
2 65990  81.3025 164.8468 0005242  65.8518 294.3187 13.85237160 40793
SDA_1681                
1 65991U 25230T   26218.32902885  .00000147  00000+0  11915-3 0  9999
2 65991  81.3023 165.0210 0005512  68.7287 291.4458 13.85308814 40766
SDA_1682                
1 65992U 25230U   26218.58985167  .00000062  00000+0  49873-4 0  9993
2 65992  81.3040 166.3529 0001611  83.1990 276.9346 13.78096950 40706
SDA_1683                
1 65993U 25230V   26218.59256442  .00000037  00000+0  25213-4 0  9996
2 65993  81.3029 166.1573 0001556  85.4723 274.6608 13.78091253 40716
SDA_1684                
1 65994U 25230W   26218.58610854  .00000071  00000+0  58794-4 0  9995
2 65994  81.3025 166.1250 0001849  70.6479 289.4874 13.78096230 40713
HULIANWANG DIGUI-87     
1 65995U 25231A   26218.61047889 -.00000115  00000+0  19910-4 0  9990
2 65995  50.0024 354.9810 0000255  74.9949 285.0951 13.29328796 39597
HULIANWANG DIGUI-88     
1 65996U 25231B   26218.61892745 -.00000122  00000+0  46943-5 0  9995
2 65996  50.0009 354.9959 0000258  42.3583 317.7309 13.29324346 39598
HULIANWANG DIGUI-89     
1 65997U 25231C   26218.60210489 -.00000115  00000+0  19283-4 0  9992
2 65997  49.9986 354.8569 0000324  56.3457 303.7446 13.29328627 39598
HULIANWANG DIGUI-90     
1 65998U 25231D   26218.59385048 -.00000109  00000+0  31462-4 0  9991
2 65998  50.0018 354.8815 0000280  47.7894 312.3002 13.29327092 39591
HULIANWANG DIGUI-91     
1 65999U 25231E   26218.58548506 -.00000109  00000+0  33049-4 0  9994
2 65999  50.0035 354.8834 0000265  50.3782 309.7113 13.29327678 39594
HULIANWANG DIGUI-92     
1 66000U 25231F   26217.82525066 -.00000104  00000+0  43333-4 0  9992
2 66000  50.0075 357.6280 0000287  54.0727 306.0172 13.29329702 39496
HULIANWANG DIGUI-93     
1 66001U 25231G   26218.56033317 -.00000117  00000+0  15993-4 0  9993
2 66001  50.0044 354.7744 0000279  51.2610 308.8287 13.29325771 39597
HULIANWANG DIGUI-94     
1 66002U 25231H   26218.56886252 -.00000109  00000+0  31441-4 0  9995
2 66002  50.0085 354.9079 0000284  46.4850 313.6046 13.29326737 39594
HULIANWANG DIGUI-95     
1 66003U 25231J   26218.55198124 -.00000129  00000+0 -11525-4 0  9993
2 66003  50.0053 354.7582 0000243  62.7802 297.3095 13.29325205 39591
QIANFAN-91              
1 66033U 25233A   26218.56978820  .00000047  00000+0  53682-4 0  9995
2 66033  88.9985  38.0889 0002273  93.1431 266.9980 13.51016236 39985
QIANFAN-92              
1 66034U 25233B   26218.57800242  .00000048  00000+0  55592-4 0  9992
2 66034  88.9970  38.0514 0002035  93.0343 267.1041 13.51015031 39985
QIANFAN-93              
1 66035U 25233C   26218.51210925  .00000035  00000+0  35855-4 0  9996
2 66035  88.9996  38.1236 0002207  94.0346 266.1058 13.51017985 39977
QIANFAN-94              
1 66036U 25233D   26218.57387063  .00000049  00000+0  57357-4 0  9997
2 66036  88.9993  38.0189 0002116  90.0758 270.0635 13.51017283 40038
QIANFAN-95              
1 66037U 25233E   26218.50803545  .00000037  00000+0  38359-4 0  9997
2 66037  88.9990  37.5678 0002317  90.1707 269.9710 13.51018131 40271
QIANFAN-96              
1 66038U 25233F   26218.53275119  .00000053  00000+0  63050-4 0  9995
2 66038  88.9988  38.1075 0002340  93.4446 266.6973 13.51016866 39972
QIANFAN-97              
1 66039U 25233G   26218.51626758  .00000042  00000+0  47029-4 0  9999
2 66039  88.9991  38.0950 0002247  93.2391 266.9017 13.51017132 39981
QIANFAN-98              
1 66040U 25233H   26218.52447785  .00000044  00000+0  49971-4 0  9993
2 66040  88.9981  37.8195 0002038  79.1989 280.9391 13.51016692 40123
QIANFAN-99              
1 66041U 25233J   26218.52857771  .00000052  00000+0  62385-4 0  9997
2 66041  88.9992  38.0981 0002178  82.9190 277.2209 13.51016885 39986
QIANFAN-100             
1 66042U 25233K   26218.52030236  .00000038  00000+0  40896-4 0  9994
2 66042  89.0003  38.0316 0002222  93.8597 266.2808 13.51016686 40036
QIANFAN-101             
1 66043U 25233L   26218.50772117  .00000258  00000+0  10036-3 0  9990
2 66043  88.9992  34.7852 0014480 348.3495  11.7362 14.26834729 41807
QIANFAN-102             
1 66044U 25233M   26218.54095057  .00000043  00000+0  47583-4 0  9996
2 66044  88.9989  38.0052 0002149  88.9594 271.1803 13.51016774 40034
QIANFAN-103             
1 66045U 25233N   26218.54504465  .00000038  00000+0  40335-4 0  9997
2 66045  88.9993  38.1014 0002230  93.8174 266.3232 13.51017648 39984
QIANFAN-104             
1 66046U 25233P   26218.54921412  .00000035  00000+0  34936-4 0  9990
2 66046  88.9997  38.0054 0002028  90.0238 270.1146 13.51023025 40038
QIANFAN-105             
1 66047U 25233Q   26218.55747654  .00000045  00000+0  51769-4 0  9990
2 66047  89.0010  37.8544 0002272  90.3972 269.7439 13.51022432 40149
QIANFAN-106             
1 66048U 25233R   26218.55333105  .00000035  00000+0  35469-4 0  9991
2 66048  88.9979  38.0520 0002069  80.9785 279.1600 13.51016662 39983
QIANFAN-107             
1 66049U 25233S   26218.56155302  .00000045  00000+0  50853-4 0  9999
2 66049  88.9995  38.0916 0002198  93.6913 266.4489 13.51016141 39995
QIANFAN-108             
1 66050U 25233T   26218.56562829  .00000052  00000+0  61335-4 0  9992
2 66050  88.9987  38.0753 0002048  82.0940 278.0444 13.51017591 39993
2025-234B               
1 66054U 25234B   26218.18712984  .00002843  00000+0  12936-3 0  9996
2 66054  97.4729 287.0649 0009179 279.5367  80.4831 15.21502838 44245
2025-234C               
1 66055U 25234C   26218.43518468  .00002490  00000+0  10374-3 0  9998
2 66055  97.4224 286.3610 0013917 348.2144  11.8765 15.24578816 44345
2025-234D               
1 66056U 25234D   26218.59932633  .00006803  00000+0  31526-3 0  9994
2 66056  97.4208 285.7724 0002724 203.1670 156.9443 15.20402092 44313
GAOFEN-14 02            
1 66175U 25242A   26218.22120760  .00003635  00000+0  14502-3 0  9990
2 66175  97.4056 293.3465 0004392 125.3034 234.8615 15.25804295 43328
KORSAT-4                
1 66293U 25248A   26218.48670410  .00001409  00000+0  13390-3 0  9998
2 66293  45.4081 258.7761 0001264 289.4828  70.5914 14.98756666 41605
SEMI-1L                 
1 66294U 25248B   26218.28669491  .00002400  00000+0  11729-3 0  9990
2 66294  45.4036 212.5145 0003367 335.5689  24.5038 15.21471565 42149
LEMUR-2-AFFIE-WAUWIE    
1 66295U 25248C   26218.00101667  .00008082  00000+0  29280-3 0  9990
2 66295  45.3906 204.7167 0007978   9.6344 350.4697 15.28901023 42215
BANDWAGON-4 OBJECT D    
1 66296U 25248D   26217.05188562  .00004688  00000+0  21234-3 0  9993
2 66296  45.4012 217.7482 0005566 335.3828  24.6792 15.22249133 41975
SEMI-1N                 
1 66297U 25248E   26217.69584294  .00002398  00000+0  11725-3 0  9996
2 66297  45.4035 212.5275 0010979 316.3325  43.6692 15.21452607 42094
SEMI-1P                 
1 66298U 25248F   26217.69661788  .00003540  00000+0  16710-3 0  9990
2 66298  45.3960 213.9225 0013305 306.1706  53.7950 15.21426987 42076
FGN-100-D2              
1 66299U 25248G   26218.01705530  .00001913  00000+0  97756-4 0  9994
2 66299  45.4004 213.8582 0005658 319.0598  40.9863 15.20843621 42108
ICEYE-X65               
1 66300U 25248H   26218.29971556  .00002513  00000+0  17655-3 0  9996
2 66300  45.4031 230.6456 0006129 304.0375  55.9924 15.08027598 43084
ICEYE-X66               
1 66301U 25248J   26217.41857022  .00001190  00000+0  89098-4 0  9992
2 66301  45.4013 234.1396 0005959 296.5341  63.4930 15.09278046 42947
ICEYE-X67               
1 66302U 25248K   26217.44352000  .00001178  00000+0  88466-4 0  9996
2 66302  45.4050 233.5972 0007377 299.6621  60.3526 15.09259464 42965
STARCLOUD-1             
1 66303U 25248L   26218.45188835  .00003154  00000+0  14903-3 0  9992
2 66303  45.4003 210.4025 0005685 319.4326  40.6137 15.21751515 42192
BANDWAGON-4 OBJECT M    
1 66304U 25248M   26217.01188308  .00013224  00000+0  46743-3 0  9995
2 66304  45.4178 208.5953 0010070 342.6144  17.4400 15.29194080 40801
BANDWAGON-4 OBJECT N    
1 66305U 25248N   26217.32143964  .00012992  00000+0  45673-3 0  9991
2 66305  45.4185 206.7183 0010249 334.9667  25.0726 15.29386010 39997
BANDWAGON-4 OBJECT P    
1 66306U 25248P   26217.05189014  .00013249  00000+0  47329-3 0  9994
2 66306  45.4012 208.6904 0012277 345.9729  14.0818 15.28824845 42078
BANDWAGON-4 OBJECT Q    
1 66307U 25248Q   26217.01408529  .00012180  00000+0  43946-3 0  9990
2 66307  45.3879 209.0802 0011024 341.0501  18.9977 15.28579394 42070
TOMORROW-S8             
1 66308U 25248R   26217.30688403  .00003480  00000+0  16720-3 0  9997
2 66308  45.3961 217.7407 0005525 300.8824  59.1519 15.20894532 41995
TOMORROW-S9             
1 66309U 25248S   26217.99563495  .00003575  00000+0  17136-3 0  9993
2 66309  45.4029 214.6228 0004076 328.1101  31.9538 15.20903294 42097
SENTINEL-1D             
1 66315U 25251A   26218.56704400 -.00000188  00000+0 -30112-4 0  9990
2 66315  98.1831 225.2166 0001325  90.3434 269.7918 14.59198328 40074
QPS-SAR-14 (YACHIHOKO-I)
1 66316U 25252A   26218.34186215  .00002699  00000+0  22894-3 0  9990
2 66316  42.0058 216.0577 0006093 251.6756 108.3407 14.99824491 41044
SHIYAN-32 02            
1 66378U 25255C   26218.71208155  .00012059  00000+0  28748-3 0  9995
2 66378  52.9916 134.5696 0011864  11.7995 348.3284 15.41960161 41753
SHIYAN-32 03            
1 66379U 25255D   26218.71246752  .00008450  00000+0  20438-3 0  9999
2 66379  52.9938 134.6366 0009967 342.7554  17.3110 15.41984629 41770
CHUTIAN-2 A             
1 66409U 25256A   26216.12022525  .00000401  00000+0  11404-3 0  9998
2 66409  98.2486 281.3313 0013610 179.1624 180.9596 14.50246363 38841
CHUTIAN-2 B             
1 66410U 25256B   26215.75880097  .00000377  00000+0  10802-3 0  9997
2 66410  98.2504 281.0930 0013654 183.4094 176.7010 14.50238195 38795
HULIANWANG DIGUI-96     
1 66412U 25258A   26217.97428728 -.00000098  00000+0  56304-4 0  9995
2 66412  50.0039 117.0755 0000617 330.8170  29.2667 13.29328662 36351
HULIANWANG DIGUI-97     
1 66413U 25258B   26218.00766015 -.00000090  00000+0  73437-4 0  9993
2 66413  50.0005 117.1752 0000749 328.2223  31.8603 13.29328229 36357
HULIANWANG DIGUI-98     
1 66414U 25258C   26217.99951374 -.00000090  00000+0  73889-4 0  9996
2 66414  50.0043 117.2168 0000803 322.7814  37.3002 13.29324696 36356
HULIANWANG DIGUI-99     
1 66415U 25258D   26218.41705157 -.00000103  00000+0  45150-4 0  9996
2 66415  50.0042 115.4172 0000726 334.5300  25.5536 13.29327969 36409
HULIANWANG DIGUI-100    
1 66416U 25258E   26218.44222827 -.00000095  00000+0  62677-4 0  9991
2 66416  50.0044 115.5604 0000768 341.9343  18.1502 13.29324827 36421
HULIANWANG DIGUI-101    
1 66417U 25258F   26217.98257533 -.00000093  00000+0  67063-4 0  9994
2 66417  49.9995 117.0179 0000578 339.9615  20.1234 13.29325940 36361
HULIANWANG DIGUI-102    
1 66418U 25258G   26217.95768986 -.00000101  00000+0  48921-4 0  9993
2 66418  50.0010 116.9152 0000625 329.0758  31.0077 13.29324533 36355
HULIANWANG DIGUI-103    
1 66419U 25258H   26218.40023357 -.00000100  00000+0  50779-4 0  9994
2 66419  50.0002 115.2371 0000746 342.7638  17.3209 13.29327734 36412
HULIANWANG DIGUI-104    
1 66420U 25258J   26217.94084761 -.00000097  00000+0  58526-4 0  9993
2 66420  50.0019 116.8540 0000658 328.6912  31.3921 13.29327649 36341
SENTINEL-6B             
1 66514U 25264A   26218.75710603 -.00000056  00000+0  19722-4 0  9995
2 66514  66.0419  30.1420 0007785 268.0458  91.9666 12.80930481 33649
SZ-21 MODULE            
1 66515U 25246C   26216.67813180  .00057048  00000+0  28515-3 0  9990
2 66515  41.4728   4.3625 0008841 348.3640  11.7001 15.80858905 41408
SHIJIAN-30A (SJ-30A)    
1 66545U 25266A   26218.68522924  .00003054  00000+0  17443-3 0  9997
2 66545  51.7982 302.8507 0007159  57.4445 302.7222 15.15687815 39519
SHIJIAN-30B (SJ-30B)    
1 66546U 25266B   26218.68562928  .00003566  00000+0  20075-3 0  9999
2 66546  51.7963 302.8095 0006869  72.9882 287.1846 15.15717406 39513
SHIJIAN-30C (SJ-30C)    
1 66547U 25266C   26218.68610057  .00003049  00000+0  17402-3 0  9993
2 66547  51.7969 302.8331 0007022  57.9469 302.2189 15.15720316 39512
GLOBAL-33               
1 66554U 25267A   26217.87481577  .00007671  00000+0  20931-3 0  9991
2 66554  42.0195 126.9989 0011213 244.6910 115.2768 15.37676154 39699
COSMOS 2597 (RODNIK-S *)
1 66647U 25273A   26218.46977510  .00000015  00000+0  39178-4 0  9993
2 66647  82.5022 139.2635 0012916 104.3259 255.9256 12.42900280 31547
COSMOS 2598 (RODNIK-S *)
1 66648U 25273B   26218.76209307  .00000015  00000+0  39598-4 0  9995
2 66648  82.5064 139.1286 0012356  75.0352 285.2094 12.42881239 31583
COSMOS 2599 (RODNIK-S *)
1 66649U 25273C   26218.25556715  .00000021  00000+0  77166-4 0  9998
2 66649  82.5060 139.5243 0017166  92.7353 267.5692 12.42896871 31516
BEE-1000                
1 66650U 25274A   26218.55147647  .00001972  00000+0  19426-3 0  9994
2 66650  97.7463 146.8601 0011545 178.4734 181.6523 14.93147877 37723
2025-274B               
1 66651U 25274B   26218.37402829  .00001104  00000+0  11025-3 0  9995
2 66651  97.7457 146.7661 0011664 177.1898 182.9389 14.93459112 37701
2025-274C               
1 66652U 25274C   26218.38477400  .00001117  00000+0  11209-3 0  9992
2 66652  97.7468 146.7667 0011241 183.6648 176.4491 14.93253900 37705
2025-274D               
1 66653U 25274D   26218.34722830  .00001239  00000+0  12475-3 0  9990
2 66653  97.7470 146.6670 0012348 181.5620 178.5563 14.92905282 37695
JACK E                  
1 66654U 25274E   26218.37048258  .00001131  00000+0  11339-3 0  9998
2 66654  97.7471 146.7966 0012773 182.7581 177.3571 14.93250075 37709
CAS500-3                
1 66655U 25274F   26217.76281585  .00000914  00000+0  10448-3 0  9991
2 66655  97.7414 144.6850 0004785  71.0195 289.1540 14.88356913 37521
2025-274G               
1 66656U 25274G   26218.52827055  .00001154  00000+0  11468-3 0  9995
2 66656  97.7470 147.0427 0013350 183.6979 176.4144 14.93564305 37732
SPIRONE                 
1 66657U 25274H   26218.76684529  .00001346  00000+0  13237-3 0  9998
2 66657  97.7468 147.3393 0011289 198.7929 161.2876 14.93732882 37771
COSMIC                  
1 66658U 25274J   26218.54419758  .00002203  00000+0  20865-3 0  9993
2 66658  97.7455 147.3169 0011674 201.0361 159.0381 14.94589086 37756
JACK K                  
1 66659U 25274K   26218.31186157  .00000960  00000+0  95336-4 0  9997
2 66659  97.7472 147.0230 0012397 205.3179 154.7435 14.94010556 37718
K-HERO                  
1 66660U 25274L   26218.35577063  .00001538  00000+0  14892-3 0  9992
2 66660  97.7478 147.1318 0013022 205.6493 154.4083 14.94132795 37729
SNUGLITE-III            
1 66661U 25274M   26218.34254372  .00001227  00000+0  11986-3 0  9993
2 66661  97.7473 147.1395 0013670 207.1561 152.8946 14.94150529 37727
E3T-1 (E3TESTER-1)      
1 66662U 25274N   26218.58790286  .00000860  00000+0  85171-4 0  9999
2 66662  97.7474 147.4384 0013964 206.1179 153.9339 14.94363943 37768
FORMOSAT-8A             
1 66666U 25276A   26218.54515834  .00001198  00000+0  98933-4 0  9990
2 66666  97.6546 292.0286 0007782  68.0822 292.1229 15.00819594 37614
PELICAN-5               
1 66667U 25276B   26218.75119162  .00004150  00000+0  12666-3 0  9997
2 66667  97.4104 293.7885 0002675  35.3288 324.8132 15.34485508 38264
SARI-1                  
1 66668U 25276C   26218.08055893  .00019372  00000+0  65604-3 0  9996
2 66668  97.4014 292.0437 0007392 178.8495 181.2765 15.30597062 38110
SARI-2                  
1 66669U 25276D   26218.56734085  .00016585  00000+0  57375-3 0  9996
2 66669  97.4033 292.5180 0007266 179.6656 180.4591 15.29938499 38186
HUNITY                  
1 66670U 25276E   26218.47795337  .00016269  00000+0  57054-3 0  9998
2 66670  97.4036 292.3568 0007009 180.2778 179.8460 15.29499585 38160
ANISCSAT-1              
1 66671U 25276F   26218.14919410  .00006675  00000+0  29059-3 0  9997
2 66671  97.4177 291.2520 0006163 168.7197 191.4179 15.22541148 38038
BRO-17                  
1 66672U 25276G   26218.14384285  .00002145  00000+0  10791-3 0  9995
2 66672  97.4162 290.2839 0006893 172.6429 187.4908 15.18270699 37979
TRANSPORTER-15 OBJECT H 
1 66673U 25276H   26218.47753208  .00010432  00000+0  43135-3 0  9993
2 66673  97.4137 291.7062 0006522 179.8763 180.2477 15.24141344 38104
BRO-20                  
1 66674U 25276J   26218.51282866  .00001620  00000+0  81925-4 0  9995
2 66674  97.4140 290.6329 0006496 173.3413 186.7909 15.18437977 38030
VEERY-0G                
1 66675U 25276K   26218.16221274  .00005298  00000+0  23751-3 0  9990
2 66675  97.4140 290.9687 0006027 174.6444 185.4857 15.21635405 38026
TRANSPORTER-15 OBJECT L 
1 66676U 25276L   26218.15737220  .00003175  00000+0  15289-3 0  9992
2 66676  97.4145 290.5292 0006034 174.5365 185.5937 15.19455192 37994
AE5RC                   
1 66677U 25276M   26218.19997314  .00006397  00000+0  26695-3 0  9991
2 66677  97.4147 291.5309 0005291 179.4666 180.6578 15.23997357 38064
OTTER SDM               
1 66678U 25276N   26218.47750349  .00003982  00000+0  18630-3 0  9995
2 66678  97.4181 291.1301 0006112 167.8814 192.2570 15.20311312 38058
LILIUM-2                
1 66679U 25276P   26218.46651287  .00001638  00000+0  83410-4 0  9991
2 66679  97.4125 290.5014 0006028 175.8822 184.2462 15.18180971 38025
LEMUR-2-DEANANDMAEVE    
1 66680U 25276Q   26218.46861135  .00003152  00000+0  15083-3 0  9991
2 66680  97.4172 290.9622 0006208 166.6019 193.5382 15.19687871 38042
TRANSPORTER-15 OBJECT R 
1 66681U 25276R   26218.15650316  .00009651  00000+0  38388-3 0  9998
2 66681  97.4082 291.5532 0005350 181.7976 178.3244 15.25473656 38079
ION SCV-022             
1 66682U 25276S   26218.75205426  .00001043  00000+0  93108-4 0  9992
2 66682  97.5273 287.6178 0006002  22.5074 337.6411 14.97999429 37648
6GSTARLAB               
1 66683U 25276T   26218.46756230  .00002584  00000+0  12793-3 0  9996
2 66683  97.4214 290.9430 0006300 164.1796 195.9636 15.18653610 38037
MICE-1                  
1 66684U 25276U   26218.16660783  .00002317  00000+0  11229-3 0  9998
2 66684  97.4242 290.9656 0005888 161.8159 198.3287 15.19513385 38007
AE5RA                   
1 66685U 25276V   26218.19911196  .00007942  00000+0  33093-3 0  9991
2 66685  97.4184 291.6515 0004814 174.2884 185.8410 15.23972992 38069
LEMUR-2-STAS-GORBUK     
1 66686U 25276W   26218.17585845  .00003102  00000+0  14775-3 0  9998
2 66686  97.4214 290.8810 0005644 163.3683 196.7738 15.19867378 38005
LEO EXPRESS 3           
1 66687U 25276X   26218.15840238  .00006894  00000+0  30535-3 0  9990
2 66687  97.4225 291.1619 0002648   4.9267 355.1995 15.21951354 38027
WISDOM A                
1 66688U 25276Y   26218.43736435  .00002826  00000+0  13524-3 0  9995
2 66688  97.4191 291.0622 0005304 164.2719 195.8682 15.19777014 38047
AC1-003                 
1 66689U 25276Z   26218.53850987  .00001481  00000+0  75220-4 0  9994
2 66689  97.4177 290.8766 0002816 163.7131 196.4195 15.18422554 38046
TRANSPORTER-15 OBJECT AA
1 66690U 25276AA  26218.46678212  .00002560  00000+0  12402-3 0  9998
2 66690  97.4151 290.9000 0005145 164.9963 195.1426 15.19436072 38040
TRANSPORTER-15 OBJECT AB
1 66691U 25276AB  26218.46312962  .00004510  00000+0  20231-3 0  9992
2 66691  97.4168 291.4268 0005143 163.5541 196.5862 15.21696678 38071
NUSAT-52                
1 66692U 25276AC  26218.44329824  .00002714  00000+0  12842-3 0  9999
2 66692  97.4176 291.1639 0003157 173.6047 186.5229 15.20205470 38055
AE5RB                   
1 66693U 25276AD  26218.19953895  .00006968  00000+0  29082-3 0  9992
2 66693  97.4139 291.5023 0004445 166.9365 193.1989 15.23965476 38065
YAM-9                   
1 66694U 25276AE  26218.45209207  .00002666  00000+0  14439-3 0  9994
2 66694  97.4181 289.8075 0010203 131.3091 228.9022 15.15424886 37960
IRIDE FM1               
1 66695U 25276AF  26218.46838621  .00004246  00000+0  19208-3 0  9999
2 66695  97.4166 291.5381 0002243 124.8848 235.2599 15.21444911 38088
IRIDE FM2               
1 66696U 25276AG  26218.43934787  .00004010  00000+0  18330-3 0  9991
2 66696  97.4153 291.2326 0004026 166.5287 193.6057 15.21117626 38066
IRIDE FM3               
1 66697U 25276AH  26218.54136556  .00004329  00000+0  19545-3 0  9994
2 66697  97.4152 291.5495 0003269 120.5615 239.5944 15.21505409 38097
IRIDE FM4               
1 66698U 25276AJ  26218.44868894  .00003202  00000+0  15064-3 0  9992
2 66698  97.4153 291.0728 0004317 166.3368 193.7985 15.20266630 38052
IRIDE FM5               
1 66699U 25276AK  26218.20684462  .00004383  00000+0  20176-3 0  9995
2 66699  97.4168 290.9819 0004012 169.0888 191.0435 15.20827757 38028
IRIDE FM6               
1 66700U 25276AL  26218.44384497  .00004101  00000+0  18378-3 0  9998
2 66700  97.4187 291.6400 0003114 127.1934 232.9586 15.21788863 38088
IRIDE FM7               
1 66701U 25276AM  26218.46468690  .00004041  00000+0  18680-3 0  9998
2 66701  97.4187 291.3081 0004837 168.9545 191.1797 15.20726086 38061
IRIDE FM8               
1 66702U 25276AN  26218.53754380  .00004147  00000+0  19201-3 0  9998
2 66702  97.4161 291.2848 0003793 186.5157 173.6030 15.20658760 38078
PELICAN-6               
1 66703U 25276AP  26218.44679726  .00001296  00000+0  43423-4 0  9995
2 66703  97.3649 293.3035 0002868  33.5011 326.6413 15.32762920 38221
FLOCK 4H-1              
1 66704U 25276AQ  26218.18558148  .00003078  00000+0  14157-3 0  9992
2 66704  97.4145 291.0907 0003566 125.0186 235.1385 15.21088995 38035
FLOCK 4H-2              
1 66705U 25276AR  26218.15517599  .00004319  00000+0  19568-3 0  9995
2 66705  97.4144 291.1175 0002764 123.5969 236.5531 15.21388851 38036
FLOCK 4H-3              
1 66706U 25276AS  26218.48706449  .00003839  00000+0  17883-3 0  9990
2 66706  97.4213 291.3597 0004519 163.1738 196.9648 15.20493734 38065
FLOCK 4H-4              
1 66707U 25276AT  26218.46028601  .00003575  00000+0  16768-3 0  9994
2 66707  97.4193 291.1884 0005163 167.1725 192.9643 15.20297438 38059
FLOCK 4H-5              
1 66708U 25276AU  26218.57179723  .00003625  00000+0  16593-3 0  9991
2 66708  97.4147 291.4934 0002341 118.7706 241.3765 15.21141367 38092
FLOCK 4H-6              
1 66709U 25276AV  26218.75358631  .00004078  00000+0  18769-3 0  9999
2 66709  97.4198 291.7211 0004453 138.3390 221.8186 15.20868454 38118
FLOCK 4H-7              
1 66710U 25276AW  26218.54126952  .00004030  00000+0  18675-3 0  9991
2 66710  97.4156 291.2499 0002417 168.5241 191.6050 15.20645687 38075
FLOCK 4H-8              
1 66711U 25276AX  26218.20158110  .00003894  00000+0  18000-3 0  9995
2 66711  97.4197 291.0807 0003682 173.4566 186.6718 15.20752309 38022
FLOCK 4H-9              
1 66712U 25276AY  26218.21094422  .00004492  00000+0  20526-3 0  9993
2 66712  97.4186 291.1918 0004388 144.6461 215.5067 15.21068154 38032
FLOCK 4H-10             
1 66713U 25276AZ  26218.44250535  .00003789  00000+0  17690-3 0  9994
2 66713  97.4162 291.1009 0004918 166.8599 193.2765 15.20423421 38055
FLOCK 4H-11             
1 66714U 25276BA  26218.15667005  .00008101  00000+0  33838-3 0  9992
2 66714  97.4168 291.5237 0003380 167.3202 192.8121 15.23887754 38055
FLOCK 4H-12             
1 66715U 25276BB  26218.19763187  .00003964  00000+0  18140-3 0  9996
2 66715  97.4159 291.1081 0003514 130.4273 229.7270 15.21090208 38342
FLOCK 4H-13             
1 66716U 25276BC  26218.16692394  .00003817  00000+0  17438-3 0  9991
2 66716  97.4193 291.2636 0002832 113.2533 246.9002 15.21168676 38033
FLOCK 4H-14             
1 66717U 25276BD  26218.44961611  .00003435  00000+0  15516-3 0  9995
2 66717  97.4171 291.5986 0002684 112.3243 247.8278 15.21633439 37335
FLOCK 4H-15             
1 66718U 25276BE  26218.15146627  .00004061  00000+0  19097-3 0  9990
2 66718  97.4190 290.8188 0004398 178.4657 181.6592 15.20132754 38001
FLOCK 4H-16             
1 66719U 25276BF  26218.44935286  .00003518  00000+0  16453-3 0  9999
2 66719  97.4203 291.2357 0004774 167.0989 193.0370 15.20413300 38055
FLOCK 4H-18             
1 66721U 25276BH  26218.45632807  .00003438  00000+0  16111-3 0  9998
2 66721  97.4149 291.0374 0003715 185.0044 175.1155 15.20358479 38057
FLOCK 4H-19             
1 66722U 25276BJ  26218.17538670  .00003446  00000+0  15617-3 0  9990
2 66722  97.4148 291.2625 0003316 109.8674 250.2920 15.21509921 37334
FLOCK 4H-20             
1 66723U 25276BK  26218.43799465  .00003806  00000+0  17119-3 0  9990
2 66723  97.4184 291.6440 0004361 119.7139 240.4531 15.21709665 37337
FLOCK 4H-21             
1 66724U 25276BL  26218.54114403  .00004119  00000+0  18714-3 0  9996
2 66724  97.4151 291.5461 0004074 118.0424 242.1225 15.21314973 37348
FLOCK 4H-22             
1 66725U 25276BM  26218.19829138  .00004007  00000+0  18488-3 0  9990
2 66725  97.4142 290.8999 0002624 174.5996 185.5269 15.20798903 38029
FLOCK 4H-23             
1 66726U 25276BN  26218.19275377  .00003621  00000+0  16963-3 0  9998
2 66726  97.4210 290.9836 0005087 161.3827 198.7596 15.20330668 38018
FLOCK 4H-24             
1 66727U 25276BP  26218.43916770  .00003629  00000+0  16944-3 0  9992
2 66727  97.4207 291.2576 0004252 172.6199 187.5100 15.20447383 38054
FLOCK 4H-25             
1 66728U 25276BQ  26218.16616258  .00003796  00000+0  17324-3 0  9999
2 66728  97.4163 291.1686 0002421 105.3117 254.8386 15.21210959 37316
FLOCK 4H-26             
1 66729U 25276BR  26218.54254785  .00003844  00000+0  18079-3 0  9997
2 66729  97.4163 291.1186 0005156 174.2477 185.8819 15.20159652 38062
FLOCK 4H-27             
1 66730U 25276BS  26218.46255344  .00003694  00000+0  16955-3 0  9996
2 66730  97.4139 291.3008 0002328 113.3886 246.7595 15.21030228 38075
FLOCK 4H-29             
1 66732U 25276BU  26218.19091257  .00003391  00000+0  15920-3 0  9994
2 66732  97.4140 290.7536 0003349 177.4234 182.7019 15.20300194 38015
FLOCK 4H-30             
1 66733U 25276BV  26218.44421273  .00003482  00000+0  16278-3 0  9996
2 66733  97.4201 291.2325 0004537 173.0552 187.0747 15.20434462 38057
FLOCK 4H-31             
1 66734U 25276BW  26218.20531505  .00003872  00000+0  18191-3 0  9990
2 66734  97.4139 290.7311 0003779 177.1022 183.0236 15.20190825 38018
FLOCK 4H-32             
1 66735U 25276BX  26218.19148061  .00003372  00000+0  15827-3 0  9998
2 66735  97.4194 290.9337 0004908 172.0756 188.0557 15.20312422 38013
FLOCK 4H-33             
1 66736U 25276BY  26218.19919882  .00003489  00000+0  15847-3 0  9997
2 66736  97.4191 291.3709 0003873 113.4829 246.6814 15.21429725 38045
FLOCK 4H-34             
1 66737U 25276BZ  26218.45424274  .00003471  00000+0  15919-3 0  9994
2 66737  97.4211 291.5387 0004077 119.6084 240.5558 15.21095654 37329
FLOCK 4H-35             
1 66738U 25276CA  26218.16525218  .00003493  00000+0  15970-3 0  9994
2 66738  97.4165 291.1833 0003615 109.5514 250.6113 15.21201093 37328
FLOCK 4H-36             
1 66739U 25276CB  26218.47020377  .00004040  00000+0  18533-3 0  9992
2 66739  97.4216 291.5455 0004114 127.6576 232.5033 15.20991848 38070
NUSAT-51 (YVONNE BRILL) 
1 66740U 25276CC  26218.43631609  .00003341  00000+0  15468-3 0  9993
2 66740  97.4180 291.3204 0003700 153.0314 207.1114 15.20801753 38067
BLACK KITE-1            
1 66741U 25276CD  26218.44237502  .00004130  00000+0  18771-3 0  9996
2 66741  97.4212 291.4349 0006263 159.5438 200.6050 15.21291216 35365
MERCURY ONE (M1)        
1 66742U 25276CE  26218.17009556  .00002574  00000+0  12263-3 0  9993
2 66742  97.4160 290.8653 0003439 132.1668 227.9860 15.20008957 38016
NUSAT-47                
1 66743U 25276CF  26218.17817367  .00003273  00000+0  15156-3 0  9992
2 66743  97.4156 290.9971 0002449 144.4019 215.7380 15.20807849 38022
AC1-001                 
1 66744U 25276CG  26218.18954404  .00001541  00000+0  77869-4 0  9994
2 66744  97.4175 290.5790 0003150 157.0256 203.1120 15.18542059 37996
AC1-002                 
1 66745U 25276CH  26218.17557810  .00001583  00000+0  79719-4 0  9996
2 66745  97.4166 290.5683 0002871 141.2239 218.9202 15.18630801 37991
UMBRA-11                
1 66748U 25276CL  26218.16862038  .00013382  00000+0  48251-3 0  9995
2 66748  97.4161 292.5483 0003697 136.0184 224.1351 15.28650807 38126
PIAST-S1                
1 66749U 25276CM  26218.75325714  .00003249  00000+0  15070-3 0  9990
2 66749  97.4161 291.6047 0003685 128.5100 231.6466 15.20757976 38110
TRANSPORTER-15 OBJECT CN
1 66750U 25276CN  26218.45441233  .00002468  00000+0  11702-3 0  9994
2 66750  97.4199 291.3698 0003429 111.1811 248.9791 15.20215132 38064
ICEYE-X58               
1 66751U 25276CP  26218.17372309  .00001753  00000+0  91072-4 0  9996
2 66751  97.4174 290.5990 0004227 139.0163 221.1389 15.17390888 37995
ICEYE-X59               
1 66752U 25276CQ  26218.48071686  .00002901  00000+0  23213-3 0  9992
2 66752  97.4441 287.6384 0002014 107.8603 252.2842 15.00925467 37810
ICEYE-X60               
1 66753U 25276CR  26218.58335648  .00076521  00000+0  45046-2 0  9991
2 66753  97.4164 289.7620 0002502 171.3592 215.9356 15.11288388  5877
ICEYE-X61               
1 66754U 25276CS  26218.37054690  .00001940  00000+0  96662-4 0  9999
2 66754  97.4173 290.9247 0004134 141.6270 218.5259 15.18732748 38039
ICEYE-X62               
1 66755U 25276CT  26218.75258594  .00001444  00000+0  91876-4 0  9992
2 66755  97.4172 289.3765 0002802 155.7596 204.3766 15.10310180 37964
MAUVE                   
1 66756U 25276CU  26218.45571939  .00003522  00000+0  16078-3 0  9990
2 66756  97.4173 291.4374 0003344 118.5163 241.6410 15.21251622 38075
PIAST-S2                
1 66757U 25276CV  26218.19035573  .00003097  00000+0  14278-3 0  9998
2 66757  97.4182 291.2120 0003180 117.4532 242.7028 15.20996270 38036
PIAST-M                 
1 66758U 25276CW  26218.47838362  .00003065  00000+0  14252-3 0  9994
2 66758  97.4154 291.3410 0002684 114.7414 245.4101 15.20708830 38075
TRANSPORTER-15 OBJECT CX
1 66759U 25276CX  26218.13738236  .00003805  00000+0  17213-3 0  9999
2 66759  97.4137 291.1353 0002924 109.0329 251.1224 15.21508078 38039
TRANSPORTER-15 OBJECT CY
1 66760U 25276CY  26218.20535167  .00002840  00000+0  13238-3 0  9998
2 66760  97.4157 291.1064 0002325  99.4364 260.7134 15.20688360 38036
TRANSPORTER-15 OBJECT CZ
1 66761U 25276CZ  26218.18383342  .00004498  00000+0  19382-3 0  9999
2 66761  97.4152 291.5803 0002587 103.1397 257.0129 15.23080732 38064
HYDROGNSS-1             
1 66762U 25276DA  26218.44484370  .00001261  00000+0  77683-4 0  9996
2 66762  97.4170 289.4794 0009621 231.2080 128.8292 15.11711203 37941
HYDROGNSS-2             
1 66763U 25276DB  26218.61101570  .00002104  00000+0  12714-3 0  9994
2 66763  97.4170 289.5731 0011415 172.7465 187.3933 15.11693794 37962
NAHLA                   
1 66764U 25276DC  26218.17698267  .00001575  00000+0  78225-4 0  9991
2 66764  97.4168 290.7237 0003884 135.3926 224.7622 15.19124072 38006
TRANSPORTER-15 OBJECT DD
1 66765U 25276DD  26218.15025486  .00007086  00000+0  28692-3 0  9992
2 66765  97.4184 292.0126 0002492 104.7658 255.3856 15.24985907 38088
T.MICROSAT-1            
1 66766U 25276DE  26218.46776691  .00003258  00000+0  14867-3 0  9994
2 66766  97.4130 291.4177 0001831  82.6268 277.5176 15.21314481 38087
ACCENTURE-1             
1 66767U 25276DF  26218.75294575  .00002502  00000+0  11828-3 0  9998
2 66767  97.4132 291.5077 0001887  76.8013 283.3432 15.20303360 38111
LEMUR-2-TEODOR          
1 66768U 25276DG  26218.17033383  .00003367  00000+0  15249-3 0  9994
2 66768  97.4121 291.1758 0001463  73.7481 286.3916 15.21554003 38042
SPEQTRE                 
1 66769U 25276DH  26218.16878614  .00002782  00000+0  12894-3 0  9991
2 66769  97.4175 291.2154 0002783  78.7194 281.4354 15.20900915 38032
LILIUM-3                
1 66770U 25276DJ  26218.46631530  .00001530  00000+0  74754-4 0  9994
2 66770  97.4216 291.3930 0003578  85.6123 274.5520 15.19747431 38066
GYEONGGISAT-1           
1 66771U 25276DK  26218.14492641  .00003749  00000+0  17097-3 0  9998
2 66771  97.4202 291.3349 0003154  81.9616 278.1977 15.21242344 38031
IHI-SAT2                
1 66772U 25276DL  26218.18934645  .00003310  00000+0  14788-3 0  9996
2 66772  97.4203 291.5671 0002664  76.4540 283.6993 15.22035073 38054
TRANSPORTER-15 OBJECT DM
1 66773U 25276DM  26218.75068102  .00002726  00000+0  12631-3 0  9991
2 66773  97.4190 291.8558 0002917  70.1846 289.9704 15.20927613 38123
GENA-OT                 
1 66774U 25276DN  26218.55786885  .00003525  00000+0  15899-3 0  9992
2 66774  97.4173 291.7569 0002693  74.3049 285.8484 15.21660433 38101
PHI 1                   
1 66775U 25276DP  26218.53696511  .00003479  00000+0  15599-3 0  9992
2 66775  97.4098 291.5419 0001595  43.2078 316.9283 15.21875335 38109
LEMUR-2-LAILA           
1 66776U 25276DQ  26218.46561594  .00003261  00000+0  14679-3 0  9994
2 66776  97.4142 291.6196 0002043  62.0777 298.0666 15.21786071 38098
LUNA-1                  
1 66777U 25276DR  26218.18148084  .00004586  00000+0  19443-3 0  9994
2 66777  97.4224 291.9683 0003250  71.6124 288.5466 15.23626033 38070
FORESAIL-1 PRIME        
1 66778U 25276DS  26218.45968472  .00002174  00000+0  10681-3 0  9992
2 66778  97.4167 290.8157 0000844 327.1974  32.9208 15.19100047 38037
FOSSASAT-2E22           
1 66779U 25276DU  26218.46576075  .00003758  00000+0  18268-3 0  9996
2 66779  97.4151 290.7297 0004027 335.5817  24.5227 15.19027048 38038
FOSSASAT-2E24           
1 66780U 25276DV  26218.53780560  .00002123  00000+0  10410-3 0  9998
2 66780  97.4146 290.9237 0003446 334.4003  25.7061 15.19199431 38056
LEMUR-2-CELIJO-SB-PK    
1 66781U 25276DW  26218.19285157  .00003350  00000+0  27024-3 0  9995
2 66781  97.5167 287.3162 0005388  11.8596 348.2754 15.00523703 30123
LEMUR-2-FINNIAN         
1 66782U 25276DX  26218.49205919  .00001236  00000+0  10197-3 0  9991
2 66782  97.5345 287.9309 0007324 269.0756  90.9629 15.00756065 27541
LEMUR-2-STARLIGHT       
1 66783U 25276DY  26218.75783598  .00002094  00000+0  17464-3 0  9992
2 66783  97.5255 287.6792 0013498 330.9769  29.0702 14.99577247 37777
LEMUR-2-TARTIFLETTE     
1 66784U 25276DZ  26218.75642058  .00002959  00000+0  24488-3 0  9992
2 66784  97.5259 287.6850 0012642 341.1502  18.9252 14.99583515 37778
LEMUR-2-VUKASIN         
1 66785U 25276EA  26218.17557616  .00001592  00000+0  13007-3 0  9991
2 66785  97.5148 287.5039 0001554 256.2560 103.8491 15.00748167 37648
LEMUR-2-HOTSPUR-TOM     
1 66786U 25276EB  26218.41872944  .00003473  00000+0  28731-3 0  9993
2 66786  97.5242 287.3231 0012513 335.7901  24.2734 14.99480524 37659
LEMUR-2-MYRA            
1 66787U 25276EC  26218.14024891  .00003326  00000+0  26599-3 0  9991
2 66787  97.5241 287.4041 0017447 345.1331  14.9378 15.00759806 37703
FOSSASA-2E23            
1 66788U 25276ED  26218.18296552  .00004355  00000+0  19147-3 0  9995
2 66788  97.4209 291.2531 0004041 319.8700  40.2237 15.22406744 38035
KOMPSAT-7               
1 66820U 25279A   26218.41496313  .00000648  00000+0  55326-4 0  9999
2 66820  97.7198 166.5954 0011813 196.7783 163.3052 15.01074697 37152
DUPLEX                  
1 66906U 98067XS  26218.19812445  .00029910  00000+0  28708-3 0  9998
2 66906  51.6267  36.2352 0002543  10.7813 349.3237 15.66348924 38483
2025-284A               
1 66913U 25284A   26218.51820908  .00000112  00000+0  73124-4 0  9992
2 66913  80.4026 236.8201 0012520 102.3779 257.8784 13.97352885 34513
2025-284B               
1 66914U 25284B   26218.52648050  .00000112  00000+0  73323-4 0  9991
2 66914  80.3948 236.6420 0012686 100.4083 259.8508 13.97333538 34517
HULIANWANG DIGUI-105    
1 66915U 25285A   26218.54643332 -.00000112  00000+0  26935-4 0  9991
2 66915  50.0073 325.6123 0000751 110.5024 249.5929 13.29323283 32755
HULIANWANG DIGUI-106    
1 66916U 25285B   26218.53802901 -.00000115  00000+0  19189-4 0  9996
2 66916  50.0084 325.5912 0000751 110.8257 249.2696 13.29323667 32758
HULIANWANG DIGUI-107    
1 66917U 25285C   26218.60466501 -.00000109  00000+0  33220-4 0  9992
2 66917  50.0049 325.2096 0000751 115.5533 244.5417 13.29326612 32762
HULIANWANG DIGUI-108    
1 66918U 25285D   26218.59630456 -.00000107  00000+0  35840-4 0  9991
2 66918  50.0070 325.2079 0000750 115.9630 244.1320 13.29326501 32765
HULIANWANG DIGUI-109    
1 66919U 25285E   26218.58799315 -.00000104  00000+0  43237-4 0  9997
2 66919  50.0096 325.2134 0000728 128.4054 231.6884 13.29317332 32779
HULIANWANG DIGUI-110    
1 66920U 25285F   26218.57963621 -.00000104  00000+0  43057-4 0  9991
2 66920  50.0129 325.2320 0000692 119.2916 240.8025 13.29327099 32769
HULIANWANG DIGUI-111    
1 66921U 25285G   26218.57132870 -.00000107  00000+0  36999-4 0  9996
2 66921  50.0144 325.2213 0000696 119.2575 240.8367 13.29326583 32769
HULIANWANG DIGUI-112    
1 66922U 25285H   26218.56293061 -.00000107  00000+0  37221-4 0  9995
2 66922  50.0107 325.1075 0000732 115.1894 244.9054 13.29326543 32768
HULIANWANG DIGUI-113    
1 66923U 25285J   26218.55470905 -.00000106  00000+0  39747-4 0  9993
2 66923  50.0118 325.0831 0000745 112.5880 247.5071 13.29325005 32760
HULIANWANG DIGUI-114    
1 66953U 25287A   26218.60799017  .00000035  00000+0  48014-4 0  9999
2 66953  86.4901 265.3279 0002129  89.0341 271.1037 13.24411396 32013
HULIANWANG DIGUI-115    
1 66954U 25287B   26218.60032289  .00000025  00000+0  24026-4 0  9997
2 66954  86.4916 265.3633 0002259  81.4953 278.6437 13.24402121 32015
HULIANWANG DIGUI-116    
1 66955U 25287C   26218.59287227  .00000018  00000+0  77265-5 0  9996
2 66955  86.4856 265.2132 0002112  85.2702 274.8673 13.24414344 32014
HULIANWANG DIGUI-117    
1 66956U 25287D   26218.58535642  .00000011  00000+0 -73962-5 0  9997
2 66956  86.4917 265.3575 0001020 133.4798 226.6421 13.24414043 32015
HULIANWANG DIGUI-118    
1 66957U 25287E   26218.57780002  .00000010  00000+0 -11869-4 0  9995
2 66957  86.4893 265.2956 0002148  87.3359 272.8021 13.24413476 32011
YAOGAN-47               
1 66988U 25289A   26218.65165214  .00002821  00000+0  12037-3 0  9990
2 66988  97.4987 288.9476 0002708  90.8007 269.3540 15.23745214 36617
2025-292A               
1 66993U 25292A   26218.45999908  .00001849  00000+0  12867-3 0  9993
2 66993  97.6286 293.6844 0014975 181.1088 179.0108 15.06648114 36014
THE ARAB SATELLITE 813  
1 66994U 25292B   26218.16958619  .00002906  00000+0  19851-3 0  9991
2 66994  97.6294 293.4940 0014692 183.6975 176.4146 15.06880288 35974
2025-292C               
1 66995U 25292C   26218.16400920  .00003286  00000+0  22323-3 0  9999
2 66995  97.6282 293.4637 0014725 181.7036 178.4144 15.06989311 35976
2025-292D               
1 66996U 25292D   26218.48232116  .00002236  00000+0  15608-3 0  9997
2 66996  97.6293 293.6551 0014299 183.9696 176.1420 15.06321048 36013
2025-292E               
1 66997U 25292E   26218.17394548  .00002370  00000+0  16344-3 0  9999
2 66997  97.6300 293.5065 0014498 186.9705 173.1323 15.06702346 35963
2025-292F               
1 66998U 25292F   26218.18744950  .00001934  00000+0  13295-3 0  9994
2 66998  97.6319 293.6973 0014296 188.4464 171.6525 15.07054864 35983
2025-292G               
1 66999U 25292G   26218.18655779  .00001947  00000+0  13327-3 0  9995
2 66999  97.6328 293.7274 0015056 193.6128 166.4696 15.07198939 35982
2025-292H               
1 67000U 25292H   26218.16852195  .00003879  00000+0  25496-3 0  9994
2 67000  97.6348 293.9574 0014608 188.2908 171.8081 15.08112737 35869
2025-292J               
1 67001U 25292J   26218.44232652  .00002569  00000+0  17564-3 0  9998
2 67001  97.6310 293.8123 0015294 178.9575 181.1687 15.06950349 36017
HULIANWANG DIGUI-119    
1 67059U 25295A   26218.22605798 -.00000089  00000+0  76495-4 0  9990
2 67059  50.0012 206.3151 0001115 273.8814  86.1930 13.29323458 32154
HULIANWANG DIGUI-120    
1 67060U 25295B   26218.28451619 -.00000095  00000+0  63617-4 0  9998
2 67060  50.0019 205.9697 0001174 274.1164  85.9573 13.29325810 32165
HULIANWANG DIGUI-121    
1 67061U 25295C   26218.21767205 -.00000095  00000+0  62975-4 0  9999
2 67061  49.9979 206.2025 0001146 272.1662  87.9078 13.29324728 32155
HULIANWANG DIGUI-122    
1 67062U 25295D   26218.27611049 -.00000095  00000+0  62449-4 0  9996
2 67062  50.0013 205.9153 0001145 272.4487  87.6254 13.29323271 32169
HULIANWANG DIGUI-123    
1 67063U 25295E   26218.19262772 -.00000095  00000+0  61697-4 0  9997
2 67063  50.0014 206.1453 0001066 273.0791  86.9959 13.29322940 32159
HULIANWANG DIGUI-124    
1 67064U 25295F   26218.18428846 -.00000094  00000+0  63969-4 0  9996
2 67064  49.9973 206.0169 0001127 272.8351  87.2392 13.29330404 32150
HULIANWANG DIGUI-125    
1 67065U 25295G   26218.25103701 -.00000086  00000+0  82603-4 0  9992
2 67065  49.9967 205.6857 0001086 272.9667  87.1080 13.29331121 32169
HULIANWANG DIGUI-126    
1 67066U 25295H   26218.24276265 -.00000085  00000+0  83600-4 0  9995
2 67066  49.9970 205.6477 0001125 268.7088  91.3655 13.29324084 32161
HULIANWANG DIGUI-127    
1 67067U 25295J   26218.23428510 -.00000093  00000+0  67682-4 0  9998
2 67067  49.9990 205.6414 0001095 273.0915  86.9831 13.29327200 32168
XIWANG-5 02             
1 67069U 25296A   26217.98522654  .00004243  00000+0  21919-3 0  9998
2 67069  41.3504 197.2506 0003489 130.2319 229.8808 15.17221701 35800
DEAR-5                  
1 67070U 25296B   26218.00300273  .00002382  00000+0  12462-3 0  9990
2 67070  41.3583 193.1213 0016482 208.7459 151.2455 15.17970663 35840
RAISE-4                 
1 67073U 25297B   26218.39385656  .00001841  00000+0  11924-3 0  9995
2 67073  97.5182   5.4178 0011229 218.6948 141.3478 15.09333525 35467
ZIYUAN 3-04 (ZY 3-04)   
1 67131U 25300A   26218.54844461  .00002374  00000+0  10953-3 0  9999
2 67131  97.4705 296.0696 0007861 124.5982 235.5996 15.21197372 35491
KUIPER-00144            
1 67133U 25301A   26218.01192096 -.00009498  00000+0 -12183-2 0  9996
2 67133  51.9010 115.3180 0000770  71.9535 288.1511 14.79943545 35983
KUIPER-00164            
1 67134U 25301B   26217.99851418 -.00001088  00000+0 -11373-3 0  9991
2 67134  51.9024 127.8885 0000849  98.7471 261.3588 14.79932223 35980
KUIPER-00175            
1 67135U 25301C   26217.98363166  .00002250  00000+0  32404-3 0  9997
2 67135  51.8994 110.4007 0000780 101.9304 258.1746 14.79934115 36125
KUIPER-00179            
1 67136U 25301D   26218.47392759  .00002184  00000+0  31543-3 0  9992
2 67136  51.8977 123.2388 0000727  99.6406 260.4639 14.79929571 36091
KUIPER-00181            
1 67137U 25301E   26218.05527958  .00002327  00000+0  33422-3 0  9995
2 67137  51.9015 137.6371 0001111  96.3085 263.8004 14.79933167 35832
KUIPER-00183            
1 67138U 25301F   26218.58335648 -.00017860  00000+0 -19000-2 0  9992
2 67138  51.8969 105.5636 0007124 191.7068 343.4015 14.88103148  3547
KUIPER-00184            
1 67139U 25301G   26218.04037114  .00002232  00000+0  32190-3 0  9992
2 67139  51.8986 120.1628 0000719  78.5348 281.5696 14.79913463 36190
KUIPER-00186            
1 67140U 25301H   26218.49421986  .00002117  00000+0  30675-3 0  9995
2 67140  51.9017 135.7081 0000731  89.0412 271.0634 14.79919201 35748
KUIPER-00187            
1 67141U 25301J   26218.08633299  .00002433  00000+0  34797-3 0  9993
2 67141  51.9020 140.0346 0000831  93.6496 266.4561 14.79950002 35640
KUIPER-00188            
1 67142U 25301K   26218.42528622 -.00001071  00000+0 -11158-3 0  9990
2 67142  51.9030 106.1238 0000867  99.8026 260.3035 14.79922130 36147
KUIPER-00191            
1 67143U 25301L   26218.06064919  .00002427  00000+0  34709-3 0  9996
2 67143  51.9006 132.6318 0000756  96.1421 263.9627 14.79950210 35774
KUIPER-00196            
1 67144U 25301M   26218.59533145  .00001730  00000+0  27734-3 0  9993
2 67144  51.8995  87.2008 0002077  62.7176 297.3996 14.76387317 36428
KUIPER-00204            
1 67145U 25301N   26218.39412647 -.00002378  00000+0 -28288-3 0  9991
2 67145  51.9010 103.6422 0001056  87.2150 272.8933 14.79946341 36296
KUIPER-00210            
1 67146U 25301P   26218.76972150  .00002130  00000+0  30840-3 0  9994
2 67146  51.8996 129.4459 0000853  95.6950 264.4110 14.79921529 36026
KUIPER-00221            
1 67147U 25301Q   26218.05258248  .00002180  00000+0  31499-3 0  9998
2 67147  51.9009 140.1461 0000608  95.0147 265.0885 14.79925053 35645
KUIPER-00232            
1 67148U 25301R   26218.44016279  .00002251  00000+0  32417-3 0  9998
2 67148  51.8986 123.4508 0000821  97.5311 262.5745 14.79941963 35906
KUIPER-00241            
1 67149U 25301S   26217.99043623 -.00001411  00000+0 -15619-3 0  9995
2 67149  51.9027 135.4472 0000896  84.8899 275.2166 14.79924988 36030
KUIPER-00245            
1 67150U 25301T   26218.52259897  .00002120  00000+0  30708-3 0  9991
2 67150  51.9033 140.6048 0000701  92.3472 267.7571 14.79920116 35676
KUIPER-00246            
1 67151U 25301U   26218.43745251  .00001615  00000+0  24082-3 0  9992
2 67151  51.8998 125.9273 0000692  94.7499 265.3542 14.79939422 35892
KUIPER-00247            
1 67152U 25301V   26218.44825065 -.00001944  00000+0 -22611-3 0  9999
2 67152  51.8955 115.8417 0000747 110.6079 249.4964 14.79926148 36014
KUIPER-00248            
1 67153U 25301W   26218.39957306 -.00007418  00000+0 -94521-3 0  9999
2 67153  51.8980  98.6926 0000754 106.8704 253.2341 14.79927500 36415
KUIPER-00249            
1 67154U 25301X   26218.45094980 -.00003065  00000+0 -37336-3 0  9992
2 67154  51.9004 113.3958 0001115  89.8230 270.2860 14.79921339 36048
KUIPER-00250            
1 67155U 25301Y   26218.06343091  .00002251  00000+0  32445-3 0  9990
2 67155  51.8988 130.0637 0000787  73.0809 287.0239 14.79906144 35817
KUIPER-00251            
1 67156U 25301Z   26217.94178170 -.00001557  00000+0 -17524-3 0  9992
2 67156  51.8976 118.1707 0000929  92.5238 267.5831 14.79931755 36122
KUIPER-00252            
1 67157U 25301AA  26217.93908730  .00002470  00000+0  35294-3 0  9992
2 67157  51.8998 120.6341 0000764  97.7121 262.3928 14.79934264 35907
KUIPER-00261            
1 67158U 25301AB  26217.96205817 -.00002533  00000+0 -30334-3 0  9994
2 67158  51.9013 130.5938 0000883 116.3579 243.7474 14.79928492 35765
KUIPER-00265            
1 67159U 25301AC  26218.04715501  .00002198  00000+0  31706-3 0  9990
2 67159  51.9022 145.1889 0000793  94.2766 265.8287 14.79953491 35602
DISKSAT C               
1 67219U 25305A   26218.58360295  .00004103  00000+0  25941-3 0  9998
2 67219  45.0006 175.1275 0005245  92.7101 267.4376 15.10562708 34946
DISKSAT B               
1 67220U 25305B   26218.34935351  .00003734  00000+0  24681-3 0  9994
2 67220  44.9997 177.5655 0003403  79.6359 280.4900 15.09124721 34895
DISKSAT D               
1 67221U 25305C   26218.33688670  .00004302  00000+0  28027-3 0  9993
2 67221  45.0010 177.4820 0004022  86.1308 274.0028 15.09352066 34897
DISKSAT A               
1 67222U 25305D   26217.61886825  .00006711  00000+0  41955-3 0  9997
2 67222  45.0007 180.6005 0004520  86.1933 273.9460 15.10131735 34788
QPS-SAR-15 (SUKUNAMI-I) 
1 67228U 25307A   26218.60622103  .00002080  00000+0  18187-3 0  9998
2 67228  42.0072 310.9456 0011311 319.3490  40.6490 14.99365243 34259
SPACEMOBILE-006         
1 67232U 25309A   26217.92757903  .00000367  00000+0  32725-4 0  9997
2 67232  52.9951 103.7687 0009335 289.6897  70.3089 15.18762839 34154
OBZOR-R 1               
1 67234U 25310A   26213.04141431  .00000115  00000+0  24125-4 0  9999
2 67234  97.9652 219.6834 0001724  88.0644 272.0763 14.75899129 32242
HULIANWANG DIGUI-128    
1 67236U 25311A   26218.48199977 -.00000093  00000+0  66711-4 0  9996
2 67236  50.0093 295.1851 0000755 155.6604 204.4304 13.29324733 30038
HULIANWANG DIGUI-129    
1 67237U 25311B   26218.56543983 -.00000094  00000+0  64055-4 0  9996
2 67237  50.0080 294.9382 0000694 159.8711 200.2189 13.29325866 30042
HULIANWANG DIGUI-130    
1 67238U 25311C   26218.46528000 -.00000096  00000+0  59503-4 0  9993
2 67238  50.0065 295.6968 0000778 154.2047 205.8864 13.29324656 30023
HULIANWANG DIGUI-131    
1 67239U 25311D   26218.47364951 -.00000096  00000+0  59978-4 0  9994
2 67239  50.0061 295.7315 0000794 155.3837 204.7073 13.29324360 30026
HULIANWANG DIGUI-132    
1 67240U 25311E   26218.59890359 -.00000100  00000+0  51098-4 0  9996
2 67240  50.0069 295.0851 0000728 154.0799 206.0110 13.29325053 30043
HULIANWANG DIGUI-133    
1 67241U 25311F   26218.58222868 -.00000093  00000+0  67856-4 0  9990
2 67241  50.0113 295.0803 0000715 157.8489 202.2415 13.29325040 30046
HULIANWANG DIGUI-134    
1 67242U 25311G   26218.59054653 -.00000099  00000+0  53186-4 0  9994
2 67242  50.0042 294.9962 0000726 156.2065 203.8841 13.29324783 30040
HULIANWANG DIGUI-135    
1 67243U 25311H   26218.45690160 -.00000103  00000+0  45280-4 0  9991
2 67243  50.0032 295.5957 0000762 154.1380 205.9530 13.29324532 30026
HULIANWANG DIGUI-136    
1 67244U 25311J   26218.57382403 -.00000091  00000+0  71358-4 0  9994
2 67244  50.0100 295.0151 0000691 159.4693 200.6207 13.29325471 30048
2025-313A               
1 67248U 25313A   26218.17844037  .00001042  00000+0  10890-3 0  9991
2 67248  97.5390 278.6592 0277277 175.8153 184.5469 14.67359244 32358
2025-313B               
1 67249U 25313B   26218.18704625  .00002606  00000+0  20018-3 0  9991
2 67249  97.5077 280.0348 0292122 172.3228 188.2604 14.74469555 32502
2025-313C               
1 67250U 25313C   26218.43019320  .00006032  00000+0  51780-3 0  9999
2 67250  97.6140 287.2698 0149036 169.5896 190.8468 14.89565356 32832
2025-313D               
1 67251U 25313D   26218.45375453  .00001898  00000+0  16569-3 0  9995
2 67251  97.5654 286.6449 0148857 159.5440 201.1827 14.89814763 32882
ZORKIY-2M-VPE           
1 67252U 25313E   26218.45829028  .00003993  00000+0  16318-3 0  9998
2 67252  97.3914 292.7966 0010657 159.5767 200.5899 15.24900971 33633
AIST-2T 1               
1 67253U 25313F   26217.74065221  .00019629  00000+0  23728-3 0  9993
2 67253  97.0789 295.2857 0002392  55.2246 304.9237 15.60744827 34350
AIST-2T 2               
1 67254U 25313G   26218.22215042  .00001087  00000+0  14344-4 0  9990
2 67254  97.0806 295.6888 0003353   0.3783 359.7477 15.60692140 34415
2025-313H               
1 67255U 25313H   26218.43557568  .00001109  00000+0  73558-4 0  9993
2 67255  97.2828 283.6938 0069101 160.0673 200.3280 15.07306329 33223
SITRO-AIS-57            
1 67256U 25313J   26218.19405115  .00004812  00000+0  20138-3 0  9996
2 67256  97.3894 292.0452 0015551 180.4357 179.6869 15.23936419 33563
SITRO-AIS-59            
1 67257U 25313K   26218.19993515  .00004824  00000+0  20239-3 0  9998
2 67257  97.3902 292.0565 0015328 182.5137 177.6026 15.23848205 33568
SITRO-AIS-58            
1 67258U 25313L   26218.51558251  .00004579  00000+0  19155-3 0  9991
2 67258  97.3899 292.3835 0015279 180.5850 179.5372 15.23977747 33617
2025-313M               
1 67259U 25313M   26218.44456238  .00006456  00000+0  25620-3 0  9996
2 67259  97.3936 292.7603 0014337 177.7460 182.3845 15.25605752 33620
SITRO-AIS-60            
1 67260U 25313N   26218.20932916  .00004140  00000+0  18001-3 0  9997
2 67260  97.3919 291.9262 0013602 181.2972 178.8231 15.22745455 33550
2025-313P               
1 67261U 25313P   26218.20438253  .00010122  00000+0  37281-3 0  9991
2 67261  97.3938 292.9245 0013739 176.6003 183.5332 15.27942313 33617
2025-313Q               
1 67262U 25313Q   26218.16357135  .00002972  00000+0  12085-3 0  9995
2 67262  97.3897 292.2707 0014543 183.0769 177.0382 15.25227988 33573
DCS-1                   
1 67263U 25313R   26218.15436214  .00005681  00000+0  23543-3 0  9992
2 67263  97.3921 292.1830 0014410 181.1750 178.9456 15.24200582 33561
KOWSAR 1.5              
1 67264U 25313S   26218.45727951  .00003188  00000+0  13885-3 0  9995
2 67264  97.3992 292.4261 0014615 186.7636 173.3406 15.22848903 33592
SITRO-TD-4              
1 67265U 25313T   26218.22649020  .00005249  00000+0  21848-3 0  9999
2 67265  97.3902 292.1790 0014277 181.9483 178.1701 15.24090545 33571
SITRO-AIS-65            
1 67266U 25313U   26218.15184465  .00005535  00000+0  22930-3 0  9990
2 67266  97.3928 292.2063 0014308 180.7806 179.3412 15.24225514 33562
2025-313V               
1 67267U 25313V   26217.76978552  .00010642  00000+0  42748-3 0  9999
2 67267  97.3891 291.8892 0014095 188.0226 172.0788 15.25036485 33516
ZORKY-2M 7              
1 67268U 25313W   26218.16115568  .00004194  00000+0  17975-3 0  9994
2 67268  97.3917 291.9914 0014721 182.4395 177.6772 15.23211834 33552
2025-313X               
1 67269U 25313X   26218.14613050  .00007596  00000+0  29727-3 0  9999
2 67269  97.3935 292.5348 0013943 178.2936 181.8352 15.26015901 33584
SITRO-TD-3              
1 67270U 25313Y   26218.15388461  .00005356  00000+0  22213-3 0  9992
2 67270  97.3907 292.1512 0014358 181.6862 178.4330 15.24206194 33561
2025-313Z               
1 67271U 25313Z   26218.19672958  .00002382  00000+0  10722-3 0  9992
2 67271  97.3907 291.7742 0014869 180.0702 180.0535 15.21960670 33542
2025-313AA              
1 67272U 25313AA  26218.61045861  .00006096  00000+0  24760-3 0  9990
2 67272  97.3915 292.7433 0013665 180.4302 179.6927 15.24857785 33648
2025-313AB              
1 67273U 25313AB  26218.17412815  .00001926  00000+0  88774-4 0  9992
2 67273  97.3928 291.7056 0013923 189.2058 170.8925 15.21393219 33538
2025-313AC              
1 67274U 25313AC  26218.17061313  .00003788  00000+0  16329-3 0  9990
2 67274  97.3902 291.9488 0014572 181.9042 178.2141 15.23082001 33555
2025-313AD              
1 67275U 25313AD  26218.15565039  .00003806  00000+0  16353-3 0  9991
2 67275  97.3877 291.9085 0013912 185.8364 174.2713 15.23192794 33559
2025-313AE              
1 67276U 25313AE  26218.15525068  .00004038  00000+0  17321-3 0  9994
2 67276  97.3872 291.8901 0013583 184.6271 175.4843 15.23219900 33555
2025-313AF              
1 67277U 25313AF  26218.15915800  .00004047  00000+0  17387-3 0  9994
2 67277  97.3877 291.8989 0013550 184.7476 175.3635 15.23168693 33559
2025-313AG              
1 67278U 25313AG  26218.15696320  .00003958  00000+0  17062-3 0  9998
2 67278  97.3866 291.8857 0014265 185.5584 174.5497 15.23057083 33563
GALAPAGOS-UTE-SWSU      
1 67279U 25313AH  26218.20194747  .00003918  00000+0  16710-3 0  9996
2 67279  97.3892 292.0384 0013973 181.3136 178.8066 15.23431012 33560
2025-313AJ              
1 67280U 25313AJ  26218.15570855  .00003262  00000+0  14198-3 0  9990
2 67280  97.3967 292.1448 0013165 178.6587 181.4687 15.22870494 33557
2025-313AK              
1 67281U 25313AK  26218.53615619  .00002937  00000+0  12778-3 0  9991
2 67281  97.3850 292.2213 0012018 175.8857 184.2481 15.22970781 33615
2025-313AL              
1 67282U 25313AL  26218.46573582  .00003113  00000+0  13275-3 0  9996
2 67282  97.3896 292.4386 0011267 173.4087 186.7301 15.23624727 33618
HORS 5                  
1 67283U 25313AM  26218.44207486  .00003760  00000+0  15566-3 0  9995
2 67283  97.3905 292.6471 0010515 172.6922 187.4471 15.24501668 33627
LOBACHEVSKY (RS83S)     
1 67284U 25313AN  26218.15913602  .00003263  00000+0  14022-3 0  9992
2 67284  97.3890 292.0713 0010745 174.9833 185.1514 15.23333055 33563
NASBSAT-2               
1 67285U 25313AP  26218.46315075  .00003451  00000+0  14404-3 0  9990
2 67285  97.3888 292.5634 0010453 174.7065 185.4285 15.24281350 33625
MULE 4T                 
1 67286U 25313AQ  26218.15253962  .00004984  00000+0  20265-3 0  9997
2 67286  97.3903 292.4284 0009948 169.5558 190.5888 15.24956036 33581
LUCA (RS90S)            
1 67287U 25313AR  26218.18488513  .00004708  00000+0  18948-3 0  9992
2 67287  97.3906 292.5361 0009879 170.7668 189.3754 15.25326092 33594
2025-313AS              
1 67288U 25313AS  26218.51747667  .00002950  00000+0  12606-3 0  9990
2 67288  97.3896 292.5210 0011847 164.9710 195.1882 15.23587984 33625
NASBSAT-1               
1 67289U 25313AT  26218.17638901  .00007017  00000+0  26603-3 0  9994
2 67289  97.3901 292.8484 0009587 169.1843 190.9604 15.27148412 33618
SAKHACUBE-CHOLBON (RS1*)
1 67290U 25313AU  26218.14942161  .00006138  00000+0  24318-3 0  9993
2 67290  97.3900 292.5815 0009614 169.9703 190.1729 15.25736298 33598
QMR-KWT-2 (RS95S)       
1 67291U 25313AV  26217.75804599  .00009436  00000+0  35273-3 0  9998
2 67291  97.3898 292.4865 0009293 169.0510 191.0933 15.27520768 33557
SITRO-AIS-64            
1 67292U 25313AW  26217.74112159  .00006680  00000+0  26356-3 0  9992
2 67292  97.3904 292.2236 0009266 170.9007 189.2401 15.25843299 33530
SCORPION (RS89S)        
1 67293U 25313AX  26218.60792297  .00002460  00000+0  10695-3 0  9997
2 67293  97.3910 292.5869 0011433 162.9008 197.2617 15.23158088 33636
SITRO-AIS-63            
1 67294U 25313AY  26218.45637885  .00005233  00000+0  20672-3 0  9999
2 67294  97.3910 292.9537 0009224 168.3410 191.8044 15.25905676 33645
ZORKIY-2M-5             
1 67295U 25313AZ  26218.53676139  .00004289  00000+0  17547-3 0  9991
2 67295  97.3909 292.8338 0010928 161.5345 198.6292 15.24815258 33642
SITRO-AIS-62            
1 67296U 25313BA  26218.43959117  .00005662  00000+0  22232-3 0  9994
2 67296  97.3911 292.9850 0008984 168.6422 191.5021 15.26071418 33645
SITRO-AIS-61            
1 67297U 25313BB  26218.16795789  .00005764  00000+0  22582-3 0  9999
2 67297  97.3911 292.7441 0008715 171.3221 188.8169 15.26142734 33608
2025-313BC              
1 67298U 25313BC  26217.47527107  .00102907  00000+0  59807-3 0  9997
2 67298  97.3751 296.8419 0010098 233.5145 126.5191 15.78133437 30950
2025-313BD              
1 67299U 25313BD  26216.20206743  .00172697  12890-4  57994-3 0  9991
2 67299  97.3661 296.0660 0014294 268.0486  91.9150 15.89927150 33659
TIANHUI 7               
1 67300U 25314A   26215.79193537  .00005268  00000+0  21303-3 0  9993
2 67300  97.4008 290.9401 0003329 204.9272 155.1806 15.25147928 33044
CSG-3                   
1 67304U 26001A   26218.49437782  .00000195  00000+0  30997-4 0  9998
2 67304  97.8906  41.3730 0001437  87.8558 272.2820 14.82155099 31916
LEMUR-2 FIKRETDENGIZ    
1 67363U 26004A   26218.61886841  .00002586  00000+0  28282-3 0  9993
2 67363  97.8050 216.4199 0008059 346.6006  13.4996 14.88674708 30788
TWILIGHT-1 OBJECT B     
1 67364U 26004B   26218.46576273  .00001145  00000+0  13112-3 0  9998
2 67364  97.8093 216.2558 0007803 334.9079  25.1757 14.87862783 30763
LEMUR-2-MARIO-SOUSA     
1 67365U 26004C   26217.99062223  .00002618  00000+0  28477-3 0  9997
2 67365  97.8019 215.7947 0007738 350.4266   9.6803 14.88894161 30705
LEMUR-2 CALLUM-K-J      
1 67366U 26004D   26218.61860762  .00002692  00000+0  29440-3 0  9995
2 67366  97.8045 216.4211 0007910 342.2963  17.7977 14.88645730 30799
LEMUR-2-SONNENBLUME     
1 67367U 26004E   26218.53566922  .00001851  00000+0  20472-3 0  9990
2 67367  97.8016 216.2935 0007360 350.5276   9.5801 14.88559876 30786
LEMUR-2-WOBLER          
1 67368U 26004F   26218.52098524  .00002105  00000+0  23039-3 0  9993
2 67368  97.8070 216.4543 0007234 339.8216  20.2714 14.88849400 30786
BLACKCAT                
1 67369U 26004G   26218.59737857  .00000925  00000+0  10720-3 0  9991
2 67369  97.8012 216.1984 0006806 352.9301   7.1818 14.87801732 30788
LEMUR-2-GRAM-E-SUE      
1 67370U 26004H   26218.58230983  .00001316  00000+0  14677-3 0  9990
2 67370  97.8001 216.3568 0006664 355.1310   4.9841 14.88693949 30797
UMBRA-12                
1 67371U 26004J   26218.55741644  .00002572  00000+0  27441-3 0  9997
2 67371  97.8048 216.6475 0005185 346.0757  14.0317 14.89707187 30803
ICEYE-X63               
1 67372U 26004K   26218.57158492  .00000571  00000+0  67509-4 0  9990
2 67372  97.8032 216.4316 0003556 346.3230  13.7890 14.88386040 30798
ICEYE-X64               
1 67373U 26004L   26218.55847101  .00000517  00000+0  62276-4 0  9997
2 67373  97.8045 216.3290 0005415 346.6704  13.4368 14.88023543 30780
AETHER-3                
1 67374U 26004M   26218.59411753  .00000411  00000+0  50831-4 0  9999
2 67374  97.8030 216.3985 0002883   4.1334 355.9906 14.87920497 30793
AETHER-4                
1 67375U 26004N   26218.53818473  .00000398  00000+0  51232-4 0  9994
2 67375  97.8066 216.2554 0002894  72.7165 287.4367 14.86311746 30777
AETHER-5                
1 67376U 26004P   26218.57159418  .00000428  00000+0  54603-4 0  9995
2 67376  97.8067 216.2071 0002844   0.9215 359.2006 14.86334630 30772
AETHER-6                
1 67377U 26004Q   26218.61857715  .00000391  00000+0  50459-4 0  9990
2 67377  97.8067 216.3033 0002591  12.6495 347.4785 14.86334425 30776
AETHER-7                
1 67378U 26004R   26218.58431385  .00000445  00000+0  56473-4 0  9990
2 67378  97.8039 216.1230 0002460 357.5786   2.5418 14.86387044 30768
AETHER-8                
1 67379U 26004S   26218.56499134  .00000416  00000+0  53314-4 0  9994
2 67379  97.8044 216.1605 0002582  49.0191 311.1247 14.86293087 30761
AETHER-9                
1 67380U 26004T   26218.55836088  .00001511  00000+0  17771-3 0  9991
2 67380  97.8035 216.1479 0002653  69.9223 290.2278 14.86297792 30766
AETHER-10               
1 67381U 26004U   26218.59849436  .00000392  00000+0  50523-4 0  9996
2 67381  97.8072 216.3419 0002225  47.5398 312.6005 14.86332661 30777
AETHER-11               
1 67382U 26004V   26218.59178708  .00000405  00000+0  52066-4 0  9993
2 67382  97.8062 216.3283 0002222  79.5346 280.6120 14.86276943 30773
AETHER-12               
1 67383U 26004W   26218.57827523  .00000425  00000+0  54415-4 0  9990
2 67383  97.8033 216.1310 0002546 346.7662  13.3487 14.86279534 30765
CAPELLA-19 (ACADIA-9)   
1 67384U 26004X   26218.54452844  .00002952  00000+0  33865-3 0  9990
2 67384  97.8031 216.0098 0001428  95.5581 264.5798 14.86635825 30756
CAPELLA-18 (ACADIA-8)   
1 67385U 26004Y   26218.55457839  .00002686  00000+0  30848-3 0  9993
2 67385  97.8035 216.1746 0001585  95.4539 264.6858 14.86652145 30761
TWILIGHT-1 OBJECT Z     
1 67386U 26004Z   26218.50613851  .00001321  00000+0  14618-3 0  9999
2 67386  97.8024 216.5074 0002167 359.6402   0.4813 14.89019451 30788
LEMUR-2-KATIE           
1 67387U 26004AA  26218.58096876  .00001994  00000+0  21030-3 0  9992
2 67387  97.8065 216.9827 0001328 310.1237  49.9864 14.90423710 30817
LEMUR-2-HCS-BAZUS       
1 67388U 26004AB  26218.51216454  .00001948  00000+0  20562-3 0  9990
2 67388  97.8052 216.8898 0000842 305.5077  54.6062 14.90420896 30805
HYDRA-2                 
1 67389U 26004AC  26218.53147314  .00002964  00000+0  14457-3 0  9996
2 67389  97.4610 216.9462 0004393 136.0081 224.1504 15.19085897 31397
CONNECTA IOT-16         
1 67390U 26004AD  26218.54194516  .00001884  00000+0  95598-4 0  9991
2 67390  97.4615 216.7834 0004663 144.6889 215.4655 15.18133517 31387
FLAMINGO-1              
1 67391U 26004AE  26218.52696202  .00001401  00000+0  72574-4 0  9993
2 67391  97.4577 216.6849 0006781 139.4665 220.7075 15.17807187 31382
HAWK-13A                
1 67392U 26004AF  26218.57767063  .00002168  00000+0  10523-3 0  9999
2 67392  97.4460 216.7426 0006701 142.5429 217.6274 15.19526513 31414
HAWK-13C                
1 67393U 26004AG  26218.57755241  .00002189  00000+0  10627-3 0  9993
2 67393  97.4613 217.2097 0006337 144.0073 216.1590 15.19522958 31416
TWILIGHT-1 OBJECT AH    
1 67394U 26004AH  26218.53525971  .00002589  00000+0  12402-3 0  9992
2 67394  97.4522 216.9797 0009526 150.0275 210.1507 15.19801051 31419
PANDORA                 
1 67395U 26004AJ  26218.53339504  .00000521  00000+0  62505-4 0  9992
2 67395  97.8068 216.4169 0004531 340.3469  19.7572 14.88154037 30769
HAWK-13B                
1 67396U 26004AK  26218.51159091  .00002134  00000+0  10367-3 0  9992
2 67396  97.4553 216.9502 0007638 145.6780 214.4950 15.19519745 31406
CARBSAR                 
1 67397U 26004AL  26218.54165094  .00003630  00000+0  17096-3 0  9994
2 67397  97.4568 217.1144 0006635 144.0559 216.1123 15.20140237 31411
TOMORROW-S10            
1 67398U 26004AM  26218.55651148  .00002418  00000+0  11557-3 0  9995
2 67398  97.4607 217.1928 0006953 151.4452 208.7165 15.19955027 31415
TOMORROW-S11            
1 67399U 26004AN  26218.52931759  .00002402  00000+0  11491-3 0  9992
2 67399  97.4594 217.1992 0008000 154.8871 205.2754 15.19928368 31413
CONNECTA IOT-13         
1 67400U 26004AP  26218.56209576  .00001726  00000+0  87608-4 0  9996
2 67400  97.4591 216.8451 0009014 162.9921 197.1617 15.18214205 31392
CONNECTA IOT-14         
1 67401U 26004AQ  26218.47982094  .00001894  00000+0  94230-4 0  9995
2 67401  97.4538 216.8019 0010336 154.7439 205.4303 15.18800978 31399
CONNECTA IOT-15         
1 67402U 26004AR  26218.24025315  .00002838  00000+0  14284-3 0  9994
2 67402  97.4596 216.3682 0004572 133.8171 226.3442 15.18016696 31326
YAOGAN-50 01            
1 67433U 26006A   26218.51366886  .00000255  00000+0  60802-4 0  9990
2 67433 142.0401  98.9778 0000611 249.7270 110.3383 13.83248601 28403
HULIANWANG DIGUI-137    
1 67435U 26007A   26218.52608672 -.00000095  00000+0  63310-4 0  9996
2 67435  50.0072 265.3257 0000795 199.8457 160.2384 13.29328154 27488
HULIANWANG DIGUI-138    
1 67436U 26007B   26218.54285071 -.00000094  00000+0  65536-4 0  9994
2 67436  50.0052 265.3783 0000781 199.7008 160.3834 13.29326529 27482
HULIANWANG DIGUI-139    
1 67437U 26007C   26218.53427387 -.00000104  00000+0  43902-4 0  9997
2 67437  50.0021 265.2844 0000717 183.9767 176.1099 13.29329420 27483
HULIANWANG DIGUI-140    
1 67438U 26007D   26218.47598756 -.00000086  00000+0  82783-4 0  9999
2 67438  50.0047 265.6830 0000774 200.9257 159.1584 13.29327239 27473
HULIANWANG DIGUI-141    
1 67439U 26007E   26218.44252657 -.00000095  00000+0  62621-4 0  9993
2 67439  50.0038 265.4968 0000779 200.8265 159.2576 13.29327989 27471
HULIANWANG DIGUI-142    
1 67440U 26007F   26218.50939443 -.00000092  00000+0  68747-4 0  9999
2 67440  50.0115 265.3123 0000761 202.5616 157.5223 13.29327828 27484
HULIANWANG DIGUI-143    
1 67441U 26007G   26218.50111110 -.00000091  00000+0  72266-4 0  9993
2 67441  50.0093 265.2368 0000659 209.3610 150.7225 13.29326105 27489
HULIANWANG DIGUI-144    
1 67442U 26007H   26218.49249756 -.00000096  00000+0  59520-4 0  9993
2 67442  50.0083 265.1752 0000795 206.5941 153.4891 13.29330265 27483
HULIANWANG DIGUI-145    
1 67443U 26007J   26218.48439013 -.00000085  00000+0  85044-4 0  9998
2 67443  50.0086 265.1391 0000735 203.4099 156.6740 13.29327034 27488
ALSAT-3A                
1 67474U 26009A   26218.50828177  .00002946  00000+0  12701-3 0  9996
2 67474  97.4514 292.0358 0008613 296.4972  63.5381 15.23325627 30933
TIANQI-37               
1 67476U 26010A   26217.08785076 -.00000072  00000+0  38747-4 0  9990
2 67476  44.9804 224.1592 0012138 205.6727 154.3504 13.99178437 28240
TIANQI-38               
1 67477U 26010B   26217.99874248 -.00000060  00000+0  46667-4 0  9998
2 67477  44.9765 219.8654 0011047 217.5964 142.4097 13.99174298 28370
TIANQI-39               
1 67478U 26010C   26218.26724868 -.00000068  00000+0  41593-4 0  9993
2 67478  44.9779 214.8412 0014903 232.2980 127.6502 13.99225071 28461
TIANQI-40               
1 67479U 26010D   26218.32054733 -.00000067  00000+0  42360-4 0  9990
2 67479  44.9811 218.8821 0011207 225.1622 134.8301 13.99161503 28416
SZ-20 MODULE            
1 67481U 25082C   26218.57613129  .00018981  00000+0  14512-3 0  9998
2 67481  41.4770   5.3103 0013031 358.0885   1.9906 15.71593507301156
2025-313BE              
1 67482U 25313BE  26218.17416153  .00412698  00000+0  23292-2 0  9997
2 67482  97.3757 297.7901 0010632 233.0270 127.0024 15.77969838 31071
ION SCV-021             
1 67483U 25276DT  26218.75290609  .00000931  00000+0  83620-4 0  9992
2 67483  97.5226 287.3629 0008527 315.7297  44.3243 14.97995812 30170
HULIANWANG DIGUI-146    
1 67522U 26013A   26218.15329775 -.00000087  00000+0  80817-4 0  9995
2 67522  50.0066 176.7071 0001289 298.4337  61.6405 13.29326525 26699
HULIANWANG DIGUI-147    
1 67523U 26013B   26218.14475865 -.00000089  00000+0  75173-4 0  9998
2 67523  50.0036 176.6101 0001184 299.6553  60.4201 13.29328283 26691
HULIANWANG DIGUI-148    
1 67524U 26013C   26218.58746999 -.00000095  00000+0  62077-4 0  9992
2 67524  50.0075 175.0180 0001215 300.1542  59.9210 13.29328032 26758
HULIANWANG DIGUI-149    
1 67525U 26013D   26218.20333495 -.00000093  00000+0  67064-4 0  9994
2 67525  50.0070 176.3136 0001435 298.9838  61.0891 13.29328402 26700
HULIANWANG DIGUI-150    
1 67526U 26013E   26218.56260627 -.00000090  00000+0  72699-4 0  9997
2 67526  50.0033 174.8145 0001253 300.8330  59.2419 13.29325528 26779
HULIANWANG DIGUI-151    
1 67527U 26013F   26218.57089828 -.00000095  00000+0  61666-4 0  9998
2 67527  50.0078 174.9308 0001224 300.8815  59.1936 13.29327533 26756
HULIANWANG DIGUI-152    
1 67528U 26013G   26218.17819340 -.00000086  00000+0  81730-4 0  9999
2 67528  50.0024 176.1070 0001222 299.4137  60.6613 13.29328203 26705
HULIANWANG DIGUI-153    
1 67529U 26013H   26218.17001482 -.00000083  00000+0  88438-4 0  9999
2 67529  50.0026 176.0678 0001262 301.0486  59.0262 13.29325129 26696
HULIANWANG DIGUI-154    
1 67530U 26013J   26218.16147950 -.00000089  00000+0  76342-4 0  9998
2 67530  50.0051 176.0665 0001183 299.9921  60.0833 13.29328262 26690
MR-2                    
1 67556U 26015A   26218.57718625  .00000029  00000+0  26097-4 0  9991
2 67556  88.9966 263.4331 0001541 325.0588  35.0462 13.52698145 26520
MR-1                    
1 67557U 26015B   26218.58084943  .00000020  00000+0  12119-4 0  9993
2 67557  88.9965 263.4331 0001575 321.4810  38.6230 13.52672371 26520
NEONSAT-1A              
1 67614U 26019A   26218.31579735  .00001250  00000+0  83529-4 0  9999
2 67614  97.4308 336.8524 0013694  27.5236 332.6715 15.08678880 28374
ALSAT-3B                
1 67646U 26021A   26218.60718989  .00003060  00000+0  13177-3 0  9997
2 67646  97.4557 292.0484 0011897 356.7000   3.4156 15.23312271 28549
COSMOS 2600             
1 67674U 26023A   26218.48666989  .00035399  00000+0  16785-3 0  9996
2 67674  96.7570 290.1477 0008107 189.1247 170.9877 15.82849080 28749
COSMOS 2601             
1 67675U 26023B   26218.62331176  .00005648  00000+0  22033-3 0  9997
2 67675  96.6213 274.3695 0015084 322.6948  37.3244 15.26156149 27707
COSMOS 2602             
1 67676U 26023C   26218.61847740  .00005298  00000+0  20668-3 0  9999
2 67676  96.6253 274.4778 0015570 311.1697  48.8199 15.26173329 27692
COSMOS 2603             
1 67677U 26023D   26218.64556715  .00004817  00000+0  18984-3 0  9996
2 67677  96.6279 274.4916 0015060 318.8650  41.1454 15.25880808 27698
COSMOS 2604             
1 67678U 26023E   26218.60503090  .00005336  00000+0  20705-3 0  9992
2 67678  96.6171 274.2968 0015705 315.4480  44.5497 15.26343644 27692
COSMOS 2605             
1 67679U 26023F   26217.14970068  .00000022  00000+0  31760-5 0  9996
2 67679  96.6195 275.5587 0017865 318.6452  41.3435 15.26056181 27462
COSMOS 2606             
1 67680U 26023G   26218.66425620  .00005124  00000+0  19967-3 0  9996
2 67680  96.6116 276.7228 0018642 304.3516  55.5960 15.26175106 27693
COSMOS 2607             
1 67681U 26023H   26218.62059481  .00004709  00000+0  18413-3 0  9994
2 67681  96.6265 276.9730 0019370 304.0972  55.8430 15.26080243 27682
COSMOS 2608             
1 67682U 26023J   26218.65929962  .00004389  00000+0  17071-3 0  9991
2 67682  96.6218 276.9686 0018611 299.6076  60.3310 15.26307080 27692
KNACKSAT-2              
1 67683U 98067XZ  26218.75726677  .00037965  00000+0  38681-3 0  9994
2 67683  51.6283  39.2423 0006978  33.8928 326.2512 15.64703295 28185
GXIBA-1                 
1 67685U 98067YB  26217.92695000  .00050530  00000+0  46216-3 0  9995
2 67685  51.6256  41.9304 0007303  26.9225 333.2149 15.67267844 28071
UITMSAT-2               
1 67686U 98067YC  26218.74935154  .00080513  00000+0  56348-3 0  9995
2 67686  51.6243  34.6513 0004708 341.0944  18.9879 15.73523883 28245
LEOPARD                 
1 67687U 98067YD  26217.78315618  .00056619  00000+0  52638-3 0  9994
2 67687  51.6287  43.2477 0005250 350.6510   9.4387 15.66831090 27968
HMU-SAT2                
1 67688U 98067YE  26217.79156377  .00066760  00000+0  53646-3 0  9999
2 67688  51.6265  41.0335 0004443 347.4705  12.6181 15.70327917 27991
PRC TEST SPACECRAFT 4   
1 67689U 26024A   26218.74055044 -.00000048  00000+0  19253-4 0  9994
2 67689  49.9948  38.4143 0004802 228.9318 131.1209 14.91850087 26986
2026-027A               
1 67746U 26027A   26218.58834309  .00003455  00000+0  16504-3 0  9991
2 67746  97.5114 346.4810 0010626  46.4538 313.7578 15.19666135 26612
2026-027B               
1 67747U 26027B   26218.31369672  .00003794  00000+0  18016-3 0  9995
2 67747  97.5110 346.2219 0010886  50.2160 310.0031 15.19802613 26574
2026-027C               
1 67748U 26027C   26218.60548304  .00002348  00000+0  11457-3 0  9995
2 67748  97.5125 346.4771 0011620  50.7188 309.5075 15.19244768 26615
2026-027D               
1 67749U 26027D   26218.31795308  .00004420  00000+0  20477-3 0  9997
2 67749  97.5111 346.3796 0010883  55.5806 304.6456 15.20572684 26530
2026-027E               
1 67750U 26027E   26218.60506104  .00003372  00000+0  15886-3 0  9998
2 67750  97.5126 346.6397 0010506  57.3219 302.9028 15.20161341 26628
2026-027F               
1 67751U 26027F   26218.60178481  .00002351  00000+0  13776-3 0  9994
2 67751  97.5124 345.2764 0008334 306.0966  53.9492 15.12741007 26531
2026-027G               
1 67752U 26027G   26218.30305335  .00003828  00000+0  21464-3 0  9995
2 67752  97.5115 344.8907 0013674  79.4366 280.8405 15.13898075 26482
2025-313BF              
1 67755U 25313BF  26217.75176394  .00126191  79738-5  40365-3 0  9994
2 67755  97.3661 297.7146 0011849 238.1890 121.8230 15.90970873 29562
KUIPER-00159            
1 67764U 26030A   26218.58335648 -.00023825  00000+0 -29544-2 0  9999
2 67764  51.9015 220.6317 0001257  90.7319 327.4987 14.82033324  5003
KUIPER-00160            
1 67765U 26030B   26218.27710469  .00018359  00000+0  49708-3 0  9993
2 67765  51.8795 216.0097 0004662 213.5494 146.5198 15.37716970 28100
KUIPER-00177            
1 67766U 26030C   26218.53430940  .00001595  00000+0  23814-3 0  9990
2 67766  51.9007 270.5139 0000303  59.8053 300.2940 14.79935860 27367
KUIPER-00178            
1 67767U 26030D   26218.56808517  .00001675  00000+0  24873-3 0  9998
2 67767  51.9007 270.3469 0000496  88.5528 271.5491 14.79931836 27372
KUIPER-00180            
1 67768U 26030E   26218.50593887 -.00000227  00000+0 -80303-6 0  9991
2 67768  51.8995 265.6226 0000482 103.1689 256.9328 14.79923881 27437
KUIPER-00197            
1 67769U 26030F   26218.39244217 -.00000073  00000+0  19422-4 0  9999
2 67769  51.8988 246.1384 0000394  14.6152 345.4822 14.79922755 27692
KUIPER-00198            
1 67770U 26030G   26218.54777458  .00000066  00000+0  37595-4 0  9998
2 67770  51.8973 257.9288 0000371  67.9128 292.1874 14.79933933 27549
KUIPER-00199            
1 67771U 26030H   26218.56923376  .00008277  00000+0  23458-3 0  9997
2 67771  51.8802 216.4274 0009218 229.9271 130.0908 15.37099516 28122
KUIPER-00200            
1 67772U 26030J   26218.49645237  .00001501  00000+0  22586-3 0  9991
2 67772  51.8978 243.1996 0000593  72.9953 287.1074 14.79923585 27747
KUIPER-00203            
1 67773U 26030K   26218.52892813  .00001792  00000+0  26403-3 0  9994
2 67773  51.9066 275.5954 0000374  88.9570 271.1435 14.79934177 27292
KUIPER-00205            
1 67774U 26030L   26218.49913210  .00001324  00000+0  20261-3 0  9993
2 67774  51.8997 240.6440 0000204  57.8813 302.2169 14.79923758 27782
KUIPER-00208            
1 67775U 26030M   26218.43570537 -.00000608  00000+0 -50784-4 0  9999
2 67775  51.8989 268.4312 0000386  14.9331 345.1642 14.79925521 27388
KUIPER-00209            
1 67776U 26030N   26218.53970736  .00001239  00000+0  19159-3 0  9995
2 67776  51.8988 265.5650 0000350  56.4652 303.6344 14.79921602 27439
KUIPER-00213            
1 67777U 26030P   26218.50868332  .00001511  00000+0  22731-3 0  9994
2 67777  51.8959 263.1750 0000485  53.7338 306.3669 14.79902987 27461
KUIPER-00214            
1 67778U 26030Q   26218.41005335  .00001593  00000+0  23793-3 0  9990
2 67778  51.9000 261.1311 0000322  77.1235 282.9764 14.79936046 27487
KUIPER-00215            
1 67779U 26030R   26218.38976610  .00001475  00000+0  22241-3 0  9996
2 67779  51.8981 248.5803 0000385  43.9129 316.1864 14.79932742 27662
KUIPER-00218            
1 67780U 26030S   26218.33979397  .00001446  00000+0  21872-3 0  9995
2 67780  51.8972 263.8438 0000597  64.4436 295.6588 14.79929735 27440
KUIPER-00220            
1 67781U 26030T   26218.36670822 -.00006886  00000+0 -87456-3 0  9995
2 67781  51.8954 238.7571 0000587  56.2569 303.8449 14.79962546 27798
KUIPER-00222            
1 67782U 26030U   26218.37898953  .00001610  00000+0  24028-3 0  9998
2 67782  51.8983 258.8276 0000342  77.5339 282.5661 14.79918193 27514
KUIPER-00223            
1 67783U 26030V   26218.48835103  .00001572  00000+0  23516-3 0  9997
2 67783  51.9009 250.6437 0000354  72.5429 287.5572 14.79918975 27640
KUIPER-00225            
1 67784U 26030W   26218.48297646  .00001617  00000+0  24114-3 0  9997
2 67784  51.8980 255.8252 0000341  68.0190 292.0809 14.79919944 27563
KUIPER-00226            
1 67785U 26030X   26218.38173523  .00001170  00000+0  19746-3 0  9993
2 67785  51.8994 242.8158 0003070 230.1965 129.8725 14.76382813 27744
KUIPER-00259            
1 67786U 26030Y   26218.31415612  .00001378  00000+0  20970-3 0  9996
2 67786  51.8976 256.4741 0000391  75.4115 284.6890 14.79928287 27549
KUIPER-00260            
1 67787U 26030Z   26218.31683316 -.00001848  00000+0 -21350-3 0  9992
2 67787  51.9008 254.0628 0000396  84.8918 275.2089 14.79925495 27482
KUIPER-00262            
1 67788U 26030AA  26218.48564845  .00001479  00000+0  22297-3 0  9995
2 67788  51.9002 253.2340 0000457 339.8166  20.2778 14.79933101 27605
KUIPER-00266            
1 67789U 26030AB  26218.38705865  .00001557  00000+0  23321-3 0  9990
2 67789  51.8997 251.1647 0000954 272.5851  87.5002 14.79929728 27629
KUIPER-00268            
1 67790U 26030AC  26218.49104294 -.00001155  00000+0 -12258-3 0  9996
2 67790  51.9022 248.2300 0000346  30.7764 329.3219 14.79927713 27670
KUIPER-00270            
1 67791U 26030AD  26218.26548462  .00001186  00000+0  18446-3 0  9998
2 67791  51.8974 239.1985 0000434 108.3654 251.7355 14.79937588 27784
KUIPER-00274            
1 67792U 26030AE  26218.51133400  .00001516  00000+0  22783-3 0  9995
2 67792  51.9019 260.6144 0000359   0.7974 359.2989 14.79916922 27504
KUIPER-00275            
1 67793U 26030AF  26218.26277129 -.00000757  00000+0 -70266-4 0  9993
2 67793  51.8986 241.7168 0000345  33.7880 326.3105 14.79928754 27747
KUIPER-00276            
1 67794U 26030AG  26218.49376383  .00001546  00000+0  23173-3 0  9990
2 67794  51.8983 245.6769 0001019 235.8785 124.2080 14.79926783 27717
KUIPER-00279            
1 67795U 26030AH  26218.26817008 -.00000446  00000+0 -29561-4 0  9998
2 67795  51.9017 236.7085 0000558 330.4467  29.6464 14.79927081 27812
CREW DRAGON 12          
1 67796U 26031A   26218.50541180  .00004487  00000+0  88448-4 0  9998
2 67796  51.6323  51.0716 0007292  18.8673 341.2584 15.49364501579477
GLOBAL-34               
1 68098U 26043A   26218.58129214  .00005256  00000+0  16630-3 0  9993
2 68098  42.0211 289.2043 0004039 276.9674  83.0704 15.33531344 23568
HULIANWANG DIGUI-155    
1 68129U 26047A   26218.29859155 -.00000093  00000+0  67819-4 0  9995
2 68129  50.0012 236.6571 0001166 278.7801  81.2939 13.29327153 19731
HULIANWANG DIGUI-156    
1 68130U 26047B   26218.29031627 -.00000100  00000+0  52521-4 0  9996
2 68130  50.0013 236.6160 0001102 281.9868  78.0881 13.29325054 19724
HULIANWANG DIGUI-157    
1 68131U 26047C   26218.28197319 -.00000096  00000+0  61232-4 0  9990
2 68131  49.9983 236.5387 0001111 279.7375  80.3372 13.29326869 19733
HULIANWANG DIGUI-158    
1 68132U 26047D   26218.49915254 -.00000091  00000+0  70979-4 0  9993
2 68132  50.0029 235.7418 0001184 279.4472  80.6266 13.29325637 19758
HULIANWANG DIGUI-159    
1 68133U 26047E   26218.49078434 -.00000089  00000+0  76542-4 0  9993
2 68133  49.9998 235.6614 0001232 274.7039  85.3692 13.29327429 19766
HULIANWANG DIGUI-160    
1 68134U 26047F   26218.39882613 -.00000086  00000+0  81771-4 0  9992
2 68134  50.0054 235.9136 0001227 264.9451  95.1281 13.29327217 19744
HULIANWANG DIGUI-161    
1 68135U 26047G   26218.48237588 -.00000086  00000+0  82110-4 0  9996
2 68135  50.0073 235.7114 0001134 276.4808  83.5935 13.29326268 19765
HULIANWANG DIGUI-162    
1 68136U 26047H   26218.31556350 -.00000088  00000+0  77575-4 0  9991
2 68136  50.0046 236.1299 0001141 283.1818  76.8927 13.29323370 19733
HULIANWANG DIGUI-163    
1 68137U 26047J   26218.30697184 -.00000093  00000+0  67056-4 0  9991
2 68137  50.0047 236.0887 0001074 281.8306  78.2446 13.29327063 19745
SHIYAN-30 03            
1 68139U 26048A   26218.68756756  .00001228  00000+0  12190-3 0  9994
2 68139  35.0010 325.2731 0004113  50.7898 309.3172 14.91895793 21911
SHIYAN-30 04            
1 68140U 26048B   26218.68834535  .00001224  00000+0  12147-3 0  9996
2 68140  34.9925 325.1941 0002174  70.5247 289.5692 14.91899430 21919
YAOGAN-50 02            
1 68196U 26051A   26218.61065390  .00000295  00000+0  97892-4 0  9997
2 68196 141.9882 211.1138 0000861 265.5268  94.5354 13.83260822 19983
2026-052A               
1 68198U 26052A   26218.62230641  .00004142  00000+0  24786-3 0  9990
2 68198  97.5303 292.6390 0014646 131.8347 228.4137 15.11496231 21665
YUXING-3 06             
1 68199U 26052B   26218.69052475  .00003245  00000+0  19630-3 0  9990
2 68199  97.5301 292.7017 0013848 132.3421 227.8984 15.11268081 21677
2026-052C               
1 68200U 26052C   26218.55950622  .00002746  00000+0  16843-3 0  9997
2 68200  97.5319 292.5631 0001526  92.7390 267.4014 15.10963426 21648
2026-052D               
1 68201U 26052D   26218.64388538  .00003109  00000+0  18492-3 0  9995
2 68201  97.5302 292.7609 0012764 130.9651 229.2686 15.11923530 21676
2026-052E               
1 68202U 26052E   26218.18146799  .00002943  00000+0  17531-3 0  9994
2 68202  97.5276 292.3058 0012511 136.1865 224.0360 15.11914263 21604
2026-052F               
1 68203U 26052F   26218.15593086  .00004245  00000+0  24921-3 0  9995
2 68203  97.5285 292.3321 0011804 129.7845 230.4427 15.12203340 21601
2026-052G               
1 68204U 26052G   26218.62124037  .00003060  00000+0  18155-3 0  9990
2 68204  97.5301 292.7929 0011464 130.8534 229.3692 15.12044652 21676
2026-052J               
1 68206U 26052J   26218.62837421  .00027898  21440-5  35370-3 0  9990
2 68206  97.3258 283.0646 0461661 259.9861  94.8978 14.88342520 21196
TEN-KOH 2               
1 68261U 25241B   26218.63410996  .00004171  00000+0  18115-3 0  9995
2 68261  51.6558  79.4336 0005512 304.7357  55.3101 15.24438602 22609
STRIX-6                 
1 68291U 26056A   26217.74859759  .00001838  00000+0  16514-3 0  9996
2 68291  50.2820 115.4630 0016506  74.7492 285.5281 15.00438236 20719
PROGRESS-MS 33          
1 68319U 26058A   26218.50541180  .00004487  00000+0  88448-4 0  9999
2 68319  51.6323  51.0716 0007292  18.8673 341.2584 15.49364501579323
CENTISPACE-2 S1         
1 68350U 26060A   26217.09465415  .00000168  00000+0  94519-4 0  9994
2 68350  54.9801 203.0379 0007602 274.7851  85.2266 14.45351758 19882
CENTISPACE-2 S2         
1 68351U 26060B   26218.25174853  .00000118  00000+0  82490-4 0  9997
2 68351  54.9797 198.9997 0006128 263.3484  96.6804 14.44014885 20043
CENTISPACE-2 S3         
1 68352U 26060C   26217.35140152  .00000306  00000+0  13394-3 0  9998
2 68352  54.9805 201.8470 0009515 280.6371  79.3543 14.45150647 19925
CENTISPACE-2 S4         
1 68353U 26060D   26217.10763753  .00000217  00000+0  10897-3 0  9996
2 68353  54.9807 203.1284 0007728 291.5494  68.4668 14.45100488 19887
CENTISPACE-2 S5         
1 68354U 26060E   26218.05775759  .00000095  00000+0  75929-4 0  9993
2 68354  54.9722 199.1637 0008657 277.4927  82.5074 14.43940585 20020
CENTISPACE-2 S6         
1 68355U 26060F   26218.28622572  .00000131  00000+0  84192-4 0  9996
2 68355  54.9750 198.4888 0009004 271.5036  88.4918 14.45207921 20052
CENTISPACE-2 S7         
1 68356U 26060G   26218.11183561  .00000041  00000+0  59101-4 0  9991
2 68356  54.9864 198.9416 0009646 254.7256 105.2663 14.44952285 20032
CENTISPACE-2 S8         
1 68357U 26060H   26218.51295568  .00000122  00000+0  82131-4 0  9996
2 68357  54.9831 197.2569 0009075 270.3364  89.6582 14.44909671 20090
CENTISPACE-2 S9         
1 68358U 26060J   26217.46212752  .00000145  00000+0  88666-4 0  9998
2 68358  54.9793 201.8007 0008454 274.4346  85.5674 14.44849283 19932
CENTISPACE-2 S10        
1 68359U 26060K   26218.12091341  .00000143  00000+0  86134-4 0  9998
2 68359  54.9790 198.9075 0008480 276.0722  83.9298 14.46157202 20038
RASSVET-3 1             
1 68360U 26061A   26218.75407598  .00002601  00000+0  12618-3 0  9991
2 68360  82.2924 320.4753 0002360 126.4428 233.7023 15.18089871 21241
RASSVET-3 2             
1 68361U 26061B   26218.56935589  .00001695  00000+0  85823-4 0  9998
2 68361  82.2938 319.2780 0002276 279.1174  80.9801 15.16373018 21303
RASSVET-3 3             
1 68362U 26061C   26218.34573756  .00001330  00000+0  63759-4 0  9999
2 68362  82.2977 323.0120 0003753  83.6427 276.5234 15.18097932 21053
RASSVET-3 5             
1 68364U 26061E   26218.54994242  .00001396  00000+0  66989-4 0  9990
2 68364  82.2986 323.6396 0002479 125.2823 234.8643 15.18095683 21033
RASSVET-3 6             
1 68365U 26061F   26218.28200522  .00001405  00000+0  67461-4 0  9990
2 68365  82.2963 323.5583 0002592  81.3876 278.7651 15.18096253 21010
RASSVET-3 7             
1 68366U 26061G   26218.61366259  .00001645  00000+0  79212-4 0  9991
2 68366  82.2959 322.5746 0001968  45.5822 314.5572 15.18108670 21103
RASSVET-3 8             
1 68367U 26061H   26218.56949377  .00001780  00000+0  85770-4 0  9990
2 68367  82.2939 320.0858 0001033 326.2695  33.8472 15.18128198 21252
RASSVET-3 9             
1 68368U 26061J   26218.75201016  .00001892  00000+0  91298-4 0  9999
2 68368  82.2946 320.6639 0004391 131.7488 228.4122 15.18103405 21239
RASSVET-3 10            
1 68369U 26061K   26218.15933017  .00009090  00000+0  17932-3 0  9997
2 68369  82.2874 316.0518 0002960 124.6254 235.5274 15.47006591 21470
RASSVET-3 11            
1 68370U 26061L   26218.31728383  .00014772  00000+0  14212-3 0  9996
2 68370  82.2918 316.8257 0005832 336.5815  23.5177 15.66369044 21436
RASSVET-3 12            
1 68371U 26061M   26218.74983485  .00001470  00000+0  70647-4 0  9996
2 68371  82.2969 323.0901 0001679 147.1891 212.9447 15.18097113 21081
RASSVET-3 13            
1 68372U 26061N   26218.36954259  .00002541  00000+0  12312-3 0  9996
2 68372  82.2979 323.0782 0000789 178.2414 181.8822 15.18130330 21054
RASSVET-3 14            
1 68373U 26061P   26218.53627187  .00025742  00000+0  19120-3 0  9995
2 68373  82.2934 316.5060 0008314 292.4072  67.6309 15.72636850 21478
RASSVET-3 15            
1 68374U 26061Q   26218.57180800  .00002603  00000+0  12615-3 0  9999
2 68374  82.2968 319.7963 0001351 185.6580 174.4639 15.18132090 21272
RASSVET-3 16            
1 68375U 26061R   26218.75630883  .00001893  00000+0  91308-4 0  9998
2 68375  82.2948 320.6758 0002173 138.9300 221.2097 15.18130083 21233
SUPERVIEW NEO-2 05      
1 68377U 26062A   26218.52074968  .00002411  00000+0  11605-3 0  9990
2 68377  97.4395 225.1138 0001621  90.5655 269.5766 15.19721830 20293
SUPERVIEW NEO-2 06      
1 68378U 26062B   26218.52074969  .00001145  00000+0  56774-4 0  9992
2 68378  97.4397 225.1186 0001342 113.1424 246.9952 15.19719739 20296
SHIYAN-33               
1 68405U 26064A   26218.73831906  .00002815  00000+0  11766-3 0  9996
2 68405  97.4594 294.0226 0015263 126.1397 234.1255 15.24345688 20194
LPNTSAT-001 (IOD-1)     
1 68408U 26065A   26218.61424362  .00001613  00000+0  80635-4 0  9998
2 68408  97.3945  98.0453 0016193 182.2571 177.8593 15.18764943 19918
LPNTSAT-002 (IOD-2)     
1 68409U 26065B   26218.23849108  .00003531  00000+0  16755-3 0  9998
2 68409  97.3934  97.7659 0013578 176.8014 183.3311 15.19831063 19847
XINZHENGCHENG-01        
1 68412U 26066A   26218.44920536  .00000432  00000+0  43004-4 0  9996
2 68412  84.9669 195.7683 0027663  79.0262 281.4071 14.88451144 19209
XINZHENGCHENG 01        
1 68414U 26066C   26218.43181869  .00000776  00000+0  79306-4 0  9990
2 68414  84.9667 195.7516 0028321  79.6095 280.8319 14.88709063 19200
TIANSHI-01              
1 68415U 26066D   26218.43012594  .00001105  00000+0  11399-3 0  9993
2 68415  84.9665 195.7485 0027926  78.9767 281.4595 14.88823632 19204
TRANSPORTER-16 OBJECT A 
1 68416U 26067A   26218.46035553  .00003459  00000+0  16352-3 0  9996
2 68416  97.4577 176.4406 0004210  93.8217 266.3499 15.20059180 19584
JACK-002                
1 68417U 26067B   26218.40139792  .00003390  00000+0  16073-3 0  9995
2 68417  97.4599 176.4010 0004111  96.3845 263.7859 15.19966450 19570
OPTISAT                 
1 68418U 26067C   26218.36508096  .00003107  00000+0  15018-3 0  9992
2 68418  97.4615 176.3275 0004273 105.6967 254.4740 15.19363698 19560
FEMTO-1                 
1 68419U 26067D   26218.76336350  .00001940  00000+0  95401-4 0  9997
2 68419  97.4573 176.6406 0003648  89.0502 271.1150 15.19202749 19625
ERMIS-2                 
1 68420U 26067E   26218.37763086  .00005616  00000+0  25925-3 0  9993
2 68420  97.4503 176.2872 0003588  82.4431 277.7212 15.20610630 19573
VIREON-2                
1 68421U 26067F   26218.44291893  .00001839  00000+0  90735-4 0  9999
2 68421  97.4556 176.2661 0003018  84.9405 275.2174 15.19164354 19579
BRO-19                  
1 68422U 26067G   26218.44457098  .00002115  00000+0  10397-3 0  9994
2 68422  97.4510 176.1975 0002835  83.2021 276.9536 15.19123958 19574
SPOQC                   
1 68423U 26067H   26218.44280805  .00002900  00000+0  14075-3 0  9994
2 68423  97.4539 176.2439 0002713  93.4661 266.6884 15.19274946 19576
SPACEVAN-002            
1 68424U 26067J   26218.42539338  .00006246  00000+0  30360-3 0  9993
2 68424  97.4551 176.1405 0001794 146.2655 213.8694 15.18781174 19568
ERMIS-3                 
1 68425U 26067K   26218.44766095  .00003587  00000+0  17310-3 0  9993
2 68425  97.4617 176.3762 0003036 117.4070 242.7474 15.19316998 19579
TRANSPORTER-16 OBJECT L 
1 68426U 26067L   26218.12023945  .00006496  00000+0  29822-3 0  9992
2 68426  97.4573 176.1278 0003180 121.7858 238.3688 15.20741787 19537
EMISAR                  
1 68427U 26067M   26218.40961816  .00004709  00000+0  22093-3 0  9990
2 68427  97.4578 176.3587 0003040 122.3700 237.7829 15.20138915 19573
OUT OF THE BOX (OOTB)   
1 68428U 26067N   26218.40516394  .00002007  00000+0  99791-4 0  9997
2 68428  97.4605 176.2552 0002414 130.5928 229.5517 15.18791232 19569
TROOP-F3                
1 68429U 26067P   26218.40404633  .00006308  00000+0  29038-3 0  9994
2 68429  97.4533 176.3002 0002252 152.4393 207.6962 15.20662083 19576
VEGAFLY-1               
1 68430U 26067Q   26218.43044439  .00004801  00000+0  22788-3 0  9994
2 68430  97.4519 176.2477 0002542 101.1383 259.0138 15.19725253 19572
DISCO-2                 
1 68431U 26067R   26218.43086866  .00004990  00000+0  23632-3 0  9993
2 68431  97.4631 176.4216 0003050 133.9683 226.1804 15.19781180 19578
NUSAT-53 (JANE GOODALL) 
1 68432U 26067S   26218.40247441  .00002944  00000+0  14388-3 0  9994
2 68432  97.4590 176.2363 0002436 154.9891 205.1462 15.19014728 19568
T.MICROSAT-2            
1 68433U 26067T   26218.43463640  .00003164  00000+0  15965-3 0  9996
2 68433  97.4597 176.0613 0003808 236.5560 123.5310 15.17843678 19552
VIREON-1                
1 68434U 26067U   26218.39359685  .00001662  00000+0  82881-4 0  9998
2 68434  97.4619 176.2878 0002861 121.2071 238.9444 15.18921203 19560
ION SCV-019 (ASTOUNDIN*)
1 68435U 26067V   26218.42903563  .00002549  00000+0  12157-3 0  9996
2 68435  97.4579 176.3356 0008367 216.0410 144.0262 15.19970067 19574
HAWK-14B                
1 68436U 26067W   26218.76085068  .00002708  00000+0  13423-3 0  9999
2 68436  97.4579 176.5043 0001645 179.6262 180.4973 15.18597431 19618
AIGLONSAT-1             
1 68437U 26067X   26218.39914258  .00005825  00000+0  26637-3 0  9995
2 68437  97.4531 176.2974 0001922 155.6482 204.4845 15.20924549 19570
TRANSPORTER-16 OBJECT Y 
1 68438U 26067Y   26218.45149545  .00009056  00000+0  40784-3 0  9991
2 68438  97.4551 176.4187 0002222 161.9028 198.2287 15.21292556 19589
TRANSPORTER-16 OBJECT Z 
1 68439U 26067Z   26218.34213314  .00008296  00000+0  37843-3 0  9993
2 68439  97.4542 176.2419 0001098 156.1180 204.0107 15.20881739 19562
TRANSPORTER-16 OBJECT AA
1 68440U 26067AA  26218.41760348  .00011389  00000+0  49629-3 0  9999
2 68440  97.4527 176.4348 0001399 146.7834 213.3490 15.22355400 19588
HAWK-14C                
1 68441U 26067AB  26218.76097179  .00002725  00000+0  13501-3 0  9997
2 68441  97.4517 176.3663 0000694 234.3972 125.7198 15.18596779 19617
NUSAT-54 (BRANCA MARQU*)
1 68442U 26067AC  26218.40641300  .00002751  00000+0  13785-3 0  9993
2 68442  97.4572 176.0499 0002435 241.9994 118.0994 15.18196093 19553
DB-WALI-WMU             
1 68443U 26067AD  26218.41598396  .00002794  00000+0  14062-3 0  9997
2 68443  97.4583 176.0526 0002659 247.9830 112.1122 15.18026240 19554
SHARJAH-SAT-2           
1 68444U 26067AE  26218.44182160  .00003800  00000+0  18236-3 0  9995
2 68444  97.4605 176.3605 0002848 125.6785 234.4716 15.19474564 19578
DB SKYFORGE CORE TU     
1 68445U 26067AF  26218.36836079  .00002623  00000+0  13334-3 0  9998
2 68445  97.4557 175.9151 0003031 259.4493 100.6399 15.17731663 19545
HADES-SA (SPINNYONE)    
1 68446U 26067AG  26217.86266820  .00010089  00000+0  46179-3 0  9992
2 68446  97.4430 175.4798 0003875 255.4969 104.5837 15.20698757 19470
IRIDE-MS1-EAGLET 2-14   
1 68447U 26067AH  26218.44161730  .00004494  00000+0  21442-3 0  9991
2 68447  97.4547 176.2711 0002223 128.2607 231.8828 15.19577651 19578
HAWK-14A                
1 68448U 26067AJ  26218.76106066  .00002697  00000+0  13369-3 0  9990
2 68448  97.4641 176.6491 0001469 250.7391 109.3684 15.18594946 19614
IRIDE-MS1-EAGLET 2-9    
1 68449U 26067AK  26218.45011306  .00003953  00000+0  19434-3 0  9994
2 68449  97.4539 176.0946 0002086 239.3244 120.7785 15.18610976 19561
IRIDE-MS1-EAGLET 2-13   
1 68450U 26067AL  26218.45229318  .00004013  00000+0  19295-3 0  9993
2 68450  97.4575 176.3040 0002275 153.9203 206.2147 15.19376983 19578
IRIDE-MS1-EAGLET 2-10   
1 68451U 26067AM  26218.44642487  .00004309  00000+0  20645-3 0  9998
2 68451  97.4535 176.2400 0001948 136.4611 223.6778 15.19458378 19571
IRIDE-MS1-EAGLET 2-16   
1 68452U 26067AN  26218.44532197  .00004100  00000+0  20111-3 0  9992
2 68452  97.4577 176.1626 0002299 225.4798 134.6249 15.18663145 19564
IRIDE-MS1-EAGLET 2-11   
1 68453U 26067AP  26218.45337829  .00004039  00000+0  19388-3 0  9994
2 68453  97.4576 176.3078 0002312 151.3944 208.7418 15.19431144 19578
AISSAT 4                
1 68454U 26067AQ  26218.40569569  .00003333  00000+0  16556-3 0  9998
2 68454  97.4602 176.1074 0003348 238.3603 121.7305 15.18361259 19556
DB CHARMS ND            
1 68455U 26067AR  26218.43517984  .00002910  00000+0  14734-3 0  9992
2 68455  97.4610 176.0746 0003824 238.6922 121.3938 15.17783665 19553
PARUS-6U1               
1 68456U 26067AS  26218.42581859  .00003490  00000+0  17495-3 0  9995
2 68456  97.4584 176.0434 0003697 238.5921 121.4952 15.18006095 19557
TRANSPORTER-16 OBJECT AT
1 68457U 26067AT  26218.40281049  .00004934  00000+0  22999-3 0  9991
2 68457  97.4573 176.3651 0003025 122.6142 237.5385 15.20335102 19571
SAL-E                   
1 68458U 26067AU  26218.41019024  .00004097  00000+0  20226-3 0  9996
2 68458  97.4507 175.9395 0003634 252.6063 107.4774 15.18437119 19554
DB GME UT (DB-GLOBE MI*)
1 68459U 26067AV  26217.83794720  .00003802  00000+0  19049-3 0  9999
2 68459  97.4566 175.4194 0004030 244.3401 115.7417 15.17966973 19467
COSMO                   
1 68460U 26067AW  26218.40400134  .00006079  00000+0  29515-3 0  9996
2 68460  97.4517 175.9758 0003599 247.6387 112.4466 15.18829570 19554
IRIDE-MS1-EAGLET 2-12   
1 68461U 26067AX  26218.44337444  .00004169  00000+0  20443-3 0  9993
2 68461  97.4578 176.1700 0002255 231.1600 128.9433 15.18666808 19566
IRIDE-MS1-EAGLET 2-15   
1 68462U 26067AY  26218.46059310  .00003821  00000+0  18450-3 0  9998
2 68462  97.4580 176.3029 0002398 166.9121 193.2176 15.19256978 19571
GARAI-B (UNAMUNO)       
1 68463U 26067AZ  26218.33684067  .00003504  00000+0  17894-3 0  9997
2 68463  97.4599 175.9820 0001690 255.2917 104.8129 15.17350278 19544
FGN-100-D3              
1 68464U 26067BA  26218.40524782  .00002444  00000+0  12320-3 0  9994
2 68464  97.4549 176.0132 0001098 276.5794  83.5315 15.18099777 19555
HOTSAT-2                
1 68465U 26067BB  26218.48138993  .00001874  00000+0  95999-4 0  9998
2 68465  97.4560 176.0778 0001505 242.5350 117.5730 15.17814092 19563
DB-PFW                  
1 68466U 26067BC  26218.42264353  .00004287  00000+0  21275-3 0  9999
2 68466  97.4517 175.9343 0003909 263.9566  96.1223 15.18230260 19400
TRANSPORTER-16 OBJECT BD
1 68467U 26067BD  26218.12577488  .00009214  00000+0  42379-3 0  9996
2 68467  97.4432 175.7475 0003393 254.4045 105.6816 15.20560031 19527
ERMIS-1                 
1 68468U 26067BE  26218.41735404  .00004781  00000+0  23523-3 0  9997
2 68468  97.4575 176.0530 0004655 231.0345 129.0474 15.18466799 19554
LUNA-2                  
1 68470U 26067BG  26218.76577779  .00003874  00000+0  19405-3 0  9993
2 68470  97.4507 176.2300 0004892 247.2995 112.7722 15.17955429 19605
LEMUR-2-DELOITTE-3      
1 68471U 26067BH  26218.45148644  .00002097  00000+0  21251-3 0  9993
2 68471  97.7605 175.8389 0002105 225.4393 134.6654 14.91971995 19227
FLYLAB1                 
1 68472U 26067BJ  26218.42755439  .00001691  00000+0  17505-3 0  9993
2 68472  97.7666 175.7960 0002151 224.6498 135.4547 14.91373300 19212
VIGORIDE-7              
1 68473U 26067BK  26218.46025823  .00004729  00000+0  20320-3 0  9999
2 68473  97.4567 176.7315 0008603 347.5035  12.5987 15.23126134 19585
BLACK KITE-2            
1 68474U 26067BL  26218.42354563  .00001722  00000+0  17197-3 0  9990
2 68474  97.7582 175.9834 0003907  80.9873 279.1788 14.92790328 19221
UNICORN-2S              
1 68475U 26067BM  26218.41796016  .00004725  00000+0  46182-3 0  9995
2 68475  97.7523 175.7815 0001825 231.1166 128.9891 14.92835101 18691
LEMUR-2-JULIA-JOEL      
1 68476U 26067BN  26218.41345905  .00002266  00000+0  22296-3 0  9991
2 68476  97.7589 176.0194 0003911  90.8885 269.2783 14.93077246 19222
TRANSPORTER-16 OBJECT BP
1 68477U 26067BP  26218.42731056  .00004212  00000+0  41537-3 0  9991
2 68477  97.7527 175.7784 0002213 246.7096 113.3891 14.92534292 18626
FOSSASAT-2E25           
1 68478U 26067BQ  26218.59219936  .00000361  00000+0  40934-4 0  9990
2 68478  97.7632 176.1455 0003407 103.3516 256.8083 14.92211023 19244
LEMUR-2-PEGGY-2004      
1 68479U 26067BR  26218.41886852  .00003061  00000+0  29849-3 0  9990
2 68479  97.7570 175.9878 0003295  88.5489 271.6108 14.93190389 19223
LEMUR-2-IRINA           
1 68480U 26067BS  26218.39545291  .00001416  00000+0  14093-3 0  9995
2 68480  97.7657 176.1424 0005522  97.9741 262.2105 14.93217563 19228
TORO3                   
1 68481U 26067BT  26218.46009105  .00000285  00000+0  33438-4 0  9991
2 68481  97.7709 176.1243 0003882 127.7776 232.3795 14.92195725 19220
LEMUR-2-SEJONG-3        
1 68482U 26067BU  26218.46230493  .00001440  00000+0  14317-3 0  9996
2 68482  97.7601 176.1245 0005154  84.5726 275.6081 14.93228148 19239
LEMUR-2-CLARA           
1 68483U 26067BV  26218.41411062  .00001849  00000+0  18311-3 0  9996
2 68483  97.7670 176.1434 0004587 109.5816 250.5899 14.93038770 19221
VINDLER 2.2             
1 68484U 26067BW  26218.40700367  .00000751  00000+0  79402-4 0  9995
2 68484  97.7693 176.7723 0002465 135.3846 224.7571 14.92119696 19267
CAPELLA-20 (ACADIA-10)  
1 68485U 26067BX  26218.47514729  .00002673  00000+0  27600-3 0  9995
2 68485  97.7601 175.9633 0000759 280.7441  79.3692 14.91000013 19223
VINDLER 2.3             
1 68486U 26067BY  26218.40694206  .00000810  00000+0  85182-4 0  9999
2 68486  97.7612 175.8979 0002213 109.1076 251.0383 14.92118229 19218
AE1A                    
1 68487U 26067BZ  26218.41846874  .00002442  00000+0  24023-3 0  9990
2 68487  97.7571 175.9818 0003519  84.7232 275.4388 14.93023491 19221
VINDLER 2.1             
1 68488U 26067CA  26218.40727417  .00000745  00000+0  78800-4 0  9998
2 68488  97.7607 175.8899 0000969 129.7821 230.3483 14.92118024 19211
LEMUR-2-CARROLLEMO      
1 68489U 26067CB  26218.50660230  .00002203  00000+0  22322-3 0  9997
2 68489  97.7565 175.8540 0000206 227.5086 132.6115 14.91928905 19225
MIMIR 1                 
1 68490U 26067CC  26218.41083872  .00001225  00000+0  12968-3 0  9998
2 68490  97.7645 175.7917 0001307 168.8260 191.2987 14.90951106 19201
LEMUR-2-DELOITTE-2      
1 68491U 26067CD  26218.38302143  .00002549  00000+0  25730-3 0  9991
2 68491  97.7590 175.7508 0001149 208.6547 151.4609 14.91942494 19202
LEMUR-2-EMARCHIA        
1 68492U 26067CE  26218.50733925  .00003291  00000+0  32878-3 0  9998
2 68492  97.7589 175.8981 0001514 226.9447 133.1645 14.92171388 19221
LEMUR-2-POLO-11         
1 68493U 26067CF  26218.50579153  .00002765  00000+0  27705-3 0  9998
2 68493  97.7684 176.0388 0002718 184.3373 175.7823 14.92182870 19222
ICEYE-X71               
1 68494U 26067CG  26217.82220802  .00016342  00000+0  15957-2 0  9998
2 68494  97.7633 175.3305 0001564 155.3497 204.7797 14.92471276 19124
GRAVITAS                
1 68495U 26067CH  26218.58335648 -.00077290  00000+0 -10760-1 0  9995
2 68495  97.7635 172.9628 0008921 134.6528 229.5453 14.78251896  5720
ICEYE-X73               
1 68496U 26067CJ  26218.45473214  .00001137  00000+0  11639-3 0  9997
2 68496  97.7638 176.0346 0003108 111.9153 248.2397 14.92445388 19222
ICEYE-X75               
1 68497U 26067CK  26218.46218678  .00000491  00000+0  53661-4 0  9994
2 68497  97.7626 175.9980 0002816 112.0546 248.0973 14.92217065 19222
IO-1                    
1 68498U 26067CL  26217.84354196  .00002441  00000+0  24760-3 0  9996
2 68498  97.7578 175.2024 0000634 235.0061 125.1098 14.91794471 19127
SERT3                   
1 68499U 26067CM  26218.44243705  .00001172  00000+0  12213-3 0  9997
2 68499  97.7612 175.8535 0000737 133.3556 226.7724 14.91672900 19219
ICEYE-X74               
1 68500U 26067CN  26218.43444907  .00001900  00000+0  19351-3 0  9995
2 68500  97.7648 175.9228 0001734 157.5271 202.6024 14.91888183 19219
TRANSPORTER-16 OBJECT CP
1 68501U 26067CP  26218.45154516  .00001162  00000+0  12124-3 0  9993
2 68501  97.7668 175.9219 0002393 192.0249 168.0913 14.91638848 19216
ICEYE-X76               
1 68502U 26067CQ  26218.76672600  .00000845  00000+0  89371-4 0  9993
2 68502  97.7661 176.2681 0001893 156.8233 203.3072 14.91792265 19260
FLYLAB2                 
1 68503U 26067CR  26218.44023866  .00001392  00000+0  14634-3 0  9990
2 68503  97.7603 175.6864 0003756 250.3708 109.7105 14.91023201 19207
ICEYE-X72               
1 68504U 26067CS  26218.41566814  .00001913  00000+0  16526-3 0  9994
2 68504  97.7636 176.2639 0002760 150.1002 210.0379 14.98426261 19231
GEMS2-AMETHYST          
1 68505U 26067CT  26218.41843447  .00002612  00000+0  26656-3 0  9997
2 68505  97.7632 175.7713 0003850 226.8443 133.2454 14.91491034 19206
AEPEX                   
1 68506U 26067CU  26218.44447712  .00004482  00000+0  21276-3 0  9996
2 68506  97.4541 176.2644 0000996 275.7492  84.3629 15.19761303 19454
CAMOES                  
1 68507U 26067CV  26218.42816738  .00005143  00000+0  24899-3 0  9992
2 68507  97.4672 176.2815 0000898 230.3772 129.7383 15.19005470 19546
KUIPER-00131            
1 68573U 26072A   26218.53442790  .00001923  00000+0  28114-3 0  9992
2 68573  51.9016 333.0152 0000562 115.3943 244.7078 14.79942028 18578
KUIPER-00189            
1 68574U 26072B   26218.56548309 -.00002620  00000+0 -31480-3 0  9996
2 68574  51.9007 335.3547 0000944 137.8765 222.2270 14.79929728 18541
KUIPER-00192            
1 68575U 26072C   26218.60464947  .00002070  00000+0  30040-3 0  9995
2 68575  51.9009 330.2013 0000460 108.0604 252.0409 14.79942293 18627
KUIPER-00193            
1 68576U 26072D   26218.54791623  .00001911  00000+0  27960-3 0  9993
2 68576  51.9059 320.4806 0001167  44.9595 315.1462 14.79935235 18758
KUIPER-00194            
1 68577U 26072E   26218.57358398  .00001935  00000+0  28266-3 0  9991
2 68577  51.9022 327.8568 0000274 104.4258 255.6735 14.79937218 18654
KUIPER-00229            
1 68578U 26072F   26218.56809091  .00001671  00000+0  24793-3 0  9990
2 68578  51.9026 332.8640 0000235 118.3118 241.7868 14.79972906 18580
KUIPER-00230            
1 68579U 26072G   26218.47024473  .00013976  00000+0  37445-3 0  9993
2 68579  51.8770 293.2251 0000917 219.2399 140.8521 15.38271041 19127
KUIPER-00231            
1 68580U 26072H   26218.58335648  .00007392  00000+0  10001-2 0  9999
2 68580  51.8985 305.3838 0001682 357.2556 285.6204 14.79824359  5548
KUIPER-00234            
1 68581U 26072J   26218.60735390  .00001899  00000+0  27800-3 0  9993
2 68581  51.9009 327.6811 0000182  41.6709 318.4267 14.79925026 18656
KUIPER-00236            
1 68582U 26072K   26217.52019457  .00017305  00000+0  45944-3 0  9991
2 68582  51.8761 298.1085 0001604 190.6158 169.4796 15.38375685 18971
KUIPER-00244            
1 68583U 26072L   26218.58437452  .00001800  00000+0  26504-3 0  9992
2 68583  51.9010 317.8057 0000458 182.8847 177.2113 14.79932357 18791
KUIPER-00253            
1 68584U 26072M   26218.51415201  .00001678  00000+0  24913-3 0  9999
2 68584  51.9049 320.6281 0000600  98.1077 261.9953 14.79921579 18740
KUIPER-00254            
1 68585U 26072N   26218.54521457  .00001869  00000+0  27401-3 0  9991
2 68585  51.9046 322.9884 0000751 186.2253 173.8701 14.79940411 18719
KUIPER-00263            
1 68586U 26072P   26218.49388191  .00001698  00000+0  25170-3 0  9993
2 68586  51.9027 308.2885 0000403 107.0283 253.0724 14.79939274 18918
KUIPER-00269            
1 68587U 26072Q   26218.55878809  .00001738  00000+0  25677-3 0  9998
2 68587  51.9007 310.4156 0000202  56.3928 303.7053 14.79946773 18899
KUIPER-00272            
1 68588U 26072R   26218.57087897  .00001643  00000+0  24447-3 0  9999
2 68588  51.8993 330.3364 0000402 119.1276 240.9727 14.79933413 18618
KUIPER-00285            
1 68589U 26072S   26218.52493878 -.00000478  00000+0 -33768-4 0  9999
2 68589  51.9054 310.6294 0000735 225.9944 134.0957 14.79924966 18888
KUIPER-00286            
1 68590U 26072T   26218.59507895 -.00005312  00000+0 -66820-3 0  9999
2 68590  51.9033 307.7601 0000977 130.6823 229.4224 14.79939650 18930
KUIPER-00289            
1 68591U 26072U   26218.51953139 -.00001018  00000+0 -10459-3 0  9994
2 68591  51.8992 315.5820 0000558 111.1041 248.9981 14.79924497 18811
KUIPER-00290            
1 68592U 26072V   26218.46044715  .00000747  00000+0  13693-3 0  9999
2 68592  51.9033 314.8821 0000502 199.3224 160.7718 14.76442087 18829
KUIPER-00293            
1 68593U 26072W   26218.50874732  .00002199  00000+0  31743-3 0  9994
2 68593  51.8998 325.6104 0001285 189.4243 170.6695 14.79920418 18672
KUIPER-00294            
1 68594U 26072X   26218.45470927  .00001771  00000+0  26121-3 0  9996
2 68594  51.9005 313.3673 0000814  97.5091 262.5964 14.79933925 18841
KUIPER-00296            
1 68595U 26072Y   26218.58335648 -.00014225  00000+0 -11854-2 0  9997
2 68595  51.8942 295.9099 0006710 183.1052 273.1877 14.97551021  4274
KUIPER-00297            
1 68596U 26072Z   26218.61006171  .00001773  00000+0  26132-3 0  9996
2 68596  51.9012 325.1574 0001573  18.1026 341.9992 14.79960116 18690
KUIPER-00300            
1 68597U 26072AA  26218.56440137  .00001290  00000+0  21399-3 0  9999
2 68597  51.9036 322.7317 0001369 215.1851 144.9020 14.76521255 18724
KUIPER-00301            
1 68598U 26072AB  26218.58335648 -.01184024  00000+0 -68249-1 0  9995
2 68598  51.8886 294.0384 0006165 195.5991  10.8580 15.14907269  4821
KUIPER-00304            
1 68599U 26072AC  26218.58335648 -.00060176  00000+0 -39329-2 0  9994
2 68599  51.8855 294.7318 0007316 202.2720  59.8421 15.07475465  5544
KUIPER-00317            
1 68600U 26072AD  26218.55599448 -.00000828  00000+0 -79695-4 0  9994
2 68600  51.8993 312.9299 0000384 108.5242 251.5763 14.79927840 18851
KUIPER-00320            
1 68601U 26072AE  26218.48307516  .00001646  00000+0  24482-3 0  9990
2 68601  51.9035 318.2520 0000473  96.0920 264.0096 14.79937017 18775
STP-S29A OBJECT A       
1 68627U 26074A   26218.56358594  .00004957  00000+0  20540-3 0  9990
2 68627  60.0185 345.0310 0034528  54.7834 305.6471 15.24988522 18461
MISR-C-1                
1 68628U 26074B   26218.61895040  .00005715  00000+0  23420-3 0  9992
2 68628  60.0247 344.8049 0033222  55.7677 304.6544 15.25139992 18463
RAWHIDE-1               
1 68629U 26074C   26218.59628450  .00001272  00000+0  61799-4 0  9995
2 68629  60.0228 344.6695 0036427  60.1270 300.3422 15.24801709 18477
STPSAT-7                
1 68630U 26074D   26218.58764195  .00002895  00000+0  12439-3 0  9991
2 68630  60.0230 344.6328 0033989  61.5586 298.8913 15.25150736 18463
STP-S29A OBJECT E       
1 68631U 26074E   26218.59482506  .00001919  00000+0  86904-4 0  9991
2 68631  60.0224 344.6592 0034742  62.2228 298.2368 15.24942328 18473
RAWHIDE-2               
1 68632U 26074F   26218.60230795  .00001573  00000+0  72480-4 0  9995
2 68632  60.0329 344.2533 0035004  64.2444 296.2243 15.25367333 18473
MISR-C-2                
1 68633U 26074G   26218.61115646  .00006162  00000+0  23779-3 0  9999
2 68633  60.0234 343.5739 0034359  67.1819 293.2886 15.26995113 18484
AGGIESAT6 (AGS6)        
1 68634U 26074H   26218.58386994  .00004665  00000+0  18117-3 0  9998
2 68634  60.0214 343.4189 0034381  69.3565 291.1198 15.27298466 18490
CANVAS                  
1 68635U 26074J   26218.61190831  .00006733  00000+0  26348-3 0  9999
2 68635  60.0249 344.1866 0035943  61.0536 299.4142 15.26342841 18486
QIANFAN-109             
1 68636U 26075A   26218.57961854  .00000093  00000+0  12563-3 0  9994
2 68636  88.9920 315.8717 0002725 106.8013 253.3438 13.51028589 16595
QIANFAN-110             
1 68637U 26075B   26218.58793496  .00000099  00000+0  13407-3 0  9995
2 68637  88.9920 315.8924 0002188 106.5121 253.6270 13.51025640 16598
QIANFAN-111             
1 68638U 26075C   26218.57562727  .00000103  00000+0  14039-3 0  9994
2 68638  88.9919 315.8529 0002193 104.8932 255.2462 13.51025289 16618
QIANFAN-112             
1 68639U 26075D   26218.53847365  .00000098  00000+0  13256-3 0  9998
2 68639  88.9918 315.8651 0002653 111.5495 248.5939 13.51017672 16604
QIANFAN-113             
1 68640U 26075E   26218.58373415  .00000100  00000+0  13579-3 0  9997
2 68640  88.9923 315.8570 0002268 108.8031 251.3366 13.51023318 16610
QIANFAN-114             
1 68641U 26075F   26218.59195006  .00000105  00000+0  14452-3 0  9993
2 68641  88.9919 315.8729 0002214 105.7634 254.3761 13.51021762 16600
QIANFAN-115             
1 68642U 26075G   26218.54666289  .00000097  00000+0  13109-3 0  9993
2 68642  88.9919 315.8847 0002370 104.3357 255.8058 13.51018489 16597
QIANFAN-116             
1 68643U 26075H   26218.60837647  .00000103  00000+0  14120-3 0  9991
2 68643  88.9912 315.8350 0002486 111.5396 248.6020 13.51019168 16618
QIANFAN-117             
1 68644U 26075J   26218.59605570  .00000102  00000+0  13930-3 0  9995
2 68644  88.9916 315.8542 0002467 106.8382 253.3040 13.51016962 16611
QIANFAN-118             
1 68645U 26075K   26218.55489024  .00000102  00000+0  13894-3 0  9995
2 68645  88.9921 315.8688 0002098 107.1882 252.9499 13.51018852 16600
QIANFAN-119             
1 68646U 26075L   26218.60420971  .00000106  00000+0  14521-3 0  9990
2 68646  88.9922 315.8594 0002588 105.4500 254.6938 13.51025109 16611
QIANFAN-120             
1 68647U 26075M   26218.54259442  .00000103  00000+0  14082-3 0  9996
2 68647  88.9923 315.8516 0002670 103.0864 257.0585 13.51025793 16610
QIANFAN-121             
1 68648U 26075N   26218.56728564  .00000110  00000+0  15149-3 0  9998
2 68648  88.9921 315.8529 0002144 105.2391 254.8998 13.51017745 16619
QIANFAN-122             
1 68649U 26075P   26218.55911799  .00000110  00000+0  15130-3 0  9992
2 68649  88.9920 315.8513 0002548 107.1671 252.9759 13.51021274 16607
QIANFAN-123             
1 68650U 26075Q   26218.60027210  .00000109  00000+0  15043-3 0  9997
2 68650  88.9916 315.8355 0002775 107.6103 252.5351 13.51026600 16595
QIANFAN-124             
1 68651U 26075R   26218.55090078  .00000097  00000+0  13178-3 0  9997
2 68651  88.9919 315.8508 0002614 108.0426 252.1010 13.51020912 16615
QIANFAN-125             
1 68652U 26075S   26218.56317487  .00000111  00000+0  15321-3 0  9994
2 68652  88.9919 315.8516 0002149 106.1369 254.0019 13.51017905 16611
QIANFAN-126             
1 68653U 26075T   26218.57139720  .00000099  00000+0  13507-3 0  9997
2 68653  88.9923 315.8184 0002763 107.1196 253.0258 13.51023114 16634
HULIANWANG DIGUI-164    
1 68656U 26076A   26218.51736791  .00000020  00000+0  12834-4 0  9993
2 68656  86.4960  26.8755 0001589  81.7705 278.3609 13.24408679 16039
HULIANWANG DIGUI-165    
1 68657U 26076B   26218.58532886 -.00000057  00000+0 -16636-3 0  9995
2 68657  86.4979  26.8743 0001808  78.5690 281.5647 13.24411160 16046
HULIANWANG DIGUI-166    
1 68658U 26076C   26218.57786532 -.00000045  00000+0 -13976-3 0  9995
2 68658  86.4920  26.7956 0001792  79.6303 280.5034 13.24409432 16041
HULIANWANG DIGUI-167    
1 68659U 26076D   26218.57021125 -.00000033  00000+0 -11182-3 0  9990
2 68659  86.4974  26.8631 0001789  79.4625 280.6711 13.24411543 16042
HULIANWANG DIGUI-168    
1 68660U 26076E   26218.71379058 -.00000039  00000+0 -12445-3 0  9998
2 68660  86.4956  26.7838 0001797  79.3386 280.7951 13.24409415 16057
HJS-8A                  
1 68687U 26078A   26218.72131348  .00000011  00000+0 -79631-5 0  9999
2 68687  86.4972 265.4024 0001989 106.8400 253.2952 13.24414368 15664
CYGNUS NG-24            
1 68689U 26079A   26218.50541180  .00004487  00000+0  88448-4 0  9992
2 68689  51.6323  51.0716 0007292  18.8673 341.2584 15.49364501579592
JILIN GAOFEN OBJECT A   
1 68691U 26080A   26214.29983830  .00005035  00000+0  32496-3 0  9992
2 68691  97.6605 289.7559 0013016 276.7773  83.1974 15.08663595 16614
JILIN GAOFEN OBJECT B   
1 68692U 26080B   26218.52901947  .00002590  00000+0  16712-3 0  9998
2 68692  97.6570 293.9751 0015881 230.0030 129.9805 15.09090620 17255
JILIN GAOFEN OBJECT C   
1 68693U 26080C   26214.63363169  .00005165  00000+0  32963-3 0  9992
2 68693  97.6572 290.0601 0013405 245.5214 114.4617 15.09057235 16664
JILIN GAOFEN OBJECT D   
1 68694U 26080D   26218.72842325  .00002329  00000+0  15230-3 0  9990
2 68694  97.6634 294.2676 0017192 247.5554 112.3854 15.08680108 17265
JILIN GAOFEN OBJECT E   
1 68695U 26080E   26218.24785412  .00001930  00000+0  12716-3 0  9994
2 68695  97.6611 293.7980 0014571 259.0761 100.8828 15.08653913 17176
JILIN GAOFEN OBJECT F   
1 68696U 26080F   26218.64462580  .00002679  00000+0  17478-3 0  9998
2 68696  97.6584 294.1544 0013178 259.3365 100.6379 15.08684236 17230
JILIN GAOFEN OBJECT G   
1 68697U 26080G   26218.62932579  .00003645  00000+0  23362-3 0  9990
2 68697  97.6630 294.2396 0014283 250.9889 108.9792 15.09084260 17237
JILIN GAOFEN OBJECT H   
1 68698U 26080H   26214.58233293  .00004041  00000+0  26159-3 0  9997
2 68698  97.6625 290.1870 0015917 272.7546  87.1860 15.08638852 16628
SL-4 R/B                
1 68753U 26083A   26218.42980441  .00002834  00000+0  11762-3 0  9995
2 68753  98.2794  14.8526 0063631  57.2805 303.4542 15.23008763 16971
COSMOS 2609             
1 68754U 26083B   26218.70602348  .00001802  00000+0  12939-3 0  9995
2 68754  98.1284  10.3765 0010719 212.7242 147.3320 15.05679346 16838
COSMOS 2610             
1 68758U 26083F   26218.68048433  .00001531  00000+0  10739-3 0  9990
2 68758  97.8114 357.3180 0009298 239.1622 120.8690 15.06707062 16801
COSMOS 2611             
1 68759U 26083G   26218.70099690  .00001029  00000+0  74283-4 0  9992
2 68759  97.8176 356.8005 0009893 246.5913 113.4273 15.06376220 16797
DAQI-2                  
1 68760U 26084A   26218.76458277  .00000217  00000+0  57767-4 0  9997
2 68760  98.2849 292.7095 0000919 343.7946  16.3223 14.57564060 16268
COSMOS 2612             
1 68762U 26083H   26218.71222243  .00001353  00000+0  94187-4 0  9994
2 68762  97.8603 357.8496 0011639 235.0302 124.9832 15.07207644 16812
COSMOS 2613             
1 68763U 26083J   26218.72151241  .00001616  00000+0  11613-3 0  9999
2 68763  97.7873 357.2525 0007542 171.5780 188.5574 15.05705020 16818
COSMOS 2614             
1 68764U 26083K   26218.69795499  .00001002  00000+0  73208-4 0  9993
2 68764  97.7842 356.3564 0005842 192.6072 167.5009 15.05969554 16800
FSI-SAT2                
1 68792U 26088A   26218.34980384  .00002474  00000+0  16824-3 0  9994
2 68792  97.5136   6.3801 0012857 298.8346  61.1591 15.07194271 15844
KAKUSHIN RISING OBJECT B
1 68793U 26088B   26218.40095567  .00001868  00000+0  12745-3 0  9996
2 68793  97.5129   6.4586 0013783 293.9047  66.0736 15.07344993 15855
KAKUSHIN RISING OBJECT C
1 68794U 26088C   26218.38591047  .00001665  00000+0  11344-3 0  9997
2 68794  97.5129   6.4872 0011325 286.6103  73.3882 15.07584963 15852
ORIGAMISAT-2            
1 68795U 26088D   26218.35080659  .00006480  00000+0  40433-3 0  9998
2 68795  97.5128   6.6873 0013548 264.9334  95.0349 15.09772608 15866
ARICA-2                 
1 68796U 26088E   26218.37174731  .00002735  00000+0  17769-3 0  9991
2 68796  97.5119   6.6438 0014149 265.9997  93.9614 15.08782024 15862
WASEDA-SAT-ZERO-II      
1 68797U 26088F   26218.35781915  .00003915  00000+0  25010-3 0  9997
2 68797  97.5120   6.6591 0013930 265.3192  94.6446 15.09148357 15860
MAGNARO-II              
1 68798U 26088G   26218.34666750  .00002390  00000+0  15428-3 0  9994
2 68798  97.5134   6.6879 0017341 269.0334  90.8908 15.09103554 15865
KAKUSHIN RISING OBJECT H
1 68799U 26088H   26218.41124949  .00002370  00000+0  15285-3 0  9991
2 68799  97.5119   6.7325 0017393 268.6168  91.3068 15.09138980 15878
COSMOS 2615             
1 68826U 26090A   26218.76646182  .00029569  00000+0  12538-3 0  9998
2 68826  96.6371 135.2085 0008730 189.5929 170.5178 15.85237234 16690
COSMOS 2616             
1 68827U 26090B   26218.49201447  .00025068  00000+0  10895-3 0  9994
2 68827  96.6395 134.7300 0013235 194.3142 165.7757 15.84665554 16630
COSMOS 2617             
1 68828U 26090C   26218.03416636  .00011679  00000+0  51098-4 0  9997
2 68828  96.6390 134.3191 0013486 189.9159 170.1849 15.84677334 16569
COSMOS 2618             
1 68829U 26090D   26218.52354165  .00021806  00000+0  94580-4 0  9996
2 68829  96.6397 134.8310 0012826 192.4728 167.6229 15.84741869 16640
MARS-1                  
1 68830U 26067CW  26218.44744994  .00003730  00000+0  17821-3 0  9994
2 68830  97.4552 176.2655 0001088 342.8771  17.2427 15.19641699 60123
HJS-9A                  
1 68831U 26091A   26218.13774003  .00002217  00000+0  11865-3 0  9993
2 68831  55.0039 163.4451 0010781 155.0627 205.0915 15.19280149 15791
HJS-9B                  
1 68832U 26091B   26218.73099863  .00002545  00000+0  13411-3 0  9997
2 68832  55.0032 160.8632 0011698 148.5040 211.6682 15.19238738 15882
HJS-9C                  
1 68833U 26091C   26218.13980119  .00001661  00000+0  92743-4 0  9999
2 68833  55.0042 163.4445 0008725 161.3981 198.7359 15.19224853 15798
HJS-9D                  
1 68834U 26091D   26218.46410745  .00004278  00000+0  21485-3 0  9990
2 68834  55.0022 161.9857 0010862 204.6128 155.4375 15.19303197 15849
PRSC-E03                
1 68835U 26092A   26218.28844304  .00001682  00000+0  11773-3 0  9999
2 68835  38.0001 154.1884 0002776  47.1077 312.9917 15.06896163 15512
BESSA                   
1 68836U 26067CX  26218.40664702  .00004257  00000+0  20664-3 0  9998
2 68836  97.4555 176.1991 0010018 186.2116 173.8996 15.18969617 19362
PROGRESS-MS 34          
1 68837U 26093A   26218.50541180  .00004487  00000+0  88448-4 0  9993
2 68837  51.6323  51.0716 0007292  18.8673 341.2584 15.49364501579632
KUIPER-00299            
1 68864U 26095A   26218.62715791  .00001273  00000+0  21185-3 0  9993
2 68864  51.9007  26.7190 0001880   1.6865 358.4102 14.76454517 15096
KUIPER-00353            
1 68865U 26095B   26217.88352979  .00002321  00000+0  33341-3 0  9998
2 68865  51.9014  15.9010 0000654 137.6927 222.4086 14.79933746 15183
KUIPER-00357            
1 68866U 26095C   26217.90919558  .00001529  00000+0  22961-3 0  9999
2 68866  51.9017  23.2914 0000636 134.2059 225.8956 14.79927236 15080
KUIPER-00364            
1 68867U 26095D   26218.61555797  .00001997  00000+0  29078-3 0  9995
2 68867  51.9048  22.6814 0000501 193.8936 166.2013 14.79938784 15153
KUIPER-00375            
1 68868U 26095E   26218.17347650  .00001567  00000+0  25370-3 0  9998
2 68868  51.9035  17.0063 0002982 162.6438 197.4625 14.76446570 15193
KUIPER-00433            
1 68869U 26095F   26218.50616380  .00001964  00000+0  28667-3 0  9998
2 68869  51.9012  30.6459 0000770 118.8833 241.2207 14.79923859 15034
KUIPER-00437            
1 68870U 26095G   26217.66429127  .00018981  00000+0  51920-3 0  9992
2 68870  51.8812   2.9408 0006572 121.8276 238.3352 15.37368486 15346
KUIPER-00448            
1 68871U 26095H   26218.16583224 -.00003409  00000+0 -45539-3 0  9998
2 68871  51.9055  20.9621 0001005 253.8582 106.2268 14.76433441 15138
KUIPER-00459            
1 68872U 26095J   26218.58335648 -.00031233  00000+0 -44308-2 0  9998
2 68872  51.9036   7.7404 0002477 232.8692 114.6379 14.76520648  4582
KUIPER-00468            
1 68873U 26095K   26218.58335648 -.00092925  00000+0 -11313-1 0  9993
2 68873  51.8994   4.4963 0006171  82.7332 307.9918 14.83494528  5039
KUIPER-00476            
1 68874U 26095L   26218.57262012  .00002084  00000+0  81004-4 0  9999
2 68874  51.8760   0.6706 0010208 117.7649 242.4372 15.30827958 15454
KUIPER-00478            
1 68875U 26095M   26218.59523470  .00001344  00000+0  20537-3 0  9991
2 68875  51.9003  10.2605 0000391 312.8139  47.2790 14.79914348 15328
KUIPER-00480            
1 68876U 26095N   26218.60972591  .00001176  00000+0  19747-3 0  9990
2 68876  51.9033   7.4682 0001306 333.7872  26.3022 14.76568285 15360
KUIPER-00482            
1 68877U 26095P   26218.75594788  .00001874  00000+0  27486-3 0  9999
2 68877  51.9028  17.0439 0001259 172.4802 187.6180 14.79910262 15242
KUIPER-00483            
1 68878U 26095Q   26218.20226378 -.00000426  00000+0 -26835-4 0  9999
2 68878  51.8997  31.9643 0002411 146.0359 214.0758 14.79913158 14987
KUIPER-00488            
1 68879U 26095R   26218.59257515  .00001928  00000+0  28177-3 0  9995
2 68879  51.9017  12.7782 0000429 120.5059 239.5946 14.79947184 15285
KUIPER-00489            
1 68880U 26095S   26218.58335648 -.00081761  00000+0 -10619-1 0  9995
2 68880  51.8993   5.1691 0001806  27.2196 315.8239 14.80743270  5373
KUIPER-00499            
1 68881U 26095T   26218.15626003 -.00001289  00000+0 -14021-3 0  9997
2 68881  51.9004  12.2487 0000732 140.1887 219.9129 14.79904837 15255
KUIPER-00500            
1 68882U 26095U   26218.20498711  .00002263  00000+0  32576-3 0  9993
2 68882  51.9020  29.4797 0000757 115.5435 244.5606 14.79938144 15027
KUIPER-00502            
1 68883U 26095V   26218.58335648 -.00085803  00000+0 -10375-1 0  9998
2 68883  51.9004   3.9157 0009096  88.6286 112.7887 14.83706211  5553
KUIPER-00503            
1 68884U 26095W   26217.76872347  .00002214  00000+0  31929-3 0  9993
2 68884  51.8985  28.8933 0000693 110.3544 249.7493 14.79943769 14991
KUIPER-00504            
1 68885U 26095X   26218.19958746  .00001883  00000+0  27598-3 0  9998
2 68885  51.9027  34.5053 0000600 114.6977 245.4048 14.79929755 14956
KUIPER-00505            
1 68886U 26095Y   26217.77141114  .00002276  00000+0  32735-3 0  9991
2 68886  51.9023  26.4002 0000569 125.2703 234.8313 14.79945124 15020
KUIPER-00507            
1 68887U 26095Z   26218.17064215  .00001887  00000+0  27668-3 0  9999
2 68887  51.9023  14.6269 0000587 113.7724 246.3300 14.79893631 15221
KUIPER-00511            
1 68888U 26095AA  26218.58335648 -.00071340  00000+0 -93768-2 0  9992
2 68888  51.9000   5.4207 0001461 137.6180 309.8396 14.80162048  4928
KUIPER-00512            
1 68889U 26095AB  26218.61285999  .00001898  00000+0  27795-3 0  9997
2 68889  51.9031  25.1816 0000575 100.2872 259.8155 14.79919750 15115
KUIPER-00519            
1 68890U 26095AC  26218.62365916  .00000272  00000+0  64797-4 0  9997
2 68890  51.9045  15.1939 0002130  86.0266 274.0940 14.79923165 15255
KUIPER-00521            
1 68891U 26095AD  26218.62208028  .00001709  00000+0  25351-3 0  9996
2 68891  51.9037   8.8964 0001034 135.1409 224.9637 14.79874679 15343
KUIPER-00524            
1 68892U 26095AE  26218.59255701  .00000910  00000+0  16012-3 0  9990
2 68892  51.8988  17.1188 0002028 165.9983 194.1035 14.76464346 15221
KUIPER-00370            
1 68919U 26098A   26218.14175388  .00001150  00000+0  18448-3 0  9998
2 68919  51.8981 197.1226 0002540 156.1925 203.9155 14.78794930 14883
KUIPER-00380            
1 68920U 26098B   26218.58335648 -.00032805  00000+0 -22635-2 0  9990
2 68920  51.8879 188.7736 0004337 358.8261  37.3817 15.05204049  4963
KUIPER-00386            
1 68921U 26098C   26218.58335648 -.00114572  00000+0 -16208-1 0  9991
2 68921  51.8976 190.1648 0003136  35.0151 111.4583 14.77379468  5779
KUIPER-00388            
1 68922U 26098D   26218.58335648 -.00030092  00000+0 -39346-2 0  9995
2 68922  51.8987 200.4637 0000341  99.0669 119.9668 14.79947832  5285
KUIPER-00405            
1 68923U 26098E   26218.22429926  .00001537  00000+0  23072-3 0  9990
2 68923  51.8999 199.4027 0001691  89.7206 270.3950 14.79902225 14857
KUIPER-00408            
1 68924U 26098F   26218.58335648 -.00060458  00000+0 -48385-2 0  9999
2 68924  51.8889 191.0234 0013499 332.9928 109.8158 14.99840384  3209
KUIPER-00409            
1 68925U 26098G   26218.58335648 -.00033484  00000+0 -43866-2 0  9998
2 68925  51.8999 195.3113 0001560  93.8229 186.4090 14.79916578  1300
KUIPER-00410            
1 68926U 26098H   26218.58335648 -.00033197  00000+0 -39959-2 0  9998
2 68926  51.9303 192.8628 0015523 323.6190 273.1303 14.83336339  5681
KUIPER-00412            
1 68927U 26098J   26218.58335648 -.00060951  00000+0 -51812-2 0  9999
2 68927  51.8947 185.8206 0007141  77.3362 344.9446 14.97588168  5689
KUIPER-00413            
1 68928U 26098K   26218.13979381  .00001595  00000+0  23833-3 0  9999
2 68928  51.8981 199.7659 0001394  51.0969 309.0117 14.79920421 14847
KUIPER-00414            
1 68929U 26098L   26218.23030879  .00001250  00000+0  19292-3 0  9993
2 68929  51.8957 209.4593 0001856 359.4701   0.6259 14.79935444 14717
KUIPER-00415            
1 68930U 26098M   26218.58335648 -.00080475  00000+0 -87356-2 0  9998
2 68930  51.8958 190.4942 0005287 335.0091 276.6259 14.88091519  5723
KUIPER-00416            
1 68931U 26098N   26218.58335648 -.01837161  00000+0 -97320-1 0  9993
2 68931  51.8800 184.1280 0003290  73.3865  76.4145 15.18233017  4418
KUIPER-00420            
1 68932U 26098P   26218.58335648 -.01858639  00000+0 -10057+0 0  9997
2 68932  51.8811 184.9346 0004936 353.1260 214.6724 15.17524608  4538
KUIPER-00421            
1 68933U 26098Q   26218.58335648 -.00059499  00000+0 -44313-2 0  9999
2 68933  51.8885 188.6676 0013376 304.7169 237.4073 15.02558785  5241
KUIPER-00425            
1 68934U 26098R   26218.24369315  .00001544  00000+0  23204-3 0  9994
2 68934  51.8980 196.8144 0001341 142.0932 218.0125 14.79838717 14892
KUIPER-00430            
1 68935U 26098S   26218.24102383  .00001546  00000+0  23193-3 0  9994
2 68935  51.9021 199.2088 0001577  32.1622 327.9436 14.79912647 14867
KUIPER-00431            
1 68936U 26098T   26218.23839338  .00001461  00000+0  22064-3 0  9993
2 68936  51.8978 201.8275 0000951  50.9725 309.1322 14.79935180 14822
KUIPER-00432            
1 68937U 26098U   26218.58335648 -.00082641  00000+0 -10096-1 0  9998
2 68937  51.8989 192.7415 0010456 324.7561  10.1110 14.83244577  5585
KUIPER-00434            
1 68938U 26098V   26218.19373173  .00001340  00000+0  22072-3 0  9995
2 68938  51.8999 197.4256 0001124   2.3692 357.7274 14.76592205 14888
KUIPER-00436            
1 68939U 26098W   26218.15942310  .00036809  00000+0  48399-2 0  9994
2 68939  51.8974 197.1875 0000777 120.2958 239.8081 14.79854957 14888
KUIPER-00438            
1 68940U 26098X   26218.58335648 -.00036289  00000+0 -47567-2 0  9993
2 68940  51.9005 192.8236 0000328 155.9020 289.8535 14.79934190  3937
KUIPER-00439            
1 68941U 26098Y   26218.58335648 -.00034119  00000+0 -45039-2 0  9996
2 68941  51.9012 192.8026 0000830 131.9420  49.2218 14.79609008  5349
KUIPER-00440            
1 68942U 26098Z   26218.58335648 -.00049824  00000+0 -30100-2 0  9999
2 68942  51.8880 187.0801 0003144 339.0445 225.5967 15.10273466  5259
KUIPER-00442            
1 68943U 26098AA  26218.58335648 -.00069421  00000+0 -61670-2 0  9991
2 68943  51.8946 187.6155 0000782 286.2570 277.9391 14.95972485  4180
KUIPER-00446            
1 68944U 26098AB  26218.58335648 -.00093675  00000+0 -11599-1 0  9994
2 68944  51.8979 190.3595 0001678 172.5749  62.5290 14.82817816  5736
KUIPER-00451            
1 68945U 26098AC  26218.18782529  .00001599  00000+0  23881-3 0  9996
2 68945  51.8966 202.0585 0000435  54.9050 305.1953 14.79900889 14811
KUIPER-00452            
1 68946U 26098AD  26218.58335648 -.00073893  00000+0 -73945-2 0  9990
2 68946  51.8946 188.0970 0007667 321.8248 120.3494 14.91290849  4492
KUIPER-00453            
1 68947U 26098AE  26218.58335648 -.00058209  00000+0 -44900-2 0  9994
2 68947  51.8941 185.9870 0003330  38.3586  34.9657 15.01300823  4757
KUIPER-00454            
1 68948U 26098AF  26218.24992111  .00001395  00000+0  22913-3 0  9995
2 68948  51.8990 203.3738 0002878 213.2785 146.7995 14.76463424 14803
KUIPER-00455            
1 68949U 26098AG  26218.15397214 -.00002677  00000+0 -32221-3 0  9998
2 68949  51.8987 202.2073 0002140   7.1554 352.9439 14.79927834 14814
KUIPER-00458            
1 68950U 26098AH  26218.58335648 -.00061347  00000+0 -48038-2 0  9991
2 68950  51.8889 186.0809 0001390  54.7170 184.8386 15.00759758  2319
PEARL-1B                
1 68980U 26100A   26218.58965261  .00001478  00000+0  15602-3 0  9997
2 68980  97.7299 114.9221 0007008 353.9120   6.2012 14.90747090 14191
IRIDE-MS2-HEO-7         
1 68981U 26100B   26218.62606355  .00000772  00000+0  83335-4 0  9994
2 68981  97.7295 115.0255 0004856   0.1610 359.9610 14.91133957 14217
IRIDE-MS2-HEO-10        
1 68982U 26100C   26218.61659398  .00000855  00000+0  91370-4 0  9999
2 68982  97.7268 115.0093 0004362  11.1723 348.9591 14.91286378 14219
IRIDE-MS2-HEO-11        
1 68983U 26100D   26218.61064973  .00000909  00000+0  96994-4 0  9996
2 68983  97.7314 115.0684 0003629  21.8431 338.2942 14.91198714 14215
IRIDE-MS2-HEO-12        
1 68984U 26100E   26218.62250302  .00000780  00000+0  84472-4 0  9996
2 68984  97.7274 115.0081 0004199  20.8477 339.2912 14.91006316 14218
IRIDE-MS2-HEO-13        
1 68985U 26100F   26218.18216339  .00002328  00000+0  23688-3 0  9991
2 68985  97.7294 114.6925 0001752  16.0994 344.0280 14.91706923 14152
IRIDE-MS2-HEO-14        
1 68986U 26100G   26218.58149136  .00000958  00000+0  10076-3 0  9990
2 68986  97.7296 115.0840 0001543 347.3360  12.7820 14.91668958 14212
IRIDE-MS2-HEO-15        
1 68987U 26100H   26218.30957570  .00000830  00000+0  87464-4 0  9995
2 68987  97.7273 114.7999 0001528  27.3625 332.7674 14.91933020 14173
FOREST-17 (TELPERION)   
1 68988U 26100J   26218.58335648  .00069686  00000+0  67248-2 0  9992
2 68988  97.7268 114.9492 0005393   0.2933  94.3789 14.92522483  1301
CAS500-2 RIDESHARE OBJE*
1 68989U 26100K   26218.50334696  .00001108  00000+0  11759-3 0  9999
2 68989  97.7327 114.9114 0005515 344.9056  15.1997 14.91036594 14194
PEARL-1A                
1 68990U 26100L   26218.29528357  .00000478  00000+0  53795-4 0  9992
2 68990  97.7244 114.6364 0005632  15.3399 344.7990 14.91103192 14167
YAM-11                  
1 68991U 26100M   26218.60610234  .00000685  00000+0  75727-4 0  9993
2 68991  97.7791 115.0255 0001310  96.2008 263.9359 14.90537493 14203
YAM-16                  
1 68992U 26100N   26218.60127099  .00001104  00000+0  11562-3 0  9999
2 68992  97.7304 115.0669 0003218   4.7344 355.3905 14.91573811 14218
YAM-13                  
1 68993U 26100P   26218.62585696  .00000806  00000+0  88444-4 0  9995
2 68993  97.7831 115.1645 0001051 101.1830 258.9506 14.90387782 14218
NULINK-2                
1 68994U 26100Q   26218.53205860  .00000899  00000+0  92524-4 0  9994
2 68994  97.7268 115.1185 0002265 110.8557 249.2905 14.92691476 14219
ICEYE-X78               
1 68995U 26100R   26218.58238534  .00000601  00000+0  64963-4 0  9991
2 68995  97.7300 115.0888 0001930   1.5833 358.5392 14.91846481 14218
ICEYE-X82               
1 68996U 26100S   26218.60973526  .00001585  00000+0  16374-3 0  9996
2 68996  97.7294 115.0458 0004147   3.5835 356.5413 14.91516699 14218
YAM-15                  
1 68997U 26100T   26218.61592574  .00000887  00000+0  96455-4 0  9991
2 68997  97.7825 115.1693 0001544 114.2255 245.9125 14.90513723 14210
FOREST-16 (SOWITASGOHT) 
1 68998U 26100U   26218.17958530  .00000737  00000+0  77656-4 0  9997
2 68998  97.7287 114.7239 0000968  80.6088 279.5241 14.92261528 14153
FOREST-18 (MANGOSHRIKH*)
1 68999U 26100V   26218.28100600  .00002388  00000+0  23591-3 0  9999
2 68999  97.7256 114.8253 0002692  67.8949 292.2556 14.92866837 14173
GEMINI-POLLUX           
1 69000U 26100W   26218.61780137  .00001141  00000+0  11691-3 0  9993
2 69000  97.7257 115.1502 0002532  84.3420 275.8088 14.92398820 14225
FOREST-19 (PATADASTRA)  
1 69001U 26100X   26218.59977455  .00001024  00000+0  10422-3 0  9993
2 69001  97.7305 115.2234 0001657 129.9627 230.1739 14.92877222 14219
NULINK-1                
1 69002U 26100Y   26218.18865900  .00000956  00000+0  97816-4 0  9996
2 69002  97.7290 114.8212 0002196 137.6007 222.5382 14.92802143 14153
YAM-12                  
1 69003U 26100Z   26218.58726655  .00001616  00000+0  17149-3 0  9998
2 69003  97.7824 115.0343 0001723  84.7148 275.4266 14.90422543 14190
GEN1A-1                 
1 69004U 26100AA  26218.44959104  .00001836  00000+0  87332-4 0  9997
2 69004  97.3978 115.3336 0004070 172.7481 187.3814 15.20413600 14455
GEN1A-2                 
1 69005U 26100AB  26218.43994489  .00002014  00000+0  94975-4 0  9992
2 69005  97.3967 115.3265 0004731 181.0831 179.0395 15.20606969 14455
JEN-1                   
1 69006U 26100AC  26218.24866263  .00002823  00000+0  13243-3 0  9996
2 69006  97.4002 115.1498 0007295 180.8394 179.2830 15.20450994 14419
BRO-21                  
1 69007U 26100AD  26218.63062019  .00001405  00000+0  65080-4 0  9999
2 69007  97.3975 115.6927 0006387 230.2966 129.7708 15.21732161 14476
YAM-14                  
1 69008U 26100AE  26218.57767515  .00000899  00000+0  97785-4 0  9999
2 69008  97.7821 115.0525 0002458  95.3151 264.8348 14.90468339 14198
CAS500-2 RIDESHARE OBJE*
1 69009U 26100AF  26218.24795114  .00006119  00000+0  27745-3 0  9999
2 69009  97.3970 115.1353 0005564 144.1711 215.9899 15.21180214 14417
DRISHTI                 
1 69010U 26100AG  26218.62869110  .00001446  00000+0  68930-4 0  9991
2 69010  97.3971 115.5380 0004573 192.8317 167.2803 15.20675317 14477
EYCORE-1                
1 69011U 26100AH  26218.61662413  .00002469  00000+0  11429-3 0  9994
2 69011  97.3978 115.5677 0003712 193.5720 166.5417 15.21040293 14477
JACKAL-004              
1 69012U 26100AJ  26218.74363662  .00002395  00000+0  11092-3 0  9997
2 69012  97.4576 115.9500 0012016  15.2134 344.9461 15.21021196 14492
CAS500-2                
1 69013U 26100AK  26218.62836975  .00003072  00000+0  14423-3 0  9991
2 69013  97.3820 115.4832 0009013 176.1711 183.9595 15.20344898 14471
CAS500-2 RIDESHARE OBJE*
1 69014U 26100AL  26218.25439050  .00002512  00000+0  11460-3 0  9990
2 69014  97.3996 115.3131 0004411 230.1734 129.9114 15.21535320 14425
FRONTIERSAT             
1 69015U 26100AM  26217.69549982  .00005090  00000+0  22295-3 0  9996
2 69015  97.3927 114.7457 0006633 217.8150 142.2621 15.22441575 14358
RAVEN                   
1 69016U 26100AN  26218.44039478  .00001460  00000+0  67758-4 0  9996
2 69016  97.3962 115.4716 0006498 225.3954 134.6753 15.21588479 14455
PELICAN-7               
1 69017U 26100AP  26218.25757972  .00002232  00000+0  95111-4 0  9994
2 69017  97.3772 115.3538 0002504  52.6730 307.4735 15.23979999 14434
EDDA-1                  
1 69018U 26100AQ  26217.66314388  .00002418  00000+0  99428-4 0  9990
2 69018  97.3566 114.7138 0004198 109.1907 250.9786 15.25105971 14352
PELICAN-9               
1 69019U 26100AR  26218.17372737  .00002331  00000+0  97776-4 0  9998
2 69019  97.3303 115.0049 0004761  85.0633 275.1149 15.24460668 14416
SELENE                  
1 69020U 26100AS  26218.27012903  .00003286  00000+0  15405-3 0  9995
2 69020  97.3970 115.1060 0004860 143.7357 216.4209 15.20370036 14417
HELIOS                  
1 69021U 26100AT  26218.45784606  .00004034  00000+0  18697-3 0  9990
2 69021  97.3954 115.2900 0005278 150.2849 209.8687 15.20626904 14444
HYDRA-3                 
1 69022U 26100AU  26218.59553388  .00001923  00000+0  91535-4 0  9994
2 69022  97.3957 115.4115 0005277 154.5902 205.5594 15.20336277 14467
QUBE-II                 
1 69023U 26100AV  26218.24677020  .00004187  00000+0  19236-3 0  9999
2 69023  97.4002 115.1787 0003450 146.7805 213.3648 15.20917863 14416
BALKAN-2                
1 69024U 26100AW  26218.25600561  .00003394  00000+0  15816-3 0  9996
2 69024  97.3997 115.1637 0003542 153.6587 206.4830 15.20556525 14419
TIANZHOU-10             
1 69049U 26102A   26218.51587176  .00011813  00000+0  15232-3 0  9997
2 69049  41.4697  16.4750 0001031 270.3877  89.6843 15.58852378301007
QIANFAN-127             
1 69073U 26104A   26218.42708185 -.01884172  00000+0 -33001+1 0  9991
2 69073  88.9934 336.3378 0010722 155.6113 204.5546 13.47624332 11941
QIANFAN-128             
1 69074U 26104B   26218.58350318 -.01881365  00000+0 -32882+1 0  9997
2 69074  88.9912 336.3555 0004433 184.9462 175.1644 13.47772806 11941
QIANFAN-129             
1 69075U 26104C   26218.53408846 -.01899186  00000+0 -33177+1 0  9991
2 69075  88.9915 336.2937 0011888 297.4676  62.5264 13.47822351 11978
QIANFAN-130             
1 69076U 26104D   26218.57105170 -.01869207  00000+0 -32673+1 0  9991
2 69076  88.9917 336.3547 0002642 264.5668  95.5179 13.47739270 11948
QIANFAN-131             
1 69077U 26104E   26218.59313154  .00000083  00000+0  11059-3 0  9991
2 69077  88.9915 336.3162 0001982  97.3465 262.7912 13.51017873 11961
QIANFAN-132             
1 69078U 26104F   26218.58072517  .00000098  00000+0  13311-3 0  9995
2 69078  88.9917 336.3733 0002028 109.8844 250.2526 13.51024544 11933
QIANFAN-133             
1 69079U 26104G   26218.58903177  .00000098  00000+0  13245-3 0  9997
2 69079  88.9920 336.3210 0001909  91.2588 268.8782 13.51017666 11952
QIANFAN-134             
1 69080U 26104H   26218.46972412  .00000099  00000+0  13470-3 0  9995
2 69080  88.9924 336.3577 0001770  96.1716 263.9636 13.51021005 11931
QIANFAN-135             
1 69081U 26104J   26218.74531690  .00000025  00000+0  20618-4 0  9998
2 69081  88.9918 336.3231 0001561 101.0896 259.0431 13.51024287 11973
QIANFAN-136             
1 69082U 26104K   26218.75362641  .00000081  00000+0  10754-3 0  9999
2 69082  88.9920 336.3244 0001858  92.5005 267.6359 13.51014789 11976
QIANFAN-137             
1 69083U 26104L   26218.74952486  .00000086  00000+0  11488-3 0  9991
2 69083  88.9930 336.1974 0002056 107.5579 252.5797 13.51014031 12048
QIANFAN-138             
1 69084U 26104M   26218.55055036 -.01883735  00000+0 -33001+1 0  9991
2 69084  88.9909 336.3476 0006198 175.2134 184.9076 13.47622544 11949
QIANFAN-139             
1 69085U 26104N   26218.53807042 -.01867523  00000+0 -32585+1 0  9995
2 69085  88.9913 336.3297 0006265 163.4648 196.6707 13.47843196 11950
QIANFAN-140             
1 69086U 26104P   26218.62187322  .00000100  00000+0  13615-3 0  9991
2 69086  88.9916 336.3246 0001560 104.7517 255.3807 13.51027228 11964
QIANFAN-141             
1 69087U 26104Q   26218.63013652  .00000084  00000+0  11130-3 0  9998
2 69087  88.9913 336.2894 0001676  99.1792 260.9549 13.51020815 11982
QIANFAN-142             
1 69088U 26104R   26218.56430399  .00000085  00000+0  11261-3 0  9998
2 69088  88.9912 336.2961 0001700 106.9876 253.1461 13.51023050 11975
QIANFAN-143             
1 69089U 26104S   26218.56020909  .00000076  00000+0  99673-4 0  9995
2 69089  88.9923 336.2983 0002044  96.6699 263.4685 13.51019591 11979
QIANFAN-144             
1 69090U 26104T   26218.56842072  .00000091  00000+0  12300-3 0  9998
2 69090  88.9921 336.3165 0001803 111.1190 249.0154 13.51023624 11965
ZHUQUE-2E R/B           
1 69095U 26105A   26218.38377548  .00161611 -11983-5  30254-3 0  9998
2 69095  88.9675 187.3299 0395758 105.5616 258.9685 15.31961337 12795
2026-106A               
1 69097U 26106A   26218.59241278  .00003542  00000+0  21100-3 0  9993
2 69097  97.5070 299.7861 0013457 359.8258   0.2965 15.11767271 12590
2026-106B               
1 69098U 26106B   26218.59949019  .00001914  00000+0  12151-3 0  9999
2 69098  97.5056 299.6076 0014227 355.5333   4.5767 15.09996861 12587
2026-106C               
1 69099U 26106C   26218.59005640  .00003664  00000+0  21788-3 0  9993
2 69099  97.5076 299.7930 0013288   0.9149 359.2104 15.11810775 12590
2026-106D               
1 69100U 26106D   26218.06332821  .00001240  00000+0  75348-4 0  9992
2 69100  97.5055 299.2437 0008627  17.7807 342.3724 15.12292619 12510
2026-106E               
1 69101U 26106E   26218.57544791  .00004502  00000+0  26496-3 0  9993
2 69101  97.5053 299.7885 0016025   3.4745 356.6594 15.12034284 12598
QIANFAN-145             
1 69104U 26108A   26218.57195236 -.02023404  00000+0 -34717+1 0  9992
2 69104  89.0124  17.0024 0013472 307.0906  52.9011 13.48542248 11249
QIANFAN-146             
1 69105U 26108B   26218.61277966 -.02077867  00000+0 -31580+1 0  9996
2 69105  89.0128  16.8373 0019938 331.1786  28.8265 13.56330171 11348
QIANFAN-147             
1 69106U 26108C   26218.58098099  .00000043  00000+0  47744-4 0  9992
2 69106  89.0130  17.0050 0001976  97.9946 262.1430 13.51019321 11236
QIANFAN-148             
1 69107U 26108D   26218.49311092 -.01883505  00000+0 -32944+1 0  9991
2 69107  89.0119  17.0064 0003164 173.2929 186.8263 13.47731517 11227
QIANFAN-149             
1 69108U 26108E   26218.57681595  .00000074  00000+0  96357-4 0  9990
2 69108  89.0123  17.0197 0001684  98.9913 261.1429 13.51037654 11239
QIANFAN-150             
1 69109U 26108F   26218.51095625  .00000042  00000+0  46856-4 0  9992
2 69109  89.0128  16.9773 0019724 320.9203  39.0523 13.51029854 11248
QIANFAN-151             
1 69110U 26108G   26218.61318408 -.02045044  00000+0 -35084+1 0  9994
2 69110  89.0122  16.9916 0019815 315.5431  44.4128 13.48552612 11247
QIANFAN-152             
1 69111U 26108H   26218.59244782 -.02024728  00000+0 -34735+1 0  9993
2 69111  89.0118  16.9865 0007161 294.5139  65.5264 13.48578418 11256
QIANFAN-153             
1 69112U 26108J   26218.58856568 -.02056993  00000+0 -35169+1 0  9995
2 69112  89.0117  16.9649 0022457 322.1971  37.7601 13.48772491 11256
QIANFAN-154             
1 69113U 26108K   26218.52230668 -.01920920  00000+0 -33857+1 0  9998
2 69113  89.0127  17.0156 0003313 207.9275 152.1697 13.47326989 11231
QIANFAN-155             
1 69114U 26108L   26218.60098613 -.02057315  00000+0 -35235+1 0  9992
2 69114  89.0125  16.9738 0017266 315.6780  44.2986 13.48704127 11253
QIANFAN-156             
1 69115U 26108M   26218.62106139  .00000056  00000+0  68983-4 0  9994
2 69115  89.0142  16.9660 0021102 325.0308  34.9455 13.49900428 11274
QIANFAN-157             
1 69116U 26108N   26218.59617939 -.01915758  00000+0 -33990+1 0  9999
2 69116  89.0121  16.8970 0017278 321.4727  38.5187 13.46830625 11303
QIANFAN-158             
1 69117U 26108P   26218.62240434  .00000075  00000+0  98792-4 0  9995
2 69117  89.0126  16.9374 0019958 328.2256  31.7689 13.49931545 11282
QIANFAN-159             
1 69118U 26108Q   26218.46966687 -.02093213  00000+0 -35735+1 0  9997
2 69118  89.0102  16.9615 0006342 313.2793  46.7827 13.49033384 11259
QIANFAN-160             
1 69119U 26108R   26218.56047024  .00000077  00000+0  10119-3 0  9998
2 69119  89.0132  16.9853 0001750 103.9631 256.1715 13.51030120 11251
QIANFAN-161             
1 69120U 26108S   26218.49578549 -.01945155  00000+0 -32043+1 0  9998
2 69120  89.0127  16.9070 0018180 338.6707  21.3685 13.51658756 11297
QIANFAN-162             
1 69121U 26108T   26218.63175610 -.02058733  00000+0 -33649+1 0  9998
2 69121  89.0122  16.9223 0023091 328.9828  30.9959 13.51650275 11283
STRIX-7                 
1 69177U 26112A   26218.59999605  .00001845  00000+0  15636-3 0  9994
2 69177  44.9077 287.6108 0025018 328.1836  31.7523 15.01760886 11456
SHENZHOU-23 (SZ-23)     
1 69180U 26113A   26218.51587176  .00011813  00000+0  15232-3 0  9995
2 69180  41.4697  16.4750 0001031 270.3877  89.6843 15.58852378300855
KUIPER-00282            
1 69267U 26118A   26218.58335648 -.00029771  00000+0 -39188-2 0  9997
2 69267  51.8945 177.8005 0002332  56.6344 124.5480 14.79657508  5180
KUIPER-00383            
1 69268U 26118B   26218.58335648 -.00082332  00000+0 -95523-2 0  9995
2 69268  51.8983 175.4137 0011126 350.8250  32.1906 14.85358599  5428
KUIPER-00527            
1 69269U 26118C   26218.58335648 -.00072109  00000+0 -85661-2 0  9999
2 69269  51.8971 175.5246 0005885  38.0688 180.4933 14.84349671  5385
KUIPER-00562            
1 69270U 26118D   26218.58335648 -.00537985  00000+0 -29860-1 0  9997
2 69270  51.8863 170.1390 0001539 300.8196 244.1454 15.15488698  5726
KUIPER-00570            
1 69271U 26118E   26218.26007738  .00001787  00000+0  26339-3 0  9993
2 69271  51.8985 181.8446 0000315 356.3394   3.7566 14.79926870 11526
KUIPER-00572            
1 69272U 26118F   26218.58335648 -.00029269  00000+0 -34030-2 0  9996
2 69272  51.8995 175.0919 0004610  29.1097  69.4839 14.84787334  5098
KUIPER-00581            
1 69273U 26118G   26218.58072865  .00000166  00000+0  50800-4 0  9994
2 69273  51.9014 180.3189 0003060  47.9784 312.1438 14.79943188 11678
KUIPER-00584            
1 69274U 26118H   26218.15600374  .00001432  00000+0  21689-3 0  9999
2 69274  51.8998 184.8127 0000766  80.1913 279.9136 14.79911788 11488
KUIPER-00587            
1 69275U 26118J   26218.58335648 -.00066280  00000+0 -63479-2 0  9992
2 69275  51.8941 172.8315 0008786 347.6318 316.1173 14.92963589  4278
KUIPER-00590            
1 69276U 26118K   26218.58335648 -.00033254  00000+0 -44672-2 0  9992
2 69276  51.9004 177.8045 0002249  78.2652 287.1454 14.78858057  5650
KUIPER-00592            
1 69277U 26118L   26218.58335648 -.00032866  00000+0 -46554-2 0  9992
2 69277  51.9015 177.1820 0001192 318.7765  34.7480 14.76612533  4930
KUIPER-00593            
1 69278U 26118M   26218.08570218  .00015905  00000+0  43717-3 0  9994
2 69278  51.8694 171.6073 0003718   8.2201 351.8846 15.37362879 11721
KUIPER-00594            
1 69279U 26118N   26218.58335648 -.01178112  00000+0 -42550-1 0  9991
2 69279  51.8722 169.3515 0001410 132.6480  26.2133 15.31082948  4787
KUIPER-00595            
1 69280U 26118P   26218.35081464  .00015380  00000+0  41513-3 0  9996
2 69280  51.8697 170.3822 0001645  58.5506 301.5641 15.37957886 11732
KUIPER-00596            
1 69281U 26118Q   26218.20662230 -.00001032  00000+0 -10640-3 0  9995
2 69281  51.9008 184.4782 0000536 118.8429 241.2588 14.79917706 11498
KUIPER-00597            
1 69282U 26118R   26218.11359005  .00012816  00000+0  34549-3 0  9993
2 69282  51.8642 171.7524 0006763  12.9835 347.1325 15.38148592 11667
KUIPER-00599            
1 69283U 26118S   26218.58335648 -.00058290  00000+0 -52736-2 0  9997
2 69283  51.8927 173.1996 0004501 334.3017 178.1897 14.95160021  5363
KUIPER-00600            
1 69284U 26118T   26218.12849870  .00021420  00000+0  57420-3 0  9994
2 69284  51.8640 171.8426 0008627  10.9425 349.1748 15.37897719 11665
KUIPER-00601            
1 69285U 26118U   26218.17560370  .00001142  00000+0  19299-3 0  9996
2 69285  51.9010 179.4102 0001505 112.8897 247.2223 14.76487996 11565
KUIPER-00602            
1 69286U 26118V   26218.58335648 -.00100853  00000+0 -70199-2 0  9996
2 69286  51.8900 171.1544 0002859 346.7482  76.5394 15.05454829  5278
KUIPER-00603            
1 69287U 26118W   26218.58335648 -.00069570  00000+0 -73461-2 0  9992
2 69287  51.8966 172.8642 0002743  72.1183  62.4990 14.89131458  5545
KUIPER-00605            
1 69288U 26118X   26218.20934115  .00001814  00000+0  26679-3 0  9991
2 69288  51.8980 181.9572 0000747 177.4387 182.6579 14.79941166 11530
KUIPER-00606            
1 69289U 26118Y   26218.58335648 -.00072130  00000+0 -71162-2 0  9996
2 69289  51.8940 173.1409 0001956  39.7705  36.4034 14.91867942  5893
KUIPER-00607            
1 69290U 26118Z   26218.10018662  .00009819  00000+0  26450-3 0  9993
2 69290  51.8665 171.6844 0005296   1.1802 358.9197 15.38475026 11661
KUIPER-00608            
1 69291U 26118AA  26218.58038200  .00000537  00000+0  29310-4 0  9993
2 69291  51.8591 171.0603 0010778  19.6148 340.5249 15.31606909 11715
KUIPER-00610            
1 69292U 26118AB  26218.58335648 -.00048118  00000+0 -35613-2 0  9990
2 69292  51.8893 170.9499 0002700  94.9882 350.6793 15.02771865  5631
KUIPER-00613            
1 69293U 26118AC  26218.09118569  .00001796  00000+0  26445-3 0  9991
2 69293  51.8994 182.4895 0001020 107.5081 252.5993 14.79959284 11510
KUIPER-00618            
1 69294U 26118AD  26218.58335648 -.01966267  00000+0 -11144+0 0  9997
2 69294  51.8831 170.0543 0000772 298.7542 229.3378 15.16151446  5239
KUIPER-00620            
1 69295U 26118AE  26218.58335648 -.00105186  00000+0 -78634-2 0  9992
2 69295  51.8906 171.3040 0002714 353.9527 330.2854 15.02814936  4880
GUOWANG TEST OBJECT A   
1 69320U 26120A   26208.41698557  .00006854  00000+0  21848-3 0  9992
2 69320  54.9950 207.3499 0015434  63.9716 296.2897 15.33638442  8872
GUOWANG TEST OBJECT B   
1 69321U 26120B   26217.24268334  .00002367  00000+0  72749-4 0  9992
2 69321  54.9960 166.8475 0012205  80.9525 279.2883 15.37947872 10241
GUOWANG TEST OBJECT C   
1 69322U 26120C   26215.41807068  .00015942  00000+0  43187-3 0  9999
2 69322  54.9979 174.9970 0014161  83.3312 276.9327 15.37785127  9963
GUOWANG TEST OBJECT D   
1 69323U 26120D   26218.52287365  .00004507  00000+0  16443-3 0  9997
2 69323  54.9954 162.2426 0014587 101.3112 258.9552 15.30097425 10427
QIANFAN-163             
1 69325U 26121A   26215.92871630  .00000024  00000+0  19021-4 0  9991
2 69325  89.0167 295.7632 0001687  79.3471 280.7870 13.51027765  8619
QIANFAN-164             
1 69326U 26121B   26218.63612131  .00000095  00000+0  12785-3 0  9999
2 69326  89.0165 295.4865 0001885  87.5937 272.5430 13.51029747  8984
SZ-22 MODULE            
1 69328U 25272C   26218.58573773  .00013907  00000+0  15762-3 0  9993
2 69328  41.4803  15.2909 0005072  80.6449 279.4963 15.62110192 11203
QIANFAN-165             
1 69382U 26124A   26218.62442310 -.02089157  00000+0 -32175+1 0  9995
2 69382  89.0048 356.5486 0012778   1.6328 358.4866 13.55562714  8840
QIANFAN-166             
1 69383U 26124B   26218.58132355 -.02028105  00000+0 -31282+1 0  9990
2 69383  89.0047 356.5408 0012096  24.2738 335.8983 13.55348058  8845
QIANFAN-167             
1 69384U 26124C   26218.59688267 -.02057009  00000+0 -31686+1 0  9993
2 69384  89.0026 356.5595 0012138  23.3889 336.7814 13.55490174  8833
QIANFAN-168             
1 69385U 26124D   26218.55454566 -.02089551  00000+0 -32139+1 0  9994
2 69385  89.0022 356.5508 0014338  14.6857 345.4710 13.55639279  8839
QIANFAN-169             
1 69386U 26124E   26218.60321993 -.02091060  00000+0 -32254+1 0  9994
2 69386  89.0021 356.5403 0015633  19.5674 340.6076 13.55452689  8844
QIANFAN-170             
1 69387U 26124F   26218.58159543 -.02017970  00000+0 -31142+1 0  9995
2 69387  89.0035 356.5186 0011496  32.1370 328.0482 13.55297309  8853
QIANFAN-171             
1 69388U 26124G   26218.58794140 -.01882136  00000+0 -29572+1 0  9991
2 69388  89.0053 356.5229 0014930  38.4657 321.7557 13.54540771  8851
QIANFAN-172             
1 69389U 26124H   26218.62603315 -.02060621  00000+0 -31427+1 0  9990
2 69389  89.0033 356.5087 0012037  24.5777 335.5948 13.56126636  8867
QIANFAN-173             
1 69390U 26124J   26218.55858298 -.01921803  00000+0 -30257+1 0  9993
2 69390  89.0025 356.5169 0015256  28.0413 332.1558 13.54504698  8858
QIANFAN-174             
1 69391U 26124K   26218.59349498 -.02074606  00000+0 -29597+1 0  9991
2 69391  89.0011 356.4838 0006004  47.2601 312.9060 13.60373297  8860
QIANFAN-175             
1 69392U 26124L   26218.58938722 -.01914801  00000+0 -30050+1 0  9990
2 69392  89.0057 356.5051 0011592  49.0151 311.2003 13.54710667  8865
QIANFAN-176             
1 69393U 26124M   26218.60805908 -.02085758  00000+0 -32303+1 0  9997
2 69393  89.0018 356.5030 0014316  29.1313 331.0636 13.55193763  8850
QIANFAN-177             
1 69394U 26124N   26218.62664084 -.01999309  00000+0 -30422+1 0  9993
2 69394  89.0027 356.4901 0012485  27.5883 332.5931 13.56145046  8874
QIANFAN-178             
1 69395U 26124P   26218.62442415 -.02076368  00000+0 -28448+1 0  9993
2 69395  88.9989 356.4678 0008809  28.0023 332.1607 13.62890092  8880
QIANFAN-179             
1 69396U 26124Q   26218.60756579 -.02076772  00000+0 -28154+1 0  9994
2 69396  89.0013 356.4673 0009968  33.4371 326.7415 13.63544654  8886
QIANFAN-180             
1 69397U 26124R   26218.59694460 -.02033689  00000+0 -30181+1 0  9996
2 69397  89.0014 356.4842 0010502  16.9355 343.2148 13.57800412  8876
QIANFAN-181             
1 69398U 26124S   26218.62670437 -.01916469  00000+0 -30287+1 0  9991
2 69398  89.0033 356.5622 0008521  51.3672 308.8242 13.54283577  8830
QIANFAN-182             
1 69399U 26124T   26218.56584836  .00000096  00000+0  11663-3 0  9999
2 69399  89.0017 356.5517 0010946  19.9877 340.1704 13.57832732  8824
QIANFAN-183             
1 69401U 26125A   26218.61123528 -.02024449  00000+0 -30066+1 0  9994
2 69401  88.9886 274.9106 0021839  21.0467 339.1582 13.57658723  8748
QIANFAN-184             
1 69402U 26125B   26218.27723076 -.02054792  00000+0 -31386+1 0  9991
2 69402  88.9926 274.9568 0024239  22.8478 337.3749 13.55928714  8691
QIANFAN-185             
1 69403U 26125C   26218.34853984 -.02001863  00000+0 -24814+1 0  9991
2 69403  88.9924 274.8935 0025573  32.7732 327.5009 13.68796482  8736
QIANFAN-186             
1 69404U 26125D   26218.41730565 -.01968035  00000+0 -30506+1 0  9996
2 69404  88.9925 274.9408 0023046  29.5513 330.6937 13.54833350  8712
QIANFAN-187             
1 69405U 26125E   26218.43503983 -.02091355  00000+0 -30747+1 0  9991
2 69405  88.9916 274.9253 0022871  11.1614 349.0044 13.58422216  8728
QIANFAN-188             
1 69406U 26125F   26218.08584086 -.02149422  00000+0 -32278+1 0  9996
2 69406  88.9962 274.9512 0022523  20.7416 339.4647 13.57208702  8686
QIANFAN-189             
1 69407U 26125G   26218.62172847 -.02004671  00000+0 -30559+1 0  9991
2 69407  88.9908 274.8946 0025102  24.2032 336.0295 13.55945235  8742
QIANFAN-190             
1 69408U 26125H   26218.39198984 -.02061858  00000+0 -31713+1 0  9999
2 69408  88.9910 274.9164 0025978  13.8016 346.3842 13.55487156  8729
QIANFAN-191             
1 69409U 26125J   26218.47621666 -.01980013  00000+0 -30205+1 0  9994
2 69409  88.9908 274.9121 0024916  22.7615 337.4638 13.55850558  8730
QIANFAN-192             
1 69410U 26125K   26218.09661102 -.02057853  00000+0 -31633+1 0  9997
2 69410  88.9928 274.9495 0026641  19.6873 340.5303 13.55508396  8684
QIANFAN-193             
1 69411U 26125L   26218.60264475 -.01916049  00000+0 -30122+1 0  9999
2 69411  88.9904 274.8920 0024109  31.9344 328.3264 13.54513988  8758
QIANFAN-194             
1 69412U 26125M   26218.35105224 -.02025631  00000+0 -30460+1 0  9992
2 69412  88.9937 274.9123 0023303  11.3726 348.7950 13.56864591  8717
QIANFAN-195             
1 69413U 26125N   26218.27152204 -.02018397  00000+0 -29253+1 0  9993
2 69413  88.9944 274.9005 0021346  13.1967 346.9743 13.59183974  8720
QIANFAN-196             
1 69414U 26125P   26218.59515920 -.01998399  00000+0 -29921+1 0  9997
2 69414  88.9941 274.8755 0024509  19.8782 340.3322 13.57069607  8760
QIANFAN-197             
1 69415U 26125Q   26218.33091318 -.01968781  00000+0 -27898+1 0  9993
2 69415  88.9927 274.8908 0023384   7.9649 352.1874 13.60474684  8723
QIANFAN-198             
1 69416U 26125R   26218.58092019 -.02028004  00000+0 -30192+1 0  9997
2 69416  88.9909 274.8736 0022911  19.8736 340.3306 13.57503392  8765
QIANFAN-199             
1 69417U 26125S   26218.52893298 -.02051677  00000+0 -27779+1 0  9999
2 69417  88.9917 274.8466 0022180  11.7704 348.3968 13.63489818  8775
QIANFAN-200             
1 69418U 26125T   26218.55611532 -.01974699  00000+0 -30402+1 0  9996
2 69418  88.9912 274.9047 0024570  28.3598 331.8887 13.55263231  8741
DTC TEST OBJECT A       
1 69472U 26128A   26217.93552420  .00017762  00000+0  27008-3 0  9997
2 69472  55.0017  75.7105 0013229  57.3944 302.8366 15.54600266  8968
DTC TEST OBJECT B       
1 69473U 26128B   26218.32993132  .00015526  00000+0  22545-3 0  9998
2 69473  54.9926  73.2369 0012780  75.1450 285.1001 15.55983607  9023
STARS-X                 
1 69502U 26132A   26218.75004834  .00000172  00000+0  18996-4 0  9992
2 69502  97.6882 281.7581 0014548  93.9699 266.3188 14.99179019  8353
PETREL                  
1 69503U 26132B   26218.61359929  .00000103  00000+0  13308-4 0  9992
2 69503  97.6921 281.6515 0014758  94.9380 265.3528 14.99251353  8332
BRO-22                  
1 69504U 26132C   26218.12372670  .00001267  00000+0  10666-3 0  9992
2 69504  97.6832 281.1600 0019062 105.9283 254.4043 14.99869972  8267
HORN-L                  
1 69505U 26132D   26216.12865504  .00009139  00000+0  33463-3 0  9990
2 69505  97.6868 280.1045 0019007 197.4525 162.6063 15.28101020  8025
VERTECS                 
1 69506U 26132E   26218.21422234  .00001252  00000+0  10231-3 0  9998
2 69506  97.6727 281.3430 0017422 141.9561 218.2897 15.01080004  8273
HORN-R                  
1 69507U 26132F   26218.11631389  .00001210  00000+0  76217-4 0  9992
2 69507  97.6856 281.6386 0017958 157.1534 203.0498 15.11006913  8281
2026-134A               
1 69538U 26134A   26218.63996146  .00002146  00000+0  14063-3 0  9999
2 69538  97.6977 288.9396 0017099 102.2097 258.1048 15.08690896  7928
2026-134B               
1 69539U 26134B   26212.13590502  .00005727  00000+0  35750-3 0  9999
2 69539  97.6969 282.4136 0017280 122.3293 237.9612 15.09772616  6938
2026-134C               
1 69540U 26134C   26218.76233396  .00002797  00000+0  17638-3 0  9990
2 69540  97.6957 289.0733 0016779 102.8769 257.4335 15.09861261  7931
2026-134D               
1 69541U 26134D   26218.62777229  .00002951  00000+0  18550-3 0  9990
2 69541  97.6997 288.9692 0017806 102.8738 257.4481 15.09920551  7914
2026-134E               
1 69542U 26134E   26218.75956488  .00003038  00000+0  19072-3 0  9998
2 69542  97.7017 289.1159 0017513 103.2756 257.0427 15.09941564  7935
2026-134F               
1 69543U 26134F   26218.75797671  .00003098  00000+0  19422-3 0  9991
2 69543  97.6970 289.0865 0016870 104.8485 255.4614 15.09986850  7934
2026-134G               
1 69544U 26134G   26218.55622360  .00003258  00000+0  20350-3 0  9992
2 69544  97.7013 288.9199 0017353 106.0293 254.2848 15.10073058  7902
2026-134H               
1 69545U 26134H   26218.62017742  .00003466  00000+0  21583-3 0  9993
2 69545  97.6998 288.9802 0017182 107.1583 253.1529 15.10141637  7902
GUOWANG OBJECT A        
1 69572U 26137A   26213.35633036  .00000028  00000+0  20347-3 0  9999
2 69572  50.0023  77.4040 0000347 139.5784 220.5129 13.64525385  6283
GUOWANG OBJECT B        
1 69573U 26137B   26213.42532294 -.00000200  00000+0 -77763-4 0  9991
2 69573  50.0167  77.0889 0002453  51.2348 308.8759 13.64736035  6292
GUOWANG OBJECT C        
1 69574U 26137C   26214.29706786 -.00000203  00000+0 -77701-4 0  9992
2 69574  49.9994  73.6927 0000254 243.9968 116.0895 13.67279708  6414
GUOWANG OBJECT D        
1 69575U 26137D   26212.61340405 -.00000200  00000+0 -75527-4 0  9990
2 69575  49.9928  80.1060 0003915 131.8261 228.2962 13.66138308  6185
GUOWANG OBJECT E        
1 69576U 26137E   26210.85555318 -.00000187  00000+0 -57435-4 0  9998
2 69576  50.0054  86.8485 0001010 180.7397 179.3491 13.68113530  5948
GUOWANG OBJECT F        
1 69577U 26137F   26210.56058046 -.00000185  00000+0 -53850-4 0  9998
2 69577  50.0105  87.9246 0001132 191.2398 168.8466 13.69097283  5904
GUOWANG OBJECT G        
1 69578U 26137G   26211.58034781 -.00000105  00000+0  38115-4 0  9990
2 69578  50.0096  83.9849 0003027 251.6518 108.4042 13.68099256  6046
GUOWANG OBJECT H        
1 69579U 26137H   26210.91960707 -.00000137  00000+0  64741-6 0  9994
2 69579  50.0021  86.5156 0001360 110.3492 249.7544 13.68489212  5955
GUOWANG OBJECT J        
1 69580U 26137J   26208.58123301  .00000788  00000+0  10164-2 0  9994
2 69580  49.9979  95.4595 0000350 161.7744 198.3160 13.72033534  5646
CENTISPACE-1 GROUP 05 O*
1 69582U 26138A   26218.63407583 -.00000213  00000+0 -30497-4 0  9999
2 69582  55.1427  94.9189 0013237  29.7568 330.4157 14.15487993  7167
CENTISPACE-1 GROUP 05 O*
1 69583U 26138B   26218.62764645  .00000019  00000+0  87707-4 0  9992
2 69583  55.1427  94.8830 0012199  30.2442 329.9234 14.15669049  7167
CENTISPACE-1 GROUP 05 O*
1 69584U 26138C   26218.62465977  .00000164  00000+0  16115-3 0  9994
2 69584  55.1426  94.8763 0012156  31.6816 328.4888 14.15752212  7169
CENTISPACE-1 GROUP 05 O*
1 69585U 26138D   26218.61827035  .00000271  00000+0  21450-3 0  9998
2 69585  55.1422  94.8339 0011759  31.2576 328.9096 14.15934889  7160
CENTISPACE-1 GROUP 05 O*
1 69586U 26138E   26218.61590007  .00000364  00000+0  26091-3 0  9994
2 69586  55.1415  94.8271 0011515  32.0483 328.1189 14.16002026  7169
CENTISPACE-1 GROUP 05 O*
1 69587U 26138F   26218.61844769  .00000278  00000+0  21788-3 0  9994
2 69587  55.1422  94.8434 0011403  35.0033 325.1689 14.15925958  7168
CENTISPACE-1 GROUP 05 O*
1 69588U 26138G   26218.68321361  .00000305  00000+0  23106-3 0  9997
2 69588  55.1411  94.5476 0010737  35.3202 324.8482 14.16085033  7170
SPACEMOBILE-008         
1 69589U 26139A   26218.48251696  .00001050  00000+0  75965-4 0  9999
2 69589  52.9958  34.2148 0005247 109.2437 250.9122 15.12870929  7599
SPACEMOBILE-009         
1 69590U 26139B   26217.89139115  .00001137  00000+0  81037-4 0  9999
2 69590  52.9951  36.9284 0005601 105.0700 255.0911 15.12768163  7504
SPACEMOBILE-010         
1 69591U 26139C   26218.75579669  .00001315  00000+0  91445-4 0  9990
2 69591  52.9955  33.0668 0005727  99.4758 260.6880 15.12609637  7643
KUIPER-00423            
1 69592U 26140A   26218.13624007  .00014184  00000+0  37247-3 0  9999
2 69592  51.8792 156.7729 0013238 351.6565   8.4200 15.38806025  8921
KUIPER-00428            
1 69593U 26140B   26218.13165130  .00011497  00000+0  32059-3 0  9997
2 69593  51.8795 157.4754 0007545 103.9483 256.2343 15.37205133  8914
KUIPER-00481            
1 69594U 26140C   26218.08884324  .00019973  00000+0  52914-3 0  9994
2 69594  51.8778 157.1898 0010983   0.7942 359.3061 15.38286661  8914
KUIPER-00490            
1 69595U 26140D   26218.58335648 -.01677617  00000+0 -82064-1 0  9995
2 69595  51.8814 155.5515 0005947  39.4212 203.9757 15.21169430  4858
KUIPER-00493            
1 69596U 26140E   26218.58335648 -.00043628  00000+0 -39133-2 0  9994
2 69596  51.8941 158.3327 0007296 135.0669 120.2167 14.95340753  5047
KUIPER-00496            
1 69597U 26140F   26218.53994428  .00006193  00000+0  20686-3 0  9995
2 69597  51.8778 156.4267 0010743 123.9295 236.2713 15.32321709  8961
KUIPER-00513            
1 69598U 26140G   26218.58335648 -.01653804  00000+0 -86317-1 0  9995
2 69598  51.8857 155.4762 0007596  57.3864 182.2659 15.18892172  4644
KUIPER-00516            
1 69599U 26140H   26218.10874526  .00019184  00000+0  51338-3 0  9998
2 69599  51.8781 157.3167 0007455  72.1443 288.0357 15.38034167  8911
KUIPER-00517            
1 69600U 26140J   26218.08587546  .00017544  00000+0  48074-3 0  9992
2 69600  51.8769 157.1634 0010689  11.9830 348.1409 15.37338820  8919
KUIPER-00520            
1 69601U 26140K   26218.58335648 -.00932270  00000+0 -56274-1 0  9995
2 69601  51.8946 156.5825 0006338  81.1715 329.8436 15.13055579  4619
KUIPER-00522            
1 69602U 26140L   26218.53458899  .00018677  00000+0  52449-3 0  9991
2 69602  51.8773 154.9299 0013482 347.0168  13.0470 15.36497379  8986
KUIPER-00528            
1 69603U 26140M   26218.58335648 -.00022793  00000+0 -15411-2 0  9996
2 69603  51.8919 156.8441 0006300  68.6238 155.8448 15.05752124  2436
KUIPER-00532            
1 69604U 26140N   26218.53016289  .00011076  00000+0  31301-3 0  9996
2 69604  51.8776 155.6322 0005568 109.3937 250.7652 15.36835693  8971
KUIPER-00533            
1 69605U 26140P   26218.58335648 -.01052523  00000+0 -39934-1 0  9998
2 69605  51.8802 154.9266 0007536  43.7410 104.5323 15.29106690  2790
KUIPER-00534            
1 69606U 26140Q   26218.54001594  .00011842  00000+0  34050-3 0  9997
2 69606  51.8809 154.9779 0012761 353.0864   6.9945 15.36165543  8985
KUIPER-00537            
1 69607U 26140R   26218.58335648 -.00034475  00000+0 -24737-2 0  9991
2 69607  51.8926 158.2516 0008504 134.7180 252.5697 15.03745846  3507
KUIPER-00538            
1 69608U 26140S   26218.58335648 -.00077747  00000+0 -50652-2 0  9996
2 69608  51.8881 156.6218 0004043  67.4213  42.0862 15.07740281  5670
KUIPER-00540            
1 69609U 26140T   26218.12846045  .00012120  00000+0  33559-3 0  9995
2 69609  51.8801 157.4599 0006807  96.3386 263.8377 15.37371966  8913
KUIPER-00541            
1 69610U 26140U   26218.08698873  .00016997  00000+0  44576-3 0  9993
2 69610  51.8808 157.1946 0008181  37.3652 322.7903 15.38743528  8911
KUIPER-00542            
1 69611U 26140V   26218.08559528  .00010266  00000+0  27417-3 0  9995
2 69611  51.8770 157.1672 0008110  26.7137 333.4267 15.38674165  8910
KUIPER-00543            
1 69612U 26140W   26218.07324554  .00013764  00000+0  38611-3 0  9998
2 69612  51.8761 157.8173 0008157 106.3946 253.7938 15.36833163  8909
KUIPER-00544            
1 69613U 26140X   26218.54573630  .00013825  00000+0  36580-3 0  9993
2 69613  51.8770 155.0010 0007176  38.2655 321.8841 15.38652778  8981
KUIPER-00546            
1 69614U 26140Y   26218.07272212  .00018539  00000+0  49215-3 0  9990
2 69614  51.8775 157.0864 0014389 341.6196  18.4269 15.38234983  8911
KUIPER-00547            
1 69615U 26140Z   26218.54587658  .00020899  00000+0  55389-3 0  9997
2 69615  51.8802 155.0188 0011023   9.2383 350.8805 15.38244077  8988
KUIPER-00549            
1 69616U 26140AA  26218.05583041  .00010737  00000+0  29871-3 0  9993
2 69616  51.8768 157.7094 0007956  92.4684 267.7213 15.37349522  8904
KUIPER-00550            
1 69617U 26140AB  26218.52541385  .00008528  00000+0  30457-3 0  9998
2 69617  51.8772 157.0637 0008821 127.4141 232.7646 15.29628000  8954
KUIPER-00551            
1 69618U 26140AC  26218.53163012  .00015243  00000+0  40173-3 0  9995
2 69618  51.8772 154.9107 0012443   1.4448 358.6573 15.38638720  8989
KUIPER-00554            
1 69619U 26140AD  26218.08668109  .00010881  00000+0  29187-3 0  9998
2 69619  51.8782 157.1747 0011410   9.9654 350.1558 15.38441440  8915
KUIPER-00555            
1 69620U 26140AE  26218.08644351  .00019024  00000+0  50585-3 0  9997
2 69620  51.8816 157.1906 0010801 355.8515   4.2381 15.38210503  8919
KUIPER-00556            
1 69621U 26140AF  26218.53337225  .00016149  00000+0  42477-3 0  9993
2 69621  51.8786 154.9318 0012012 347.7260  12.3433 15.38656928  8981
KUIPER-00557            
1 69622U 26140AG  26218.09941431  .00017715  00000+0  47560-3 0  9993
2 69622  51.8806 157.2678 0009928  19.1424 340.9934 15.37973308  8916
KUIPER-00560            
1 69623U 26140AH  26218.55347225  .00014666  00000+0  40361-3 0  9990
2 69623  51.8793 155.0516 0009973  29.8083 330.3470 15.37359209  8981
KUIPER-00561            
1 69624U 26140AJ  26218.58335648 -.01191283  00000+0 -41843-1 0  9998
2 69624  51.8831 154.9635 0007803  19.9987 138.2724 15.31936943  5421
KUIPER-00564            
1 69625U 26140AK  26218.55681891  .00014821  00000+0  40735-3 0  9990
2 69625  51.8787 155.0834 0009920  23.2629 336.8805 15.37389853  8986
KUIPER-00567            
1 69626U 26140AL  26218.14263351  .00020157  00000+0  53333-3 0  9990
2 69626  51.8762 156.7997 0012614 347.5507  12.5167 15.38302350  8920
KUIPER-00573            
1 69627U 26140AM  26218.03834781  .00016742  00000+0  45074-3 0  9998
2 69627  51.8793 157.5952 0009595   4.6833 355.4243 15.37932460  8904
CENTISPACE-1 GROUP 05 O*
1 69636U 26138J   26218.62080491  .00000222  00000+0  19017-3 0  9995
2 69636  55.1420  94.8487 0011484  30.7866 329.3780 14.15859296  7130
VICTUS HAZE PUMA        
1 69646U 26142A   26218.74326965 -.00000042  00000+0  11723-5 0  9992
2 69646  97.3809 115.8210 0008664 202.0093 158.0772 15.21049899  7350
HOKUSHIN-1              
1 69648U 98067YH  26218.51448069  .00014780  00000+0  24749-3 0  9997
2 69648  51.6323  50.3891 0005617  41.9614 318.1805 15.52083247  7465
STRIX-8                 
1 69701U 26146A   26218.45822615  .00001577  00000+0  12384-3 0  9994
2 69701  41.9886 249.7506 0007518 187.6178 172.4536 15.04595124  6137
HAIYANG-2E              
1 69737U 26149A   26218.64612431 -.00000021  00000+0  22676-4 0  9990
2 69737  99.3457 225.2676 0001393  69.6160 290.5141 13.79300094  4917
KUIPER-00258            
1 69763U 26151A   26217.82456990  .00013587  00000+0  41677-3 0  9998
2 69763  51.8665  76.4220 0010881 248.8735 111.1087 15.34003988  5331
KUIPER-00526            
1 69764U 26151B   26218.58335648 -.00003186  00000+0 -21950-3 0  9997
2 69764  51.8936  73.9823 0004012 267.7240  52.1626 15.02077870  5580
KUIPER-00558            
1 69765U 26151C   26218.58335648  .00002905  00000+0  20301-3 0  9993
2 69765  51.8870  74.3611 0007451 238.8777 309.9094 15.08370383  5631
KUIPER-00569            
1 69766U 26151D   26218.58335648  .00018889  00000+0  91261-3 0  9995
2 69766  51.8867  72.9046 0004627 252.3852 328.1040 15.18653274  4559
KUIPER-00589            
1 69767U 26151E   26218.58335648 -.00065024  00000+0 -43355-2 0  9991
2 69767  51.8944  73.6396 0006535 249.9563 261.8668 15.06784383  5905
KUIPER-00598            
1 69768U 26151F   26218.61395176  .00012049  00000+0  38564-3 0  9992
2 69768  51.8647  72.7004 0008360 246.1704 113.8405 15.32781960  5458
KUIPER-00604            
1 69769U 26151G   26218.58335648 -.01269035  00000+0 -45467-1 0  9997
2 69769  51.8838  72.0707 0002401 206.8892  17.4484 15.31067952  2747
KUIPER-00609            
1 69770U 26151H   26217.80783974  .00028607  00000+0  75299-3 0  9995
2 69770  51.8804  75.6095 0000588  35.6612 324.4415 15.38321245  5342
KUIPER-00611            
1 69771U 26151J   26218.58335648 -.00883535  00000+0 -35192-1 0  9990
2 69771  51.8843  72.1223 0001703 243.5560 339.8854 15.27550893  2517
KUIPER-00612            
1 69772U 26151K   26218.58335648 -.01849087  00000+0 -99659-1 0  9994
2 69772  51.8891  72.7169 0001361 240.4290  48.8386 15.17673983  2794
KUIPER-00614            
1 69773U 26151L   26218.58335648 -.01154882  00000+0 -45970-1 0  9994
2 69773  51.8848  72.1526 0002015 246.5675 282.1284 15.27885134  2883
KUIPER-00615            
1 69774U 26151M   26218.58335648 -.00048416  00000+0 -29133-2 0  9993
2 69774  51.8855  73.5096 0005238 264.3650  32.3903 15.10395216  4299
KUIPER-00616            
1 69775U 26151N   26218.58741540  .00165088  00000+0  41203-2 0  9991
2 69775  51.8811  71.8341 0004887 257.9966 102.0474 15.39046103  5460
KUIPER-00617            
1 69776U 26151P   26216.65118939  .00029036  00000+0  76522-3 0  9993
2 69776  51.8791  81.3528 0004183 210.8738 149.2003 15.38270545  5161
KUIPER-00619            
1 69777U 26151Q   26218.59328289 -.00171352  00000+0 -48140-2 0  9995
2 69777  51.8833  71.8678 0002302 183.9137 176.1832 15.36627564  5460
KUIPER-00621            
1 69778U 26151R   26218.58335648  .00020340  00000+0  72163-3 0  9993
2 69778  51.8849  72.0834 0001592 207.8769  24.6946 15.29038026  5589
KUIPER-00622            
1 69779U 26151S   26218.58335648 -.01918732  00000+0 -10069+0 0  9991
2 69779  51.8811  73.1663 0007413 231.0817 175.8732 15.18659219  5181
KUIPER-00623            
1 69780U 26151T   26218.58335648 -.01185273  00000+0 -56843-1 0  9991
2 69780  51.8883  72.6495 0004897 249.9996  20.8724 15.21264717  4726
KUIPER-00626            
1 69781U 26151U   26217.81962249  .00016762  00000+0  50588-3 0  9995
2 69781  51.8725  76.4001 0009690 250.0677 109.9265 15.34350904  5337
KUIPER-00627            
1 69782U 26151V   26217.82839994 -.00033348  00000+0 -10400-2 0  9996
2 69782  51.8693  76.4490 0008348 251.9659 108.0416 15.32460297  5336
KUIPER-00629            
1 69783U 26151W   26218.58335648 -.00876032  00000+0 -83989-1 0  9994
2 69783  51.9258  75.7136 0008242 275.6454  39.4510 14.95679419  5780
KUIPER-00631            
1 69784U 26151X   26218.58335648 -.00013256  00000+0 -12218-2 0  9994
2 69784  51.8966  75.7041 0011635 255.6428  22.2370 14.93542712  3178
KUIPER-00634            
1 69785U 26151Y   26218.58335648 -.00687307  00000+0 -37844-1 0  9990
2 69785  51.8924  72.8388 0003494 267.1169 288.6105 15.15947498  5181
KUIPER-00639            
1 69786U 26151Z   26218.59718176  .00010581  00000+0  32448-3 0  9992
2 69786  51.8705  72.6054 0009068 239.7464 120.2624 15.34286244  5456
KUIPER-00641            
1 69787U 26151AA  26218.61863380  .00012538  00000+0  40582-3 0  9996
2 69787  51.8682  72.7420 0011112 248.4278 111.5523 15.32359020  5454
KUIPER-00644            
1 69788U 26151AB  26218.76140112  .00010968  00000+0  31064-3 0  9994
2 69788  51.8754  71.4791 0008217 250.1430 109.8671 15.36762832  5473
KUIPER-00646            
1 69789U 26151AC  26218.58335648 -.00326067  00000+0 -10820-1 0  9992
2 69789  51.8717  72.7128 0009345 253.4119  11.2044 15.32013620  5283
KUIPER-00647            
1 69790U 26151AD  26218.58335648  .00036558  00000+0  11705-2 0  9999
2 69790  51.8675  72.7953 0009946 247.3987 331.2401 15.31997395  5423
KUIPER-00662            
1 69791U 26151AE  26218.58335648 -.00022788  00000+0 -20257-2 0  9994
2 69791  51.8983  75.2770 0008423 295.2540  58.1011 14.95357197  4461
LINK                    
1 69792U 26152A   26218.16709529  .00164125  00000+0  10320-2 0  9993
2 69792  20.5900 157.5105 0019919 286.2932  73.5326 15.74588806  5313
ISS OBJECT YJ           
1 69794U 98067YJ  26218.54177407  .00020680  00000+0  35129-3 0  9997
2 69794  51.6321  50.5672 0007539  21.8903 338.2408 15.51398104  5467
ISS OBJECT YK           
1 69795U 98067YK  26218.58554800  .00035937  00000+0  56773-3 0  9997
2 69795  51.6315  50.1108 0005773  17.0424 343.0759 15.53118588  5476
ISS OBJECT YL           
1 69796U 98067YL  26217.82113311  .00030774  00000+0  50218-3 0  9994
2 69796  51.6323  54.0053 0008176  18.8876 341.2416 15.52278616  5342
ISS OBJECT YM           
1 69797U 98067YM  26218.52860045  .00026983  00000+0  44041-3 0  9990
2 69797  51.6317  50.4791 0009411  13.9035 346.2213 15.52333961  5447
ISS OBJECT YN           
1 69798U 98067YN  26217.76317351  .00020968  00000+0  35421-3 0  9992
2 69798  51.6328  54.3688 0009045  26.0038 334.1404 15.51533555  5346
PROVES-ELECTRA          
1 69799U 98067YP  26217.75566676  .00031591  00000+0  51360-3 0  9992
2 69799  51.6321  54.3178 0009173  10.7504 349.3680 15.52358891  5336
QIANFAN-201             
1 69800U 26153A   26218.41719429 -.01943801  00000+0 -11906+1 0  9990
2 69800  88.9941 356.5020 0015512  97.3481 262.9467 14.09718145  4708
QIANFAN-202             
1 69801U 26153B   26218.05504842 -.01980512  00000+0 -11897+1 0  9991
2 69801  88.9940 356.5598 0014665 111.9572 248.3174 14.10869188  4642
QIANFAN-203             
1 69802U 26153C   26218.75520883  .00000077  00000+0  34790-4 0  9999
2 69802  88.9949 356.4782 0009848 108.4609 251.7647 14.11300681  4748
QIANFAN-204             
1 69803U 26153D   26218.60487982 -.01916111  00000+0 -11875+1 0  9999
2 69803  88.9944 356.4932 0014720 113.5811 246.6921 14.09023915  4723
QIANFAN-205             
1 69804U 26153E   26218.62288515 -.01925990  00000+0 -12446+1 0  9993
2 69804  88.9940 356.4949 0009988 111.9443 248.2802 14.06762521  4727
QIANFAN-206             
1 69805U 26153F   26218.45083282 -.01899389  00000+0 -11098+1 0  9993
2 69805  88.9942 356.5071 0013204 103.4585 256.8074 14.12227000  4705
QIANFAN-207             
1 69806U 26153G   26218.37869027 -.01964003  00000+0 -12375+1 0  9999
2 69806  88.9942 356.5148 0013015 102.9857 257.2780 14.08220802  4692
QIANFAN-208             
1 69807U 26153H   26218.05552578 -.02074427  00000+0 -12491+1 0  9997
2 69807  88.9895 356.5456 0014827  89.8205 270.4679 14.10930301  4659
QIANFAN-209             
1 69808U 26153J   26218.45713797 -.01969356  00000+0 -12489+1 0  9994
2 69808  88.9942 356.5087 0011441  99.5947 260.6530 14.07883812  4706
QIANFAN-210             
1 69809U 26153K   26218.37736630 -.01964463  00000+0 -12396+1 0  9998
2 69809  88.9943 356.5149 0013391 106.9579 253.3074 14.08137561  4691
QIANFAN-211             
1 69810U 26153L   26218.58415219 -.02106900  00000+0 -12409+1 0  9990
2 69810  88.9913 356.4797 0016997  74.2151 286.0907 14.12185702  4723
QIANFAN-212             
1 69811U 26153M   26218.57241384 -.01893669  00000+0 -11637+1 0  9996
2 69811  88.9942 356.4878 0015032 101.7579 258.5293 14.09441569  4729
QIANFAN-213             
1 69812U 26153N   26218.42699780 -.01912091  00000+0 -11887+1 0  9996
2 69812  88.9942 356.5032 0012868  96.5631 263.7018 14.08856210  4700
QIANFAN-214             
1 69813U 26153P   26218.58325792 -.02074914  00000+0 -11754+1 0  9990
2 69813  88.9938 356.4703 0011467 130.9164 229.3018 14.14280315  4733
QIANFAN-215             
1 69814U 26153Q   26218.41442556 -.01909013  00000+0 -10028+1 0  9990
2 69814  88.9941 356.4823 0010111 152.5906 207.5818 14.18018162  4717
QIANFAN-216             
1 69815U 26153R   26218.56645956 -.01900815  00000+0 -10678+1 0  9998
2 69815  88.9943 356.4680 0009166 120.8379 239.3711 14.14391702  4738
QIANFAN-217             
1 69816U 26153S   26218.54563337 -.02105397  00000+0 -99111+0 0  9990
2 69816  88.9928 356.4676 0015104  96.7427 263.5485 14.24214305  4732
QIANFAN-218             
1 69817U 26153T   26218.54325512 -.01911210  00000+0 -91436+0 0  9992
2 69817  88.9944 356.4654 0012330 106.5302 253.7245 14.22983998  4731
QIANFAN-219             
1 69848U 26155A   26218.58808307 -.02052102  00000+0 -12621+1 0  9997
2 69848  89.0033  58.4085 0028605 136.6935 223.6504 14.09566349  4568
QIANFAN-220             
1 69849U 26155B   26218.55653836 -.02016898  00000+0 -14241+1 0  9992
2 69849  89.0047  58.4405 0034711 152.2273 208.0770 14.01729459  4549
QIANFAN-221             
1 69850U 26155C   26218.59667492 -.01927036  00000+0 -92407+0 0  9994
2 69850  89.0046  58.3908 0033651 143.1019 217.2498 14.22628958  4573
QIANFAN-222             
1 69851U 26155D   26218.60747469 -.01945147  00000+0 -13247+1 0  9999
2 69851  89.0047  58.4294 0031078 156.0568 204.2066 14.03664551  4550
QIANFAN-223             
1 69852U 26155E   26218.52909882 -.02060325  00000+0 -14007+1 0  9992
2 69852  89.0042  58.4381 0034338 153.7219 206.5714 14.03945800  4545
QIANFAN-224             
1 69853U 26155F   26218.50771557 -.01972168  00000+0 -13074+1 0  9996
2 69853  89.0031  58.4274 0029956 154.5301 205.7365 14.05240401  4546
QIANFAN-225             
1 69854U 26155G   26218.51580282 -.01945906  00000+0 -13095+1 0  9994
2 69854  89.0042  58.4340 0030782 154.9494 205.3189 14.04338202  4545
QIANFAN-226             
1 69855U 26155H   26218.58164294 -.01978690  00000+0 -13155+1 0  9996
2 69855  89.0043  58.4252 0033442 151.9313 208.3681 14.05036276  4550
QIANFAN-227             
1 69856U 26155J   26218.57251172 -.02002803  00000+0 -13272+1 0  9993
2 69856  89.0045  58.4242 0033504 150.5397 209.7682 14.05267949  4557
QIANFAN-228             
1 69857U 26155K   26218.21365782 -.02037911  00000+0 -13385+1 0  9991
2 69857  89.0052  58.4630 0032513 149.7089 210.5981 14.05848448  4500
QIANFAN-229             
1 69858U 26155L   26218.61127328 -.01913585  00000+0 -12093+1 0  9992
2 69858  89.0046  58.4112 0030822 142.1720 218.1638 14.07757651  4565
QIANFAN-230             
1 69859U 26155M   26218.61962107 -.02026534  00000+0 -14076+1 0  9998
2 69859  89.0045  58.4305 0033553 155.2246 205.0555 14.02687769  4550
QIANFAN-231             
1 69860U 26155N   26218.30871898 -.02083810  00000+0 -12967+1 0  9999
2 69860  89.0044  58.4407 0030942 135.3408 225.0276 14.08951429  4524
QIANFAN-232             
1 69861U 26155P   26218.58284509 -.01993437  00000+0 -12075+1 0  9991
2 69861  89.0039  58.4072 0027951 139.3259 221.0020 14.10292294  4569
QIANFAN-233             
1 69862U 26155Q   26218.09008822 -.02034662  00000+0 -12370+1 0  9995
2 69862  89.0051  58.4638 0034458 138.0312 222.3523 14.10072554  4497
QIANFAN-234             
1 69863U 26155R   26218.50695942 -.02093778  00000+0 -12537+1 0  9995
2 69863  89.0045  58.4142 0027761 138.2885 222.0423 14.11132173  4555
QIANFAN-235             
1 69864U 26155S   26218.59545507 -.01969640  00000+0 -97599+0 0  9995
2 69864  89.0041  58.3903 0033311 149.6926 210.6201 14.20987379  4571
QIANFAN-236             
1 69865U 26155T   26218.61710533 -.01941057  00000+0 -12582+1 0  9994
2 69865  89.0048  58.4128 0029793 147.2160 213.0880 14.06424871  4568
QIANFAN-237             
1 69866U 26155U   26218.43591937 -.01917955  00000+0 -11577+1 0  9993
2 69866  89.0046  58.4225 0029796 137.0428 223.3091 14.10306088  4531
QIANFAN-238             
1 69867U 26155V   26218.55230047 -.01914718  00000+0 -11307+1 0  9994
2 69867  89.0047  58.4031 0030566 138.6398 221.7110 14.11482307  4565
CAS500-4                
1 69869U 26156A   26218.56831547  .00000128  00000+0  11675-3 0  9999
2 69869  98.9915 118.2621 0012615 135.6064 224.6114 13.99860170  4235
ICEYE-X79               
1 69870U 26156B   26218.59515276  .00001497  00000+0  15420-3 0  9994
2 69870  97.7492 118.5388 0008206  55.5357 304.6636 14.91729755  4518
PELICAN-11              
1 69871U 26156C   26218.32450651  .00000475  00000+0  51977-4 0  9994
2 69871  97.7570 118.2942 0004842  42.3951 317.7641 14.92285444  4283
TOM-1                   
1 69872U 26156D   26218.61436669  .00000843  00000+0  91388-4 0  9999
2 69872  97.7492 118.5158 0004225  31.7512 328.3960 14.90749805  4511
FIRESAT2                
1 69873U 26156E   26218.59694604 -.00000644  00000+0 -58665-4 0  9994
2 69873  97.7533 118.5534 0007100  55.8621 304.3270 14.91581883  4518
CUBY-4                  
1 69874U 26156F   26218.61137109  .00000721  00000+0  78736-4 0  9995
2 69874  97.7497 118.5219 0004180  48.3532 311.8044 14.90900676  4517
CUBY-3                  
1 69875U 26156G   26218.61037375  .00001524  00000+0  15990-3 0  9994
2 69875  97.7483 118.5184 0004528  43.7282 316.4294 14.90963091  4519
ION SCV-023             
1 69876U 26156H   26218.52349555  .00000330  00000+0  38037-4 0  9993
2 69876  97.6457 118.3362 0008586  59.4620 300.7445 14.91894833  4505
TRANSPORTER-17 OBJECT J 
1 69877U 26156J   26218.53421701  .00002290  00000+0  23459-3 0  9997
2 69877  97.7520 118.4792 0006310  55.0865 305.0946 14.91448763  4503
GRUS-3G                 
1 69878U 26156K   26218.59406647  .00000731  00000+0  78106-4 0  9994
2 69878  97.7488 118.5398 0008115  56.3065 303.8927 14.91746723  4514
ANDURIL-216             
1 69879U 26156L   26218.59850938  .00001113  00000+0  11660-3 0  9997
2 69879  97.7527 118.5497 0006921  55.1549 305.0320 14.91540303  4513
TRANSPORTER-17 OBJECT M 
1 69880U 26156M   26218.27239256  .00001480  00000+0  15492-3 0  9992
2 69880  97.7430 118.1723 0005624  36.4778 323.6822 14.91088042  4465
CUBY-2                  
1 69881U 26156N   26218.27268466  .00000521  00000+0  58186-4 0  9991
2 69881  97.7466 118.1850 0005177  43.0504 317.1118 14.91041153  4468
TRANSPORTER-17 OBJECT P 
1 69882U 26156P   26218.54001244  .00002627  00000+0  27011-3 0  9992
2 69882  97.7540 118.4776 0004986  62.6860 297.4866 14.91175010  4506
HYPERION GR-1           
1 69883U 26156Q   26218.26693969  .00000774  00000+0  83234-4 0  9994
2 69883  97.7520 118.2124 0006165  53.2532 306.9252 14.91332193  4460
YAM-17                  
1 69884U 26156R   26218.26680956  .00001125  00000+0  12079-3 0  9996
2 69884  97.6543 118.1233 0002050 118.8261 241.3163 14.90478513  4460
GRUS-3A                 
1 69885U 26156S   26218.26416884  .00000756  00000+0  81150-4 0  9990
2 69885  97.7497 118.2066 0007051  51.7609 308.4244 14.91471769  4464
FIRESAT1                
1 69886U 26156T   26218.59177432  .00000794  00000+0  84135-4 0  9998
2 69886  97.7527 118.5585 0008201  61.8274 298.3772 14.91857895  4502
TRANSPORTER-17 OBJECT U 
1 69887U 26156U   26218.59243014  .00000331  00000+0  38344-4 0  9997
2 69887  97.7525 118.5570 0007976  61.3525 298.8495 14.91812882  4512
TRANSPORTER-17 OBJECT V 
1 69888U 26156V   26218.26633501  .00001557  00000+0  16153-3 0  9990
2 69888  97.7539 118.2203 0006207  55.8922 304.2884 14.91391966  4309
ICEYE-X81               
1 69889U 26156W   26218.53256896  .00001880  00000+0  19348-3 0  9997
2 69889  97.7521 118.4820 0006868  53.8713 306.3140 14.91465481  4501
FIRESAT3                
1 69890U 26156X   26218.59076244  .00000716  00000+0  76335-4 0  9999
2 69890  97.7520 118.5571 0008449  61.5672 298.6397 14.91906912  4510
GRUS-3C                 
1 69891U 26156Y   26218.59794592  .00000760  00000+0  81328-4 0  9990
2 69891  97.7489 118.5350 0007414  51.9629 308.2258 14.91555026  4516
ICEYE-X77               
1 69892U 26156Z   26218.58978411  .00001100  00000+0  11401-3 0  9997
2 69892  97.7508 118.5536 0008739  60.9846 299.2248 14.91974298  4511
ICEYE-X80               
1 69893U 26156AA  26218.53330075  .00001440  00000+0  14950-3 0  9990
2 69893  97.7517 118.4782 0006709  52.8391 307.3440 14.91468852  4502
GRUS-3F                 
1 69894U 26156AB  26218.59767953  .00000758  00000+0  81083-4 0  9999
2 69894  97.7528 118.5519 0006996  55.9726 304.2156 14.91568222  4511
MIKROGLOB-1 (PIRX-1)    
1 69895U 26156AC  26218.32901097  .00000801  00000+0  85415-4 0  9992
2 69895  97.7493 118.2735 0007585  53.3623 306.8292 14.91586238  4474
BRO-31                  
1 69896U 26156AD  26218.58816615  .00000982  00000+0  10220-3 0  9993
2 69896  97.7508 118.5556 0009105  61.6707 298.5429 14.92051823  4513
TRANSPORTER-17 OBJECT AE
1 69897U 26156AE  26218.61397034  .00001142  00000+0  12178-3 0  9990
2 69897  97.7546 118.5355 0003516  68.1281 292.0311 14.90781300  4519
GRUS-3E                 
1 69898U 26156AF  26218.26369330  .00000760  00000+0  81505-4 0  9996
2 69898  97.7526 118.2186 0006795  55.6111 304.5750 14.91495857  4462
FOSSASAT-2E26           
1 69899U 26156AG  26217.66549563  .00000648  00000+0  70756-4 0  9999
2 69899  97.7491 117.6040 0006153  45.1159 315.0558 14.91218236  4377
TRANSPORTER-17 OBJECT AH
1 69900U 26156AH  26218.60487843  .00001233  00000+0  12952-3 0  9993
2 69900  97.7543 118.5475 0005673  50.4813 309.6906 14.91241774  4517
TRANSPORTER-17 OBJECT AJ
1 69901U 26156AJ  26218.27139247  .00000751  00000+0  81332-4 0  9992
2 69901  97.7503 118.1998 0005611  44.1826 315.9840 14.91110964  4463
CUBY-1                  
1 69902U 26156AK  26218.47417842  .00001424  00000+0  14940-3 0  9993
2 69902  97.7470 118.3836 0005234  42.7861 317.3764 14.91062333  4494
BALKAN-3                
1 69903U 26156AL  26218.60866501  .00001653  00000+0  17252-3 0  9992
2 69903  97.7552 118.5458 0004656  53.7140 306.4508 14.91053487  4515
TRANSPORTER-17 OBJECT AM
1 69904U 26156AM  26218.26129457  .00001006  00000+0  10570-3 0  9995
2 69904  97.7490 118.2065 0007486  55.5672 304.6253 14.91625805  4350
TRANSPORTER-17 OBJECT AN
1 69905U 26156AN  26218.60747630  .00002562  00000+0  26371-3 0  9997
2 69905  97.7541 118.5451 0004987  54.0167 306.1513 14.91152253  4512
TOM-3                   
1 69906U 26156AP  26218.60960023  .00000865  00000+0  93146-4 0  9990
2 69906  97.7450 118.5079 0004858  39.3249 320.8321 14.90985540  4514
CUBY-5                  
1 69907U 26156AQ  26218.60989085  .00001385  00000+0  14579-3 0  9990
2 69907  97.7476 118.5161 0004616  44.5593 315.5995 14.90969852  4513
TRANSPORTER-17 OBJECT AR
1 69908U 26156AR  26218.59895835  .00001230  00000+0  12834-3 0  9999
2 69908  97.7496 118.5367 0007216  51.3040 308.8823 14.91521016  4518
TRANSPORTER-17 OBJECT AS
1 69909U 26156AS  26218.53341858  .00000939  00000+0  99499-4 0  9993
2 69909  97.7515 118.4767 0006659  51.9895 308.1924 14.91434444  4500
TRANSPORTER-17 OBJECT AT
1 69910U 26156AT  26218.60889979  .00002823  00000+0  29044-3 0  9996
2 69910  97.7520 118.5357 0004682  59.0273 301.1405 14.91093263  4515
TRANSPORTER-17 OBJECT AU
1 69911U 26156AU  26218.54754814  .00000933  00000+0  10056-3 0  9992
2 69911  97.7515 118.4579 0003319  57.0188 303.1349 14.90738968  4509
TRANSPORTER-17 OBJECT AV
1 69912U 26156AV  26218.47812639  .00001129  00000+0  12023-3 0  9999
2 69912  97.7532 118.4008 0003812  57.2485 302.9100 14.90856898  4499
TRANSPORTER-17 OBJECT AW
1 69913U 26156AW  26218.54353017  .00001052  00000+0  11216-3 0  9996
2 69913  97.7558 118.4783 0004152  65.3003 294.8648 14.90940516  4501
TOM-2                   
1 69914U 26156AX  26218.61377174  .00000855  00000+0  92549-4 0  9994
2 69914  97.7537 118.5332 0003742  41.6327 318.5176 14.90779615  4511
TRANSPORTER-17 OBJECT AY
1 69915U 26156AY  26218.59420296  .00001176  00000+0  12225-3 0  9995
2 69915  97.7491 118.5403 0008139  56.3850 303.8144 14.91755167  4518
KOYO                    
1 69916U 26156AZ  26218.61103052  .00001910  00000+0  19906-3 0  9996
2 69916  97.7491 118.5218 0004176  53.3571 306.8031 14.90953140  4515
TRANSPORTER-17 OBJECT BA
1 69917U 26156BA  26217.70624864  .00001175  00000+0  11967-3 0  9997
2 69917  97.7552 117.7267 0011244  68.5555 291.6862 14.92573083  4387
GRUS-3B                 
1 69918U 26156BB  26218.59361143  .00000724  00000+0  77318-4 0  9996
2 69918  97.7530 118.5576 0007724  60.6764 299.5226 14.91768983  4519
GRUS-3D                 
1 69919U 26156BC  26218.52393347  .00000694  00000+0  74145-4 0  9992
2 69919  97.7497 118.4819 0008546  59.7577 300.4486 14.91897886  4509
MARINA                  
1 69920U 26156BD  26218.45475072  .00001374  00000+0  14088-3 0  9997
2 69920  97.7497 118.4205 0008881  60.7179 299.4926 14.92035045  4498
TRANSPORTER-17 OBJECT BE
1 69921U 26156BE  26218.32160141  .00002302  00000+0  23240-3 0  9994
2 69921  97.7518 118.2977 0008304  64.7093 295.4986 14.92024239  4479
POSIDONIA               
1 69922U 26156BF  26218.32074658  .00000416  00000+0  46576-4 0  9994
2 69922  97.7498 118.2863 0008993  60.8090 299.4028 14.91988843  4479
RAFS                    
1 69923U 26156BG  26218.25330454  .00000921  00000+0  96235-4 0  9994
2 69923  97.7493 118.2192 0009101  60.3161 299.8963 14.92025786  4466
CENTAURI-9              
1 69924U 26156BH  26218.51884777  .00000643  00000+0  68698-4 0  9999
2 69924  97.7499 118.4898 0009670  58.6919 301.5246 14.92151547  4505
TRANSPORTER-17 OBJECT BJ
1 69925U 26156BJ  26218.51718209  .00002793  00000+0  27844-3 0  9991
2 69925  97.7481 118.4882 0009906  57.9984 302.2196 14.92341235  4503
TRANSPORTER-17 OBJECT BK
1 69926U 26156BK  26218.51636851  .00002349  00000+0  23503-3 0  9999
2 69926  97.7550 118.5150 0009876  67.6851 292.5414 14.92352738  4501
REPLICATOR 2            
1 69927U 26156BL  26218.18188571  .00000586  00000+0  62960-4 0  9996
2 69927  97.7515 118.1676 0009818  65.3520 294.8721 14.92234729  4286
TRANSPORTER-17 OBJECT BM
1 69928U 26156BM  26218.51582255  .00002266  00000+0  22676-3 0  9997
2 69928  97.7543 118.5124 0010203  63.9249 296.3019 14.92380168  4503
TRANSPORTER-17 OBJECT BN
1 69929U 26156BN  26218.44704733  .00002828  00000+0  28083-3 0  9999
2 69929  97.7519 118.4395 0010362  63.0677 297.1600 14.92480166  4490
TRANSPORTER-17 OBJECT BP
1 69930U 26156BP  26218.31245788  .00001965  00000+0  19679-3 0  9999
2 69930  97.7536 118.3141 0010573  66.8122 293.4210 14.92483810  4472
GRITSS                  
1 69931U 26156BQ  26218.44728512  .00000586  00000+0  62715-4 0  9993
2 69931  97.7496 118.4287 0010661  58.2860 301.9397 14.92376028  4497
LEMUR-2-NURAY           
1 69932U 26156BR  26218.51416614  .00000866  00000+0  90000-4 0  9998
2 69932  97.7447 118.4770 0010937  55.8823 304.3432 14.92392091  4506
TRANSPORTER-17 OBJECT BS
1 69933U 26156BS  26218.31155942  .00002053  00000+0  20514-3 0  9993
2 69933  97.7523 118.3101 0010881  62.2982 297.9340 14.92528636  4472
TRANSPORTER-17 OBJECT BT
1 69934U 26156BT  26218.24402293  .00001844  00000+0  18473-3 0  9998
2 69934  97.7512 118.2416 0010937  64.8211 295.4141 14.92552389  4467
KOSTKA                  
1 69935U 26156BU  26218.51128135  .00001285  00000+0  13035-3 0  9997
2 69935  97.7452 118.4840 0011330  58.5256 301.7069 14.92567408  4504
TRANSPORTER-17 OBJECT BV
1 69936U 26156BV  26218.44462387  .00000931  00000+0  96007-4 0  9998
2 69936  97.7457 118.4176 0011349  58.5004 301.7322 14.92522992  4492
LEONAV-1                
1 69937U 26156BW  26218.50670830  .00001068  00000+0  10858-3 0  9991
2 69937  97.7485 118.5026 0012239  57.6700 302.5703 14.92791479  4503
CYBERCUBE               
1 69938U 26156BX  26218.24294543  .00001557  00000+0  15675-3 0  9991
2 69938  97.7464 118.2272 0011495  57.0289 303.2034 14.92578984  4464
CLOUDCT-PRECURSOR       
1 69939U 26156BY  26218.51099809  .00000677  00000+0  71345-4 0  9999
2 69939  97.7549 118.5186 0011202  66.3334 293.9060 14.92546827  4506
LEMUR-2-ELEONORE        
1 69940U 26156BZ  26218.50914804  .00000803  00000+0  83304-4 0  9990
2 69940  97.7533 118.5143 0011810  60.5660 299.6737 14.92640455  4503
TRANSPORTER-17 OBJECT CA
1 69941U 26156CA  26218.24939065  .00002639  00000+0  26364-3 0  9999
2 69941  97.7481 118.2237 0009889  58.9271 301.2918 14.92308005  4467
TRANSPORTER-17 OBJECT CB
1 69942U 26156CB  26218.24974762  .00002147  00000+0  21573-3 0  9994
2 69942  97.7482 118.2229 0009793  58.9081 301.3098 14.92275751  4464
CHUANG XIN 26 (CX-26)   
1 69972U 26158A   26218.14546168 -.00000066  00000+0  39884-4 0  9997
2 69972  49.9825 187.7798 0004968  15.7695 344.3372 14.25120592  3830
