HULIANWANG DIGUI-73
1 65305U 25187A   26140.47120260 -.00000107  00000-0  37041-4 0  9995
2 65305  50.0060 305.2809 0000637  79.2215 280.8729 13.29322311 36014
RAPIDEYE 5
1 33313U 08040B   26140.50478692  .00000594  00000-0  49106-4 0  9991
2 33313  97.3878 159.8943 0010005 185.0888 175.0238 15.02431051961341
ONEWEB-0142
1 47288U 20100AG  26140.48203086 -.00000248  00000-0 -72609-3 0  9999
2 47288  87.8956 356.1793 0001643  98.3742 261.7573 13.12442336261037
GLOBALSTAR M059
1 25944U 99058B   26140.92955894 -.00000118  00000-0 -39786-3 0  9997
2 25944  52.0045  13.4526 0000577  59.7965 313.0818 11.99995338614599
KUIPER-00458
1 68950U 26098AH  26140.48259253  .00012192  00000-0  35476-3 0  9997
2 68950  51.8760 201.0846 0003730  50.9138 309.2179 15.35821465  3090
ESSAIM-3
1 28496U 04049E   26140.57075071  .00001914  00000-0  17444-3 0  9999
2 28496  98.2260  76.0580 0001908  44.5932 315.5441 14.96425252158590
PICOSAT 4
1 26092U 00004K   26140.52309178  .00000408  00000-0  12403-3 0  9996
2 26092 100.2087 161.3335 0030840 221.5879 138.2962 14.48787213382335
ONEWEB-0589
1 54655U 22166P   26140.56763405  .00000095  00000-0  19917-3 0  9995
2 54655  87.9246 249.4777 0002849 100.1341 260.0114 13.21827467167892
HYDROGNSS-2
1 66763U 25276DB  26140.43033928  .00002005  00000-0  12213-3 0  9994
2 66763  97.4204 213.6696 0013498  93.6277 266.6498 15.11442492 26156
SPOT 7
1 40053U 14034A   26140.51175808  .00000616  00000-0  13501-3 0  9998
2 40053  98.0637 203.7144 0001285  80.1253 280.0093 14.60932007633098
WNISAT 1
1 39423U 13066H   26140.41747911  .00000296  00000-0  63193-4 0  9997
2 39423  97.7169 291.5501 0162175 319.7579  39.1706 14.58022953662681
COSMOS 1104
1 11378U 79046A   26140.58858723  .00000050  00000-0  36142-4 0  9990
2 11378  82.9458  81.0473 0031333 283.7476 249.7862 13.75994493357772
OTB-3-GAZELLE
1 54023U 22127A   26140.45597916  .00000075  00000-0  35612-4 0  9990
2 54023  98.3940 132.5842 0011821 272.8630  87.1207 14.42663178190361
GEOS 3
1 07734U 75027A   26140.42336611 -.00000115  00000-0  29029-4 0  9995
2 07734 114.9876 204.3572 0021869 299.7612  60.1292 14.19179154645337
RASSVET-3 15
1 68374U 26061Q   26140.45867838  .00053296  00000-0  23982-3 0  9997
2 68374  82.2974  43.4748 0005429 187.7801 172.3384 15.83852406  9160
KOMPSAT 5
1 39227U 13042A   26140.49860619  .00000355  00000-0  29716-4 0  9991
2 39227  97.6206 327.5882 0002393 196.0242 164.0909 15.04500914699698
CINEMA 3
1 39426U 13066L   26140.18748428  .00000856  00000-0  11792-3 0  9997
2 39426  97.8416  53.1117 0088762 303.6869  55.5901 14.78227370670318
HULIANWANG DIGUI-46
1 65049U 25162G   26140.44994681 -.00000086  00000-0  82902-4 0  9998
2 65049  50.0081   5.1489 0000528  19.1252 340.9640 13.29323021 39679
CENTAURI-8
1 62714U 25009DK  26140.49578534  .00002484  00000-0  21774-3 0  9996
2 62714  97.7042 220.9767 0001348 167.4858 192.6398 14.97557157 73334
HUBBLE 7
1 64592U 25135BS  26140.62385813  .00000873  00000-0  87868-4 0  9990
2 64592  97.7726 255.6133 0004291  85.6807 274.4903 14.93705348 49793
OSCAR 31
1 19420U 88074B   26140.45997413  .00000069  00000-0  10112-3 0  9991
2 19420  90.0448  21.2280 0095197 146.6856  26.7555 13.42608077847800
COSMOS 1912
1 18791U 88002D   26140.59383404  .00000035  00000-0  12932-3 0  9991
2 18791  82.6089 256.1426 0011219 159.9209 211.5998 12.65071000770401
FLOCK 4G 22
1 62645U 25009AN  26140.20202024  .00007076  00000-0  25658-3 0  9993
2 62645  97.4007 222.3654 0003295  65.6351 294.5232 15.28656131 74647
COSMOS 2484
1 39059U 13001C   26140.53675764  .00000062  00000-0  37091-3 0  9998
2 39059  82.5031 239.0808 0027553  94.9150 265.5076 12.42938128605122
HULIANWANG DIGUI-10
1 62332U 24240K   26140.51379075  .00000037  00000-0  51261-4 0  9997
2 62332  86.5037 352.7469 0001436  76.9289 283.2005 13.24407940 68972
HULIANWANG DIGUI-140
1 67438U 26007D   26140.51484528 -.00000100  00000-0  50766-4 0  9993
2 67438  50.0039 185.2810 0000835 264.5569  95.5208 13.29324673 17103
COSMOS 2212
1 22183U 92068B   26140.31969911  .00000017  00000-0  35870-4 0  9998
2 22183  82.5897 346.5076 0001694 216.2701 143.8276 12.63149096548062
LINGQIAO VIDEO A
1 40959U 15057B   26140.52492740  .00000089  00000-0  19309-4 0  9994
2 40959  97.6618 136.6938 0017045   5.0633 355.0747 14.77347951571323
YAM-7
1 60504U 24149AN  26140.48676549  .00005251  00000-0  17574-3 0  9997
2 60504  97.3781 220.8576 0004391  54.2438 305.9211 15.31390880 97819
YAOGAN-43 O1G
1 60464U 24148G   26140.53086265  .00004666  00000-0  16058-3 0  9992
2 60464  35.0055 324.5273 0007042 256.7604 103.2328 15.29427677 98049
ONEWEB-0542
1 54646U 22166E   26140.59623380  .00000079  00000-0  15972-3 0  9994
2 54646  87.9260 249.4578 0002283  97.1928 262.9466 13.21825170167895
KONDOR FKA 2
1 62138U 24223A   26140.52459887  .00002493  00000-0  11988-3 0  9992
2 62138  97.4381 344.3659 0001685  92.3916 267.7512 15.19726755 81500
COSMOS 2558
1 53323U 22089A   26140.52539201  .00065582  00000-0  55178-3 0  9992
2 53323  97.2258 243.5823 0002492 162.3905 197.7444 15.69665221213488
SKYSAT C1
1 41601U 16040C   26140.52975431  .00006408  00000-0  18618-3 0  9997
2 41601  96.9580 173.7565 0004407 112.6118 247.5594 15.35780390553628
AE5RB
1 66693U 25276AD  26140.47489710  .00007679  00000-0  33999-3 0  9990
2 66693  97.4175 214.7345 0005693 111.9423 248.2419 15.21915580 26235
FLOCK 4BE 5
1 60559U 24149CV  26140.21430181  .00010765  00000-0  27730-3 0  9999
2 60559  97.3839 223.9638 0003931  62.1460 298.0184 15.39386736 97979
GEESAT 6-11
1 65723U 25214M   26140.11178334  .00001146  00000-0  16608-3 0  9994
2 65723  49.9837  78.0019 0009778 114.3515 245.8445 14.83246992 35346
QIANFAN-45
1 62246U 24232K   26140.50466398  .00000107  00000-0  14663-3 0  9998
2 62246  89.0108  25.2689 0016334  92.5744 267.7277 13.51004390120690
ORBVIEW 1 (MICROLAB)
1 23547U 95017C   26140.41877801  .00000733  00000-0  14212-3 0  9998
2 23547  69.9755 291.5670 0009196 352.2558   7.8442 14.67378156654210
KUIPER-00191
1 67143U 25301L   26140.19886754  .00001527  00000-0  22920-3 0  9996
2 67143  51.8995 116.9312 0000637  61.6868 298.4159 14.79935118 24242
COSMOS 416
1 05215U 71041F   26140.24865772 -.00000009  00000-0  42888-4 0  9994
2 05215  74.0148 313.2799 0077014  75.9007  96.3855 12.58071615527275
SDA_1670
1 65980U 25230G   26140.52358038  .00000069  00000-0  54250-4 0  9992
2 65980  81.2998 237.5957 0000984 122.2702 237.8548 13.81083187 29965
ONEWEB-0565
1 55146U 23004G   26140.29695416 -.00000016  00000-0 -72371-4 0  9998
2 55146  87.9152 341.0415 0001524  97.2868 262.8437 13.18685122166029
GJZ 04
1 62293U 24238D   26140.57490002 -.00000055  00000-0  66543-4 0  9990
2 62293  59.9151 354.6296 0011746 355.7887   4.3020 13.75195752 72116
HULIANWANG DIGUI-17
1 62977U 25030G   26140.51916160 -.00000096  00000-0  60278-4 0  9996
2 62977  50.0075 334.8192 0001237  76.0758 284.0252 13.29324885 62181
GEESAT 5-06
1 65555U 25201F   26140.49483100  .00000742  00000-0  11516-3 0  9998
2 65555  49.9899 167.7573 0014228 218.1542 141.8390 14.84073012 37671
AAUSAT3
1 39087U 13009B   26140.31572674  .00000381  00000-0  13489-3 0  9998
2 39087  98.3699 324.7453 0010217 299.1915  60.8251 14.39900766693160
UKUBE 1
1 40074U 14037F   26140.46340042  .00005530  00000-0  31719-3 0  9993
2 40074  98.4245 140.8349 0000549 136.5898 223.5374 15.13051801644360
YAM-6
1 59126U 24043AE  26140.64200177  .00005954  00000-0  16859-3 0  9991
2 59126  97.5533 281.0178 0007416 335.9870  24.1027 15.36663151123084
SPACEMOBILE-004
1 61049U 24163E   26140.23668772  .00015270  00000-0  69591-3 0  9998
2 61049  52.9742  77.4601 0010387  60.1149 300.0876 15.20821332 93515
MKA PN2 (RELEK)
1 40070U 14037B   26140.32360848  .00000218  00000-0  54604-4 0  9997
2 40070  98.0685 119.1578 0130835 154.8635 205.9009 14.55617035629035
ONEWEB-0369
1 49295U 21090S   26140.20557773 -.00000097  00000-0 -27512-3 0  9998
2 49295  87.9147 310.5538 0001826  89.7739 270.3603 13.19725063222725
ONEWEB-0431
1 51630U 22012J   26140.41627326  .00000470  00000-0  13088-2 0  9999
2 51630  87.8855  41.7940 0001294  70.5963 289.5304 13.10370502205706
RADIO 5
1 12999U 81120C   26140.61050435  .00000014  00000-0  50393-4 0  9998
2 12999  82.9543 100.4394 0015318  16.5031 158.2272 12.05293516954254
COSMOS 511
1 06124U 72057H   26140.39729362 -.00000008  00000-0  61194-4 0  9992
2 06124  74.0269 289.0016 0031905 232.1254 155.8546 12.36881706430683
ORBCOMM FM 5
1 25117U 97084F   26140.43191550  .00000508  00000-0  17703-3 0  9999
2 25117  45.0133 187.0248 0002009 210.3689 149.7047 14.47294490489449
GONETS M 14 (M24)
1 44905U 19096A   26140.51775997 -.00000060  00000-0 -50171-3 0  9995
2 44905  82.5215 101.7940 0012393 209.6509 150.3869 12.42868542290249
COSMOS 1233
1 12112U 80102F   26140.63603429 -.00000008  00000-0  49094-4 0  9993
2 12112  73.9931  91.4203 0029325 166.4476   6.9765 12.55584743 81078
ONEWEB-0178
1 48075U 21025AK  26140.46413447 -.00000337  00000-0 -95750-3 0  9994
2 48075  87.8931 325.7607 0001545  88.2912 271.8394 13.13470721250085
ONEWEB-0363
1 49289U 21090L   26140.36124616 -.00000019  00000-0 -78136-4 0  9997
2 49289  87.9171 279.9879 0002228  99.0920 261.0465 13.20770591226639
COSMOS 1795
1 17139U 86092B   26140.56306669 -.00000004  00000-0  79428-4 0  9999
2 17139  74.0143  71.3416 0010551 242.5246 291.2614 12.47815486799096
IRIDIUM 63
1 25286U 98021B   26140.20350162  .00000259  00000-0  80886-4 0  9995
2 25286  86.3947 300.7219 0001970  93.1824 266.9599 14.36868971472235
HONGHU 2
1 58555U 23193C   26140.48807270  .00005860  00000-0  25690-3 0  9999
2 58555  97.2797 131.5059 0040848  15.1216 345.1231 15.21601196 97787
OSCAR 17 (DOVE)
1 20440U 90005E   26140.36274698  .00000055  00000-0  36038-4 0  9996
2 20440  98.8628 170.0693 0009412 289.0701  82.3834 14.34479041898350
COSMOS 1194
1 11877U 80058C   26140.51756683  .00000008  00000-0  14926-3 0  9992
2 11877  74.0184 238.0276 0026879  20.5509 339.6619 12.52800904 97487
SHIYAN 24C 02
1 58651U 23206B   26140.76607299  .00000936  00000-0  83719-4 0  9997
2 58651  97.4047 109.9760 0001984 178.8372 181.2857 14.98077721131203
NORSAT 2
1 42828U 17042D   26140.47361083  .00007500  00000-0  33770-3 0  9998
2 42828  97.4031 314.3689 0010725 143.5727 216.6241 15.21307916483527
IRIDE-MS2-HEO-12
1 68984U 26100E   26140.51191184  .00000890  00000-0  95447-4 0  9997
2 68984  97.7369  38.4643 0002731 235.4095 124.6866 14.91085760  2575
PELICAN-4 300B
1 65316U 25188B   26140.20107304  .00000807  00000-0  21773-4 0  9994
2 65316  97.1987 216.9216 0002171  96.2387 263.9107 15.40678621 41000
KIKU 4 (ETS 3)
1 13492U 82087A   26140.50925733 -.00000084  00000-0  36439-4 0  9993
2 13492  44.6168  55.0716 0011646 353.4285 175.9623 13.71268783188817
HULIANWANG DIGUI-81
1 65313U 25187J   26140.53811515 -.00000101  00000-0  49695-4 0  9993
2 65313  50.0078 305.0076 0000638  77.8626 282.2317 13.29323587 36034
COSMOS 1842
1 17911U 87038A   26140.21458953  .00020952  00000-0  30110-3 0  9991
2 17911  82.5051 204.2537 0004425  59.9796 300.1897 15.55933889136425
ONEWEB-0637
1 56078U 23043AJ  26140.59713122 -.00000006  00000-0 -51336-4 0  9991
2 56078  87.8988 264.7133 0002170 105.5944 254.5426 13.15549204152808
GLOBAL-17
1 49949U 21120A   26140.53727419  .00020190  00000-0  34507-3 0  9996
2 49949  41.9941 213.8663 0011913  56.0981 304.0994 15.50773710250606
COSMOS 1525
1 14614U 84001D   26140.44003655 -.00000022  00000-0 -33938-4 0  9995
2 14614  74.0057 158.3608 0021145  61.7827   7.1306 12.54911168940969
COSMOS 1085
1 11300U 79024E   26140.47875698  .00000001  00000-0  11303-3 0  9996
2 11300  74.0335 214.8176 0024209 145.4407 226.0539 12.45293161144842
ONEWEB-0405
1 50485U 21132S   26140.51278253  .00000076  00000-0  16032-3 0  9995
2 50485  87.9175 340.9458 0001478  96.9574 263.1726 13.18684651218342
A-SEANSAT-PG1
1 57197U 23091AH  26140.52712141  .00013115  00000-0  37723-3 0  9996
2 57197  97.5086 209.5391 0008151 167.2250 192.9201 15.35891543160468
RAZAKSAT
1 35578U 09037A   26140.77346284  .00000876  00000-0  49152-4 0  9997
2 35578   8.9882   8.6835 0015061  59.7025 300.4654 14.70312860904856
CRYOSAT 2
1 36508U 10013A   26140.51344617  .00000131  00000-0  31878-4 0  9997
2 36508  92.0326 270.5795 0002534  85.6617 274.4880 14.51899259854067
KUIPER-00106
1 65144U 25171N   26140.52534433 -.00017401  00000-0 -14772-2 0  9996
2 65144  51.8924 188.4696 0008031 343.7620  16.3091 14.96976643 43709
ONEWEB-0390
1 50470U 21132B   26140.17995664  .00000052  00000-0  99724-4 0  9997
2 50470  87.9156  11.4382 0001669  88.7411 271.3912 13.17650381214393
COSMOS 1510
1 14521U 83115A   26140.55326337 -.00000015  00000-0  15841-4 0  9998
2 14521  73.6186 347.8515 0027495   9.8469  17.1482 12.41202329925614
SSU 2
1 08836U 76038D   26140.45243702  .00000033  00000-0  72277-4 0  9994
2 08836  63.3618 341.2265 0384614 179.8282 180.2969 13.82926411347444
KUIPER-00103
1 65141U 25171K   26140.48192501  .00000921  00000-0  14980-3 0  9993
2 65141  51.8978 213.0964 0000331 105.0169 255.0830 14.79927837 43345
YAOGAN-30 U
1 46807U 20076A   26140.54050900  .00001602  00000-0  12021-3 0  9994
2 46807  34.9942 259.7238 0000488 275.9042  84.1610 15.02556247303950
GLOBALSTAR M064
1 26084U 00008D   26140.38119961 -.00000081  00000-0  33443-4 0  9990
2 26084  52.0055  38.3638 0001828   6.4572 353.6284 11.88543884207193
USA 74
1 21799U 91076C   26140.49144061  .00003441  00000-0  26117-3 0  9995
2 21799  63.2942 218.3611 0882929  72.6980 296.8630 13.61285620 99835
TIANQI 17
1 64059U 25105B   26140.43931790 -.00000089  00000-0  27070-4 0  9994
2 64059  44.9782 145.1622 0011958 254.9144 105.0366 13.99145599 51310
BLACKJACK ACES-2
1 56955U 23084Z   26140.43216433  .00003455  00000-0  17230-3 0  9999
2 56955  97.6174 275.5069 0002169  89.5058 270.6424 15.18218947162968
SHIYAN 27D
1 63602U 25078D   26140.50397082 -.00000019  00000-0  35210-4 0  9992
2 63602  99.6939 148.1537 0001186  91.6696 268.4578 13.57246405 53775
IRIDIUM 181
1 56726U 23068S   26140.51335677  .00000138  00000-0  35112-4 0  9993
2 56726  86.4501  68.3558 0002131  89.0621 271.0824 14.43308173158440
AAC-HSI-SAT2
1 56995U 23084BX  26140.50286778  .00002114  00000-0  10106-3 0  9996
2 56995  97.8224 289.7228 0010941 282.3020  77.6989 15.20166232162135
HULIANWANG DIGUI-102
1 66418U 25258G   26140.44744703 -.00000088  00000-0  77471-4 0  9990
2 66418  50.0030  34.9205 0000956  36.1029 323.9908 13.29319204 26049
ONEWEB-0678
1 56714U 23068E   26140.32299586  .00000161  00000-0  39242-3 0  9990
2 56714  87.8996 264.7442 0001771  91.3490 268.7844 13.15550029145621
IRIDE FM6
1 66700U 25276AL  26140.63086770  .00004789  00000-0  21998-3 0  9991
2 66700  97.4219 214.9394 0002714  80.8303 279.3240 15.20859725 26257
PAYLOAD C
1 39210U 13037C   26140.48667815  .00000361  00000-0  66352-4 0  9993
2 39210  98.1040 143.6030 0005012 227.2126 132.8660 14.71462650690250
FLOCK 4H 20
1 66723U 25276BK  26140.16344540  .00005273  00000-0  24216-3 0  9991
2 66723  97.4218 214.4938 0003668  62.1634 297.9973 15.20813240 25439
CONNECTA IOT-12
1 64553U 25135AB  26140.57315173  .00002298  00000-0  10758-3 0  9999
2 64553  97.4717 256.3100 0002523 113.3772 246.7729 15.20739065 50676
COSMOS 2439
1 32956U 08025D   26140.56509183  .00000142  00000-0  94909-3 0  9991
2 32956  82.5094  14.9685 0021458  17.7108 342.4715 12.43070091816280
FFLY-3
1 65319U 25188E   26140.51311072  .00000624  00000-0  65598-4 0  9990
2 65319  97.7324 216.1164 0007457 189.3071 170.8012 14.92858921 39786
SHIYAN 28B-01(SY-28B 01)
1 64753U 25145A   26140.43448175  .00000524  00000-0  35454-4 0  9997
2 64753  10.9977 147.3716 0002902 157.4986 202.5369 14.29387129 45936
CENTISPACE-1 S14
1 62583U 25007J   26140.54903256 -.00000055  00000-0  80913-4 0  9991
2 62583  54.9856  29.2319 0012581  45.3578 314.8402 13.80594031 70898
HULIANWANG DIGUI-43
1 65046U 25162D   26140.47495439 -.00000086  00000-0  81350-4 0  9991
2 65046  50.0006   5.1020 0000492  26.6795 333.4102 13.29322342 39674
USA 76
1 21808U 91076D   26140.52140495  .00002819  00000-0  22920-3 0  9993
2 21808  63.2984 227.2020 0884778  73.9766 295.6808 13.59449037102273
KUIPER-00030
1 63743U 25088V   26140.29330786  .00000890  00000-0  14580-3 0  9995
2 63743  51.9004 153.9207 0000614  82.6909 277.4124 14.79912580 58237
CONNECTA IOT-16
1 67390U 26004AD  26140.95299936  .00001845  00000-0  94839-4 0  9997
2 67390  97.4588 140.2993 0005740  82.0667 278.1218 15.17710465 19614
FLOCK 4Q 20
1 58313U 23174BK  26140.23067610  .00554289  12833-3  14186-2 0  9990
2 58313  97.3768 236.9895 0011574 233.2209 126.8005 15.95194517141817
GHGSAT-C13
1 64548U 25135W   26140.55455602  .00003856  00000-0  17824-3 0  9995
2 64548  97.4750 256.1376 0001544 140.3602 219.7746 15.20768691 50658
KKS-1 (KISEKI)
1 33499U 09002H   26140.52726947  .00000761  00000-0  10043-3 0  9999
2 33499  98.1194  62.5325 0008600  29.5890 330.5808 14.83041685932092
ONEWEB-0539
1 54644U 22166C   26140.58614231  .00000047  00000-0  81574-4 0  9993
2 54644  87.9257 249.4615 0002186  96.9341 263.2042 13.21825523167895
GLAST
1 33053U 08029A   26140.39885461  .00002356  00000-0  81611-4 0  9997
2 33053  25.5828  37.4032 0008229   0.7972 359.2579 15.23771583991596
COSMOS 1639
1 15621U 85023E   26140.41285566 -.00000006  00000-0  63379-4 0  9992
2 15621  74.0573   4.4243 0024866 118.3522  55.0631 12.51058053880037
YAOGAN-30 X
1 48423U 21039A   26140.52332729  .00001319  00000-0  99514-4 0  9998
2 48423  34.9964 200.2144 0004056 176.4647 183.6090 15.02508798275388
ONEWEB-0510
1 54128U 22138R   26140.63231360  .00000199  00000-0  45758-3 0  9994
2 54128  87.9173 279.9304 0002204 107.8415 252.2959 13.20771316175643
ORBCOMM FM 19
1 25415U 98046C   26140.41086012  .00000603  00000-0  23729-3 0  9994
2 25415  44.9953  15.5851 0002650 161.0547   8.7628 14.39437304452779
COSMOS 1627
1 15505U 85011A   26140.53671704  .00000061  00000-0  47580-4 0  9992
2 15505  82.9216  67.7426 0043301  66.2986 107.0136 13.74599543 71305
NEOSSAT
1 39089U 13009D   26140.26514063  .00000068  00000-0  38273-4 0  9993
2 39089  98.4172 320.9629 0010424 335.8208  24.2488 14.35815658692734
IRIDIUM 57
1 25273U 98019B   26140.56457929  .00000178  00000-0  54265-4 0  9998
2 25273  86.3977   3.7721 0002302  85.5047 274.6413 14.36167512473206
CAPE 1
1 31130U 07012P   26140.36900435  .00000635  00000-0  12298-3 0  9990
2 31130  98.4449 114.1239 0084037 157.1569 203.3407 14.64797338 14281
JILIN-01 KUANFU 01C
1 52443U 22048A   26140.52259595  .00001612  00000-0  10266-3 0  9997
2 52443  97.5255 218.1994 0016688  63.5118 296.7820 15.10064193223023
FLOCK 4Q 26
1 58284U 23174AE  26140.49851499  .00024661  00000-0  36411-3 0  9993
2 58284  97.3872 232.0048 0005543 233.5766 126.4978 15.55333307141528
SHIYAN 3 (SY-3)
1 33433U 08056A   26140.50632449  .00000060  00000-0  39547-4 0  9999
2 33433  98.6082 167.3185 0012978 211.3162 148.7250 14.30791958914845
COSMOS 2117
1 21031U 90114D   26140.49779128  .00000030  00000-0  10404-3 0  9997
2 21031  82.5769 215.1035 0009326 126.8843 244.5916 12.65030685634779
KUIPER-00155
1 65774U 25217N   26140.44853726  .00002516  00000-0  35903-3 0  9995
2 65774  51.9032  40.8099 0001060 122.1654 237.9412 14.79924747 36134
FLOCK 4Q 9
1 58322U 23174BU  26140.51069154  .00020109  00000-0  38136-3 0  9997
2 58322  97.3863 228.3815 0005968 220.3158 139.7650 15.48340230141306
CAS500-3
1 66655U 25274F   26140.31357702  .00000814  00000-0  93947-4 0  9998
2 66655  97.7445  69.0009 0004677 191.4984 168.6126 14.88245365 26004
QIANFAN-43
1 62244U 24232H   26140.47585201  .00000107  00000-0  14664-3 0  9998
2 62244  89.0107  25.3114 0017422  95.6949 264.6190 13.51010105 89292
E3TESTER
1 66662U 25274N   26140.23799833  .00001195  00000-0  11698-3 0  9997
2 66662  97.7487  70.1242 0016458 109.7066 250.5931 14.94063281 26066
COSMOS 1388
1 13375U 82073A   26140.76250492 -.00000008  00000-0  51783-4 0  9994
2 13375  74.0167  55.3795 0052504 202.9637 185.2032 12.57508445 12112
IRIDIUM 100
1 42956U 17061B   26140.25734582  .00000011  00000-0 -32140-5 0  9998
2 42956  86.3988  36.8606 0002093  83.0956 277.0478 14.34217720450773
PRETTY
1 58023U 23155H   26140.66906500  .00004503  00000-0  19151-3 0  9991
2 58023  97.5689 222.0176 0003295 112.4958 247.6628 15.23545390144161
GRUS-1B
1 47934U 21022C   26140.54018838  .00000635  00000-0  57132-4 0  9990
2 47934  97.5403  24.6424 0016913  56.1779 304.1052 14.98904548281754
COSMOS 2327
1 23773U 96004A   26140.42128079  .00000006  00000-0 -88229-5 0  9998
2 23773  82.9816 145.2574 0047300 337.9075 151.8183 13.74764960521815
ORBCOMM FM 112
1 41184U 15081F   26140.40598668  .00000397  00000-0  12021-3 0  9990
2 41184  47.0008  41.6105 0002460  71.6106 288.5047 14.58856646554897
COSMOS 412
1  5211U 71041B   26140.45555992 -.00000029  00000-0 -10247-3 0  9999
2  5211  74.0122 139.9843 0034803 134.9315 298.4892 12.39884064730128
COSMOS 1857
1 18118U 87051F   26140.48664727 -.00000008  00000-0  51454-4 0  9999
2 18118  74.0029 189.1271 0038767 209.1415 150.7475 12.54273509782302
HAWK-8A
1 59443U 24066B   26140.32188233  .00002758  00000-0  24279-3 0  9995
2 59443  45.5971  60.6897 0003677 267.8034  92.2426 14.99028091115653
CUPID
1 49264U 21088E   26140.12253243  .00005719  00000-0  22779-3 0  9991
2 49264  97.3881 201.6510 0013143 157.0507 203.1321 15.25549904255902
ONEWEB-0364
1 49290U 21090M   26140.32420298  .00000036  00000-0  56538-4 0  9999
2 49290  87.9167 280.0042 0001879  99.7895 260.3450 13.20769545227768
TIANHUI 2-01B
1 44209U 19024C   26140.45118703  .00001096  00000-0  59236-4 0  9992
2 44209  97.4803 144.7567 0001486 115.0740 245.0647 15.16758580390504
COSMOS 1823
1 17535U 87020A   26140.56568802  .00000010  00000-0  20079-3 0  9993
2 17535  73.6018  79.9803 0028860 285.5668 248.1225 12.41380380778431
ONEWEB-0108
1 48076U 21025AL  26140.49954024  .00000276  00000-0  72067-3 0  9995
2 48076  87.8950 325.7278 0002019  91.2532 268.8828 13.13471920250013
COSMOS 1758
1 16791U 86046A   26140.59630533  .00004754  00000-0  17981-3 0  9994
2 16791  82.4599  71.0121 0016001  81.1935 279.1114 15.26585293177039
COSMOS 1072
1 11238U 79003A   26140.48852086  .00000055  00000-0  41403-4 0  9994
2 11238  82.9424 226.2646 0038120  46.6893 325.0848 13.74380660373577
IRIDIUM 117
1 42808U 17039F   26140.35540463 -.00000002  00000-0 -77142-5 0  9995
2 42808  86.3984   5.2282 0002176  84.0655 276.0789 14.34217499465980
COSMOS 1844
1 17973U 87041A   26140.52873748  .00000320  00000-0  19085-3 0  9995
2 17973  70.8996 242.6445 0032970 274.2176  85.5178 14.14563936 13746
ONEWEB-0613
1 56071U 23043AB  26140.57019493  .00000156  00000-0  38126-3 0  9997
2 56071  87.8988 264.7286 0001648  94.6163 265.5156 13.15546052152800
RADIO 6
1 13002U 81120F   26140.47368777 -.00000025  00000-0 -36003-3 0  9994
2 13002  82.9582 314.8778 0052863 106.4352 281.8989 12.13846304968106
ONEWEB-0417
1 50492U 21132Z   26140.25649702  .00000015  00000-0  52136-5 0  9995
2 50492  87.9162 341.0174 0001956  93.8283 266.3073 13.18687974217921
EMISAT
1 44078U 19018A   26140.49058328  .00000362  00000-0  11951-3 0  9995
2 44078  98.4656 199.4398 0017406 303.5886  56.3642 14.43673474376068
COSMOS 397
1  4964U 71015A   26140.34033463 -.00000024  00000-0  25988-4 0  9999
2  4964  65.7215 173.7346 1032824 247.2501 101.6251 12.74951400664705
RESURS DK-1
1 29228U 06021A   26140.46908948  .00001237  00000-0  75828-4 0  9990
2 29228  69.9321  51.2984 0005029 325.8566  34.2276 15.13083528 98383
SNAP 1
1 26386U 00033C   26140.43905520  .00000662  00000-0  10601-3 0  9997
2 26386  97.7557 128.3184 0009995   5.8987 354.2339 14.74827254644369
HAIYANG 1C
1 43609U 18068A   26140.47790840  .00000191  00000-0  83845-4 0  9990
2 43609  98.5195 213.1847 0011024 170.4607 189.6789 14.34169624403117
NUSAT-39 (TIKVAH ALPER)
1 56201U 23054Z   26140.53394512  .00018904  00000-0  40078-3 0  9997
2 56201  97.3142  50.0543 0007079 123.1724 237.0205 15.45093757174188
SPOT 5
1 27421U 02021A   26140.38376550  .00000267  00000-0  66170-4 0  9990
2 27421  97.9869 180.4758 0129636   3.5939 356.6159 14.54729224258803
NEXTSAT-1
1 43811U 18099BF  26140.53265352  .00002054  00000-0  13554-3 0  9990
2 43811  97.4091 184.2183 0013893  74.6897 285.5866 15.08455824407712
SERT3
1 68499U 26067CM  26140.62463006  .00001096  00000-0  11515-3 0  9999
2 68499  97.7568  99.2735 0002904 107.3879 252.7657 14.91475971  7611
COSMOS 1140
1 11573U 79089A   26140.32044433  .00000046  00000-0  24034-4 0  9993
2 11573  74.0648 117.6799 0016637 230.4310 129.5375 14.37612415440851
YAOGAN-30 H
1 43082U 17085B   26140.53530655  .00001758  00000-0  13177-3 0  9996
2 43082  34.9957 318.6678 0003873 100.5137 259.6008 15.02538843458537
COSMOS 1637
1 15619U 85023C   26140.39525645 -.00000028  00000-0 -83333-4 0  9998
2 15619  74.0523 146.1326 0015340 330.4569  96.7494 12.47243690874311
ONEWEB-0018
1 45434U 20020L   26140.44588881  .00000482  00000-0  13234-2 0  9992
2 45434  87.8910  26.5848 0001926  69.5183 290.6152 13.11415741298998
RAPIDEYE 4
1 33316U 08040E   26140.47783077  .00001435  00000-0  10792-3 0  9999
2 33316  97.3921 166.1609 0010156 136.9721 223.2301 15.04019178961612
HAIYANG 2A
1 37781U 11043A   26140.38093196  .00000194  00000-0  24866-3 0  9990
2 37781  99.3396 143.6596 0006422 139.5092 220.6536 13.75107710742834
COSMOS 1048
1 11111U 78105A   26140.38425441  .00000072  00000-0  34278-4 0  9997
2 11111  74.0281  26.0487 0015872 150.1642 210.0419 14.35245280484106
QIANFAN-136
1 69082U 26104K   26140.82468876 -.02048199  00000-0 -10363+1 0  9998
2 69082  88.9867 344.7510 0004042 186.8660 173.2476 14.20331641  1200
COSMOS 923
1 10120U 77059A   26140.54488206  .00000077  00000-0  37588-4 0  9991
2 10120  74.0488  73.7104 0012693 355.5334   4.5701 14.32892620551902
LEMUR 2 ARIANNA
1 62699U 25009CU  26140.18194821  .00006182  00000-0  47660-3 0  9998
2 62699  97.6838 221.8059 0001875 208.8683 151.2438 15.01968941 73354
NADEZHDA 6
1 26384U 00033A   26140.34294108  .00000436  00000-0  78226-4 0  9995
2 26384  97.8404 116.6150 0014624  83.0716 277.2154 14.71309439384092
YAOGAN-30 AB
1 48861U 21055B   26140.54118066  .00001526  00000-0  11476-3 0  9990
2 48861  34.9962 320.3521 0004050 211.6405 148.4060 15.02521890269010
XINGYUN-2 02
1 45603U 20028B   26140.51426968  .00000824  00000-0  52531-4 0  9998
2 45603  97.5072 146.9949 0011521  16.6831 343.4776 15.11408743330652
YUNHAI 2-1C
1 43911U 18112C   26140.45786330 -.00000328  00000-0 -65448-4 0  9996
2 43911  50.0101 105.1367 0000618  11.7002 348.3928 14.28983543387828
AE5RA
1 66685U 25276V   26140.47764488  .00009654  00000-0  42359-3 0  9994
2 66685  97.4221 214.8333 0006399 107.7300 252.4635 15.22148716 26234
COSMOS 1959
1 19324U 88062A   26140.25465874  .00000039  00000-0  24724-4 0  9992
2 19324  82.9485 143.6767 0033546 195.8100 175.4938 13.76351992899869
LEMUR 2 LEIA-PHILIP
1 63246U 25052AN  26140.13486623  .00000513  00000-0  49287-4 0  9994
2 63246  97.6869  32.5556 0003458 351.3378   8.7783 14.97228296 64478
KUIPER-00261
1 67158U 25301AB  26140.37030769  .00001947  00000-0  28431-3 0  9998
2 67158  51.9018 113.6834 0000591  61.6747 298.4275 14.79945672 24271
GLOBAL-32
1 64231U 25118B   26140.31332626  .00009202  00000-0  25289-3 0  9994
2 64231  58.9929 245.0584 0009333  20.1900 339.9543 15.37916687 53959
ONEWEB-0505
1 54123U 22138L   26140.22453005 -.00000067  00000-0 -19942-3 0  9998
2 54123  87.9160 310.5399 0001784  76.8560 283.2772 13.19724047173123
COSMOS 887
1  9637U 76128A   26140.36536299  .00000052  00000-0  37390-4 0  9998
2  9637  82.9408 181.4548 0044065 325.0998  45.3963 13.76503047479864
ICEYE-X47
1 62389U 24247N   26140.35074413  .00001333  00000-0  88436-4 0  9990
2 62389  44.9959 145.6344 0000592 341.5362  18.5494 15.13015565 77969
ONEWEB-0473
1 51653U 22012AH  26140.45956149 -.00000288  00000-0 -86008-3 0  9998
2 51653  87.8857  41.7958 0001994  76.7758 283.3592 13.10375161205672
COSMOS 2279
1 23092U 94024A   26140.54067769  .00000065  00000-0  51063-4 0  9992
2 23092  82.9503 235.2574 0034256 330.7586  29.1653 13.76644722610257
ORBVIEW 2 (SEASTAR)
1 24883U 97037A   26140.41892988  .00000122  00000-0  58526-4 0  9998
2 24883  98.8666 306.6721 0001998 178.6167 181.5023 14.35537235518763
LIBERTAD 1
1 31128U 07012M   26140.39254791  .00000547  00000-0  10981-3 0  9996
2 31128  98.4373 109.6876 0085185 166.2816 194.0729 14.63702478 14206
FLOCK 4G 11
1 62629U 25009W   26140.49081402  .00007991  00000-0  28886-3 0  9993
2 62629  97.3921 222.0985 0004103  78.5321 281.6379 15.28709971 74680
COSMOS 1321
1 12976U 81116B   26140.54253654 -.00000012  00000-0  29030-4 0  9991
2 12976  73.9821  81.3770 0094631 303.6074 172.2580 12.28398656994354
JILIN-01 GAOFEN 3E
1 46457U 20065D   26140.48145378  .00040728  00000-0  49691-3 0  9995
2 46457  97.2276 192.5153 0010177 253.2081 106.8060 15.60305761315435
LT-1 01A
1 51284U 22007A   26140.55087075  .00000356  00000-0  44237-4 0  9999
2 51284  97.8080 148.3632 0001627  90.5684 269.5719 14.88419712234361
COSMOS 739
1  7828U 75045H   26140.37047740 -.00000020  00000-0 -24103-4 0  9999
2  7828  74.0147 148.7565 0030948  13.1899  96.9794 12.54207191334096
LEMUR 2 STAR-FOX
1 62696U 25009CR  26140.65045166  .00005558  00000-0  42839-3 0  9993
2 62696  97.6891 222.4741 0001580 189.5421 170.5774 15.02023150 73423
ZY 1
1 38038U 11079A   26140.53483424  .00000543  00000-0  19297-3 0  9999
2 38038  98.4078 208.4194 0007205  40.0362  71.2937 14.38190425755235
COSMOS 2248
1 22649U 93030D   26140.22932562  .00000018  00000-0  41351-4 0  9999
2 22649  82.5780 329.2023 0009170   2.5592 357.5545 12.63521954522883
HODOYOSHI 3
1 40015U 14033F   26140.43056127  .00000736  00000-0  90773-4 0  9998
2 40015  97.6395 304.5940 0034409  86.4474 274.0676 14.85324622643506
COSMOS 509
1 06122U 72057F   26140.61990944  .00000004  00000-0  13950-3 0  9992
2 06122  74.0275 257.9484 0015625  17.5980 354.2450 12.44996677446569
COSMOS 588
1  6845U 73069A   26140.42215388 -.00000003  00000-0  87266-4 0  9991
2  6845  74.0034  28.3428 0028978 196.2892 337.9889 12.48636110398932
ORBCOMM FM 25
1 25479U 98053E   26140.57940954  .00000478  00000-0  19929-3 0  9990
2 25479  45.0060 106.4131 0002131 149.0508 211.0466 14.39032354446327
DISKSAT B
1 67220U 25305B   26140.55368774  .00004585  00000-0  30430-3 0  9995
2 67220  45.0018 230.1614 0004222 347.3048  12.7720 15.08540309 23147
COSMOS 2278
1 23087U 94023A   26140.38201417 -.00000178  00000-0 -68068-4 0  9997
2 23087  71.0543  25.1026 0010974 276.6853  83.3020 14.14384555654940
FLOCK 4BE 19
1 60563U 24149CZ  26140.18933498  .00013155  00000-0  29933-3 0  9992
2 60563  97.3741 225.2563 0004539  51.7893 308.3763 15.43092121 98108
COSMOS 585
1 06825U 73064A   26140.45248722 -.00000007  00000-0  48285-4 0  9997
2 06825  74.0230 202.9220 0019097 213.9193 157.4903 12.68233277439680
ASTRO H
1 41337U 16012A   26140.60975388  .00001499  00000-0  83330-4 0  9991
2 41337  30.9990 252.2765 0009586 335.7441  24.2745 15.10385558563115
DISKSAT C
1 67219U 25305A   26140.31749659  .00007628  00000-0  48707-3 0  9999
2 67219  45.0022 230.9513 0005520 348.4828  11.5921 15.09189157 23114
KUIPER-00184
1 67139U 25301G   26140.62167604  .00001302  00000-0  21599-3 0  9997
2 67139  51.8991 102.2087 0001813 111.2286 248.8868 14.76445853 24732
LKW-2
1 43080U 17084A   26140.55583846  .00008020  00000-0  31507-3 0  9991
2 43080  97.1205 181.6484 0002127  38.3081 321.8309 15.25938603467474
LEMUR 2 DEVERILL-M-T
1 57391U 23100F   26140.01741569  .00019439  00000-0  51762-3 0  9997
2 57391  99.4489 170.6800 0008173 131.4772 228.7170 15.38247703156915
METEOR 2-7
1 12456U 81043A   26140.32943796  .00000026  00000-0  71580-5 0  9994
2 12456  81.2633 126.1803 0046381 208.2622 151.6033 14.11047966315128
COSMOS 1891
1 18402U 87087A   26140.50953046  .00000064  00000-0  52577-4 0  9990
2 18402  82.9231 235.4258 0049104 234.6156 125.0408 13.73929441934803
ONEWEB-0615
1 54676U 22166AL  26140.54576633  .00000213  00000-0  48373-3 0  9991
2 54676  87.9254 249.4875 0001708  97.2249 262.9079 13.21825078167795
IRIDIUM 7
1 24793U 97020B   26140.41781632  .00000211  00000-0  65707-4 0  9991
2 24793  86.3980  35.5065 0002557  86.9510 273.1979 14.36232114520296
LEMUR 2 BASS
1 58259U 23174D   26140.51163223  .00012724  00000-0  29930-3 0  9994
2 58259  97.3844 224.8592 0005642 262.9966  97.0640 15.42097727141090
AQUA
1 27424U 02022A   26140.48215089  .00000491  00000-0  10749-3 0  9993
2 27424  98.4263 109.2154 0002012  69.8815  26.6169 14.62109590279226
FOURIER
1 65298U 25185B   26140.20359652  .00006602  00000-0  90326-3 0  9993
2 65298  97.9641 223.8485 0016827 165.1746 194.9961 14.78758010 39703
SBSS (USA 216)
1 37168U 10048A   26140.56186554  .00002385  00000-0  11723-3 0  9996
2 37168  97.7362  25.4816 0079838 299.5046 177.2704 15.16346593848288
GEESAT 4-06
1 65124U 25170F   26140.53348051  .00000906  00000-0  13510-3 0  9993
2 65124  49.9850 302.3577 0018626 293.7109  66.1874 14.83901563 42329
STARLING 1
1 57388U 23100C   26140.48931582  .00003263  00000-0  22649-3 0  9990
2 57388  99.5142 152.3811 0005507  22.9582 337.1885 15.06569434155738
COSMOS 2245
1 22646U 93030A   26140.44612183  .00000020  00000-0  50534-4 0  9990
2 22646  82.5841 327.9870 0011121 326.9624  54.7895 12.64075672523574
ONEWEB-0404
1 50484U 21132R   26140.40687905 -.00000487  00000-0 -14089-2 0  9997
2 50484  87.8919  26.5925 0002001  89.9877 270.1480 13.11416852212059
OPS 5721
1  9415U 76091A   26140.39042557  .00000153  00000-0  78509-4 0  9992
2  9415  98.3547 292.5836 0016881 344.5305  15.5358 14.27837145348543
KUIPER-00051
1 64511U 25134M   26140.61805113  .00002124  00000-0  33175-3 0  9991
2 64511  51.9001 268.5097 0001158 296.6152  63.4690 14.76610207 50814
PADRE
1 64559U 25135AH  26140.58939881  .00001174  00000-0  12014-3 0  9993
2 64559  97.7693 254.6221 0002139  39.0049 321.1324 14.92390491 49735
NEONSAT-1
1 59587U 24077A   26140.49322897  .00010544  00000-0  28683-3 0  9995
2 59587  97.3486 224.4711 0010060 130.8126 229.3993 15.37666007115478
YAM-12
1 68995U 26100R   26140.50593683  .00001471  00000-0  15202-3 0  9994
2 68995  97.7394  38.4746 0001640 174.9599 185.1637 14.91619774  2579
OPTOS
1 39420U 13066E   26140.41374490  .00000873  00000-0  13127-3 0  9994
2 39420  97.6840   6.7899 0118180 100.9078 260.5454 14.72243895667434
HULIANWANG DIGUI-33
1 64286U 25121D   26140.49468810  .00000045  00000-0  71844-4 0  9997
2 64286  86.5033  22.9546 0001643  86.2866 273.8455 13.24407282 46491
GONETS M 04
1 38736U 12041D   26140.51959605  .00000031  00000-0  14625-3 0  9993
2 38736  82.4784  88.0977 0026185 111.6260 248.7613 12.43902772619510
GONETS D1 7
1 27058U 01058D   26140.47564889  .00000036  00000-0  14011-3 0  9999
2 27058  82.5360 219.6041 0004008  74.2509 285.9024 12.62085972123491
ONEWEB-0315
1 49101U 21075AC  26140.30569451 -.00000240  00000-0 -70343-3 0  9994
2 49101  87.8963 356.1884 0002157  89.9366 270.2009 13.12440542231517
HULIANWANG DIGUI-78
1 65310U 25187F   26140.52146520 -.00000105  00000-0  40590-4 0  9995
2 65310  50.0118 305.0071 0000656  77.3915 282.7031 13.29321643 36025
NUSAT-53 (JANE GOODALL)
1 68432U 26067S   26140.32395817  .00003514  00000-0  17489-3 0  9990
2 68432  97.4550  99.2127 0004252 106.5838 253.5864 15.18244985  7714
CHUANG XIN 1-03
1 37930U 11068A   26140.49492137  .00000198  00000-0  93078-4 0  9999
2 37930  98.6990 158.0796 0014556 193.1640 330.7882 14.30532202756692
KUIPER-00234
1 68581U 26072J   26140.50003471 -.01164791  00000-0 -93316-1 0  9992
2 68581  51.8995 312.8489 0003728 333.4924 306.0674 15.02946075  4357
CENTAURI-1
1 43809U 18099BD  26140.55381359  .00004170  00000-0  21966-3 0  9992
2 43809  97.4237 192.8702 0015690  68.0513 292.2386 15.16045779408314
HERMES-3
1 63835U 25052BR  26140.67641685  .00014603  00000-0  46225-3 0  9991
2 63835  97.3896  36.1651 0004517 202.3133 157.7913 15.32849415 65840
FLOCK 4H 4
1 66707U 25276AT  26140.17812075  .00003943  00000-0  18970-3 0  9999
2 66707  97.4227 214.1882 0006323 100.8438 259.3509 15.19349489 26164
AETHER-11
1 67382U 26004V   26140.44673608  .00000411  00000-0  50373-4 0  9997
2 67382  97.8035 139.5748 0003982 189.2038 170.9107 14.88228102 19168
ONEWEB-0576
1 56065U 23043V   26140.55070512  .00000068  00000-0  14320-3 0  9999
2 56065  87.9111 234.2617 0002302 101.8348 258.3041 13.16595260155325
ICEYE-X46
1 63258U 25052BA  26140.24885528  .00001558  00000-0  14702-3 0  9999
2 63258  97.6923  32.6763 0001733  90.8226 269.3194 14.95185957 64479
ONEWEB-0098
1 45442U 20020U   26140.19409765  .00000150  00000-0  38753-3 0  9992
2 45442  87.8919  26.6357 0001770  79.4502 280.6825 13.11419801298979
HULIANWANG DIGUI-23
1 63690U 25086D   26140.47976395  .00000026  00000-0  25918-4 0  9995
2 63690  86.5068 322.5658 0001512  78.8644 281.2660 13.24407544 51191
COSMOS 2452
1 35499U 09036B   26140.57935475  .00000028  00000-0  13254-3 0  9994
2 35499  82.4882  96.7822 0015204 194.6983 165.3656 12.43008634765348
LEMUR 2 UNTITLED-SC
1 63351U 25061A   26140.31845654  .00002206  00000-0  12736-3 0  9993
2 63351  97.5628 115.8916 0019036   7.1123 353.0375 15.13254000 63377
ONEWEB-0102
1 47258U 20100A   26140.30740199 -.00000259  00000-0 -75666-3 0  9996
2 47258  87.8956 356.2213 0001572  78.1215 282.0089 13.12441502261070
QIANFAN-131
1 69077U 26104E   26140.47285913  .00000065  00000-0  21141-4 0  9998
2 69077  88.9870 344.7913 0002100 183.8589 176.2589 14.25631811  1154
HULIANWANG DIGUI-80
1 65312U 25187H   26140.47962823 -.00000100  00000-0  52098-4 0  9994
2 65312  50.0038 305.2776 0000721  63.6142 296.4804 13.29321775 36010
AC1-003
1 66689U 25276Z   26140.17552828  .00001476  00000-0  75708-4 0  9997
2 66689  97.4215 214.0050 0004420 104.5710 255.6015 15.18089394 26151
ONEWEB-0291
1 49081U 21075G   26140.37064408 -.00000032  00000-0 -11571-3 0  9997
2 49081  87.9166  11.3919 0001735  95.6949 264.4380 13.17651215229948
ONEWEB-0128
1 47274U 20100S   26140.58522900  .00000409  00000-0  11002-2 0  9990
2 47274  87.8952 356.1746 0001797  75.3483 284.7845 13.12445197261128
YAOGAN-35 05C
1 53763U 22109D   26140.51126356  .00003462  00000-0  14472-3 0  9996
2 53763  34.9894 171.1418 0002372 352.4596   7.6082 15.23107781206156
GONETS M 08 (M18)
1 40061U 14036A   26140.51910481 -.00000000  00000-0 -71963-4 0  9999
2 40061  82.5096 324.7737 0029437 207.9653 151.9846 12.42984542539016
KL-BETA A
1 49059U 21070A   26140.51530576  .00000186  00000-0  12952-3 0  9999
2 49059  89.0062 221.5549 0003771 100.7614 259.3986 13.94388487244073
ONEWEB-0024
1 45137U 20008G   26140.47961699  .00000678  00000-0  19066-2 0  9999
2 45137  87.8865  41.7702 0001903  79.1552 280.9789 13.10378573304612
KINEIS-2E
1 62931U 25028D   26140.38086764  .00000899  00000-0  13493-3 0  9992
2 62931  97.8971 192.6058 0001081 107.9018 252.2310 14.76923458 68672
KUIPER-00088
1 65133U 25171B   26140.48731422  .00001793  00000-0  26413-3 0  9997
2 65133  51.9001 208.0891 0000209  90.8598 269.2388 14.79931992 43429
ORBCOMM FM 107
1 40087U 14040B   26140.50786368  .00000168  00000-0  71592-4 0  9997
2 40087  47.0045 223.1643 0000832 315.1173  44.9646 14.58901472630380
ONEWEB-0684
1 56720U 23068L   26140.60662104 -.00000252  00000-0 -70465-3 0  9993
2 56720  87.9002 264.6786 0000872  59.2346 300.8870 13.15548092145625
RISING 2
1 39769U 14029D   26140.49753740  .00002686  00000-0  23103-3 0  9996
2 39769  97.6534 209.5343 0004335  50.3486 309.8118 14.98225391649404
HULIANWANG DIGUI-09
1 62331U 24240J   26140.52130895  .00000051  00000-0  85107-4 0  9994
2 62331  86.5006 352.5995 0001519  80.4032 279.7274 13.24407160 68979
GLOBALSTAR M078
1 39076U 13005E   26140.56629364 -.00000159  00000-0 -30843-3 0  9996
2 39076  51.9898   7.7213 0000828 156.3558 203.7347 12.62261173612521
CENTISPACE-2 S5
1 68354U 26060E   26140.54904025  .00000066  00000-0  41348-4 0  9998
2 68354  54.9740 148.6008 0014302  81.3193 278.9425 14.74027785  8694
ONEWEB-0564
1 55801U 23029F   26140.63568091  .00000077  00000-0  15711-3 0  9998
2 55801  87.9161 279.9498 0002275 100.7173 259.4216 13.20767429157515
ONEWEB-0456
1 51646U 22012AA  26140.47288916  .00000445  00000-0  12382-2 0  9998
2 51646  87.8867  41.7668 0001870  73.5165 286.6168 13.10379659205719
ONEWEB-0617
1 55158U 23004U   26140.44757916  .00000454  00000-0  12448-2 0  9993
2 55158  87.8914  26.5860 0001991  93.6754 266.4601 13.11414870162222
DOVE 2
1 39132U 13015C   26140.60687549  .00145239  14124-4  56768-3 0  9991
2 39132  64.8505 207.3862 0019351 288.8755  71.0306 15.86632629722363
ELEVATION-1
1 62677U 25009BW  26140.20470064  .00020075  00000-0  49787-3 0  9992
2 62677  97.3837 225.1078 0004389  76.0007 284.1727 15.40399055132510
XRISM
1 57800U 23137A   26140.20639008  .00002394  00000-0  12975-3 0  9992
2 57800  31.0007 180.8141 0007558  41.6150 318.5063 15.12198602148620
HJS-7C
1 65619U 25209C   26140.43254959 -.00000075  00000-0  95477-4 0  9998
2 65619  49.9986 100.2902 0002227  21.9309 338.1664 13.41458595 33917
TK-2
1 52150U 22031A   26140.51117566  .00001171  00000-0  90699-4 0  9993
2 52150  97.8318 336.3320 0014685 215.4807 144.5442 15.03371897226303
ESTCUBE 1
1 39161U 13021C   26140.09507598  .00000973  00000-0  13105-3 0  9995
2 39161  97.7311 195.2663 0009774 105.4331 254.7962 14.81303594700860
ONEWEB-0151
1 48066U 21025AA  26140.49614563  .00000293  00000-0  76661-3 0  9998
2 48066  87.8938 325.7364 0001672  88.2146 271.9175 13.13471888249959
KUIPER-00163
1 65777U 25217R   26140.44798194  .00101030  00000-0  51796-3 0  9994
2 65777  51.8956  49.4825 0002596 120.2184 239.9078 15.80476222 36004
CYGFM04
1 41885U 16078B   26140.45282049  .00021590  00000-0  25957-3 0  9993
2 41885  34.9336  53.0923 0008394 290.2048  69.7774 15.59818279524665
USA 485
1 62756U 25014X   26140.53486566  .00065513  00000-0  40256-3 0  9994
2 62756  42.9990 278.8897 0001851 280.9747  79.0915 15.76344744 76405
ONEWEB-0321
1 49191U 21083F   26140.62556571  .00000122  00000-0  26898-3 0  9999
2 49191  87.9171 279.9312 0001628  94.8550 265.2769 13.20770275233199
COSMOS 738
1 07827U 75045G   26140.57014653  .00000003  00000-0  13262-3 0  9999
2 07827  74.0178 247.6651 0025745 311.7170  60.1672 12.44241331315575
HULIANWANG DIGUI-110
1 66920U 25285F   26140.54333639 -.00000087  00000-0  80220-4 0  9996
2 66920  50.0106 245.0715 0000976 195.2509 164.8334 13.29325567 22381
DEIMOS
1 60526U 24149BL  26140.53617630  .00013760  00000-0  31236-3 0  9998
2 60526  97.3781 226.2909 0005733  40.7196 319.4479 15.43145343 98187
IRIDIUM 38
1 25043U 97069E   26140.30955019  .00000270  00000-0  82046-4 0  9993
2 25043  86.3935  91.3710 0004197  79.9702 280.1970 14.38465238494419
YAOGAN-35 02A
1 52907U 22068A   26140.55330898  .00005166  00000-0  21065-3 0  9990
2 52907  34.9926 312.5932 0010405 189.8171 170.2341 15.23767869217673
BALKAN-1
1 62611U 25009C   26140.45223319  .00004826  00000-0  19837-3 0  9995
2 62611  97.3922 220.0425 0008563  77.9593 282.2604 15.24617765 74534
HULIANWANG DIGUI-86
1 65821U 25220E   26140.48371396  .00000079  00000-0  15107-3 0  9990
2 65821  86.4982  53.1852 0001699  80.7170 279.4156 13.24416960 31254
RAISE-4
1 67073U 25297B   26140.34992705  .00002863  00000-0  18582-3 0  9996
2 67073  97.5092 289.0053 0013638 129.1054 231.1389 15.08784069 23692
HULIANWANG DIGUI-06
1 62328U 24240F   26140.53637029  .00000064  00000-0  11532-3 0  9996
2 62328  86.4987 352.4461 0001394  74.8342 285.2946 13.24405721 68981
HAWK-9A
1 59446U 24066E   26140.21131323  .00000848  00000-0  87665-4 0  9991
2 59446  45.6107  61.8230 0003445 257.4627 102.5868 14.99040993115636
SKYSAT C4
1 41771U 16058B   26140.02088070  .00012833  00000-0  25027-3 0  9994
2 41771  96.9189 162.9896 0002408  68.6262 291.5246 15.47630324541115
ONEWEB-0691
1 61599U 24188F   26140.42383613  .00000074  00000-0  17230-3 0  9993
2 61599  87.8931  26.4897 0002185  88.2992 271.8387 13.11420533 80847
ODIN
1 26702U 01007A   26140.83953767  .00086247  00000-0  79009-3 0  9991
2 26702  97.3897 180.1955 0003870 175.4521 184.6776 15.67499311385106
EAGLEEYE
1 60508U 24149AS  26140.22427356  .00060898  00000-0  59504-3 0  9990
2 60508  97.3727 232.1279 0001242   7.4779 352.6499 15.65988359 98559
COSMOS 2354
1 25365U 98036C   26140.58009008 -.00000013  00000-0 -15258-3 0  9990
2 25365  82.5856   3.6631 0352557 295.2035  86.6527 12.20878977244701
GAOFEN 10R
1 44622U 19066A   26140.49079686  .00000673  00000-0  89560-4 0  9990
2 44622  98.0485  93.8722 0004511 215.6315 144.4598 14.82990997358277
DUMMY CUBESAT
1 52983U 22065H   26140.63077161  .00000202  00000-0  51164-4 0  9991
2 52983  98.2247 281.9602 0008919 107.7872 252.4302 14.60572617206126
COSMOS 505
1  6118U 72057B   26140.54050484  .00000004  00000-0  12054-3 0  9999
2  6118  74.0277 250.5522 0092929 247.7114 123.5176 12.59820892475594
IKONOS 2
1 25919U 99051A   26140.42039428  .00001160  00000-0  10568-3 0  9996
2 25919  98.1367  28.1957 0004945 300.9942  59.0793 14.97236445434765
COSMOS 1862
1 18152U 87055A   26140.50777120  .00004281  00000-0  13956-3 0  9996
2 18152  82.4854 334.7074 0010273 116.1292 244.1007 15.31474664100823
IRIDIUM 129
1 42958U 17061D   26140.25100374  .00000043  00000-0  83431-5 0  9999
2 42958  86.3990  36.9301 0002254  91.1217 269.0237 14.34217802450797
ORBCOMM FM 113
1 41185U 15081G   26140.45033192  .00000192  00000-0  76828-4 0  9991
2 41185  47.0019  41.7643 0001033  63.5586 296.5405 14.58823256554882
OAO 2
1  3597U 68110A   26140.52924069  .00000106  00000-0  33795-4 0  9998
2  3597  34.9929 224.1119 0005102  48.5727 311.5402 14.47340546 29514
ONEWEB-0284
1 49002U 21060AM  26140.49210936  .00000156  00000-0  37350-3 0  9994
2 49002  87.9108 234.2715 0001831 109.3594 250.7735 13.16592856235957
ORBCOMM FM 32
1 25982U 99065C   26140.41422019  .00000410  00000-0  18433-3 0  9998
2 25982  45.0159 304.6960 0005741 269.7252  90.2939 14.37089003383090
JY1SAT
1 43803U 18099AX  26140.61860984  .00011951  00000-0  38082-3 0  9991
2 43803  97.4138 203.3752 0005594  26.5939 333.5589 15.32680744409404
ONEWEB-0046
1 45447U 20020Z   26140.22038621  .00000431  00000-0  11802-2 0  9997
2 45447  87.8919  26.6323 0002094  84.6435 275.4932 13.11414862298940
OOV-CUBE
1 60240U 24128F   26140.50697815  .00001543  00000-0  12840-3 0  9994
2 60240  61.9944 322.0825 0048116 127.7411 232.8055 15.02614414101951
GLOBALSTAR M073
1 37193U 10054F   26140.31915546 -.00000110  00000-0 -33491-4 0  9998
2 37193  52.0032 149.1226 0000274 341.1584  32.3094 12.62267134720410
COSMOS 256
1 03576U 68106A   26140.37199038  .00000039  00000-0  14933-3 0  9990
2 03576  74.0460 132.8958 0033174 142.4910  23.7589 13.16882910762030
ONEWEB-0490
1 54113U 22138A   26140.23400820 -.00000074  00000-0 -21822-3 0  9993
2 54113  87.9153 310.5383 0001744  87.4888 272.6444 13.19726265173148
SWARM C
1 39453U 13067C   26140.53418218  .00008138  00000-0  14284-3 0  9998
2 39453  87.3335  65.0878 0003326  85.7876 274.3765 15.50335405701928
LEMUR-2 PEGGY-2004
1 68479U 26067BR  26140.33051890  .00003751  00000-0  37212-3 0  9991
2 68479  97.7539  99.0251 0002357  50.4616 309.6811 14.92366837  7577
LANDSAT 5
1 14780U 84021A   26140.49047807  .00000651  00000-0  49461-4 0  9997
2 14780  98.0706  58.4862 0068015 208.2392 151.5139 15.04344420787229
ONEWEB-0502
1 54120U 22138H   26140.17555602  .00000035  00000-0  54894-4 0  9994
2 54120  87.9155 310.5380 0001855  84.1597 275.9747 13.19726350173135
ONEWEB-0237
1 48770U 21045D   26140.62090363  .00000132  00000-0  31713-3 0  9994
2 48770  87.8983 264.6996 0001779  92.4033 267.7301 13.15549740240762
OKEAN 1
1 19274U 88056A   26140.38885787  .00005577  00000-0  17349-3 0  9998
2 19274  82.4695 190.0372 0010454 277.5985  82.4069 15.33036661 46067
RANGE A
1 43773U 18099R   26140.86858887  .00003420  00000-0  19639-3 0  9992
2 43773  97.3983 184.2497 0012086  84.3897 275.8712 15.13119528408365
LEMUR 2 LANGER2SPACE
1 63358U 25061H   26140.32641826  .00002584  00000-0  14537-3 0  9996
2 63358  97.5606 116.2227 0016747   0.7992 359.3264 15.14056720 63409
STERKH 2
1 35866U 09049B   26140.29036640  .00000048  00000-0  40094-4 0  9996
2 35866  98.7134 101.7246 0003427  21.2435 338.8886 14.23966141865679
CO3D4
1 64901U 25156C   26140.47640227  .00002858  00000-0  13512-3 0  9992
2 64901  97.4325 219.5675 0001577  66.1523 293.9877 15.20197063 45323
COSMOS 726
1  7736U 75028A   26140.56515255  .00000058  00000-0  41879-4 0  9998
2  7736  82.9965 242.3523 0027124 123.0375 237.3394 13.78452477569887
BRO-20
1 66674U 25276J   26140.47708276  .00002353  00000-0  11907-3 0  9999
2 66674  97.4172 214.1238 0008133 100.3929 259.8222 15.17962569 26190
COSMOS 1994
1 19785U 89009A   26140.36540999  .00000024  00000-0  73523-4 0  9994
2 19785  82.6235   9.5060 0013348  17.4304 156.3488 12.64342269719861
YAOGAN-47
1 66988U 25289A   26140.55786024  .00003762  00000-0  15998-3 0  9996
2 66988  97.5023 210.8774 0003364 127.3338 232.8206 15.23647811 24723
GAOFEN 11 04
1 54818U 22176A   26140.53327228  .00003907  00000-0  16650-3 0  9999
2 54818  97.4198 274.0433 0007957  65.1053 295.1010 15.23517023189046
CUBESAT XI 4
1 27848U 03031J   26140.47437731  .00000134  00000-0  78169-4 0  9998
2 27848  98.6775 149.1168 0008236 286.8725  73.1550 14.23604190187434
LYRA-3
1 64577U 25135BB  26140.54085027  .00000889  00000-0  14081-3 0  9991
2 64577  97.7712 246.6686 0022218  73.4586 286.9062 14.74392993 49197
ALICE
1 39467U 13072F   26140.08036055  .00004367  00000-0  22664-3 0  9995
2 39467 120.4593 193.4595 0159204 326.5549  32.5550 15.08416382111030
KUIPER-00454
1 68948U 26098AF  26140.53564253 -.00044100  00000-0 -14965-2 0  9994
2 68948  51.8758 201.4266 0016966  44.8238 315.4113 15.29777764  3094
ONEWEB-0062
1 45163U 20008AJ  26140.43617481 -.00000444  00000-0 -13077-2 0  9990
2 45163  87.8858  41.7877 0001524  69.2690 290.8601 13.10370375304556
ONEWEB-0304
1 49092U 21075T   26140.37570448 -.00000022  00000-0 -90481-4 0  9992
2 49092  87.9156  11.4003 0001877  89.0674 271.0673 13.17649969229912
HULIANWANG DIGUI-136
1 67244U 25311J   26140.91329939 -.00000088  00000-0  78542-4 0  9990
2 67244  50.0086 213.5130 0000901 230.6113 129.4680 13.29323226 19716
COSMOS 2438
1 32955U 08025C   26140.51533929  .00000188  00000-0  12791-2 0  9998
2 32955  82.5042  10.0519 0021658   7.4499 352.6898 12.43369087816399
ONEWEB-0034
1 45454U 20020AG  26140.43893021  .00000597  00000-0  16597-2 0  9990
2 45454  87.8920  26.5837 0001834  80.2935 279.8399 13.10933752298956
QPS-SAR-12 KUSHINADA-I
1 65116U 25169A   26140.35194001  .00002201  00000-0  18585-3 0  9993
2 65116  42.0101 169.2400 0006437  21.6112 338.4985 15.00575582 43234
YAOGAN-30 AE
1 49028U 21065C   26140.26046895  .00001609  00000-0  12084-3 0  9994
2 49028  34.9931  82.9980 0001132 265.9914  94.0665 15.02519621264423
COSMOS 1925
1 18938U 88016B   26140.57569318 -.00000010  00000-0  40255-4 0  9991
2 18938  74.0045  88.7092 0023764   6.0203 167.4066 12.46849067738339
YAOGAN-36 01A
1 53943U 22120A   26140.35578214  .00004057  00000-0  16852-3 0  9990
2 53943  34.9914  99.9543 0003476 111.9442 248.1642 15.23258693203069
HULIANWANG DIGUI-119
1 67059U 25295A   26140.26503190 -.00000120  00000-0  86330-5 0  9998
2 67059  50.0013 125.9267 0000825 333.6551  26.4279 13.29326969 21789
COSMOS 796
1 08612U 76008F   26140.58826697 -.00000016  00000-0 -50729-5 0  9999
2 08612  74.0562 349.3101 0028010 253.9617 133.1882 12.43168141283110
ONEWEB-0588
1 55153U 23004P   26140.26155341 -.00000021  00000-0 -87216-4 0  9991
2 55153  87.9162 341.0296 0001869 104.5064 255.6276 13.18687071166012
COSMOS 2588
1 64095U 25109A   26140.72225135  .00006670  00000-0  24209-3 0  9990
2 64095  72.9719 270.8271 0010791 170.2527 189.8880 15.28526587 55416
COSMOS 2008
1 19902U 89025A   26140.55186556 -.00000012  00000-0  25098-4 0  9991
2 19902  74.0106  75.5330 0050317 308.8235 162.8849 12.57869875706075
IRS 1C
1 23751U 95072A   26140.31971567  .00000030  00000-0  33500-4 0  9991
2 23751  99.0227 158.6815 0001252  88.3587 271.7734 14.23561269577607
MR-1
1 67557U 26015B   26140.61444269  .00000065  00000-0  80579-4 0  9997
2 67557  88.9979 271.3320 0004592 135.5079 224.6442 13.52666161 15984
RAPIDEYE 2
1 33312U 08040A   26140.55421157  .00001264  00000-0  92505-4 0  9995
2 33312  97.4266 171.4145 0016768 318.6293  41.3663 15.05216801961818
ONEWEB-0517
1 54135U 22138Y   26140.45355655 -.00000056  00000-0 -17299-3 0  9999
2 54135  87.9152 310.4936 0002126  91.8335 268.3041 13.19725593173176
LAPAN-TUBSAT
1 29709U 07001A   26140.51079950  .00000292  00000-0  40120-4 0  9998
2 29709  98.1341 139.1126 0010667 277.9070  82.0933 14.85920020 47041
ONEWEB-0028
1 45140U 20008K   26140.43023846  .00000370  00000-0  10159-2 0  9995
2 45140  87.8912  26.5958 0002463  79.8363 280.3043 13.10852784304980
CENTISPACE-2 S3
1 68352U 26060C   26140.55977375 -.00000142  00000-0  10002-4 0  9994
2 68352  54.9787 148.6858 0012348  71.3910 288.8429 14.73826944  8697
COSMOS 1326
1 12981U 81116G   26140.36522539 -.00000016  00000-0 -74285-5 0  9996
2 12981  73.9835 345.7464 0082483 190.3311 349.2485 12.30855904978741
OSCAR 23 (KITSAT 1)
1 22077U 92052B   26140.55454463 -.00000056  00000-0  24487-4 0  9996
2 22077  66.0859 339.0003 0014863 289.7760  98.8626 12.86611792586138
LANDSAT 2
1 07615U 75004A   26140.58564752  .00000257  00000-0  21602-3 0  9998
2 07615  99.0383  96.2206 0009273  32.8083 327.3654 13.96972097615277
CS1
1 49261U 21088B   26140.42503741  .00009886  00000-0  30358-3 0  9993
2 49261  97.3774 203.7136 0012874 172.1283 188.0164 15.33846642256169
METEOR 3-2
1 19336U 88064A   26140.58119424  .00000149  00000-0  35311-3 0  9995
2 19336  82.5441 350.3393 0015967 277.3916 109.7850 13.17282037818020
ARVAKER-1
1 63252U 25052AU  26140.29650038  .00001302  00000-0  12604-3 0  9990
2 63252  97.6904  32.0662 0001810 354.1326   5.9873 14.94440646 64440
COSMOS 1331
1 13027U 82001A   26140.35204066  .00000081  00000-0  35600-4 0  9990
2 13027  74.0471 207.0970 0023217 161.9386 198.2598 14.37720395323575
KUIPER-00247
1 67152U 25301V   26140.18137178  .00001683  00000-0  24981-3 0  9996
2 67152  51.8956 101.9693 0000739  75.4490 284.6554 14.79905277 24421
SKYKRAFT-1
1 55041U 23001AJ  26140.50577028  .00037823  00000-0  40186-3 0  9993
2 55041  97.3189 216.6871 0005371 160.2116 199.9352 15.63949968188722
COSMOS 570
1 06681U 73037G   26140.46698009 -.00000002  00000-0  80452-4 0  9992
2 06681  74.0202  56.6391 0092521 206.9564 275.4624 12.63533070442144
WORLDVIEW 3
1 40115U 14048A   26140.47357727  .00000506  00000-0  65652-4 0  9992
2 40115  97.8570 215.6891 0002652  69.8279 290.3221 14.84969428637793
QIANFAN-69
1 62799U 25016Q   26140.48951941  .00000088  00000-0  11785-3 0  9992
2 62799  88.9705  86.4649 0013532 244.3288 115.6466 13.51011628 68713
HAWK-10C
1 60575U 24149DM  26140.48741185  .00001477  00000-0  13530-3 0  9998
2 60575  97.6738 215.6259 0004496 133.7938 226.3656 14.96415771 95843
SSD
1 13792U 83008B   26140.66977513 -.00000010  00000-0  53152-4 0  9990
2 13792  63.3359 128.3130 0564435 139.7120 224.7189 13.47496801 99173
GRACE-FO 1
1 43476U 18047A   26140.51075957  .00002500  00000-0  65842-4 0  9992
2 43476  88.9939 201.7570 0009363 203.3772 156.7059 15.38055880445547
QIANFAN-29
1 61562U 24185L   26140.52569359  .00000103  00000-0  14068-3 0  9993
2 61562  88.9810  64.8836 0008589 321.9383  38.1161 13.51069018 89236
GHGSAT-C1
1 46278U 20061G   26140.50799791  .00026783  00000-0  23114-3 0  9996
2 46278  97.2103 224.7642 0002856 131.6509 228.4998 15.69219541319136
ORBCOMM FM 114
1 41179U 15081A   26140.24099943  .00000123  00000-0  62358-4 0  9994
2 41179  47.0031 134.1264 0001414  49.0394 311.0614 14.58821869553673
QIANFAN-26
1 61559U 24185H   26140.49736367  .00000204  00000-0  19057-3 0  9995
2 61559  88.9836  62.6003 0003433 246.7402 113.3403 13.77900403 90531
COSMOS 1852
1 18113U 87051A   26140.32140348 -.00000028  00000-0 -87673-4 0  9990
2 18113  74.0012 160.6709 0017024 344.6660  15.3870 12.44885732768966
YAOGAN-36 04B
1 54748U 22171C   26140.10008720  .00007528  00000-0  31283-3 0  9994
2 54748  35.0059  11.5705 0003595 289.2621  70.7705 15.23092359191100
COSMOS 1428
1 13757U 83001A   26140.56523138  .00000065  00000-0  50294-4 0  9996
2 13757  82.9131  62.3665 0033850 322.1327 212.0368 13.77087040177897
COSMOS 991
1 10692U 78022A   26140.61061603  .00000056  00000-0  41242-4 0  9991
2 10692  82.9872 267.0196 0036499   8.0694   3.3432 13.76568590421580
ZHUHAI-1 OHS-02
1 43441U 18040C   26140.53849662  .00005363  00000-0  21464-3 0  9992
2 43441  97.0387 166.3266 0008278 341.4473  18.6463 15.25431164110061
ZHANGHENG 1
1 43194U 18015C   26140.50428454  .00004500  00000-0  20582-3 0  9990
2 43194  97.6856 305.6163 0016272   4.9789 355.1605 15.20964717460437
OPS 5390
1 11389U 79050A   26140.31570798  .00000075  00000-0  46672-4 0  9997
2 11389  98.6291  95.2503 0011004 219.3517 140.6866 14.29333766371722
ALSAT 1B
1 41785U 16059C   26140.51092686 -.00000042  00000-0  84240-6 0  9997
2 41785  97.7753 150.4694 0008352 324.0700  35.9945 14.72249997516504
YAOGAN-30 N
1 44449U 19045A   26140.46676634  .00001383  00000-0  10424-3 0  9998
2 44449  34.9917 139.0291 0003362  22.9726 337.1132 15.02500161372448
ONEWEB-0339
1 49205U 21083V   26140.47244767 -.00000238  00000-0 -68675-3 0  9998
2 49205  87.8939 325.7489 0001534  84.8856 275.2448 13.13471348227251
OPS 1294 (DMSP 5D-2 F7)
1 14506U 83113A   26140.34891615  .00000128  00000-0  66281-4 0  9990
2 14506  98.4225 286.6107 0009831 317.9555  98.6999 14.29813795211513
SENTINEL 1A
1 39634U 14016A   26140.52751164  .00000192  00000-0  50343-4 0  9992
2 39634  98.1781 148.4638 0001448  85.0103 275.1262 14.59199996645988
COSMOS 1821
1 17525U 87017A   26140.37114931  .00000054  00000-0  41649-4 0  9992
2 17525  82.9138 188.5923 0037359  27.3728 344.4230 13.73948215951407
METEOR 1-22
1  8293U 75087A   26140.38667314  .00000237  00000-0  11721-3 0  9997
2  8293  81.2577  12.4989 0075648  47.1538 313.5956 14.12922718609144
YAOGAN 12
1 37875U 11066B   26140.53571554  .00007135  00000-0  27808-3 0  9996
2 37875  97.1154 180.4088 0008822 334.0965  25.9831 15.26211050807824
HULIANWANG DIGUI-65
1 65171U 25174H   26140.52494473  .00000056  00000-0  97143-4 0  9999
2 65171  86.4872 261.1701 0002047  95.6489 264.4879 13.24404130 37124
ONEWEB-0418
1 50493U 21132AA  26140.56997130  .00000035  00000-0  56157-4 0  9999
2 50493  87.9173 340.9521 0001997  95.5060 264.6300 13.18685224218027
ONEWEB-0210
1 48787U 21045W   26140.61932840  .00000042  00000-0  77817-4 0  9992
2 48787  87.8993 264.6760 0002053  74.4043 285.7314 13.15549380240693
SMOS
1 36036U 09059A   26140.25213644  .00000120  00000-0  52028-4 0  9995
2 36036  98.4428 327.9964 0001308  92.8768 267.2570 14.39756042869437
COSMOS 2613
1 68763U 26083J   26140.62294861  .00001092  00000-0  76524-4 0  9990
2 68763  97.7762 278.3560 0010712 141.3985 218.8010 15.07348977  5054
COSMOS 2490
1 39485U 13076C   26140.53516534  .00000048  00000-0  27797-3 0  9998
2 39485  82.4827 185.3721 0021905 168.3233 191.8359 12.42877274562443
QIANFAN-84
1 63170U 25046M   26140.49316626  .00000116  00000-0  16058-3 0  9995
2 63170  88.9687 303.5959 0016595  33.0516 327.1668 13.51029479 68832
ONEWEB-0212
1 48791U 21045AA  26140.60110097 -.00000017  00000-0 -79522-4 0  9997
2 48791  87.8997 264.6830 0001821 101.5297 258.6038 13.15548455240802
CHECKMATE 4
1 56164U 23050C   26140.62198230  .00000071  00000-0  53450-4 0  9995
2 56164  80.9999  98.2704 0006872  53.3448 306.8339 13.84809759158323
ONEWEB-0538
1 56047U 23043B   26140.52536743  .00000009  00000-0 -89223-5 0  9991
2 56047  87.9104 234.2655 0001781 106.0038 254.1289 13.16595853155339
ONEWEB-0043
1 45149U 20008U   26140.25707533  .00000622  00000-0  17444-2 0  9990
2 45149  87.8854  41.8251 0002488  80.2944 279.8464 13.10380106304522
EGYPTSAT 2
1 39678U 14021A   26140.36056539  .00000005  00000-0  41787-4 0  9997
2 39678  51.6180 291.0061 0000764 130.9261 229.1754 14.56047439639162
ICEYE-X53
1 64584U 25135BJ  26140.55696378  .00002128  00000-0  17196-3 0  9995
2 64584  97.7405 257.4558 0001848 134.1661 225.9714 15.00883689 49933
QIANFAN-143
1 69089U 26104S   26140.12055928 -.02028840  00000-0 -96088+0 0  9996
2 69089  88.9864 344.8320 0005821  94.4598 265.7259 14.23790117  1109
COSMOS 654
1 07297U 74032A   26140.40450458 -.00000068  00000-0  19183-4 0  9995
2 07297  64.9501   4.9456 0067289 334.2098 198.7675 13.79613563621142
COSMOS 641
1 07265U 74024A   26140.32462104 -.00000010  00000-0  37489-4 0  9999
2 07265  74.0197 357.6748 0060540 320.4690 152.6869 12.57355873390105
ONEWEB-0672
1 55831U 23029AM  26140.29054442 -.00000263  00000-0 -67800-3 0  9998
2 55831  87.9168 279.9978 0002011 105.5728 254.5627 13.20771031157465
FLOCK 4G 10
1 62670U 25009BP  26140.22120492  .00006968  00000-0  25261-3 0  9990
2 62670  97.3924 221.5473 0005942  83.5260 276.6656 15.28655299132269
YAM-15
1 68997U 26100T   26140.50653037  .00000815  00000-0  86855-4 0  9990
2 68997  97.7390  38.4734 0001581 183.7948 176.3259 14.91556257  2572
ONEWEB-0520
1 54138U 22138AB  26140.75998909  .00000057  00000-0  11119-3 0  9994
2 54138  87.9154 310.4325 0001705  84.4851 275.6476 13.19725955173205
NOAA 9
1 15427U 84123A   26140.30357806  .00000045  00000-0  45574-4 0  9990
2 15427  99.1006 166.2933 0015660  70.7224 300.6213 14.17059883139471
QIANFAN-60
1 62790U 25016F   26140.49773369  .00000092  00000-0  12373-3 0  9999
2 62790  88.9709  86.5775 0013515 242.4287 117.5492 13.51007571 68664
TIANPING 3A-01
1 61614U 24189A   26140.51486113  .00001839  00000-0  14867-3 0  9994
2 61614  97.5223 161.6192 0003204  75.3572 284.8008 15.00986609 86336
KUIPER-00157
1 65970U 25228Z   26140.36879488  .00003965  00000-0  54870-3 0  9992
2 65970  51.9016  21.2651 0001223 106.1392 253.9705 14.79947217 34153
GEESAT 6-06
1 65718U 25214G   26140.53248086  .00000860  00000-0  13223-3 0  9998
2 65718  49.9911  74.1863 0009748 130.8504 229.3280 14.83027942 35431
CINEMA 2
1 39424U 13066J   26140.54374166  .00000914  00000-0  11044-3 0  9994
2 39424  97.8859  71.7962 0074134 219.1387 140.4452 14.84349312671993
ONEWEB-0631
1 55171U 23004AH  26140.25481450 -.00000010  00000-0 -58192-4 0  9992
2 55171  87.9173 340.9943 0001597 103.3767 256.7544 13.18687603165993
SHIJIAN 6 01B (SJ-6 01B)
1 28414U 04035B   26140.54844927  .00003905  00000-0  27150-3 0  9992
2 28414  97.6047 158.7737 0003372 216.9813 143.1182 15.06090378182669
QIANFAN-66
1 62796U 25016M   26140.47720818  .00000101  00000-0  13751-3 0  9996
2 62796  88.9732  86.5699 0012819 236.9611 123.0309 13.51012586 68724
ONEWEB-0709
1 55172U 23004AJ  26140.20343719  .00000492  00000-0  13512-2 0  9990
2 55172  87.8912  26.6466 0001006  78.1328 281.9912 13.11418566162202
COSMOS 617
1  6985U 73104A   26140.53400674 -.00000002  00000-0  76863-4 0  9992
2  6985  74.0294  76.2973 0095544 114.7999   0.1044 12.63531551417730
SUPERVIEW NEO-2 04
1 62080U 24218C   26140.46317015  .00000124  00000-0  89461-5 0  9993
2 62080  97.4396 148.1927 0001340 108.1490 251.9891 15.19719230 82237
ONEWEB-0436
1 51633U 22012M   26140.57145096 -.00000016  00000-0 -73586-4 0  9997
2 51633  87.9166  11.3350 0001737  76.8556 283.2769 13.17649283210043
ACCENTURE-1
1 66767U 25276DF  26140.15224574  .00002745  00000-0  13155-3 0  9993
2 66767  97.4167 214.2360 0001082  95.6474 264.4885 15.19749879 26175
KUIPER-00167
1 65780U 25217U   26140.56609776  .00000079  00000-0  39370-4 0  9994
2 65780  51.8964  87.6970 0000762  81.7918 278.3130 14.79931661 35488
ONEWEB-0146
1 47292U 20100AL  26140.58355195  .00000382  00000-0  10266-2 0  9991
2 47292  87.8963 356.1500 0002089  79.0748 281.0616 13.12441956261055
ONEWEB-0620
1 55161U 23004X   26140.44249681  .00000465  00000-0  12767-2 0  9998
2 55161  87.8908  26.5970 0001599  86.3202 273.8109 13.11415685162198
HMU-SAT2
1 67687U 98067YD  26140.18265322  .00038135  00000-0  50293-3 0  9998
2 67687  51.6303  74.8180 0010239  77.5521 282.6616 15.57964172 15839
OAO 3 (COPERNICUS)
1 06153U 72065A   26140.60089466  .00000148  00000-0  34676-4 0  9990
2 06153  35.0058 247.5907 0006411  23.3996 353.8147 14.60043971856719
SMDC ONE 1.2
1 38759U 12048B   26140.38466837  .00008894  00000-0  36508-3 0  9999
2 38759  64.6585 268.9076 0098478 186.1368 173.8561 15.20409932111925
COSMOS 1410
1 13589U 82096A   26140.48062769  .00000014  00000-0  26966-4 0  9994
2 13589  82.6064 129.1003 0006675  21.8175 133.1997 12.42351169980518
COSMOS 871
1  9588U 76118A   26140.34287321 -.00000017  00000-0 -36221-5 0  9995
2  9588  74.0282 107.9434 0029510  23.5908 127.7803 12.55775295266760
STRIX-3
1 59224U 24047A   26140.51331777  .00005231  00000-0  25365-3 0  9991
2 59224  97.6621 115.7942 0014185 150.8794 209.3234 15.18876055120548
ONEWEB-0712
1 54680U 22166AQ  26140.32111692  .00000055  00000-0  11034-3 0  9990
2 54680  87.9107 234.3065 0002047  87.5820 272.5545 13.16595767168390
ONEWEB-0167
1 48064U 21025Y   26140.47161545 -.00000238  00000-0 -68631-3 0  9990
2 48064  87.8942 325.7529 0001134  84.6317 275.4942 13.13470980249939
OKEAN 2
1 20510U 90018A   26140.34515161  .00003266  00000-0  16732-3 0  9994
2 20510  82.4988 261.0404 0007146  55.8158   2.1851 15.16237822949844
DEORBITSAIL
1 40719U 15032E   26140.34087007  .00005192  00000-0  38531-3 0  9994
2 40719  97.5928 357.7004 0012080 336.1974  23.8692 15.03432143587065
COSMOS 1067
1 11168U 78122A   26140.52677122  .00000044  00000-0  76079-4 0  9993
2 11168  82.9731 233.2094 0034745 254.7668 116.5697 13.20234098267454
COSMOS 2548
1 47230U 20091D   26140.55815692  .00000035  00000-0  17978-3 0  9995
2 47230  82.4987 318.8371 0014130 253.2258 106.7272 12.42929267247623
SKYMED 2
1 32376U 07059A   26140.48171921  .00000227  00000-0  35010-4 0  9992
2 32376  97.8884 324.4820 0001459  90.1560 269.9820 14.82160163997890
ONEWEB-0162
1 48056U 21025Q   26140.47738696 -.00000411  00000-0 -11615-2 0  9990
2 48056  87.8946 325.7438 0001906  94.5226 265.6121 13.13469866249907
COSMOS 504
1  6117U 72057A   26140.51034235  .00000001  00000-0  93594-4 0  9997
2  6117  74.0288  61.3220 0111464  28.5741 143.7519 12.63625187483101
COSMOS 1574
1 15055U 84062A   26140.35835825  .00000057  00000-0  43490-4 0  9994
2 15055  82.9554  98.7606 0028370 126.9173 344.3808 13.74556710101737
FLOCK 4Q 13
1 58328U 23174CA  26140.50869250  .00017733  00000-0  31363-3 0  9991
2 58328  97.4002 230.5418 0005301 234.8071 125.2684 15.50368622141380
POLYTECH UNIVERSE-5
1 61745U 24199L   26140.49312836  .00039024  00000-0  50933-3 0  9998
2 61745  97.2993  17.4332 0006153  36.8823 323.2855 15.58569149133366
COSMOS 983
1 10590U 78005H   26140.36202027 -.00000005  00000-0  71527-4 0  9992
2 10590  74.0333  17.2771 0046324  63.7008 296.8786 12.41510953191531
ONEWEB-0573
1 55152U 23004N   26140.49592899  .00000038  00000-0  62552-4 0  9990
2 55152  87.9165 340.9823 0001075 106.9757 253.1493 13.18686270166049
COSMOS 1192
1 11875U 80058A   26140.49643817  .00000000  00000-0  96386-4 0  9994
2 11875  74.0201  53.3328 0049691 163.3792   9.6554 12.57209870104827
COSMOS 1877
1 18336U 87074C   26140.50350566  .00000025  00000-0  77015-4 0  9991
2 18336  82.5623 315.4372 0002650  91.2663 294.8294 12.63665891784749
SJ-11-03
1 37730U 11030A   26140.54346111  .00000148  00000-0  36660-4 0  9991
2 37730  97.9328 105.5838 0009482 115.3064  20.6795 14.64302567793065
QIANFAN-104
1 66046U 25233P   26140.48726528  .00000129  00000-0  18167-3 0  9990
2 66046  89.0030  45.8932 0002177  75.6135 284.5258 13.51008150 29491
COSMOS 1473
1 14171U 83069A   26140.39162132 -.00000000  00000-0  96598-4 0  9992
2 14171  74.0279  26.7947 0044142 294.9909 181.4398 12.58766843970030
KUIPER-00133
1 65764U 25217C   26140.55803498  .00002066  00000-0  29986-3 0  9991
2 65764  51.9033  95.3431 0000639  71.1780 288.9252 14.79932843 35383
ION SCV-015
1 58469U 23185H   26140.52017874  .00004734  00000-0  15272-3 0  9996
2 58469  97.5753 228.5834 0009174 187.6179 172.4924 15.32624182136847
SHIYAN 6 (SY-6)
1 43711U 18094B   26140.48906810  .00003138  00000-0  11260-3 0  9995
2 43711  97.3604 154.8987 0011185 243.0151 116.9947 15.29394652417253
ESSA 8 (TOS-F)
1 03615U 68114A   26140.58643565 -.00000026  00000-0  11705-3 0  9996
2 03615 101.6992  90.1986 0032162  16.7871 343.4261 12.56249315633094
COSMOS 1383
1 13301U 82066A   26140.24158565  .00000052  00000-0  43415-4 0  9997
2 13301  82.9339  34.4973 0026791 337.8068 142.2247 13.68904909191882
MOMENTUS-X1
1 44408U 19038Y   26140.36951938  .00030859  00000-0  32546-3 0  9996
2 44408  97.6775 183.2600 0010012 116.6910 243.5374 15.64135968382202
COSMOS 2554
1 52202U 22036A   26140.55830884 -.00000051  00000-0  17701-4 0  9995
2 52202  67.1483 295.8491 0005833 258.4567 101.5863 13.96677933210096
LEMUR 2 GREENBERG
1 42837U 17042N   26140.37218599  .00012651  00000-0  43233-3 0  9998
2 42837  97.3813 321.1470 0010439 104.5052 255.7347 15.30372260484131
COSMOS 1875
1 18334U 87074A   26140.63855083  .00000022  00000-0  61013-4 0  9995
2 18334  82.5669 275.7324 0013608 168.4488 203.1567 12.66343633788581
NOAA 20
1 43013U 17073A   26140.44110773  .00000055  00000-0  46930-4 0  9995
2 43013  98.7764  80.1520 0001265  43.4537 316.6738 14.19505991440534
HULIANWANG DIGUI-79
1 65311U 25187G   26140.50456505 -.00000102  00000-0  48262-4 0  9992
2 65311  50.0048 305.4263 0000672  82.2836 277.8113 13.29318510 36014
COSMOS 394
1 04922U 71010A   26140.56063892  .00003397  00000-0  68488-4 0  9998
2 04922  65.8205   4.1455 0015919 239.5505 120.4074 15.48303725 53743
COSMOS 942
1 10288U 77079D   26140.34006859 -.00000010  00000-0  39263-4 0  9996
2 10288  74.0257 339.3992 0044820 192.0954 342.0077 12.42258624192889
RAPTOR1
1 58957U 24028C   26140.39493751 -.00000050  00000-0  30725-4 0  9991
2 58957  39.9885 171.6537 0011068  92.1790 268.0224 13.70597107113247
KUIPER-00438
1 68940U 26098X   26140.49130317 -.00080764  00000-0 -23837-2 0  9995
2 68940  51.8743 201.1365 0005999  52.4942 307.6588 15.34624259  3093
METEOR 2-13
1 16408U 85119A   26140.37122753 -.00000002  00000-0 -14925-4 0  9995
2 16408  82.5350 276.2806 0015661 194.0786 165.9940 13.85589357 42148
ONEWEB-0720
1 55835U 23029AR  26140.22294437 -.00000076  00000-0 -22173-3 0  9991
2 55835  87.9149 310.5536 0001618  83.5910 276.5407 13.19725578155157
METEOR M2-4
1 59051U 24039A   26140.53898488  .00000003  00000-0  20858-4 0  9994
2 59051  98.6996 100.1874 0005955 247.0139 113.0410 14.22426327115336
KUIPER-00504
1 68885U 26095X   26140.50003471  .00024549  00000-0  18070-2 0  9992
2 68885  51.8857  18.8679 0012178 229.9327 194.0174 15.03171667  3830
COSMOS 2012
1 19906U 89025E   26140.29062528 -.00000013  00000-0  18449-4 0  9991
2 19906  74.0108 334.4204 0010653 263.4000 269.8312 12.50245954695780
FUSE 1
1 25791U 99035A   26140.42546839  .00000319  00000-0  39152-4 0  9991
2 25791  24.9827 177.6386 0010238 152.8240 207.2805 14.44464498419941
STRELA 3
1 37153U 10043B   26140.49138546 -.00000121  00000-0 -97254-3 0  9996
2 37153  82.4562  95.6718 0008180 135.5621 224.6115 12.40790812710939
TOMORROW-S11
1 67399U 26004AN  26140.30165137  .00002527  00000-0  12306-3 0  9996
2 67399  97.4569 139.9072 0009344  84.3261 275.9039 15.19244648 19538
KANOPUS-V 6
1 43877U 18111B   26140.54655047  .00013407  00000-0  32920-3 0  9994
2 43877  97.3720  57.3401 0002750  79.8619 280.2938 15.40797703411262
IRIDIUM 146
1 43254U 18030F   26140.40564186  .00000103  00000-0  29801-4 0  9995
2 43254  86.3935 302.0390 0002080  89.5345 270.6089 14.34217357426152
RISAT-2BR1
1 44857U 19089F   26140.49137118  .00001878  00000-0  14831-3 0  9996
2 44857  36.9612 275.9494 0012983 306.0188  53.9351 15.01503665353038
SPACEEYE-T1
1 63229U 25052V   26140.45861661  .00003096  00000-0  13782-3 0  9998
2 63229  97.3978  33.4507 0003120 236.1354 123.9585 15.22211427 65628
COSMOS 2600
1 67674U 26023A   26140.47306122  .00049747  00000-0  23495-3 0  9998
2 67674  96.6408 213.7611 0011568 183.3260 176.7936 15.82822259 16404
ONEWEB-0497
1 54116U 22138D   26140.47725281  .00000068  00000-0  13806-3 0  9997
2 54116  87.9151 310.4871 0001744  90.7927 269.3406 13.19726167173154
ONEWEB-0249
1 48967U 21060A   26140.54199632  .00000153  00000-0  36711-3 0  9995
2 48967  87.9105 234.2666 0001891 102.2840 257.8502 13.16593628235970
HULIANWANG DIGUI-63
1 65169U 25174F   26140.50199797  .00000059  00000-0  10398-3 0  9994
2 65169  86.4949 261.3699 0002067  91.0384 269.0987 13.24400029 37124
COSMOS 1130
1 11538U 79084A   26140.61114941 -.00000017  00000-0 -43940-5 0  9991
2 11538  74.0233  96.7311 0052440 129.5717 342.6435 12.56270843139359
IRIDIUM 137
1 43076U 17083G   26140.51054426  .00000055  00000-0  12492-4 0  9991
2 43076  86.3960 333.7349 0001701  89.0851 271.0540 14.34218159440203
ONEWEB-0273
1 48991U 21060AA  26140.55228313  .00000095  00000-0  21421-3 0  9999
2 48991  87.9109 234.2701 0001874  99.2694 260.8649 13.16596134235953
KUIPER-00448
1 68871U 26095H   26140.38863925  .00020213  00000-0  54007-3 0  9996
2 68871  51.8843  16.7255 0003315 177.7837 182.3165 15.38065058  3458
ONEWEB-0258
1 48976U 21060K   26140.51743596 -.00000124  00000-0 -35681-3 0  9991
2 48976  87.9107 234.2761 0001946 101.9641 258.1708 13.16594323235957
KUIPER-00442
1 68943U 26098AA  26140.49612312 -.00009589  00000-0 -27280-3 0  9991
2 68943  51.8779 201.1746 0006355  49.2781 310.8755 15.34357385  3095
IRS P6
1 28051U 03046A   26140.58623512  .00000427  00000-0  15657-3 0  9994
2 28051  98.1919 178.4492 0065432  65.6202  85.2794 14.36152233176561
P 76-5
1  8860U 76047A   26140.55117561  .00000037  00000-0  97240-4 0  9996
2  8860  99.9073 353.1444 0042642  68.5441 320.5102 13.68294206492617
HULIANWANG DIGUI-28
1 63695U 25086J   26140.51755581  .00000047  00000-0  75093-4 0  9999
2 63695  86.4987 322.2811 0001476  79.8914 280.2387 13.24408196 51192
NEONSAT-1A
1 67614U 26019A   26140.57255646  .00001418  00000-0  95388-4 0  9996
2 67614  97.4237 261.6616 0011755 289.3675  70.6282 15.08252079 16657
IRIDE-MS2-HEO-13
1 68985U 26100F   26140.50537267  .00000809  00000-0  86040-4 0  9992
2 68985  97.7397  38.4754 0001580 164.8789 195.2477 14.91656645  2574
EDDA-1 300F
1 69018U 26100AQ  26140.51397066  .00001467  00000-0  70958-4 0  9994
2 69018  97.4073  38.8339 0006219 110.6070 249.5833 15.20145051  2610
ONEWEB-0117
1 47263U 20100F   26140.54795302 -.00000421  00000-0 -12050-2 0  9992
2 47263  87.8963 356.1456 0001795  84.3252 275.8081 13.12440898260909
ONEWEB-0513
1 54131U 22138U   26140.72791655  .00000059  00000-0  11406-3 0  9994
2 54131  87.9156 310.3953 0002313  69.6653 290.4728 13.20266993173093
SHIYAN 2 (SY-2)
1 28479U 04046A   26140.47505513  .00000510  00000-0  10073-3 0  9997
2 28479  98.0582 150.9999 0009324 356.9358   3.1787 14.66466068145747
KUIPER-00301
1 68598U 26072AB  26140.47123393  .00019499  00000-0  53041-3 0  9996
2 68598  51.8655 311.1314 0008877 283.8609  76.1390 15.37505218  7110
GONETS D1 1
1 23787U 96009A   26140.42361515  .00000002  00000-0 -46892-4 0  9997
2 23787  82.5751 316.6793 0012163 104.9932 278.9345 12.64106525395808
HULIANWANG DIGUI-04
1 62326U 24240D   26140.48356425  .00000027  00000-0  29070-4 0  9992
2 62326  86.4997 352.5331 0001376  81.1284 279.0006 13.24407722 68973
DRAGON CRS-34
1 69103U 26107A   26140.52007258  .00005164  00000-0  10084-3 0  9999
2 69103  51.6328  77.0641 0007497  79.3410 280.8422 15.49283153567513
RASSVET-3 2
1 68361U 26061B   26140.67789796  .00077400  95952-6  26418-3 0  9999
2 68361  82.2957  42.9727 0012207 194.4547 165.6378 15.89493963  9211
COSMOS 2144
1 21300U 91033B   26140.25920951  .00000010  00000-0 -36003-5 0  9997
2 21300  82.5783 347.2106 0005119 164.5630 195.5619 12.62391999612933
KOMPSAT 3
1 38338U 12025B   26140.52334936  .00000249  00000-0  58780-4 0  9990
2 38338  98.1156  98.4644 0004965 186.8031 173.3103 14.62178496747300
ONEWEB-0428
1 51629U 22012H   26140.44627293 -.00000542  00000-0 -15890-2 0  9998
2 51629  87.8856  41.7958 0001885  77.7695 282.3643 13.10374243205658
HULIANWANG DIGUI-41
1 65044U 25162B   26140.49171823 -.00000087  00000-0  80598-4 0  9993
2 65044  50.0024   5.2293 0000495  14.4660 345.6226 13.29323219 39670
COSMOS 2407
1 28380U 04028A   26140.60893551  .00000059  00000-0  45086-4 0  9996
2 28380  82.9591  95.2581 0038577 331.5713 202.1516 13.76332189 96083
LEMUR 2 ROUNDTRIPPER
1 62711U 25009DG  26140.20865638  .00004884  00000-0  36467-3 0  9997
2 62711  97.7244 222.9429 0002934 201.9231 158.1869 15.03289198 73428
CSS (MENGTIAN)
1 54216U 22143A   26140.45362132  .00012110  00000-0  14537-3 0  9997
2 54216  41.4675 130.6457 0007439 266.6271  93.3717 15.60697028289559
ROCK
1 60474U 24149G   26140.48813393  .00011048  00000-0  28996-3 0  9994
2 60474  97.3773 223.6755 0001592  46.0993 314.0384 15.38810018 98002
COSMOS 2123
1 21089U 91007A   26140.55267506  .00000048  00000-0  34010-4 0  9990
2 21089  82.9241 357.8217 0029723  26.3241   0.0814 13.74890387770122
KUIPER-00194
1 68577U 26072E   26140.50003471 -.00002465  00000-0 -18267-3 0  9999
2 68577  51.8931 313.7117 0004152 274.1025  53.4931 14.98402887  5795
CAPELLA-13 (ACADIA)
1 60419U 24142A   26140.48650041  .00002350  00000-0  28153-3 0  9996
2 60419  53.0031 178.4813 0001328  89.7851 270.3282 14.87640905 96281
ONEWEB-0248
1 48798U 21045AH  26140.57969211  .00000151  00000-0  36597-3 0  9991
2 48798  87.8999 264.6899 0001416  95.1847 264.9445 13.15546663240783
COSMOS 1931
1 18944U 88016H   26140.51486323 -.00000002  00000-0  83621-4 0  9991
2 18944  74.0088  41.9835 0039812  56.8318 117.4058 12.58576411754641
COSMOS 374
1 04594U 70089A   26140.30032722  .00000036  00000-0  49790-4 0  9990
2 04594  62.9299 190.4948 0977741  57.1037 312.0235 12.96819735665299
FLOCK 4BE 2
1 60511U 24149AV  26140.51312648  .00040523  00000-0  73201-3 0  9996
2 60511  97.3817 227.0868 0002872  58.0364 302.1166 15.49609632 98212
IRIDIUM 24
1 25105U 97082B   26140.34753380  .00000280  00000-0  78463-4 0  9997
2 25105  86.3874 297.2513 0012847  51.2238 309.0108 14.42501431491812
METEOR 1-12
1 06079U 72049A   26140.36898672  .00000019  00000-0  44444-5 0  9991
2 06079  81.2290  14.1776 0010393 186.0150 174.0895 14.03577421757208
CENTISPACE-2 S8
1 68357U 26060H   26140.27237411  .00000616  00000-0  12348-3 0  9997
2 68357  54.9841 149.7319 0014159  76.2536 284.0038 14.74302368  8657
SATELIOT_3
1 60552U 24149CN  26140.21456932  .00001455  00000-0  12841-3 0  9997
2 60552  97.6818 217.3450 0005714 163.6536 196.4871 14.97920957 95898
SPOT 3
1 22823U 93061A   26140.41000419  .00000054  00000-0  46360-4 0  9990
2 22823  98.8583 204.4035 0015959 325.6262  34.3881 14.20085504690633
SDA_1684
1 65994U 25230W   26140.51606557  .00000287  00000-0  26763-3 0  9997
2 65994  81.3019 237.7940 0000852 121.6422 238.4816 13.79513255 29950
IRIDIUM 126
1 42809U 17039G   26140.59007743  .00000107  00000-0  31126-4 0  9996
2 42809  86.3989   5.1810 0002363  87.4719 272.6748 14.34216727465999
NEE 01 PEGASUS
1 39151U 13018B   26140.32904150  .00001560  00000-0  15395-3 0  9997
2 39151  98.1188 283.5678 0011377 253.7412 106.2555 14.93503212706544
COSMOS 1709
1 16368U 85116A   26140.42211727  .00000040  00000-0  26564-4 0  9995
2 16368  82.9429 133.6844 0034286 199.5646 313.3622 13.74716137 27012
COSMOS 445
1  5548U 71086B   26140.23153019 -.00000013  00000-0  20047-4 0  9993
2  5548  74.0285 325.9012 0103543 282.8861 191.7840 12.58228175507703
NOAA 3
1 06920U 73086A   26140.27996964 -.00000044  00000-0  14824-4 0  9998
2 06920 102.2848 153.9492 0006586 172.9702 198.1948 12.40393502378445
COSMOS 592
1 06849U 73069E   26140.39275993 -.00000006  00000-0  57562-4 0  9998
2 06849  74.0030  11.6454 0098313  38.2483 322.5496 12.63908262428156
SJ-30C
1 66547U 25266C   26140.60941721  .00006464  00000-0  35105-3 0  9999
2 66547  51.7981 308.5821 0009749 166.0879 194.0367 15.15661018 27670
ONEWEB-0692
1 61600U 24188G   26140.44419498  .00000425  00000-0  11633-2 0  9999
2 61600  87.8909  26.6043 0001029  84.4342 275.6903 13.11415587 80831
ONEWEB-0176
1 48210U 21031A   26140.70046389 -.00000100  00000-0 -30511-3 0  9998
2 48210  87.8939 295.1816 0001714  96.4626 263.6699 13.14501652244705
ONEWEB-0699
1 61605U 24188M   26140.26867284  .00000284  00000-0  77597-3 0  9999
2 61605  87.8850  41.8234 0001214  71.2668 288.8591 13.10370282 79651
COSMOS 996
1 10744U 78031A   26140.36864281  .00000047  00000-0  31979-4 0  9990
2 10744  82.9242 119.2781 0037937 138.1868  16.1137 13.76734423418033
AIST 2
1 39133U 13015D   26140.53763339  .00003541  00000-0  14477-3 0  9990
2 39133  64.8699 347.7212 0020133 245.7466 114.1561 15.25956862719681
ORBCOMM FM 103
1 40091U 14040F   26140.50037781  .00000164  00000-0  71032-4 0  9995
2 40091  47.0049 223.9755 0001176 346.1872  13.8982 14.58805281613349
HAWK-10A
1 60540U 24149CA  26140.15289553  .00001359  00000-0  12498-3 0  9991
2 60540  97.6896 216.5469 0004322 145.6509 214.4993 14.96413105 95792
GLOBALSTAR M031
1 25946U 99058D   26140.56730110  .00000006  00000-0  98008-3 0  9997
2 25946  51.9961 239.8646 0001957 147.1721 226.3234 12.16052913205595
COSMOS 2517 (GEO-IK)
1 41579U 16034A   26140.49307251 -.00000008  00000-0  31300-4 0  9994
2 41579  99.1886 149.8034 0001123  87.4694 272.6590 13.85907828503799
NIGERIASAT 2
1 37789U 11044B   26140.52538132  .00000113  00000-0  26593-4 0  9990
2 37789  97.8767 118.6257 0029112 208.3796 299.3069 14.70489893786507
SKYSAT C3
1 41774U 16058E   26140.54607962  .00016238  00000-0  27826-3 0  9993
2 41774  96.9038 172.4772 0002794  85.9121 274.2452 15.51277467541829
YAOGAN-31 F
1 47536U 21007E   26140.54420009 -.00000077  00000-0  20553-4 0  9996
2 47536  63.4030 213.1841 0173650   0.5657 359.5535 13.45446150260497
ONEWEB-0673
1 55832U 23029AN  26140.74655603  .00000003  00000-0 -25672-4 0  9998
2 55832  87.9170 310.4368 0001823  86.9489 273.1852 13.19724107155284
COSMOS 413
1 05212U 71041C   26140.44573113 -.00000014  00000-0  12612-4 0  9996
2 05212  74.0145 304.0106 0021777 238.6701 149.9832 12.43853265499027
DMC 3-FM2
1 40716U 15032B   26140.47977913  .00000129  00000-0  20819-4 0  9995
2 40716  97.6546   8.2914 0006856 137.8517 222.3227 14.85708207585794
IRIDIUM 103
1 41918U 17003B   26140.31493459  .00000024  00000-0  14160-5 0  9998
2 41918  86.3945 100.1079 0002593  88.1989 271.9504 14.34217653489230
COSMOS 1771
1 16917U 86062A   26140.51581681 -.00000073  00000-0  13756-4 0  9991
2 16917  64.9838  63.8644 0064770 299.4431  60.0175 13.82647848  7952
EINSTEIN PROBE
1 58753U 24007A   26140.38836294  .00001829  00000-0  12571-3 0  9996
2 58753  28.9999  34.2481 0009563 282.4424  77.5104 15.01734452129386
ORBCOMM FM 16
1 25417U 98046E   26140.48144524  .00000626  00000-0  24200-3 0  9996
2 25417  44.9948   9.6319 0003596 192.0193 168.0570 14.40003714452850
ONEWEB-0324
1 49193U 21083H   26140.51616284  .00000025  00000-0  31918-4 0  9999
2 49193  87.9175 340.9555 0001711  91.6199 268.5129 13.18684972226351
NOAA 8
1 13923U 83022A   26140.42441763  .00000056  00000-0  39241-4 0  9991
2 13923  98.7325 153.4501 0014378 344.5999  15.4743 14.29790843247104
ONEWEB-0414
1 50491U 21132Y   26140.55156174 -.00000027  00000-0 -10121-3 0  9994
2 50491  87.9174 340.9366 0001999  85.7385 274.3975 13.18687032217985
GEESAT 1-07
1 52791U 22058G   26140.50063250  .00000901  00000-0  14266-3 0  9997
2 52791  49.9898 329.3656 0012515 350.1471   9.9219 14.81283504215826
IRIDIUM 172
1 43927U 19002F   26140.34271456  .00000134  00000-0  40746-4 0  9995
2 43927  86.3984   5.2126 0002262  88.9961 271.1494 14.34216477384972
UWE-4
1 43880U 18111E   26140.30392549  .00022718  00000-0  49462-3 0  9991
2 43880  97.5864  67.4508 0010336  72.5059 287.7318 15.44244642406478
ONEWEB-0522
1 54140U 22138AD  26140.46935558  .00000018  00000-0  12875-4 0  9994
2 54140  87.9157 310.4811 0001808  87.7094 272.4246 13.19726310173150
ESSAIM-4
1 28497U 04049F   26140.44446970  .00000746  00000-0  87729-4 0  9992
2 28497  98.2563  26.6009 0002100  67.8044 292.3393 14.88050992155334
COSMOS 1052
1 11129U 78109B   26140.54723678 -.00000011  00000-0  32458-4 0  9993
2 11129  74.0156 188.2783 0049619 192.2880 238.1696 12.53728263171851
COSMOS 2194
1 21983U 92030H   26140.41870752 -.00000006  00000-0  69237-4 0  9992
2 21983  74.0052  11.2547 0017013 315.1955 218.5546 12.48475400547848
GAOFEN 11 2
1 46396U 20064A   26140.54507182  .00003982  00000-0  17026-3 0  9996
2 46396  97.5109 266.5360 0018535  41.2804 318.9830 15.23282846317329
MATS
1 54227U 22147A   26140.39518255  .00001938  00000-0  14027-3 0  9995
2 54227  97.6833 142.1175 0010582 298.8722  61.1442 15.05164844193585
COSMOS 272
1 03818U 69024A   26140.47214090 -.00000242  00000-0 -56981-3 0  9993
2 03818  73.9903 298.1375 0018732 140.2038 244.7603 13.17949063750200
ZHUHAI-1 OVS-02
1 43440U 18040B   26140.53822194  .00004918  00000-0  20203-3 0  9997
2 43440  97.0404 159.4143 0003982  30.4565 329.6904 15.24610484448502
RAWHIDE-2
1 68632U 26074F   26140.40623198  .00006347  00000-0  26046-3 0  9991
2 68632  60.0316 284.6352 0023620   7.6064 352.5371 15.25156499  6547
KHALIFASAT
1 43676U 18084F   26140.53460041  .00000582  00000-0  50495-4 0  9995
2 43676  98.0726 321.8631 0006679 178.3366 181.7880 15.01163954411628
IRIDE-MS2-HEO-5
1 64571U 25135AV  26140.56186796  .00000878  00000-0  92529-4 0  9994
2 64571  97.7695 255.1242 0002413  80.0350 280.1141 14.91844392 49763
CO3D1
1 64903U 25156E   26140.50901976  .00002889  00000-0  13653-3 0  9999
2 64903  97.4329 219.4989 0000739 127.7795 232.3507 15.20200170 45321
COSMOS 2338
1 24726U 97006B   26140.65200025  .00000002  00000-0 -49253-4 0  9996
2 24726  82.5979 281.1228 0005806 145.7658 214.3808 12.61393323347005
KUIPER-00215
1 67779U 26030R   26140.50003471 -.01655761  00000-0 -90929-1 0  9993
2 67779  51.8914 234.3261 0010417 327.7642 225.2543 15.17104525  5572
MINXSS-2
1 43758U 18099A   26140.45236976  .00024549  00000-0  52282-3 0  9995
2 43758  97.4542 215.9660 0006697  16.9082 343.2388 15.44912684409843
HULIANWANG DIGUI-161
1 68135U 26047G   26140.44635842 -.00000112  00000-0  26956-4 0  9998
2 68135  50.0071 155.5582 0000221 332.1738  27.9122 13.29330812  9386
UNISAT
1 26547U 00057C   26140.45347843  .00002421  00000-0  15858-3 0  9996
2 26547  64.5430 201.9269 0041904 302.6144  57.0933 15.09643835392336
GONETS D1 5
1 24729U 97006E   26140.56752286  .00000036  00000-0  14018-3 0  9996
2 24729  82.5981 260.1615 0003302 323.2488  48.8724 12.62986791348973
QPS-SAR-14 YACHIHOKO-1
1 66316U 25252A   26140.68691713  .00002841  00000-0  24259-3 0  9992
2 66316  42.0049 282.9802 0005063  77.0916 283.0475 14.99438754 29383
HULIANWANG DIGUI-75
1 65307U 25187C   26140.51304869 -.00000098  00000-0  56967-4 0  9998
2 65307  50.0093 304.9118 0000663  78.7193 281.3753 13.29321977 36020
HULIANWANG DIGUI-98
1 66414U 25258C   26140.41407942 -.00000092  00000-0  68182-4 0  9998
2 66414  50.0065  35.4722 0001126  38.9210 321.1744 13.29319131 26031
QIANFAN-72
1 62802U 25016T   26140.51838718  .00000090  00000-0  12027-3 0  9990
2 62802  88.9710  86.6014 0016650 256.8812 103.0481 13.51011177 68668
HULIANWANG DIGUI-100
1 66416U 25258E   26140.70643522 -.00000089  00000-0  75461-4 0  9992
2 66416  50.0064  34.3536 0000908  46.6011 313.4937 13.29319056 26084
COSMOS 1830
1 17585U 87026D   26140.53410291  .00000034  00000-0  12705-3 0  9992
2 17585  82.5627 223.7391 0003787 294.6749  76.9555 12.63618848807156
ONEWEB-0529
1 54145U 22138AJ  26140.75208449  .00000050  00000-0  92641-4 0  9998
2 54145  87.9149 310.4445 0001668  85.7559 274.3765 13.19726032173201
OKEAN O
1 25860U 99039A   26140.43361304  .00000358  00000-0  53641-4 0  9997
2 25860  97.9333 199.5480 0001996  95.7484 264.3956 14.80429202445005
METEOR 1-21
1 07714U 75023A   26140.61047558 -.00000002  00000-0 -85041-5 0  9992
2 07714  81.1913 256.4336 0029454  74.0372 286.4039 14.08469134943659
TIGRISAT
1 40043U 14033AK  26140.35647585  .00001377  00000-0  16415-3 0  9996
2 40043  97.7801 291.0142 0049869 164.4218 195.8546 14.85027857641495
HAWK-13C
1 67393U 26004AG  26140.26381525  .00002887  00000-0  14164-3 0  9999
2 67393  97.4585 139.8611 0007339  79.0310 281.1749 15.18880221 19524
KUIPER-00023
1 63737U 25088P   26140.70401142  .00000852  00000-0  14077-3 0  9998
2 63737  51.8999 147.1000 0000633  73.5189 286.5843 14.79913002 58428
COSMOS 2135
1 21130U 91013A   26140.50892609  .00000068  00000-0  51537-4 0  9992
2 21130  82.8291 237.6205 0064321 279.7150  79.6747 13.78799476772200
YAOGAN 20B
1 40110U 14047B   26140.49059781 -.00000233  00000-0 -15237-3 0  9999
2 40110  63.3787  91.4338 0387710  14.5398 346.6414 13.45436318578552
KUIPER-00425
1 68934U 26098R   26140.52593447  .00008634  00000-0  29155-3 0  9993
2 68934  51.8724 201.3565 0017695  57.3865 302.8824 15.31347199  3095
SAUDICOMSAT 1
1 28369U 04025D   26140.44876587  .00000201  00000-0  57214-4 0  9997
2 28369  98.5779 149.8320 0033380 107.8947 252.5893 14.55448269160093
TOMORROW-S9
1 66309U 25248S   26140.40767836  .00002522  00000-0  12697-3 0  9998
2 66309  45.4039 270.6864 0004685 262.5005  97.5349 15.20244922 30288
HULIANWANG DIGUI-106
1 66916U 25285B   26140.57673529 -.00000083  00000-0  89315-4 0  9999
2 66916  50.0063 245.1851 0001102 193.5084 166.5759 13.29322516 22382
ONEWEB-0501
1 54119U 22138G   26140.18979138  .00000010  00000-0 -76597-5 0  9996
2 54119  87.9155 310.5464 0001724  81.9704 278.1625 13.19725263173116
YAOGAN-30 R
1 45460U 20021A   26140.12667663  .00001601  00000-0  12018-3 0  9997
2 45460  34.9961  21.8920 0002699 150.4547 209.6314 15.02559012336330
COSMOS 2015
1 19909U 89025H   26140.51322174 -.00000016  00000-0  32476-6 0  9996
2 19909  74.0087 181.1774 0026196 268.6592 161.2619 12.44066334687344
QIANFAN-95
1 66037U 25233E   26140.44614525  .00000136  00000-0  19160-3 0  9991
2 66037  89.0024  45.4609 0002095  68.6451 291.4923 13.51006065 29739
KUIPER-00437
1 68870U 26095G   26140.92281449  .00010022  00000-0  28197-3 0  9998
2 68870  51.8800  14.3010 0007700 192.0508 168.0296 15.37082874  3539
ONEWEB-0707
1 61612U 24188U   26140.42470651  .00000096  00000-0  23941-3 0  9998
2 61612  87.8856  41.7834 0001340  90.8486 269.2795 13.10370320 79680
ONEWEB-0503
1 54121U 22138J   26140.16451014 -.00000061  00000-0 -18574-3 0  9991
2 54121  87.9158 310.5455 0002080  92.0989 268.0382 13.19725651173126
DRAGON FREEDOM 3
1 67796U 26031A   26140.52007258  .00005164  00000-0  10084-3 0  9991
2 67796  51.6328  77.0641 0007497  79.3410 280.8422 15.49283153567317
ONEWEB-0719
1 55179U 23004AR  26140.39765055 -.00000016  00000-0 -74718-4 0  9999
2 55179  87.9165  11.3601 0002013  80.3969 279.7390 13.17649292163920
PICO-02A021
1 60538U 24149BY  26140.47303049  .00003090  00000-0  23433-3 0  9995
2 60538  97.6763 219.5522 0007358 107.1000 253.1032 15.02958507 95574
LEGION 5
1 62900U 25025A   26140.58583540  .00002864  00000-0  16128-3 0  9993
2 62900  45.0014  89.3915 0008555 342.4647  17.5935 15.15723286 70301
KAZEOSAT 2
1 40010U 14033A   26140.54462767 -.00000100  00000-0 -57875-5 0  9990
2 40010  97.5420 341.6148 0010006  56.0850 304.1316 14.85432896644857
ONEWEB-0623
1 55164U 23004AA  26140.37738494 -.00000004  00000-0 -43015-4 0  9991
2 55164  87.9155  11.4094 0002500  96.4576 263.6840 13.17650106163921
TOMORROW-S1
1 60479U 24149M   26140.45136858  .00005101  00000-0  16617-3 0  9990
2 60479  97.3748 221.0200 0002468  26.4179 333.7188 15.32286475 97846
FASAT B
1 25395U 98043B   26140.42817462  .00000036  00000-0  34205-4 0  9992
2 25395  98.9703 129.6187 0002819 167.4612 192.6638 14.26506053448882
COSMOS 2353
1 25364U 98036B   26140.36263553  .00000009  00000-0  14876-4 0  9991
2 25364  82.5918 357.6659 0355084 251.2551 104.9680 12.21843371245632
GJZ 01
1 62290U 24238A   26140.49878292 -.00000054  00000-0  67298-4 0  9996
2 62290  59.9153  10.4688 0014979 212.0959 147.9138 13.75216855 71798
SNAP-3 JIMI
1 40975U 15058M   26140.42733750  .00004032  00000-0  28502-3 0  9997
2 40975  64.7654 307.5824 0105140  66.9045 294.3113 15.01990881110051
FLOCK 4BE 36
1 60486U 24149U   26140.47734913  .00012686  00000-0  30175-3 0  9997
2 60486  97.3740 224.5940 0003494  35.2870 324.8608 15.41771907 98085
HULIANWANG DIGUI-124
1 67064U 25295F   26140.67440439 -.00000116  00000-0  16686-4 0  9996
2 67064  49.9976 124.0335 0000802 336.3481  23.7354 13.29325264 21841
RAISE 2
1 49397U 21102C   26140.56078792  .00004393  00000-0  20013-3 0  9993
2 49397  97.3269 174.3127 0009353  33.0553 327.1265 15.21144562249231
VELOX 1
1 40057U 14034E   26140.53343858  .00003401  00000-0  29658-3 0  9991
2 40057  98.2551  43.9706 0007479  15.1211 345.0231 14.97587915642461
LKW-4
1 43236U 18025A   26140.45251508  .00029703  00000-0  36886-3 0  9992
2 43236  97.6342 309.2062 0002797  64.9056 295.2490 15.59964022455703
OPS 2644
1  3673U 69010B   26140.49773447  .00000026  00000-0  10339-3 0  9990
2  3673  80.3944 192.9565 0026745 145.7319 280.3108 12.63657939639966
ONEWEB-0435
1 51632U 22012L   26140.47783388  .00000673  00000-0  18915-2 0  9997
2 51632  87.8855  41.7941 0001862  72.2199 287.9132 13.10373864205682
COSMOS 1727
1 16510U 86008A   26140.57274642  .00000063  00000-0  50886-4 0  9995
2 16510  82.9490 353.4149 0036871 310.7863  76.1754 13.74681997 21894
QIANFAN-100
1 66042U 25233K   26140.45844594  .00000141  00000-0  19912-3 0  9990
2 66042  89.0036  45.9145 0002233  69.3873 290.7517 13.51007980 29499
FLYING LAPTOP
1 42831U 17042G   26140.52073226  .00002249  00000-0  18044-3 0  9999
2 42831  97.4569 297.1422 0017940 215.0341 144.9705 15.00943366482308
QIANFAN-8
1 60386U 24140H   26140.50108140  .00000030  00000-0  26803-4 0  9992
2 60386  88.9715 282.7957 0018630  99.9252 260.4003 13.51004695 88787
COSMOS 839
1 09011U 76067A   26140.45618841 -.00000056  00000-0  23591-6 0  9995
2 09011  65.8549 317.4011 0709767 298.3620  54.7562 12.32895056256714
GLOBALSTAR M050
1 25908U 99049B   26140.61665370 -.00000164  00000-0 -85517-3 0  9994
2 25908  51.9994 270.6025 0008458 347.1179  26.5073 12.07466740188953
HBTSS-SV1
1 58960U 24028F   26140.61236620  .00002512  00000-0  24663-3 0  9997
2 58960  39.9882 276.0012 0011934 354.4296   5.6361 14.93621081103053
FALCONSAT-6
1 43815U 18099BK  26140.21594374  .00002439  00000-0  94224-4 0  9999
2 43815  97.3803 216.5246 0016549  46.5980  15.8081 15.27098302409469
COSMOS 842
1  9025U 76070A   26140.55769222  .00000046  00000-0  32976-4 0  9998
2  9025  82.9872  76.5781 0027332 344.8206 189.1335 13.74245688498292
QIANFAN-123
1 68650U 26075Q   26140.64009043 -.01875408  00000-0 -20731+1 0  9992
2 68650  88.9870 323.8417 0007474 120.1769 240.0138 13.76301741  6044
CHUANG XIN 19 (CX-19)
1 58505U 23190A   26140.53958094  .00000044  00000-0  53491-4 0  9998
2 58505  86.5038 342.1517 0001916 100.2065 259.9294 13.39550211120990
KUIPER-00049
1 64509U 25134K   26140.65625396 -.00000327  00000-0 -13875-4 0  9996
2 64509  51.9020 269.7965 0000179 160.4811 199.6159 14.79940622 50802
ICEYE-X55
1 64581U 25135BF  26140.52504644  .00002172  00000-0  20380-3 0  9991
2 64581  97.7710 255.5699 0004537  88.2949 271.8791 14.95021415 49782
COSMOS 2227
1 22284U 92093A   26140.55770395 -.00000275  00000-0 -11979-3 0  9991
2 22284  70.9786 241.0757 0021138 282.2502  77.6253 14.13773132722923
FASTSAT-HSV01 (USA 220)
1 37225U 10062D   26140.35556347  .00000243  00000-0  37774-4 0  9990
2 37225  71.9723 221.6141 0016753 187.3310 172.7612 14.82108542110005
ONEWEB-0664
1 55824U 23029AE  26140.61545197  .00000062  00000-0  12035-3 0  9993
2 55824  87.9160 279.9837 0002251  89.7739 270.3653 13.20771211157504
CHECKMATE 5
1 56163U 23050B   26140.59876283  .00000072  00000-0  54248-4 0  9998
2 56163  80.9995  98.0238 0007324  41.2769 318.8939 13.84979461158342
SSETI-EXPRESS
1 28894U 05043E   26140.32222151  .00000264  00000-0  58057-4 0  9995
2 28894  98.3039 280.0156 0016011  11.5251 348.6315 14.65343888 96196
ONEWEB-0049
1 45154U 20008Z   26140.42954773 -.00000179  00000-0 -54971-3 0  9991
2 45154  87.8850  41.8017 0002052  91.2002 268.9360 13.10370187304395
GLOBALSTAR M048
1 25872U 99041A   26140.56886917 -.00000046  00000-0  64586-3 0  9993
2 25872  51.9372 255.0737 0012997  52.3254 321.0294 11.33863850163257
MOZHAYETS 4
1 27939U 03042A   26140.50964274  .00000639  00000-0  10681-3 0  9996
2 27939  98.3465 324.0878 0011296   3.4893  80.9781 14.73412761211479
QUAKESAT
1 27845U 03031F   26140.49365416  .00000227  00000-0  11607-3 0  9993
2 27845  98.6633 149.6463 0007315 286.4468  73.5907 14.24924661187668
COSMOS 1924
1 18937U 88016A   26140.46614795 -.00000022  00000-0 -45994-4 0  9997
2 18937  74.0029 165.4364 0033819  78.6353 351.6220 12.44622240735222
USPWSA-DRAGOON
1 64542U 25135Q   26140.56866226  .00006329  00000-0  25395-3 0  9998
2 64542  97.4679 256.7807 0001327 261.7009  98.4078 15.25342412 50716
IRIDIUM 175
1 43928U 19002G   26140.34178677  .00000214  00000-0  57234-4 0  9996
2 43928  86.4487 302.1665 0002239 359.8560   0.2640 14.43595381394966
COSMOS 1803
1 17177U 86094A   26140.48406174  .00000020  00000-0  73635-4 0  9997
2 17177  82.6091  27.5797 0003919 129.1858  44.8187 12.41549135788510
FLOCK 4G 4
1 62659U 25009BC  26140.21931231  .00006534  00000-0  24025-3 0  9993
2 62659  97.3951 221.6906 0003874  79.4585 280.7091 15.28225175132236
KUIPER-00296
1 68595U 26072Y   26140.92345800  .00017559  00000-0  48062-3 0  9994
2 68595  51.8718 308.9311 0008213 278.7553  81.2503 15.37393674  7184
KUIPER-00499
1 68881U 26095T   26140.93852499  .00014401  00000-0  42236-3 0  9995
2 68881  51.8707  14.3888 0008238 198.3526 161.7164 15.35393500  3539
ZINYUAN-3
1 45939U 20051A   26140.49453812  .00003655  00000-0  16641-3 0  9997
2 45939  97.2841 209.1132 0005838  55.7163 304.4625 15.21283449323137
YUNYAO-1 48
1 63349U 25059F   26140.52738480  .00002213  00000-0  13595-3 0  9990
2 63349  97.6099 322.1882 0013957 253.1714 106.7985 15.11065041 64124
AUREOLE 2
1  7003U 73107A   26140.56037362  .00063025  28433-5  43623-3 0  9995
2  7003  73.8934 239.5052 0101593 186.0571 173.9433 15.67568151700135
COSMOS 2191
1 21980U 92030E   26140.43140116 -.00000025  00000-0 -67195-4 0  9998
2 21980  74.0002 131.2327 0018270 165.7520 268.1182 12.44572804542712
GOSAT-GW
1 64694U 25141A   26140.50847326  .00000368  00000-0  73290-4 0  9992
2 64694  98.0564  78.2767 0001438  84.9116 275.2253 14.67558634 47786
QIANFAN-98
1 66040U 25233H   26140.46253096  .00000140  00000-0  19756-3 0  9995
2 66040  89.0013  45.7202 0001878  82.7361 277.4004 13.51005449 29580
FLOCK 4G 13
1 62621U 25009N   26140.19576153  .00049864  00000-0  12169-2 0  9995
2 62621  97.3966 223.0400 0003405  86.8537 273.3098 15.40701123 74680
QIANFAN-78
1 63164U 25046F   26140.47957799  .00000028  00000-0  24577-4 0  9996
2 63164  88.9687 303.5366 0015909  37.7969 322.4296 13.51006436 68864
TOMORROW-S6
1 63225U 25052R   26140.16571825  .00002887  00000-0  12889-3 0  9996
2 63225  97.4039  33.4986 0003818 216.8977 143.1998 15.22159786 65580
DUMMY SAT
1 40073U 14037E   26140.49655370  .00000222  00000-0  34494-4 0  9995
2 40073  98.3709  89.9489 0006577  48.9327 311.2452 14.83022635641336
STARLETTE
1  7646U 75010A   26140.47506113 -.00000132  00000-0  81621-5 0  9996
2  7646  49.8251 213.9828 0205576 331.4870  27.4901 13.82350167590708
COSMOS 571
1  6682U 73037H   26140.42541131 -.00000013  00000-0  18420-4 0  9990
2  6682  74.0178 299.2171 0102457  68.5134 320.8204 12.65926227446788
HULIANWANG DIGUI-142
1 67440U 26007F   26140.47307412 -.00000086  00000-0  82932-4 0  9990
2 67440  50.0105 185.1410 0000812 265.3417  94.7363 13.29324998 17104
COSMOS 1589
1 15171U 84084A   26140.51170141  .00000010  00000-0  61880-6 0  9992
2 15171  82.5976 172.5862 0007352  92.3182  79.8505 12.42256187894426
ONEWEB-0700
1 61606U 24188N   26140.42304548  .00000182  00000-0  48615-3 0  9993
2 61606  87.8867  41.6968 0001229  90.7903 269.3365 13.10370119 79669
YAOGAN-31 J
1 47695U 21014E   26140.51698321 -.00000218  00000-0 -19603-3 0  9992
2 47695  63.4037 268.8113 0174739   0.8746 359.2553 13.45446457257000
SPARK 1
1 41900U 16081C   26140.38453717  .00000363  00000-0  86308-4 0  9992
2 41900  98.5483 134.0145 0024657  48.1140 312.2157 14.59751457500210
QIANKUN-1
1 57422U 23103B   26140.53526026  .00017989  18005-5  22246-4 0  9994
2 57422  96.1599 187.2982 0024164 130.8868 229.4516 16.07634173162858
ONEWEB-0688
1 61596U 24188C   26140.39089789 -.00000115  00000-0 -32996-3 0  9997
2 61596  87.9151  11.4049 0003057  91.7267 268.4214 13.17650320 82236
KUIPER-00010
1 63726U 25088C   26140.69448906  .00001137  00000-0  17806-3 0  9993
2 63726  51.9008 124.6972 0000507  54.5396 305.5614 14.79932861 58393
YAOGAN-40 01B
1 57832U 23139C   26140.52459568  .00000141  00000-0  66367-4 0  9998
2 57832  85.9892 272.3459 0001780  97.7285 262.4100 14.12441573138801
ONEWEB-0685
1 54679U 22166AP  26140.53922374  .00000108  00000-0  23095-3 0  9997
2 54679  87.9249 249.4834 0002133  94.1120 266.0258 13.21817988167766
COSMOS 1361
1 13164U 82040E   26140.76561178 -.00000003  00000-0  84256-4 0  9996
2 13164  74.0132  61.7964 0014640 215.5491 172.4165 12.48210457  6702
ONEWEB-0057
1 45160U 20008AF  26140.42982092 -.00000153  00000-0 -47526-3 0  9993
2 45160  87.8851  41.7974 0002381  84.2778 275.8621 13.10371112304713
OPS 7898 (P/L 3)
1  5681U 71110D   26140.49403056 -.00000019  00000-0  32584-4 0  9991
2  5681  69.9897  62.9980 0009729 220.0458 139.9920 13.74641302353018
LEMUR 2 STELLA
1 60533U 24149BT  26140.27677231  .00007502  00000-0  45138-3 0  9993
2 60533  97.6733 222.6250 0002230 114.9898 245.1563 15.11124819 96284
COSMOS 1867
1 18187U 87060A   26140.60798901 -.00000054  00000-0  17303-4 0  9997
2 18187  65.0092 105.2941 0015948 281.7715  78.1580 14.31512348 30238
TIANMU-1 20
1 58661U 23208B   26140.57498061  .00005639  00000-0  18324-3 0  9998
2 58661  97.4420 257.3551 0008307  69.6522 290.5612 15.32293413133195
HAWK-11C
1 62381U 24247E   26140.55392845  .00004862  00000-0  17486-3 0  9992
2 62381  45.0056  80.5059 0003846  43.8726 316.2463 15.29922300 78777
FLOCK 4G 17
1 62681U 25009CA  26140.65074003  .00007436  00000-0  26720-3 0  9997
2 62681  97.3925 222.1918 0006009  81.4564 278.7356 15.28921787132349
ONEWEB-0129
1 47275U 20100T   26140.56489257 -.00000321  00000-0 -92766-3 0  9998
2 47275  87.8962 356.1494 0000952 119.1253 240.9971 13.12443565261057
QIANFAN-17
1 60395U 24140S   26140.45171652  .00000077  00000-0  99528-4 0  9999
2 60395  88.9720 282.9825 0017005 107.0282 253.2734 13.51006034 89565
AE1C
1 62649U 25009AS  26140.20358981  .00025118  00000-0  55643-3 0  9995
2 62649  97.4026 227.2542 0002061  84.8001 275.3482 15.43761264 74967
COSMOS 1754
1 16764U 86042G   26140.64288355  .00000000  00000-0  10331-3 0  9999
2 16764  74.0179 264.2638 0020079  52.5190 322.5300 12.52610724651642
ONEWEB-0333
1 49199U 21083P   26140.48768062 -.00000119  00000-0 -36000-3 0  9995
2 49199  87.8937 325.7547 0001849  89.6584 270.4757 13.13470238227275
QIANFAN-106
1 66048U 25233R   26140.56544161  .00000132  00000-0  18603-3 0  9991
2 66048  89.0013  45.9463 0001909  80.0044 280.1323 13.51005232 29454
SPIP
1 58298U 23174AU  26140.50805985  .00003014  00000-0  11513-3 0  9994
2 58298  97.3843 217.2872 0007637 285.5975  74.4421 15.27390425140556
ONEWEB-0602
1 54666U 22166AA  26140.29427051  .00000048  00000-0  84271-4 0  9995
2 54666  87.9249 249.5518 0002039  92.4818 267.6550 13.21823662167861
R5-S4
1 60206U 24125D   26140.31894202  .00011663  00000-0  27227-3 0  9990
2 60206  97.2423 351.7236 0015526 337.4410  22.6153 15.42233210104839
MOS 1B (MOMO 1B)
1 20478U 90013A   26140.60886211  .00000129  00000-0  12732-3 0  9999
2 20478  99.2205 201.6927 0004428 258.8650 101.2014 13.96066342768188
ADRAS-J
1 58992U 24034A   26140.47561823  .00021486  00000-0  30004-3 0  9996
2 58992  98.2233 167.9393 0177864 209.9076 149.1915 15.40532446123310
HULIANWANG DIGUI-83
1 65818U 25220B   26140.50605060  .00000056  00000-0  96629-4 0  9991
2 65818  86.5006  53.2506 0001475  62.8216 297.3068 13.24405731 31254
KUIPER-00132
1 65763U 25217B   26140.34612490  .00031523  00000-0  73869-3 0  9996
2 65763  51.8569  15.0016 0005692 210.4107 149.6552 15.41797171 36478
NANOSAT 1B
1 35685U 09041E   26140.27549154  .00001210  00000-0  12010-3 0  9992
2 35685  98.1135 258.0918 0048206 255.9358 103.6499 14.92965663910256
FLOCK 4Q 28
1 58280U 23174AA  26140.49094689  .00021902  00000-0  35070-3 0  9994
2 58280  97.3882 230.8125 0004792 226.1994 133.8863 15.53121754141448
KSM1-C
1 46906U 20081B   26140.55731505  .00006420  00000-0  24563-3 0  9995
2 46906  36.8935 229.4592 0002336 310.1183  49.9362 15.26247592304941
LEMUR 2 JK0903EM1407
1 58336U 23174CJ  26140.72269184  .00019256  00000-0  34288-3 0  9995
2 58336  97.3899 230.4583 0005275 197.4027 162.7044 15.50157057141473
COSMOS 1016
1 10933U 78056D   26140.45247705 -.00000003  00000-0  90678-4 0  9997
2 10933  74.0264 205.4484 0016879  26.5463 345.0125 12.45303194179778
TSIKADA
1 23463U 95002A   26140.47085760  .00000056  00000-0  44379-4 0  9996
2 23463  82.9294  36.4180 0038002 214.9300 318.0517 13.72732237568504
IRIDIUM 118
1 42807U 17039E   26140.33637683  .00000115  00000-0  34051-4 0  9997
2 42807  86.3988   5.2784 0002243  86.8004 273.3448 14.34217757465959
QIANFAN-14
1 60392U 24140P   26140.53400544  .00000081  00000-0  10707-3 0  9996
2 60392  88.9683 282.7917 0018686 109.0167 251.3011 13.51008678 88719
ONEWEB-0658
1 55819U 23029Z   26140.47093726 -.00000009  00000-0 -54681-4 0  9994
2 55819  87.9154 310.4745 0001425  86.7846 273.3449 13.19726411155265
COSMOS 2482
1 39057U 13001A   26140.51210167  .00000041  00000-0  22558-3 0  9995
2 39057  82.4998 237.5713 0028733  86.4016 274.0349 12.42995312605279
COSMOS 1732
1 16593U 86015A   26140.56559245 -.00000018  00000-0 -74749-5 0  9995
2 16593  73.6116 342.3810 0026226 105.8786 254.5152 12.41025969824393
COSMOS 2285
1 23189U 94045A   26140.50885649 -.00000011  00000-0  12253-4 0  9993
2 23189  74.0269 159.1719 0024943 165.7209 357.4114 13.72523228592598
METEOR 2-14
1 16735U 86039A   26140.48776602  .00000044  00000-0  25849-4 0  9991
2 16735  82.5341 305.9327 0013267 282.9267  95.5887 13.85549088 20860
COSMOS 1718
1 16451U 86002C   26140.48477154 -.00000022  00000-0 -45013-4 0  9999
2 16451  73.9858 143.0034 0014060 281.8814 152.2308 12.45095516834427
ASTROCAST-01
1 43798U 18099AS  26140.15195458  .00025223  00000-0  49136-3 0  9999
2 43798  97.4381 217.8171 0003401 326.3048  33.7986 15.47532351410092
TIANQI-14
1 48864U 21055E   26140.48495529  .00004107  00000-0  22743-3 0  9995
2 48864  34.9992 250.1384 0004383  71.2612 288.8576 15.13287000269523
ONEWEB-0427
1 50499U 21132AG  26140.50604272  .00000061  00000-0  12263-3 0  9999
2 50499  87.9175 340.9425 0002002  93.2110 266.9252 13.18686750217965
COSMOS 2270
1 23001U 94011C   26140.44615666  .00000015  00000-0  26492-4 0  9995
2 23001  82.5730 331.5602 0006505 238.1214 139.8125 12.62934328487154
COSMOS 1230
1 12109U 80102C   26140.84516348 -.00000008  00000-0  48137-4 0  9992
2 12109  73.9953 353.8630 0041041  65.6058 314.4154 12.57924982 85003
BOTSAT-1
1 63216U 25052G   26140.50455757  .00006218  00000-0  23983-3 0  9998
2 63216  97.3911  34.6306 0001714 164.8435 195.2856 15.26660612 65738
COSMOS 2605
1 67679U 26023F   26140.21370683  .00007956  00000-0  32163-3 0  9996
2 67679  96.6234 207.4021 0018966 222.4657 137.5117 15.24786495 15733
KUIPER-00285
1 68589U 26072S   26140.51292763  .00016697  00000-0  44622-3 0  9991
2 68589  51.8746 310.6994 0006230 273.9328  86.0947 15.38187337  7126
ONEWEB-0060
1 45455U 20020AH  26140.40093677 -.00000513  00000-0 -14830-2 0  9995
2 45455  87.8916  26.5938 0002517  60.8430 299.2950 13.11415429298908
COSMOS 778
1 08419U 75103A   26140.46282229  .00000036  00000-0  22469-4 0  9992
2 08419  82.9725 314.4397 0020554 294.3868  97.4885 13.74848110534789
HAWK-12B
1 64622U 25138B   26140.42435834  .00002701  00000-0  13610-3 0  9999
2 64622  97.4467 143.9515 0011569 229.4371 130.5856 15.17969760 49650
IHOPSAT-TD
1 44859U 19089H   26140.47496794  .00001554  00000-0  94588-4 0  9993
2 44859  36.9664 205.4406 0004713   0.7408 359.3344 15.11657166353798
ONEWEB-0127
1 47273U 20100R   26140.33449918 -.00000133  00000-0 -40453-3 0  9998
2 47273  87.8953 356.2104 0001658  86.6493 273.4825 13.12442771261071
ELISA W23
1 38009U 11076C   26140.53225493  .00000703  00000-0  12921-3 0  9999
2 38009  97.8378 121.7741 0001442  44.5258 315.6063 14.68502616771273
SWIFT
1 28485U 04047A   26140.93955563  .00034428  00000-0  31874-3 0  9997
2 28485  20.5539  34.6393 0002921 303.2563  56.7603 15.65530973182582
COSMOS 2181
1 21902U 92012A   26140.48408147  .00000026  00000-0  12125-4 0  9990
2 21902  82.9422 328.3937 0029071 154.1599 234.0869 13.72569320712528
KUIPER-00115
1 65152U 25171W   26140.45085989 -.00000183  00000-0  49486-5 0  9995
2 65152  51.8991 210.7666 0000435  82.1152 277.9860 14.79928231 43375
ONEWEB-0223
1 48768U 21045B   26140.35628472  .00000044  00000-0  83374-4 0  9992
2 48768  87.8997 264.7348 0001507  92.1014 268.0289 13.15549458240744
CONNECTA IOT-13
1 67400U 26004AP  26140.44955337  .00009281  00000-0  46329-3 0  9999
2 67400  97.4565 139.8606 0010850  87.2443 273.0033 15.17664367 19543
XIWANG-5 02
1 67069U 25296A   26140.87317633  .00006526  00000-0  34310-3 0  9996
2 67069  41.3525 276.9354 0004429 297.9814  62.0558 15.16014438 24099
NAHLA
1 66764U 25276DC  26140.44160161  .00001740  00000-0  87022-4 0  9992
2 66764  97.4210 214.3928 0004416  79.5254 280.6478 15.18733288 26201
TIANMU-1 06
1 55976U 23039D   26140.49409458  .00011207  00000-0  22454-3 0  9996
2 55976  97.5219 313.6323 0002983 185.5664 174.5553 15.46903153176567
KUIPER-00274
1 67792U 26030AE  26140.67418626  .00001107  00000-0  18877-3 0  9998
2 67792  51.9016 244.3556 0003841 352.7130   7.3775 14.76341740 15980
ONEWEB-0407
1 50487U 21132U   26140.49760387  .00000042  00000-0  72889-4 0  9994
2 50487  87.9175 340.9582 0001722  81.9110 278.2217 13.18685539217914
GEESAT 5-11
1 65560U 25201L   26140.39777525  .00000774  00000-0  11888-3 0  9997
2 65560  49.9864 167.7781 0009098 237.6307 122.3751 14.84065397 37698
CTC-0
1 62401U 24247AA  26140.48984228  .00013671  00000-0  36113-3 0  9995
2 62401  44.9734  64.0464 0005722 117.7547 242.3920 15.38426378 78956
TIANQI-15
1 49027U 21065B   26140.35454833  .00003176  00000-0  19181-3 0  9994
2 49027  34.9996  27.2897 0005476 175.0356 185.0409 15.10243324265069
QIANFAN-24
1 61557U 24185F   26140.50020292  .00000458  00000-0  19288-3 0  9995
2 61557  88.9826  58.6158 0010610 129.4293 230.7841 14.24037189 92610
COSMOS 1292
1 12641U 81074F   26140.52105478 -.00000001  00000-0  10008-3 0  9993
2 12641  74.0346  63.2573 0008534 189.5053 343.2247 12.48740924 41626
ASTROCAST-0403
1 55111U 23001DG  26140.48431576  .00017582  00000-0  60287-3 0  9999
2 55111  97.5607 234.1295 0006102  82.4631 277.7302 15.30225531140323
ICEYE-X50
1 63255U 25052AX  26140.51951918  .00001412  00000-0  13368-3 0  9999
2 63255  97.6922  32.9446 0001101   8.9715 351.1526 14.95178296 64510
ONEWEB-0182
1 48228U 21031U   26140.17079984  .00000031  00000-0  48193-4 0  9992
2 48228  87.8935 295.2940 0002014 100.4665 259.6691 13.14504264244756
SHIYAN 30-03
1 68139U 26048A   26140.51916068  .00001067  00000-0  10666-3 0  9992
2 68139  35.0002  73.6612 0003855 117.2392 242.8706 14.91715323 10231
ONEWEB-0275
1 48993U 21060AC  26140.49052679  .00000168  00000-0  40516-3 0  9991
2 48993  87.9110 234.2743 0002049  97.6042 262.5322 13.16593101235911
COSMOS 2607
1 67681U 26023H   26140.22446380  .00006063  00000-0  24771-3 0  9992
2 67681  96.6311 207.4790 0020853 217.8562 142.1213 15.24483810 15730
COSMOS 2498
1 39763U 14028C   26140.44789174 -.00000078  00000-0 -63295-3 0  9995
2 39763  82.4432 126.2842 0022109 131.5259 228.7722 12.42979142544103
FLOCK 4H 9
1 66712U 25276AY  26140.42770734  .00004602  00000-0  21639-3 0  9997
2 66712  97.4220 214.6051 0004861  84.9482 275.2308 15.20059290 26212
COSMOS 2169
1 21783U 91077E   26140.47437595  .00000034  00000-0  12101-3 0  9997
2 21783  82.6050 226.2239 0018213  38.1399 322.0979 12.66314458595289
PROSPERO (BLACK ARROW)
1 05580U 71093A   26140.45722627  .00000491  00000-0  10319-3 0  9997
2 05580  82.0370 315.1767 0500468 306.7434  48.8751 14.01562213744643
ORBCOMM FM 3
1 25158U 98007B   26140.38705582  .00000628  00000-0  26158-3 0  9997
2 25158 107.9635 108.7630 0044412  16.0398 344.2138 14.35457367472419
SHIYAN 27A
1 63599U 25078A   26140.52839814 -.00000017  00000-0  37811-4 0  9990
2 63599  99.6900 148.1724 0001228  90.6941 269.4338 13.57247393 53788
AEROCUBE 8D
1 41852U 16067E   26140.38549334  .00005297  00000-0  22231-3 0  9998
2 41852  98.0712   8.4460 0002442 207.2452 152.8655 15.23962793521833
HULIANWANG DIGUI-138
1 67436U 26007B   26140.43130594 -.00000097  00000-0  59090-4 0  9997
2 67436  50.0044 185.5128 0000867 264.8455  95.2318 13.29323961 17090
HULIANWANG DIGUI-25
1 63692U 25086F   26140.49491264  .00000014  00000-0 -24432-5 0  9995
2 63692  86.5013 322.3691 0001599  79.3023 280.8291 13.24407544 51195
OSCAR 30
1 15935U 85066A   26140.37546800  .00000068  00000-0  10874-3 0  9991
2 15935  90.1551 102.3223 0167783 356.8740 155.4290 13.36106916985716
HULIANWANG DIGUI-21
1 63688U 25086B   26140.53270170  .00000059  00000-0  10272-3 0  9999
2 63688  86.5061 322.5034 0001613  75.5458 284.5855 13.24407436 51202
COSMOS 535
1 06270U 72087H   26140.38540606 -.00000006  00000-0  59120-4 0  9992
2 06270  74.0345 289.8640 0054004  63.9293 323.3763 12.59353578461536
COSMOS 514
1  6148U 72062A   26140.46576117  .00000043  00000-0  25161-4 0  9992
2  6148  82.9656 316.8034 0009049 220.7329 171.5620 13.82049846709710
LING QIAO
1 40136U 14051A   26140.49457495  .00000064  00000-0  42026-4 0  9993
2 40136  98.7055 142.2686 0019629 253.7332 106.1691 14.30265918611046
RASSVET-3 8
1 68367U 26061H   26140.70291894  .00101487  00000-0  39841-3 0  9997
2 68367  82.2958  43.0094 0010006 189.5714 170.5368 15.86552864  9210
HULIANWANG DIGUI-91
1 65999U 25231E   26140.62445221 -.00000097  00000-0  58702-4 0  9993
2 65999  50.0017 274.5091 0000945 133.5269 226.5682 13.29326176 29224
YAOGAN-36 05B
1 57454U 23106C   26140.53459257  .00004010  00000-0  19356-3 0  9992
2 57454  34.9949 253.0375 0015942 226.6845 133.2539 15.18012506156663
HULIANWANG DIGUI-12
1 62972U 25030B   26140.50237381 -.00000098  00000-0  55876-4 0  9991
2 62972  50.0037 335.2490 0001296  80.1281 279.9737 13.29321575 62175
TABLETSAT AURORA
1 40017U 14033H   26140.46398664  .00004394  00000-0  22464-3 0  9993
2 40017  98.0246 212.9537 0010310 314.3884  45.6502 15.17201030651002
ORBCOMM FM 10
1 25113U 97084B   26140.53096891  .00000506  00000-0  17777-3 0  9997
2 25113  45.0138 189.7016 0003441 161.1918 198.9061 14.46899019665356
GEESAT 5-01
1 65550U 25201A   26140.25563434  .00000762  00000-0  11735-3 0  9991
2 65550  49.9908 169.1810 0003854 296.3145  63.7397 14.84068359 37652
SPARK 2
1 41901U 16081D   26140.43018233  .00000342  00000-0  83099-4 0  9990
2 41901  98.5483 129.3814 0026353  51.9116 308.4453 14.59128823500076
EOS-6
1 54361U 22158A   26140.57217990  .00000171  00000-0  59044-4 0  9995
2 54361  98.3519 239.1352 0002118  77.9846 282.1583 14.47022569183847
QIANFAN-64
1 62794U 25016K   26140.45250992  .00000081  00000-0  10673-3 0  9990
2 62794  88.9716  86.5507 0011840 239.9144 120.0833 13.51010990 68691
PELICAN-5 300C
1 66667U 25276B   26140.20197640  .00007070  00000-0  25557-3 0  9996
2 66667  97.4141 215.2734 0004969  83.3848 276.7957 15.28750868 26242
ALSAT 1N
1 41789U 16059G   26140.46629375  .00000544  00000-0  99872-4 0  9997
2 41789  97.8005 145.0524 0024370 277.6395  82.2044 14.69257634515936
FLOCK 4BE 7
1 60481U 24149P   26140.20746990  .00016890  00000-0  43811-3 0  9993
2 60481  97.3755 223.0648 0002537  35.5680 324.5734 15.39069295 97942
CELTEE 1
1 41850U 16067C   26140.15450490  .00003565  00000-0  17225-3 0  9998
2 41850  98.0704   4.8110 0001439  56.1866 303.9504 15.19373973521629
SDA_1680
1 65990U 25230S   26140.55385369  .00000166  00000-0  13609-3 0  9993
2 65990  81.3017 237.2168 0002844 269.7568  90.3263 13.85226728 29997
COSMOS 1389
1 13376U 82073B   26140.28434337 -.00000026  00000-0 -59154-4 0  9995
2 13376  74.0116 140.3746 0042531 307.8715  63.1591 12.55404249  8652
OPS 6630 (2)
1  6938U 73088D   26140.50711575 -.00000032  00000-0 -81062-4 0  9994
2  6938  96.9431 220.0125 0027525  84.7509 286.9654 12.57204380409663
CLEMENTINE
1 25978U 99064B   26140.50531249  .00016744  00000-0  44010-3 0  9995
2 25978  98.1454 231.7018 0001815 207.5672 152.5475 15.38686239704292
TRANSAT
1 10457U 77106A   26140.54445736  .00000076  00000-0  10497-3 0  9996
2 10457  89.6485  72.9041 0027576  94.6854  79.0476 13.48967682388843
HBTSS-SV2
1 58955U 24028A   26140.38535579 -.00000001  00000-0  86161-4 0  9994
2 58955  39.9894 171.6289 0018717  79.7246 280.5609 13.70465580113250
COSMOS 1721
1 16454U 86002F   26140.52395529  .00000009  00000-0  16221-3 0  9993
2 16454  73.9895 236.4738 0036762 250.2732 121.0237 12.52385536845240
COSMOS 304
1  4138U 69091A   26140.39915440  .00000007  00000-0  95702-5 0  9994
2  4138  74.0385 283.3218 0013864 292.8326  67.1367 14.46470376983716
KSM1-B
1 46914U 20081K   26140.52273624  .00004712  00000-0  19334-3 0  9996
2 46914  36.9016 238.6951 0004916  38.2731 321.8366 15.24098489307963
TIANQI 25
1 59909U 24102A   26140.53558970  .00000066  00000-0  13338-3 0  9999
2 59909  44.9786  24.9900 0010560 106.2753 253.9242 13.99159638101038
KUIPER-00412
1 68927U 26098J   26140.47910390  .00012972  00000-0  37318-3 0  9999
2 68927  51.8770 201.0637 0002421  98.6608 261.4652 15.36119666  3099
SAUDISAT 1C
1 27607U 02058C   26140.50744277  .00000560  00000-0  83989-4 0  9998
2 27607  64.5520 214.6211 0075612 267.5410  91.7038 14.82981742260359
CARTOSAT 3
1 44804U 19081A   26140.49473127  .00005030  00000-0  24163-3 0  9996
2 44804  97.4316 202.8036 0011161 244.5728 115.4352 15.19237490359262
CHUANG XIN 20A (CX-20A)
1 58425U 23181A   26140.49610911 -.00000084  00000-0  79709-4 0  9992
2 58425  49.9593  68.2613 0012882 183.6163 176.4623 13.41494857122033
SECOR 13 (EGRS 13)
1  3891U 69037B   26140.46807095 -.00000029  00000-0  23561-4 0  9991
2  3891  99.6525  13.1536 0038997 320.4552 162.7666 13.42975979798032
HJS-4B
1 58692U 23212B   26140.50649824 -.00000117  00000-0  19264-4 0  9997
2 58692  49.9969  85.5192 0001286  11.0680 349.0226 13.41456753117533
DMSP 5D-2 F12 (USA 106)
1 23233U 94057A   26140.50774638 -.00000029  00000-0  72370-5 0  9997
2 23233  98.6706 191.4752 0010808 358.5465   1.5676 14.16068679638058
ORIGAMISAT-2
1 68795U 26088D   26140.63174084  .00002841  00000-0  18808-3 0  9998
2 68795  97.5048 290.6580 0016131 170.1097 190.0452 15.08026936  4147
ONEWEB-0317
1 49103U 21075AE  26140.30907975 -.00000298  00000-0 -86382-3 0  9996
2 49103  87.8962 356.2112 0001163  71.5713 288.5542 13.12440898231532
GLOBALSTAR M080
1 38041U 11080B   26140.30638264 -.00000117  00000-0 -75534-4 0  9990
2 38041  52.0044 103.8680 0000163 153.3877 352.7711 12.62268946665361
DUBAISAT 2
1 39419U 13066D   26140.57121147  .00003741  00000-0  23396-3 0  9994
2 39419  97.4566 131.4456 0012706 122.6014 237.6444 15.09955962682222
ONEWEB-0557
1 56058U 23043N   26140.71060975  .00000146  00000-0  34722-3 0  9996
2 56058  87.9109 234.2367 0003306 101.0544 259.0959 13.16596035155340
EAGLET 1
1 43790U 18099AJ  26140.40481636  .00002799  00000-0  16325-3 0  9992
2 43790  97.4249 190.8113 0012858  84.0425 276.2271 15.12699791408133
ONEWEB-0259
1 48977U 21060L   26140.51111440  .00000061  00000-0  12557-3 0  9994
2 48977  87.9108 234.2773 0001819 102.6691 257.4643 13.16592982235986
ONEWEB-0521
1 54139U 22138AC  26140.94478777  .00000050  00000-0  91403-4 0  9990
2 54139  87.9155 310.3841 0002073  94.8593 265.2776 13.19725869173174
COSMOS 980
1 10587U 78005E   26140.24807500  .00000002  00000-0  11585-3 0  9995
2 10587  74.0328  54.9688 0007447  86.0545  33.5296 12.48948338199262
OPS 6226
1  7816U 75043A   26140.33336772  .00000126  00000-0  71395-4 0  9996
2  7816  98.6123 346.9158 0050615 260.1066  99.4398 14.25241565355872
KUIPER-00046
1 64506U 25134G   26140.13358991  .00000983  00000-0  15782-3 0  9994
2 64506  51.8985 287.1146 0000489 124.5564 235.5445 14.79949515 50519
AC1-002
1 66745U 25276CH  26140.08692801  .00001491  00000-0  75995-4 0  9991
2 66745  97.4205 213.9496 0003849  90.6780 269.4895 15.18296691 26149
ONEWEB-0703
1 56724U 23068Q   26140.57335554  .00000173  00000-0  42655-3 0  9999
2 56724  87.8989 264.7067 0002067  74.9921 285.1438 13.15546621145627
PIAST-S2
1 66757U 25276CV  26140.27682901  .00004029  00000-0  18929-3 0  9998
2 66757  97.4218 214.4957 0002993  74.9045 285.2521 15.20169428 26199
ONEWEB-0713
1 55175U 23004AM  26140.19325518  .00000095  00000-0  23297-3 0  9999
2 55175  87.8916  26.6366 0002037  91.8815 268.2547 13.11418006162151
AISSAT 4
1 68454U 26067AQ  26140.61766045  .00004527  00000-0  22974-3 0  9991
2 68454  97.4566  99.4448 0006381 142.5809 217.5870 15.17400358  7754
LEMUR-2-FINNIAN
1 66782U 25276DX  26140.19953924  .00004106  00000-0  33470-3 0  9997
2 66782  97.5238 212.0980 0006778 181.6080 178.5123 14.99989618 15804
ONEWEB-0123
1 47269U 20100M   26140.30401021 -.00000198  00000-0 -58667-3 0  9990
2 47269  87.8954 356.2154 0001829  88.2537 271.8801 13.12440539261031
SEEDS
1 32791U 08021J   26140.44576194  .00012815  00000-0  42104-3 0  9997
2 32791  97.7526 137.0429 0004684  69.5978 290.5765 15.31697844983048
KUIPER-00512
1 68889U 26095AB  26140.50003471  .00049016  00000-0  15197-2 0  9999
2 68889  51.8813  16.2782 0004750 182.4647  20.6784 15.32926688  4552
COSMOS 2154
1 21666U 91059A   26140.41604381  .00000030  00000-0  16504-4 0  9998
2 21666  82.9041 130.0163 0023695 291.2815 221.3403 13.73536913741024
HULIANWANG DIGUI-155
1 68129U 26047A   26140.48812564 -.00000112  00000-0  25975-4 0  9993
2 68129  50.0008 155.7319 0000169 340.3188  19.7678 13.29330031  9388
COSMOS 1635
1 15617U 85023A   26140.39160803 -.00000004  00000-0  82758-4 0  9990
2 15617  74.0549 293.6031 0024594 200.4191 185.6387 12.43257389868268
USA 119
1 23893U 96029A   26140.33054044  .00000504  00000-0  10373-3 0  9993
2 23893  63.3194 264.9987 0849694  48.7559 318.3577 13.46168845101525
COSMOS 2218
1 22207U 92073A   26140.16686634  .00000043  00000-0  29985-4 0  9991
2 22207  82.9199 156.3047 0034049  79.4275 351.4344 13.73090636681099
RASSVET-3 5
1 68364U 26061E   26140.21870654  .00027815  00000-0  31607-3 0  9991
2 68364  82.2970  44.2715 0002206 144.5395 215.6009 15.62163755  9093
TIANMU-1 05
1 55975U 23039C   26140.53661946  .00010949  00000-0  22361-3 0  9991
2 55975  97.5213 313.0679 0002537 190.2590 169.8608 15.46353262176540
GEESAT 6-10
1 65722U 25214L   26140.23948808  .00000909  00000-0  13739-3 0  9995
2 65722  49.9900  78.1922 0011569 125.2081 234.9942 14.83262528 35355
HULIANWANG DIGUI-88
1 65996U 25231B   26140.73297380 -.00000152  00000-0 -61110-4 0  9993
2 65996  49.9993 274.3662 0000961 131.2872 228.8083 13.29327865 29233
QIANFAN-133
1 69079U 26104G   26140.61746336 -.02114383  00000-0 -11084+1 0  9991
2 69079  88.9859 344.7746 0008374 181.6118 178.5046 14.18560758  1178
IRIDIUM 179
1 56730U 23068W   26140.45444941  .00000789  00000-0  10046-3 0  9996
2 56730  86.6795  45.8439 0002454  81.6757 278.4743 14.80230873162264
NEXTSAT-2
1 56743U 23072A   26140.52688836  .00004708  00000-0  17826-3 0  9994
2 56743  97.5263 337.2673 0007257 113.4448 246.7554 15.27403837165371
ICEYE-X72
1 68504U 26067CS  26140.34319794  .00001409  00000-0  14469-3 0  9998
2 68504  97.7612  99.0516 0003645  76.8106 283.3519 14.91939224  7577
KUIPER-00250
1 67155U 25301Y   26140.60674860  .00001629  00000-0  24277-3 0  9998
2 67155  51.8982 112.5841 0000751  60.8389 299.2648 14.79920541 24343
IOD2_STARTICAL
1 64538U 25135L   26140.27441094  .00002669  00000-0  12667-3 0  9994
2 64538  97.4676 255.1476 0003043 274.7205  85.3682 15.20129795 50585
SENTINEL-6B
1 66514U 25264A   26140.52501860 -.00000064  00000-0 -11771-4 0  9994
2 66514  66.0399 192.6335 0008038 269.3095  90.6999 12.80931167 23622
KUIPER-00478
1 68875U 26095M   26140.73254204 -.00070333  00000-0 -19519-2 0  9991
2 68875  51.8767  15.2707 0012246 200.8092 159.2398 15.36410575  3500
ONEWEB-0140
1 47286U 20100AE  26140.29553434  .00000147  00000-0  37446-3 0  9997
2 47286  87.8964 356.1881 0001867  79.9983 280.1356 13.12440390261034
ONEWEB-0233
1 48795U 21045AE  26140.63817155  .00000220  00000-0  54994-3 0  9992
2 48795  87.8987 264.7255 0001578  96.0218 264.1092 13.15551170240672
RE
1 38765U 12048H   26140.33779906  .00009541  00000-0  39204-3 0  9991
2 38765  64.6568 274.3489 0098599 185.7103 174.2908 15.20301186111166
HAIYANG 4A
1 61936U 24208A   26140.48276814  .00000267  00000-0  48986-4 0  9998
2 61936  98.0035 148.6194 0000479 108.5904 251.5356 14.73307343 81362
SDS-1
1 33497U 09002F   26140.33094582  .00000359  00000-0  61927-4 0  9990
2 33497  98.1941  39.2259 0002651  44.4582 315.6838 14.74482736929450
ONEWEB-0694
1 56722U 23068N   26140.54752850  .00000103  00000-0  23540-3 0  9991
2 56722  87.9118 234.2421 0002219 113.3559 246.7805 13.16592917148130
ZHUHAI-1 03B
1 44536U 19060C   26140.48147634  .00021143  00000-0  34684-3 0  9997
2 44536  97.5511 296.7920 0009282  64.6699 295.5514 15.52420637372028
FLOCK 4H 1
1 66704U 25276AQ  26140.27499600  .00004300  00000-0  20157-3 0  9990
2 66704  97.4181 214.4078 0003446  76.5606 283.6013 15.20210219 26192
GAOFEN 9 04
1 46025U 20054A   26140.54122483  .00011747  00000-0  33034-3 0  9996
2 46025  97.2434 209.9158 0010706 182.1913 177.9286 15.36593710322110
NOAA 14
1 23455U 94089A   26140.47108406  .00000016  00000-0  29912-4 0  9996
2 23455  98.5110 111.3265 0009838 156.7847 203.3774 14.14668546619287
ONEWEB-0145
1 47291U 20100AK  26140.12951464  .00000484  00000-0  13103-2 0  9997
2 47291  87.8955 356.2504 0001705  86.5595 273.5729 13.12441812261082
ONEWEB-0047
1 45152U 20008X   26140.43134065 -.00000240  00000-0 -72302-3 0  9991
2 45152  87.8854  41.7893 0001710  74.4529 285.6787 13.10370405304566
ONEWEB-0110
1 47260U 20100C   26140.57168925  .00000201  00000-0  52393-3 0  9996
2 47260  87.8963 356.1339 0001822  77.0429 283.0903 13.12443022261101
ONEWEB-0348
1 49213U 21083AD  26140.61376382  .00000053  00000-0  98502-4 0  9998
2 49213  87.9174 279.9387 0002231 110.6282 249.5091 13.20770662233170
HULIANWANG DIGUI-131
1 67239U 25311D   26140.51235775 -.00000089  00000-0  75925-4 0  9997
2 67239  50.0043 215.3321 0000997 231.1893 128.8890 13.29321997 19653
COSMOS 1252
1 12322U 81022C   26140.53013031 -.00000020  00000-0 -20679-4 0  9994
2 12322  74.0278 171.4720 0035441 270.0395 162.2744 12.54810909 70681
KOSEN-1
1 49402U 21102H   26140.54669080  .00004920  00000-0  19142-3 0  9991
2 49402  97.3202 183.2465 0012110 309.6347  50.3822 15.26409615249802
GONETS M 12 (M22)
1 40553U 15020B   26140.53248037  .00000163  00000-0  11065-2 0  9995
2 40553  82.4921  49.3385 0016329  48.7307 311.5176 12.42890568505297
GEESAT 2-08
1 58912U 24023H   26140.48161750  .00000978  00000-0  14596-3 0  9993
2 58912  49.9886 121.5542 0004249 246.6490 113.4001 14.83147740124805
COSMOS 594
1 06851U 73069G   26140.47620885 -.00000016  00000-0  19614-5 0  9992
2 06851  74.0006 315.6972 0067089  29.0411 359.8666 12.57650628416162
COSMOS 2126
1 21101U 91009B   26140.34195036 -.00000020  00000-0 -29612-4 0  9996
2 21101  74.0274 121.7352 0018413 106.3757 253.9317 12.46067398604240
COSMOS 1375
1 13259U 82055A   26140.33253112  .00000150  00000-0  20556-3 0  9990
2 13259  65.8295 114.5395 0023745 211.2681 148.6975 13.84925767210226
COSMOS 678
1 07436U 74072B   26140.42570787 -.00000003  00000-0  90065-4 0  9991
2 07436  74.0380  29.4213 0041294  50.2054  61.0079 12.41799784342151
LEMUR 2 NIMBUS2000
1 58899U 24022A   26140.38965156  .00012262  00000-0  31902-3 0  9996
2 58899  97.4134 350.0589 0008308 207.9104 152.1696 15.39022867127992
QIANFAN-20
1 61553U 24185B   26140.48979688  .00000257  00000-0  14060-3 0  9990
2 61553  88.9845  60.2168 0004897 174.9349 185.1885 14.08998970 91845
ORBCOMM FM 23
1 25477U 98053C   26140.25101695  .00000412  00000-0  18025-3 0  9998
2 25477  45.0069 113.7653 0000421  26.9965 333.0906 14.38411970445916
DMC 3-FM3
1 40717U 15032C   26140.57026848 -.00000173  00000-0 -13976-4 0  9996
2 40717  97.6597  10.1137 0006031 136.7260 223.4431 14.85695915585811
GAOFEN 12 04
1 57654U 23123A   26140.55669620  .00000608  00000-0  86920-4 0  9993
2 57654  97.9131  58.9712 0001623  93.6231 266.5166 14.80167750148540
HULIANWANG DIGUI-112
1 66922U 25285H   26140.60178206 -.00000088  00000-0  78301-4 0  9990
2 66922  50.0085 244.6889 0001058 195.4802 164.6038 13.29324877 22399
SKYSAT C11
1 42987U 17068A   26140.35968825  .00019774  00000-0  28193-3 0  9995
2 42987  97.4331 288.0178 0001652 112.2847 247.8583 15.56345995478910
IRIDIUM 147
1 43480U 18047E   26140.61937798  .00000060  00000-0  14467-4 0  9994
2 43480  86.3941  99.8630 0002218  84.1326 276.0122 14.34217590418531
COSMOS 1302
1 12791U 81084A   26140.42279700  .00000074  00000-0  35134-4 0  9996
2 12791  74.0267 282.0698 0017417  83.4128 276.9006 14.35048766338748
LEO 3
1 57392U 23100G   26140.62264643 -.00000048  00000-0 -40940-5 0  9994
2 57392  99.5606 265.2054 0019113  87.4494 272.8839 13.68419793141879
COSMOS 978
1 10585U 78005C   26140.34980060 -.00000020  00000-0 -21592-4 0  9999
2 10585  74.0282 118.4460 0029652 270.2439 197.7314 12.55700863205768
SERVIS 2
1 36588U 10023A   26140.46083586 -.00000034  00000-0  28065-4 0  9992
2 36588 100.4285 328.5755 0017061 340.2427  47.0797 13.16051538767124
ICEYE-X37
1 59102U 24043E   26140.34110205  .00002585  00000-0  18209-3 0  9992
2 59102  97.8274 276.9162 0016586 104.0043 256.3028 15.05849263120896
ONEWEB-0015
1 61594U 24188A   26140.38484061 -.00000035  00000-0 -13434-3 0  9993
2 61594  87.8909  26.6243 0002356  87.6796 272.4602 13.11413710 80812
COSMOS 2535
1 44421U 19039A   26140.50964106  .00000622  00000-0  66836-4 0  9994
2 44421  97.5777 169.7318 0006965 312.6331  47.4301 14.91878917372511
GEESAT 2-05
1 58909U 24023E   26140.53442635  .00000885  00000-0  13482-3 0  9999
2 58909  50.0038 122.3857 0011459 317.3352  42.6695 14.83149774124817
STRIX 2
1 62406U 24248A   26140.54915302  .00004533  00000-0  29344-3 0  9990
2 62406  97.6286  96.3618 0017809  71.2669 289.0490 15.08536339 77422
COSMOS 2573
1 58614U 23201A   26140.55495428  .00002328  00000-0  97270-4 0  9991
2 58614  97.6265  89.4930 0002970 103.5858 256.5710 15.24668628134273
YINHE-1
1 45024U 20004A   26140.46633112  .00000520  00000-0  66518-4 0  9997
2 45024  86.3918 127.9943 0015928  95.6929 264.6108 14.79096537341828
COSMOS 1320
1 12975U 81116A   26140.57329000 -.00000014  00000-0  10254-4 0  9992
2 12975  73.9812  95.4564 0097008 315.7474 163.0116 12.28045216993778
COSMOS 1359
1 13162U 82040C   26140.61310934  .00000000  00000-0  99560-4 0  9990
2 13162  74.0115 268.8887 0030973   8.0508   3.7750 12.52041546 14134
GOKTURK-1A
1 41875U 16073A   26140.54191203  .00000218  00000-0  51894-4 0  9992
2 41875  98.1278  35.6459 0001484  81.8767 278.2603 14.62751347504780
ONEWEB-0550
1 56052U 23043G   26140.59958821  .00000031  00000-0  44715-4 0  9999
2 56052  87.9256 249.4676 0002152  96.2401 263.8978 13.21824190154584
YAOGAN-39 04B
1 58143U 23163C   26140.49714572  .00002807  00000-0  13879-3 0  9996
2 58143  34.9925 181.5395 0002984 352.6512   7.4157 15.17428816143100
OSCAR 14 (UOSAT 3)
1 20437U 90005B   26140.41178549  .00000041  00000-0  31792-4 0  9993
2 20437  98.8050 189.2107 0010109 352.0116  20.1150 14.33259947897612
ONEWEB-0373
1 49299U 21090W   26140.30905640  .00000024  00000-0  26639-4 0  9991
2 49299  87.9170 280.0019 0001928 101.5412 258.5938 13.20772151227348
FORMOSAT7-2/COSMIC2-2
1 44351U 19036N   26140.55269196  .00001758  00000-0  12550-3 0  9999
2 44351  23.9993 335.0993 0000396 208.3481 151.6999 14.96369252379444
KINEIS-1B
1 60079U 24114A   26140.47882860  .00000521  00000-0  74850-4 0  9996
2 60079  97.9845 164.7975 0002845 152.8707 207.2654 14.80572609103309
GLOBALSTAR M088
1 37740U 11033B   26140.34101699 -.00000089  00000-0  82214-4 0  9994
2 37740  52.0237   3.6844 0000867  84.2736  87.9573 12.62267999684974
YAOGAN-31 B
1 43276U 18034B   26140.56432392 -.00000042  00000-0  65213-4 0  9993
2 43276  63.3922 162.3621 0273014   7.2651 353.2208 13.45454653398506
QIANFAN-1
1 60379U 24140A   26140.48479347  .00000066  00000-0  82583-4 0  9997
2 60379  88.9708 282.8056 0019506 115.1456 245.1721 13.51009905 88788
JILIN-01-07
1 43159U 18008E   26140.50847397  .00006073  00000-0  18547-3 0  9999
2 43159  97.1785 161.1840 0009433 146.6624 213.5215 15.34211533460759
KAZSTSAT
1 43783U 18099AB  26140.34356172  .00000373  00000-0  34608-4 0  9994
2 43783  97.4288 173.5394 0005959 142.4332 217.7309 14.99794782407138
RUBIN 9.1/RUBIN 9.2/PSLV
1 35936U 09051F   26140.51479625  .00000111  00000-0  44697-4 0  9990
2 35936  98.3069  64.3562 0054220 143.0849 217.4093 14.43545839876543
RADIO 4
1 13000U 81120D   26140.61399449 -.00000061  00000-0 -80332-3 0  9992
2 13000  82.9615  75.4498 0016824 227.2348 307.2670 12.06923627956826
YAOGAN-31 A
1 43275U 18034A   26140.56321707 -.00000066  00000-0  32731-4 0  9994
2 43275  63.3920 162.3595 0272996   7.3096 353.1786 13.45458930398383
JILIN-01-08
1 43160U 18008F   26140.49168978  .00005757  00000-0  18107-3 0  9990
2 43160  97.1815 160.5112 0006832 156.5283 203.6272 15.33319301460700
ORSTED
1 25635U 99008B   26140.47389410  .00000293  00000-0  73045-4 0  9993
2 25635  96.4837  54.2817 0130098 275.6156  83.0220 14.51782476437947
ICEYE-X73
1 68496U 26067CJ  26140.60562271  .00001299  00000-0  13344-3 0  9995
2 68496  97.7596  99.3140 0003228  62.2634 297.8912 14.92066981  7610
ONEWEB-0375
1 49301U 21090Y   26140.82759332 -.00000012  00000-0 -61171-4 0  9996
2 49301  87.9170 279.8895 0002467 101.3234 258.8177 13.20771058226914
ONEWEB-0289
1 49079U 21075E   26140.33674798  .00000006  00000-0 -18772-4 0  9990
2 49079  87.9163  11.4196 0001425  85.7321 274.3973 13.17650550230536
MCUBED-2
1 39469U 13072H   26140.33979445  .00006773  00000-0  27385-3 0  9992
2 39469 120.4895 244.6206 0141098 349.0243  10.7768 15.17605480113601
QIANFAN-3
1 60381U 24140C   26140.44765860  .00000068  00000-0  86960-4 0  9999
2 60381  88.9687 282.7477 0015951 101.8414 258.4527 13.51006138 88741
MOZ.5/SAFIR/RUBIN 5/SL-8
1 28898U 05043G   26140.36793338  .00000339  00000-0  73563-4 0  9995
2 28898  98.3502 284.3994 0019584  69.4194 290.9107 14.64357580719180
COSMOS 2366
1 25892U 99045A   26140.43325478  .00000024  00000-0  90398-5 0  9992
2 25892  82.9273 144.8095 0033067  76.2910  78.8275 13.74691793341133
YAOGAN 17C
1 39241U 13046C   26140.52411432 -.00000166  00000-0 -73113-4 0  9992
2 39241  63.3842 161.0104 0424852  11.3508 349.6741 13.45475000624659
YUNHAI 2-1E
1 43913U 18112E   26140.52886323 -.00000037  00000-0  48884-4 0  9990
2 43913  50.0072 284.1538 0004996 265.9285  94.1059 14.28999094385203
HULIANWANG DIGUI-162
1 68136U 26047H   26140.35450033 -.00000115  00000-0  18952-4 0  9996
2 68136  50.0040 155.7235 0000132 329.9482  30.1382 13.29327078  9363
HONGYAN 1
1 43914U 18112F   26140.57365880 -.00000120  00000-0  14941-4 0  9996
2 43914  50.0092 338.5783 0006620 172.5182 187.5796 13.43819050362824
LIDE
1 64869U 25154A   26140.40237190  .00002160  00000-0  20704-3 0  9994
2 64869  97.6736 204.8622 0004408 341.5962  18.5099 14.94157930 44859
KUIPER-00434
1 68938U 26098V   26140.49811586  .00009931  00000-0  30227-3 0  9993
2 68938  51.8731 201.1773 0008031  41.3969 318.7623 15.34608020  3097
ONEWEB-0661
1 55821U 23029AB  26140.68301258 -.00000356  00000-0 -99368-3 0  9997
2 55821  87.8934 295.2309 0001915  87.4300 272.7049 13.14502736155778
HULIANWANG DIGUI-76
1 65308U 25187D   26140.49646524 -.00000094  00000-0  64391-4 0  9999
2 65308  50.0018 305.3215 0000575  75.5494 284.5442 13.29322640 36019
VIREON-1
1 68434U 26067U   26140.57994816  .00002601  00000-0  12975-3 0  9994
2 68434  97.4573  99.4963 0003570  81.0024 279.1614 15.18404994  7756
COSMOS 2549
1 47546U 21008A   26140.54083169 -.00000060  00000-0  10987-4 0  9992
2 47546  67.1511  52.2976 0005759 263.6263  96.4166 13.97019990269977
ONEWEB-0409
1 50488U 21132V   26140.17629074 -.00000487  00000-0 -14113-2 0  9996
2 50488  87.8922  26.6257 0001862  90.1347 269.9994 13.11418112211917
KUIPER-00213
1 67777U 26030P   26140.57911690  .00002125  00000-0  30794-3 0  9992
2 67777  51.8960 247.8079 0001129  58.3151 301.7921 14.79888904 15926
KUIPER-00244
1 68583U 26072L   26140.49595390  .00030110  00000-0  78182-3 0  9998
2 68583  51.8757 310.5963 0002890 265.1133  94.9524 15.38712327  7124
IRIDIUM 167
1 43931U 19002K   26140.59642277  .00000020  00000-0  13988-6 0  9994
2 43931  86.3987   5.1286 0002170  77.3578 282.7860 14.34217788385006
HUNITY-1
1 66670U 25276E   26140.45885999  .00019420  00000-0  76855-3 0  9997
2 66670  97.4077 214.8690 0008465 114.2530 245.9593 15.25455219 26251
KUIPER-00094
1 64839U 25151Z   26140.84351999  .00004596  00000-0  34206-3 0  9997
2 64839  51.8914 290.6568 0006211 181.8119 178.2833 15.04701941 46706
ICEYE-X62
1 66755U 25276CT  26140.16423942  .00001305  00000-0  84369-4 0  9998
2 66755  97.4210 213.2518 0004000  97.7699 262.3984 15.09897834 26104
GRUS-3ALPHA
1 64579U 25135BD  26140.54621499  .00000867  00000-0  88797-4 0  9994
2 64579  97.7733 255.1353 0004413  88.6766 271.4959 14.93038004 49750
YUNHAI 2-1A
1 43909U 18112A   26140.48067025 -.00000221  00000-0 -23118-4 0  9999
2 43909  50.0074 161.8200 0000340 235.2304 124.8579 14.29008608387122
HULIANWANG DIGUI-72
1 65232U 25178E   26140.52516638  .00000065  00000-0  11788-3 0  9999
2 65232  86.5006  22.8373 0001616  84.8800 275.2518 13.24410843 36652
ANDESITE
1 45726U 20037D   26140.25615895  .00001423  00000-0  10333-3 0  9993
2 45726  97.7864 332.9472 0007425 263.3781  96.6600 15.05532295321465
ASTROSAT
1 40930U 15052A   26140.44157999  .00001226  00000-0  67706-4 0  9991
2 40930   5.9981 355.0523 0008144 354.3452   5.6584 14.82452028575704
OPS 8737
1 14690U 84012A   26140.49351172  .00006931  00000-0  48918-3 0  9992
2 14690  63.3031 223.9665 0625958 124.5422 241.6373 14.14881012104041
SDA_1673
1 65983U 25230K   26140.34323922  .00000158  00000-0  13094-3 0  9998
2 65983  81.3024 237.4469 0001180 119.2853 240.8422 13.84125169 29963
SHIYAN 27F
1 63604U 25078F   26140.46691013 -.00000012  00000-0  44948-4 0  9991
2 63604  99.6904 148.0968 0001220  95.1132 265.0145 13.57238938 53774
ONEWEB-0155
1 48057U 21025R   26140.48429526 -.00000119  00000-0 -36195-3 0  9997
2 48057  87.8942 325.7385 0001622  90.5835 269.5480 13.13471069250048
ONEWEB-0594
1 54660U 22166U   26140.57436006  .00000081  00000-0  16386-3 0  9998
2 54660  87.9251 249.4870 0001883 100.2965 259.8382 13.21827628167913
CONNECTA IOT-6
1 62709U 25009DE  26140.47025912  .00000329  00000-0  36023-4 0  9995
2 62709  97.7029 219.3667 0001196 162.1207 198.0055 14.94145307 73220
KINEIS-2C
1 62929U 25028B   26140.40769289  .00000679  00000-0  11286-3 0  9996
2 62929  98.0876 194.8359 0001337  41.1356 318.9952 14.73311652 68522
ONEWEB-0160
1 48060U 21025U   26140.25747531  .00000064  00000-0  14025-3 0  9990
2 48060  87.8941 325.7911 0002316  75.4785 284.6601 13.13471057249894
GLOBALSTAR M093
1 39073U 13005B   26140.42163894 -.00000089  00000-0  81625-4 0  9995
2 39073  52.0117 321.1923 0000502  95.1405 264.9519 12.62265129613352
PIESAT-2 10
1 62334U 24241B   26140.54562189  .00005642  00000-0  31406-3 0  9998
2 62334  97.5369  88.8855 0002335  93.7684 266.3814 15.14036929 78624
QIANFAN-88
1 63174U 25046R   26140.48370080  .00000045  00000-0  51575-4 0  9997
2 63174  88.9687 303.3972 0013181  44.3892 315.8313 13.51005472 68949
AETHER-8
1 67379U 26004S   26140.27040115  .00000434  00000-0  53694-4 0  9999
2 67379  97.8055 139.3166 0004165 204.8270 155.2747 14.87595028 19130
SOYUZ MS-28
1 66664U 25275A   26140.52007258  .00005164  00000-0  10084-3 0  9993
2 66664  51.6328  77.0641 0007497  79.3410 280.8422 15.49283153567354
COSMOS 566
1 06677U 73037C   26140.64020650  .00000002  00000-0  11205-3 0  9996
2 06677  74.0182 271.1471 0031354 156.7605 215.0456 12.51704103419022
ONEWEB-0599
1 55155U 23004R   26140.38413770 -.00000012  00000-0 -64590-4 0  9999
2 55155  87.9155  11.3929 0001763  76.7525 283.3803 13.17650165163824
COSMOS 1642
1 15624U 85023H   26140.34966265 -.00000022  00000-0 -31981-4 0  9992
2 15624  74.0531 164.8200 0051620 231.9818 140.0021 12.56393023887978
ONEWEB-0439
1 51635U 22012P   26140.69361779  .00000038  00000-0  73981-4 0  9991
2 51635  87.8857  41.7412 0001985  77.6080 282.5269 13.10375802205725
COSMOS 622
1  6990U 73104F   26140.37044345 -.00000017  00000-0 -31083-5 0  9992
2  6990  74.0285 289.8963 0073852   1.3990  23.2152 12.59120790409132
ONEWEB-0570
1 55149U 23004K   26140.50942396 -.00000022  00000-0 -88146-4 0  9991
2 55149  87.9163 340.9791 0001925 100.7372 259.3977 13.18687404166041
TIANQI 21
1 57792U 23135A   26140.46331603  .00000271  00000-0  18904-3 0  9998
2 57792  49.9722 268.9665 0013708 160.1457 199.9991 14.23103095140684
COSMOS 2250
1 22651U 93030F   26140.49727865  .00000003  00000-0 -40047-4 0  9995
2 22651  82.5838 338.9374 0009547 357.5311  16.8705 12.63098764522528
COSMOS 1478
1 14176U 83069F   26140.57656964 -.00000001  00000-0  10303-3 0  9998
2 14176  74.0257  76.2865 0012481 210.6464 323.1233 12.48263247953697
AAC-AIS-SAT-1
1 55107U 23001DC  26140.47355588  .00002786  00000-0  28147-3 0  9990
2 55107  97.9191 217.1056 0009397  20.1956 339.9633 14.91837596174156
COSMOS 2082
1 20624U 90046A   26140.50179236  .00000321  00000-0  19069-3 0  9993
2 20624  71.0404 230.2397 0012863  95.9235 264.3354 14.14839822857785
OPS 5268 (DMSP 5A F3)
1 04953U 71012A   26140.37984096  .00000142  00000-0  55971-4 0  9999
2 04953  98.4858  10.1861 0037851 148.9799 211.3636 14.42157098894771
GNOMES-3
1 52158U 22033B   26140.47739296  .00001206  00000-0  14759-3 0  9999
2 52158  97.8234 217.2829 0012076  59.7754 300.4655 14.84969382223228
COSMOS 1753
1 16763U 86042F   26140.48593502  .00000005  00000-0  14111-3 0  9998
2 16763  74.0204  38.4872 0010417 276.5003 257.8666 12.48904842821621
COSMOS 2198
1 22035U 92042B   26140.60332044  .00000036  00000-0  14243-3 0  9990
2 22035  82.5959 272.0522 0006483  27.1935 332.9495 12.62673999559930
OPS 6553
1 13172U 82041C   26140.42284721  .00003005  00000-0  20837-3 0  9993
2 13172  96.0057 260.5414 0010064  34.5317 325.6566 15.06072462111480
YAOGAN-35 02B
1 52908U 22068B   26140.55125985  .00053671  00000-0  74092-3 0  9992
2 52908  34.9956 241.3397 0003779 135.1782 224.9248 15.56046356218388
COSMOS 945
1 10291U 77079G   26140.35654757 -.00000019  00000-0 -18996-4 0  9997
2 10291  74.0219 120.9544 0018728 298.8645 213.7856 12.47249416197651
LATINSAT B
1 27606U 02058B   26140.26146649  .00000239  00000-0  52202-4 0  9996
2 27606  64.5547 336.2664 0087260 275.3987  83.7166 14.76983013257971
FENGYUN 1C
1 25730U 99025A   26140.46712104  .00001576  00000-0  66735-3 0  9999
2 25730  98.8641 213.6261 0009733 339.3820  20.6966 14.26921390394008
COSMOS 343
1  4390U 70036H   26140.33082600 -.00000012  00000-0  24070-4 0  9998
2  4390  74.0274  98.0012 0059333  41.0679  69.7002 12.60462271579581
IRIDIUM 44
1 25078U 97077B   26140.54022250  .00000235  00000-0  67578-4 0  9992
2 25078  86.3944  78.8713 0003054  48.1931 311.9528 14.40556415492267
ICEYE-X43
1 60539U 24149BZ  26140.47311369  .00002016  00000-0  16782-3 0  9996
2 60539  97.6761 217.8210 0005433 172.2759 187.8549 14.99774686 95962
D-STAR ONE SPARROW
1 43881U 18111F   26140.35061720  .00084987  00000-0  79530-3 0  9996
2 43881  97.6124  78.7202 0007325  95.8850 264.3245 15.66950588407003
SNAP-3 EDDIE
1 40972U 15058J   26140.50066544  .00056747  00000-0  80605-3 0  9995
2 40972  64.7431 190.1031 0033677  29.9318 330.3742 15.55397410114718
KITSAT 3
1 25756U 99029A   26140.37537538  .00000114  00000-0  37375-4 0  9993
2 25756  98.6194 175.0566 0012984 353.2400   6.8619 14.55785986430987
YAOGAN-43 O1A
1 60458U 24148A   26140.53367723  .00011467  00000-0  33064-3 0  9999
2 60458  35.0057 315.8576 0005379 325.2355  34.8011 15.34882809 98191
COSMOS 1019
1 10936U 78056G   26140.61487889  .00000002  00000-0  11485-3 0  9993
2 10936  74.0265 267.6720 0041032 345.4743  26.3944 12.52160868191788
UHETSAT
1 58466U 23185E   26140.54302802  .00005103  00000-0  17352-3 0  9995
2 58466  97.3490 208.2662 0014265  55.2643 304.9939 15.30803487137065
METEOR 2-5
1 11605U 79095A   26140.61364168 -.00000036  00000-0 -28981-4 0  9994
2 11605  81.2093 258.1956 0012180 359.0249   1.0894 14.07466256389427
COSMOS 767
1  8291U 75086G   26140.48914071 -.00000001  00000-0  10022-3 0  9993
2  8291  74.0118  39.6910 0019987 169.8381   3.3614 12.48525188309510
FLOCK 4BE 9
1 60514U 24149AY  26140.22101482  .00011685  00000-0  29602-3 0  9992
2 60514  97.3788 224.2411 0003564  66.0699 294.0920 15.39877453 98016
XIWANG-1 (HOPE-1)
1 36122U 09072B   26140.50420409 -.00000334  00000-0 -75830-3 0  9997
2 36122 100.4019  94.7814 0006973 300.5101  59.5323 13.16437581789368
ORBCOMM FM 27
1 25481U 98053G   26140.62782795  .00000485  00000-0  20116-3 0  9994
2 25481  45.0043 106.2436 0001670 307.2419  52.8278 14.39078935446263
TEN-KOH
1 43677U 18084G   26140.09326507  .00001293  00000-0  10157-3 0  9995
2 43677  98.0751 331.2758 0009016 207.9254 152.1487 15.02790360411943
3CAT-5/B (TYVAK-0162)
1 46293U 20061X   26140.60396101  .00012380  00000-0  25157-3 0  9999
2 46293  97.2411 204.4746 0002065 166.5487 193.5819 15.46454567316796
PRSS 1
1 43530U 18056B   26140.50695080  .00000743  00000-0  10025-3 0  9996
2 43530  97.7826 209.1422 0001880  90.0311 270.1118 14.81940813424332
HAIYANG 2B
1 43655U 18081A   26140.52575326 -.00000026  00000-0  17174-4 0  9992
2 43655  99.3289 149.6994 0001481  42.4666 317.6600 13.79306422381113
ONEWEB-0261
1 48979U 21060N   26140.32033460  .00000082  00000-0  18009-3 0  9991
2 48979  87.9104 234.3173 0001893  92.0124 268.1224 13.16594388235991
SCD 1
1 22490U 93009B   26140.37260706  .00000319  00000-0  36140-4 0  9993
2 22490  24.9710  19.3104 0041861 203.4028 317.7975 14.46106951757082
COSMOS 337
1  4384U 70036B   26140.36220844 -.00000008  00000-0  60128-4 0  9997
2  4384  74.0277  92.5644 0053563 343.3408 139.4948 12.39254076536286
OPS 8781
1 10502U 77112A   26140.35236664  .00000593  00000-0  15820-3 0  9990
2 10502  63.3286 180.2431 0470408 162.0941 199.7344 14.07369180104150
COSMOS 1995
1 19786U 89009B   26140.29380112  .00000031  00000-0  11178-3 0  9991
2 19786  82.6251  46.4501 0003067 165.5231 317.4378 12.62234454716826
COSMOS 2486
1 39177U 13028A   26140.52820863 -.00000003  00000-0  91670-5 0  9990
2 39177  98.0129 109.0062 0012290 100.3316 259.9269 14.56180210687353
AEROCUBE 5C
1 40965U 15058B   26140.54356565  .00001992  00000-0  18509-3 0  9992
2 40965  64.7680 348.5781 0129962  74.1449 287.3945 14.91280988361537
GONETS M 07
1 39251U 13048C   26140.54846319  .00000118  00000-0  78391-3 0  9990
2 39251  82.4911   3.5238 0016494 276.1507  83.7693 12.42914321575406
COSMOS 2239
1 22590U 93020A   26140.32762515  .00000033  00000-0  18603-4 0  9994
2 22590  82.9304 161.4473 0023353  15.0263 355.7844 13.75633287662954
GLOBALSTAR M074
1 37189U 10054B   26140.55194353 -.00000091  00000-0  70785-4 0  9998
2 37189  51.9998 192.0664 0000240 113.3841  59.3892 12.62268199719667
ONEWEB-0031
1 45431U 20020H   26140.41535501 -.00000265  00000-0 -78343-3 0  9991
2 45431  87.8911  26.6006 0001653  78.4040 281.7273 13.11417820299010
KUIPER-00095
1 65134U 25171C   26140.44136668  .00000741  00000-0  12616-3 0  9997
2 65134  51.8994 188.3483 0000764 101.6762 258.4286 14.79927152 43696
DOORY-SAT
1 58500U 23188A   26140.31039659  .00000618  00000-0  10634-3 0  9991
2 58500  46.9815  71.2842 0009032 266.5649  93.4212 14.80545252132866
YUNHAI 3
1 54235U 22151A   26140.53066595 -.00000026  00000-0  93806-5 0  9992
2 54235  98.8172 148.3338 0001505 139.4708 220.6577 14.13366084181037
HAWK-7B
1 56193U 23054R   26140.26361067  .00003885  00000-0  14916-3 0  9990
2 56193  97.2756  26.5659 0003602 120.3545 239.8051 15.27032435172769
DROID.002
1 63223U 25052P   26140.21899825  .00003852  00000-0  16724-3 0  9998
2 63223  97.3960  33.4935 0002606 209.6627 150.4462 15.22911067 65619
PARUS-6U1
1 68456U 26067AS  26140.16130880  .00003935  00000-0  20138-3 0  9997
2 68456  97.4544  98.9666 0006606 145.0344 215.1324 15.17188389  7687
ONEWEB-0281
1 48999U 21060AJ  26140.55544962  .00000126  00000-0  29715-3 0  9997
2 48999  87.9109 234.2572 0002037 103.1234 257.0124 13.16593889235998
VINDLER 2.2
1 68484U 26067BW  26140.50003471 -.00050057  00000-0 -39837-2 0  9995
2 68484  97.7626  99.3163 0003438  62.8977 323.5836 15.00640840  1309
KUIPER-00222
1 67782U 26030U   26140.50003471 -.00025358  00000-0 -33037-2 0  9997
2 67782  51.8978 243.2180 0000531 210.6947  59.2672 14.80011427  5002
PAKTES 1A
1 43529U 18056A   26140.56992546  .00001835  00000-0  15644-3 0  9992
2 43529  98.1234 295.8849 0021635 197.7770 162.2697 14.98927618427788
OSCAR 15 (UOSAT 4)
1 20438U 90005C   26140.42976988  .00000025  00000-0  26249-4 0  9991
2 20438  98.7857 196.7119 0010874  74.9454 299.2063 14.31714778896254
ONEWEB-0683
1 56719U 23068K   26140.59871408  .00000007  00000-0 -16525-4 0  9993
2 56719  87.9001 264.6896 0001906 108.9051 251.2286 13.15547220145798
CENTISPACE-1 S3
1 53757U 22108A   26140.50537361  .00000032  00000-0  44549-4 0  9998
2 53757  53.5313 169.7229 0008189 271.3494  88.6543 14.61223256197486
QPS-SAR-9 SUSANOO-I
1 63205U 25050A   26140.47397582  .00003076  00000-0  23931-3 0  9993
2 63205  42.0194 255.3452 0004698 317.6983  42.3481 15.02862805 64793
ICEYE-X45
1 62705U 25009DA  26140.19455060  .00001828  00000-0  14864-3 0  9994
2 62705  97.8245 226.6765 0000999 104.5857 255.5478 15.00847405 73480
KEPLER-21
1 56218U 23054AS  26140.49743782  .00126860  00000-0  46509-3 0  9993
2 56218  97.2890  58.4682 0006626 111.9745 248.2232 15.87970292174814
FLOCK 4G 12
1 62625U 25009S   26140.50099508  .00008766  00000-0  31813-3 0  9992
2 62625  97.4019 222.4891 0005305  66.1702 294.0094 15.28545209 74679
ONEWEB-0037
1 45440U 20020S   26140.17607111 -.00000415  00000-0 -11989-2 0  9990
2 45440  87.8931  26.6083 0001826  83.9416 276.1920 13.11911148299027
COSMOS 858
1 09443U 76098A   26140.44115004  .00000085  00000-0  38836-4 0  9997
2 09443  74.0492 208.9922 0014418 331.0340  29.0011 14.35121889594779
ALSAT 3A
1 67474U 26009A   26140.47374705  .00004038  00000-0  17353-3 0  9992
2 67474  97.4548 214.5321 0012949 204.5269 155.5353 15.23172283 19054
TISAT 1
1 36799U 10035E   26140.53828390  .00014056  00000-0  47855-3 0  9992
2 36799  98.0706  84.6627 0002805  39.3668 320.7774 15.30538753863477
KUIPER-00061
1 64521U 25134X   26140.41912799 -.00000432  00000-0 -27753-4 0  9997
2 64521  51.9013 270.9014 0000362 134.2209 225.8783 14.79822449 50756
KUIPER-00015
1 63731U 25088H   26140.35289919  .00000973  00000-0  15657-3 0  9998
2 63731  51.8980 161.2308 0000416  58.6994 301.4009 14.79930360 58312
PRAETORIAN SDA_602
1 65565U 25203A   26140.41463026  .00000133  00000-0  10838-3 0  9998
2 65565  81.3048  36.4943 0004906 271.3771  88.6824 13.84339870 34851
XSS 10
1 27664U 03005B   26140.59009165  .00001218  00000-0  11286-3 0  9994
2 27664  39.7471 242.5539 0148651 256.3191 102.1006 14.90204877258513
SDA_1675
1 65985U 25230M   26140.55438480  .00000165  00000-0  13606-3 0  9996
2 65985  81.2988 237.3167 0002336 208.9986 151.1042 13.84757882 29981
HULIANWANG DIGUI-35
1 64956U 25159A   26140.52884056  .00000056  00000-0  96609-4 0  9998
2 64956  86.4919 291.7789 0002014  92.0882 268.0482 13.24413550 39468
CORAL
1 67684U 98067YA  26140.09309562  .00112310  00000-0  10044-2 0  9997
2 67684  51.6259  71.9463 0014068  97.3796 262.8799 15.67392954 15944
TIANPING 3B-02
1 61616U 24189C   26140.51457541  .00001409  00000-0  11490-3 0  9991
2 61616  97.5225 161.6345 0002950  79.7225 280.4332 15.01001974 86291
QIANFAN-39
1 62240U 24232D   26140.49316104  .00000278  00000-0  11166-3 0  9993
2 62240  89.0084  19.2176 0013853 281.7817  78.1822 14.25508957124006
DMC 3-FM1
1 40715U 15032A   26140.52497978  .00000815  00000-0  99850-4 0  9991
2 40715  97.6491   6.7801 0006542 132.4924 227.6846 14.85704892585808
COSMOS 762
1  8286U 75086B   26140.40998213 -.00000007  00000-0  55946-4 0  9990
2  8286  74.0089 290.7021 0029420  24.4025   5.9818 12.50905566313905
COSMOS 1933
1 18958U 88020A   26140.49497023  .00001762  00000-0  83897-4 0  9995
2 18958  82.5129 179.8546 0002738 331.3621  28.7462 15.18528711 61127
FLOCK 4H 14
1 66717U 25276BD  26140.16976434  .00004049  00000-0  18756-3 0  9999
2 66717  97.4209 214.4652 0002193  78.2746 281.8735 15.20656619 25432
ONEWEB-0033
1 45142U 20008M   26140.48779035  .00000655  00000-0  18413-2 0  9997
2 45142  87.8851  41.7919 0001357  73.1271 287.0005 13.10373497304583
ONEWEB-0508
1 54126U 22138P   26140.74734656 -.00000035  00000-0 -11958-3 0  9996
2 54126  87.9148 310.4467 0001494  80.5352 279.5950 13.19726218173214
YUNHAI 1
1 41857U 16068A   26140.51038870  .00000408  00000-0  16592-3 0  9999
2 41857  98.5836 151.7749 0006547 110.1916 249.9972 14.32718846497861
NESS
1 58020U 23155E   26140.46685616  .00011980  00000-0  42508-3 0  9997
2 58020  97.5908 225.6690 0004510 298.4987  61.5798 15.29209275144256
WEINA 2
1 47303U 20103B   26140.50082402  .00000315  00000-0  67630-4 0  9992
2 47303  98.0568  30.2566 0001122 322.7225  37.3900 14.64987885287678
COSMOS 1269
1 12442U 81041A   26140.48432194  .00000072  00000-0  35810-4 0  9995
2 12442  74.0549  56.1776 0010725 288.5014  71.4971 14.33123778352018
VIZARD-ION
1 61749U 24199Q   26140.51733007  .00025861  00000-0  41411-3 0  9997
2 61749  97.3018  16.2334 0007266  34.6903 325.4822 15.53069776133273
LIZZIESAT-3 (LS-3)
1 63233U 25052Z   26140.27687470  .00003157  00000-0  14355-3 0  9992
2 63233  97.3942  32.6104 0004089 255.0143 105.0640 15.21463395 65567
ONEWEB-0711
1 55174U 23004AL  26140.40349998 -.00000447  00000-0 -12966-2 0  9993
2 55174  87.8916  26.5935 0002273  98.7385 261.4000 13.11416330162192
COSMOS 619
1  6987U 73104C   26140.56012274  .00000000  00000-0  10304-3 0  9996
2  6987  74.0292 259.8527 0040475  30.7788 329.5626 12.52233152396138
IRIDIUM 39
1 25042U 97069D   26140.50087385  .00000369  00000-0  90300-4 0  9997
2 25042  86.3909  66.4638 0015301 258.3886 101.5601 14.49739964497823
HULIANWANG DIGUI-103
1 66419U 25258H   26140.96535488 -.00000084  00000-0  85413-4 0  9997
2 66419  50.0024  32.9777 0000892  47.5992 312.4955 13.29322319 26113
COSMOS 2254
1 22689U 93038C   26140.47855385  .00000030  00000-0  10431-3 0  9993
2 22689  82.5828 221.8271 0011861  18.8802 352.2637 12.64913692518633
ONEWEB-0622
1 55163U 23004Z   26140.39839132 -.00000489  00000-0 -14158-2 0  9994
2 55163  87.8923  26.5942 0002002 103.2503 256.8848 13.11414007162153
HULIANWANG DIGUI-03
1 62325U 24240C   26140.49109075  .00000016  00000-0  25831-5 0  9999
2 62325  86.4988 352.4922 0001499  80.8890 279.2413 13.24407429 68970
OPS 7898 (P/L 1)
1 05678U 71110A   26140.58576347 -.00000026  00000-0  25862-4 0  9990
2 05678  69.9889  81.3948 0009991 230.5020 129.5192 13.74138474352999
COSMOS 590
1 06847U 73069C   26140.37676619 -.00000001  00000-0  97953-4 0  9997
2 06847  74.0004 270.3819 0034153  38.5694 351.2212 12.51110098403598
SENTINEL-2C
1 60989U 24157A   26140.20050920  .00000067  00000-0  42115-4 0  9992
2 60989  98.5697 215.3772 0001496  87.7585 272.3769 14.30821123 88989
KINEIS-3C
1 61220U 24172A   26140.20858251  .00001172  00000-0  19332-3 0  9993
2 61220  98.0423 230.4036 0001056 170.4900 189.6327 14.72284801 88953
COSMOS 1023
1 10961U 78063A   26140.35183237  .00000055  00000-0  27120-4 0  9992
2 10961  74.0736 139.4157 0017243 301.5766  58.3704 14.37596033508934
CENTISPACE-1 S8
1 62577U 25007C   26140.49170228  .00000018  00000-0  15015-3 0  9991
2 62577  54.9865  28.4201 0016164  69.5809 290.6882 13.80628797 70900
COSMOS 2341
1 24772U 97017A   26140.30365360  .00000025  00000-0  10825-4 0  9992
2 24772  82.9202 145.4641 0025080 342.6262  28.4684 13.71624409655254
3CAT-4
1 60236U 24128B   26140.47685181  .00001253  00000-0  10882-3 0  9990
2 60236  61.9933 322.2403 0046579 131.4350 229.0757 15.02087370101944
QIANFAN-41
1 62242U 24232F   26140.47997274  .00000112  00000-0  15466-3 0  9990
2 62242  89.0102  25.2387 0015931  90.8764 269.4212 13.51004727120681
COSMOS 531
1 06266U 72087D   26140.29316501 -.00000021  00000-0 -31957-4 0  9998
2 06266  74.0321 152.7143 0031420 324.4596  46.7747 12.54804860452773
SORAYA
1 58817U 24015A   26140.52780220 -.00000008  00000-0  29730-4 0  9994
2 58817  64.5134 161.2253 0010183 247.2361 112.7649 14.42703366122788
GNOMES-4
1 58462U 23185A   26140.54853564  .00002060  00000-0  16718-3 0  9991
2 58462  97.4873 198.7218 0012722  65.7745 294.4807 15.00654047135149
COSMOS 586
1  6828U 73065A   26140.36122668  .00000039  00000-0  24944-4 0  9991
2  6828  82.9419 183.8044 0026102 279.5195  91.9779 13.75374445643071
LEMUR 2 OBA-NI-JESU
1 58902U 24022D   26140.13713176  .00277215  00000-0  10110-2 0  9995
2 58902  97.3856   2.8554 0005536 162.5146 197.6318 15.87734910128845
HJS-4C
1 58693U 23212C   26140.43531242 -.00000113  00000-0  26592-4 0  9992
2 58693  49.9982  85.9017 0001288 358.2152   1.8721 13.41458451117531
ONEWEB-0374
1 49300U 21090X   26140.33573342  .00000150  00000-0  37046-3 0  9990
2 49300  87.8941 295.2521 0002404  97.3079 262.8324 13.14501313223901
COSMOS 2361
1 25590U 98076A   26140.51051568  .00000055  00000-0  43283-4 0  9999
2 25590  82.9356 226.6677 0031557 181.6708 189.1041 13.73234308372903
ESSA 7 (TOS-E)
1 03345U 68069A   26140.35059618 -.00000038  00000-0  38449-4 0  9998
2 03345 101.5583 107.3815 0026371 222.7793 296.8325 12.53010011641499
LEMUR 2 DEMBITZ
1 42842U 17042T   26140.75983459  .00011495  00000-0  40567-3 0  9992
2 42842  97.3828 322.5508 0008223 113.6826 246.5278 15.29367443484156
COSMOS 292
1  4070U 69070A   26140.32119551  .00000137  00000-0  38029-4 0  9990
2  4070  74.0485 357.9458 0010409 317.6648  42.3711 14.55440408  2073
COSMOS 828
1 08892U 76054D   26140.62897226 -.00000005  00000-0  70305-4 0  9999
2 08892  74.0003 276.5739 0035688  83.6418 287.9951 12.50987734280054
SNUGLITE-II
1 52899U 22065F   26140.62999852  .00000548  00000-0  11303-3 0  9999
2 52899  98.2167 285.5161 0008768 108.4799 251.7357 14.64288195206964
JILIN 1
1 40961U 15057D   26140.52941488  .00000469  00000-0  71403-4 0  9990
2 40961  97.6509 141.2712 0016887 359.2429   0.8754 14.78107796571524
COSMOS 1198
1 11881U 80058G   26140.56727247  .00000004  00000-0  14235-3 0  9995
2 11881  74.0181 250.8919 0022482 240.4349 131.3748 12.43793138 82402
NORSAT 1
1 42826U 17042B   26140.44607330  .00003932  00000-0  22190-3 0  9990
2 42826  97.4431 308.7925 0007537 167.9073 192.2341 15.13696270483031
TIANHUI 6B
1 55839U 23030D   26140.51984537  .00000302  00000-0  22995-3 0  9998
2 55839  99.0131 149.0895 0001461  80.1431 279.9900 14.01347463163515
COSMOS 1782
1 16986U 86074A   26140.10544432  .00005891  00000-0  17389-3 0  9995
2 16986  82.5244 166.1349 0003851 330.8029  29.2998 15.34752856142258
ONEWEB-0397
1 50477U 21132J   26140.48750155 -.00000018  00000-0 -79598-4 0  9993
2 50477  87.9175 340.9667 0002050  85.6981 274.4385 13.18687758217963
JILIN-01 GAOFEN 2B
1 44836U 19086A   26140.50785568  .00004014  00000-0  18710-3 0  9995
2 44836  97.4885 212.6783 0015385  61.0075 299.2700 15.20359186356281
IRIDIUM 149
1 43250U 18030B   26140.39929912  .00000287  00000-0  95353-4 0  9999
2 43250  86.3934 301.9919 0002193  93.3879 266.7568 14.34217772426173
KINEIS-1C
1 60081U 24114C   26140.51255897  .00000527  00000-0  75622-4 0  9992
2 60081  97.9857 164.6731 0000591  88.2652 271.8628 14.80575662103288
DAMPE
1 41173U 15078A   26140.51700561  .00001141  00000-0  40993-4 0  9991
2 41173  97.4560 145.8500 0012166 165.7330 194.4257 15.30708288580314
ONEWEB-0327
1 49196U 21083L   26140.83807096 -.00000025  00000-0 -95923-4 0  9998
2 49196  87.9163 340.9046 0002252  87.5542 272.5848 13.18685722226417
ISS (DESTINY)
1 26700U 01006B   26140.52007258  .00005164  00000-0  10084-3 0  9996
2 26700  51.6328  77.0641 0007497  79.3410 280.8422 15.49283153567193
SWARM A
1 39452U 13067B   26140.53426961  .00008097  00000-0  14212-3 0  9996
2 39452  87.3335  66.5064 0003338  85.9572 274.2070 15.50333586701968
COSMOS 1171
1 11750U 80026A   26140.38621544 -.00000074  00000-0  70623-5 0  9991
2 11750  65.8405 180.5523 0030307 294.2605  77.2716 13.73773199313691
HOTSAT-1
1 56954U 23084Y   26140.56046015  .00002617  00000-0  11549-3 0  9995
2 56954  97.6193 274.5365 0002411  72.6846 287.4654 15.22689825162899
COSMOS 1196
1 11879U 80058E   26140.54455288  .00000001  00000-0  11346-3 0  9990
2 11879  74.0198  60.6979 0005401 266.0903 266.7620 12.48409795568962
NUSAT-38 (MARIA AGNESI)
1 56202U 23054AA  26140.50473291  .00020283  00000-0  39075-3 0  9995
2 56202  97.3075  50.5622 0013942 149.3712 210.8355 15.47794753174226
ONEWEB-0020
1 45133U 20008C   26140.48115234  .00000697  00000-0  19594-2 0  9999
2 45133  87.8863  41.7804 0001892  78.9328 281.2012 13.10373613304718
HAIYANG 2D
1 48621U 21043A   26140.53129549 -.00000012  00000-0  62410-4 0  9993
2 48621  66.0003  13.5553 0011385 272.3696  87.6068 13.83373624252726
KUIPER-00028
1 63741U 25088T   26140.27852978  .00000561  00000-0  10253-3 0  9991
2 63741  51.8990 136.4851 0000513  67.5039 292.5977 14.79929350 58667
ONEWEB-0227
1 48792U 21045AB  26140.60029400 -.00000019  00000-0 -83414-4 0  9992
2 48792  87.9000 264.6846 0001754  99.1793 260.9536 13.15546987240755
COSMOS 1503
1 14401U 83103A   26140.32610652  .00000050  00000-0  27907-4 0  9997
2 14401  74.0424 164.5261 0014401 291.1343  68.8269 14.33117306225491
COSMOS 2168
1 21782U 91077D   26140.53736492  .00000032  00000-0  11263-3 0  9997
2 21782  82.5980 230.5779 0014780  89.2668 283.3918 12.65530786594304
AETHER-7
1 67378U 26004R   26140.96299892  .00000418  00000-0  53509-4 0  9999
2 67378  97.8009 139.9402 0002502 186.4420 173.6764 14.86310653 19234
FLOCK 4G 14
1 62667U 25009BL  26140.20713265  .00007023  00000-0  25492-3 0  9999
2 62667  97.4025 222.1687 0005608  69.6114 290.5727 15.28614559 74627
MIMIR 1
1 68490U 26067CC  26140.62756477  .00001333  00000-0  13965-3 0  9992
2 68490  97.7601  99.2883 0003901 105.4827 254.6823 14.91224021  7618
DISKSAT A
1 67222U 25305D   26140.52998531  .00005701  00000-0  36833-3 0  9998
2 67222  45.0020 229.9995 0004848 355.9959   4.0878 15.09159212 23137
ONEWEB-0013
1 45131U 20008A   26140.50930208  .00000016  00000-0  10435-4 0  9998
2 45131  87.8537  58.4057 0002968  78.0832 282.0627 13.09459301302441
ONEWEB-0181
1 48230U 21031W   26140.69253856 -.00000217  00000-0 -61872-3 0  9990
2 48230  87.8927 295.2122 0001622 101.1104 259.0208 13.14503870244628
COSMOS 2597
1 66647U 25273A   26140.54933322  .00000015  00000-0  37722-4 0  9993
2 66647  82.5005 187.7052 0010371 277.8474  82.1429 12.42898677 21869
COSMOS 2201
1 22038U 92042E   26140.61556112  .00000021  00000-0  61017-4 0  9994
2 22038  82.5889 278.0006 0009061  28.0060 341.9495 12.61786665558823
NEE 02 KRYSAOR
1 39441U 13066AB  26140.34243893  .00001052  00000-0  12059-3 0  9994
2 39441  97.8886  79.7609 0066682 159.7585 200.6298 14.86498349672069
AEROCUBE 6B
1 40046U 14033AN  26140.19742525  .00004350  00000-0  35663-3 0  9991
2 40046  97.7181 307.1864 0038660 101.8070 258.7493 14.99188741642561
NADEZHDA 3
1 21152U 91019A   26140.23965243  .00000046  00000-0  32145-4 0  9997
2 21152  82.9256 324.5178 0042250 153.2260  20.9422 13.74500638764314
CAS500-2
1 69013U 26100AK  26140.51147704  .00004243  00000-0  19791-3 0  9993
2 69013  97.4095  38.8430 0009117 111.7574 248.4632 15.20362891  2609
YAM-10
1 64580U 25135BE  26140.64401726  .00001018  00000-0  10671-3 0  9990
2 64580  97.7702 254.8856 0004673  88.6199 271.5555 14.91703946 49755
COSMOS 2146
1 21302U 91033D   26140.51598977  .00000018  00000-0  38454-4 0  9995
2 21302  82.5739 312.1203 0017041  92.7251 267.5792 12.64553175615824
ONEWEB-0134
1 47280U 20100Y   26140.29892750  .00000053  00000-0  11228-3 0  9994
2 47280  87.8968 356.1897 0001543  79.7727 280.3576 13.12441036261050
GEESAT 5-03
1 65552U 25201C   26140.44258734  .00000732  00000-0  11395-3 0  9997
2 65552  49.9857 168.0589 0010632 158.0744 202.0651 14.84069956 37676
TOMORROW-S3
1 62392U 24247R   26140.92372301  .00004733  00000-0  17692-3 0  9996
2 62392  45.0006  82.2284 0001356 181.6013 178.4866 15.28691060 78788
INNOCUBE (TUBSAT-31)
1 62616U 25009H   26140.68260579  .00005198  00000-0  20444-3 0  9993
2 62616  97.3902 220.9711 0007368  76.7697 283.4363 15.26069401 74623
ICEYE-X7
1 46496U 20068L   26140.49822407  .00008371  00000-0  28328-3 0  9999
2 46496  97.7492 105.7858 0009781  70.7701 289.4596 15.30833279310558
QIANFAN-77
1 63163U 25046E   26140.50557172  .00000069  00000-0  40150-4 0  9990
2 63163  88.9693 300.3698 0012935 309.9626  50.0414 13.96191255 70607
ONEWEB-0133
1 47279U 20100X   26140.55799433 -.00000239  00000-0 -70002-3 0  9998
2 47279  87.8967 356.1408 0001806  79.7615 280.3717 13.12443188261117
ONEWEB-0201
1 48241U 21031AH  26140.33905787  .00000104  00000-0  24699-3 0  9999
2 48241  87.8934 295.2693 0001970 105.4730 254.6617 13.14505554244726
FLOCK 4BE 12
1 60560U 24149CW  26140.22657722  .00099516  00000-0  99571-3 0  9997
2 60560  97.3656 226.5058 0001810 160.2401 199.8929 15.65254179 98196
TIANPING-3A02
1 63432U 25068A   26140.52087203  .00001936  00000-0  15123-3 0  9993
2 63432  42.9993 193.7027 0229458  72.8745 289.7081 14.86325998 61263
CENTISPACE-1 S4
1 53758U 22108B   26140.50249161  .00000069  00000-0  51428-4 0  9991
2 53758  53.5288 167.3831 0007800 256.8774 103.1331 14.61896865197513
CBERS-4
1 40336U 14079A   26140.50486392  .00000179  00000-0  76930-4 0  9993
2 40336  98.3543 198.2022 0002104  96.1196 264.0230 14.35500818599985
JAY-D1
1 62669U 25009BN  26140.50918220  .00002462  00000-0  11045-3 0  9993
2 62669  97.4031 220.2966 0006858  84.5683 275.6335 15.22118271132167
PELICAN-2 3009
1 62631U 25009Y   26140.24743389  .00000211  00000-0  72235-5 0  9995
2 62631  97.3150 231.1418 0002563  58.4435 301.7062 15.40588989 75255
FLOCK 4BE 20
1 60489U 24149X   26140.19861025  .00009725  00000-0  26868-3 0  9998
2 60489  97.3695 222.1266 0003562  34.2583 325.8891 15.37253614 97919
GLOBALSTAR M002
1 25164U 98008C   26140.59521153 -.00000092  00000-0 -29506-3 0  9995
2 25164  51.9986 114.2005 0001522  32.5984 327.4929 11.61516484223271
MACSAT
1 58024U 23155J   26140.64221290  .00003035  00000-0  14293-3 0  9997
2 58024  97.5778 222.4904 0003465 138.2831 221.8668 15.20310173144141
ONEWEB-0156
1 48052U 21025L   26140.46568000 -.00000357  00000-0 -10125-2 0  9999
2 48052  87.8951 325.7395 0001756  95.0243 265.1086 13.13471074249931
IRIDE-MS1-EAG2-13
1 68450U 26067AL  26140.32142749  .00004857  00000-0  23943-3 0  9997
2 68450  97.4539  99.2106 0003974 102.8469 257.3209 15.18395792  7715
METEOR 2-2
1  9661U 77002A   26140.45278160  .00000035  00000-0  14414-4 0  9990
2  9661  81.2625 120.6781 0011713  71.4162 288.8276 14.04222431526442
PELICAN-6 300D
1 66703U 25276AP  26140.19860414  .00003239  00000-0  11734-3 0  9996
2 66703  97.4139 215.4428 0001018  35.7266 324.4042 15.29111539 26253
ICEYE-X42
1 62698U 25009CT  26140.17069067  .00001505  00000-0  15454-3 0  9999
2 62698  97.7398 218.9885 0001726 103.4309 256.7103 14.91848728 73111
UNISAT 7
1 47945U 21022P   26140.48020578  .00010020  00000-0  25572-3 0  9990
2 47945  97.3910  45.1296 0009740 160.8952 199.2661 15.39652686285592
CONNECTA IOT-8
1 62695U 25009CQ  26140.16038735  .00000836  00000-0  85442-4 0  9994
2 62695  97.7080 218.5719 0004339  95.0410 265.1305 14.93140788 73111
KUIPER-00187
1 67141U 25301J   26140.22445805 -.00000039  00000-0  23893-4 0  9995
2 67141  51.9019 124.3170 0000568  88.7983 271.3045 14.79929525 24119
FREJA
1 22161U 92064A   26140.44139998  .00000029  00000-0  60629-4 0  9991
2 22161  62.9986 313.7310 0729877 237.9873 114.8228 13.32839838630262
COSMOS 417
1  5216U 71041G   26140.35505690 -.00000024  00000-0 -40634-4 0  9992
2  5216  74.0123 141.2485 0096307 240.3634 231.8406 12.61455013534267
HULIANWANG DIGUI-89
1 65997U 25231C   26140.41560683 -.00000091  00000-0  71238-4 0  9991
2 65997  49.9971 275.3202 0000940 134.8031 225.2917 13.29326987 29190
BISONSAT
1 40968U 15058E   26140.53272052  .00002894  00000-0  23993-3 0  9997
2 40968  64.7759 345.5012 0117781  64.1879 297.1329 14.95670021112526
QIANFAN-99
1 66041U 25233J   26140.46662538  .00000134  00000-0  18939-3 0  9996
2 66041  89.0026  45.9896 0001897  76.2520 283.8842 13.51004956 29440
ONEWEB-0011
1 44062U 19010F   26140.62645421  .00000094  00000-0  21517-3 0  9992
2 44062  87.9000 264.6847 0001714 104.2232 255.9089 13.15548793347790
COSMOS 480
1  5905U 72019A   26140.42236012  .00000021  00000-0  19377-4 0  9995
2  5905  82.9732 312.8086 0019771 106.8806 278.8139 13.19937345608449
ONEWEB-0180
1 48213U 21031D   26140.82890988 -.00000135  00000-0 -39980-3 0  9993
2 48213  87.8945 295.1520 0001499 109.6448 250.4843 13.14503802244621
QB50P1
1 40025U 14033R   26140.46520314  .00005334  00000-0  26764-3 0  9993
2 40025  98.0975 149.6777 0007608 331.3081  28.7731 15.17779881648822
YAOGAN-35 04C
1 53526U 22100E   26140.50444287  .00004936  00000-0  21605-3 0  9992
2 53526  34.9954 249.7048 0009318 169.3270 190.7643 15.21398094208743
OSCAR 5
1 04321U 70008B   26140.26300993 -.00000048  00000-0 -36694-4 0  9996
2 04321 101.3220 150.2552 0027174 318.2167  54.1431 12.52190624573959
COSMOS 1391
1 13378U 82073D   26140.38584163 -.00000009  00000-0  47401-4 0  9993
2 13378  74.0142 298.8654 0020437 131.3810 251.6127 12.51433688  2363
COSMOS 1066
1 11165U 78121A   26140.40383703  .00000054  00000-0  22397-4 0  9990
2 11165  81.2360 282.9053 0049623 173.8021 186.3776 14.12101050957409
ONEWEB-0695
1 61602U 24188J   26140.19154613 -.00000266  00000-0 -78716-3 0  9999
2 61602  87.8914  26.6463 0001394  93.0083 267.1205 13.11418784 80796
GLOBALSTAR M001
1 25162U 98008A   26140.55934566 -.00000100  00000-0 -23134-4 0  9997
2 25162  52.0037  71.2514 0000985 266.0387 265.3996 12.38231951285504
COSMOS 2454
1 35635U 09039A   26140.50259831  .00000068  00000-0  42428-4 0  9997
2 35635  82.9580  48.2686 0018807 342.6089 190.1556 13.89949138853554
GEESAT 2-07
1 58911U 24023G   26140.56414062  .00000895  00000-0  13607-3 0  9998
2 58911  50.0042 122.6485 0010791 314.6933  45.3125 14.83144377124810
METEOR 2-6
1 11962U 80073A   26140.34345802  .00000050  00000-0  20934-4 0  9996
2 11962  81.2200 117.0752 0035226 216.6388 143.2375 14.11140052350809
YAOGAN 30
1 41473U 16029A   26140.50185692  .00000817  00000-0  12512-3 0  9996
2 41473  97.9024 190.9967 0014741 327.6217  32.4087 14.76234596539589
COSMOS 1254
1 12324U 81022E   26140.51920719  .00000006  00000-0  13686-3 0  9995
2 12324  74.0296 240.2302 0026332 352.8855  18.6137 12.53128136 67918
QPS-SAR-8 AMATERU-IV
1 60542U 24149CC  26140.18369040  .00003290  00000-0  24381-3 0  9996
2 60542  97.6646 219.5753 0003240 184.6410 175.4786 15.03803813 96063
RADIO 3
1 12997U 81120A   26140.62524866  .00000007  00000-0 -27977-4 0  9996
2 12997  82.9577 279.5508 0057511 323.7779  47.0653 12.15871326971357
FLOCK 4BE 14
1 60517U 24149BB  26140.17176755  .00012424  00000-0  31281-3 0  9992
2 60517  97.3695 223.7146 0004987  55.6424 304.5294 15.40044707 98016
LEMUR 2 KADI
1 43184U 18014E   26140.31243049  .00389683  58256-4  13422-2 0  9994
2 43184  97.4450  70.1882 0004868 120.4161 239.7593 15.89549478456652
GHGSAT-C8
1 56186U 23054J   26140.51023314  .00011274  00000-0  18836-3 0  9996
2 56186  97.3004  49.2746 0005782 141.7931 218.3733 15.52078554174147
COSMOS 1461
1 14064U 83044A   26140.43332696  .00014209  00000-0  37021-3 0  9995
2 14064  64.9853 142.9815 0041648 207.6242 152.2683 15.38211553212879
IRIDIUM 163
1 43575U 18061G   26140.51447392  .00000059  00000-0  14081-4 0  9990
2 43575  86.3963  68.2904 0002377  86.8881 273.2587 14.34217634409415
RROCI-2
1 59106U 24043J   26140.29954813  .00001536  00000-0  12916-3 0  9995
2 59106  97.8399 272.8452 0009742 109.1652 251.0626 14.99766118120584
ONEWEB-0311
1 49097U 21075Y   26140.37907501 -.00001122  00000-0 -29235-2 0  9990
2 49097  87.9159  11.3916 0002279  92.4568 267.6825 13.17653759229966
GLOBALSTAR M028
1 25875U 99041D   26140.59065564 -.00000078  00000-0  14917-3 0  9994
2 25875  51.9626 266.9695 0063941  84.6700 276.1452 12.50599900232395
ONEWEB-0652
1 55814U 23029U   26140.69095791 -.00000124  00000-0 -36838-3 0  9998
2 55814  87.8929 295.1963 0001936 100.1958 259.9390 13.14503975155754
PREFIRE-2
1 59881U 24099A   26140.56365456  .00002217  00000-0  10341-3 0  9992
2 59881  97.4109 357.2150 0010685 308.1238  51.9034 15.20864444109933
NANOFF B
1 58755U 23185S   26140.46362399  .00002650  00000-0  15753-3 0  9991
2 58755  97.5270 208.3284 0013380  46.8395 313.3952 15.12078370129685
LEMUR 2 CAEL
1 58903U 24022E   26140.54313938  .00012612  00000-0  31794-3 0  9993
2 58903  97.4115 351.1067 0007817 183.4433 176.6760 15.39986263128080
COSMOS 1110
1 11425U 79060A   26140.36114016  .00000080  00000-0  37948-4 0  9993
2 11425  74.0133 299.4064 0013795   6.6056 353.5275 14.34233771450391
KORSAT 7
1 58463U 23185B   26140.51870354  .00001290  00000-0  10571-3 0  9990
2 58463  97.6290 205.3251 0026621  56.9521 303.4255 15.00748327135136
NADEZHDA 4
1 23179U 94041A   26140.52585019  .00000067  00000-0  52320-4 0  9997
2 23179  82.9483  47.5788 0035396 164.9296   8.2794 13.76810032599712
HAWK-6C
1 55326U 23011C   26140.31007633  .00002756  00000-0  12415-3 0  9990
2 55326  40.4965 151.4774 0003896 208.2623 151.7975 15.22654516183609
GLOBALSTAR M037
1 25652U 99012D   26140.51905521 -.00000074  00000-0  16441-3 0  9993
2 25652  52.0000 236.7315 0002224 199.0952 174.6097 12.62466069253883
HYPERFIELD-1B
1 64552U 25135AA  26140.51946292  .00002847  00000-0  12746-3 0  9993
2 64552  97.4644 256.0390 0002175  74.5434 285.6042 15.22084697 50674
ONEWEB-0240
1 48785U 21045U   26140.57415860  .00000192  00000-0  47503-3 0  9997
2 48785  87.9003 264.6833 0001534  99.0266 261.1038 13.15549467240774
COSMOS 1656
1 15755U 85042A   26140.23545586  .00000061  00000-0  49839-4 0  9997
2 15755  71.1116 335.0779 0034190  24.5471 335.7273 14.21002047123193
ONEWEB-0551
1 56053U 23043H   26140.62247676  .00000041  00000-0  75420-4 0  9991
2 56053  87.8987 264.7200 0001523 100.5442 259.5860 13.15546598152770
HERMES-6
1 63489U 25052BK  26140.48060433  .00004762  00000-0  20710-3 0  9997
2 63489  97.4027  33.3694 0004338 268.3075  91.7665 15.22734040 65618
COSMOS 1900
1 18665U 87101A   26140.30772248 -.00000009  00000-0  21531-4 0  9995
2 18665  66.0825 104.3809 0026810 122.8435 237.5258 14.55652199 44425
JILIN-01-10
1 43946U 19005E   26140.51243422  .00003979  00000-0  16043-3 0  9992
2 43946  97.4766 239.3270 0008519  27.4944 332.6743 15.25384495405098
ONEWEB-0543
1 55143U 23004D   26140.54482058 -.00000005  00000-0 -44637-4 0  9991
2 55143  87.9163 340.9730 0001818  80.2150 279.9187 13.18687135166058
COSMOS 1909
1 18788U 88002A   26140.33311900  .00000026  00000-0  85088-4 0  9994
2 18788  82.6092 295.1603 0002188  54.7341 317.8233 12.62869943767298
HULIANWANG DIGUI-145
1 67443U 26007J   26140.52321569 -.00000098  00000-0  56608-4 0  9992
2 67443  50.0078 184.7143 0000798 263.7423  96.3359 13.29324333 17113
ONEWEB-0626
1 55167U 23004AD  26140.58494218 -.00000002  00000-0 -37829-4 0  9994
2 55167  87.9159  11.3627 0001400  85.7495 274.3796 13.17650311163947
STARK
1 65299U 25185C   26140.48650313  .00001093  00000-0  14933-3 0  9991
2 65299  97.9600 224.2814 0014722 165.5266 194.6371 14.80530816 39755
IRIDE-MS2-HEO-1
1 62697U 25009CS  26140.50526008  .00001462  00000-0  14144-3 0  9995
2 62697  97.7046 219.3234 0003944  98.5443 261.6225 14.94284986 73203
COSMOS 715
1 07682U 75016E   26140.31509279 -.00000003  00000-0  90490-4 0  9991
2 07682  74.0028 204.0671 0021490 122.0599 307.3573 12.44745437898419
JILIN-01 GAOFEN 3I
1 46461U 20065H   26140.46806076  .00302781  37397-4  82030-3 0  9994
2 46461  97.2211 200.9186 0009085 177.2128 182.9200 15.94168331315935
QIANFAN-128
1 69074U 26104B   26140.55130374 -.01981423  00000-0 -10700+1 0  9998
2 69074  88.9866 344.7848 0008650 202.1179 157.9637 14.16689105  1169
COSMOS 2315
1 23603U 95032A   26140.61086815  .00000035  00000-0  22203-4 0  9992
2 23603  82.9031 272.1346 0029528 294.8874  75.4169 13.73089775546919
HULIANWANG DIGUI-148
1 67524U 26013C   26140.55140480 -.00000109  00000-0  32502-4 0  9993
2 67524  50.0081  94.8680 0000880   9.4774 350.6115 13.29329205 16376
QIANFAN-122
1 68649U 26075P   26140.47553848 -.02142818  00000-0 -24794+1 0  9994
2 68649  88.9873 323.8554 0009051 121.8517 238.3529 13.73404042  6059
TYVAK-0130
1 48606U 21041BF  26140.30055759  .00004328  00000-0  17318-3 0  9999
2 48606  52.9946 155.5509 0011443  81.5372 278.6922 15.27141551276126
VELOX-P 2
1 39438U 13066Y   26140.28873341  .00002142  00000-0  20641-3 0  9997
2 39438  97.8733  91.6283 0054705  75.7488 284.9798 14.92906689673675
HAWK-11B
1 62379U 24247C   26140.55436825  .00004894  00000-0  17594-3 0  9991
2 62379  45.0169  81.1120 0002869  55.9041 304.2115 15.29923197 78779
BILSAT 1
1 27943U 03042E   26140.44069588  .00000192  00000-0  43327-4 0  9996
2 27943  98.3956 309.9966 0012071  79.5253 280.7310 14.67039713210051
PANDORA
1 67395U 26004AJ  26140.46592116  .00000456  00000-0  55564-4 0  9993
2 67395  97.8039 139.5569 0004381 205.0570 155.0435 14.88017136 19159
COSMOS 2071
1 20556U 90029H   26140.37312300 -.00000007  00000-0  61918-4 0  9997
2 20556  73.9811 279.0415 0002400 105.3620 320.7867 12.50942359649451
HAWK-3A
1 48957U 21059CG  26140.50546439  .00030838  00000-0  28905-3 0  9998
2 48957  97.6752 337.5114 0005963  79.5999 280.5932 15.67146932273517
ONEWEB-0518
1 54136U 22138Z   26140.69996314  .00000073  00000-0  14968-3 0  9996
2 54136  87.9147 310.4555 0001658  89.5398 270.5925 13.19725167173207
COSMOS 2214
1 22185U 92068D   26140.41454780  .00000025  00000-0  82869-4 0  9993
2 22185  82.5944  11.4477 0007985 210.3046 323.0758 12.61603248546142
GRUS-1D
1 47936U 21022E   26140.55857936  .00001302  00000-0  11314-3 0  9996
2 47936  97.5420  24.8652 0012942  48.4350 311.7980 14.98621774281769
ASTROCAST-0402
1 55109U 23001DE  26140.21580287  .00006466  00000-0  23989-3 0  9998
2 55109  97.5565 233.0110 0004103   3.4284 356.6982 15.27943298140260
PRAETORIAN SDA_615
1 65578U 25203P   26140.18789540  .00000114  00000-0  91723-4 0  9990
2 65578  81.3041  36.5011 0008030 268.9885  91.0352 13.84431826 34831
FLOCK 4Q 22
1 58306U 23174BC  26140.23406714  .00027089  00000-0  37145-3 0  9998
2 58306  97.3814 231.4680 0004722 215.2485 144.8459 15.57326566141515
LYRA-4
1 64691U 25140A   26140.62683158  .00000715  00000-0  11736-3 0  9994
2 64691  96.0027 268.2144 0010814 302.5948  57.4220 14.72422331 48005
ONEWEB-0203
1 48235U 21031AB  26140.69728011 -.00000160  00000-0 -46539-3 0  9995
2 48235  87.8947 295.1812 0001737  92.6293 267.5036 13.14501122244665
COSMOS 1937
1 19038U 88029A   26140.59403580  .00000027  00000-0  18426-4 0  9999
2 19038  74.0437 155.2638 0025050 249.0462 245.4332 14.36142142995786
OSCAR 24
1 15936U 85066B   26140.60548979  .00000070  00000-0  11104-3 0  9997
2 15936  90.1717  95.0043 0169125   2.7726 169.1979 13.35963953987643
KOMPSAT-7
1 66820U 25279A   26140.60182434  .00001654  00000-0  13698-3 0  9994
2 66820  97.6983  89.4201 0010066  96.7432 263.4937 15.00203532 25488
ICEYE-X67
1 66302U 25248K   26140.65150591  .00002754  00000-0  18803-3 0  9994
2 66302  45.4053 278.1315 0007476 241.5807 118.4322 15.08804736 31364
ONEWEB-0148
1 48059U 21025T   26140.24052766 -.00000484  00000-0 -13601-2 0  9992
2 48059  87.8941 325.7984 0002104 105.5272 254.6089 13.13469351249940
ASTROCAST-0404
1 55112U 23001DH  26140.50417128  .00011073  00000-0  41429-3 0  9996
2 55112  97.5652 234.1892 0008288  98.9380 261.2797 15.27462189140309
OPTICUBE 04
1 41851U 16067D   26140.37232622  .00001244  00000-0  81897-4 0  9997
2 41851  98.0725 351.2034 0014944 207.3108 152.7335 15.09526912520972
AMAZONIA 1
1 47699U 21015A   26140.45011149  .00000126  00000-0  52879-4 0  9996
2 47699  98.4320 213.4922 0001745 289.5337  70.5663 14.40804084274654
GRUS-1E
1 47935U 21022D   26140.50534428  .00001350  00000-0  11467-3 0  9990
2 47935  97.5465  25.7933 0014635  58.8125 301.4531 14.99441528281806
COSMOS 1860
1 18122U 87052A   26140.58710300 -.00000076  00000-0  11380-4 0  9994
2 18122  65.0089 101.0097 0057413 217.5182 142.1866 13.84968451968996
FLOCK 4G 30
1 62679U 25009BY  26140.20290183  .00026381  00000-0  90673-3 0  9992
2 62679  97.3920 221.5850 0004472  87.7365 272.4388 15.30068716132263
ONEWEB-0585
1 54652U 22166L   26140.55753959  .00000227  00000-0  51880-3 0  9996
2 54652  87.9253 249.4672 0001840 100.5479 259.5862 13.21825522167878
IRIDIUM 115
1 42806U 17039D   26140.52489742  .00000052  00000-0  95695-5 0  9990
2 42806  86.4486 333.6581 0002294  82.9141 277.2320 14.43280934470270
COSMOS 540
1 06323U 72104A   26140.33268011  .00000080  00000-0  35382-4 0  9998
2 06323  74.0784 150.7847 0016731 126.2131 234.0573 14.37499908795012
KUIPER-00169
1 65782U 25217W   26140.51205801  .00001033  00000-0  16446-3 0  9991
2 65782  51.9016  75.5125 0000854  80.1469 279.9590 14.79935584 35657
COSMOS 2581
1 62902U 25026A   26140.71263096  .00000798  00000-0  70890-4 0  9993
2 62902  81.9944 102.5288 0010971 139.9424 220.2607 14.94915819 70111
COSMOS 2131
1 21106U 91009G   26140.52896132 -.00000003  00000-0  75819-4 0  9996
2 21106  74.0310  68.1424 0052332 210.0558 262.7437 12.58963830620787
CENTISPACE-1 S11
1 62580U 25007F   26140.41130850 -.00000057  00000-0  79425-4 0  9994
2 62580  54.9791  28.2477 0012432  48.4430 311.7590 13.80597377 70893
IRIDIUM 121
1 42812U 17039K   26140.33004231  .00000171  00000-0  54037-4 0  9998
2 42812  86.3988   5.3172 0002109  85.6386 274.5051 14.34217315465838
YAOGAN-36 05A
1 57452U 23106A   26140.54691986  .00006583  00000-0  27405-3 0  9999
2 57452  35.0041 231.5063 0001466 177.7918 182.2803 15.23061935156938
COSMOS 2437
1 32954U 08025B   26140.58581700  .00000141  00000-0  94934-3 0  9993
2 32954  82.5043  14.6279 0021317  31.6418 341.3265 12.42759291815946
ICEYE-X4
1 44390U 19038D   26140.51433898  .00008816  00000-0  31890-3 0  9992
2 44390  97.8777 171.8115 0014415  48.3647 311.8823 15.28594953377574
ORBCOMM FM 9
1 25116U 97084E   26140.48289011  .00000478  00000-0  17156-3 0  9991
2 25116  45.0136 192.2535 0003913 135.2577 224.8591 14.46477662490291
ONEWEB-0177
1 48074U 21025AJ  26140.75008139  .00000177  00000-0  45045-3 0  9995
2 48074  87.8947 325.6876 0001729  98.1187 262.0138 13.13468848250070
YAOGAN 27
1 40878U 15040A   26140.50901477 -.00000447  00000-0 -10643-2 0  9996
2 40878 100.1146 128.0950 0007475 280.3844  79.6427 13.16067071514028
SUPERVIEW NEO-1 01
1 52320U 22043A   26140.49499411  .00003272  00000-0  17255-3 0  9994
2 52320  97.3406 214.1661 0002610  57.9673 302.1813 15.16243854225365
DX 1
1 40071U 14037C   26140.49105705  .00000864  00000-0  96363-4 0  9990
2 40071  98.3855 100.5180 0007519  13.6275 346.5143 14.89885361641980
GLOBALSTAR M008
1 25309U 98023D   26140.42369477 -.00000057  00000-0  30715-3 0  9998
2 25309  51.9975 300.3039 0003234 153.2183 230.4013 12.36083719279551
YAM-5
1 55076U 23001BV  26140.44639980  .00007819  00000-0  21174-3 0  9998
2 55076  97.3207 203.5591 0008492 197.0403 163.0558 15.37913700187847
GLOBAL-13
1 49773U 21115BB  26140.31237656  .00011856  00000-0  25627-3 0  9992
2 49773  53.1956 186.9837 0003889  42.2023 317.9283 15.44968701251459
NADEZHDA 7
1 27534U 02046A   26140.57280737  .00000046  00000-0  33600-4 0  9991
2 27534  82.9357 351.1765 0037231  50.9576 336.6833 13.72960026184778
KUIPER-00140
1 65965U 25228U   26140.39446901  .00001132  00000-0  17751-3 0  9990
2 65965  51.8989  28.5898 0000807 101.1353 258.9700 14.79934417 34054
ASNARO-2
1 43152U 18007A   26140.77768126  .00005961  00000-0  26109-3 0  9990
2 43152  97.3985 148.1320 0001878  84.8563 275.2887 15.22387385463247
ONEWEB-0198
1 48216U 21031G   26140.67205361 -.00000063  00000-0 -20415-3 0  9997
2 48216  87.8932 295.2024 0001376 105.4816 254.6466 13.14503317244872
ONEWEB-0157
1 48055U 21025P   26140.50123677  .00000297  00000-0  77835-3 0  9997
2 48055  87.8950 325.7372 0001536 100.8732 259.2570 13.13469116249938
COSMOS 2566
1 54383U 22163C   26140.53701222 -.00000030  00000-0  31928-4 0  9993
2 54383  67.1411 169.4346 0002176 134.3589 225.7674 13.97707183176707
CBERS 4A
1 44883U 19093E   26140.46761770  .00000002  00000-0  66414-5 0  9998
2 44883  97.7502 208.5935 0000228 314.3783  45.7411 14.81603873346974
COSMOS 2356
1 25367U 98036E   26140.31062844  .00000011  00000-0  26110-4 0  9996
2 25367  82.5816 343.5981 0355578 230.8889 126.0066 12.22428150246234
GEESAT 3-01
1 61011U 24159A   26140.53520512  .00001083  00000-0  15537-3 0  9992
2 61011  49.9999 211.3301 0002364 146.7825 213.3262 14.84090350 92575
IRS 1D
1 24971U 97057A   26140.45898595  .00000088  00000-0  46190-4 0  9997
2 24971  98.8426 134.1758 0051225 310.5186  49.1542 14.35504033498633
ONEWEB-0440
1 50503U 21132AL  26140.50099275  .00000029  00000-0  41863-4 0  9999
2 50503  87.9175 340.9624 0001972  78.2582 281.8771 13.18687869217923
SSU 3
1 08884U 76038J   26140.58365699  .00000074  00000-0  88197-4 0  9994
2 08884  63.3585 247.0188 0374004 182.5819 177.3310 13.88036759358279
COSMOS 2357
1 25368U 98036F   26140.25030346  .00000005  00000-0 -34885-4 0  9994
2 25368  82.5869 337.5404 0356099 188.0104 171.5185 12.23381644247223
ORBCOMM FM 11
1 25114U 97084C   26140.52664910  .00000535  00000-0  18677-3 0  9992
2 25114  45.0123 190.9884 0004201 157.0247 203.0793 14.46634638490307
KL-ALPHA A
1 44785U 19077A   26140.52344625  .00000086  00000-0  10560-3 0  9995
2 44785  88.9265 225.5870 0011056 178.5515 181.5673 13.56039826321989
CHECKMATE 2
1 56167U 23050F   26140.61233452  .00000104  00000-0  81752-4 0  9996
2 56167  81.0030  98.1475 0007780  37.2155 322.9539 13.85154060158299
COSMOS 941
1 10287U 77079C   26140.50667918 -.00000003  00000-0  77067-4 0  9998
2 10287  74.0255  69.8018 0031077  28.9412  89.0169 12.56551500206561
LEMUR 2 FURIAUS
1 42840U 17042R   26140.93468049  .00011448  00000-0  40559-3 0  9992
2 42840  97.3769 319.7241 0008400 153.0839 207.0838 15.29238614484048
COSMOS 2488
1 39483U 13076A   26140.50820749 -.00000015  00000-0 -17723-3 0  9993
2 39483  82.4843 185.9396 0020263 152.8663 207.3480 12.42904888562455
ICEYE-X36
1 59103U 24043F   26140.42514980  .00002041  00000-0  14207-3 0  9991
2 59103  97.8337 278.0184 0007183  64.0388 296.1578 15.06631928120962
KUIPER-00409
1 68925U 26098G   26140.49757188  .00007093  00000-0  22189-3 0  9991
2 68925  51.8744 201.1768 0007877  50.9730 309.1955 15.34216015  3091
STPSAT-7
1 68630U 26074D   26140.42439993  .00003007  00000-0  13273-3 0  9997
2 68630  60.0218 284.6789 0022629   3.4553 356.6680 15.24351184  6540
HULIANWANG DIGUI-68
1 65228U 25178A   26140.47968552  .00000068  00000-0  12453-3 0  9997
2 65228  86.5006  22.8762 0001590  84.5444 275.5871 13.24408516 36649
JASON 3
1 41240U 16002A   26140.50749852 -.00000042  00000-0  81784-4 0  9992
2 41240  66.0400 184.0296 0008471 273.7019  86.3031 12.87627303483687
COSMOS 1037
1 11046U 78091D   26140.57945028 -.00000003  00000-0  86406-4 0  9992
2 11046  74.0351  83.6339 0012956 331.2760 202.0902 12.48410591170447
HYSIS
1 43719U 18096A   26140.46682575  .00000637  00000-0  94131-4 0  9992
2 43719  97.9846 207.4297 0001022 114.9800 245.1517 14.78628642403323
ONEWEB-0393
1 50473U 21132E   26140.33942304  .00000011  00000-0 -42631-5 0  9993
2 50473  87.9157  11.4015 0001991  87.4622 272.6738 13.17648766214448
CONNECTA IOT-11
1 64557U 25135AF  26140.59546140  .00002366  00000-0  11224-3 0  9990
2 64557  97.4691 256.1586 0003042  95.2640 264.8942 15.20247406 50677
COSMOS 2617
1 68828U 26090C   26140.62440750  .00003704  00000-0  19224-4 0  9996
2 68828  96.6468  59.2886 0017264 138.3406 221.9183 15.81441058  4317
CARBSAR
1 67397U 26004AL  26140.45032712  .00003835  00000-0  18525-3 0  9994
2 67397  97.4543 139.9724 0007660  79.0206 281.1890 15.19216884 19558
QPS-SAR-10 WADATSUMI-I
1 64055U 25104A   26140.65206925  .00002978  00000-0  24034-3 0  9992
2 64055  42.0044  70.8170 0011965 165.6643 194.4524 15.01499207 55290
COSMOS 2592
1 65268U 25182B   26140.41615729  .00017445  19721-5  43593-4 0  9997
2 65268  96.5882  72.1192 0001208 174.5408 185.5884 15.96328306 43266
AC1-001
1 66744U 25276CG  26140.62361107  .00001430  00000-0  73204-4 0  9996
2 66744  97.4213 214.4752 0004551  97.2521 262.9231 15.18207730 26222
ICEYE-X56
1 64574U 25135AY  26140.46562639  .00002303  00000-0  21358-3 0  9996
2 64574  97.7712 255.6498 0003366  82.0153 278.1450 14.95428773 49782
KUIPER-00204
1 67145U 25301N   26140.50003471 -.00030504  00000-0 -19063-2 0  9992
2 67145  51.8929  89.6826 0000765   4.8046  56.1857 15.08818465  5843
HULIANWANG DIGUI-42
1 65045U 25162C   26140.55851477 -.00000097  00000-0  57193-4 0  9997
2 65045  49.9989   4.8344 0000502  20.4060 339.6832 13.29323817 39681
COSMOS 2160
1 21731U 91068D   26140.42174699  .00000020  00000-0  51047-4 0  9996
2 21731  82.5856 322.1204 0009683  76.5695 302.0276 12.64706876599020
UNIFORM 1
1 39767U 14029B   26140.51780257  .00000921  00000-0  87952-4 0  9993
2 39767  97.8041 238.0057 0006004  52.3417 307.8348 14.95717039650088
GHGSAT-C7
1 56209U 23054AH  26140.49336005  .00007808  00000-0  14460-3 0  9990
2 56209  97.3025  48.5238 0009518 126.0774 234.1360 15.49237958174105
COSMOS 825
1 08889U 76054A   26140.24937712  .00000005  00000-0  13025-3 0  9992
2 08889  74.0019  60.1072 0058898 185.5333 294.8736 12.55742671288678
SHIJIAN 6 01A (SJ-6 01A)
1 28413U 04035A   26140.54200964  .00005341  00000-0  26943-3 0  9993
2 28413  97.5877 167.5803 0005142 216.4459 143.6425 15.17552387183276
COSMOS 1997
1 19788U 89009D   26140.07541741  .00000037  00000-0  14416-3 0  9990
2 19788  82.6224  18.6233 0010438  50.7535 105.2561 12.63688947718957
CENTISPACE-2 S2
1 68351U 26060B   26140.50526994  .00000055  00000-0  40204-4 0  9994
2 68351  54.9794 149.0399 0012691  47.1785 313.0278 14.73278193  8680
DTUSAT
1 27842U 03031C   26140.48274590  .00000116  00000-0  69726-4 0  9994
2 27842  98.6855 149.2760 0008171 238.9943 121.0434 14.23913238187872
PUNCH-WFI02
1 63181U 25047D   26140.07154203  .00000297  00000-0  52424-4 0  9991
2 63181  97.9566 325.6924 0007958 273.1629  86.8669 14.74315905 63914
KUIPER-00071
1 64818U 25151C   26140.30523819  .00000890  00000-0  14578-3 0  9990
2 64818  51.9020 346.4046 0000786 102.7337 257.3713 14.79939690 45876
LEMUR-2 SEJONG-3
1 68482U 26067BU  26140.31595422  .00002009  00000-0  20003-3 0  9992
2 68482  97.7564  99.0585 0003641  16.7823 343.3516 14.92732116  7575
YAOGAN-30 Z
1 48425U 21039C   26140.54531402  .00001370  00000-0  10343-3 0  9990
2 48425  34.9944 199.1902 0002538 212.1801 147.8752 15.02457302275391
KUIPER-00153
1 65773U 25217M   26140.95916276  .00001836  00000-0  27006-3 0  9999
2 65773  51.9029  66.0879 0000871 108.1526 251.9532 14.79896541 35820
ONEWEB-0067
1 45425U 20020B   26140.41268424 -.00000353  00000-0 -10325-2 0  9994
2 45425  87.8936  26.5133 0001999  85.4452 274.6904 13.11423908299092
DUPLEX
1 66906U 98067XS  26140.53295632  .00021278  00000-0  25996-3 0  9999
2 66906  51.6280  68.8944 0005363  84.0076 276.1528 15.60365907 26339
JAS 1B (FUJI 2)
1 20480U 90013C   26140.33865286 -.00000019  00000-0  33590-4 0  9996
2 20480  99.0727  68.4166 0539747 207.6304 149.5129 12.83489216699760
ONEWEB-0200
1 48244U 21031AL  26140.34047999  .00000211  00000-0  53541-3 0  9992
2 48244  87.8939 295.2460 0001740 100.6635 259.4690 13.14504620244572
MIRANDA (X-4)
1  7213U 74013A   26140.36965595  .00000255  00000-0  76837-4 0  9996
2  7213  97.8051 357.9898 0114020  64.5240 296.7698 14.46091769715617
QIANFAN-48
1 62249U 24232N   26140.49645097  .00000119  00000-0  16488-3 0  9994
2 62249  89.0105  25.2668 0018988  99.3930 260.9369 13.51008043120681
ONEWEB-0411
1 51623U 22012B   26140.44793217 -.00000573  00000-0 -16765-2 0  9998
2 51623  87.8863  41.7862 0001318  76.7751 283.3524 13.10373846205654
ASO-S
1 54029U 22129A   26140.48367928  .00000114  00000-0  39284-4 0  9992
2 54029  98.2752 145.9611 0014436 172.6057 187.5354 14.52046194191402
LEMUR-2-VUKASIN
1 66785U 25276EA  26140.08135093  .00004993  00000-0  40616-3 0  9991
2 66785  97.5266 211.9194 0005374 202.1847 157.9145 14.99982065 25933
SCATSAT 1
1 41790U 16059H   26140.41673863  .00000646  00000-0  92042-4 0  9990
2 41790  98.1205 203.8955 0054048 339.0061  20.8931 14.79460540 97484
QIANFAN-51
1 62252U 24232R   26140.49231301  .00000111  00000-0  15315-3 0  9997
2 62252  89.0103  25.2794 0015223  98.4825 261.8052 13.51008821 89299
ARCTICSAT-1
1 61762U 24199AD  26140.53487361  .00257271  00000-0  93141-3 0  9992
2 61762  97.2894  22.5651 0001887 114.7445 245.4023 15.87946249133703
IRIDIUM 177
1 56727U 23068T   26140.53831763  .00000605  00000-0  76088-4 0  9999
2 56727  86.1962 341.9273 0002608  87.1487 273.0033 14.80233230162273
HRC MONOBLOCK CAMERA
1 66052U 98067XR  26140.92919158  .00048501  00000-0  39664-3 0  9995
2 66052  51.6264  58.7616 0003980  79.9399 280.2047 15.70040682 33714
COSMOS 1433
1 13765U 83002E   26140.37383176 -.00000010  00000-0  40287-4 0  9993
2 13765  74.0233 290.6214 0013711   7.1732  17.4457 12.51950264980639
YAOGAN-31 H
1 47693U 21014C   26140.51719064 -.00000235  00000-0 -22296-3 0  9999
2 47693  63.4028 269.7624 0174823   0.9050 359.2259 13.45446321256954
SHIYAN 6 03 (SY-6 03)
1 48157U 21028A   26140.48984454 -.00000029  00000-0  16148-4 0  9993
2 48157  99.5289 154.3058 0046651 158.5363 201.7757 13.77599069255690
FLOCK 4H 35
1 66738U 25276CA  26140.45730181  .00003250  00000-0  15264-3 0  9995
2 66738  97.4198 214.6691 0002803  60.9464 299.2051 15.20320696 25516
JILIN-01 GAOFEN 2D
1 49256U 21086A   26140.53571137  .00002767  00000-0  17066-3 0  9993
2 49256  97.6448 263.2971 0032323 237.6487 122.1612 15.10363226256542
CHUANG XIN 16A (CX-16A)
1 53586U 22102A   26140.42057517  .00001173  00000-0  68307-4 0  9998
2 53586  28.9940 147.7350 0004988  79.6527 280.4635 15.05825506205331
ONEWEB-0690
1 61598U 24188E   26140.42895452  .00006177  00000-0  17387-1 0  9992
2 61598  87.8924  26.5828 0002221  59.5248 300.6099 13.11390844 80997
RESURS O1-N4
1 25394U 98043A   26140.62304594  .00000059  00000-0  44668-4 0  9999
2 25394  98.9416 113.6736 0001253 161.5241 198.5983 14.25115494448409
RASSVET-3 3
1 68362U 26061C   26140.87638636 -.00199445  00000-0 -17261-2 0  9993
2 68362  82.2970  43.1029 0000380 341.9493  18.1754 15.69731613  9229
GLOBAL-9
1 47971U 21023G   26140.14632580  .00015923  00000-0  33278-3 0  9994
2 47971  44.9827  47.9908 0002997 166.5685 193.5285 15.45375700290602
HIBARI
1 49400U 21102F   26140.36670293  .00007602  00000-0  25516-3 0  9999
2 49400  97.3254 186.5969 0009820 303.2831  56.7469 15.31108753249930
COSMOS 2502
1 40358U 14086A   26140.52415245  .00000144  00000-0  15471-3 0  9990
2 40358  67.1536  74.6059 0008550 264.7942  95.2168 13.97819984580084
NOAA 19
1 33591U 09005A   26140.51396057  .00000015  00000-0  31866-4 0  9998
2 33591  98.9527 211.3676 0014825 107.8185 252.4605 14.13469380890571
JILIN-1-03
1 41914U 17002B   26140.49698079  .00009880  00000-0  24279-3 0  9996
2 41914  97.1956 147.9872 0003593 270.1601  89.9234 15.40843411517596
QIANFAN-38
1 62239U 24232C   26140.51289336  .00000111  00000-0  15348-3 0  9992
2 62239  89.0104  25.2868 0016489  94.3234 265.9802 13.51008822120667
USA 22
1 17997U 87043A   26140.61250473  .00014388  00000-0  70901-3 0  9990
2 17997  63.2928 275.7333 0683603 107.5562 260.1340 14.12098714102597
KUIPER-00101
1 65947U 25228A   26140.95228037  .00002431  00000-0  34766-3 0  9998
2 65947  51.8984  41.0195 0000983  91.7536 268.3539 14.79942004 33933
COSMOS 1234
1 12113U 80102G   26140.52655405  .00000000  00000-0  98392-4 0  9999
2 12113  73.9962  44.7978 0034654 116.2828  58.1073 12.56712638 82842
ONEWEB-0220
1 48232U 21031Y   26140.69411593 -.00000078  00000-0 -24607-3 0  9996
2 48232  87.8943 295.1796 0001829 104.6813 255.4520 13.14501822244798
YAOGAN-42 02
1 59557U 24075A   26140.31479911  .00005684  00000-0  23651-3 0  9990
2 59557  35.0010  84.8865 0006681 276.3566  83.6388 15.23096926115834
COSMOS 2095
1 20740U 90070F   26140.37571672  .00000017  00000-0  33049-4 0  9991
2 20740  82.5711 285.4019 0020376  80.9881 307.1561 12.66141432653513
GEESAT 2-03
1 58907U 24023C   26140.47833710  .00000834  00000-0  93809-4 0  9994
2 58907  50.0014  95.3766 0006357 289.0967  70.9288 14.96938052125176
KINEIS-5E
1 62083U 24219C   26140.51691071  .00000336  00000-0  60603-4 0  9991
2 62083  97.8971 300.2536 0006314   8.7854 351.3463 14.72499607 79692
SDA_1667
1 65977U 25230D   26140.50716125  .00000249  00000-0  22295-3 0  9994
2 65977  81.3002 237.5853 0001432 100.4889 259.6428 13.81547554 29968
COSMOS 451
1  5554U 71086H   26140.56902080 -.00000003  00000-0  10336-3 0  9994
2  5554  74.0297  65.5114 0053538 283.3154 252.0613 12.34308483460276
GEESAT 1-04
1 52788U 22058D   26140.51591926  .00000949  00000-0  14863-3 0  9995
2 52788  50.0055 330.8050 0009773  44.2446 315.9271 14.81291904215821
RTU MIREA 1
1 61785U 24199BC  26140.49279308  .00040289  00000-0  53778-3 0  9993
2 61785  97.2972  16.4781 0009264  36.1452 324.0429 15.57934285130157
COSMOS 1322
1 12977U 81116C   26140.53039771 -.00000004  00000-0  95238-4 0  9997
2 12977  73.9831  68.4892 0093549 286.1318 248.3362 12.28729114994866
NIMBUS 7
1 11080U 78098A   26140.41532051 -.00000006  00000-0  35178-4 0  9991
2 11080  99.4737  24.3953 0008748 351.1082   8.9916 13.84515483402858
COSMOS 418
1 05217U 71041H   26140.43679787 -.00000022  00000-0 -31425-4 0  9997
2 05217  74.0122 128.9957 0060699 280.3052 153.5527 12.54581955520464
METEOR 2-16
1 18312U 87068A   26140.46647916  .00000033  00000-0  16108-4 0  9996
2 18312  82.5549 316.3948 0013715 115.9251 244.3325 13.84947528958472
WILDFIRE 6
1 57763U 23133G   26140.44392071  .00000119  00000-0  94872-4 0  9998
2 57763  80.9969  33.7810 0006825  88.6391 271.5547 13.85334688137178
ONEWEB-0350
1 49214U 21083AE  26140.46821280 -.00000405  00000-0 -11437-2 0  9997
2 49214  87.8947 325.7440 0001732 102.9090 257.2233 13.13469479227297
PREFIRE-1
1 59965U 24108A   26140.41653312  .00002968  00000-0  12786-3 0  9999
2 59965  97.5294 295.1321 0010697 345.5775  14.5155 15.23349815108364
COSMOS 2453
1 35500U 09036C   26140.50674731 -.00000044  00000-0 -39642-3 0  9994
2 35500  82.4857 105.0995 0005790 220.9386 139.1259 12.41518791764544
COSMOS 371
1 04578U 70083A   26140.30023161  .00000135  00000-0  37361-4 0  9994
2 04578  73.9980 226.6733 0003105 236.9035 123.1830 14.55810351941531
GLOBALSTAR M033
1 25909U 99049C   26140.65138698 -.00000055  00000-0  35373-3 0  9990
2 25909  51.9886 119.0287 0014112 239.7204 120.2247 12.20311696576948
COSMOS 979
1 10586U 78005D   26140.47697309  .00000002  00000-0  11053-3 0  9993
2 10586  74.0310 215.3163 0016915   9.9798   1.5588 12.53500108203694
COSMOS 1831
1 17586U 87026E   26140.40607898  .00000012  00000-0  87144-5 0  9997
2 17586  82.5606 188.6303 0015435 183.3293 188.4240 12.65547103809921
DFH-1
1  4382U 70034A   26140.50131117  .00001421  00000-0  20382-3 0  9999
2  4382  68.4231 118.3390 1030993   5.0892 355.9721 13.14377644642045
ONEWEB-0214
1 48788U 21045X   26140.62802266  .00001031  00000-0  27038-2 0  9999
2 48788  87.8998 264.6709 0002069  91.9052 268.2315 13.15557689240668
ITOS 1 (TIROS M)
1 04320U 70008A   26140.34095103 -.00000046  00000-0 -20518-4 0  9994
2 04320 101.3715 175.0515 0028040   9.1502   2.3162 12.52122145770377
OSCAR 19 (LUSAT)
1 20442U 90005G   26140.27440266  .00000061  00000-0  38515-4 0  9993
2 20442  98.8865 161.3091 0010482 290.1034  69.9021 14.34113546898399
OICETS
1 28809U 05031A   26140.62115217  .00002888  00000-0  12351-3 0  9995
2 28809  98.0674  33.5503 0020766 111.0818 249.2640 15.23582739134407
ONEWEB-0577
1 56066U 23043W   26140.55703119  .00000141  00000-0  33419-3 0  9998
2 56066  87.9112 234.2583 0002870  96.4865 263.6593 13.16595571155351
COSMOS 976
1 10581U 78005A   26140.39668547 -.00000011  00000-0  32386-4 0  9995
2 10581  74.0304 311.9053 0005053 117.0474 260.6070 12.51296936201552
ONEWEB-0669
1 55828U 23029AJ  26140.29559619 -.00000077  00000-0 -22153-3 0  9995
2 55828  87.9169 280.0041 0002451 100.6488 259.4922 13.20770501157466
COSMOS 1035
1 11044U 78091B   26140.40321213 -.00000025  00000-0 -52153-4 0  9993
2 11044  74.0323 128.1370 0049581 303.8908 208.2716 12.55706345183131
LKW-3
1 43146U 18006A   26140.54339980  .00005195  00000-0  15726-3 0  9991
2 43146  97.6592 300.0550 0003949  60.9705 299.1933 15.34647746464471
UWE-2
1 35934U 09051D   26140.15522175  .00000406  00000-0  94508-4 0  9990
2 35934  98.4052  43.2638 0005633 343.9934  16.1086 14.60134839884766
ONEWEB-0553
1 56055U 23043K   26140.51903022 -.00000059  00000-0 -18905-3 0  9990
2 56055  87.9103 234.2673 0002340 108.3933 251.7453 13.16595264155330
ICEYE-X64
1 67373U 26004L   26140.28162013  .00000715  00000-0  84139-4 0  9996
2 67373  97.8017 139.3027 0004826 215.8195 144.2698 14.87844417 19143
IRIDIUM 138
1 43071U 17083B   26140.47883445 -.00000031  00000-0 -18183-4 0  9991
2 43071  86.3968 333.2961 0002292  93.0517 267.0941 14.34217093440162
COSMOS 873
1 09590U 76118C   26140.23406918 -.00000022  00000-0 -43948-4 0  9990
2 09590  74.0282 166.7817 0021082 297.7297 132.0590 12.46416561249876
COSMOS 736
1 07825U 75045E   26140.40006641 -.00000025  00000-0 -60491-4 0  9990
2 07825  74.0146 126.9399 0010708 176.8450 335.0814 12.46888677320479
NINGXIA-1 3
1 44781U 19076C   26140.50192037 -.00000080  00000-0  32404-4 0  9993
2 44781  45.0004 302.1219 0009692  12.8392 347.2687 14.02048715333972
FLOCK 4G 2
1 62661U 25009BE  26140.47532420  .00007008  00000-0  24951-3 0  9996
2 62661  97.4009 222.6197 0005391  75.5334 284.6504 15.29249106132291
COSMOS 1992
1 19769U 89005A   26140.45632831  .00000065  00000-0  31409-4 0  9991
2 19769  74.0456 299.2786 0021677 154.3474 205.8760 14.35833459952867
ONEWEB-0654
1 55816U 23029W   26140.82257257 -.00000025  00000-0 -10127-3 0  9995
2 55816  87.8938 295.1636 0002165  99.9437 260.1937 13.14500479155820
HERMES 4
1 63833U 25052BP  26140.16604460  .00012961  00000-0  45984-3 0  9999
2 63833  97.3899  34.1595 0001549   9.4540 350.6729 15.29194008 65662
OPS 6983 (DMSP 5C F1)
1  7411U 74063A   26140.50060529  .00000146  00000-0  73097-4 0  9994
2  7411  98.5180 343.1214 0042162  89.3458 271.2556 14.29672202690419
HULIANWANG DIGUI-123
1 67063U 25295E   26140.23158917 -.00000115  00000-0  19156-4 0  9998
2 67063  50.0014 125.7561 0000793 333.2306  26.8525 13.29327899 21789
IRIDIUM 169
1 43926U 19002E   26140.22126746  .00000221  00000-0  65693-4 0  9997
2 43926  86.4246  36.8821 0002768  76.3828 283.7679 14.38609159386208
GONETS D1M 1
1 28909U 05048B   26140.50284797  .00000072  00000-0  37722-3 0  9993
2 28909  82.4677 327.9631 0007219 219.5868 232.7149 12.55291705935072
ONEWEB-0641
1 55805U 23029K   26140.20241547  .00000047  00000-0  84628-4 0  9990
2 55805  87.9154 310.5433 0001666  89.8377 270.2946 13.19726330155229
PUNCH-NFI00
1 63178U 25047A   26140.25889224  .00000292  00000-0  51112-4 0  9993
2 63178  97.9564 326.2244 0009786 245.2450 114.7741 14.74735953 63969
SENTINEL 2B
1 42063U 17013A   26140.51515722  .00000360  00000-0  15391-3 0  9999
2 42063  98.5692 215.6788 0001283  90.8670 269.2660 14.30820944480689
MAGION 3
1 21835U 91086E   26140.42041034  .00001535  00000-0  27209-3 0  9991
2 21835  82.5337 200.4739 1452172 161.4297 204.6052 12.21181082510186
T-MICROSAT-1
1 66766U 25276DE  26140.43870753  .00003868  00000-0  18025-3 0  9997
2 66766  97.4166 214.6066 0001122 103.3702 256.7659 15.20478643 26225
KUIPER-00276
1 67794U 26030AG  26140.58719608  .00009667  00000-0  40553-3 0  9999
2 67794  51.8849 237.3580 0017220 302.1841  57.7470 15.24002687 16078
SAUDICOMSAT 5
1 31124U 07012H   26140.41565550  .00000311  00000-0  62446-4 0  9996
2 31124  98.3477 114.7355 0046643 211.6489 148.1909 14.68121286 19529
KUIPER-00092
1 64837U 25151X   26140.25117929 -.00002584  00000-0 -31001-3 0  9990
2 64837  51.9037 334.1539 0000402 109.0667 251.0339 14.79940076 47256
HAIYANG 1D
1 45721U 20036A   26140.48491950 -.00000101  00000-0 -20877-4 0  9995
2 45721  98.4553  82.7693 0001726 210.2515 149.8571 14.34161979311007
GHGSAT-C12
1 64529U 25135B   26140.47055229  .00002215  00000-0  10581-3 0  9997
2 64529  97.4720 255.5307 0003365 268.0622  92.0228 15.20080346 50611
COSMOS 1565
1 15004U 84052G   26140.42084559 -.00000023  00000-0 -37199-4 0  9999
2 15004  74.0094 142.9243 0044301 266.6520 163.6702 12.55463318923669
EOSSAT-1
1 55053U 23001AW  26140.54423733  .00003616  00000-0  11482-3 0  9993
2 55053  97.3250 201.3930 0008736 205.3236 154.7580 15.33268967187689
QIANFAN-55
1 62785U 25016A   26140.49367378  .00000088  00000-0  11793-3 0  9992
2 62785  88.9729  86.7457 0014995 248.4614 111.4939 13.51011812 68620
COSMOS 2093
1 20738U 90070D   26140.24349293  .00000019  00000-0  47455-4 0  9994
2 20738  82.5735 318.8028 0009109 165.3908   7.7659 12.64094024650842
HULIANWANG DIGUI-113
1 66923U 25285J   26140.59346651 -.00000092  00000-0  68973-4 0  9999
2 66923  50.0096 244.6587 0001057 194.6060 165.4781 13.29323362 22395
T.MICROSAT-2
1 68433U 26067T   26140.62511916  .00003290  00000-0  16933-3 0  9998
2 68433  97.4560  99.4315 0006748 141.2124 218.9595 15.17098478  7756
COSMOS 1344
1 13110U 82024A   26140.62242338  .00000067  00000-0  54395-4 0  9998
2 13110  82.9217  78.9069 0029823  63.5715 110.5434 13.74235456213753
ONEWEB-0697
1 61603U 24188K   26140.37637062  .00000321  00000-0  87017-3 0  9998
2 61603  87.8909  26.5997 0001050  78.6536 281.4710 13.11414647 80809
COSMOS 593
1  6850U 73069F   26140.46614733  .00000006  00000-0  13368-3 0  9991
2  6850  74.0010 215.4147 0078458 274.0437  96.7085 12.59719921420069
SJ-9B
1 38861U 12056B   26140.40007649  .00001062  00000-0  11210-3 0  9990
2 38861  97.5974 125.5270 0013954 312.0623  47.9408 14.91209497735586
COSMOS 2202
1 22039U 92042F   26140.59411855  .00000023  00000-0  68117-4 0  9996
2 22039  82.5951 271.3607 0008427  15.9649 355.3647 12.62663645559923
ONEWEB-0677
1 56713U 23068D   26140.30737922 -.00000030  00000-0 -10517-3 0  9999
2 56713  87.9169 279.9945 0002274 103.4940 256.6447 13.20771591146129
KORSAT-3
1 63630U 25081A   26140.47701068  .00001257  00000-0  12206-3 0  9999
2 63630  45.4100 119.5188 0004629  51.2809 308.8482 14.98580479 59027
KUIPER-00226
1 67785U 26030X   26140.26264335  .00004093  00000-0  18133-3 0  9993
2 67785  51.8854 238.9188 0018029 324.7797  35.1992 15.23722137 16025
ONEWEB-0601
1 54665U 22166Z   26140.55585522  .00000211  00000-0  47824-3 0  9995
2 54665  87.9246 249.4933 0002253 100.0982 260.0406 13.21827889168057
COSMOS 676
1 07433U 74071A   26140.30925667  .00000056  00000-0  29765-4 0  9991
2 07433  74.0459 153.9717 0013534   2.3839 357.7374 14.33523708698850
ONEWEB-0463
1 51650U 22012AE  26140.56977146 -.00000021  00000-0 -87405-4 0  9995
2 51650  87.9158  11.3716 0001741  87.8356 272.2975 13.17649359210034
LEMUR 2 MARHISYAM
1 60536U 24149BW  26140.18099343  .00008476  00000-0  51677-3 0  9994
2 60536  97.6873 222.9486 0002171 176.5937 183.5307 15.10603986 96252
ONEWEB-0680
1 56716U 23068G   26140.54240051  .00000172  00000-0  38597-3 0  9993
2 56716  87.9260 249.4697 0002283 114.6669 245.4703 13.21823926147440
GEOEYE 1
1 33331U 08042A   26140.48488558  .00000267  00000-0  59137-4 0  9994
2 33331  98.1240 214.7664 0005137 136.4675 223.6934 14.64695542946090
METEOR 2-1
1  8026U 75064A   26140.46708566 -.00000006  00000-0 -10544-4 0  9999
2  8026  81.2808  50.1735 0021508 300.6514  59.2537 14.10805915615435
YUNHAI 2-2D
1 59283U 24052D   26140.52870971 -.00000065  00000-0  38528-4 0  9994
2 59283  50.0087  19.5734 0004629 123.2521 236.8838 14.27985521114441
PROPCUBE 3
1 40973U 15058K   26140.56671417  .00002468  00000-0  21315-3 0  9997
2 40973  64.7691 338.8200 0123138  70.9347 290.5055 14.94051580110678
HULIANWANG DIGUI-11
1 62971U 25030A   26140.49407422 -.00000101  00000-0  49190-4 0  9990
2 62971  50.0021 335.1504 0001326  81.2193 278.8829 13.29320969 62176
KUIPER-00137
1 65963U 25228S   26140.42823247  .00001256  00000-0  19373-3 0  9993
2 65963  51.9039  28.4003 0000783 107.1775 252.9273 14.79936114 34069
OPS 6432
1 14112U 83056A   26140.56044289  .00003604  00000-0  40452-3 0  9993
2 14112  63.3050 246.2729 0692361 132.7455 233.4038 13.88997400104461
TIANMU-1 10
1 57402U 23101D   26140.47703328  .00004286  00000-0  15272-3 0  9992
2 57402  97.2630 192.0135 0003561 212.6822 147.4199 15.29443753157401
COSMOS 2098
1 20774U 90078A   26140.50372912  .00002286  00000-0  16290-3 0  9995
2 20774  82.9384 102.1659 0742710 300.6376  52.3573 13.90105333768673
TANAGER-1 4001
1 60507U 24149AR  26140.50063860  .00011915  00000-0  25752-3 0  9990
2 60507  97.3100 234.6831 0005538  52.7115 307.4638 15.44641595 98764
HULIANWANG DIGUI-14
1 62974U 25030D   26140.53588260 -.00000092  00000-0  69881-4 0  9996
2 62974  50.0045 334.7971 0001112  79.0363 281.0634 13.29323722 62186
COSMOS 1333
1 13033U 82003A   26140.36581116  .00000038  00000-0  25149-4 0  9993
2 13033  82.9428 185.7902 0030699 266.7488 104.1772 13.73471924222374
LIZZIESAT
1 59132U 24043AL  26140.64789055  .00002479  00000-0  95571-4 0  9993
2 59132  97.5604 276.0859 0010324 350.5272   9.5770 15.27264056122735
RCM 3
1 44323U 19033B   26140.13483630 -.00000288  00000-0 -22639-4 0  9999
2 44323  97.7597 148.0697 0001519  89.8089 270.3304 14.92587105377913
FENGYUN 1B
1 20788U 90081A   26140.53554941 -.00000080  00000-0 -23145-4 0  9991
2 20788  98.9708 121.1110 0016751  52.5404 307.7283 14.03191694827673
LEGION 4
1 60453U 24146B   26140.45702431  .00002467  00000-0  14042-3 0  9997
2 60453  45.0019 271.1617 0012659 158.9428 201.1973 15.15810164 96666
GEESAT 2-02
1 58906U 24023B   26140.50403178  .00000829  00000-0  12810-3 0  9994
2 58906  49.9977 122.4387 0015121 254.3194 105.6076 14.83137236124808
LEMUR-2-LUCILLE-ROSE
1 65403U 25135BV  26140.54049841  .00005754  00000-0  47027-3 0  9996
2 65403  97.7727 256.7936 0011292  26.0390 334.1399 14.99717434 44494
COSMOS 2247
1 22648U 93030C   26140.27584828  .00000014  00000-0  17591-4 0  9996
2 22648  82.5794 333.8532 0008240   8.7251 164.7558 12.63278907522553
NAPA-2
1 48963U 21059CN  26140.68067973  .00136635  00000-0  52678-3 0  9991
2 48963  97.6762 336.1851 0001410 115.7214 244.4202 15.86944486273435
HAWK-9B
1 59450U 24066J   26140.47820061  .00000993  00000-0  99388-4 0  9994
2 59450  45.6191  61.3546 0003760 243.2649 116.7848 14.99047799115676
COSMOS 1858
1 18119U 87051G   26140.38737168 -.00000028  00000-0 -72403-4 0  9999
2 18119  74.0009 126.2058 0048079 139.6326  11.6832 12.56040668784798
ONEWEB-0651
1 56080U 23043AL  26140.51156527  .00000092  00000-0  20989-3 0  9998
2 56080  87.8984 264.7367 0002152 100.4767 259.6606 13.15549916153989
GOSAT 2
1 43672U 18084B   26140.58619674  .00000439  00000-0  58844-4 0  9991
2 43672  97.8770 252.4251 0001498  93.4559 266.6826 14.84231557409469
ONEWEB-0269
1 48987U 21060W   26140.50319917  .00000139  00000-0  32970-3 0  9990
2 48987  87.9098 234.2832 0002231 102.0419 258.0962 13.16596356235982
COSMOS 1159
1 11694U 80012D   26140.35760625 -.00000013  00000-0  20424-4 0  9990
2 11694  74.0226 353.2876 0018285 315.3428 217.4922 12.50126901111498
GB 3
1 14180U 83056G   26140.52735913  .00003498  00000-0  39888-3 0  9997
2 14180  63.3100 318.7102 0726688 131.3359 235.2592 13.81734331355176
PE2_FLT2 (TYVAK-0262)
1 59104U 24043G   26140.31712135  .00002111  00000-0  18828-3 0  9993
2 59104  97.8366 270.9230 0007549 127.7767 232.4139 14.97067096120483
AEPEX
1 68506U 26067CU  26140.92003326  .00005270  00000-0  25820-3 0  9998
2 68506  97.4512  99.7683 0003709 145.6006 214.5469 15.18571946  7687
ONEWEB-0272
1 48990U 21060Z   26140.53011889  .00000032  00000-0  48803-4 0  9999
2 48990  87.9107 234.2756 0002152  93.2737 266.8640 13.16594876235972
DANDE
1 39267U 13055C   26140.49520946  .00011313  00000-0  21253-3 0  9998
2 39267  80.9888 203.4982 0464211   9.1983 351.7362 14.79243574656118
ICEYE-X54
1 64570U 25135AU  26140.57262603  .00001419  00000-0  13722-3 0  9995
2 64570  97.7691 255.2741 0003255  66.5303 293.6259 14.94366878 49776
GAOFEN 6
1 43484U 18048A   26140.49111962  .00000926  00000-0  13957-3 0  9995
2 43484  97.7768 204.1876 0010495 264.5941  95.4072 14.76596845429307
KUIPER-00055
1 64515U 25134R   26140.50003471  .00000079  00000-0  39734-4 0  9995
2 64515  51.8998 213.1276 0000559 167.6864 109.5016 14.79419417  5208
YAOGAN 16B
1 39012U 12066B   26140.31411698 -.00000059  00000-0  30610-4 0  9995
2 39012  63.3557   2.0146 0433515  26.6619 335.6002 13.45511763662357
COSMOS 2336
1 24677U 96071A   26140.51228346  .00000049  00000-0  37400-4 0  9994
2 24677  82.9429 227.0911 0023561 359.6161  11.0307 13.71682231472236
CHUANG XIN 20C (CX-20C)
1 58427U 23181C   26140.50112089 -.00000096  00000-0  56801-4 0  9990
2 58427  49.9591  68.2766 0011068 174.7020 185.3976 13.41481829122035
YUNHAI 1-03
1 53877U 22115A   26140.53164831  .00000231  00000-0  10101-3 0  9997
2 53877  98.5534 139.0311 0005796 120.5808 239.5948 14.32697535191551
NOAA 17
1 27453U 02032A   26140.51512750  .00000099  00000-0  60447-4 0  9990
2 27453  98.8636 105.9585 0012770  73.4430 286.8151 14.26224073243049
ICEYE-X26
1 56961U 23084AF  26140.40219512  .00530654  12249-3  11505-2 0  9999
2 56961  97.5739 303.2267 0008003 278.5173  81.5197 15.98304764164836
COSMOS 807
1  8744U 76022A   26140.52920318  .00003867  00000-0  15622-3 0  9996
2  8744  82.9146 343.3647 0457145 342.3030  43.6804 14.62373628545580
COSMOS 2128
1 21103U 91009D   26140.41266450 -.00000010  00000-0  38880-4 0  9990
2 21103  74.0295 295.0532 0014522 119.5467 240.7034 12.51925165611767
PICOSAT 5
1 26093U 00004L   26140.42765832  .00001613  00000-0  31266-3 0  9996
2 26093 100.1894 281.3642 0022594 299.6169  60.2776 14.65064783388387
KUIPER-00035
1 63748U 25088AA  26140.45954696  .00000502  00000-0  94866-4 0  9996
2 63748  51.8993 155.7242 0000552  16.7080 343.3900 14.79941274 58154
ONEWEB-0645
1 55809U 23029P   26140.74576704  .00000062  00000-0  12352-3 0  9990
2 55809  87.9145 310.4473 0001764  77.6819 282.4511 13.19726512155282
IRIDIUM 168
1 43924U 19002C   26140.36174679 -.00000022  00000-0 -15091-4 0  9996
2 43924  86.3987   5.3065 0002044  86.5193 273.6237 14.34217423384989
YAM-14
1 69008U 26100AE  26140.51108862  .00000940  00000-0  10064-3 0  9993
2 69008  97.7375  38.4656 0002637 228.1513 131.9481 14.91015189  2564
HAWK-3B
1 48931U 21059BE  26140.50590240  .00032128  00000-0  30106-3 0  9999
2 48931  97.6681 334.6465 0005694  79.5672 280.6230 15.67148376273512
HAWK-2C
1 47502U 21006CT  26140.56801565  .00004402  00000-0  13489-3 0  9994
2 47502  97.2296 185.4339 0005142 307.6702  52.4074 15.34293768295269
COSMOS 2384
1 27055U 01058A   26140.54776059  .00000031  00000-0  11751-3 0  9991
2 27055  82.5455 251.2175 0009158 321.3141  38.7292 12.59890947121572
ONEWEB-0619
1 55160U 23004W   26140.38246201 -.00000017  00000-0 -76712-4 0  9992
2 55160  87.9167  11.3748 0002306  83.2329 276.9065 13.17648630163935
FLOCK 4G 26
1 62633U 25009AA  26140.50918887  .00008618  00000-0  31059-3 0  9999
2 62633  97.4016 222.6387 0004328  63.3221 296.8462 15.28784517 74683
LYNK TOWER 4
1 55034U 23001AB  26140.76628766  .00005484  00000-0  17479-3 0  9996
2 55034  97.3208 199.9555 0007575 205.0126 155.0750 15.32924783187622
COSMOS 1620
1 15472U 85003D   26140.54415162  .00000025  00000-0  77502-4 0  9998
2 15472  82.6015  70.7201 0015324 170.9938   3.9852 12.65065351908998
ONEWEB-0445
1 51639U 22012T   26140.47617089  .00000550  00000-0  15404-2 0  9992
2 51639  87.8865  41.7689 0001700  82.7965 277.3355 13.10374270205713
HULIANWANG DIGUI-55
1 65112U 25168G   26140.52843464 -.00000089  00000-0  76198-4 0  9999
2 65112  50.0000  64.7093 0012186  10.5434 349.5692 13.29317784 39012
COSMOS 2346
1 24953U 97052A   26140.37102916  .00000034  00000-0  18144-4 0  9997
2 24953  82.9239   7.9754 0040571  43.3169 129.5100 13.79822983442531
COSMOS 1529
1 14618U 84001H   26140.55157419 -.00000012  00000-0  27619-4 0  9996
2 14618  74.0067 183.2419 0032244 305.1848 223.0534 12.44867552752117
QIANFAN-118
1 68645U 26075K   26140.60812029 -.02066954  00000-0 -25691+1 0  9997
2 68645  88.9863 323.8553 0012257  70.2318 290.0164 13.68869032  6060
DEKART
1 46493U 20068H   26140.47275441  .00008784  00000-0  24764-3 0  9992
2 46493  97.8750 147.7737 0009851  35.1601 325.0290 15.36640434311517
ONEWEB-0721
1 56725U 23068R   26140.59993864 -.00000021  00000-0 -85515-4 0  9993
2 56725  86.6750  94.3202 0002011  81.3985 278.7376 13.22467423154292
BRO-19
1 68422U 26067G   26140.64003127  .00002804  00000-0  13886-3 0  9992
2 68422  97.4471  99.5034 0001954  62.8588 297.2845 15.18591693  7767
HULIANWANG DIGUI-151
1 67527U 26013F   26140.60993918 -.00000110  00000-0  31055-4 0  9998
2 67527  50.0082  94.5109 0000894   7.8817 352.2069 13.29327635 16380
AISSAT 2
1 40075U 14037G   26140.36733599  .00001009  00000-0  10224-3 0  9991
2 40075  98.4030 111.5002 0004744  10.1931 349.9382 14.93420669642594
SICH 1
1 23657U 95046A   26140.53143091  .00001044  00000-0  93719-4 0  9998
2 23657  82.5241  68.3568 0020126  59.0480 301.2716 14.94587894661855
ORBCOMM FM 14
1 25419U 98046G   26140.32768736  .00000474  00000-0  19373-3 0  9994
2 25419  44.9975  13.7001 0002104 179.1482 180.9371 14.40071084452797
QIANFAN-97
1 66039U 25233G   26140.52838750  .00000133  00000-0  18735-3 0  9994
2 66039  89.0025  45.9796 0002208  69.0589 291.0798 13.51005198 29458
OPS 0252
1 13791U 83008A   26140.60080143  .00002476  00000-0  32465-3 0  9997
2 13791  63.3097   7.4796 0681482 135.9370 229.8117 13.87037502102460
COSMOS 2414
1 28521U 05002A   26140.49343505  .00000076  00000-0  50518-4 0  9997
2 28521  82.9505  64.5924 0041325  49.6721 310.8040 13.87923538 79970
ONEWEB-0041
1 45148U 20008T   26140.59451918  .00000043  00000-0  47221-4 0  9994
2 45148  87.9376   9.7723 0016313 319.0813  40.9111 13.48602231314331
YAOGAN-35 03B
1 53318U 22088C   26140.08919711  .00005790  00000-0  23194-3 0  9992
2 53318  34.9901  25.8618 0010945 129.1123 231.0567 15.24328801212054
LEMUR-2 JULIA-JOEL
1 68476U 26067BN  26140.32443240  .00002024  00000-0  20258-3 0  9995
2 68476  97.7554  99.0413 0002953  36.9996 323.1426 14.92511028  7570
COSMOS 2065
1 20550U 90029B   26140.57548826 -.00000014  00000-0  13107-4 0  9992
2 20550  73.9821 335.5835 0008141  19.9254   8.7087 12.49205850647261
FLOCK 4G 29
1 62642U 25009AK  26140.18841794  .00008989  00000-0  32352-3 0  9993
2 62642  97.4019 222.2966 0003727  60.8611 299.3002 15.28817289 74627
HULIANWANG DIGUI-97
1 66413U 25258B   26140.42244774 -.00000090  00000-0  73931-4 0  9996
2 66413  50.0027  35.4528 0001027  38.5826 321.5119 13.29322793 26039
QIANFAN-36
1 61569U 24185T   26140.51025341  .00000140  00000-0  18381-3 0  9990
2 61569  88.9805  64.4860 0004766 320.0795  40.0008 13.55629995 89434
PRAETORIAN SDA_611
1 65574U 25203K   26140.42646908 -.00000124  00000-0 -12358-3 0  9992
2 65574  81.3024  36.6086 0004695 284.6176  75.4460 13.83305316 34842
ONEWEB-0584
1 54651U 22166K   26140.53397573  .00000074  00000-0  14740-3 0  9993
2 54651  87.9250 249.4863 0002121 101.8317 258.3054 13.21828780167862
HXMT
1 42758U 17034A   26140.57062873  .00003127  00000-0  15985-3 0  9996
2 42758  43.0154 336.7878 0032314 327.7558  32.1315 15.18198056493462
CHECKMATE 10
1 57762U 23133F   26140.39202086  .00000061  00000-0  43539-4 0  9997
2 57762  81.0021  34.0949 0007377  82.3471 277.8523 13.85472144137182
FLOCK 4G 3
1 62639U 25009AG  26140.50904046  .00008780  00000-0  31690-3 0  9998
2 62639  97.4023 222.6563 0003816  64.7402 295.4233 15.28731105 74675
LILACSAT 2
1 40908U 15049K   26140.52916775  .00012842  00000-0  22709-3 0  9995
2 40908  97.4674 176.3358 0006750  12.0608 348.0804 15.50441356591464
CUTE-1.7+APD 2
1 32785U 08021C   26140.47028235  .00003061  00000-0  19685-3 0  9992
2 32785  97.8273 121.3219 0010664 117.7293 242.5018 15.09156147981019
GAOFEN 12 (02)
1 48079U 21026A   26140.51173128  .00000197  00000-0  32773-4 0  9993
2 48079  97.9921 138.8069 0004153 342.0619  18.0446 14.80271157277667
IRIDIUM 33
1 24946U 97051C   26140.33311874  .00000168  00000-0  51925-4 0  9991
2 24946  86.3887   1.6516 0009825  63.9486 296.2721 14.35137007501091
SEDSAT 1
1 25509U 98061B   26140.34696375  .00000522  00000-0  84996-4 0  9990
2 25509  31.4315 273.3868 0336267 188.9073 170.5470 14.33350900441832
ION SCV-008
1 55051U 23001AU  26140.54405403  .00004749  00000-0  17502-3 0  9992
2 55051  97.5696 236.4103 0016487 109.4467 250.8555 15.28194491187118
GEESAT 5-09
1 65558U 25201J   26140.34544954  .00000767  00000-0  11815-3 0  9999
2 65558  49.9797 168.0342 0008409 163.8752 196.2455 14.84058857 37667
IRIDIUM 128
1 42811U 17039J   26140.65058676  .00000009  00000-0 -39051-5 0  9995
2 42811  86.3988  36.6599 0002020  78.4739 281.6683 14.34217670466038
COSMOS 1339
1 13065U 82012A   26140.27690793  .00000029  00000-0  14392-4 0  9998
2 13065  82.9000 340.2515 0042140 236.4980 123.2147 13.75780361220699
IRIDIUM 112
1 41925U 17003J   26140.29590628  .00000015  00000-0 -15542-5 0  9995
2 41925  86.3943  99.9679 0002257  88.9083 271.2372 14.34217540489272
IRIDIUM 29
1 24944U 97051A   26140.87751469  .00000208  00000-0  63716-4 0  9992
2 24944  86.3971   2.1225 0002002  87.4492 272.6935 14.36792541501753
IRIDIUM 123
1 42804U 17039B   26140.58373719  .00000024  00000-0  14075-5 0  9992
2 42804  86.3988   5.1770 0002300  82.9219 277.2238 14.34217986465997
ARGOS
1 25634U 99008A   26140.36534244  .00000030  00000-0  33829-4 0  9992
2 25634  98.5110 107.4969 0011156 117.7252 242.5058 14.19983476410352
IRIDIUM 162
1 43482U 18047G   26140.36101933  .00000207  00000-0  55627-4 0  9998
2 43482  86.4461  99.9969 0002481  86.0024 274.1460 14.43277253421119
T2V
1 58016U 23155A   26140.49287956  .00000492  00000-0  69047-4 0  9994
2 58016  97.8882 211.8891 0001567  92.3791 267.7601 14.81688728141327
ALOS-4
1 60182U 24123A   26140.56429486  .00000856  00000-0  12148-3 0  9994
2 60182  97.9227 238.1271 0001675  97.3324 262.8077 14.79470710101796
COSMOS 1153
1 11680U 80007A   26140.38830992  .00000034  00000-0  19421-4 0  9994
2 11680  82.9333 191.0181 0038237  55.3579 315.9699 13.73864722318696
COSMOS 340
1  4387U 70036E   26140.44817682 -.00000013  00000-0  20750-4 0  9994
2  4387  74.0285 309.7955 0039953 291.9084  95.2419 12.56335779570909
PVCC
1 58025U 23155K   26140.47553071  .00004107  00000-0  21985-3 0  9991
2 58025  97.5703 217.0990 0003538 207.5853 152.5192 15.15593249143782
XINGCHI-1 02B
1 58498U 23187C   26140.53818377  .00000895  00000-0  10946-3 0  9995
2 58498  97.9289 224.7190 0009639 225.2456 134.7975 14.85720435133077
SOICAL (CONE)
1 04132U 69082K   26140.27622584  .00000750  00000-0  30122-3 0  9997
2 04132  69.9928 334.6703 0008819 178.8848 181.2298 14.31913399916911
COSMOS 827
1  8891U 76054C   26140.45386757 -.00000016  00000-0  40662-5 0  9997
2  8891  73.9986 170.8788 0049258 320.7675 105.2978 12.53309274702071
GEESAT 3-04
1 61014U 24159D   26140.55662281  .00001254  00000-0  17947-3 0  9994
2 61014  49.9972 122.0561 0003222 328.0955  31.9788 14.83134253 93903
ICEYE-X39
1 60546U 24149CG  26140.45610763  .00001287  00000-0  10908-3 0  9995
2 60546  97.6799 217.8585 0002814 172.2252 187.9016 14.99711418 95968
METEOR 1-5
1 04419U 70047A   26140.59162527  .00000138  00000-0  62880-4 0  9996
2 04419  81.2164 262.9605 0040345 132.3085 228.1521 14.16172406884834
ICESAT-2
1 43613U 18070A   26140.45741970  .00006739  00000-0  24476-3 0  9994
2 43613  92.0055 283.4935 0002635 122.5701 237.5803 15.28272396428229
KSM1-A
1 46912U 20081H   26140.54660840  .00005678  00000-0  22270-3 0  9991
2 46912  36.8955 231.7109 0001870  97.2394 262.8567 15.25493904304952
CATSAT
1 60246U 24125J   26140.31084422  .00041661  00000-0  60602-3 0  9994
2 60246  97.2108 352.5155 0021122 284.3766  75.5144 15.55386743103059
SSTL S1-4
1 43618U 18071A   26140.53438552  .00001260  00000-0  11669-3 0  9992
2 43618  97.5061  13.2934 0001430  78.8405 281.2978 14.96182395418800
ONEWEB-0095
1 45436U 20020N   26140.19848603  .00000382  00000-0  10424-2 0  9994
2 45436  87.8919  26.6343 0001864 106.1709 253.9624 13.11417674299009
LEMUR-2 GRAM-E-SUE
1 67370U 26004H   26140.26825423  .00001376  00000-0  15458-3 0  9993
2 67370  97.7978 139.2651 0005635 228.1637 131.9099 14.88330673 19147
IRIDE-MS2-HEO-11
1 68983U 26100D   26140.50963513  .00000858  00000-0  91732-4 0  9995
2 68983  97.7409  38.4726 0002420 213.5838 146.5227 14.91284387  2578
SAUDISAT 1A
1 26545U 00057A   26140.07990309  .00000669  00000-0  78561-4 0  9996
2 26545  64.5524  25.8150 0042158 305.2185  54.4982 14.93098535388834
KUIPER-00091
1 64836U 25151W   26140.25831538  .00002159  00000-0  31288-3 0  9991
2 64836  51.9017 326.6192 0000763 103.9656 256.1392 14.79830181 46142
SAOCOM 1-A
1 43641U 18076A   26140.52427089 -.00000283  00000-0 -29016-4 0  9997
2 43641  97.8881 327.6742 0001510  84.0643 276.0743 14.82149182412000
YAOGAN 7
1 36110U 09069A   26140.26397153  .00000277  00000-0  45541-4 0  9993
2 36110  98.0104  26.2991 0025701 127.2766 233.0793 14.77977983885505
ONEWEB-0036
1 45144U 20008P   26140.47248189  .00000468  00000-0  13137-2 0  9999
2 45144  87.8876  41.7898 0002094  81.9426 278.1938 13.09823001304738
ONEWEB-0050
1 45453U 20020AF  26140.54571200  .00000869  00000-0  87368-4 0  9991
2 45453  88.9303 236.9614 0006040  85.0859 275.1059 14.90237163336265
KUIPER-00180
1 67768U 26030E   26140.57654011 -.00000644  00000-0 -55523-4 0  9997
2 67768  51.8993 250.2335 0000628 107.4886 252.6145 14.79928033 15895
ONEWEB-0137
1 47283U 20100AB  26140.55134994 -.00000408  00000-0 -11686-2 0  9998
2 47283  87.8965 356.1537 0001891  88.9749 271.1596 13.12442523260942
METEOR 1-18
1  7363U 74052A   26140.44742271  .00000094  00000-0  55642-4 0  9990
2  7363  81.2292  36.2962 0016645 212.9989 147.0139 14.00269646648219
KUIPER-00111
1 65149U 25171T   26140.51297825 -.00000301  00000-0 -10546-4 0  9999
2 65149  51.8962 215.4242 0000705 102.1259 257.9782 14.79924342 43316
ONEWEB-0634
1 56075U 23043AF  26140.61613648 -.00000019  00000-0 -85713-4 0  9993
2 56075  87.8989 264.7238 0001869 110.5616 249.5715 13.15550016152772
NORSAT 3
1 48272U 21034E   26140.48685043  .00004361  00000-0  31120-3 0  9998
2 48272  97.5330 198.4253 0008642  48.5561 311.6407 15.05011773275672
BLACK KITE-2
1 68474U 26067BL  26140.59304457  .00001224  00000-0  12490-3 0  9998
2 68474  97.7536  99.2966 0002359  23.4880 336.6447 14.92439836  7619
ONEWEB-0527
1 54642U 22166A   26140.54154678  .00000093  00000-0  19304-3 0  9993
2 54642  87.9249 249.4961 0001920 102.0866 258.0483 13.21827393167881
KAISTSAT 4
1 27945U 03042G   26140.43495942  .00000234  00000-0  50072-4 0  9996
2 27945  98.3821 308.5489 0012603  67.8930 292.3611 14.67861619209961
GONETS M 17
1 46486U 20068A   26140.51813678  .00000252  00000-0  17443-2 0  9996
2 46486  82.5003   4.7182 0023407  94.8919 265.4834 12.42872985255727
KUIPER-00320
1 68601U 26072AE  26140.49627985  .00019083  00000-0  54285-3 0  9999
2 68601  51.8608 311.2714 0011018 283.1330  76.8426 15.36105383  7118
ONEWEB-0535
1 54147U 22138AL  26140.17872725  .00000081  00000-0  16992-3 0  9998
2 54147  87.9157 310.5410 0002003 100.7298 259.4060 13.19725769173148
ONEWEB-0144
1 47290U 20100AJ  26140.31077321 -.00000320  00000-0 -92554-3 0  9997
2 47290  87.8967 356.1833 0001440  89.2730 270.8564 13.12440945260919
KUIPER-00165
1 65778U 25217S   26140.50936910  .00000228  00000-0  58934-4 0  9991
2 65778  51.9007  78.0127 0000892  70.8034 289.3024 14.79934229 35616
EXPRESS MD2
1 38745U 12044B   26140.45374765  .00024757  56469-5  44558-3 0  9991
2 38745  49.8217 153.8236 1577997  97.0424 281.1792 12.41372859557367
REFLECTOR
1 27005U 01056E   26140.52354463 -.00000064  00000-0 -19938-4 0  9997
2 27005  99.7637 310.4316 0018385 182.5459 177.5596 13.71441503222740
TERRA SAR X
1 31698U 07026A   26140.46118088  .00000196  00000-0  12516-4 0  9996
2 31698  97.4460 148.5621 0001865  92.2234 267.9214 15.19150954 49013
IRIDIUM 114
1 41923U 17003G   26140.58766561  .00000026  00000-0  22266-5 0  9998
2 41923  86.3945 100.0025 0002469  88.2591 271.8888 14.34217665489291
KUIPER-00414
1 68929U 26098L   26140.47924332 -.00008201  00000-0 -26400-3 0  9994
2 68929  51.8755 201.7917 0022417  53.3568 306.9473 15.29981942  3083
FLOCK 4H 23
1 66726U 25276BN  26140.17578732  .00004198  00000-0  20155-3 0  9990
2 66726  97.4242 214.2241 0006201  96.2935 263.9007 15.19381381 26168
RIGIDSPHERE 2 (LCS 4)
1  5398U 71067E   26140.49390369  .00000389  00000-0  12103-3 0  9992
2  5398  87.6219 346.5045 0058643 326.7233  33.0284 14.37834628869907
YAOGAN-39 03B
1 57988U 23152C   26140.37538037  .00003242  00000-0  15817-3 0  9995
2 57988  34.9898 109.6594 0020000 337.0544  22.9275 15.17659061145965
SUPERVIEW NEO-2 05
1 68377U 26062A   26140.16681093  .00001167  00000-0  57826-4 0  9991
2 68377  97.4384 147.8733 0001780  87.0415 273.1024 15.19720246  8398
HULIANWANG DIGUI-133
1 67241U 25311F   26140.47059805 -.00000083  00000-0  87436-4 0  9997
2 67241  50.0097 215.1882 0000932 228.8544 131.2248 13.29322768 19652
NAXING 1
1 28221U 04012B   26140.51478337  .00000771  00000-0  57868-4 0  9996
2 28221  98.0054 167.2306 0010837 176.8962 183.2333 15.05758686203083
ONEWEB-0377
1 49303U 21090AA  26140.35971863  .00000089  00000-0  18635-3 0  9999
2 49303  87.9170 279.9846 0002036 103.6273 256.5087 13.20770299226846
QIANFAN-33
1 61566U 24185Q   26140.52853806  .00000261  00000-0  17856-3 0  9993
2 61566  88.9829  61.0893 0006870 171.4100 188.7195 13.96685092 91325
COSMOS 700
1 07593U 74105A   26140.57994457  .00000063  00000-0  48159-4 0  9994
2 07593  82.9518  68.4891 0025146  22.1106 151.1137 13.76984177581483
ONEWEB-0196
1 48218U 21031J   26140.35792863  .00000032  00000-0  51798-4 0  9995
2 48218  87.8939 295.2577 0001695 100.5763 259.5558 13.14501010244576
ONEWEB-0114
1 47262U 20100E   26140.55643176 -.00000359  00000-0 -10325-2 0  9996
2 47262  87.8962 356.1525 0001648  93.1996 266.9321 13.12442651260899
ONEWEB-0344
1 49210U 21083AA  26140.46737015 -.00000258  00000-0 -74017-3 0  9995
2 49210  87.8931 325.7665 0001635 102.6825 257.4487 13.13471907227258
YAOGAN-43 03C
1 61619U 24190C   26140.65476154  .00001504  00000-0  63916-4 0  9999
2 61619  34.9969  11.2276 0005013  99.8701 260.2580 15.23017458 87629
ONEWEB-0526
1 54144U 22138AH  26140.44566648  .00000127  00000-0  28443-3 0  9994
2 54144  87.9157 310.4944 0001698  91.0614 269.0714 13.19725927173148
ARCSAT-1
1 52161U 22033E   26140.55222279  .00011985  00000-0  19462-3 0  9991
2 52161  97.2742 232.4314 0003359 307.0003  53.0942 15.52869489231411
QIANFAN-54
1 62255U 24232U   26140.46760647  .00000104  00000-0  14283-3 0  9992
2 62255  89.0097  24.9305 0003604 108.1692 251.9852 13.51007187120848
COSMOS 1561
1 15000U 84052C   26140.52634528 -.00000003  00000-0  90100-4 0  9991
2 15000  74.0131  67.5978 0015562 293.3229 240.7313 12.47990833912283
GB 2
1 14144U 83056D   26140.51610909  .00002718  00000-0  35242-3 0  9997
2 14144  63.3134 334.0644 0725916 131.3830 235.2003 13.78418782352137
COSMOS 626
1 07005U 73108A   26140.47497927 -.00000068  00000-0  15328-4 0  9991
2 07005  65.4360 164.5765 0041568  64.1327 296.4015 13.85515681650819
COSMOS 2272
1 23003U 94011E   26140.38950893  .00000021  00000-0  58155-4 0  9992
2 23003  82.5699 309.1504 0011155 214.1600 145.8775 12.64400501488918
COSMOS 2310
1 23526U 95012A   26140.33512797  .00000055  00000-0  43545-4 0  9990
2 23526  82.9461 169.3825 0022673  15.1730 359.4657 13.72331566560109
CHIPSAT
1 27643U 03002B   26140.51619925  .00013062  00000-0  25804-3 0  9992
2 27643  94.0252 327.2822 0004601 240.6606 119.4192 15.47142169282916
WEINA 1A
1 43169U 18011A   26140.59084338  .00001322  00000-0  10410-3 0  9994
2 43169  34.9965 329.6239 0002249 178.8605 181.2108 15.00866895453974
NIMBUS 3
1 03890U 69037A   26140.43175780 -.00000016  00000-0  47188-4 0  9993
2 03890  99.7096  22.2506 0039936  30.7472 142.0738 13.42670410797053
GLOBALSTAR M003
1 25165U 98008D   26140.39796388 -.00000180  00000-0 -97148-3 0  9993
2 25165  51.9841 314.4901 0007325 248.8834 117.7564 12.12010810274117
ORESAT0.5
1 60525U 24149BK  26140.19471617  .00014857  00000-0  32823-3 0  9993
2 60525  97.3721 225.7912 0005519  35.6198 324.5418 15.43937874 98150
COSMOS 1429
1 13761U 83002A   26140.72333429  .00000000  00000-0  11156-3 0  9994
2 13761  74.0241 262.8317 0032896 174.1046 255.7209 12.43438901966981
YAOGAN-30 B
1 42946U 17058B   26140.49634927  .00001480  00000-0  11089-3 0  9998
2 42946  34.9966 198.9351 0001535  68.8470 291.2403 15.02672745471694
COSMOS 1229
1 12108U 80102B   26140.55437685  .00000002  00000-0  10919-3 0  9994
2 12108  73.9948  69.1899 0031741 153.7883 316.5192 12.56122900 81944
IRIDIUM 143
1 43258U 18030K   26140.36124385  .00000014  00000-0 -21204-5 0  9999
2 43258  86.3937 302.1972 0002098  88.5568 271.5868 14.34217453426107
IRIDIUM 155
1 43573U 18061E   26140.34322351  .00000068  00000-0  17244-4 0  9990
2 43573  86.3963  68.3136 0002325  81.9807 278.1652 14.34217927409364
COSMOS 2159
1 21730U 91068C   26140.43678219  .00000020  00000-0  50141-4 0  9997
2 21730  82.5810 298.1637 0013234 344.1368  43.5904 12.66046154600722
HERMES-5
1 63834U 25052BQ  26140.94937850  .00005280  00000-0  19698-3 0  9997
2 63834  97.3996  35.5707 0002839 223.0111 137.0907 15.27842416 65792
KUIPER-00102
1 65140U 25171J   26140.53455463  .00001457  00000-0  22007-3 0  9991
2 65140  51.8983 195.3679 0000342  90.0679 270.0322 14.79941065 43595
FFLY-2
1 65322U 25188H   26140.46735690  .00000681  00000-0  71422-4 0  9990
2 65322  97.7373 216.1729 0011332 210.6348 149.4211 14.92690847 39776
CORIOLIS
1 27640U 03001A   26140.29296119  .00000046  00000-0  42115-4 0  9992
2 27640  98.7133 147.6035 0012881 295.5078  64.4766 14.19936382210264
KUIPER-00098
1 65137U 25171F   26140.45625344  .00000214  00000-0  57030-4 0  9990
2 65137  51.9017 205.7402 0000409  90.8951 269.2059 14.79932472 42795
GRACE-FO 2
1 43477U 18047B   26140.51107815  .00002512  00000-0  66150-4 0  9998
2 43477  88.9939 201.7571 0009359 203.2766 156.8067 15.38057110445544
GONETS M 05
1 39249U 13048A   26140.50450355  .00000244  00000-0  16935-2 0  9999
2 39249  82.4841   0.6436 0015671 274.8971  85.0319 12.42891989575447
COSMOS 1750
1 16760U 86042C   26140.43463212 -.00000030  00000-0 -83384-4 0  9993
2 16760  74.0150 134.9342 0040289 261.8695 170.8200 12.56167130832121
TIANYAN 23
1 63209U 25051B   26140.50714418  .00024315  00000-0  48921-3 0  9998
2 63209  97.4508 226.9045 0006655 178.2447 181.8826 15.46584285 66080
KUIPER-00164
1 67134U 25301B   26140.60838637  .00001268  00000-0  21089-3 0  9996
2 67134  51.9031 108.6825 0001158 131.7681 228.3379 14.76486288 24547
PELICAN-7 300E
1 69017U 26100AP  26140.25004754  .00001511  00000-0  72902-4 0  9994
2 69017  97.4074  38.5767 0006173 113.6181 246.5703 15.20197927  2563
ONEWEB-0059
1 45162U 20008AH  26140.48952985  .00000567  00000-0  15888-2 0  9991
2 45162  87.8851  41.7916 0001808  73.2801 286.8525 13.10332555304699
KUIPER-00020
1 63735U 25088M   26140.30153378  .00000581  00000-0  10523-3 0  9998
2 63735  51.9005 146.4309 0000936 345.8265  14.2671 14.79935615 58266
QIANFAN-73
1 63159U 25046A   26140.47143308  .00000060  00000-0  74243-4 0  9994
2 63159  88.9685 303.5700 0015730  32.1059 328.1047 13.51014010 68841
NOVASAR 1
1 43619U 18071B   26140.50123072 -.00000362  00000-0 -27316-4 0  9999
2 43619  97.5096  13.9523 0001434  93.3249 266.8137 14.96210655418797
CAPELLA-16 (ACADIA)
1 65318U 25188D   26140.63317745  .00002638  00000-0  24978-3 0  9998
2 65318  97.7352 216.1844 0003558 357.6762   2.4441 14.94469516 39805
TIME FLIES
1 64564U 25135AN  26140.27634025  .00002785  00000-0  26160-3 0  9993
2 64564  97.7687 255.0048 0002579  48.6540 311.4902 14.94750941 49732
UPPER FREE FLYER
1 43763U 18099F   26140.48849601  .00002918  00000-0  17671-3 0  9998
2 43763  97.4373 190.3239 0013912  46.5000 313.7384 15.11287394408367
PELICAN-3 300A
1 65315U 25188A   26140.18551566  .00006020  00000-0  14931-3 0  9993
2 65315  97.1967 216.7582 0002572 111.3541 248.7981 15.40735166 41006
BRITE TORONTO
1 40020U 14033L   26140.31618105  .00000407  00000-0  68905-4 0  9998
2 40020  97.9701 269.7647 0078725   7.1930 353.0388 14.72634211638111
DELFI-N3XT
1 39428U 13066N   26140.60087305  .00004958  00000-0  43832-3 0  9993
2 39428  97.8351  60.9436 0073158 299.5558  59.8383 14.94746329670509
METEOR 1-26
1  9481U 76102A   26140.51555921 -.00000053  00000-0 -37014-4 0  9993
2  9481  81.2178  71.4524 0023538 347.9075  12.1527 14.10354595549777
COSMOS 1794
1 17138U 86092A   26140.31266679 -.00000021  00000-0 -38657-4 0  9996
2 17138  74.0111 148.4597 0021247 348.4125  23.0390 12.45670118795831
ONEWEB-0413
1 50490U 21132X   26140.49087066  .00000015  00000-0  45987-5 0  9994
2 50490  87.9164 340.9696 0001882  78.4190 281.7154 13.18687084217947
FLAMINGO-1
1 67391U 26004AE  26140.92580811  .00001091  00000-0  57439-4 0  9998
2 67391  97.4541 140.2553 0006688  70.0257 290.1696 15.17706428 19618
HULIANWANG DIGUI-166
1 68658U 26076C   26140.60369695 -.00000205  00000-0 -40570-3 0  9999
2 68658  86.4885  53.2372 0005587  25.7690 334.3730 13.40031913  5711
ONEWEB-0624
1 55165U 23004AB  26140.30238618 -.00000095  00000-0 -29797-3 0  9998
2 55165  87.8960 356.1355 0001898  88.3426 271.7920 13.12926297164413
ICEYE-X44
1 62707U 25009DC  26140.19235612  .00001532  00000-0  14234-3 0  9998
2 62707  97.7066 219.7648 0001315 151.3608 208.7685 14.95830221 95757
IRIDIUM 170
1 43930U 19002J   26140.36637465  .00000447  00000-0  67058-4 0  9999
2 43930  86.6107   5.1785 0002381  89.9670 270.1820 14.72248142395167
CENTISPACE-2 S7
1 68356U 26060G   26140.48025388 -.00000112  00000-0  14542-4 0  9998
2 68356  54.9852 148.9303 0013961  78.5120 281.7446 14.73998176  8683
NUSAT-42 (M WONENBURGER)
1 56966U 23084AL  26140.56924256  .00016233  00000-0  35727-3 0  9993
2 56966  97.5694 283.5071 0005120   0.3459 359.7791 15.44039604163815
KUIPER-00386
1 68921U 26098C   26140.48470742  .00012763  00000-0  37336-3 0  9994
2 68921  51.8730 201.0926 0003603  62.6557 297.4795 15.35609223  3096
PRAETORIAN SDA_610
1 65573U 25203J   26140.43667118  .00000017  00000-0  44188-5 0  9995
2 65573  81.3026  36.4565 0005530 274.1552  85.8973 13.83916980 34854
HULIANWANG DIGUI-126
1 67066U 25295H   26140.65761711 -.00000117  00000-0  15418-4 0  9998
2 67066  49.9971 123.9361 0000899 336.2386  23.8444 13.29327048 21847
ONEWEB-0116
1 48046U 21025E   26140.24561597 -.00000196  00000-0 -57236-3 0  9998
2 48046  87.8948 325.7823 0001881  87.1151 273.0193 13.13471377249983
HULIANWANG DIGUI-39
1 64960U 25159E   26140.49848615  .00000037  00000-0  51728-4 0  9992
2 64960  86.4914 291.7512 0001874  94.8032 265.3316 13.24405899 39465
METEOR 1-14
1 06392U 73015A   26140.46637091  .00000002  00000-0 -56553-5 0  9997
2 06392  81.2367 315.0157 0052482 279.9301  79.5948 14.08112513728794
FLOCK 4G 20
1 62636U 25009AD  26140.47254324  .00064190  00000-0  12391-2 0  9991
2 62636  97.3875 224.1920 0002466 141.9367 218.2058 15.47592142 74820
ONEWEB-0087
1 45451U 20020AD  26140.41181694 -.00000401  00000-0 -11664-2 0  9997
2 45451  87.8934  26.5636 0002058  74.7226 285.4129 13.11416418298944
COSMOS 1904
1 18709U 87106A   26140.59250955  .00000057  00000-0  43628-4 0  9999
2 18709  82.9129  91.0144 0028679 117.2602  55.9366 13.74470264925905
FLOCK 4BE 28
1 60519U 24149BD  26140.20704244  .00013721  00000-0  30436-3 0  9990
2 60519  97.3747 225.5679 0004568  49.6507 310.5140 15.43841503 98128
GJZ 03
1 62292U 24238C   26140.57073098 -.00000053  00000-0  68951-4 0  9994
2 62292  59.9150 354.6055 0015654 340.0423  19.9971 13.75203229 72095
TDS 1
1 40076U 14037H   26140.44912488  .00005925  00000-0  34159-3 0  9991
2 40076  98.3816 129.9255 0006578  18.7087 341.4382 15.12809461644033
LEMUR 2 TOMATOKECHUP
1 60471U 24149D   26140.48015993  .00007750  00000-0  22775-3 0  9995
2 60471  97.3797 222.4701 0001321  39.6490 320.4850 15.35395506 97918
COSMOS 785
1 08473U 75116A   26140.48068305 -.00000072  00000-0  14043-4 0  9995
2 08473  65.0778  66.8061 0092444 301.8583  57.3504 13.82326981545219
COSMOS 1695
1 16143U 85094F   26140.41677189  .00000012  00000-0  89293-5 0  9996
2 16143  82.6008 286.0024 0007200 175.7253 211.0754 12.62895528871994
AE1D
1 62618U 25009K   26140.49987120  .00059418  00000-0  84802-3 0  9994
2 62618  97.3955 229.2491 0002259  87.4929 272.6585 15.56089271 75134
CUBEL
1 47448U 21006AM  26140.88581930  .00006023  00000-0  15039-3 0  9993
2 47448  97.2349 191.7409 0004788 268.7012  91.3686 15.40525585295556
FLOCK 4H 11
1 66714U 25276BA  26140.16214146  .00009998  00000-0  44346-3 0  9993
2 66714  97.4204 214.4765 0004547 112.7492 247.4225 15.21778245 26182
TIANQI 33
1 62365U 24245A   26140.53223281 -.00000052  00000-0  52406-4 0  9997
2 62365  44.9832  85.0812 0008515 253.4702 106.5196 13.99196822 72489
YAOGAN-40 02C
1 63920U 25096C   26140.51068071  .00000123  00000-0  56457-4 0  9990
2 63920  85.9977 199.6114 0002352 102.7991 257.3455 14.12442205 71508
ONEWEB-0022
1 45135U 20008E   26140.47225104  .00000437  00000-0  12137-2 0  9996
2 45135  87.8869  41.8241 0001516  86.9379 273.1922 13.10489422304727
RCM 1
1 44322U 19033A   26140.44742503 -.00000070  00000-0 -14223-5 0  9999
2 44322  97.7597 148.2834 0001436  90.3041 269.8343 14.92587066377945
TIANQI 30
1 61196U 24170B   26140.50392339  .00000049  00000-0  12156-3 0  9995
2 61196  44.8586 260.4136 0007472 321.7328  38.2972 13.99136915 85177
OTP-2
1 63235U 25052AB  26140.44909136  .00005757  00000-0  24366-3 0  9990
2 63235  97.3894  33.2961 0004423 256.5504 103.5240 15.23566416 65640
YAOGAN-33 04
1 57958U 23149A   26140.55151001  .00000265  00000-0  66540-4 0  9992
2 57958  98.1954  90.3129 0002158  86.6442 273.5004 14.58703437140976
TIANQI 29
1 61195U 24170A   26140.48588552  .00000047  00000-0  11950-3 0  9994
2 61195  44.8572 260.2389 0005758 312.6696  47.3649 13.99137737 84984
NUSAT-44 MARIA MITCHELL
1 59122U 24043AA  26140.54517936  .00007640  00000-0  26611-3 0  9991
2 59122  97.5421 280.3918 0006046 339.3978  20.7018 15.29942167123042
SEMI-1L
1 66294U 25248B   26140.39716894  .00006551  00000-0  30464-3 0  9995
2 66294  45.4032 270.5343 0004555 271.6010  88.4355 15.20758230 30286
HAWK-14B
1 68436U 26067W   26140.33370478  .00002800  00000-0  14115-3 0  9991
2 68436  97.4538  99.1925 0004046 120.1426 240.0209 15.17962488  7713
COSMOS 1289
1 12638U 81074C   26140.54620670 -.00000014  00000-0  89553-5 0  9994
2 12638  74.0320 180.6404 0024352 131.2220 300.9475 12.54724572 51326
YAOGAN-39 02B
1 57889U 23145D   26140.39236605  .00003691  00000-0  18140-3 0  9995
2 57889  34.9918  37.5962 0003249 183.5162 176.5528 15.17524332148661
CUTE-LASP
1 49263U 21088D   26140.51050037  .00134785  00000-0  71635-3 0  9990
2 49263  97.4208 237.3831 0002222 265.2594  94.8419 15.80103374258163
IRIDE FM2
1 66696U 25276AG  26140.19588428  .00005182  00000-0  24370-3 0  9998
2 66696  97.4186 214.2248 0005437 106.7194 253.4638 15.19995734 26170
SKYMED 3
1 33412U 08054A   26140.51875280  .00002509  00000-0  17267-3 0  9991
2 33412  97.8312 358.6297 0015903   7.1861 352.9590 15.06755556952774
SEMI-1N
1 66297U 25248E   26140.41831682  .00003237  00000-0  14948-3 0  9991
2 66297  45.4063 267.5069 0011322 249.7222 110.2449 15.22452703 30326
SPACEMOBILE-001
1 61047U 24163C   26140.53253267  .00001899  00000-0  99879-4 0  9993
2 61047  52.9717  76.2805 0008630  43.7250 316.4426 15.20741436 93558
COSMOS 2512
1 41099U 15071B   26140.46986800  .00001540  00000-0  23302-3 0  9994
2 41099  98.0654 163.0119 0007276 103.8945 256.3074 14.75639787559069
COSMOS 1579
1 15085U 84069A   26140.44245771 -.00000080  00000-0  72219-5 0  9998
2 15085  65.0484 156.0307 0038693  24.3997 335.8885 13.86218552121930
APRIZESAT 10
1 40019U 14033K   26140.30336784  .00000228  00000-0  43793-4 0  9994
2 40019  97.9611 267.8912 0078851   3.8699 356.3100 14.70856067638153
COSMOS 1704
1 16291U 85110A   26140.51383873  .00000024  00000-0  83823-5 0  9990
2 16291  82.9334 145.2641 0031912 133.0148  35.9140 13.74887343 30125
COSMOS 2237
1 22565U 93016A   26140.37220446 -.00000048  00000-0  94885-6 0  9993
2 22565  70.7618  11.7248 0008262 288.9446  71.0778 14.12365470709428
COSMOS 385
1 04799U 70108A   26140.59296484  .00000006  00000-0  28608-4 0  9999
2 04799  74.0214  75.6587 0003385  12.5897 160.4391 13.76979028784755
JILIN-01 GAOFEN 3D 29
1 52446U 22048D   26140.52315781  .00069853  00000-0  59175-3 0  9993
2 52446  97.5686 252.4474 0002937 146.4220 213.7227 15.69481559225154
IRIDIUM 153
1 43078U 17083J   26140.45638370 -.00000028  00000-0 -16945-4 0  9991
2 43078  86.3934 302.0711 0002248  93.3474 266.7979 14.34216884441306
MESON-1
1 59131U 24043AK  26140.62648374  .00003736  00000-0  12806-3 0  9994
2 59131  97.5615 278.2507 0009530 346.7374  13.3614 15.30806864122864
ICEYE-X38
1 59100U 24043C   26140.53385244  .00003603  00000-0  21055-3 0  9993
2 59100  97.8375 283.5317 0003259 152.8520 207.2881 15.12570819107495
WILDFIRE 4
1 57756U 23133A   26140.21066937  .00000114  00000-0  88836-4 0  9992
2 57756  81.0039  33.0662 0010897  71.4661 288.7679 13.86351468137242
ONEWEB-0648
1 55811U 23029R   26140.32940102  .00000159  00000-0  39559-3 0  9999
2 55811  87.8941 295.2599 0001465  64.5151 295.6130 13.14503530155730
SHIYAN 21 (SY-21)
1 54752U 22172A   26140.53988785  .00005322  00000-0  18917-3 0  9994
2 54752  35.9795 244.8476 0019972   4.3796 355.7110 15.28402509191453
GLOBALSTAR M060
1 26083U 00008C   26140.42575990  .00000022  00000-0  11184-2 0  9992
2 26083  52.0000 191.7690 0003068  97.6467 275.7976 12.17679091193455
YAOGAN-43 02F
1 60950U 24156F   26140.64802451  .00005338  00000-0  22319-3 0  9990
2 60950  34.9941  11.0885 0000512 277.7805  82.2851 15.22964788 95247
ORBCOMM FM 18
1 25414U 98046B   26140.94409266  .00000523  00000-0  21111-3 0  9995
2 25414  44.9943  10.5491 0003853 176.2651 183.8227 14.39603054452904
TIANMU-1 11
1 58645U 23205A   26140.52793846  .00003715  00000-0  14415-3 0  9991
2 58645  97.3459 162.5243 0010903 101.3050 258.9414 15.26672539133302
ONEWEB-0371
1 49297U 21090U   26140.74419031 -.00000004  00000-0 -42398-4 0  9991
2 49297  87.9152 310.4368 0001681  92.7969 267.3356 13.19726133222833
FORMOSAT7-1/COSMIC2-1
1 44349U 19036L   26140.24120007  .00001633  00000-0  11473-3 0  9994
2 44349  23.9971 220.7810 0000639 180.8685 179.1815 14.96376478380469
KENT RIDGE 1
1 41167U 15077B   26140.26477909  .00002792  00000-0  84030-4 0  9995
2 41167  14.9791 113.6087 0008391 205.4948 154.4961 15.22941594576832
YAOGAN 10
1 36834U 10038A   26140.54526096  .00000856  00000-0  10605-3 0  9990
2 36834  97.8988 164.1700 0001593  90.9002  60.5231 14.85253968853107
ONEWEB-0430
1 50501U 21132AJ  26140.55662752  .00000001  00000-0 -29277-4 0  9994
2 50501  87.9165 340.9575 0001602  88.1041 272.0275 13.18686312217984
AE1A
1 68487U 26067BZ  26140.32663387  .00001958  00000-0  19645-3 0  9996
2 68487  97.7534  99.0270 0002143  35.9956 324.1407 14.92447294  7570
ONEWEB-0387
1 49313U 21090AL  26140.64073885  .00000144  00000-0  32275-3 0  9997
2 49313  87.9161 279.9483 0002169 106.1528 253.9844 13.20772263226184
COSMOS 1464
1 14084U 83048A   26140.32709485  .00000060  00000-0  46885-4 0  9992
2 14084  82.9470 225.9262 0031461 106.8459 318.3066 13.74691953156114
COSMOS 1058
1 11135U 78109H   26140.60329398 -.00000002  00000-0  10555-3 0  9991
2 11135  74.0171  77.1586 0037018 282.8930 254.0131 12.39502926147241
QIANFAN-16
1 60394U 24140R   26140.45599682  .00000083  00000-0  10998-3 0  9995
2 60394  88.9709 282.9188 0016597 112.5904 247.7005 13.51005251 88603
HORACIO
1 59098U 24043A   26140.50818478  .00001840  00000-0  15915-3 0  9995
2 59098  97.8473 272.1142 0012585 112.3402 247.9156 14.98389742120523
UNISAT 2
1 27608U 02058D   26140.31737536  .00000487  00000-0  74268-4 0  9996
2 27608  64.5505 107.8344 0062190 257.8044 101.6093 14.84248379262656
ONEWEB-0318
1 49104U 21075AF  26140.30876172 -.00000073  00000-0 -21858-3 0  9999
2 49104  87.9172 341.0051 0002099  91.2308 268.9065 13.18684555233494
BRO-5
1 51061U 22002CF  26140.49350017  .00020273  00000-0  42082-3 0  9994
2 51061  97.3003 213.9503 0006278  79.4056 280.7900 15.45706602241979
SJ-11-01
1 36088U 09061A   26140.52237861  .00000286  00000-0  63822-4 0  9999
2 36088  98.0044 122.2966 0012210 106.9418  41.0133 14.63661675880446
SINOD-D 3
1 40977U 15058P   26140.59369736  .00002781  00000-0  24266-3 0  9998
2 40977  64.7734   1.9713 0118296  69.1724 292.2012 14.93783612110630
ONEWEB-0287
1 49077U 21075C   26140.37400961 -.00000043  00000-0 -14419-3 0  9996
2 49077  87.9158  11.3965 0002102  94.6459 265.4912 13.17650030229967
STUDSAT
1 36796U 10035B   26140.47704834  .00002995  00000-0  21747-3 0  9999
2 36796  98.0971  46.1010 0012402 121.1331 239.1112 15.04663560860986
HULIANWANG DIGUI-51
1 65108U 25168C   26140.47821471 -.00000094  00000-0  64544-4 0  9990
2 65108  50.0042  65.2112 0010628   6.0555 354.0444 13.29319803 39003
KUIPER-00159
1 67764U 26030A   26140.55279021  .00023932  00000-0  64337-3 0  9990
2 67764  51.8855 232.0489 0005584 323.5467  36.5139 15.37760311 16147
ONEWEB-0081
1 45429U 20020F   26140.37806666  .00000258  00000-0  69081-3 0  9995
2 45429  87.8913  26.5984 0001999  79.6614 280.4739 13.11414502299091
MOHAMMED VI-B
1 43717U 18095A   26140.47063648  .00000249  00000-0  42506-4 0  9992
2 43717  97.9560 213.1756 0001236  82.3357 277.7994 14.77075901404098
ICEYE-X71
1 68494U 26067CG  26140.62435441  .00001552  00000-0  16049-3 0  9990
2 68494  97.7598  99.2913 0003758 102.9650 257.1988 14.91516447  7613
NOAA 18
1 28654U 05018A   26140.51992899  .00000025  00000-0  36309-4 0  9996
2 28654  98.8112 220.5975 0013471 226.4528 133.5527 14.13723708 82407
KUIPER-00131
1 68573U 26072A   26140.50003471  .00009600  00000-0  12876-2 0  9990
2 68573  51.9012 318.0790 0001934 122.1636  38.2038 14.79895300  4919
ONEWEB-0244
1 48776U 21045K   26140.61771890  .00000075  00000-0  16433-3 0  9998
2 48776  87.8999 264.6715 0001830  96.1453 263.9886 13.15550284241345
QIANFAN-126
1 68653U 26075T   26140.04274409 -.02148265  00000-0 -23186+1 0  9991
2 68653  88.9866 323.8832 0010274 100.9001 259.3322 13.77608095  6007
ORBCOMM FM 33
1 25983U 99065D   26140.43320615  .00000378  00000-0  16083-3 0  9992
2 25983  45.0274 194.3525 0009465 306.6475  53.3504 14.40932697384690
FLOCK 4H 32
1 66735U 25276BX  26140.43765934  .00004036  00000-0  19386-3 0  9996
2 66735  97.4227 214.4509 0006300 104.3312 255.8622 15.19392637 26204
JD 2
1 14729U 84012D   26140.30700018  .00001101  00000-0  14852-3 0  9996
2 14729  63.3038 112.1055 0746002 128.0352 239.0459 13.75953846340070
GONETS D1 3
1 23789U 96009C   26140.24252261  .00000006  00000-0 -26592-4 0  9995
2 23789  82.5788 337.6959 0006134 122.5601 237.6083 12.62685184394123
ETV-A1
1 51060U 22002CE  26140.46985181  .00008485  00000-0  21432-3 0  9993
2 51060  97.2885 206.8660 0006859  90.0012 270.2020 15.40040562241570
COSMOS 952
1 10358U 77088A   26140.44967356 -.00000063  00000-0  23367-4 0  9999
2 10358  64.9356 207.2231 0040834  12.4398 347.7659 13.83742901459349
NOVA 2
1 19223U 88052A   26140.61398178  .00000035  00000-0  64313-4 0  9995
2 19223  89.9862  78.0001 0028734 297.9667 235.9286 13.22954864830489
GAOFEN 11
1 43585U 18063A   26140.49971797  .00018533  00000-0  28339-3 0  9997
2 43585  97.1300 207.4726 0005673  83.2152 276.9748 15.54420390436040
FLOCK 4H 7
1 66710U 25276AW  26140.67185386  .00004407  00000-0  20964-3 0  9998
2 66710  97.4189 214.6563 0003914 114.0349 246.1295 15.19686377 26242
ONEWEB-0507
1 54125U 22138N   26140.75050841  .00000059  00000-0  11607-3 0  9998
2 54125  87.9145 310.4465 0001721  86.8983 273.2347 13.19725593173238
ANSER-LS
1 62644U 25009AM  26140.20641116  .00030160  00000-0  66669-3 0  9998
2 62644  97.4021 226.2914 0003197  86.7718 273.3896 15.43785487 74887
COSMOS 2483
1 39058U 13001B   26140.53092866  .00000047  00000-0  26261-3 0  9993
2 39058  82.5011 232.1390 0017701  75.7286 284.5759 12.44024170598158
PRAETORIAN SDA_605
1 65568U 25203D   26140.19116644  .00000101  00000-0  81259-4 0  9998
2 65568  81.3036  36.6575 0007158 267.0215  93.0122 13.83430638 34822
KINEIS-4D
1 63302U 25056C   26140.40231530 -.00000862  00000-0 -12881-3 0  9994
2 63302  97.9002 265.3057 0003749  77.3370 282.8257 14.72314709 63046
ONEWEB-0119
1 47265U 20100H   26140.30230726 -.00000130  00000-0 -39763-3 0  9990
2 47265  87.8954 356.2168 0001782  85.5154 274.6178 13.12440006261043
TURKSAT 3U
1 39152U 13018C   26140.19571487  .00002673  00000-0  24191-3 0  9996
2 39152  97.7917 231.1427 0012075 185.9706 174.1373 14.96224055706909
ONEWEB-0219
1 48223U 21031P   26140.66875011  .00000062  00000-0  13187-3 0  9994
2 48223  87.8939 295.1860 0001795 105.9868 254.1460 13.14502674244763
VIGORIDE 5
1 55056U 23001AZ  26140.16106798  .00024617  00000-0  31847-3 0  9994
2 55056  97.3234 210.7767 0004509 221.0018 139.0900 15.58904183188297
SHIKONGXING 01
1 65712U 25214A   26140.48090066  .00001210  00000-0  13962-3 0  9999
2 65712  49.9875  64.2912 0013013 140.8320 219.3566 14.92688193 35567
COSMOS 618
1  6986U 73104B   26140.37577931 -.00000005  00000-0  72978-4 0  9992
2  6986  74.0312   9.8240 0027312 160.0101  12.9563 12.49928132391757
HJS-6B
1 63429U 25067B   26140.51159219  .00002595  00000-0  11582-3 0  9991
2 63429  54.9880 149.3271 0004444 263.1048  96.9469 15.25042624 63729
ONEWEB-0243
1 48774U 21045H   26140.60821628 -.00000042  00000-0 -14509-3 0  9998
2 48774  87.8990 264.7150 0001966  83.7339 276.4015 13.15550021240737
FLOCK 4H 26
1 66729U 25276BR  26140.45153654  .00003916  00000-0  18901-3 0  9999
2 66729  97.4194 214.3560 0006555 105.3959 254.8000 15.19236678 26207
KUIPER-00114
1 65151U 25171V   26140.51030068 -.00000285  00000-0 -84428-5 0  9998
2 65151  51.8969 218.0071 0000441 113.6417 246.4592 14.79927671 43270
IHI-SAT2
1 66772U 25276DL  26140.45619826  .00004205  00000-0  19248-3 0  9992
2 66772  97.4235 214.8966 0000790  45.9192 314.2108 15.21050917 26235
KUIPER-00134
1 65960U 25228P   26140.56910148  .00017057  00000-0  42240-3 0  9997
2 65960  51.8740 331.6022 0005781 200.7120 159.3634 15.40511614 34863
COSMOS 1950
1 19195U 88046A   26140.46075737 -.00000028  00000-0 -76239-4 0  9996
2 19195  73.5963 142.3380 0024387 237.4716 289.4749 12.40923859720167
COSMOS 2068
1 20553U 90029E   26140.62666851 -.00000019  00000-0 -12473-4 0  9991
2 20553  73.9801 103.2271 0031805 257.6630 214.8832 12.56273832656517
PRAETORIAN SDA_619
1 65582U 25203T   26140.46739168  .00000100  00000-0  79440-4 0  9994
2 65582  81.3060  36.4378 0007003 267.5922  92.4433 13.83941000 35495
NOAA 15
1 25338U 98030A   26140.49229162  .00000080  00000-0  50270-4 0  9995
2 25338  98.5080 161.8717 0011424  71.4102 288.8319 14.27137160457345
GEESAT 5-05
1 65554U 25201E   26140.36760406  .00000758  00000-0  11698-3 0  9998
2 65554  49.9803 168.1970 0010978 174.3244 185.7820 14.84074608 37667
ONEWEB-0126
1 47272U 20100Q   26140.52100307  .00000237  00000-0  62278-3 0  9996
2 47272  87.8957 356.1734 0001692  88.2423 271.8900 13.12442910261072
COSMOS 2603
1 67677U 26023D   26140.43837296  .00006166  00000-0  25431-3 0  9998
2 67677  96.6324 205.1653 0017422 230.0759 129.8950 15.24220024 15775
IRIDIUM 122
1 42957U 17061C   26140.71401271  .00000117  00000-0  34572-4 0  9992
2 42957  86.3989  36.6699 0002356  84.3149 275.8316 14.34217087450846
ONEWEB-0159
1 48062U 21025W   26140.23376360 -.00000296  00000-0 -84442-3 0  9997
2 48062  87.8953 325.7813 0001561  94.9972 265.1335 13.13469090249932
HYPERFIELD-1A
1 60562U 24149CY  26140.17355282  .00004548  00000-0  15604-3 0  9995
2 60562  97.3799 220.4845 0006453  61.1100 299.0788 15.30647797 97757
COSMOS 407
1  5174U 71035A   26140.46973712  .00000050  00000-0  26995-4 0  9995
2  5174  74.0422 161.2262 0018661 345.6568  14.4051 14.34238203876610
IRIDIUM 5
1 24795U 97020D   26140.36551753  .00002157  00000-0  16084-3 0  9990
2 24795  86.3849 287.7336 0101050   5.8250 354.4129 14.98222882535883
ONEWEB-0218
1 48214U 21031E   26140.69886360 -.00000055  00000-0 -18278-3 0  9996
2 48214  87.8940 295.1765 0000922  91.7233 268.4003 13.14504712244764
METEOR 1-20
1 07574U 74099A   26140.29365145  .00000008  00000-0 -26207-5 0  9991
2 07574  81.2342 346.6776 0016977  27.8493 332.3584 14.12061978646527
YAOGAN 25A
1 40338U 14080A   26140.48313160  .00000083  00000-0  19645-3 0  9999
2 40338  63.3898  22.1633 0364221   9.0336 351.7012 13.45412011561938
HJ-2F
1 57519U 23116A   26140.50991125  .00005079  00000-0  22597-3 0  9994
2 57519  97.3850 146.2204 0010231 131.1891 229.0229 15.21880664154547
HULIANWANG DIGUI-82
1 65817U 25220A   26140.51352714  .00000051  00000-0  84415-4 0  9991
2 65817  86.4983  53.2011 0001507  61.8689 298.2597 13.24405345 31254
ONEWEB-0378
1 49304U 21090AB  26140.30415951 -.00000305  00000-0 -78159-3 0  9996
2 49304  87.9187 280.0020 0001892  94.2157 265.9193 13.20772469226109
FIREFLY-1
1 62701U 25009CW  26140.47659969  .00000716  00000-0  74649-4 0  9998
2 62701  97.7071 219.1815 0005484  66.3719 293.8076 14.92786161 73188
KUIPER-00124
1 65953U 25228G   26140.41743234  .00002586  00000-0  36806-3 0  9995
2 65953  51.9000  38.3889 0000836 100.9143 259.1914 14.79943100 33925
LIME
1 62648U 25009AR  26140.17788719  .00007869  00000-0  27132-3 0  9991
2 62648  97.3950 222.5600 0003326  95.3067 264.8553 15.30266220 74687
SWAS
1 25560U 98071A   26140.44939180  .00002370  00000-0  15439-3 0  9991
2 25560  69.8956 299.0375 0008419 285.1740  74.8493 15.09396768493080
ICEYE-X33
1 60548U 24149CJ  26140.50184869  .00004314  00000-0  34345-3 0  9991
2 60548  97.7185 219.8084 0000121 308.2983  51.8230 15.00903706 96051
QIANFAN-5
1 60383U 24140E   26140.54642748  .00000059  00000-0  73077-4 0  9996
2 60383  88.9687 282.7623 0017212 111.4216 248.8774 13.51007823 88744
NEXSAT-1
1 58921U 24024E   26140.50292829  .00004802  00000-0  15224-3 0  9998
2 58921  97.3053 214.8801 0007619 203.3791 156.7106 15.33160026127650
S-NET B
1 43187U 18014H   26140.29848665  .00003240  00000-0  17034-3 0  9995
2 43187  97.5388  45.2521 0010672 107.0177 253.2226 15.16345918454539
ONEWEB-0359
1 49285U 21090G   26140.45049717  .00000044  00000-0  76632-4 0  9996
2 49285  87.9171 279.9654 0001997 106.8369 253.2984 13.20771124226870
SHIYAN 24C 03
1 58652U 23206C   26140.76547388  .00000901  00000-0  80671-4 0  9996
2 58652  97.4033 109.9068 0001696 106.4949 253.6461 14.98098494131190
COSMOS 2092
1 20737U 90070C   26140.44531392  .00000017  00000-0  35017-4 0  9997
2 20737  82.5675 323.5828 0004282 182.2240 201.9782 12.63350043649858
DRAGRACER 2(AUGURY)
1 46955U 20085AC  26140.49642401  .00027140  00000-0  23605-3 0  9990
2 46955  97.5813 334.3891 0004529  24.6376 335.5100 15.69025156307527
COSMOS 2572
1 58435U 23182A   26140.74591104  .00032170  22453-5  10937-3 0  9992
2 58435  96.6794 245.2589 0008190 189.6283 170.4836 15.90090184144092
IRIDIUM 914
1 24836U 97030A   26140.42519342  .00000271  00000-0  77770-4 0  9997
2 24836  86.3954  39.7525 0002503 123.2562 236.8878 14.41219258655692
COSMOS 2571
1 58172U 23165C   26140.52888616 -.00000056  00000-0  14031-4 0  9992
2 58172  67.1519 354.6651 0015800 330.7373  29.2826 13.97332428130492
HULIANWANG DIGUI-95
1 66003U 25231J   26140.51603029 -.00000096  00000-0  59559-4 0  9990
2 66003  50.0035 274.6433 0000908 132.9088 227.1860 13.29331317 29210
KUIPER-00113
1 65948U 25228B   26140.45120874  .00001618  00000-0  24113-3 0  9995
2 65948  51.9015  38.2530 0000945  92.4789 267.6282 14.79935420 33927
COSMOS 449
1  5552U 71086F   26140.45122549 -.00000001  00000-0  11223-3 0  9998
2  5552  74.0282 210.8368 0037227  16.8535 354.4474 12.38733237469053
ESSA 9 (TOS-G)
1  3764U 69016A   26140.48396441 -.00000054  00000-0 -77837-4 0  9991
2  3764 101.4020 141.6744 0051239 165.8181 347.9657 12.49861339984364
JILIN-01 KUANFU 02B 4
1 61192U 24169D   26140.48368976  .00001987  00000-0  13079-3 0  9993
2 61192  97.5518 229.8080 0013172   7.9145 352.2289 15.08637642 91659
TOPO 1
1 04363U 70025B   26140.32814284 -.00000013  00000-0  52477-4 0  9999
2 04363  99.8895  54.5693 0002711  70.9010  43.0239 13.46698228757443
SKYSAT 1
1 39418U 13066C   26140.54446347  .00002327  00000-0  13542-3 0  9993
2 39418  97.3831 190.8229 0022759  53.2860 307.0458 15.12799130684304
TIANQI 22
1 57793U 23135B   26140.51701998  .00000124  00000-0  12452-3 0  9992
2 57793  49.9689 268.9571 0013717 164.1408 195.9936 14.23104718140681
GEESAT 3-06
1 61016U 24159F   26140.50489498  .00000917  00000-0  13573-3 0  9994
2 61016  49.9978 211.7419 0016846 330.1514  29.8462 14.84136194 92653
COSMOS 1091
1 11320U 79028A   26140.30674257  .00000036  00000-0  22371-4 0  9998
2 11320  82.9219 154.0191 0029135 240.0387 130.6402 13.74918351363308
LEMUR 2 MONSON
1 42839U 17042Q   26140.45266266  .00010422  00000-0  39367-3 0  9990
2 42839  97.4073 321.2396 0008141  95.0615 265.1553 15.27155772483930
MONOLITH
1 49052U 21068A   26140.49593492  .00003203  00000-0  20484-3 0  9994
2 49052  37.0234  70.1494 0003792 324.5204  35.5289 15.08831389263095
KUIPER-00483
1 68878U 26095Q   26140.50003471  .00027765  00000-0  12311-2 0  9999
2 68878  51.8799  17.1829 0010344 207.8935 251.4722 15.21349900  3530
MUNIN
1 26621U 00075C   26140.34697792  .00001024  00000-0  94840-3 0  9994
2 26621  95.4106  77.5780 0709294 323.9033  31.6111 13.04829356213170
HAWK-9C
1 59448U 24066G   26140.47814443  .00000827  00000-0  85932-4 0  9994
2 59448  45.6023  59.5710 0003467 246.2393 113.8125 14.99044014115675
ONEWEB-0313
1 49099U 21075AA  26140.39919948  .00000013  00000-0 -67178-6 0  9991
2 49099  87.9153  11.4058 0001914  86.8397 273.2953 13.17650920229931
TIANMU-1 14
1 58648U 23205D   26140.51315199  .00003789  00000-0  14765-3 0  9993
2 58648  97.3411 161.7432 0009692  75.2322 284.9990 15.26528173133287
CARTOSAT 2F
1 43111U 18004A   26140.28176988  .00004208  00000-0  20301-3 0  9998
2 43111  97.4808 200.1851 0001352  47.7091 312.4257 15.19233458463091
AO-91
1 43017U 17073E   26140.28897497  .00007220  00000-0  31664-3 0  9994
2 43017  97.4737   8.0820 0153781  65.2911 296.4240 15.12155521461175
COSMOS 1928
1 18941U 88016E   26140.56434986  .00000006  00000-0  13755-3 0  9994
2 18941  74.0056 239.8610 0011374 264.1894 107.7599 12.52893655653419
S-NET A
1 43188U 18014J   26140.55055129  .00003699  00000-0  19376-3 0  9999
2 43188  97.5395  45.7060 0010588 106.9833 253.2561 15.16384547454571
SPAWAR-CAL-OR
1 43778U 18099W   26140.06696256  .00006846  00000-0  29521-3 0  9995
2 43778  97.3812 188.7888 0012855  61.5645 298.6885 15.22794664408371
KUIPER-00203
1 67773U 26030K   26140.59955287  .00002516  00000-0  35898-3 0  9994
2 67773  51.9073 260.1503 0000627 109.8877 250.2153 14.79928503 15753
HULIANWANG DIGUI-29
1 63696U 25086K   26140.51004948  .00000033  00000-0  42488-4 0  9991
2 63696  86.5015 322.3843 0001630  77.6992 282.4325 13.24408506 51197
UWE-1
1 28892U 05043C   26140.39811081  .00000746  00000-0  12715-3 0  9991
2 28892  98.3041 296.0081 0012570 300.7208  59.2759 14.72037389 97677
XINGYUN-2 01
1 45602U 20028A   26140.47430097  .00000918  00000-0  57679-4 0  9992
2 45602  97.4861 133.4288 0007664 308.0228  52.0310 15.11673554330655
COSMOS 1634
1 15597U 85022A   26140.56140659  .00000058  00000-0  43875-4 0  9997
2 15597  82.9410 236.1760 0036907 113.1074 259.4605 13.75325554 66407
ONEWEB-0213
1 48790U 21045Z   26140.62406877  .00000114  00000-0  26838-3 0  9999
2 48790  87.8995 264.6842 0001741  90.7123 269.4207 13.15549447240811
FARADAY_PHOENIX
1 48924U 21059AX  26140.32349725  .00079906  00000-0  61590-3 0  9997
2 48924  97.6849 335.4046 0004550  87.9209 272.2574 15.71717841273278
QIANFAN-130
1 69076U 26104D   26140.54730850 -.01815342  00000-0 -98044+0 0  9996
2 69076  88.9862 344.7832 0008255 181.5539 178.5625 14.16346711  1160
IRIDIUM 178
1 56729U 23068V   26140.45981734  .00000875  00000-0  11175-3 0  9990
2 56729  86.6560  36.9449 0002401  88.2392 271.9104 14.80229743162267
CENTISPACE-1 S13
1 62582U 25007H   26140.42591476 -.00000054  00000-0  81728-4 0  9998
2 62582  54.9823  28.5753 0012281  38.5853 321.5979 13.80601339 70896
KUIPER-00078
1 64825U 25151K   26140.24580530  .00000111  00000-0  43532-4 0  9993
2 64825  51.9044 339.1704 0001073 114.0903 246.0172 14.79929157 45977
NINGXIA-1 9
1 49021U 21064D   26140.64057332  .00000138  00000-0  15594-3 0  9991
2 49021  45.0038 351.4376 0008040 122.6991 237.4621 14.08556573250342
KUIPER-00040
1 64501U 25134B   26140.91025257  .00002435  00000-0  34828-3 0  9997
2 64501  51.8979 283.8386 0001103 150.5137 209.5888 14.79938716 50620
ONEWEB-0023
1 45136U 20008F   26140.43051076 -.00000189  00000-0 -57899-3 0  9999
2 45136  87.8852  41.7890 0002001  82.0381 278.0973 13.10370431304447
RAWHIDE-1
1 68629U 26074C   26140.42916432  .00006134  00000-0  25820-3 0  9998
2 68629  60.0214 284.7010 0024293 359.1564   0.9471 15.24335008  6559
AUTCUBE 2
1 43681U 18084K   26140.00058037  .00002223  00000-0  14159-3 0  9991
2 43681  98.0729 344.6820 0010112 132.6960 227.5121 15.09872277412676
COSMOS 2528
1 43657U 18082A   26140.29737555 -.00000053  00000-0  16009-4 0  9999
2 43657  67.1464 145.5439 0007626 282.5239  77.4992 13.96707317386052
HULIANWANG DIGUI-52
1 65109U 25168D   26140.47004053 -.00000089  00000-0  74756-4 0  9990
2 65109  50.0036  65.1475 0010666  18.3140 341.8114 13.29317747 39009
COSMOS 1638
1 15620U 85023D   26140.59441223 -.00000005  00000-0  74510-4 0  9992
2 15620  74.0561  72.9962 0015982 206.1624 327.0726 12.49214196877288
PIESAT-2 09
1 62333U 24241A   26140.52907198  .00005546  00000-0  30902-3 0  9991
2 62333  97.5322  88.4929 0002313  89.0281 271.1215 15.14005822 78613
COSMOS 539
1  6319U 72102A   26140.41023125 -.00000010  00000-0  35195-4 0  9991
2  6319  74.0165 307.7581 0023659 143.4144 240.0375 12.75428664486634
HULIANWANG DIGUI-141
1 67439U 26007E   26140.48143263 -.00000089  00000-0  75732-4 0  9994
2 67439  50.0028 185.1011 0000830 265.2013  94.8764 13.29325395 17102
HJ-2B
1 46479U 20067B   26140.48533644  .00000383  00000-0  62124-4 0  9998
2 46479  97.8890 220.5112 0001236  77.5826 282.5522 14.76517567304173
COSMOS 803
1  8688U 76014A   26140.28874262  .00008764  00000-0  99362-4 0  9998
2  8688  65.8363  74.6294 0007480 328.9949  31.0766 15.62939173787492
GAOFEN 9
1 40894U 15047A   26140.53107983  .00000527  00000-0  71073-4 0  9997
2 40894  97.6294 177.4803 0026188 228.6150 131.2813 14.82825696576090
CSSWE
1 38761U 12048D   26140.50109635  .00018987  00000-0  41167-3 0  9997
2 38761  64.6608 187.1769 0051827 182.5613 177.5267 15.43052821112128
UMBRA-12
1 67371U 26004J   26140.96172061  .00002681  00000-0  29025-3 0  9999
2 67371  97.8017 140.1158 0004956 205.8125 154.2846 14.89071806 19256
KUIPER-00408
1 68924U 26098F   26140.52480661 -.00078126  00000-0 -25413-2 0  9992
2 68924  51.8747 201.3549 0016033  48.9734 311.2633 15.31411269  3099
KUIPER-00130
1 65959U 25228N   26140.42284140  .00000973  00000-0  15666-3 0  9997
2 65959  51.9041  33.4227 0000898 103.3647 256.7416 14.79925587 24280
QIANFAN-139
1 69085U 26104N   26140.12037331 -.01925819  00000-0 -93932+0 0  9996
2 69085  88.9865 344.8323 0006711 170.4107 189.7214 14.22021526  1105
IRIDE-MS1-EAG2-15
1 68462U 26067AY  26140.32440267  .00004902  00000-0  24222-3 0  9998
2 68462  97.4544  99.2111 0004448 108.6775 251.4942 15.18306490  7717
METEOR 2-19
1 20670U 90057A   26140.14863872  .00000023  00000-0  72442-5 0  9997
2 20670  82.5440 301.1299 0016485 156.4352 203.7567 13.84894806813750
RASSVET-3 7
1 68366U 26061G   26140.80864489 -.00244894  00000-0 -19227-2 0  9990
2 68366  82.2978  43.1707 0006862 178.2284 181.9004 15.72146533  9215
SWOT
1 54754U 22173A   26140.47836416  .00000088  00000-0  61059-4 0  9993
2 54754  77.6107  72.7132 0000966  95.2085 264.9177 14.00172946175279
YAOGAN-43 O1H
1 60465U 24148H   26140.55390046  .00004918  00000-0  18051-3 0  9995
2 60465  34.9923 332.1710 0007908 301.4587  58.5356 15.27297307 97968
HADES-SA (SPINNYONE)
1 68446U 26067AG  26140.34839703  .00012401  00000-0  61180-3 0  9996
2 68446  97.4403  99.0872 0007979 152.4943 207.6715 15.18020351  7700
NUSAT-35 (WILLIAMINA)
1 55048U 23001AR  26140.51946708  .00009405  00000-0  28465-3 0  9997
2 55048  97.1868 193.9641 0011371 190.6219 169.4786 15.34329417188161
SDA_1671
1 65981U 25230H   26140.52293696  .00000219  00000-0  18858-3 0  9991
2 65981  81.3010 237.3310 0001029 274.2436  85.8602 13.83321215 29989
COSMOS 1861
1 18129U 87054A   26140.33387970  .00000037  00000-0  23894-4 0  9998
2 18129  82.9258 343.4619 0012449  36.7398 136.1016 13.73264898949712
KUIPER-00033
1 63746U 25088Y   26140.51358132 -.00000476  00000-0 -33415-4 0  9999
2 63746  51.8993 167.9731 0000402  85.5082 274.5926 14.79929621 58256
YAOGAN-43 O1F
1 60463U 24148F   26140.55454522  .00010200  00000-0  32463-3 0  9997
2 60463  34.9929 324.4860 0008616 322.4149  37.5965 15.31755208 98043
COSMOS 2408
1 28419U 04037A   26140.54018132  .00000130  00000-0  83571-3 0  9996
2 28419  82.4852 343.1894 0015665 332.4546  27.5704 12.45679505984467
KUIPER-00223
1 67783U 26030V   26140.50003471 -.00043033  00000-0 -35060-2 0  9996
2 67783  51.8938 235.8992 0008284 324.6869 199.5888 14.99045250  5197
ONEWEB-0175
1 48073U 21025AH  26140.50970079  .00000277  00000-0  72399-3 0  9991
2 48073  87.8952 325.7161 0001597  80.7798 279.3512 13.13468358249858
YAOGAN-39 03C
1 57990U 23152E   26140.37184563  .00002911  00000-0  14242-3 0  9992
2 57990  34.9899 109.6022 0011135 253.2062 106.7429 15.17719916145933
ONEWEB-0356
1 49283U 21090E   26140.65083419  .00000072  00000-0  14513-3 0  9993
2 49283  87.9176 279.9254 0002667  93.0727 267.0712 13.20768980226192
FLOCK 4H 3
1 66706U 25276AS  26140.61126347  .00004319  00000-0  20606-3 0  9994
2 66706  97.4245 214.7162 0005685  99.1340 261.0538 15.19589482 26231
JILIN-01 GAOFEN 3D 31
1 52448U 22048F   26140.52348734  .00087809  00000-0  62737-3 0  9998
2 52448  97.5663 253.2367 0003380 185.4283 174.6944 15.73495407225227
COSMOS 723
1  7718U 75024A   26140.37357294 -.00000068  00000-0  19259-4 0  9999
2  7718  64.7184   9.1081 0047528 341.5886  18.3453 13.89662508594915
ONEWEB-0587
1 54654U 22166N   26140.58109305  .00000008  00000-0 -12386-4 0  9998
2 54654  87.9261 249.4593 0001665 102.9915 257.1405 13.21827340168033
ONEWEB-0115
1 48042U 21025A   26140.75177430  .00000049  00000-0  99389-4 0  9990
2 48042  87.8948 325.6887 0001815  89.0349 271.0988 13.13470880249994
DMC 2
1 35683U 09041C   26140.56685010  .00000613  00000-0  96272-4 0  9993
2 35683  97.8802 276.2152 0001591  78.8156 281.3232 14.75978928902492
COSMOS 970
1 10531U 77121A   26140.52131873 -.00000045  00000-0  40592-4 0  9995
2 10531  65.8533 227.2259 0149827 214.6002 144.5235 13.59867039795687
YUNHAI 2-2B
1 59281U 24052B   26140.50610948 -.00000086  00000-0  30202-4 0  9990
2 59281  50.0082 139.7902 0004488  91.5775 268.5654 14.27962961112659
COSMOS 1480
1 14178U 83069H   26140.60333878  .00000004  00000-0  13718-3 0  9995
2 14178  74.0258 252.0968 0035727  55.4325 316.8673 12.43701597946517
COSMOS 1371
1 13241U 82051A   26140.41754349  .00000050  00000-0  28082-4 0  9996
2 13241  74.0423 298.1433 0012507  45.3114 314.9054 14.32606868295473
QIANFAN-22
1 61555U 24185D   26140.50656100  .00000225  00000-0  18302-3 0  9994
2 61555  88.9830  61.8369 0004492 216.9211 143.1652 13.86380143 90934
KUIPER-00141
1 65966U 25228V   26140.39987296  .00000541  00000-0  99960-4 0  9994
2 65966  51.9036  23.6033 0000873 106.1127 253.9931 14.79931574 34123
COSMOS 1566
1 15005U 84052H   26140.54251177 -.00000005  00000-0  68206-4 0  9997
2 15005  74.0131  69.0008 0051576 172.7913   0.7807 12.57383861926638
COSMOS 2084
1 20663U 90055A   26140.24123234  .00001089  00000-0  88175-4 0  9991
2 20663  62.7883  91.4637 0006643 233.0376 127.0117 15.05983446947099
SDX02
1 62460U 24253B   26140.51154109  .00027073  00000-0  27045-3 0  9993
2 62460  54.9933 117.9785 0006807  86.6127 273.5691 15.65455103 78184
FLOCK 4Q 2
1 58320U 23174BS  26140.48310228  .00016635  00000-0  31655-3 0  9990
2 58320  97.3825 228.2939 0005508 220.0772 140.0073 15.48284709141310
GHGSAT-C4
1 52746U 22057Q   26140.47388226  .00004563  00000-0  14147-3 0  9991
2 52746  97.6495 283.9649 0006158 191.8706 168.2392 15.33947642221290
COSMOS 2538
1 44424U 19039D   26140.53339831  .00004329  00000-0  19723-3 0  9991
2 44424  97.5878 219.7445 0043589 139.6538 220.7945 15.20366357375709
MACSAT 2 (M 2)
1 20608U 90043B   26140.54108304  .00000495  00000-0  58998-4 0  9991
2 20608  89.7531 246.0559 0078795 268.7700  90.4496 14.80646056934309
SJ-12
1 36596U 10027A   26140.48056056  .00003026  00000-0  15922-3 0  9999
2 36596  97.7629 157.5210 0006621 176.9107 183.2167 15.16438479870661
COSMOS 1798
1 17142U 86092E   26140.52717241  .00000008  00000-0  15331-3 0  9996
2 17142  74.0141 228.6243 0028940 281.7226  89.2821 12.53475862807190
COSMOS 1162
1 11697U 80012G   26140.39839749 -.00000013  00000-0  19161-4 0  9997
2 11697  74.0204 300.7168 0029558  52.1244 332.1479 12.42742355 99041
IRIDIUM 107
1 42960U 17061F   26140.44762417  .00000044  00000-0  84831-5 0  9991
2 42960  86.3992  36.8648 0002356  79.3034 280.8427 14.34217882450849
HULIANWANG DIGUI-37
1 64958U 25159C   26140.51359463  .00000058  00000-0  10142-3 0  9997
2 64958  86.4880 291.6551 0001940  97.5536 262.5819 13.24406429 39466
TIANMU-1 21
1 58662U 23208C   26140.47374498  .00006973  00000-0  21076-3 0  9995
2 58662  97.4478 259.8162 0008227  64.1463 296.0627 15.34521917133315
ONEWEB-0090
1 45427U 20020D   26140.21204756  .00000565  00000-0  15589-2 0  9992
2 45427  87.8921  26.6349 0001739  80.5700 279.5625 13.11415937299000
ONEWEB-0267
1 48985U 21060U   26140.55385858  .00000175  00000-0  42413-3 0  9993
2 48985  87.9111 234.2577 0001962  95.3855 264.7500 13.16593530235950
COSMOS 2190
1 21979U 92030D   26140.57020255  .00000003  00000-0  12133-3 0  9997
2 21979  74.0032 253.6448 0031305 148.5765 222.7611 12.52285447552492
BB 2
1 56170U 23050J   26140.56877260  .00000228  00000-0  12851-3 0  9995
2 56170  81.0007 106.0645 0010923  19.9921 340.1673 14.07392846157781
ONEWEB-0270
1 48988U 21060X   26140.52061436  .00000093  00000-0  21040-3 0  9998
2 48988  87.9107 234.2754 0001638  96.9994 263.1323 13.16596452236027
COSMOS 1125
1 11510U 79078A   26140.34268664  .00000079  00000-0  37445-4 0  9994
2 11510  74.0345 226.2430 0011524  98.7446 261.5012 14.34122548441441
JAWSAT
1 26061U 00004A   26140.39531768  .00000306  00000-0  10466-3 0  9993
2 26061 100.2234 139.9384 0031106 310.4149  49.4323 14.45073514382911
ONEWEB-0574
1 56063U 23043T   26140.56258735  .00000160  00000-0  35677-3 0  9994
2 56063  87.9263 249.4683 0002205  99.5888 260.5495 13.21826252154620
YAOGAN-30 G
1 43081U 17085A   26140.51267236  .00001666  00000-0  12491-3 0  9991
2 43081  34.9967 318.7116 0005546 271.4097  88.5976 15.02548421458555
NADEZHDA 1
1 20103U 89050A   26140.46731800  .00000025  00000-0  10549-4 0  9990
2 20103  82.9593 321.9464 0037370 183.1293 207.9352 13.74849325849645
ONEWEB-0524
1 54142U 22138AF  26140.29221795 -.00000009  00000-0 -54359-4 0  9993
2 54142  87.9172 279.9998 0001456 126.3691 233.7577 13.20771935175622
SMDC ONE 2.3
1 39474U 13072N   26140.48795029  .00062520  00000-0  71596-3 0  9993
2 39474 120.4508  23.6533 0070784  22.9075 337.5151 15.58566953113252
NIMBUS 6
1  7924U 75052A   26140.53360681 -.00000017  00000-0  50321-4 0  9990
2  7924 100.0051  53.1183 0007198 292.5030 240.7386 13.40822283492422
COSMOS 943
1 10289U 77079E   26140.63448248  .00000000  00000-0  10548-3 0  9993
2 10289  74.0244 267.1383 0007962 249.1136 121.9154 12.52098224202331
YAOGAN-31 E
1 47533U 21007B   26140.54444480 -.00000000  00000-0  13889-3 0  9991
2 47533  63.4030 213.1661 0174023   0.5458 359.5727 13.45446385260514
COSMOS 2330
1 23792U 96009F   26140.36655831  .00000020  00000-0  51211-4 0  9993
2 23792  82.5828   1.6163 0012070 137.2160 222.9872 12.60976568392135
GOSAT (IBUKI)
1 33492U 09002A   26140.59276601  .00000286  00000-0  58892-4 0  9993
2 33492  98.0863 252.0240 0001889 103.6668 256.4747 14.67536589927410
NOAA 16
1 26536U 00055A   26140.49626042  .00000028  00000-0  36047-4 0  9992
2 26536  98.4636 156.2379 0010893  27.2371 332.9372 14.13915638619811
KOMPSAT
1 26032U 99070A   26140.52703454  .00000592  00000-0  92468-4 0  9990
2 26032  98.3017 311.4871 0003870  13.9526 346.1789 14.76660171689776
HJS-7D
1 65620U 25209D   26140.57777089 -.00000068  00000-0  10721-3 0  9999
2 65620  49.9991  99.7026 0005484 310.0678  49.9718 13.41467900 33932
CAS500-1
1 47932U 21022A   26140.54862667  .00004169  00000-0  19588-3 0  9993
2 47932  97.3924  36.3566 0006546  41.2537 318.9192 15.20129001286564
AETHER-5
1 67376U 26004P   26140.61249704  .00000344  00000-0  45130-4 0  9995
2 67376  97.8039 139.6686 0002710 199.4411 160.6702 14.86335837 19195
NUSAT-51 (YVONNE BRILL)
1 66740U 25276CC  26140.51102369  .00004049  00000-0  19168-3 0  9990
2 66740  97.4211 214.6236 0004804  95.1531 265.0252 15.19899732 26221
GITAI-SC1
1 62388U 24247M   26140.60095951  .00002578  00000-0  12624-3 0  9994
2 62388  45.0013 100.7699 0000924 297.3245  62.7541 15.21053236 78537
ONEWEB-0215
1 48800U 21045AK  26140.57178272  .00000239  00000-0  60124-3 0  9994
2 48800  87.9001 264.6816 0001384  81.9168 278.2120 13.15549656240664
COSMOS 2180
1 21875U 92008A   26140.58120561  .00000049  00000-0  36121-4 0  9993
2 21875  82.9275 241.9601 0038530  49.8565 320.8032 13.73961787717035
ONEWEB-0668
1 56711U 23068B   26140.53801569  .00000105  00000-0  24148-3 0  9997
2 56711  87.9111 234.2608 0002165 115.2423 244.8932 13.16596925148143
LARES
1 38077U 12006A   26140.55514589 -.00000036  00000-0  16193-4 0  9993
2 38077  69.4908 339.4453 0006615  59.7655 300.4025 12.54932064653609
KUIPER-00453
1 68947U 26098AE  26140.47927259  .00012553  00000-0  36063-3 0  9994
2 68947  51.8740 201.0600 0003148  87.9240 272.2107 15.36194127  3098
ONEWEB-0597
1 54663U 22166X   26140.58277128  .00000003  00000-0 -24382-4 0  9991
2 54663  87.9250 249.4805 0002094  99.0552 261.0819 13.21825238167897
KUIPER-00009
1 63725U 25088B   26140.33260238  .00000993  00000-0  15919-3 0  9995
2 63725  51.9019 148.8231 0000197 103.5855 256.5130 14.79940303 58400
YAOGAN 16C
1 39013U 12066C   26140.53676640 -.00000063  00000-0  26880-4 0  9999
2 39013  63.3564   0.9329 0433593  26.2326 335.9973 13.45503292662418
RAPIDEYE 3
1 33315U 08040D   26140.47686581  .00000986  00000-0  70173-4 0  9990
2 33315  97.3853 171.7755 0012118 127.0522 233.1816 15.06771674962103
GJZ 05
1 62294U 24238E   26140.57265394 -.00000046  00000-0  75518-4 0  9997
2 62294  59.9131 354.5629 0013280 353.2104   6.8722 13.75187540 72116
PAYLOAD A
1 39208U 13037A   26140.44573293  .00000318  00000-0  58393-4 0  9990
2 39208  98.0888 143.8248 0006718 228.2472 131.8162 14.72248997688124
USA 121
1 23908U 96029C   26140.35375124  .00000495  00000-0  10217-3 0  9993
2 23908  63.3187 264.4385 0849929  49.0564 318.0930 13.46170693 99623
BIOMASS
1 63772U 25090A   26140.07875200  .00000384  00000-0  76139-4 0  9998
2 63772  98.0745 327.8020 0001433  98.5313 261.6054 14.67536442 56560
KUIPER-00156
1 65775U 25217P   26140.04744723  .00002219  00000-0  31993-3 0  9993
2 65775  51.9034  70.1000 0000800  98.0985 262.0068 14.79935841 35686
FLOCK 4BE 25
1 60487U 24149V   26140.50955244  .00010117  00000-0  27246-3 0  9996
2 60487  97.3796 223.4888 0002139  46.1441 313.9980 15.38038029 97983
IRIDIUM 108
1 41924U 17003H   26140.54618629  .00000036  00000-0  56546-5 0  9995
2 41924  86.3963  68.3156 0002166  84.9568 275.1875 14.34217722491148
QIANFAN-83
1 63169U 25046L   26140.45647745  .00000075  00000-0  81236-4 0  9993
2 63169  88.9689 302.9305 0014224  14.8669 345.2904 13.62035688 69200
PACE
1 58928U 24025A   26140.33937633  .00000257  00000-0  56138-4 0  9996
2 58928  98.0951  72.0693 0002211  24.5552 335.5756 14.65517197121859
TIGER-7
1 59141U 24043AV  26140.34146726  .00009518  00000-0  18502-3 0  9991
2 59141  97.5461 290.0976 0004668 272.1601  87.9114 15.47827523123662
COSMOS 568
1  6679U 73037E   26140.35825542 -.00000004  00000-0  69563-4 0  9993
2  6679  74.0179 280.6488 0067096 103.1221 285.0637 12.58953718433260
ONEWEB-0192
1 48222U 21031N   26140.84160565 -.00000189  00000-0 -54471-3 0  9997
2 48222  87.8927 295.1596 0001697  96.9045 263.2278 13.14503282244586
FLOCK 4G 33
1 62685U 25009CE  26140.16994758  .00004443  00000-0  18031-3 0  9996
2 62685  97.3945 220.3692 0007049  77.0327 283.1697 15.25100127 74535
OSCAR 27
1 18361U 87080A   26140.60781546  .00000099  00000-0  14718-3 0  9994
2 18361  90.3711  85.1258 0105295 128.6933 232.3691 13.44936465896920
NUSAT-45 (UZMASAT-1)
1 62640U 25009AH  26140.52701876  .00006458  00000-0  22488-3 0  9993
2 62640  97.3594 221.9851 0003432  83.3837 276.7794 15.30012575 74696
IRS B3
1 23827U 96017A   26140.47700422  .00000056  00000-0  45161-4 0  9996
2 23827  99.0300 163.2324 0003815  35.9531 324.1903 14.23725998565928
IRIDE FM7
1 66701U 25276AM  26140.53500068  .00003680  00000-0  17469-3 0  9999
2 66701  97.4219 214.6097 0006041  98.1662 262.0258 15.19857119 26220
COSMOS 409
1  5180U 71038A   26140.54506447  .00000105  00000-0  32006-3 0  9991
2  5180  74.0030  55.1322 0023335 308.4948 225.2695 13.17844608648607
RIDESHARE ADAPTER
1 47435U 21006Y   26140.52281473  .00010541  00000-0  22246-3 0  9997
2 47435  97.2223 194.6558 0005413 253.8991 106.1663 15.45373801295879
COSMOS 990
1 10676U 78019A   26140.40989189  .00000084  00000-0  37115-4 0  9999
2 10676  74.0385 202.1226 0016339 185.8004 174.2963 14.37237123526033
SAUDICOMSAT 4
1 31127U 07012L   26140.34713066  .00000383  00000-0  80238-4 0  9996
2 31127  98.3970 112.3537 0063144 346.6314  13.3212 14.64475307 17213
SPACEMOBILE-002
1 61048U 24163D   26140.12177946  .00005269  00000-0  25104-3 0  9992
2 61048  52.9801  78.1930 0008997  42.7650 317.4043 15.20703643 93499
ONEWEB-0606
1 54670U 22166AE  26140.53062741  .00000007  00000-0 -14987-4 0  9991
2 54670  87.9253 249.5031 0001842 101.0367 259.0975 13.21825128167919
QIANFAN-25
1 61558U 24185G   26140.50084294  .00000363  00000-0  21295-3 0  9994
2 61558  88.9831  60.2067 0010190 180.5500 179.5672 14.06052253 91819
ISS (UNITY)
1 25575U 98069F   26140.52007258  .00005164  00000-0  10084-3 0  9990
2 25575  51.6328  77.0641 0007497  79.3410 280.8422 15.49283153567114
LILIUM-1
1 58467U 23185F   26140.51793620  .00379683  61067-4  85766-3 0  9990
2 58467  97.3188 223.7656 0009732 230.7298 129.3116 15.97526084138216
SPACEVAN-001
1 58295U 23174AR  26140.71065986  .00010291  00000-0  13959-3 0  9994
2 58295  97.3989 236.6987 0008460 161.2015 198.9554 15.57815056141865
YAOGAN 21
1 40143U 14053A   26140.55901721  .00009179  00000-0  35997-3 0  9990
2 40143  97.1488 181.9871 0008255 176.6969 183.4326 15.25929659650742
COSMOS 1691
1 16139U 85094B   26140.41684936  .00000028  00000-0  96117-4 0  9998
2 16139  82.6098 307.5627 0000753 115.7234 270.5903 12.62475379871731
HEAD-1
1 43011U 17072B   26140.50778909  .00000529  00000-0  22871-3 0  9993
2 43011  98.9555 158.2748 0008953 230.4941 129.5448 14.28779782443408
OPS 9845 (DMSP 5D-2 F6)
1 13736U 82118A   26140.24014446  .00000078  00000-0  46589-4 0  9999
2 13736  98.5932 328.2049 0008481  53.5765 306.6198 14.30509292261016
ONEWEB-0592
1 54658U 22166S   26140.53230972  .00000136  00000-0  29804-3 0  9995
2 54658  87.9261 249.4652 0002003 100.4271 259.7088 13.21824894167785
SDA_1669
1 65979U 25230F   26140.54678284  .00000104  00000-0  81120-4 0  9996
2 65979  81.3016 237.2032 0002921 269.1840  90.8983 13.85268605 29990
COSMOS 846
1 09061U 76078A   26140.60592251  .00000051  00000-0  36289-4 0  9995
2 09061  82.9310  81.1974 0039856 253.9572 280.2195 13.76650583771438
COSMOS 338
1  4385U 70036C   26140.53110088  .00000002  00000-0  12529-3 0  9999
2  4385  74.0292 246.7219 0031553 103.8671 268.4156 12.43373437544552
HAMMER
1 59148U 24043BC  26140.51242337  .00033547  00000-0  62869-3 0  9996
2 59148  97.5434 287.9893 0005496 273.3126  86.7495 15.48584796123524
LANDSAT 7
1 25682U 99020A   26140.51167985  .00000233  00000-0  53098-4 0  9995
2 25682  97.8584 145.4166 0001545 102.8443  57.4723 14.63890067441797
COSMOS 1000
1 10776U 78034A   26140.40589406  .00000051  00000-0  37556-4 0  9998
2 10776  82.9445   8.8595 0033598 221.1860 312.1092 13.75612782415547
COSMOS 1855
1 18116U 87051D   26140.44301375 -.00000017  00000-0 -30556-5 0  9992
2 18116  74.0036 314.7982 0019558 354.5277  30.3828 12.50732588777347
COSMOS 1513
1 14546U 83120A   26140.34336144  .00000056  00000-0  43671-4 0  9991
2 14546  82.9389 253.1120 0037803 337.6088  76.0624 13.74462890128483
COSMOS 1538
1 14759U 84019A   26140.97007228  .00000052  00000-0  27490-4 0  9999
2 14759  74.0395 329.1392 0020116 126.2091 234.0925 14.34514932209064
IRIDIUM 116
1 43072U 17083C   26140.51688980 -.00000016  00000-0 -12731-4 0  9990
2 43072  86.3955 333.5752 0001844  81.2667 278.8737 14.34218167440208
ONEWEB-0242
1 48772U 21045F   26140.58920357  .00000071  00000-0  15434-3 0  9990
2 48772  87.8996 264.6855 0001892  94.1651 265.9696 13.15547405240799
ONEWEB-0083
1 45435U 20020M   26140.43585023  .00000518  00000-0  14248-2 0  9993
2 45435  87.8921  26.5787 0001777  78.9541 281.1787 13.11418129299037
COSMOS 2188
1 21977U 92030B   26140.59613826 -.00000008  00000-0  49990-4 0  9997
2 21977  74.0025  90.0435 0058473 309.5335 232.1236 12.57553288559006
ZY 3 2
1 41556U 16033A   26140.10419571  .00003883  00000-0  17528-3 0  9993
2 41556  97.3835 216.4170 0013219  40.0419 320.1789 15.21500562553711
NUSAT-43 (R DIENG-KUNTZ)
1 56968U 23084AN  26140.16156865  .08264741  25921-5  21641-3 0  9995
2 56968  97.4278 289.3563 0015580 270.8160  89.1356 16.44357658164936
ONEWEB-0650
1 55813U 23029T   26140.17714690 -.00000024  00000-0 -91319-4 0  9991
2 55813  87.9146 310.5612 0001422  83.8336 276.2958 13.19725737155204
CARTOSAT 2B
1 36795U 10035A   26140.52702402  .00000636  00000-0  94042-4 0  9992
2 36795  97.9966 191.2504 0009995 282.2672  77.7420 14.78623290855761
COSMOS 2406
1 28352U 04021A   26140.48916195 -.00000076  00000-0 -15519-4 0  9993
2 28352  70.9929 157.3742 0010189 195.5231 164.5579 14.12132141130801
HULIANWANG DIGUI-30
1 64283U 25121A   26140.51747137  .00000050  00000-0  82526-4 0  9994
2 64283  86.5012  22.8973 0001671  86.7001 273.4324 13.24409991 46495
ORBCOMM FM 34
1 25986U 99065G   26140.48132865  .00000402  00000-0  17860-3 0  9990
2 25986  45.0395 299.5162 0004428 222.7995 137.2509 14.37907326383436
ONEWEB-0232
1 48781U 21045Q   26140.61298381  .00000011  00000-0 -48259-5 0  9997
2 48781  87.9003 264.6760 0001811 101.0889 259.0445 13.15549413241020
ONEWEB-0554
1 56056U 23043L   26140.50636998  .00000129  00000-0  30466-3 0  9997
2 56056  87.9108 234.2796 0002336  98.0011 262.1385 13.16596080155314
ONEWEB-0296
1 49085U 21075L   26140.33110094 -.00000384  00000-0 -11040-2 0  9990
2 49085  87.8966 356.2041 0001779  96.8541 263.2790 13.12443295230929
KUIPER-00057
1 64517U 25134T   26140.65356394 -.00000055  00000-0  21791-4 0  9997
2 64517  51.8954 272.3486 0000846 102.6848 257.4209 14.79928516 50765
GLOBALSTAR M046
1 25651U 99012C   26140.40276267 -.00000158  00000-0 -75835-3 0  9994
2 25651  52.0078  32.0070 0001367 182.2731 350.6657 12.09422695224466
GEESAT 4-05
1 65123U 25170E   26140.52900095  .00000855  00000-0  13445-3 0  9993
2 65123  49.9952 256.4429 0008166 214.9616 145.0787 14.82039298 42946
ONEWEB-0666
1 55826U 23029AG  26140.30570085  .00000005  00000-0 -18885-4 0  9993
2 55826  87.9159 280.0351 0001926 120.5098 239.6225 13.20777391157472
ONEWEB-0279
1 48997U 21060AG  26140.53486087  .00000137  00000-0  32537-3 0  9994
2 48997  87.9105 234.2620 0001975  93.3049 266.8308 13.16593192235988
ORBCOMM-X
1 21576U 91050C   26140.62123745  .00000162  00000-0  60456-4 0  9993
2 21576  98.2969 204.5766 0002514 231.3600 128.7366 14.43563059830793
WISDOM-A
1 66688U 25276Y   26140.20003119  .00003410  00000-0  16599-3 0  9996
2 66688  97.4224 214.1594 0006633  96.8187 263.3802 15.19031945 26164
HULIANWANG DIGUI-40
1 65043U 25162A   26140.34971567 -.00000082  00000-0  90723-4 0  9995
2 65043  50.0014   5.7890 0000509  21.8575 338.2318 13.29323667 39643
COSMOS 2369
1 26069U 00006A   26140.37025962  .00000049  00000-0  50653-4 0  9992
2 26069  70.9978   9.7342 0012541 322.8626  37.1627 14.13895676620028
METEOR 2-17
1 18820U 88005A   26140.10327101  .00000018  00000-0  26262-5 0  9990
2 18820  82.5424 346.0445 0016996 154.7020 323.2577 13.85657130936299
EZIE-A
1 63247U 25052AP  26140.44454590  .00003564  00000-0  31416-3 0  9990
2 63247  97.6923  33.0502 0001497 325.6896  34.4229 14.97069964 64518
ONEWEB-0225
1 48799U 21045AJ  26140.60187940 -.00000083  00000-0 -25431-3 0  9998
2 48799  87.8985 264.6944 0001578  83.5517 276.5793 13.15547423240795
ONEWEB-0609
1 56070U 23043AA  26140.57256233  .00000165  00000-0  40442-3 0  9995
2 56070  87.8987 264.7160 0001807 102.0480 258.0853 13.15547086152801
SUPERVIEW NEO-2 06
1 68378U 26062B   26140.23265381  .00001047  00000-0  52170-4 0  9992
2 68378  97.4384 147.9433 0001493 107.6644 252.4754 15.19720116  8409
TEN-KOH 2
1 68261U 25241B   26140.07574198  .00004855  00000-0  21441-3 0  9998
2 68261  51.6584  93.3832 0006495  57.2154 302.9449 15.23497329 10625
FLYLAB 1
1 68472U 26067BJ  26140.77923198  .00001540  00000-0  16224-3 0  9995
2 68472  97.7617  99.4066 0005506 117.7605 242.4172 14.90767970  7642
GESAT GEN 1
1 62612U 25009D   26140.65393557  .00006194  00000-0  22883-3 0  9995
2 62612  97.4017 222.8680 0002063  84.9289 275.2185 15.28093946 74712
NISAR
1 65053U 25163A   26140.48874550  .00000123  00000-0  50319-4 0  9998
2 65053  98.4055 328.5584 0001223  89.6955 270.4375 14.42505896 42397
PROBA V
1 39159U 13021A   26140.42689493  .00000038  00000-0  34495-4 0  9992
2 39159  98.3573 120.4067 0003600 197.7271 162.3784 14.23590477677167
COSMOS 2162
1 21733U 91068F   26140.32969343  .00000014  00000-0  19051-4 0  9997
2 21733  82.5902 357.3230 0005930 282.3689 250.6093 12.62438657596427
KUIPER-00085
1 64831U 25151R   26140.25389950  .00002265  00000-0  32597-3 0  9994
2 64831  51.9047 331.6924 0000834 117.1113 242.9935 14.79934819 46074
COSMOS 2550
1 48865U 21056A   26140.57113885  .00003130  00000-0  10057-3 0  9999
2 48865  67.1417 183.4403 0008477 265.6375  94.3810 15.33938524274485
LEMUR 2 THERMORAPTOR
1 63354U 25061D   26140.51401197  .00002298  00000-0  13036-3 0  9993
2 63354  97.5686 116.7411 0018940 357.4164   2.6966 15.13848983 63421
ONEWEB-0229
1 48779U 21045N   26140.60504087 -.00000341  00000-0 -93900-3 0  9994
2 48779  87.8999 264.6849 0001868  95.6721 264.4622 13.15547478240781
LILIUM-2
1 66679U 25276P   26140.48579283  .00001500  00000-0  77476-4 0  9996
2 66679  97.4162 214.0870 0007699 101.8508 258.3589 15.17796087 26190
COSMOS 2143
1 21299U 91033A   26140.42704814  .00000019  00000-0  46946-4 0  9995
2 21299  82.5733 320.5378 0013863 114.7132 267.9918 12.63928093615064
KUIPER-00197
1 67769U 26030F   26140.50003471 -.00020596  00000-0 -10143-2 0  9994
2 67769  51.8920 232.6821 0003952 336.3061 249.7138 15.17057638  4075
KUIPER-00064
1 64524U 25134AA  26140.88452056 -.00000531  00000-0 -40668-4 0  9996
2 64524  51.9015 276.2944 0000612 109.5354 250.5675 14.79928711 50738
NNSS 19 (TRANSIT 19)
1  4507U 70067A   26140.52654375  .00000140  00000-0  18357-3 0  9998
2  4507  90.0173 234.6765 0171756 192.0962 167.6042 13.51357744743669
SHINSEI (MS-F2)
1 05485U 71080A   26140.19159228  .00000079  00000-0  94048-4 0  9993
2 05485  32.0555 224.2665 0639706 214.0051 141.7915 12.74250324545681
METEOR 2-12
1 15516U 85013A   26140.35504983  .00000014  00000-0 -32495-6 0  9990
2 15516  82.5316 354.0117 0015610   2.5689 357.5550 13.85864776 87953
LILIUM-3
1 66770U 25276DJ  26140.17002930  .00001499  00000-0  74096-4 0  9996
2 66770  97.4252 214.3934 0002291  37.5705 322.5690 15.19365504 26176
YAOGAN-43 O1D
1 60461U 24148D   26140.52133392  .00004612  00000-0  15869-3 0  9992
2 60461  35.0058 324.2388 0003373 298.9156  61.1223 15.29453182 98042
EDISON-1
1 62610U 25009B   26140.48092151  .00008795  00000-0  29715-3 0  9990
2 62610  97.4005 223.0483 0006333  60.2804 299.9067 15.30877821 74712
ONEWEB-0325
1 49194U 21083J   26140.51952774  .00000031  00000-0  44792-4 0  9998
2 49194  87.9166 340.9660 0001871  85.8186 274.3160 13.18685377226368
GONETS-M 25
1 54152U 22139C   26140.53130050  .00000019  00000-0  69426-4 0  9995
2 54152  82.5072   5.2336 0019818 292.6297  67.2687 12.42889251162216
PERSEUS M2
1 40037U 14033AD  26140.49620916  .00000973  00000-0  93474-4 0  9995
2 40037  97.9968  90.4786 0013167  37.6463 322.5676 14.95417546646648
ONEWEB-0125
1 47271U 20100P   26140.57677897  .00000219  00000-0  57360-3 0  9999
2 47271  87.8962 356.1446 0002104  87.2735 272.8634 13.12443384261016
COSMOS 2263
1 22802U 93059A   26140.36330688  .00000337  00000-0  20323-3 0  9996
2 22802  70.9279 311.0729 0023085   9.5764 350.5793 14.13651598685398
COSMOS 1641
1 15623U 85023G   26140.64378568  .00000009  00000-0  15571-3 0  9996
2 15623  74.0559 233.1410 0044061 319.5570 108.2715 12.54562604885277
PROTOMETHEE
1 58321U 23174BT  26140.69461468  .00002158  00000-0  74506-4 0  9995
2 58321  97.3773 219.2594 0005193 265.6900  94.3748 15.31052227140766
ONEWEB-0604
1 54668U 22166AC  26140.59118845  .00000029  00000-0  37964-4 0  9994
2 54668  87.9261 249.4623 0001932 100.7976 259.3375 13.21824991167793
ONEWEB-0336
1 49202U 21083S   26140.22529818 -.00000282  00000-0 -80714-3 0  9998
2 49202  87.8942 325.7998 0002033 100.9320 259.2038 13.13471121227243
ANTELSAT
1 40034U 14033AA  26140.41375377  .00002069  00000-0  21282-3 0  9997
2 40034  97.7754 296.6070 0044355 147.1466 213.2524 14.90684907641673
SUPERVIEW NEO-2 03
1 62079U 24218B   26140.46317140  .00000107  00000-0  81643-5 0  9995
2 62079  97.4395 148.1883 0001576  88.2303 271.9112 15.19718742 82232
COSMOS 1880
1 18339U 87074F   26140.36101366  .00000017  00000-0  34343-4 0  9998
2 18339  82.5596 280.6937 0008623 232.4969 187.9567 12.65536395787437
YAOGAN-43 O1J
1 60466U 24148J   26140.55060922  .00009979  00000-0  28119-3 0  9991
2 60466  34.9926 311.0031 0008177   4.6649 355.4144 15.35604076 98187
COSMOS 402
1  5105U 71025A   26140.52940112 -.00000080  00000-0  70696-5 0  9995
2  5105  64.9813 317.0375 0059250 279.5788 113.4451 13.73169675764236
COSMOS 1850
1 18095U 87049A   26140.60819187  .00000053  00000-0  28260-4 0  9994
2 18095  74.0373 107.2991 0013893 132.3511 227.8820 14.34123851 35951
ION SCV-007
1 55060U 23001BD  26140.43228180  .00000257  00000-0  43155-4 0  9999
2 55060  97.9021 203.9960 0013685  68.5674 291.6995 14.77524498182153
DUMMY MASS 1
1 24925U 97048A   26140.25528217  .00000219  00000-0  21037-4 0  9994
2 24925  86.3337 339.3599 0008106  46.0191 314.1701 14.87326747555226
FLOCK 4Q 34
1 58316U 23174BN  26140.22108745  .00117170  00000-0  10863-2 0  9999
2 58316  97.3809 233.0017 0008415 234.6105 125.4370 15.67068004141595
IRIDIUM 17
1 24870U 97034B   26140.59818701  .00000261  00000-0  79380-4 0  9996
2 24870  86.3933  92.9121 0002649  49.2746 310.8681 14.38171249512074
BRO-12
1 59108U 24043L   26140.47934475  .00000337  00000-0  34622-4 0  9996
2 59108  97.8444 271.5755 0009549  86.7143 273.5170 14.96764307120497
USA 58
1 20562U 90031C   26140.57516901  .00000449  00000-0  60018-4 0  9991
2 20562  89.8574 263.7788 0064429  44.1295 316.5041 14.76404842109571
METEOR 1-10
1  5731U 71120A   26140.49259242  .00000187  00000-0  95039-4 0  9993
2  5731  81.2605  47.3850 0024282 133.6720 226.6470 14.11884843792206
METEOR 2-8
1 13113U 82025A   26140.38895216  .00000035  00000-0  17568-4 0  9990
2 13113  82.5367 120.3279 0016985 319.4510 193.0241 13.85597201231791
TIANQI 31
1 61197U 24170C   26140.45134071  .00000047  00000-0  11964-3 0  9991
2 61197  44.8623 261.0222 0007885 299.1350  60.8691 13.99129358 85064
COSMOS 1176
1 11788U 80034A   26140.56920495 -.00000076  00000-0  12461-4 0  9995
2 11788  64.8282  85.9307 0061792 283.7561  75.6630 13.93144436337970
COSMOS 830
1  8894U 76054F   26140.41434593 -.00000030  00000-0 -10023-3 0  9991
2  8894  73.9975 130.7158 0015673   0.0189 152.0128 12.46260317271412
ONEWEB-0335
1 49201U 21083R   26140.48261773 -.00000039  00000-0 -14235-3 0  9993
2 49201  87.8940 325.7524 0001986  94.1587 265.9769 13.13469656227289
DOJO
1 65302U 25185F   26140.47178385  .00006319  00000-0  86463-3 0  9992
2 65302  97.9641 224.1237 0016776 162.7652 197.4133 14.78767810 39741
GLOBALSTAR M036
1 25623U 99004C   26140.51547814 -.00000213  00000-0 -18994-2 0  9999
2 25623  51.9974  71.1679 0010907 343.2257 188.8040 11.86626583219028
MOLA
1 59289U 24053B   26140.25216588  .00029746  00000-0  41217-3 0  9993
2 59289  49.9874  79.3814 0001563 132.2755 227.8347 15.56771736117143
YAOGAN-30 V
1 46808U 20076B   26140.51834847  .00001621  00000-0  12156-3 0  9992
2 46808  34.9946 259.6180 0000337 166.3083 193.7634 15.02573041304068
YAOGAN 9C
1 36415U 10009C   26140.53452053  .00000016  00000-0  75371-4 0  9993
2 36415  63.3662  69.9267 0536763  21.0156 341.2044 13.45704818796181
GLOBALSTAR M038
1 25624U 99004D   26140.36003834 -.00000073  00000-0  17808-3 0  9999
2 25624  51.9949 180.5356 0001491  39.0929 333.1745 12.32545369243952
GPM
1 39574U 14009C   26140.44182316  .00008170  00000-0  17696-3 0  9992
2 39574  64.9734  41.1203 0011844 265.0446  94.9343 15.45031416693526
SHIYAN 30-04
1 68140U 26048B   26140.72083911  .00001015  00000-0  10167-3 0  9998
2 68140  34.9917  72.4285 0002503 140.5936 219.4951 14.91704679 10268
COSMOS 510
1  6123U 72057G   26140.55408889 -.00000008  00000-0  55529-4 0  9992
2  6123  74.0270  87.7305 0008860 351.8232 126.5088 12.41074508438883
DAQI 1
1 52257U 22039A   26140.55072606  .00000099  00000-0  31508-4 0  9990
2 52257  98.1482  79.9765 0003713   4.0003 356.1224 14.57657983217917
YAM-16
1 68992U 26100N   26140.50899106  .00000911  00000-0  96946-4 0  9993
2 68992  97.7397  38.4716 0002080 213.0343 147.0746 14.91341406  2579
HULIANWANG DIGUI-62
1 65168U 25174E   26140.49475748  .00000052  00000-0  86785-4 0  9991
2 65168  86.4897 261.2246 0001961  91.5761 268.5598 13.24405663 37129
UND ROADS 1
1 64535U 25135H   26140.59577875  .00004209  00000-0  18674-3 0  9999
2 64535  97.4650 255.8300 0002928 274.3635  85.7266 15.22122403 50663
SAUDISAT 5B
1 43833U 18102C   26140.48534391  .00003382  00000-0  12637-3 0  9991
2 43833  97.3183 205.6234 0009178 227.3733 132.6734 15.28002197411566
COSMOS 2530
1 43751U 18097A   26140.52463027  .00000041  00000-0  21983-3 0  9998
2 43751  82.5157 239.4459 0020799  97.2476 263.0969 12.42880457338851
KUIPER-00012
1 63728U 25088E   26140.22983241 -.00004430  00000-0 -55239-3 0  9993
2 63728  51.9016 119.2377 0000604  99.4737 260.6294 14.79941205 58519
ONEWEB-0239
1 48802U 21045AM  26140.58602688  .00000090  00000-0  20626-3 0  9998
2 48802  87.8986 264.7033 0001141  87.1126 273.0134 13.15547398240717
RASSVET-3 1
1 68360U 26061A   26140.44560526  .00061152  00000-0  25437-3 0  9992
2 68360  82.2952  43.4408 0005851 199.9925 160.1116 15.85487157  9162
ICEYE-X25
1 56963U 23084AH  26140.52503299  .00030611  00000-0  41043-3 0  9990
2 56963  97.5864 284.9207 0002941  60.3779 299.7768 15.57916529163660
COSMOS 2594
1 65270U 25182D   26140.44750414 -.00000579  18526-5  15776-7 0  9992
2 65270  96.5887  72.1157 0002302 198.1195 162.0001 15.96409466 43286
FOSSASAT2E18 (TAT-A)
1 62686U 25009CF  26140.17019474  .00001870  00000-0  87705-4 0  9997
2 62686  97.3976 219.0115 0007631  79.4940 280.7155 15.20882952 74438
GEESAT 4-03
1 65121U 25170C   26140.51047190  .00000911  00000-0  13546-3 0  9993
2 65121  49.9934 302.4402 0020418 314.9519  44.9763 14.83954296 42322
QIANFAN-81
1 63167U 25046J   26140.50445266  .00000007  00000-0 -83635-5 0  9993
2 63167  88.9684 303.4182 0015523  29.9962 330.2075 13.51013531 68920
ONEWEB-0533
1 55141U 23004B   26140.55459677 -.00000558  00000-0 -15858-2 0  9995
2 55141  87.8966 356.1650 0002026  83.8607 276.2752 13.12443114164433
FALCON EYE 2
1 47226U 20090A   26140.47377782  .00000127  00000-0  21198-4 0  9995
2 47226  97.8581 215.6061 0001794  91.6150 268.5270 14.84937498296122
NANOSAT(1)
1 28493U 04049B   26140.65489512  .00000574  00000-0  83010-4 0  9998
2 28493  98.2238 276.6499 0004585  37.8427 322.3106 14.80096615151370
HULIANWANG DIGUI-109
1 66919U 25285E   26140.55146622 -.00000079  00000-0  96597-4 0  9994
2 66919  50.0074 245.0702 0000989 198.0146 162.0692 13.29336592 22399
OXP 1
1 22489U 93009A   26140.64106163  .00000359  00000-0  45894-4 0  9997
2 22489  24.9659   4.4621 0039396 241.5338 118.1198 14.47086426757195
COSMOS 2610
1 68758U 26083F   26140.63934410  .00001229  00000-0  87754-4 0  9995
2 68758  97.8017 278.2484 0011608 141.9169 218.2880 15.06382293  5058
KUIPER-00357
1 68866U 26095C   26140.38632627  .00018975  00000-0  50393-3 0  9999
2 68866  51.8848  16.7115 0003371 180.4322 179.6662 15.38296792  3456
KUIPER-00524
1 68892U 26095AE  26140.38542863  .00027515  00000-0  72480-3 0  9991
2 68892  51.8834  16.7054 0002244 165.9596 194.1454 15.38318930  3451
COSMOS 2587
1 63290U 25054C   26140.47599705  .00000039  00000-0  21150-3 0  9999
2 63290  82.4959  95.9500 0016201  72.6907 287.5944 12.42891933 53412
HULIANWANG DIGUI-54
1 65111U 25168F   26140.51198441 -.00000091  00000-0  71096-4 0  9990
2 65111  49.9995  64.6125 0011075  13.8672 346.2503 13.29321252 39012
COSMOS 2494 (SKRL 756)
1 39491U 13078B   26140.48707443  .00001693  00000-0  11821-3 0  9990
2 39491  82.4116 277.7873 0014696 300.2558  59.7213 15.04674791674648
KUIPER-00178
1 67767U 26030D   26140.57235705  .00001241  00000-0  20722-3 0  9995
2 67767  51.9001 254.5576 0000609 109.4788 250.6239 14.76445253 15832
SDA_1677
1 65987U 25230P   26140.55727887  .00000102  00000-0  89565-4 0  9999
2 65987  81.3006 237.8035 0000959 143.9473 216.1745 13.78595690 29951
AIST 1
1 39492U 13078C   26140.53639343  .00001420  00000-0  12403-3 0  9995
2 39492  82.4143 297.6619 0017207  15.2494 344.9242 14.95985734671112
IRIDIUM 45
1 25104U 97082A   26140.69063735  .00025162  00000-0  54579-3 0  9999
2 25104  86.3518 241.7173 0083315 130.5626 230.2921 15.40532800503671
GONETS M 11 (M21)
1 40552U 15020A   26140.55867535  .00000255  00000-0  17654-2 0  9998
2 40552  82.4887  48.2057 0017387  62.9119 297.3732 12.42876676505300
ONEWEB-0193
1 48238U 21031AE  26140.81939010  .00000025  00000-0  33462-4 0  9995
2 48238  87.8946 295.1577 0001871  83.8498 276.2845 13.14504201244715
SPOT 6
1 38755U 12047A   26140.48274558  .00000244  00000-0  62470-4 0  9991
2 38755  98.2125 208.1134 0001287  95.7578 264.3768 14.58543940729013
GP-B
1 28230U 04014A   26140.50453535  .00000457  00000-0  53874-4 0  9994
2 28230  89.8522  50.7152 0003122  76.8735 283.2839 14.83240603648245
COSMOS 1244
1 12297U 81013A   26140.37407517  .00000042  00000-0  28343-4 0  9991
2 12297  82.9501 106.2463 0028912 268.8898 203.0212 13.75244367915446
APRIZESAT 1
1 28372U 04025G   26140.45027338  .00000129  00000-0  43859-4 0  9993
2 28372  98.6313 150.4200 0043554 238.7785 120.9137 14.51761772157880
WILDFIRE 5
1 57769U 23133N   26140.41294850  .00000089  00000-0  68602-4 0  9995
2 57769  81.0053  34.4648 0007209  83.0930 277.1047 13.85463531137180
FALCONSAT-10
1 58291U 23174AM  26140.45418705  .00003193  00000-0  12176-3 0  9995
2 58291  97.3804 216.7855 0006793 288.5686  71.4815 15.27398793140533
XINZHENGCHENG 01
1 68414U 26066C   26140.52493800  .00000635  00000-0  64654-4 0  9990
2 68414  84.9667 245.3293 0025704 355.3007   4.7971 14.88574410  7618
CORVUS BC1
1 42847U 17042Y   26140.42303939  .00001554  00000-0  10981-3 0  9992
2 42847  97.4071 303.6568 0012041 176.2354 183.8966 15.06263627482915
NOVA 3
1 15362U 84110A   26140.59756520  .00000080  00000-0  17150-3 0  9998
2 15362  90.1199  82.3210 0029532 250.7724 282.7709 13.23065915  7986
SKYSAT C9
1 42989U 17068C   26140.64492771  .00009015  00000-0  22189-3 0  9997
2 42989  97.4397 277.9172 0007674 228.2925 131.7666 15.40812878478511
COSMOS 591
1  6848U 73069D   26140.36046940 -.00000021  00000-0 -25341-4 0  9990
2  6848  73.9984 116.7322 0089245 163.1009 307.4836 12.61752393423995
SJ-30B
1 66546U 25266B   26140.60821267  .00007056  00000-0  38113-3 0  9990
2 66546  51.7973 308.5594 0010278 166.0470 194.0792 15.15710054 27670
FLOCK 4H 28
1 66731U 25276BT  26140.18572824  .00003827  00000-0  18450-3 0  9996
2 66731  97.4182 214.0728 0006172 107.9858 252.2050 15.19289045 26169
QIANFAN-11
1 60389U 24140L   26140.51753275  .00000069  00000-0  87616-4 0  9992
2 60389  88.9649 282.6976 0016337  99.5365 260.7633 13.51010385 88559
GUANGCHUAN 02
1 62112U 24221B   26140.46119475  .00001905  00000-0  11856-3 0  9992
2 62112  49.9435 297.0533 0006801 234.4178 125.6139 15.14402342 81979
GLOBALSTAR M015
1 25308U 98023C   26140.44466311 -.00000069  00000-0  10753-3 0  9997
2 25308  51.9807 209.7251 0012668 314.5893  58.0113 11.48864428232845
ONEWEB-0591
1 54657U 22166R   26140.52894564  .00000082  00000-0  16821-3 0  9991
2 54657  87.9250 249.4902 0002012 102.3541 257.7818 13.21824648167901
LEMUR-2-LAILA
1 66776U 25276DQ  26140.19699859  .00003822  00000-0  17585-3 0  9997
2 66776  97.4176 214.5045 0000386 118.0174 242.1100 15.20923316 26198
HULIANWANG DIGUI-07
1 62329U 24240G   26140.52890559  .00000064  00000-0  11525-3 0  9997
2 62329  86.4957 352.2952 0001484  78.3521 281.7780 13.24408149 68984
FLOCK 4H 33
1 66736U 25276BY  26140.17481246  .00003698  00000-0  17200-3 0  9995
2 66736  97.4225 214.4902 0003246  61.7810 298.3753 15.20573908 26183
TIGER-8
1 59120U 24043Y   26140.35830855  .00006743  00000-0  14922-3 0  9991
2 59120  97.5520 287.9073 0006188 310.3566  49.7141 15.44139750123494
ONEWEB-0112
1 48051U 21025K   26140.45722096 -.00000305  00000-0 -87107-3 0  9992
2 48051  87.8951 325.7312 0001522  90.1108 270.0196 13.13470860249957
NOAA 4
1  7529U 74089A   26140.50324730 -.00000050  00000-0 -22253-4 0  9993
2  7529 102.0020 152.9992 0008638 248.3940 266.5358 12.53203231356058
FLOCK 4Q 11
1 58273U 23174T   26140.49967600  .00016261  00000-0  30868-3 0  9990
2 58273  97.3869 228.5632 0004873 246.0368 114.0372 15.48364119141307
GEESAT 6-03
1 65715U 25214D   26140.53165801  .00001014  00000-0  15012-3 0  9998
2 65715  49.9827  76.1994 0012889 115.3752 244.8522 14.83259447 35409
TEMISAT
1 22783U 93055B   26140.43834834  .00000034  00000-0  17927-4 0  9991
2 22783  82.5497 319.9773 0021520 287.6795  72.2016 13.83894215651871
COSMOS 1197
1 11880U 80058F   26140.34015919 -.00000025  00000-0 -64819-4 0  9995
2 11880  74.0153 159.8210 0012631 104.9718 255.2730 12.46011320 86063
HJS-7A
1 65617U 25209A   26140.58741375 -.00000078  00000-0  89637-4 0  9999
2 65617  49.9980 100.4140 0001011 325.3666  34.7146 13.41460998 33961
QIANFAN-105
1 66047U 25233Q   26140.49547689  .00000136  00000-0  19182-3 0  9997
2 66047  89.0044  45.7318 0002098  69.6214 290.5162 13.51007652 29607
ONEWEB-0368
1 49294U 21090R   26140.63736832  .00000154  00000-0  34693-3 0  9999
2 49294  87.9162 279.9472 0002239  81.5091 278.6296 13.20771418227345
ACS 3
1 59588U 24077B   26140.27243450  .00000724  00000-0  58236-3 0  9995
2 59588  97.1747  65.3042 0024145   7.2633 352.8878 13.92612978104159
LEMUR 2 ANDIS
1 42838U 17042P   26140.00606722  .00016438  00000-0  50707-3 0  9999
2 42838  97.3678 320.8751 0010072 107.1149 253.1198 15.33605883484137
COSMOS 1692
1 16140U 85094C   26140.60336981  .00000030  00000-0  10185-3 0  9998
2 16140  82.6012 248.0845 0018621  70.9189 302.3599 12.64914585874898
ATHENA
1 46275U 20061D   26140.40523303  .00010819  00000-0  20732-3 0  9992
2 46275  97.1922 204.8482 0002457 108.8514 251.3003 15.48193629317855
SHIYAN 23 (SY-23)
1 59728U 24089A   26140.67846566  .00000313  00000-0  40888-4 0  9994
2 59728  97.7769 143.0261 0001963 301.0879  59.0144 14.86995281109750
ANSER-FLW2
1 58018U 23155C   26140.46886074  .00048038  00000-0  10487-2 0  9999
2 58018  97.5537 228.4504 0002264 153.1565 206.9801 15.44058516144672
CHUBUSAT 2
1 41338U 16012B   26140.31516842  .00003487  00000-0  15024-3 0  9999
2 41338  30.9962 144.2525 0008739 155.3867 204.7193 15.20564680564171
USA 18
1 16631U 86014H   26140.22606355  .00005243  00000-0  32764-3 0  9997
2 16631  63.2928 107.6888 0757004 111.9699 256.3524 13.91741896340469
ONEWEB-0149
1 48058U 21025S   26140.50631833  .00000313  00000-0  82119-3 0  9998
2 48058  87.8949 325.7366 0001952  95.5860 264.5492 13.13471240249850
GAOFEN 9 05
1 46232U 20058A   26140.50701078  .00011220  00000-0  37088-3 0  9998
2 46232  97.2101 181.5332 0008363 182.0554 178.0655 15.31492333319376
KINEIS-3B
1 61224U 24172E   26140.21890698  .00001159  00000-0  19117-3 0  9995
2 61224  98.0407 230.5357 0002945 134.8114 225.3333 14.72305438 89232
ONEWEB-0338
1 49204U 21083U   26140.61714509  .00000037  00000-0  58179-4 0  9993
2 49204  87.9162 279.9493 0001663  90.3648 269.7676 13.20773266233179
LEMUR 2 AHMED-ASRAR
1 60576U 24149DN  26140.50618411  .00008868  00000-0  52004-3 0  9997
2 60576  97.7000 225.2627 0003575 101.9273 258.2358 15.12001258 96382
ASUSAT
1 26065U 00004E   26140.53938354  .00000086  00000-0  47369-4 0  9993
2 26065 100.1942  75.9749 0036634 111.0628 249.4477 14.38223860379586
GEESAT 3-10
1 61020U 24159K   26140.48981139  .00000934  00000-0  13764-3 0  9996
2 61020  49.9992 211.6841 0003832 357.6731   2.4189 14.84122619 92399
COSMOS 1228
1 12107U 80102A   26140.26139590 -.00000024  00000-0 -42929-4 0  9998
2 12107  73.9966 326.1407 0045199  21.7707 150.8263 12.58649191 86104
YAOGAN-43 02D
1 60948U 24156D   26140.65285512  .00005031  00000-0  21050-3 0  9992
2 60948  34.9934  11.1186 0003148 336.0380  24.0188 15.22952027 95246
YOUTHSAT
1 37388U 11015B   26140.38165964  .00000114  00000-0  65290-4 0  9994
2 37388  98.3671 115.6927 0015678  65.6227  90.4636 14.25617104783671
ONEWEB-0419
1 50494U 21132AB  26140.51225590  .00000021  00000-0  21537-4 0  9998
2 50494  87.9173 340.9628 0001800  96.1276 264.0061 13.18663874217939
JILIN-01 GAOFEN 2A
1 44777U 19075A   26140.50017331  .00011060  00000-0  29321-3 0  9992
2 44777  97.4961 223.6609 0006953 169.8018 190.3369 15.38484091360622
CAPELLA-20 (ACADIA)
1 68485U 26067BX  26140.60368761  .00003943  00000-0  39249-3 0  9991
2 68485  97.7566  99.3018 0003011  61.4436 298.7085 14.92194791  7612
COSMOS 1829
1 17584U 87026C   26140.58483263  .00000041  00000-0  17079-3 0  9992
2 17584  82.5714 250.2708 0000782  72.7749 287.3428 12.62720564805924
CSS (WENTIAN)
1 53239U 22085A   26140.45362132  .00012110  00000-0  14537-3 0  9996
2 53239  41.4675 130.6457 0007439 266.6271  93.3717 15.60697028288237
HULIANWANG DIGUI-165
1 68657U 26076B   26140.76168878  .00000093  00000-0  14414-3 0  9996
2 68657  86.5061  53.1980 0000895 353.7305   6.3827 13.39846513  5738
TIANHUI 4A
1 50572U 21134A   26140.52802934  .00006509  00000-0  13226-3 0  9993
2 50572  88.9701 326.6662 0008668 158.6209 201.5414 15.46093914245598
OSCAR 11 (UOSAT 2)
1 14781U 84021B   26140.43291235  .00000690  00000-0  75987-4 0  9993
2 14781  97.8042 106.3226 0006013 278.2998  81.7538 14.90708621252995
COSMOS 252
1  3530U 68097A   26140.49520492 -.00000060  00000-0  19506-4 0  9991
2  3530  62.3179 220.4413 1008640  49.6220 318.8499 12.88289181702389
ONEWEB-0575
1 56064U 23043U   26140.49369691  .00000158  00000-0  37904-3 0  9993
2 56064  87.9109 234.2664 0002498 101.7711 258.3700 13.16596590155321
QIANFAN-75
1 63161U 25046C   26140.51655162  .00000024  00000-0  19120-4 0  9991
2 63161  88.9687 303.6907 0016887  34.6192 325.6055 13.51009982 68781
SWISSCUBE
1 35932U 09051B   26140.45906104  .00000626  00000-0  13348-3 0  9995
2 35932  98.4053  47.8632 0005721 308.0875  51.9810 14.62420652885107
KUIPER-00511
1 68888U 26095AA  26140.92102177  .00022933  00000-0  62718-3 0  9998
2 68888  51.8799  14.2912 0006863 184.3495 175.7434 15.37247286  3532
NEMO-HD
1 46277U 20061F   26140.52614581  .00007600  00000-0  16877-3 0  9995
2 46277  97.1930 202.7683 0002650 114.4151 245.7374 15.43977732317714
ONEWEB-0056
1 45159U 20008AE  26140.48965357  .00000526  00000-0  14597-2 0  9995
2 45159  87.8857  41.7725 0001706  86.0819 274.0504 13.10841500304553
ICEYE-X59
1 66752U 25276CQ  26140.48236414  .00001538  00000-0  12477-3 0  9994
2 66752  97.4230 212.9918 0002215  88.2539 271.8940 15.01050280 26113
ZY-1 02E
1 50465U 21131A   26140.54393321  .00000314  00000-0  12457-3 0  9991
2 50465  98.4433 218.2192 0001136 128.6621 231.4666 14.35390239230456
KUIPER-00489
1 68880U 26095S   26140.73788097  .00011156  00000-0  32297-3 0  9994
2 68880  51.8729  15.3020 0010801 200.7840 159.2708 15.36035287  3506
ONEWEB-0039
1 45146U 20008R   26140.49111493  .00000581  00000-0  16294-2 0  9993
2 45146  87.8855  41.7805 0002324  77.7143 282.4245 13.10371166304539
KUIPER-00032
1 63745U 25088X   26140.96810471  .00011033  00000-0  28764-3 0  9995
2 63745  51.8688  34.1178 0004929  34.4806 325.6500 15.39348176 60673
SHIJIAN 6 03B (SJ-6 03B)
1 33409U 08053B   26140.49436684  .00000453  00000-0  37097-4 0  9994
2 33409  97.8581 159.9287 0020795 130.5295 229.7746 15.04216852958584
SEAHAWK-1
1 43820U 18099BQ  26140.40199836  .00006080  00000-0  26671-3 0  9996
2 43820  97.3972 193.3188 0009448  56.2080 304.0055 15.22294463408305
COSMOS 894
1 09846U 77013A   26140.39271434  .00000047  00000-0  34540-4 0  9992
2 09846  82.9409 117.7391 0028450 287.4881 225.0168 13.74206698468353
COSMOS 2014
1 19908U 89025G   26140.34873230 -.00000013  00000-0  17840-4 0  9993
2 19908  74.0077 106.9065 0012833 190.0264 282.4681 12.46289990690376
FLOCK 4H 5
1 66708U 25276AU  26140.20333137  .00004113  00000-0  19268-3 0  9992
2 66708  97.4183 214.3554 0002277  91.6517 268.4979 15.20259510 26184
CSS (TIANHE-1)
1 48274U 21035A   26140.45362132  .00012110  00000-0  14537-3 0  9993
2 48274  41.4675 130.6457 0007439 266.6271  93.3717 15.60697028288836
ONEWEB-0448
1 51641U 22012V   26140.45789405 -.00000359  00000-0 -10651-2 0  9993
2 51641  87.8855  41.8005 0001925  77.0513 283.0829 13.10374954205666
ONEWEB-0058
1 45161U 20008AG  26140.26383547  .00000487  00000-0  13576-2 0  9991
2 45161  87.8852  41.8376 0001812  72.6587 287.4739 13.10370738304766
AETHER-10
1 67381U 26004U   26140.44804174  .00000404  00000-0  49701-4 0  9995
2 67381  97.8044 139.5876 0004523 196.7871 163.3197 14.88233987 19161
FOSSASAT2E19 (TAT-E)
1 62676U 25009BV  26140.47920593  .00001706  00000-0  80023-4 0  9996
2 62676  97.3963 219.2534 0006822  80.8568 279.3439 15.20987673 74483
SZ-20 MODULE
1 67481U 25082C   26140.95213078  .00018860  00000-0  17031-3 0  9999
2 67481  41.4766 123.8969 0010287 163.5822 196.5354 15.67612378288950
COSMOS 729
1  7768U 75034A   26140.45273351  .00000033  00000-0  19229-4 0  9993
2  7768  82.9622 150.7622 0021686 238.8676 275.9474 13.73640441559229
QIANFAN-63
1 62793U 25016J   26140.48537293  .00000088  00000-0  11708-3 0  9991
2 62793  88.9729  86.5946 0013832 248.5162 111.4515 13.51012707 68701
HULIANWANG DIGUI-153
1 67529U 26013H   26140.58486605 -.00000111  00000-0  27730-4 0  9993
2 67529  50.0033  94.3275 0000873   9.2603 350.8285 13.29327639 16373
COSMOS 724
1 07727U 75025A   26140.54122310 -.00000065  00000-0  15498-4 0  9996
2 07727  65.5872 130.0492 0048767 139.9963 220.4719 13.99127379611823
OTB
1 44341U 19036C   26140.38360250  .00000763  00000-0  11857-3 0  9996
2 44341  23.9951 156.4494 0011183  60.3156 299.8448 14.57152297367312
HYPSO-2
1 60531U 24149BR  26140.15938274  .00002279  00000-0  19473-3 0  9994
2 60531  97.6829 216.8287 0002884  96.8258 263.3292 14.98638016 95852
SCISAT 1
1 27858U 03036A   26140.33560713  .00000366  00000-0  51403-4 0  9995
2 27858  73.9304 226.6771 0008520 293.5514  66.4767 14.81414939227329
IMPULSE-3 MIRA
1 66687U 25276X   26140.47735213  .00007478  00000-0  34631-3 0  9996
2 66687  97.4260 214.5466 0005000 235.4689 124.6074 15.20382078 26214
COSMOS 2127
1 21102U 91009C   26140.50815284  .00000005  00000-0  14085-3 0  9997
2 21102  74.0317  54.1872 0006405  20.1985 153.4194 12.48178652606954
COSMIC
1 66658U 25274J   26140.53607269  .00002189  00000-0  20984-3 0  9998
2 66658  97.7473  70.3341 0014235 106.2143 254.0645 14.94086310 26101
HERMES-2
1 63243U 25052AK  26140.67217704  .00011907  00000-0  42095-3 0  9990
2 63243  97.3915  35.7549 0003931 183.2337 176.8878 15.29325060 65818
SHIYAN 6 02 (SY-6 02)
1 45859U 20043A   26140.49142088  .00000143  00000-0  36241-4 0  9997
2 45859  98.1852 152.0976 0127851 313.5947  45.4699 14.60916158312815
KUIPER-00117
1 65949U 25228C   26140.41474712  .00001417  00000-0  21487-3 0  9993
2 65949  51.8978  40.9149 0001025  95.6373 264.4706 14.79934675 33887
ORBCOMM FM 29
1 33062U 08031C   26140.34353091  .00000585  00000-0  98494-4 0  9993
2 33062  48.4373 162.6563 0005182  29.4442 344.4655 14.82691642964154
BRITE-PL 2
1 40119U 14049B   26140.25347368  .00001557  00000-0  14965-3 0  9990
2 40119  97.9068 252.0453 0013711 196.6097 163.4675 14.94474540637277
EROS C3
1 54880U 22179A   26140.45696084  .00003780  00000-0  20918-3 0  9992
2 54880 139.3346 206.5618 0006706 135.1774 224.9575 15.10751712188136
GAOFEN 1-03
1 43260U 18031B   26140.49073405  .00000415  00000-0  67089-4 0  9997
2 43260  98.0529 202.9537 0003211 140.1839 219.9607 14.76482844438604
LEMUR 2 MARACHE-FRAN
1 63262U 25052BE  26140.51682142  .00004305  00000-0  35313-3 0  9995
2 63262  97.6910  34.4657 0006172 101.5820 258.6096 14.99742054 64613
GEESAT 2-10
1 58914U 24023K   26140.51131381  .00000785  00000-0  12269-3 0  9997
2 58914  49.9934 122.1603 0010105 252.9838 106.9993 14.83148083124808
UMBRA-09
1 60541U 24149CB  26140.24228452  .00013986  00000-0  70829-3 0  9994
2 60541  97.6964 226.9912 0001242 110.7141 249.4225 15.17108749 96482
COSMOS 414
1  5213U 71041D   26140.43418411 -.00000012  00000-0  25661-4 0  9991
2  5213  74.0147 301.6659 0042347 122.0687 266.9178 12.51148221513681
LEMUR 2 VALHALLA
1 58900U 24022B   26140.38049495  .00011859  00000-0  31128-3 0  9999
2 58900  97.4131 350.0537 0008938 203.7786 156.3048 15.38752348127994
COSMOS 447
1 05550U 71086D   26140.30438957 -.00000018  00000-0 -15661-4 0  9993
2 05550  74.0294 346.1441 0065950   5.0446 106.8631 12.50623189492715
QIANFAN-91
1 66033U 25233A   26140.43373911  .00000144  00000-0  20412-3 0  9998
2 66033  89.0018  45.9927 0002220  68.2102 291.9285 13.51004353 29436
OSCAR 18 (WEBERSAT)
1 20441U 90005F   26140.30802299  .00000041  00000-0  31556-4 0  9990
2 20441  98.8743 168.0312 0010203 306.1578  64.5670 14.33982674898065
TIANMU-1 16
1 58701U 24004B   26140.55791247  .00003662  00000-0  14338-3 0  9993
2 58701  97.4620 326.0170 0007602  91.1875 269.0234 15.26427674131562
SDA_1683
1 65993U 25230V   26140.51429905  .00000190  00000-0  17440-3 0  9991
2 65993  81.3020 237.8142 0001213 114.8037 245.3243 13.79141844 29956
IRIDIUM 164
1 43577U 18061J   26140.53985382  .00000221  00000-0  71911-4 0  9996
2 43577  86.3964  68.3271 0002100  83.5670 276.5765 14.34217853409451
SJ-11-02
1 37765U 11039A   26140.46025025  .00000326  00000-0  70891-4 0  9999
2 37765  98.2654  30.3542 0010494 357.5605 175.5208 14.64445666789895
METOP-C
1 43689U 18087A   26140.47610736  .00000064  00000-0  49071-4 0  9996
2 43689  98.6658 200.5838 0000549 148.5647 211.5563 14.21503689390894
ZHEDA PIXING 1B
1 37166U 10047B   26140.51962493  .00000492  00000-0  55378-4 0  9994
2 37166  97.9474 118.5026 0020063  16.6297 343.5574 14.91102934846294
COSMOS 2034
1 20149U 89059A   26140.52191166  .00000058  00000-0  45881-4 0  9994
2 20149  82.9422 235.2512 0030300 323.9743  46.2367 13.73694967845316
JILIN-01-09
1 43943U 19005B   26140.53769947  .00003425  00000-0  16111-3 0  9998
2 43943  97.4723 235.7444 0002801 151.9840 208.1547 15.20238084404946
SINAH 1
1 28893U 05043D   26140.51327608  .00000165  00000-0  40855-4 0  9995
2 28893  98.2822 274.6786 0014487   8.3814 351.7627 14.64136270 96472
COSMOS 1898
1 18585U 87098A   26140.32894710  .00000055  00000-0  28665-4 0  9997
2 18585  74.0034 162.4772 0020425 168.3922 191.7706 14.34565136 11438
COSMOS 1231
1 12110U 80102D   26140.40826572 -.00000003  00000-0  77247-4 0  9998
2 12110  73.9965  27.1596 0036800 100.5475  12.7917 12.57137284 83632
KANOPUS-V 5
1 43876U 18111A   26140.53143815  .00001534  00000-0  68530-4 0  9992
2 43876  97.3601  46.6009 0001983  81.0651 279.0811 15.22834414410572
ESEO
1 43792U 18099AL  26140.37395631  .00001129  00000-0  85401-4 0  9997
2 43792  97.4000 178.9519 0013686  72.0814 288.1904 15.04154373407627
GLOBALSTAR M069
1 31573U 07020C   26140.27862258 -.00000096  00000-0 -28324-4 0  9991
2 31573  52.0048 331.1179 0002662  92.1026  91.3743 12.23470088875384
LUMELITE 4
1 56309U 23057B   26140.57691668  .00008115  00000-0  31143-3 0  9991
2 56309   9.9927 269.5349 0004287  49.9809 310.0783 15.21416952169845
CO3D2
1 64902U 25156D   26140.50887073  .00002986  00000-0  14101-3 0  9996
2 64902  97.4328 219.4987 0000902 136.4423 223.6884 15.20199645 45329
MISR-C-2
1 68633U 26074G   26140.39497031  .00006867  00000-0  27742-3 0  9996
2 68633  60.0227 284.5267 0024329  12.5788 347.5895 15.25556194  6549
COSMOS 1086
1 11301U 79024F   26140.65146808 -.00000013  00000-0  18363-4 0  9999
2 11301  74.0318 104.9852 0010142  32.3395 141.6788 12.47883391149211
ONEWEB-0642
1 55806U 23029L   26140.19767580 -.00000057  00000-0 -17553-3 0  9994
2 55806  87.9149 310.5578 0001114  73.7791 286.3464 13.19725110155211
LANDSAT 3
1 10702U 78026A   26140.38430433 -.00000084  00000-0 -28785-4 0  9992
2 10702  99.0661  95.9663 0014042 218.0261 294.1606 13.96993915457595
SS 2
1 10544U 77112E   26140.50307351  .00000121  00000-0  68967-4 0  9993
2 10544  63.3388  61.2126 0514230 161.9954 200.0088 13.91235150348547
METEOR 1-17
1 07274U 74025A   26140.26774784  .00000185  00000-0  99839-4 0  9992
2 07274  81.2092 324.4510 0019968  49.2703 311.0197 14.08900388674371
IRIDE-MS2-HEO-9
1 64585U 25135BK  26140.46165763  .00001270  00000-0  13125-3 0  9990
2 64585  97.7727 255.3678 0003025  96.3358 263.8205 14.91864793 49763
HELIOS 1B
1 25977U 99064A   26140.47294457  .00000849  00000-0  99049-4 0  9999
2 25977  98.1635  44.8093 0001658 126.0704 234.0665 14.87922286695939
EZIE-C
1 63249U 25052AR  26140.50512713  .00002905  00000-0  25709-3 0  9997
2 63249  97.6897  33.0128 0001980 341.3950  18.7199 14.97055550 64525
KUIPER-00294
1 68594U 26072X   26140.94006776  .00021556  00000-0  60435-3 0  9991
2 68594  51.8675 309.0317 0009842 285.0177  74.9720 15.36489140  7188
COSMOS 2115
1 21029U 90114B   26140.51953465  .00000034  00000-0  12707-3 0  9997
2 21029  82.5695 229.4659 0002400 255.6428 115.6342 12.63532733632914
HYDROGNSS-1
1 66762U 25276DA  26140.19565303  .00001870  00000-0  11462-3 0  9997
2 66762  97.4209 213.5142 0012104 141.3708 218.8390 15.11290420 26127
KUIPER-00488
1 68879U 26095R   26140.35402354  .00015191  00000-0  44086-3 0  9991
2 68879  51.8687  17.2127 0010482 206.4005 153.6448 15.35661387  3444
ICEYE-X6
1 46497U 20068M   26140.52271450  .00002161  00000-0  15975-3 0  9995
2 46497  98.0971 132.8771 0007276 171.6817 188.4530 15.04355406309079
YUNYAO-1 44
1 63345U 25059B   26140.52297729  .00002376  00000-0  14651-3 0  9996
2 63345  97.6094 322.0000 0015543 250.8051 109.1496 15.10838269 64120
FLOCK 4H 19
1 66722U 25276BJ  26140.15619403  .00004411  00000-0  20389-3 0  9992
2 66722  97.4181 214.4194 0002568  66.4157 293.7347 15.20685873 25478
BRO-16
1 62654U 25009AX  26140.82745541  .00002615  00000-0  11183-3 0  9999
2 62654  97.4055 221.6535 0003138  67.2292 292.9276 15.23713052 74638
OBZOR-R 01
1 67234U 25310A   26140.29535536  .00000055  00000-0  15398-4 0  9994
2 67234  97.9647 147.9854 0001427  76.5518 283.5850 14.75875348 21512
COSMOS 2166
1 21780U 91077B   26140.32418098  .00000033  00000-0  12306-3 0  9991
2 21780  82.5982 264.0660 0003072 203.3708 215.3788 12.63448255591653
YAOGAN 17A
1 39239U 13046A   26140.50705789 -.00000199  00000-0 -10588-3 0  9990
2 39239  63.3834 161.6384 0423926  11.7301 349.3234 13.45501205624560
FIREFLY-3
1 62710U 25009DF  26140.49961118  .00001000  00000-0  10208-3 0  9999
2 62710  97.7061 219.2405 0002416 245.0354 115.0615 14.92807603 73208
GONETS M 21
1 47228U 20091B   26140.53035608  .00000084  00000-0  53402-3 0  9997
2 47228  82.4953 318.3566 0013810 254.1916 105.7641 12.42885474247630
COSMOS 683
1 07441U 74072G   26140.33138599 -.00000004  00000-0  72989-4 0  9994
2 07441  74.0349 204.3538 0020878 333.3996  26.5984 12.53518577364169
SPEQTRE
1 66769U 25276DH  26140.45124701  .00002923  00000-0  13800-3 0  9994
2 66769  97.4209 214.7036 0001270  49.7331 310.4015 15.20218418 26225
TIANHUI 2-02A
1 49071U 21074A   26140.42145426  .00001007  00000-0  54751-4 0  9990
2 49071  97.4812 144.0151 0001751 115.1906 244.9509 15.16721056263061
COSMOS 2221
1 22236U 92080A   26140.25648607  .00000896  00000-0  76576-4 0  9993
2 22236  82.5051 210.5206 0012916 316.3405  43.6794 14.96455079791498
YAOGAN-35 05A
1 53760U 22109A   26140.46462204  .00005037  00000-0  21003-3 0  9990
2 53760  35.0048 153.2789 0003943  62.0937 298.0177 15.23069724206386
NINGXIA-1 6
1 49018U 21064A   26140.54117461 -.00000236  00000-0 -60084-4 0  9992
2 49018  45.0012 351.9949 0007438  95.8418 264.3266 14.08530085250317
SATGUS
1 62713U 25009DJ  26140.19835732  .00003793  00000-0  30311-3 0  9999
2 62713  97.7001 221.8398 0008167 191.7160 168.3875 15.00818141 73361
ONEWEB-0708
1 61613U 24188V   26140.44295725 -.00000631  00000-0 -18434-2 0  9995
2 61613  87.8852  41.8002 0002048  94.7292 265.4070 13.10372611 79666
COSMOS 2199
1 22036U 92042C   26140.39842419  .00000027  00000-0  93736-4 0  9994
2 22036  82.5973 298.2357 0012037  41.5440 345.5234 12.61051826557731
GAOFEN 9 03
1 45794U 20039A   26140.53270666  .00006470  00000-0  21220-3 0  9998
2 45794  97.5357 273.9299 0011985 173.8319 186.3072 15.31908857329529
LPNTSAT-001
1 68408U 26065A   26140.20175395  .00001785  00000-0  89779-4 0  9995
2 68408  97.4052  21.3016 0018297 100.9727 259.3567 15.18370779  8015
KUIPER-00405
1 68923U 26098E   26140.51996887 -.00000497  00000-0 -37500-5 0  9991
2 68923  51.8748 201.3248 0014591  46.8551 313.3651 15.32215978  3099
GMS-T
1 47346U 21004A   26140.34987507  .00000003  00000-0 -13173-4 0  9990
2 47346  90.1292 241.4839 0004405 110.9229 249.2375 13.16658529255939
BLACKCAT
1 67369U 26004G   26140.44172972  .00000861  00000-0  10079-3 0  9997
2 67369  97.7984 139.3556 0005835 226.9306 133.1422 14.87566583 19164
YAOGAN-50
1 67433U 26006A   26140.60976784  .00000289  00000-0  91478-4 0  9999
2 67433 142.0356  82.4975 0000961 272.8726  87.1883 13.83242570 17616
COSMOS 783
1  8458U 75112A   26140.45644057  .00000084  00000-0  39328-4 0  9990
2  8458  74.0603  53.6948 0011495 136.7752 223.4304 14.33768068636215
HAMSAT
1 28650U 05017B   26140.48214602  .00003376  00000-0  21437-3 0  9993
2 28650  97.9919 162.3821 0020717 128.3561 231.9532 15.09443487142583
ONEWEB-0443
1 51637U 22012R   26140.58325731 -.00000019  00000-0 -83011-4 0  9995
2 51637  87.9162  11.3684 0002149  78.3292 281.8080 13.17650843210083
ONEWEB-0612
1 54675U 22166AK  26140.56594603  .00000126  00000-0  27311-3 0  9991
2 54675  87.9258 249.4658 0002188  99.8436 260.2945 13.21827621167784
GEESAT 5-08
1 65557U 25201H   26140.43298377  .00000710  00000-0  11445-3 0  9990
2 65557  49.9780 164.1882 0002072 216.6153 143.4643 14.82755541 37739
CANX-4
1 40055U 14034C   26140.45563964  .00000552  00000-0  78132-4 0  9998
2 40055  98.3156  14.7467 0014122  99.2570 261.0239 14.81206483640425
QIANFAN-57
1 62787U 25016C   26140.46904448  .00000108  00000-0  14806-3 0  9997
2 62787  88.9734  86.7451 0003105  72.3938 287.7552 13.51011538 68630
ONEWEB-0048
1 45153U 20008Y   26140.27364956 -.00000030  00000-0 -12185-3 0  9998
2 45153  87.8850  41.8440 0001817  77.7040 282.4291 13.10370226304155
COSMOS 2252
1 22687U 93038A   26140.54451075  .00000038  00000-0  14869-3 0  9994
2 22687  82.5827 245.6183 0008487  47.2880 323.6185 12.63332399517039
KUIPER-00254
1 68585U 26072N   26140.50003471 -.01090957  00000-0 -54042-1 0  9991
2 68585  51.8793 311.4398 0006994 282.6187 355.5035 15.20381746  4678
SARAL
1 39086U 13009A   26140.52755544  .00000046  00000-0  32977-4 0  9991
2 39086  98.5559 327.4453 0002285  38.1591 321.9754 14.32848445691641
OBSERVER-1A
1 58323U 23174BV  26140.51579442  .00008237  00000-0  22272-3 0  9996
2 58323  97.3937 224.0701 0006586 247.7659 112.2888 15.37961058140956
KUIPER-00128
1 65957U 25228L   26140.42014223  .00001250  00000-0  19289-3 0  9992
2 65957  51.9017  35.9320 0000950  94.4229 265.6842 14.79934222 33959
METEOR 3-1
1 16191U 85100A   26140.52306869  .00000033  00000-0  52984-4 0  9992
2 16191  82.5491  55.5305 0020988  67.5419 106.2743 13.17317810950695
GEESAT 6-04
1 65716U 25214E   26140.53881204  .00001011  00000-0  14975-3 0  9995
2 65716  49.9860  76.3189 0009169 118.3673 241.8191 14.83266842 35403
ONEWEB-0628
1 55169U 23004AF  26140.57847834  .00000378  00000-0  10151-2 0  9992
2 55169  87.8960 356.1431 0002425  93.9167 266.2239 13.12444010164413
SDA_1666
1 65976U 25230C   26140.53362403  .00000219  00000-0  18964-3 0  9997
2 65976  81.3003 237.4707 0001160 154.3024 205.8190 13.83126761 29977
CENTISPACE-1 S15
1 62584U 25007K   26140.53420353 -.00000037  00000-0  98333-4 0  9998
2 62584  54.9880  29.2608 0014271  28.4041 331.7691 13.80612866 70910
COSMOS 2507
1 40920U 15050A   26140.54213981  .00000029  00000-0  13425-3 0  9991
2 40920  82.4907  96.8811 0011090  53.0077 307.2016 12.42925819483426
WILDFIRE 9
1 57765U 23133J   26140.39930349 -.00000040  00000-0 -45143-4 0  9992
2 57765  81.0049  34.6263 0007008  86.1142 274.0816 13.85387265137170
GENMAT-1
1 58276U 23174W   26140.46845896  .00006908  00000-0  21181-3 0  9997
2 58276  97.3676 218.3399 0005136 284.2765  75.7908 15.34083178140722
ONEWEB-0452
1 51644U 22012Y   26140.33858241  .00000043  00000-0  77543-4 0  9991
2 51644  87.9158  11.4174 0002149  81.5553 278.5822 13.17648910210008
FLOCK 4Q 1
1 58270U 23174Q   26140.24269056  .00155999  00000-0  99029-3 0  9996
2 58270  97.3856 233.3641 0006324 238.9318 121.1327 15.76023570141596
COSMOS 1420
1 13648U 82109A   26140.50929669  .00000074  00000-0  35459-4 0  9992
2 13648  73.9941 232.9646 0020116 346.3541  13.7064 14.34788199275611
SUPERVIEW NEO-3 01
1 59510U 24072A   26140.52936904  .00006658  00000-0  27313-3 0  9990
2 59510  97.4136 220.9355 0002007 148.3113 211.8246 15.24568996116498
ICEYE-X65
1 66300U 25248H   26140.65645039  .00002700  00000-0  18498-3 0  9999
2 66300  45.4050 278.9712 0006369 244.1534 115.8691 15.08732157 31361
NADEZHDA 5
1 25567U 98072A   26140.37323501  .00000054  00000-0  42145-4 0  9997
2 25567  82.9453 108.4163 0025616 181.3442 298.1434 13.72079582373855
SHIYAN 30 02
1 65852U 25222B   26140.45092814  .00001049  00000-0  10490-3 0  9996
2 65852  34.9973  68.3361 0003695 248.5754 111.4557 14.91725944 34870
FLOCK 4BE 29
1 60509U 24149AT  26140.17599398  .00013158  00000-0  29903-3 0  9998
2 60509  97.3807 225.6489 0003452  65.3710 294.7897 15.43133815 98094
ONEWEB-0422
1 51626U 22012E   26140.20696143  .00000046  00000-0  86471-4 0  9991
2 51626  87.9168  11.4195 0001864  63.4900 296.6422 13.17648620210128
COSMOS 1707
1 16326U 85113A   26140.56132607  .00058122  00000-0  38057-3 0  9993
2 16326  82.4845 196.4593 0002051 105.6590 254.4902 15.75569114213109
DEIMOS 1
1 35681U 09041A   26140.51265936 -.00000013  00000-0  50557-5 0  9999
2 35681  97.7376 298.9448 0000416  38.4057 321.7182 14.75203512902809
GEESAT 5-07
1 65556U 25201G   26140.48694936  .00000752  00000-0  11634-3 0  9991
2 65556  49.9870 167.6268 0013544 208.1411 151.8797 14.84087659 37680
NINGXIA-1 5
1 44783U 19076E   26140.54773086 -.00000244  00000-0 -74191-4 0  9990
2 44783  45.0063 302.7200 0010661  13.8105 346.3019 14.02083389333892
GLOBALSTAR M087
1 52888U 22064A   26140.68565645 -.00000122  00000-0 -10386-3 0  9991
2 52888  51.9967 146.1798 0000187 286.0619  74.0227 12.62268846187669
IRIDIUM 132
1 42961U 17061G   26140.45395893  .00000189  00000-0  60585-4 0  9992
2 42961  86.3992  36.8418 0002277  85.4092 274.7364 14.34216144450841
COSMOS 1703
1 16262U 85108A   26140.56079525  .00018697  00000-0  29111-3 0  9999
2 16262  82.4581 246.1612 0005862 100.3118 259.8796 15.53728279213173
YAOGAN-43 02C
1 60947U 24156C   26140.64657900  .00004776  00000-0  19985-3 0  9993
2 60947  34.9995  11.3310 0003047 142.9486 217.1439 15.22967931 95246
ONEWEB-0362
1 49288U 21090K   26140.20083241  .00000059  00000-0  11511-3 0  9992
2 49288  87.9146 310.5583 0001527  94.9809 265.1498 13.19726230223227
FLOCK 4Q 25
1 58303U 23174AZ  26140.24783092  .00198418  00000-0  13197-2 0  9998
2 58303  97.3803 233.6187 0008765 225.1936 134.8617 15.74804700141658
LAPAN A3
1 41603U 16040E   26140.51515464  .00002127  00000-0  69123-4 0  9996
2 41603  97.1490 137.5758 0012181 111.2255 249.0290 15.32911118550572
IRIDIUM 113
1 42803U 17039A   26140.47249150 -.00000018  00000-0 -13660-4 0  9993
2 42803  86.3961 333.7689 0002184  92.3086 267.8360 14.34217200467210
GEESAT 1-06
1 52790U 22058F   26140.55311490  .00000934  00000-0  14649-3 0  9994
2 52790  50.0063 330.4752 0033959  41.2857 319.0639 14.81257305215835
IMPULSE-1 MIRA
1 58301U 23174AX  26140.27299369  .00008864  00000-0  24551-3 0  9990
2 58301  97.5189 225.2050 0073514 220.5416 139.0338 15.34480223140615
COSMOS 1717
1 16450U 86002B   26140.49930081  .00000004  00000-0  14469-3 0  9990
2 16450  73.9891 219.5973 0023945  25.6984 359.2820 12.42992483831351
ORBCOMM FM 35
1 25985U 99065F   26140.50538302  .00000469  00000-0  20015-3 0  9997
2 25985  45.0395 298.8371 0003453 266.0626  93.9828 14.38019813383324
KINEIS-3A
1 61223U 24172D   26140.50806116  .00001130  00000-0  18661-3 0  9990
2 61223  98.0412 230.7960 0002679 148.6813 211.4554 14.72296706 88701
JILIN-01-06
1 43024U 17074C   26140.49149698  .00004239  00000-0  13399-3 0  9991
2 43024  97.4769 243.3266 0006304 350.4634   9.6487 15.33350962469595
COSMOS 2515
1 41394U 16020A   26140.51421027  .00001970  00000-0  13225-3 0  9998
2 41394  97.9764 154.9486 0024458  38.9140 321.3842 15.07853186556249
IRIDIUM 145
1 43253U 18030E   26140.28513290  .00000149  00000-0  46293-4 0  9994
2 43253  86.3933 302.0770 0001945  84.7875 275.3543 14.34217048426126
TIANMU-1 19
1 58660U 23208A   26140.51566995  .00005705  00000-0  19242-3 0  9997
2 58660  97.4478 256.6888 0006107  65.6947 294.4931 15.31101017133098
STARS-AO
1 43679U 18084J   26140.56573719  .00003668  00000-0  19107-3 0  9990
2 43679  98.0526 352.8377 0000701 233.9777 126.1390 15.16708174413282
DMSP 5D-3 F18 (USA 210)
1 35951U 09057A   26140.49098429  .00000193  00000-0  12295-3 0  9997
2 35951  98.9028 121.3228 0010593 335.9263  24.1414 14.14879730855670
ONEWEB-0401
1 50481U 21132N   26140.51110862  .00000027  00000-0  35655-4 0  9991
2 50481  87.9173 340.9485 0001940  80.6861 279.4490 13.18687235217965
COSMOS 1802
1 17159U 86093A   26140.43919978  .00000055  00000-0  42571-4 0  9995
2 17159  82.9307 201.4553 0042032 198.8929 172.3120 13.72972884977821
GONETS M 16 (M26)
1 44907U 19096C   26140.49339082 -.00000097  00000-0 -77163-3 0  9995
2 44907  82.5180 101.2316 0009698 281.9235  78.0758 12.42890421290195
HULIANWANG DIGUI-32
1 64285U 25121C   26140.50225441  .00000037  00000-0  52351-4 0  9992
2 64285  86.4974  22.7544 0001651  81.4922 278.6399 13.24407589 46498
SS 3
1 10594U 77112F   26140.59165620  .00000662  00000-0  17991-3 0  9998
2 10594  63.3312 252.2243 0486087 163.2275 198.5517 14.03027124363426
WORLDVIEW 2
1 35946U 09055A   26140.46879490  .00000060  00000-0  34302-4 0  9998
2 35946  98.4683 214.3045 0003309 313.4736  46.6176 14.37935491871662
METOP-A
1 29499U 06044A   26140.53399630  .00001669  00000-0  19707-3 0  9997
2 29499  98.3308 246.3755 0174911 157.2071 268.6490 14.75826618 21370
TERRA
1 25994U 99068A   26140.49610464  .00000216  00000-0  52970-4 0  9994
2 25994  97.9475 191.1377 0001535 356.1677 110.8508 14.61078038405561
HAWK-6B
1 55324U 23011A   26140.31073292  .00003354  00000-0  14925-3 0  9995
2 55324  40.4972 154.6321 0003967 216.6442 143.4097 15.22654702183597
SAOCOM 1-B
1 46265U 20059A   26140.48797856  .00000495  00000-0  68740-4 0  9993
2 46265  97.8885 326.7324 0001514  85.9560 274.1826 14.82148215309380
CBERS 1
1 25940U 99057A   26140.46423199  .00000073  00000-0  40319-4 0  9992
2 25940  98.8492 149.2438 0006087  82.3705 277.8172 14.36992469393539
ONEWEB-0566
1 56061U 23043R   26140.56931816  .00000093  00000-0  19418-3 0  9990
2 56061  87.9254 249.4667 0001644  97.8084 262.3236 13.21825495154581
INFORMATOR 1
1 21087U 91006A   26140.24888295  .00000025  00000-0  10493-4 0  9991
2 21087  82.9415 145.8749 0034052 315.8288  55.3998 13.75520916771706
RSW-01
1 49112U 21076A   26140.48243734  .00000245  00000-0  40358-3 0  9995
2 49112  86.4101 167.7111 0016842 136.7269 223.5202 13.42861983232163
PAYLOAD B
1 39209U 13037B   26140.37745646  .00000553  00000-0  90757-4 0  9997
2 39209  98.0819 146.6747 0003282 203.8489 156.2568 14.74550220688256
HULIANWANG DIGUI-104
1 66420U 25258J   26140.43078661 -.00000089  00000-0  74488-4 0  9991
2 66420  50.0041  34.8543 0000980  36.5576 323.5363 13.29322491 26038
ONEWEB-0262
1 48980U 21060P   26140.52853086  .00000058  00000-0  11871-3 0  9992
2 48980  87.9104 234.2610 0001750 104.3991 255.7334 13.16596065235986
COSMOS 660
1  7337U 74044A   26140.47666709  .00006084  00000-0  24139-3 0  9997
2  7337  82.9352 293.1351 0432354  94.6219 270.4493 14.67687418637554
IRS 1A
1 18960U 88021A   26140.40671508 -.00000211  00000-0 -12054-3 0  9998
2 18960  98.8522 196.1176 0013265 286.5980  84.2034 13.97167430849290
ETIHAD-SAT
1 63226U 25052S   26140.28480898  .00002601  00000-0  11745-3 0  9993
2 63226  97.3989  33.2815 0003685 225.9896 134.1037 15.21857601 65591
HYPSO-1
1 51053U 22002BX  26140.52116772  .00048066  00000-0  44155-3 0  9990
2 51053  97.2844 220.3799 0001548  88.9954 271.1484 15.67578051242575
OPS 8364 (DMSP 4)
1 06787U 73054A   26140.43980267  .00000155  00000-0  71343-4 0  9992
2 06787  98.5691   8.4180 0026710 115.7132 244.6815 14.33678162747790
PRAETORIAN SDA_618
1 65581U 25203S   26140.23171745  .00000161  00000-0  13227-3 0  9996
2 65581  81.3040  36.4028 0008744 270.2679  89.7476 13.84771796 34845
ONEWEB-0271
1 48989U 21060Y   26140.50794789  .00000143  00000-0  34144-3 0  9996
2 48989  87.9107 234.2688 0001838  95.0032 265.1308 13.16596457236029
COSMOS 1610
1 15398U 84118A   26140.33945498  .00000036  00000-0  22174-4 0  9995
2 15398  82.9474 154.0823 0030963 214.7391 156.7950 13.73955981 81051
GHGSAT-C2
1 47509U 21006DA  26140.55637589  .00004477  00000-0  12417-3 0  9995
2 47509  97.2165 188.2941 0003303 262.3743  97.7127 15.37435509295603
GLOBALSTAR M097
1 39072U 13005A   26140.44807344 -.00000094  00000-0  56376-4 0  9992
2 39072  52.0059 327.7742 0000638  99.5683 260.5256 12.62251100613403
KUIPER-00081
1 65132U 25171A   26140.30359698  .00001613  00000-0  24050-3 0  9994
2 65132  51.8998 191.3967 0000377  91.0035 269.0970 14.79939801 43641
STARS (KUKAI)
1 33498U 09002G   26140.58854043  .00002581  00000-0  23852-3 0  9997
2 33498  98.1538  86.7779 0006751 259.2643 100.7817 14.95532412934351
HULIANWANG DIGUI-71
1 65231U 25178D   26140.53274103  .00000072  00000-0  13248-3 0  9998
2 65231  86.5023  22.8891 0001626  85.2198 274.9122 13.24411320 36659
KUIPER-00181
1 67137U 25301E   26140.66615643  .00001486  00000-0  22389-3 0  9991
2 67137  51.9017 119.8348 0001504  70.2020 289.9104 14.79934132 24376
QIANFAN-134
1 69080U 26104H   26140.54556074 -.02144476  00000-0 -10998+1 0  9992
2 69080  88.9863 344.7837 0004037 144.8631 215.2826 14.19811252  1162
KORSAT-2
1 62377U 24247A   26140.46685980  .00001721  00000-0  15942-3 0  9998
2 62377  45.4095 211.5201 0002575  60.0227 300.0907 14.98777421 77409
KUIPER-00173
1 65786U 25217AA  26140.54585406  .00002486  00000-0  35489-3 0  9991
2 65786  51.9010  75.3621 0001305  58.5706 301.5384 14.79940732 35653
HJS-7B
1 65618U 25209B   26140.58428892 -.00000092  00000-0  64692-4 0  9996
2 65618  49.9982 100.4026 0001805  11.0166 349.0751 13.41461190 33938
ONEWEB-0113
1 48050U 21025J   26140.21977192 -.00000137  00000-0 -40820-3 0  9998
2 48050  87.8947 325.7122 0001852  91.0381 269.0961 13.13895248249936
GONETS-M 23
1 54150U 22139A   26140.57182674  .00000038  00000-0  20137-3 0  9992
2 54150  82.5090   5.4583 0020593 283.2031  76.6751 12.42889609162217
COSMOS 2540
1 44517U 19057A   26140.46905230  .00000006  00000-0  43388-4 0  9991
2 44517  99.2058 152.4975 0014719 243.5621 116.4025 13.85942345340037
YAM-9
1 66694U 25276AE  26140.45015403  .00003322  00000-0  18302-3 0  9995
2 66694  97.4215 213.6608 0010077  56.4140 303.8053 15.14647419 26150
PRAETORIAN SDA_621
1 65584U 25203V   26140.46802388  .00000121  00000-0  98527-4 0  9991
2 65584  81.3039  36.3803 0006352 262.2475  97.7960 13.83796839 34867
KOMPASS
1 27002U 01056B   26140.46988079 -.00000007  00000-0  45130-4 0  9992
2 27002  99.7951 314.7531 0019123 203.2085 181.4896 13.70638507222444
QIANFAN-103
1 66045U 25233N   26140.55720500  .00000131  00000-0  18396-3 0  9998
2 66045  89.0026  45.9852 0002258  68.8679 291.2713 13.51005999 29459
COSMOS 2601
1 67675U 26023B   26140.42797522  .00007129  00000-0  29117-3 0  9997
2 67675  96.6258 205.0983 0016130 233.3651 126.6106 15.24525200 15789
COSMOS 2565
1 54381U 22163A   26140.51058767 -.00000032  00000-0  31492-4 0  9996
2 54381  67.1473 174.5227 0006519 275.4306  84.6035 13.96676143176902
PANDORE
1 63244U 25052AL  26140.50930470  .00001966  00000-0  18563-3 0  9992
2 63244  97.6931  32.3980 0003287 300.1462  59.9433 14.94856428 64472
KAGAYAKI
1 33495U 09002D   26140.49098874  .00000198  00000-0  37351-4 0  9998
2 33495  98.1246  46.0341 0008904 114.2610 245.9530 14.74773454930130
TOMORROW-S2
1 60485U 24149T   26140.48231041  .00005394  00000-0  17546-3 0  9996
2 60485  97.3814 221.5136 0003333  42.9839 317.1662 15.32301787 97845
EOS-4
1 51656U 22013A   26140.51548147  .00000773  00000-0  47812-4 0  9992
2 51656  97.5111 147.5876 0001893  86.3897 273.7550 15.12724247235306
IRIDIUM 174
1 56728U 23068U   26140.55791780  .00000467  00000-0  70119-4 0  9991
2 56728  86.6115   5.2431 0002584  87.6757 272.4756 14.72259220161950
COSMOS 1275
1 12504U 81053A   26140.36828819  .00000048  00000-0  35235-4 0  9991
2 12504  82.9585 285.9986 0038365 255.9658 103.7232 13.74531374255450
APRIZESAT 9
1 40018U 14033J   26140.31099940  .00000296  00000-0  51247-4 0  9992
2 40018  97.9022 274.1970 0064815 290.3379  69.0873 14.74176479639451
HULIANWANG DIGUI-105
1 66915U 25285A   26140.58511524 -.00000089  00000-0  76323-4 0  9996
2 66915  50.0052 245.2131 0001074 192.6547 167.4299 13.29321764 22386
ONEWEB-0185
1 48220U 21031L   26140.35871801  .00000067  00000-0  14623-3 0  9991
2 48220  87.8948 295.2474 0001938 109.6530 250.4809 13.14503967244591
JACKAL-01
1 59127U 24043AF  26140.33453608  .00011344  00000-0  25403-3 0  9992
2 59127  97.5559 284.2474 0005860 324.4442  35.6414 15.43609478123252
ONEWEB-0614
1 55156U 23004S   26140.38314521  .00000042  00000-0  81752-4 0  9994
2 55156  87.8910  26.6092 0002001  86.1553 273.9804 13.11413870162194
HULIANWANG DIGUI-84
1 65819U 25220C   26140.49845243  .00000061  00000-0  10838-3 0  9992
2 65819  86.4943  53.0981 0001539  63.0324 297.0967 13.24405452 31258
ORBCOMM FM 106
1 40088U 14040C   26140.35990901  .00000418  00000-0  99396-4 0  9991
2 40088  47.0615  18.5003 0016411 196.4450 163.5911 14.70444529633080
LIZZIESAT-2
1 62383U 24247G   26140.55987289  .00005544  00000-0  20104-3 0  9995
2 62383  44.9937  82.8255 0001741  37.0853 323.0151 15.29405316 78746
COSMOS 342
1  4389U 70036G   26140.53341545 -.00000000  00000-0  87045-4 0  9992
2  4389  74.0308  48.8848 0101701 295.5060 238.8783 12.68339106595619
AEROCUBE 16A
1 59290U 24053C   26140.19914631  .00011419  00000-0  26401-3 0  9998
2 59290  49.9884 106.9565 0001849 223.3076 136.7742 15.42915825116781
JILIN-01-04
1 43022U 17074A   26140.50776190  .00009573  00000-0  22912-3 0  9991
2 43022  97.4834 249.4033 0002566 300.4824  59.6169 15.41669393470007
YAOGAN 24
1 40310U 14072A   26140.56254373  .00000739  00000-0  11439-3 0  9990
2 40310  98.1455 277.6728 0013813 358.1249   1.9906 14.76183859619642
COSMOS 2304
1 23446U 94086F   26140.28780535  .00000018  00000-0  39050-4 0  9997
2 23446  82.5712 338.0372 0003277 230.1665 303.5908 12.62204312446166
HULIANWANG DIGUI-115
1 66954U 25287B   26140.33217534  .00000018  00000-0  78152-5 0  9992
2 66954  86.4926 291.8038 0001395 110.2397 249.8887 13.24427694 21651
YAOGAN-36 03A
1 54372U 22160A   26140.46631559  .00007423  00000-0  22316-3 0  9997
2 54372  34.9988 140.3258 0001120   8.0867 351.9869 15.33664048193958
YAOGAN-30 F
1 43030U 17075C   26140.54295363  .00001543  00000-0  11602-3 0  9996
2 43030  34.9951  78.6631 0002279 194.0292 166.0353 15.02506310463269
TIANMU-1 08
1 57400U 23101B   26140.52616390  .00003833  00000-0  13648-3 0  9990
2 57400  97.2594 191.6089 0003510 186.7824 173.3369 15.29534538157418
COSMOS 507
1 06120U 72057D   26140.35736759  .00000004  00000-0  12950-3 0  9992
2 06120  74.0279 244.9407 0054554 288.7267 129.4297 12.52655986461478
FLOCK 4Q 30
1 58286U 23174AG  26140.19225569  .00030231  00000-0  44057-3 0  9990
2 58286  97.3931 231.5788 0004563 225.7890 134.2990 15.55655294141447
COSMOS 2297
1 23404U 94077A   26140.47479199 -.00000110  00000-0 -33080-4 0  9995
2 23404  71.0146 308.7609 0017597 242.6963 117.2368 14.13940696624630
ONEWEB-0292
1 49186U 21083A   26140.51308007  .00000253  00000-0  65703-3 0  9993
2 49186  87.8931 325.7548 0001953  91.9669 268.1684 13.13471252227294
ISAT
1 43879U 18111D   26140.56479409  .00053462  00000-0  65006-3 0  9990
2 43879  97.5903  73.7694 0007210  67.1598 293.0419 15.60371085406855
COSMOS 2094
1 20739U 90070E   26140.40831481  .00000016  00000-0  30579-4 0  9994
2 20739  82.5738 309.6040 0012148 148.6194 236.2421 12.64754536651710
JACKAL-02
1 59134U 24043AN  26140.64524250  .00013156  00000-0  27876-3 0  9995
2 59134  97.5549 285.4727 0006095 312.3486  47.7246 15.45207478123363
FORMOSAT 3C
1 29049U 06011C   26140.61147272  .00000231  00000-0  10231-3 0  9991
2 29049  72.0172 100.3052 0035671 255.7605 103.9570 14.31380579 48725
HILAT
1 14154U 83063A   26140.57836833  .00000215  00000-0  64399-4 0  9994
2 14154  82.0247 186.6928 0039569  16.5981 144.3095 14.38692508243610
QIANFAN-94
1 66036U 25233D   26140.28973301  .00000140  00000-0  19773-3 0  9997
2 66036  89.0026  45.9320 0002155  73.1958 286.9429 13.51004860 29466
ICEYE-X31
1 58288U 23174AJ  26140.54028694  .00013120  00000-0  41005-3 0  9999
2 58288  97.3784 216.3095 0003572  86.2695 273.8956 15.33284735140512
COSMOS 1723
1 16456U 86002H   26140.64214507 -.00000019  00000-0 -20323-4 0  9996
2 16456  73.9868 110.0369 0051708  96.6252  15.7289 12.55804863850182
ITUPSAT 1
1 35935U 09051E   26140.69486716  .00000461  00000-0  10540-3 0  9994
2 35935  98.4067  47.0168 0006900 334.3555  25.7302 14.60393302884729
KUIPER-00083
1 64829U 25151P   26140.81981101  .00000434  00000-0  85917-4 0  9990
2 64829  51.9003 336.6380 0000888 112.5328 247.5728 14.79931776 47240
COSMOS 1150
1 11667U 80003A   26140.40707771  .00000040  00000-0  26496-4 0  9993
2 11667  82.9567 199.1324 0032035   4.1321   7.1663 13.73676931318554
ION SCV-006
1 52761U 22057AF  26140.31373089  .00007284  00000-0  15815-3 0  9998
2 52761  97.6076 287.6205 0017071 210.7520 149.2729 15.44547380221810
ONEWEB-0297
1 49086U 21075M   26140.36161102  .00000275  00000-0  72921-3 0  9993
2 49086  87.8951 356.2131 0001854  88.4894 271.6447 13.12441088231534
KUIPER-00074
1 64821U 25151F   26140.50370595  .00194978  00000-0  10190-2 0  9993
2 64821  51.8923 288.3913 0006870 273.5613  86.4607 15.79719403 46695
ONEWEB-0069
1 45430U 20020G   26140.37751344  .00000290  00000-0  78846-3 0  9994
2 45430  87.8915  26.6000 0001900  80.8062 279.3281 13.10856651299024
ONEWEB-0283
1 49001U 21060AL  26140.27044871  .00000061  00000-0  12676-3 0  9991
2 49001  87.9108 234.3227 0001944  96.2336 263.9017 13.16596092235942
IRIDIUM 142
1 43256U 18030H   26140.41198956  .00000133  00000-0  40446-4 0  9997
2 43256  86.3930 301.9691 0002023  87.7723 272.3704 14.34217273426158
FENGYUN 3B
1 37214U 10059A   26140.52010583  .00000063  00000-0  55928-4 0  9991
2 37214  98.9632 186.4143 0020916 265.1453 200.8809 14.14834720803515
GEESAT 4-09
1 65127U 25170J   26140.49332159  .00000784  00000-0  12770-3 0  9994
2 65127  49.9927 331.8455 0021959 284.8114  75.0391 14.81282359 41896
CYGNUS NG-24
1 68689U 26079A   26140.52007259  .00005164  00000-0  10084-3 0  9996
2 68689  51.6328  77.0641 0007497  79.3410 280.8422 15.49283153567432
KOYOH
1 58464U 23185C   26140.54470660  .00004329  00000-0  21705-3 0  9997
2 58464  97.5317 212.9032 0007949  53.0093 307.1867 15.17851739135939
GLOBALSTAR M039
1 25961U 99062A   26140.46992479 -.00000096  00000-0  43897-4 0  9993
2 25961  51.9861 321.3971 0002912  32.6156 327.4890 12.62344863222815
KUIPER-00266
1 67789U 26030AB  26140.50003471 -.00024398  00000-0 -12886-2 0  9996
2 67789  51.8865 237.8048 0022349 331.6876 234.5897 15.14478994  5676
COSMOS 1913
1 18792U 88002E   26140.56430288  .00000039  00000-0  15217-3 0  9995
2 18792  82.6006 234.3201 0014769 129.0566 242.7815 12.65748618771262
KUIPER-00317
1 68600U 26072AD  26140.92285925  .00020659  00000-0  56061-3 0  9995
2 68600  51.8690 308.9219 0008778 274.2730  85.7254 15.37541072  7180
COSMOS 651
1  7291U 74029A   26140.39470757 -.00000069  00000-0  17076-4 0  9997
2  7291  64.9727  26.9385 0023476  53.9792 306.3443 13.93092758646844
AETHER-4
1 67375U 26004N   26140.45296170  .00000446  00000-0  54271-4 0  9994
2 67375  97.8038 139.5738 0004281 195.5335 164.5751 14.88155430 19173
SPAWAR-CAL-O
1 43766U 18099J   26140.41953368  .00013800  00000-0  42078-3 0  9991
2 43766  97.4339 204.1835 0008505  41.8520 318.3372 15.34033108409260
ONEWEB-0045
1 45151U 20008W   26140.39161399 -.00000370  00000-0 -10812-2 0  9996
2 45151  87.8920  26.5870 0001963  79.2753 280.8596 13.11413886306768
CENTISPACE-2 S10
1 68359U 26060K   26140.54508490  .00000762  00000-0  14604-3 0  9996
2 68359  54.9766 148.5948 0015319  85.9679 274.3071 14.74103472  8692
COSMOS 1528
1 14617U 84001G   26140.42122135 -.00000001  00000-0  95748-4 0  9994
2 14617  74.0106  24.1287 0009796 112.6651  61.1099 12.49037863931952
COSMOS 766
1  8290U 75086F   26140.54872784 -.00000015  00000-0  83246-5 0  9998
2  8290  74.0080 180.0166 0043064 255.3484 176.9468 12.53298339318301
HINCUBE
1 39445U 13066AF  26140.35169981  .00004041  00000-0  26486-3 0  9994
2 39445  97.7956 108.4683 0031649 307.7776  52.0586 15.07897090675336
SAUDISAT 3
1 31118U 07012B   26140.58165442  .00000152  00000-0  32768-4 0  9990
2 31118  98.1442  90.9674 0013709 319.7679  40.2511 14.71406545 23680
KUIPER-00034
1 63747U 25088Z   26140.28395222  .00000459  00000-0  89182-4 0  9996
2 63747  51.9009 131.5173 0000527  73.3128 286.7892 14.79931948 58428
COSMOS 574
1 06707U 73042A   26140.33508870  .00000069  00000-0  59269-4 0  9993
2 06707  82.9514 214.2361 0020395 328.6276 105.6802 13.72420006 86857
SNUSAT-2
1 43782U 18099AA  26140.38446571  .00005540  00000-0  24992-3 0  9995
2 43782  97.4072 194.2023 0011110  42.2948 317.9142 15.21361536408809
ASNARO
1 40298U 14070A   26140.50242390  .00008246  00000-0  38971-3 0  9994
2 40298  97.3448 217.3596 0002637 219.7149 140.3894 15.19650653639800
FLOCK 4H 10
1 66713U 25276AZ  26140.16676452  .00004194  00000-0  20082-3 0  9998
2 66713  97.4195 214.1275 0006209 101.4138 258.7795 15.19473113 26160
HULIANWANG DIGUI-45
1 65048U 25162F   26140.45828929 -.00000078  00000-0  98906-4 0  9991
2 65048  50.0063   5.1495 0000497  19.6666 340.4225 13.29323185 39679
HYDRA-2
1 67389U 26004AC  26140.25560101  .00003272  00000-0  16318-3 0  9994
2 67389  97.4590 139.6994 0005257  82.3815 277.8016 15.18222581 19518
YAOGAN 25C
1 40340U 14080C   26140.48593227  .00000056  00000-0  16631-3 0  9998
2 40340  63.3890  22.6602 0364462   9.5034 351.2647 13.45346975562026
KUIPER-00097
1 65136U 25171E   26140.32389258  .00001688  00000-0  25038-3 0  9994
2 65136  51.9018 203.9545 0000269 103.9318 256.1674 14.79937364 43457
COSMOS 2189
1 21978U 92030C   26140.51688007 -.00000007  00000-0  55024-4 0  9997
2 21978  74.0027 199.9168 0039859  82.0528 342.4504 12.54028749554672
KUIPER-00193
1 68576U 26072D   26140.50003471  .00019742  00000-0  59819-3 0  9990
2 68576  51.8777 310.7267 0003620 246.5680  65.8620 15.34140807  4405
NORBI
1 46494U 20068J   26140.48730605  .00016193  00000-0  32041-3 0  9992
2 46494  97.8642 154.0382 0006548  17.8719 342.2759 15.47167957311924
ICEYE-X76
1 68502U 26067CQ  26140.62057335  .00001413  00000-0  14630-3 0  9992
2 68502  97.7611  99.3039 0003661  95.9430 264.2206 14.91625440  7615
KUIPER-00260
1 67787U 26030Z   26140.50003471 -.00069107  00000-0 -89389-2 0  9993
2 67787  51.8994 237.5979 0003530  14.0516 160.1023 14.80808891  3804
UND ROADS 2
1 64549U 25135X   26140.60177255  .00004704  00000-0  20027-3 0  9999
2 64549  97.4761 256.8871 0001888 146.9198 213.2157 15.23475789 50719
COSMOS 2602
1 67676U 26023C   26140.16191545  .00004271  00000-0  17546-3 0  9990
2 67676  96.6297 204.9304 0017300 223.2746 136.7136 15.24503436 15907
COSMOS 1640
1 15622U 85023F   26140.41094053 -.00000011  00000-0  29901-4 0  9991
2 15622  74.0549 298.0161 0033665  33.6601 353.5098 12.52840602882849
COSMOS 1932
1 18957U 88019A   26140.46815759 -.00000055  00000-0  30590-4 0  9996
2 18957  65.0437 204.8890 0059312 249.7390 109.7287 13.79817390925325
SHIYAN 32-03
1 66379U 25255D   26140.52883979  .00005849  00000-0  14853-3 0  9994
2 66379  52.9933 145.5720 0010761  61.4824 298.7261 15.41130734 29711
HAWK-12C
1 64621U 25138A   26140.49009750  .00002656  00000-0  13387-3 0  9999
2 64621  97.4347 143.4125 0012488 234.7835 125.2231 15.17970233 49669
YAOGAN-36 02B
1 54043U 22133B   26140.53873626  .00008903  00000-0  28245-3 0  9994
2 54043  34.9962 286.6365 0003896 195.5875 164.4723 15.31912895200602
BRO-17
1 66672U 25276G   26140.16523231  .00002490  00000-0  12644-3 0  9990
2 66672  97.4195 213.8277 0008516  98.6422 261.5777 15.17786686 26148
LQSAT
1 40958U 15057A   26140.49276477  .00000808  00000-0  12195-3 0  9990
2 40958  97.6675 135.2413 0017347   7.9145 352.2336 14.76745650571221
FLOCK 4H 29
1 66732U 25276BU  26140.43604997  .00004010  00000-0  19276-3 0  9994
2 66732  97.4173 214.3272 0004948 114.7716 245.4034 15.19374984 26203
TIGER-6
1 58272U 23174S   26140.53741652  .00398032  66973-4  91142-3 0  9997
2 58272  97.3780 238.9115 0008582 240.1197 119.9228 15.97298804141984
HULIANWANG DIGUI-22
1 63689U 25086C   26140.54023892  .00000043  00000-0  66572-4 0  9996
2 63689  86.5027 322.3781 0001487  78.8788 281.2513 13.24407782 51202
CONNECTA IOT-10
1 64555U 25135AD  26140.58177933  .00002096  00000-0  99899-4 0  9992
2 64555  97.4657 255.8809 0002376  82.3607 277.7898 15.20219327 50663
CHUANG XIN 1-04
1 40137U 14051B   26140.45995916  .00000377  00000-0  16190-3 0  9994
2 40137  98.7053 142.2721 0021066 255.0578 104.8272 14.30405094610589
SOAP
1 63263U 25052BF  26140.54826117  .00001174  00000-0  10801-3 0  9997
2 63263  97.6892  33.3421 0003621  75.6550 284.5074 14.96636212 64559
QIANFAN-114
1 68641U 26075F   26140.39453439  .00000028  00000-0  15842-4 0  9992
2 68641  88.9876 323.8797 0010753  90.4514 269.7882 13.73716593  6037
COSMOS 1524
1 14613U 84001C   26140.59554251 -.00000014  00000-0  14660-4 0  9994
2 14613  74.0078  87.0119 0031924 345.7913 187.5426 12.56746783943839
TIANQI 24
1 57795U 23135D   26140.49854698 -.00000145  00000-0  61135-5 0  9995
2 57795  49.9735 269.2847 0014197 164.6172 195.5174 14.23130465140689
ORBCOMM FM 21
1 25475U 98053A   26140.65191393  .00000361  00000-0  16436-3 0  9991
2 25475  45.0070 110.3427 0000922 310.8794  49.1974 14.38135198445813
COSMOS 1693
1 16141U 85094D   26140.59246828  .00000023  00000-0  68427-4 0  9992
2 16141  82.6092 270.0288 0015946  97.9784 275.1543 12.64358834874053
HJ-1A
1 33320U 08041A   26140.52035131  .00001072  00000-0  13488-3 0  9994
2 33320  97.6675 127.4325 0017651 226.3675 133.6077 14.83917669954300
TIANHUI 5A
1 58199U 23168A   26140.43082072  .00000225  00000-0  30778-4 0  9999
2 58199  97.8207 148.1974 0001591  87.2801 272.8597 14.87582639138479
COSMOS 1412
1 13600U 82099A   26140.58994782 -.00000072  00000-0  16188-4 0  9991
2 13600  64.8143  73.0039 0047332  26.9709 145.5040 13.86382685195871
GARAI-A
1 62635U 25009AC  26140.49554387  .00004230  00000-0  20542-3 0  9991
2 62635  97.4000 220.8427 0004120  84.6206 275.5498 15.18986634 74576
COSMOS 2322
1 23704U 95058A   26140.48925297  .00000168  00000-0  11373-3 0  9995
2 23704  70.9875  50.9359 0010328 210.7264 149.3254 14.13823786576202
COSMOS 521
1  6206U 72074A   26140.36386749 -.00000072  00000-0  92034-5 0  9996
2  6206  65.8290 351.4641 0002295  35.9176 137.2173 13.72509488687797
PRAETORIAN SDA_608
1 65571U 25203G   26140.45610513  .00000105  00000-0  83981-4 0  9993
2 65571  81.3024  36.4790 0005040 278.8373  81.2212 13.83812830 34853
ORBCOMM FM 118
1 41183U 15081E   26140.26407059  .00000206  00000-0  79876-4 0  9997
2 41183  47.0028 133.7930 0004113 271.1469  88.8946 14.58848298553659
FOSSASAT2E25
1 68478U 26067BQ  26140.60286038  .00000297  00000-0  34698-4 0  9992
2 68478  97.7587  99.3111 0002910  48.4619 311.6849 14.92085513  7610
YAOGAN-30 A
1 42945U 17058A   26140.50454303  .00001602  00000-0  11899-3 0  9992
2 42945  34.9965 198.0765 0002692 265.7390  94.3011 15.02958075471720
TEMPSAT 2
1  4168U 69082H   26140.33894028  .00000001  00000-0  39165-4 0  9993
2  4168  70.0122 157.4923 0019369 170.4637 189.6840 13.96010224884206
HULIANWANG DIGUI-99
1 66415U 25258D   26140.38073396 -.00000086  00000-0  81382-4 0  9997
2 66415  50.0062  35.2921 0000960  41.8551 318.2395 13.29322427 26024
GHGSAT-C3
1 52737U 22057F   26140.51883422  .00004570  00000-0  14164-3 0  9991
2 52737  97.6568 285.1521 0005630 206.7703 153.3249 15.33961944221298
KUIPER-00122
1 65951U 25228E   26140.44316779  .00002547  00000-0  36288-3 0  9997
2 65951  51.9002  45.7720 0001014  86.1211 273.9867 14.79943937 33829
QIANFAN-71
1 62801U 25016S   26140.50188813  .00000097  00000-0  13106-3 0  9998
2 62801  88.9719  86.6053 0013420 248.3966 111.5756 13.51012651 68675
ONEWEB-0334
1 49200U 21083Q   26140.64323923  .00000189  00000-0  43263-3 0  9993
2 49200  87.9167 279.9398 0001391  70.6389 289.4895 13.20769853233152
COSMOS 1677
1 15986U 85075A   26140.41433785 -.00000065  00000-0  22568-4 0  9991
2 15986  64.6849  19.1749 0059372   2.0516 358.0774 13.86699274 54030
GAOFEN 1-02
1 43259U 18031A   26140.03806988  .00000152  00000-0  29252-4 0  9993
2 43259  98.0537 202.6408 0004556  96.3731 263.7998 14.76474033438545
LEMUR 2 MJR092620
1 58340U 23174CN  26140.49098200  .00008146  00000-0  18203-3 0  9998
2 58340  97.3966 230.0354 0005999 203.2830 156.8147 15.43766309141371
ADEOS 2
1 27597U 02056A   26140.62727858  .00000159  00000-0  80228-4 0  9990
2 27597  98.7864  99.6561 0001883 114.2062 245.9316 14.29332053220574
APRIZESAT 4
1 35684U 09041D   26140.47485097  .00000447  00000-0  59956-4 0  9990
2 35684  98.1416 215.2434 0044345  52.7559 307.7687 14.83834536907257
COSMOS 2147
1 21303U 91033E   26140.40218866  .00000013  00000-0  14041-4 0  9991
2 21303  82.5644 293.0826 0019831  67.4816 320.7784 12.65165460616633
ONEWEB-0343
1 49209U 21083Z   26140.30201810 -.00000011  00000-0 -61295-4 0  9997
2 49209  87.9168 341.0071 0001476  81.2840 278.8459 13.18684509226369
OKEAN 3
1 21397U 91039A   26140.61772882  .00001999  00000-0  13792-3 0  9991
2 21397  82.5153 267.1121 0015793  85.8667 274.4365 15.05174724875853
ONEWEB-0372
1 49298U 21090V   26140.35941499 -.00000002  00000-0 -36116-4 0  9996
2 49298  87.9173 279.9905 0001856  97.9317 262.2027 13.20771318226167
ONEWEB-0400
1 50480U 21132M   26140.54144407 -.00000009  00000-0 -54894-4 0  9993
2 50480  87.9173 340.9457 0001668  91.2389 268.8934 13.18687511217965
ONEWEB-0332
1 49279U 21090A   26140.35952711  .00000057  00000-0  11967-3 0  9998
2 49279  87.8939 295.2600 0001739  89.4716 270.6612 13.14502947223924
GLOBAL-4
1 44499U 19054E   26140.40398229  .00035010  00000-0  40106-3 0  9992
2 44499  45.0077  36.3718 0004349 168.2203 191.8796 15.61539897376017
GLOBAL-2
1 43812U 18099BG  26140.34910646  .00001437  00000-0  96034-4 0  9992
2 43812  97.3573 178.0214 0004238 240.3109 119.7698 15.08488800407715
ORBCOMM FM 115
1 41186U 15081H   26140.24106208  .00000246  00000-0  81269-4 0  9993
2 41186  46.9983 235.5710 0001521 217.3816 142.6966 14.63230888557128
PICARD
1 36598U 10028A   26140.28717380  .00000128  00000-0  42097-4 0  9998
2 36598  98.2803 333.4490 0001264  90.3690 269.7651 14.52681581843382
TIANHUI 1-04
1 49049U 21067A   26140.54480964  .00003357  00000-0  14382-3 0  9994
2 49049  97.2774 209.4790 0000600  54.4909 305.6384 15.23440602267384
CHUANG XIN 20B (CX-20B)
1 58426U 23181B   26140.50394924 -.00000094  00000-0  61473-4 0  9998
2 58426  49.9591  68.2904 0010897 187.3176 172.7543 13.41487905122029
ISIS 2
1 05104U 71024A   26140.24791068  .00000002  00000-0 -45595-4 0  9999
2 05104  88.1634 320.8137 0043750 181.1016 352.8212 12.67885358551202
QIANFAN-141
1 69087U 26104Q   26140.54219274  .00000064  00000-0  20528-4 0  9991
2 69087  88.9871 344.7829 0002135 180.2288 179.8905 14.26451052  1167
ONEWEB-0019
1 45449U 20020AB  26140.21176967  .00000645  00000-0  17840-2 0  9999
2 45449  87.8913  26.6197 0001689  79.4148 280.7170 13.11416495298876
COSMOS 2253
1 22688U 93038B   26140.61118991  .00000030  00000-0  10986-3 0  9998
2 22688  82.5855 274.8892 0012655  73.8994 286.3489 12.61600625515022
YAOGAN 29
1 41038U 15069A   26140.51566115  .00000942  00000-0  12238-3 0  9994
2 41038  98.0039 169.1036 0003016 100.4825 259.6729 14.83062119566522
IRIDIUM 136
1 42962U 17061H   26140.41590668  .00000052  00000-0  11582-4 0  9998
2 42962  86.3990  36.8638 0002190  83.5513 276.5932 14.34219670450854
ONEWEB-0082
1 45452U 20020AE  26140.63746817 -.00000435  00000-0 -12630-2 0  9997
2 45452  87.8923  26.5377 0001956  75.0978 285.0366 13.11419975299063
KUIPER-00416
1 68931U 26098N   26140.47666645  .00012936  00000-0  36913-3 0  9995
2 68931  51.8738 201.0432 0001552  86.9871 273.1292 15.36377482  3099
COSMOS 967
1 10512U 77116A   26140.36669576 -.00000077  00000-0  37828-5 0  9990
2 10512  65.8331 173.7180 0029933 258.4191 113.8423 13.75076110431540
HAIYANG 2C
1 46469U 20066A   26140.54917374  .00000003  00000-0  76645-4 0  9991
2 46469  65.9979 284.0950 0009896 239.6400 120.3690 13.83372141285672
NOAA 1
1  4793U 70106A   26140.35608490 -.00000043  00000-0 -10284-5 0  9994
2  4793 101.3387 176.3255 0031806  41.9155 329.7126 12.54050162537203
TIANQI 16
1 64058U 25105A   26140.42112581 -.00000107  00000-0  14459-4 0  9999
2 64058  44.9821 145.9067 0012651 251.4903 108.4555 13.99144243 51301
COSMOS 2481
1 38733U 12041A   26140.51517348 -.00000009  00000-0 -13639-3 0  9995
2 38733  82.4734  92.4792 0019467 133.1670 227.1040 12.42433828626316
HAWK-2A
1 47505U 21006CW  26140.37512109  .00004466  00000-0  13678-3 0  9999
2 47505  97.2338 185.9061 0004814 315.1283  44.9571 15.34304408295238
BRITE-PL
1 39431U 13066R   26140.54729854  .00000479  00000-0  10399-3 0  9998
2 39431  97.7933 254.8695 0191543  97.2390 265.0624 14.51332767659927
QIANFAN-121
1 68648U 26075N   26140.62988143  .00000021  00000-0  86864-5 0  9996
2 68648  88.9885 323.8431 0010354  82.3545 277.8795 13.73752814  6073
GONETS M 18
1 46487U 20068B   26140.56229076  .00000156  00000-0  10499-2 0  9992
2 46487  82.4955   3.8190 0020739  91.2258 269.1197 12.42872018255713
SATORO-T3
1 64589U 25135BP  26140.50680764  .00001385  00000-0  13453-3 0  9993
2 64589  97.7685 255.3228 0006268  73.0155 287.1751 14.94208374 49776
METEOR 3-5
1 21655U 91056A   26140.31773672 -.00000113  00000-0 -32461-3 0  9995
2 21655  82.5547 159.0636 0012800 201.7029 158.3553 13.17157926670908
ONEWEB-0429
1 50500U 21132AH  26140.49255221  .00000015  00000-0  46692-5 0  9990
2 50500  87.9164 340.9720 0001758  84.0799 276.0534 13.18688892217933
ICEYE-X57
1 64578U 25135BC  26140.46538882  .00003061  00000-0  24539-3 0  9999
2 64578  97.7862 256.8614 0001818  49.1045 311.0336 15.00879205 49865
PRISMA (TANGO)
1 36827U 10028F   26140.15867328  .00000190  00000-0  67016-4 0  9994
2 36827  98.4356 351.2520 0040304 318.0614  41.7492 14.44801944698846
DUTHSAT-2
1 64530U 25135C   26140.59910461  .00008988  00000-0  35032-3 0  9991
2 64530  97.4598 256.5411 0003298 285.6002  74.4873 15.26182796 50725
QIANFAN-120
1 68647U 26075M   26140.62535830 -.02116082  00000-0 -24940+1 0  9997
2 68647  88.9868 323.8398 0008484  96.9575 263.2553 13.72231509  6073
LEMUR-2 CARROLLEMO
1 68489U 26067CB  26140.69493010  .00002402  00000-0  24587-3 0  9998
2 68489  97.7525  99.3093 0003261 125.7951 234.3571 14.91442965  7622
KUIPER-00082
1 64828U 25151N   26140.22011206 -.00002010  00000-0 -23465-3 0  9997
2 64828  51.9012 331.8024 0000538 104.1765 255.9257 14.79938951 46077
ONEWEB-0274
1 48992U 21060AB  26140.50161003  .00000079  00000-0  17422-3 0  9995
2 48992  87.9099 234.2858 0002261  94.4542 265.6848 13.16595724235986
AMSAT ECHO
1 28375U 04025K   26140.63226419  .00000090  00000-0  39326-4 0  9998
2 28375  98.6597 104.1154 0079671 199.8637 159.9446 14.43859438151600
ONEWEB-0290
1 49080U 21075F   26140.38582739 -.00000102  00000-0 -29615-3 0  9995
2 49080  87.9163  11.3806 0001297  84.0299 276.0980 13.17648889229951
YAM-11
1 68991U 26100M   26140.51129779  .00000946  00000-0  10114-3 0  9995
2 68991  97.7392  38.4676 0001952 216.6810 143.4275 14.91045711  2570
KINEIS-2D
1 62930U 25028C   26140.38639276  .00001036  00000-0  15925-3 0  9999
2 62930  97.9302 193.3677 0001737 310.5387  49.5671 14.75584568 68619
FLOCK 4G 9
1 62622U 25009P   26140.17507596  .00006409  00000-0  24072-3 0  9994
2 62622  97.3958 221.3421 0006007  74.3212 285.8690 15.27519330 74586
ALMUNTHER
1 63240U 25052AG  26140.27298493  .00012650  00000-0  42666-3 0  9997
2 63240  97.3912  35.1761 0004414 235.9609 124.1214 15.30841770 65741
KUIPER-00218
1 67780U 26030S   26140.55918355  .00001122  00000-0  19027-3 0  9991
2 67780  51.8984 247.2519 0000970  89.8960 270.2111 14.76454948 15935
FLOCK 4G 15
1 62678U 25009BX  26140.22541859  .00007754  00000-0  27990-3 0  9997
2 62678  97.4014 222.2437 0005956  69.0144 291.1733 15.28761194132272
ROCSAT 2
1 28254U 04018A   26140.34443009 -.00000095  00000-0 -34790-4 0  9997
2 28254  98.8468 108.6823 0002413  40.0621  85.6730 14.01267735124852
COSMOS 2184
1 21937U 92020A   26140.42848500  .00000032  00000-0  18226-4 0  9997
2 21937  82.9302 135.7445 0032114 228.6142 284.3687 13.73386348708529
COSMOS 1577
1 15077U 84067A   26140.49382668  .00000061  00000-0  46415-4 0  9995
2 15077  82.9586 226.8021 0037082  74.8408 296.6548 13.75676619849677
PROGRESS MS-34
1 68837U 26093A   26140.52007259  .00005164  00000-0  10084-3 0  9997
2 68837  51.6328  77.0641 0007497  79.3410 280.8422 15.49283153567471
THE ARAB SATELLITE 813
1 66994U 25292B   26140.19620965  .00002773  00000-0  19268-3 0  9993
2 66994  97.6332 216.2288 0016727  95.7092 264.6043 15.06250437 24239
ONEWEB-0319
1 49105U 21075AG  26140.38076304 -.00000070  00000-0 -21469-3 0  9992
2 49105  87.9154  11.3972 0002394  89.6075 270.5331 13.17650375229946
MERCURY ONE (M1)
1 66742U 25276CE  26140.47377029  .00003026  00000-0  14631-3 0  9998
2 66742  97.4198 214.4902 0003877  81.2756 278.8918 15.19363789 26217
SENTINEL 1C
1 62261U 24235A   26140.49259094  .00000083  00000-0  27223-4 0  9999
2 62261  98.1819 148.2016 0001380  89.7848 270.3510 14.59197972 77379
FLOCK 4G 32
1 62643U 25009AL  26140.68065017  .00213201  00000-0  11766-2 0  9995
2 62643  97.3815 229.2336 0002514 189.8462 170.2756 15.79056474 75168
COSMOS 646
1 07270U 74024F   26140.34991678 -.00000014  00000-0  96729-5 0  9997
2 07270  74.0155 108.0072 0050941  97.1105  17.0917 12.55027391385691
DMSP 5D-2 F10 (USA 68)
1 20978U 90105A   26140.41007996  .00000153  00000-0  61435-4 0  9992
2 20978  98.6110 200.2119 0071100   8.7624 351.4787 14.40147293858511
ONEWEB-0598
1 55154U 23004Q   26140.38823115 -.00000135  00000-0 -41723-3 0  9994
2 55154  87.8907  26.5996 0001098  74.3132 285.8117 13.11417257162256
KUIPER-00299
1 68864U 26095A   26140.50003471  .00055930  00000-0  20240-2 0  9999
2 68864  51.8781  16.6663 0009529 201.9225 160.8489 15.27836133  4186
ION SCV-020
1 64545U 25135T   26140.57194910  .00001846  00000-0  90705-4 0  9993
2 64545  97.4544 255.8439 0007420 248.4300 111.6144 15.19282950 50655
FLOCK 4H 36
1 66739U 25276CB  26140.48731154  .00004182  00000-0  19693-3 0  9995
2 66739  97.4247 214.7376 0003952  73.1695 286.9974 15.20068590 26229
IRIDE-MS2-HEO-8
1 64587U 25135BM  26140.57349514  .00000905  00000-0  95203-4 0  9994
2 64587  97.7704 255.4477 0003089  88.7050 271.4523 14.91835989 49787
GALEX
1 27783U 03017A   26140.53415971  .00000472  00000-0  64811-4 0  9993
2 27783  28.9981 305.8199 0003309 187.1118 172.9424 14.66028583233159
APRIZESAT 2
1 28366U 04025A   26140.45278302  .00000066  00000-0  34043-4 0  9990
2 28366  98.0993 308.0067 0104987 334.4701  25.1324 14.38025098147650
FLOCK 4Q 16
1 58271U 23174R   26140.18903039  .00015904  00000-0  30672-3 0  9996
2 58271  97.3825 227.6774 0004966 251.2502 108.8210 15.47912600141243
ONEWEB-0583
1 54650U 22166J   26140.58950351  .00000020  00000-0  15760-4 0  9991
2 54650  87.9251 249.4890 0002109 100.0394 260.0978 13.21824863167889
ONEWEB-0211
1 48767U 21045A   26140.59569754  .00000036  00000-0  60385-4 0  9992
2 48767  87.8992 264.5857 0001174  99.6248 260.5016 13.16195206240814
KUIPER-00011
1 63727U 25088D   26140.24749533  .00000661  00000-0  11567-3 0  9994
2 63727  51.8995 134.2308 0000552  44.4229 315.6778 14.79931705 58356
COSMOS 793
1  8609U 76008C   26140.40331398 -.00000004  00000-0  73591-4 0  9992
2  8609  74.0546 279.8426 0046278  42.8464 347.0299 12.52646117300466
KUIPER-00144
1 67133U 25301A   26140.58571160  .00001201  00000-0  20170-3 0  9994
2 67133  51.9009  97.3057 0000916  41.9217 318.1813 14.76413996 24525
PNEO3
1 48268U 21034A   26140.49730399  .00001096  00000-0  14590-3 0  9993
2 48268  97.8931 215.6615 0001468  96.9183 263.2197 14.81673455273554
KUIPER-00016
1 63732U 25088J   26140.32733801  .00000575  00000-0  10442-3 0  9995
2 63732  51.8991 153.7915 0000243  36.3277 323.7702 14.79899459 57959
ORBCOMM FM 2
1 23546U 95017B   26140.51420811  .00005782  00000-0  49740-3 0  9996
2 23546  69.9621 326.7641 0006073 193.7535 166.3459 14.97899191662559
COSMOS 2151
1 21422U 91042A   26140.51638522  .00000974  00000-0  75394-4 0  9994
2 21422  82.4978  14.3842 0012417 169.3628 190.7861 15.00354502873963
COSMOS 1531
1 14624U 84003A   26140.49594299  .00000040  00000-0  27055-4 0  9993
2 14624  82.9307 157.9737 0019509 182.4901 341.7480 13.72413759120693
COSMOS 614
1 06965U 73098A   26140.56466695  .00000101  00000-0  40052-4 0  9990
2 06965  74.0560  86.2876 0022198  18.8605 341.3368 14.40146644750326
SAUDISAT 4
1 40016U 14033G   26140.39020622  .00000443  00000-0  65147-4 0  9997
2 40016  97.7548 287.4930 0045315 162.1308 198.1510 14.79497867641968
JILIN-01 GAOFEN 3D 28
1 52445U 22048C   26140.51284795  .00074944  00000-0  58415-3 0  9994
2 52445  97.5626 252.1445 0004218 167.0941 193.0430 15.71469240225179
FLOCK 4G 34
1 62650U 25009AT  26140.50756645  .00007712  00000-0  27939-3 0  9996
2 62650  97.3961 222.2672 0003073  77.0069 283.1513 15.28654741 74682
LEMUR 2 ALISIA
1 62706U 25009DB  26140.16545293  .00005672  00000-0  43403-3 0  9992
2 62706  97.6973 222.5292 0001368 342.5790  17.5388 15.02290462 95957
YAOGAN-35 04A
1 53522U 22100A   26140.26218220  .00000001  00000-0  16041-5 0  9996
2 53522  35.0096 227.3974 0006544 356.5428   3.5240 15.23009234209002
PRAETORIAN SDA_606
1 65569U 25203E   26140.46247249  .00000066  00000-0  48842-4 0  9996
2 65569  81.3073  36.6165 0004819 267.4682  92.5923 13.83486131 34857
QIANFAN-50
1 62251U 24232Q   26140.50877098  .00000104  00000-0  14191-3 0  9990
2 62251  89.0109  25.2936 0017774  95.5488 264.7691 13.51009114 89307
KUIPER-00176
1 65788U 25217AC  26140.53503706  .00002231  00000-0  32169-3 0  9995
2 65788  51.8998  85.3971 0000732  95.5357 264.5688 14.79922281 35513
RISAT 2B
1 44233U 19028A   26140.48948209  .00001252  00000-0  10108-3 0  9996
2 44233  36.9958 158.3538 0005010 185.1156 174.9536 15.01505612383661
KUIPER-00241
1 67149U 25301S   26140.66879985 -.00000237  00000-0 -20694-5 0  9999
2 67149  51.9021 117.3415 0000658  74.2540 285.8495 14.79928441 24589
COSMOS 1716
1 16449U 86002A   26140.56833704 -.00000002  00000-0  92862-4 0  9993
2 16449  73.9892  76.4829 0017828 170.8016  11.7071 12.46918786837185
COSMOS 1312
1 12879U 81098A   26140.34144769  .00000040  00000-0  21810-3 0  9993
2 12879  82.6008 243.7914 0007655 158.7929 265.2268 12.42392513566096
FGN-100-D2
1 66299U 25248G   26140.42699997  .00003543  00000-0  17325-3 0  9997
2 66299  45.4015 269.9289 0006227 254.2337 105.7862 15.20227696 30294
COSMOS 1360
1 13163U 82040D   26140.59673141 -.00000014  00000-0  11424-4 0  9999
2 13163  74.0123 342.3629 0022603 104.3646 285.4176 12.50199247734332
SS 1
1 10529U 77112D   26140.54191288  .00000096  00000-0  62567-4 0  9991
2 10529  63.3386  73.8746 0517229 162.1624 199.8363 13.90340004348357
MOHAMMED VI-A
1 43005U 17070A   26140.50445959  .00001036  00000-0  15383-3 0  9994
2 43005  97.9561 213.2148 0001611 104.9864 255.1525 14.77099567459898
COSMOS 1975
1 19573U 88093A   26140.47372948  .00004434  00000-0  15645-3 0  9999
2 19573  82.5207  45.5671 0009325 280.0726  79.9461 15.28934124 30371
HEAD-3D
1 57629U 23121D   26140.61942545  .00000363  00000-0  10194-3 0  9997
2 57629  45.0042  70.6796 0006052 122.8093 237.3349 14.62868923147764
COSMOS 1720
1 16453U 86002E   26140.40609056 -.00000012  00000-0  29900-4 0  9996
2 16453  73.9882 300.6915 0028123 330.2282  54.8541 12.50635385842658
COSMOS 2256
1 22691U 93038E   26140.51602394  .00000033  00000-0  12384-3 0  9993
2 22691  82.5766 229.3878 0007708  57.9989 313.1858 12.63946944518320
USA 16
1 16624U 86014E   26140.51676963  .00002203  00000-0  22559-3 0  9997
2 16624  63.2983 191.7054 0795857 115.7557 252.7792 13.71853155345152
COSMOS 1832
1 17587U 87026F   26140.48973692  .00000036  00000-0  13794-3 0  9998
2 17587  82.5699 219.4202 0008028 241.6490 129.2298 12.64345413808207
YAOGAN-39 03A
1 57986U 23152A   26140.53351520  .00005925  00000-0  24729-3 0  9993
2 57986  35.0007  86.4380 0005655 274.0181  85.9888 15.22985427146221
ONEWEB-0383
1 49309U 21090AG  26140.17240446  .00000041  00000-0  76214-4 0  9997
2 49309  87.8946 295.2855 0001956  93.2604 266.8749 13.14503775223915
ION SCV-012
1 60573U 24149DK  26140.45781650  .00000297  00000-0  32450-4 0  9996
2 60573  97.6784 215.0620 0003781 152.7328 207.4091 14.94870035 95779
WNISAT 1R
1 42835U 17042L   26140.37243441  .00001616  00000-0  12894-3 0  9998
2 42835  97.4808 297.4953 0009655 256.3189 103.6961 15.01619845482334
COSMOS 1801
1 17145U 86092H   26140.46106806  .00000000  00000-0  94655-4 0  9990
2 17145  74.0160  34.1929 0054234  46.5461 126.3321 12.58853977814949
GEESAT 4-07
1 65125U 25170G   26140.52276022  .00000914  00000-0  13594-3 0  9992
2 65125  49.9930 302.5139 0017931 307.1217  52.8082 14.83919474 42326
GONETS M 06
1 39250U 13048B   26140.47638730  .00000137  00000-0  91447-3 0  9995
2 39250  82.4870   1.5555 0018552 309.2004  50.7427 12.43030354575502
NAOS
1 65317U 25188C   26140.49044006  .00003676  00000-0  98745-4 0  9995
2 65317  97.2032 216.2903 0000755 257.5750 102.5411 15.38547324 41009
IRIDE-MS2-HEO-10
1 68982U 26100C   26140.51093793  .00000883  00000-0  94486-4 0  9996
2 68982  97.7363  38.4649 0002306 236.8707 123.2290 14.91170775  2573
APRIZESAT 7
1 39416U 13066A   26140.58132816  .00000569  00000-0  61981-4 0  9995
2 39416  97.7694  94.2022 0034539 304.4544  55.3412 14.91493561677119
SENTINEL 5P
1 42969U 17064A   26140.28937419  .00000030  00000-0  35347-4 0  9993
2 42969  98.7915  82.6212 0001123  77.7986 282.3316 14.19513577445600
KUIPER-00089
1 64834U 25151U   26140.25658928 -.00001427  00000-0 -15818-3 0  9999
2 64834  51.9020 329.1248 0001297 111.8488 248.2613 14.79928604 46111
COSMOS 951
1 10352U 77087A   26140.42964410  .00000052  00000-0  38282-4 0  9997
2 10352  82.9705 192.7476 0035510  90.6899 281.7650 13.74341250440675
OPS 1292
1 11852U 80052C   26140.55312525  .00000028  00000-0  19562-3 0  9999
2 11852  96.6264  79.4800 0001945 345.6038  14.5012 12.83718685 94430
ONEWEB-0323
1 49106U 21075AH  26140.59540394  .00000323  00000-0  86236-3 0  9993
2 49106  87.8965 356.1358 0002254  95.5432 264.5953 13.12441049230937
ONEWEB-0391
1 50471U 21132C   26140.63726153  .00000024  00000-0  27632-4 0  9992
2 50471  87.9158  11.3569 0002318 103.8320 256.3070 13.17650678214456
COSMOS 1082
1 11297U 79024B   26140.54401950 -.00000024  00000-0 -44953-4 0  9990
2 11297  74.0319 163.7243 0027402 236.0813 199.0408 12.54964290761300
MICRO LABSAT
1 27600U 02056D   26140.38631634  .00000069  00000-0  43707-4 0  9995
2 27600  98.8110 106.6968 0011276  35.7658 324.4278 14.30838609222560
GONETS D1 6
1 24730U 97006F   26140.61119691  .00000035  00000-0  13810-3 0  9999
2 24730  82.6060 274.6039 0002827  40.0859 320.0441 12.62498692348194
FLOCK 4H 8
1 66711U 25276AX  26140.53464235  .00004407  00000-0  20910-3 0  9998
2 66711  97.4229 214.6339 0005135 108.7484 251.4308 15.19768834 26227
HULIANWANG DIGUI-144
1 67442U 26007H   26140.30599178 -.00000096  00000-0  61400-4 0  9994
2 67442  50.0076 185.5621 0000796 267.5744  92.5037 13.29327962 17084
DISCO-2
1 68431U 26067R   26140.64409997  .00003678  00000-0  18103-3 0  9994
2 68431  97.4593  99.5778 0004430  90.6480 269.5262 15.18606119  7764
LEMUR-2-STARLIGHT
1 66783U 25276DY  26140.19813998  .00002264  00000-0  19263-3 0  9991
2 66783  97.5245 211.7967 0014269 219.4268 140.5917 14.98708518 26007
ICEYE-X51
1 63257U 25052AZ  26140.52359031  .00002979  00000-0  23884-3 0  9993
2 63257  97.7493  35.6877 0002035  61.5039 298.6390 15.00890108 64654
SATMAR
1 64551U 25135Z   26140.55462925  .00005168  00000-0  21312-3 0  9990
2 64551  97.4592 256.4171 0001631  61.4697 298.6705 15.24509647 50712
CUTE-1
1 27844U 03031E   26140.28903380  .00000176  00000-0  95378-4 0  9998
2 27844  98.6744 149.1989 0008286 266.0889  93.9343 14.24316564187709
KUIPER-00192
1 68575U 26072C   26140.50003471 -.00022116  00000-0 -24703-2 0  9993
2 68575  51.8996 315.7025 0004344 329.8520 109.2684 14.86275555  3470
ONEWEB-0299
1 49088U 21075P   26140.17321617  .00000075  00000-0  15921-3 0  9998
2 49088  87.9167  11.4157 0001900  88.1624 271.9725 13.17649573229919
COSMOS 773
1 08343U 75094A   26140.14891570  .00000089  00000-0  39546-4 0  9999
2 08343  74.0565  47.4184 0012127 233.0495 126.9548 14.35953868648346
QIANFAN-132
1 69078U 26104F   26140.62143142 -.02073720  00000-0 -11119+1 0  9995
2 69078  88.9863 344.7767 0010085 194.9209 165.1684 14.17255778  1177
COSMOS 2130
1 21105U 91009F   26140.38791184 -.00000028  00000-0 -71175-4 0  9999
2 21105  74.0271 125.8540 0044278 284.5771 227.5144 12.57180918618468
HJ-2E
1 54035U 22132A   26140.54212649  .00005394  00000-0  23871-3 0  9998
2 54035  97.3804 145.4272 0022649 105.3674 255.0067 15.21850583200212
FLOCK 4H 34
1 66737U 25276BZ  26140.67360230  .00004339  00000-0  20387-3 0  9993
2 66737  97.4239 214.9267 0003578  65.9964 294.1646 15.20123631 25506
COSMOS 675
1 07424U 74069A   26140.32547546 -.00000001  00000-0  83268-4 0  9995
2 07424  74.0587 262.3742 0038367 349.4422  75.7667 12.67185985392667
GEESAT 6-07
1 65719U 25214H   26140.52375091  .00001065  00000-0  15630-3 0  9997
2 65719  49.9808  76.1047 0009591 127.4408 232.7404 14.83258468 35417
SIT-2086
1 61764U 24199AF  26140.47315443  .00025019  00000-0  43084-3 0  9992
2 61764  97.2977  16.3697 0007274  23.2564 336.9016 15.51037624130131
COSMOS 1953
1 19210U 88050A   26140.34953208  .00004837  00000-0  16765-3 0  9991
2 19210  82.5075  86.0928 0009163 222.1804 137.8732 15.29537867 48739
CENTISPACE-2 S6
1 68355U 26060F   26140.56286975 -.00000151  00000-0  85706-5 0  9991
2 68355  54.9744 148.6733 0012325  72.6018 287.6327 14.73608219  8690
OKEAN 4
1 23317U 94066A   26140.64419596  .00001079  00000-0  90979-4 0  9993
2 23317  82.5323 281.2794 0016418  11.9372 348.2236 14.97141100711215
JASON
1 26997U 01055A   26140.40662997 -.00000062  00000-0 -30379-6 0  9998
2 26997  66.0368 131.7305 0008669 280.2261 230.1844 12.84086665145068
SDA_1678
1 65988U 25230Q   26140.30500405  .00000188  00000-0  15608-3 0  9998
2 65988  81.3018 237.3958 0000292 297.6540  62.4587 13.84977665 29966
ONEWEB-0438
1 51634U 22012N   26140.46122416 -.00000065  00000-0 -22344-3 0  9996
2 51634  87.8854  41.7997 0001978  82.9544 277.1808 13.10375505205713
TIANHUI 7
1 67300U 25314A   26140.22562689  .00004088  00000-0  16388-3 0  9993
2 67300  97.4072 216.1820 0004959  37.9300 322.2286 15.25574064 21520
ONEWEB-0580
1 54648U 22166G   26140.53567764  .00000170  00000-0  38024-3 0  9998
2 54648  87.9251 249.4839 0002407 101.7662 258.3742 13.21826109167891
ASTEX 1
1 05560U 71089A   26140.55312499  .00000223  00000-0  56883-4 0  9993
2 05560  92.7014 174.9547 0014908 193.1367 166.9453 14.50827891872725
PUJIANG 2 (PJ-2)
1 52151U 22031B   26140.51809163  .00000147  00000-0  19171-4 0  9993
2 52151  97.8606 326.0326 0010575 297.8561  62.1587 14.94279592225662
ONEWEB-0571
1 55150U 23004L   26140.50267789  .00000021  00000-0  20134-4 0  9999
2 55150  87.9162 340.9795 0000770 116.6254 243.4957 13.18687281166054
ONEWEB-0560
1 55145U 23004F   26140.30370356  .00000009  00000-0 -10437-4 0  9998
2 55145  87.9161 341.0096 0001648  82.2908 277.8411 13.18685220166037
COSMOS 872
1 09589U 76118B   26140.37254420 -.00000011  00000-0  30371-4 0  9995
2 09589  74.0325   2.2875 0042087 253.0444 281.1119 12.58109659271000
FLOCK 4Q 27
1 58282U 23174AC  26140.49088807  .00020690  00000-0  33337-3 0  9998
2 58282  97.3812 230.2780 0004461 224.7557 135.3337 15.52961667141454
KUIPER-00220
1 67781U 26030T   26140.50003471 -.00028953  00000-0 -92293-3 0  9990
2 67781  51.8821 233.0864 0008730 324.1545  61.1981 15.31689108  5502
QIANFAN-44
1 62245U 24232J   26140.46352404  .00000112  00000-0  15501-3 0  9992
2 62245  89.0105  25.1209 0015663  92.8909 267.4035 13.51006787120762
GONETS M 10 (M20)
1 40063U 14036C   26140.54168301  .00000122  00000-0  81212-3 0  9990
2 40063  82.5099 324.8507 0021474 200.2715 159.7514 12.42945167538810
HJS-6D
1 63431U 25067D   26140.51266819 -.00000079  00000-0  10050-4 0  9995
2 63431  54.9884 149.3505 0002634 254.8978 105.1753 15.25071252 63711
HULIANWANG DIGUI-92
1 66000U 25231F   26140.61610855 -.00000096  00000-0  60182-4 0  9997
2 66000  50.0067 274.5346 0000910 136.4746 223.6198 13.29328127 29228
COSMOS 713
1 07680U 75016C   26140.48486965  .00000003  00000-0  11783-3 0  9999
2 07680  74.0053  55.9453 0058751 188.5427 348.2688 12.55675279347927
COSMOS 528
1  6262U 72087A   26140.38774053 -.00000016  00000-0  18858-5 0  9993
2  6262  74.0335 178.6786 0065839 291.0770  79.5624 12.61615969466285
FIREFLY-2
1 62704U 25009CZ  26140.45457172  .00000615  00000-0  64874-4 0  9998
2 62704  97.7028 218.9599 0006544 158.5465 201.6030 14.92743036 73180
COLIBRI-S
1 61746U 24199M   26140.50832032  .00016605  00000-0  33611-3 0  9990
2 61746  97.3026  14.1307 0009356  33.5307 326.6533 15.46460166133131
GEESAT 1-02
1 52786U 22058B   26140.54558442  .00000941  00000-0  14769-3 0  9999
2 52786  50.0019 330.3879 0023186 145.8515 214.3919 14.81272679215832
LEMUR 2 MANO
1 57390U 23100E   26140.36503609  .01170195  78778-3  16032-2 0  9993
2 57390  99.4448 188.7709 0025729 204.1180 155.8891 16.05654089157773
QPS-SAR-7 TSUKUYOMI-II
1 59447U 24066F   26140.42426036  .00004496  00000-0  29938-3 0  9994
2 59447  45.6053  30.9965 0001389 195.4071 164.6772 15.08520826116035
ONEWEB-0186
1 48229U 21031V   26140.94307582 -.00000055  00000-0 -18400-3 0  9991
2 48229  87.8944 295.1286 0001717 100.5694 259.5629 13.14503491244808
OPS 1127 (DMSP 4B F3)
1  4047U 69062A   26140.20680756  .00000047  00000-0  34546-4 0  9992
2  4047  98.4268 356.4778 0043520 338.7147  21.2224 14.29508371957331
PRAETORIAN SDA_601
1 65585U 25203X   26140.42689866  .00000198  00000-0  17000-3 0  9992
2 65585  81.3055  36.6857 0004507 284.4060  75.6596 13.83268568 34845
ONEWEB-0205
1 48226U 21031S   26140.35477247  .00001093  00000-0  29140-2 0  9992
2 48226  87.8946 295.2467 0001657 106.0443 254.0869 13.14496661244610
LINGQIAO VIDEO B
1 40960U 15057C   26140.50358578  .00000874  00000-0  12921-3 0  9998
2 40960  97.6583 137.8447 0017174   5.2412 354.8975 14.77456011571366
SUPERVIEW NEO-2 02
1 53130U 22082C   26140.49300346  .00003629  00000-0  15054-3 0  9996
2 53130  97.3929 150.8661 0001743  87.8816 272.2621 15.24497032213996
YAOGAN-30 M
1 43172U 18011D   26140.51878747  .00001660  00000-0  12444-3 0  9999
2 43172  34.9976 319.5793 0002019 210.9483 149.1106 15.02567980453921
INTERCOSMOS 22
1 12645U 81075A   26140.52426685  .00000077  00000-0  30558-4 0  9999
2 12645  81.2184 234.5537 0061706 288.7759  70.6728 14.18971000316123
NIGHTJAR
1 60535U 24149BV  26140.48863112  .00002340  00000-0  19879-3 0  9991
2 60535  97.6837 217.5809 0002326 126.6827 233.4610 14.98834376138721
GAOFEN 11 3
1 49492U 21107A   26140.53583965  .00003597  00000-0  15299-3 0  9999
2 49492  97.2098 185.7455 0009159 147.8118 212.3680 15.23594782250425
QIANFAN-9
1 60387U 24140J   26140.55058955  .00000058  00000-0  70287-4 0  9991
2 60387  88.9713 282.8629 0018311  99.6324 260.6896 13.51010235 88774
HEAD-3A
1 57626U 23121A   26140.64908919  .00000213  00000-0  75878-4 0  9999
2 57626  45.0013  87.1174 0005425 139.7713 220.3547 14.60624419147558
COSMOS 1797
1 17141U 86092D   26140.33288638 -.00000006  00000-0  62332-4 0  9990
2 17141  74.0134 295.0167 0018465   0.9460   6.5388 12.51643799804535
COSMOS 1327
1 12982U 81116H   26140.45728836 -.00000012  00000-0  24744-4 0  9994
2 12982  73.9819 314.5811 0076843 159.5128 228.0779 12.31647037999593
ONEWEB-0008
1 44059U 19010C   26140.48896166  .00000183  00000-0  44500-3 0  9992
2 44059  87.9108 234.2762 0002104 108.1081 252.0279 13.16594636348083
OPS 7613 (P/L 5)
1 04247U 69082F   26140.34072649  .00000018  00000-0  51514-4 0  9999
2 04247  70.0126 161.9587 0020033 173.0904 187.0482 13.95987638882528
SKYCRAFT 4C
1 64896U 25154H   26140.17559663  .00001760  00000-0  16561-3 0  9991
2 64896  97.6702 204.9101 0005212  10.4547 349.6781 14.95113190194965
GLOBALSTAR M057
1 25943U 99058A   26140.63564496 -.00000100  00000-0 -59704-4 0  9992
2 25943  51.9962 110.5095 0002808 355.2804   4.8018 12.24840810208284
LYNK TOWER 6
1 59123U 24043AB  26140.62748171  .00005567  00000-0  18917-3 0  9994
2 59123  97.5567 277.1102 0009636 351.0647   9.0421 15.30856250122816
COSMOS 1195
1 11878U 80058D   26140.52422182 -.00000017  00000-0 -77128-5 0  9995
2 11878  74.0182 328.8359 0015903 135.6632 253.9654 12.50616235 93907
CE-SAT-IE
1 58987U 24032A   26140.43238331  .00000231  00000-0  48389-4 0  9990
2 58987  97.9986 195.7390 0003358 145.1102 215.0324 14.68258635120765
SPOT 1
1 16613U 86019A   26140.57018614  .00001043  00000-0  15740-3 0  9994
2 16613  98.6627  71.9813 0128603 352.4954   7.4323 14.71424103806930
ONEWEB-0381
1 49307U 21090AE  26140.35622475  .00000155  00000-0  34966-3 0  9994
2 49307  87.9175 279.9898 0002142  98.8749 261.2627 13.20770227226151
COSMOS 2576
1 59773U 24092A   26140.72714970  .00004889  00000-0  23257-3 0  9999
2 59773  97.4357 257.0979 0014339 107.9434 252.3365 15.19553149112211
RAVEN
1 69016U 26100AN  26140.50228351  .00001711  00000-0  79783-4 0  9998
2 69016  97.4058  38.8422 0009043 137.3811 222.8128 15.21189070  2601
TIANQI-6
1 46810U 20076D   26140.51358422  .00002040  00000-0  13529-3 0  9996
2 46810  34.9983 218.2820 0010978 283.7611  76.1877 15.06981571304403
QUICK3
1 64558U 25135AG  26140.32669740  .00009268  00000-0  35725-3 0  9994
2 64558  97.4714 256.7976 0003955 249.9026 110.1787 15.26542652 50602
START 1
1 22561U 93014A   26140.49637217  .00000048  00000-0  23516-4 0  9998
2 22561  75.7624  61.0933 0193394 239.3874 118.8086 14.22583036719920
KUIPER-00050
1 64510U 25134L   26140.60758765 -.00001387  00000-0 -15294-3 0  9993
2 64510  51.8984 252.5345 0000342 135.2503 224.8487 14.79931664 51042
ONEWEB-0636
1 56077U 23043AH  26140.60347143 -.00000047  00000-0 -16009-3 0  9990
2 56077  87.8993 264.6938 0002072  99.5843 260.5522 13.15548575152787
KUIPER-00502
1 68883U 26095V   26140.91604304  .00025928  00000-0  69934-3 0  9995
2 68883  51.8820  14.2572 0005935 184.7588 175.3344 15.37608846  3539
COSMOS 1526
1 14615U 84001E   26140.64917920  .00000001  00000-0  10462-3 0  9998
2 14615  74.0084 229.4374 0011766 148.8221 280.8016 12.53055300938133
COSMOS 2612
1 68762U 26083H   26140.63027824  .00001058  00000-0  75202-4 0  9997
2 68762  97.8500 278.1885 0013965 139.0856 221.1422 15.06867877  5054
FLYLAB 2
1 68503U 26067CR  26140.31539541  .00001210  00000-0  12917-3 0  9994
2 68503  97.7556  98.9031 0006070 139.1986 220.9688 14.90635301  7568
HULIANWANG DIGUI-77
1 65309U 25187E   26140.48799447 -.00000104  00000-0  42286-4 0  9993
2 65309  50.0053 305.3511 0000728  63.0210 297.0736 13.29322563 36015
KUIPER-00468
1 68873U 26095K   26140.91249323  .00009831  00000-0  27106-3 0  9990
2 68873  51.8835  14.2369 0005087 176.0269 184.0760 15.37749851  3537
COSMOS 1045
1 11084U 78100A   26140.27880324  .00000011  00000-0  30034-4 0  9993
2 11084  82.5499  57.8478 0012998  27.7048  92.1690 11.96770378 77920
ONEWEB-0556
1 55798U 23029C   26140.35790939  .00000044  00000-0  77365-4 0  9998
2 55798  87.9159 280.0215 0002530  83.3234 276.8187 13.20768443157477
KINEIS-4A
1 63303U 25056D   26140.57191329  .00000918  00000-0  15271-3 0  9990
2 63303  97.9073 265.3618 0002282  55.3243 304.8179 14.72353997 63066
KUIPER-00380
1 68920U 26098B   26140.50459495  .00012862  00000-0  39869-3 0  9991
2 68920  51.8739 201.2210 0009923  43.8148 316.3623 15.33730337  3090
KUIPER-00160
1 67765U 26030B   26140.55698206  .00017882  00000-0  48285-3 0  9992
2 67765  51.8785 232.0419 0005594 323.2436  36.8167 15.37818141 16146
COSMOS 711
1 07678U 75016A   26140.37441956 -.00000014  00000-0  11243-4 0  9990
2 07678  74.0020  96.4308 0020040 320.2632 160.6704 12.47085052331866
GXIBA-1
1 67685U 98067YB  26140.80737608  .00038869  00000-0  50161-3 0  9994
2 67685  51.6297  71.4819 0013796  96.9407 263.3155 15.58482023 16016
KUIPER-00519
1 68890U 26095AC  26140.38202161  .00019732  00000-0  51870-3 0  9995
2 68890  51.8842  16.6819 0002087 142.5067 217.6066 15.38585957  3450
IRIDE-MS1-EAG2-12
1 68461U 26067AX  26140.60683713  .00004567  00000-0  22954-3 0  9990
2 68461  97.4542  99.4445 0004889 138.2882 221.8725 15.17747994  7754
COSMOS 1816
1 17359U 87009A   26140.53162617  .00000063  00000-0  50925-4 0  9997
2 17359  82.9258  44.9732 0031166 287.4477 247.0581 13.74642864971353
COSMOS 1619
1 15471U 85003C   26140.56397734  .00000036  00000-0  13164-3 0  9998
2 15471  82.6084  60.2385 0020385 101.6513  71.8192 12.66278858910558
COSMOS 1232
1 12111U 80102E   26140.53780374  .00000001  00000-0  10564-3 0  9997
2 12111  73.9954  60.5806 0032663 136.1863  40.5518 12.56331478 82326
SJ-11-06
1 39624U 14014A   26140.51445934  .00000279  00000-0  64866-4 0  9994
2 39624  97.9498 168.3272 0015376  74.9777 285.3126 14.61822517646655
ONEWEB-0305
1 49093U 21075U   26140.59675925  .00000006  00000-0 -18804-4 0  9993
2 49093  87.9166  11.3386 0002073  94.7365 265.4004 13.17650556229971
ONEWEB-0500
1 54118U 22138F   26140.46303771  .00000003  00000-0 -25017-4 0  9992
2 54118  87.9154 310.4920 0001758  94.5589 265.5745 13.19726296173174
KUIPER-00482
1 68877U 26095P   26140.38328377  .00024993  00000-0  65545-3 0  9997
2 68877  51.8857  16.6908 0002243 155.8946 204.2147 15.38509491  3458
FLOCK 4H 15
1 66718U 25276BE  26140.45435605  .00003879  00000-0  18738-3 0  9992
2 66718  97.4222 214.4171 0005989 110.3182 249.8697 15.19218356 26209
ONEWEB-0312
1 49098U 21075Z   26140.39426625 -.00000133  00000-0 -37660-3 0  9999
2 49098  87.9158  11.4002 0001814  93.6277 266.5062 13.17647643229941
COSMOS 1777
1 16952U 86070A   26140.52507367  .00000046  00000-0  25903-4 0  9995
2 16952  74.0032 173.5613 0026466 330.5855  29.3805 14.34084736 74895
GENA-OT-1
1 66774U 25276DN  26140.47900285  .00004227  00000-0  19508-3 0  9991
2 66774  97.4209 214.8160 0000870  37.9332 322.1965 15.20758932 26230
ONEWEB-0509
1 54127U 22138Q   26140.19136650 -.00000027  00000-0 -10060-3 0  9990
2 54127  87.9158 310.5442 0001758  88.9669 271.1665 13.19725655173110
FLOCK 4G 25
1 62646U 25009AP  26140.18322944  .00006852  00000-0  24723-3 0  9998
2 62646  97.4014 222.4029 0003102  75.9811 284.1774 15.28828633 74649
CANX-1
1 27847U 03031H   26140.71065357  .00000111  00000-0  67572-4 0  9996
2 27847  98.6868 149.5110 0008129 240.2024 119.8347 14.23841087187827
COSMOS 797
1 08613U 76008G   26140.65697610 -.00000008  00000-0  56921-4 0  9998
2 08613  74.0532 100.7010 0031411  46.6550 127.8216 12.40688510278599
ONEWEB-0474
1 51654U 22012AJ  26140.22218329 -.00000498  00000-0 -14636-2 0  9995
2 51654  87.8867  41.8246 0002055  71.4233 288.7117 13.10375144205633
ONEWEB-0514
1 54132U 22138V   26140.19609884  .00000012  00000-0 -30552-5 0  9993
2 54132  87.9154 310.5448 0001896  95.8643 264.2706 13.19725722173136
ION SCV-014
1 62630U 25009X   26140.45607675  .00000630  00000-0  48443-4 0  9992
2 62630  97.4866 214.4545 0003545 216.3440 143.7546 15.05134589 73811
TMSAT
1 25396U 98043C   26140.45808871  .00000066  00000-0  47594-4 0  9998
2 25396  98.9857 130.8563 0001720 226.7467 133.3568 14.25751683448044
KUIPER-00297
1 68596U 26072Z   26140.50003471 -.02140732  00000-0 -10367+0 0  9991
2 68596  51.8737 311.9946 0009466 287.0967 121.0779 15.21757161  3741
ONEWEB-0052
1 45156U 20008AB  26140.44973708 -.00000632  00000-0 -18462-2 0  9992
2 45156  87.8858  41.7827 0002107  90.7043 269.4326 13.10374430304307
KUIPER-00186
1 67140U 25301H   26140.63231112  .00000109  00000-0  43153-4 0  9991
2 67140  51.9009 119.9939 0000912 157.6906 202.4096 14.80064999 24213
FLOCK 4Q 36
1 58274U 23174U   26140.49320610  .00026799  00000-0  38883-3 0  9997
2 58274  97.3848 231.9260 0006639 225.8379 134.2330 15.55785015141521
KUIPER-00200
1 67772U 26030J   26140.77438066  .00007372  00000-0  36439-3 0  9991
2 67772  51.8854 235.5348 0002324 357.1666   2.9300 15.18811673 16111
YAOGAN-40 02A
1 63918U 25096A   26140.51060617  .00000084  00000-0  35382-4 0  9995
2 63918  85.9976 200.3651 0002290 107.2098 252.9336 14.12442166 52660
FLOCK 4H 21
1 66724U 25276BL  26140.44308958  .00003464  00000-0  16205-3 0  9995
2 66724  97.4186 214.6523 0003598  65.3173 294.8437 15.20416037 25479
YAOGAN-35 03C
1 53320U 22088E   26140.57233403  .00027408  00000-0  59829-3 0  9990
2 53320  34.9971 331.4186 0002131  21.1542 338.9267 15.43233937212661
COSMOS 2070
1 20555U 90029G   26140.50626310  .00000004  00000-0  13112-3 0  9998
2 20555  73.9820 217.8877 0013442   7.0380   5.0801 12.52804747651949
YAOGAN-36 04C
1 54750U 22171E   26140.65379865  .00010029  00000-0  31974-3 0  9995
2 54750  34.9814 359.1184 0006748 247.0255 112.9751 15.31715818191268
YUNYAO-1 43
1 63344U 25059A   26140.53564933  .00001827  00000-0  11372-3 0  9997
2 63344  97.6106 322.0520 0013152 246.8909 113.0934 15.10814049 64122
IRIDIUM 28
1 24948U 97051E   26140.36104919  .00000201  00000-0  60422-4 0  9996
2 24948  86.3975 359.6688 0002681  81.5227 278.6275 14.37684611502289
CERISE
1 23606U 95033B   26140.55743775  .00011030  00000-0  33491-3 0  9991
2 23606  98.3158 354.0372 0004989 343.2751  16.8324 15.34287931675658
PLATERO
1 58262U 23174G   26140.24280025  .00028562  00000-0  33759-3 0  9999
2 58262  97.3927 237.0369 0004931 190.2862 169.8296 15.61255550141829
LANDSAT 8
1 39084U 13008A   26140.48819112  .00000197  00000-0  53686-4 0  9992
2 39084  98.1839 210.9958 0001320 102.2850 257.8497 14.57115748693869
CROCUBE
1 62394U 24247T   26140.14683537  .00026334  00000-0  53126-3 0  9991
2 62394  44.9733  57.3164 0005420 174.7904 185.3043 15.46099852 79004
TIANHUI 2-01A
1 44207U 19024A   26140.45118823  .00001075  00000-0  58160-4 0  9995
2 44207  97.4803 144.7543 0001886 100.2209 259.9236 15.16758444 97934
SKYSAT C7
1 42991U 17068E   26140.64634842  .00007551  00000-0  21552-3 0  9993
2 42991  97.4503 277.9263 0005859 192.3610 167.7491 15.36312733478143
YAOGAN-39 01A
1 57727U 23130A   26140.54249380  .00007152  00000-0  29765-3 0  9992
2 57727  35.0032 302.6016 0003146 257.3137 102.7226 15.23054687151494
PERSEUS M1
1 40039U 14033AF  26140.60520355  .00001056  00000-0  10062-3 0  9990
2 40039  97.9635  84.2891 0012594  35.6412 324.5647 14.95529052646516
RAPTOR2
1 58959U 24028E   26140.44563236 -.00000054  00000-0  26653-4 0  9994
2 58959  39.9888 170.4245 0010713  97.7661 262.4302 13.70554525113263
PERUSAT 1
1 41770U 16058A   26140.52171345  .00000497  00000-0  11683-3 0  9992
2 41770  98.2024 214.5240 0001478  85.7367 274.4001 14.58538561515061
SHIYAN 30 01
1 65851U 25222A   26140.51855081  .00001030  00000-0  10296-3 0  9999
2 65851  34.9887  67.8000 0003043 241.4332 118.6067 14.91734738 34908
ALSAT 1
1 27559U 02054A   26140.24825319  .00000446  00000-0  69044-4 0  9997
2 27559  98.2484 324.2165 0020055  14.4707 345.7073 14.78154560259122
HAWK-8B
1 59445U 24066D   26140.98875882  .00000798  00000-0  83672-4 0  9997
2 59445  45.6172  59.0903 0004304 279.8729  80.1667 14.99016349115747
COSMOS 1363
1 13166U 82040G   26140.51595678  .00000006  00000-0  14962-3 0  9991
2 13166  74.0117 222.4699 0018954 115.3932 256.5176 12.44161644    87
COSMOS 1250
1 12320U 81022A   26140.43242663 -.00000002  00000-0  83205-4 0  9999
2 12320  74.0322  28.0972 0051906  99.7054  74.4242 12.58281789 76413
BANE
1 58465U 23185D   26140.77928903  .00249762  25043-4  79955-3 0  9991
2 58465  97.3344 227.7663 0006212 215.3711 144.7152 15.90996970138465
FORMOSAT7-5/COSMIC2-5
1 44358U 19036V   26140.52992617  .00001635  00000-0  11486-3 0  9995
2 44358  23.9981  94.8162 0000346 173.5639 186.4867 14.96377959378205
IONOSFERA-M 01
1 61735U 24199A   26140.55564813  .00000026  00000-0  31374-4 0  9997
2 61735  98.7207  14.0148 0000845 144.4460 215.6774 14.22748728123772
COSMOS 1158
1 11693U 80012C   26140.62710567  .00000002  00000-0  11397-3 0  9994
2 11693  74.0213 259.7407 0027586 191.7472 178.8898 12.52380915115273
PE2_FLT1 (TYVAK-0261)
1 59105U 24043H   26140.31717522  .00002113  00000-0  18835-3 0  9999
2 59105  97.8353 270.8932 0007483 124.4488 235.7441 14.97078069120483
FLOCK 4BE 27
1 60513U 24149AX  26140.67020016  .00006365  00000-0  19641-3 0  9994
2 60513  97.3823 222.5193 0004849  59.0424 301.1294 15.33913275 97928
ONEWEB-0705
1 61610U 24188S   26140.43299692 -.00000308  00000-0 -91923-3 0  9994
2 61610  87.8860  41.7822 0001803 115.4892 244.6422 13.10371896 71820
GAOFEN 12 (03)
1 52912U 22069A   26140.53645207  .00000625  00000-0  89424-4 0  9997
2 52912  97.8309  29.0999 0000838 104.9433 255.1872 14.79985283210524
HAWK-5C
1 52754U 22057Y   26140.23466907  .00014502  00000-0  25767-3 0  9991
2 52754  97.6566 298.1319 0005218 163.2643 196.8781 15.50292062222017
YAOGAN-31 C
1 43277U 18034C   26140.56666131 -.00000054  00000-0  49199-4 0  9992
2 43277  63.3931 161.7163 0273118   7.0128 353.4598 13.45440431398528
ORBCOMM FM 15
1 25418U 98046F   26140.82189160  .00000493  00000-0  20155-3 0  9997
2 25418  44.9981  14.2057 0003164 194.4545 165.6214 14.39623607452885
SIMSAT 2
1 26366U 00026B   26140.24303941  .00001578  00000-0  53939-4 0  9994
2 26366  86.3446 141.3249 0007164  33.2541 326.9156 15.29372947438945
COSMOS 494
1 06059U 72043A   26140.56092702  .00000047  00000-0  24833-4 0  9995
2 06059  74.0529 132.5560 0011531 275.8348  84.1491 14.36525985820172
DUMSAT
1 26086U 00009A   26140.30516203 -.00000005  00000-0  13756-4 0  9996
2 26086  64.8501 153.7764 0021982 261.9135  97.9487 14.97194840434068
COSMOS 1864
1 18160U 87057A   26140.36263899  .00000057  00000-0  42941-4 0  9998
2 18160  82.9339 186.8132 0030360 271.8564  99.3070 13.75813531931037
PISAT
1 41784U 16059B   26140.42049646  .00000534  00000-0  98865-4 0  9995
2 41784  97.8182 142.0680 0027598 295.6661  64.1695 14.68928642515662
VSP RF B1
1 59137U 24043AR  26140.56549527  .00002608  00000-0  10012-3 0  9997
2 59137  97.5584 277.1694 0010169 342.1155  17.9725 15.27364449122808
HULIANWANG DIGUI-159
1 68133U 26047E   26140.30435913 -.00000104  00000-0  43128-4 0  9999
2 68133  49.9994 156.0919 0000368 346.7172  13.3690 13.29330579  9367
BRO-6
1 52422U 22047AE  26140.49953431  .00023152  00000-0  43224-3 0  9992
2 52422  97.3397 231.0629 0005566 161.8449 198.3002 15.48764162226864
RAPTOR4
1 58956U 24028B   26140.36331924 -.00000052  00000-0  29302-4 0  9991
2 58956  39.9885 172.2591 0013927  79.4982 280.7333 13.70218064113233
HULIANWANG DIGUI-69
1 65229U 25178B   26140.47234740  .00000087  00000-0  16794-3 0  9996
2 65229  86.5026  22.9283 0001673  82.5628 277.5696 13.24412544 36648
NUSAT-26 (M SOMERVILLE)
1 52184U 22033AD  26140.52814462  .00019292  00000-0  46628-3 0  9997
2 52184  97.2347 219.8452 0004970   0.9524 359.1732 15.41183789100441
ONEWEB-0579
1 56068U 23043Y   26140.54072166  .00000151  00000-0  33332-3 0  9995
2 56068  87.9260 249.4684 0001857  93.1740 266.9606 13.21825072154591
ORBCOMM FM 31
1 25981U 99065B   26140.42432169  .00000359  00000-0  16423-3 0  9994
2 25981  45.0231 285.8282 0003891 266.9135  93.1268 14.38022778382532
QIANFAN-4
1 60382U 24140D   26140.49706567  .00000085  00000-0  11257-3 0  9999
2 60382  88.9712 282.6801 0015009  93.0935 267.1934 13.51008540 88877
NUSAT-37 (JOAN CLARKE)
1 56203U 23054AB  26140.51579980  .00031465  00000-0  47396-3 0  9998
2 56203  97.2664  47.1270 0007464  38.4739 321.7046 15.54720913174347
SKYSAT C13
1 43802U 18099AW  26140.38146672  .00189442  15773-4  47828-3 0  9991
2 43802  96.9227 188.9700 0002982 217.9321 142.1747 15.95581154418523
ENVISAT
1 27386U 02009A   26140.38760816  .00000051  00000-0  30347-4 0  9996
2 27386  98.3822  92.3288 0001244  92.4060  72.2038 14.39057372269486
ONEWEB-0064
1 45433U 20020K   26140.41367399 -.00000338  00000-0 -99046-3 0  9995
2 45433  87.8916  26.5917 0001639  81.2192 278.9122 13.11419864299045
HONGYUN 1
1 43871U 18108A   26140.77815434 -.00000045  00000-0 -16395-5 0  9993
2 43871  99.7568 163.0860 0014579 121.5983 238.6577 13.51209768365383
ONEWEB-0302
1 49091U 21075S   26140.55303698 -.00000577  00000-0 -16397-2 0  9999
2 49091  87.8964 356.1611 0001529  91.7492 268.3812 13.12443036230922
ONEWEB-0238
1 48784U 21045T   26140.62896977  .00000159  00000-0  38754-3 0  9995
2 48784  87.8997 264.6616 0001820 113.4691 246.6631 13.15549726240757
YAOGAN 14
1 38257U 12021A   26140.52098700  .00005971  00000-0  22401-3 0  9999
2 38257  97.3001 278.3730 0003575 282.4081  77.6758 15.27587905781591
YUNHAI 2-1F
1 43915U 18112G   26140.54888316 -.00000251  00000-0 -34958-4 0  9994
2 43915  50.0124 344.9707 0006965 229.9706 130.0599 14.29015499384355
COSMOS 2401
1 27869U 03037B   26140.55434065  .00000132  00000-0  84967-3 0  9993
2 27869  82.4705 343.5738 0023077 110.1516 250.2050 12.45503282 34336
KUIPER-00037
1 63749U 25088AB  26140.33167721  .00001456  00000-0  20256-3 0  9999
2 63749  51.9000 155.2902 0000841  13.0868 347.0117 14.83552043 58932
KNACKSAT-2
1 67683U 98067XZ  26140.07539703  .00035425  00000-0  47884-3 0  9990
2 67683  51.6305  75.5950 0012132  96.2152 264.0222 15.57316525 15898
FOSSASAT2E21
1 64536U 25135J   26140.56079642  .00001678  00000-0  81565-4 0  9993
2 64536  97.4622 255.1872 0002614 287.3493  72.7456 15.19802241 50622
KUIPER-00236
1 68582U 26072K   26140.18165520  .00017928  00000-0  50263-3 0  9993
2 68582  51.8787 312.2359 0001984 236.3685 123.7112 15.36655450  7078
JACKAL-004
1 69012U 26100AJ  26140.51051385  .00002508  00000-0  11799-3 0  9993
2 69012  97.4064  38.8346 0006932 121.0260 239.1656 15.20460575  2609
IRIDIUM 173
1 43925U 19002D   26140.13975656  .00000009  00000-0 -37351-5 0  9994
2 43925  86.3983   5.2892 0002204  86.5542 273.5906 14.34217438384932
QIANFAN-86
1 63172U 25046P   26140.49623205  .00000022  00000-0  15298-4 0  9993
2 63172  88.9689 303.3318 0012044  41.8505 318.3564 13.50999849 68982
ONEWEB-0534
1 55797U 23029B   26140.35114321  .00000086  00000-0  17864-3 0  9995
2 55797  87.9166 280.0225 0001844  94.9463 265.1881 13.20770089157475
MOS 1A (MOMO 1)
1 17527U 87018A   26140.43291104  .00000288  00000-0  21215-3 0  9995
2 17527  98.8425 190.6560 0007591 266.1406 104.7188 14.03201423  6166
KUIPER-00062
1 64522U 25134Y   26140.61979854  .00000497  00000-0  94249-4 0  9998
2 64522  51.8962 272.5210 0000273 127.3129 232.7859 14.79926626 50764
PROGRESS MS-33
1 68319U 26058A   26140.52007258  .00005164  00000-0  10084-3 0  9992
2 68319  51.6328  77.0641 0007497  79.3410 280.8422 15.49283153567397
COSMOS 1621
1 15473U 85003E   26140.62251056  .00000014  00000-0  20460-4 0  9997
2 15473  82.6095  94.0747 0011663 199.3090 333.6949 12.64481766908077
AAC-HSI-SAT1
1 56225U 23054AZ  26140.50888385  .00001089  00000-0  66273-4 0  9998
2 56225  97.3725  17.8335 0008818 212.7061 147.3625 15.12410463171189
TIANQI 38
1 67477U 26010B   26140.52501668  .00000013  00000-0  97018-4 0  9999
2 67477  44.9771 204.5974 0011571 207.7887 152.2328 13.99153181 17529
YAOGAN 4
1 33446U 08061A   26140.57419112  .00000525  00000-0  70894-4 0  9992
2 33446  97.9303  74.2909 0014801 155.1589 205.0340 14.83140687941574
COSMOS 595
1  6852U 73069H   26140.22909249  .00000004  00000-0  12110-3 0  9998
2  6852  74.0024  60.4517 0055563 149.6063  10.5631 12.55487074412024
METEOR 2-4
1 11288U 79021A   26140.31118017  .00000172  00000-0  86551-4 0  9993
2 11288  81.2161 165.3930 0024148  18.4471 341.7571 14.12328589431089
SAPPHIRE
1 26932U 01043D   26140.54611779 -.00000005  00000-0  29381-4 0  9996
2 26932  67.0558 324.4684 0007573 253.1254 106.9017 14.31286120286435
IRIDIUM 154
1 43574U 18061F   26140.53350083  .00000058  00000-0  13495-4 0  9998
2 43574  86.3967  68.3664 0002131  82.4631 277.6806 14.34217891409445
KUIPER-00080
1 64827U 25151M   26140.91570764  .00000467  00000-0  90193-4 0  9996
2 64827  51.9009 341.1840 0000678 131.5243 228.5778 14.79933562 46002
AE3VA
1 64563U 25135AM  26140.55211953  .00003622  00000-0  32146-3 0  9996
2 64563  97.7662 255.6329 0002885  38.4260 321.7166 14.96794124 49805
ONEWEB-0066
1 45424U 20020A   26140.37467450  .00000389  00000-0  10624-2 0  9997
2 45424  87.8913  26.6036 0001926  76.7258 283.4085 13.11414901299031
BUCCANEER MM
1 63245U 25052AM  26140.51659137  .00002122  00000-0  20170-3 0  9994
2 63245  97.6900  32.0908 0002913 329.7099  30.3952 14.94506519 64465
KINEIS-4B
1 63304U 25056E   26140.55486532  .00000909  00000-0  15133-3 0  9999
2 63304  97.9085 265.3941 0006120  39.9426 320.2231 14.72357594 63052
HULIANWANG DIGUI-49
1 65106U 25168A   26140.57040022 -.00000101  00000-0  49869-4 0  9996
2 65106  50.0035  65.0134 0008501  19.5651 340.5546 13.29317256 39012
CSTB 1
1 31122U 07012F   26140.44487858  .00001328  00000-0  20944-3 0  9996
2 31122  98.4137 142.1040 0064076 355.5188   4.5436 14.72892666 17464
COSMOS 770
1  8325U 75089A   26140.48031881  .00000037  00000-0  58716-4 0  9994
2  8325  82.9607  27.4791 0028802 163.9575  10.6111 13.19806549439730
YAOGAN-30 S
1 45461U 20021B   26140.10420457  .00001696  00000-0  12710-3 0  9997
2 45461  34.9953  21.6320 0003008 314.2987  45.7474 15.02570172336265
ONEWEB-0540
1 54645U 22166D   26140.59300607  .00000051  00000-0  91451-4 0  9994
2 54645  87.9253 249.4925 0002138  99.8804 260.2571 13.21825268167888
IRIDIUM 911
1 24842U 97030G   26140.31082810  .00000339  00000-0  85441-4 0  9996
2 24842  86.4457  61.9972 0016119  57.6695 302.6067 14.48088578523867
QIANFAN-146
1 69091U 26104U   26140.23579378  .00000204  00000-0  38038-4 0  9997
2 69091  89.0146 344.7658 0094959  80.4206 280.7719 14.57448083  1142
YAOGAN-31 G
1 47691U 21014A   26140.51722249 -.00000131  00000-0 -63048-4 0  9992
2 47691  63.4048 268.9583 0174643   0.5865 359.5334 13.45447206257051
GLOBALSTAR M095
1 39077U 13005F   26140.90983561 -.00000089  00000-0  84699-4 0  9997
2 39077  52.0102   4.2419 0000447 104.0777 256.0139 12.62262899612427
ONEWEB-0451
1 51643U 22012X   26140.34027386 -.00000042  00000-0 -14090-3 0  9997
2 51643  87.9169  11.3777 0002069  86.7339 273.4030 13.17648524209999
ONEWEB-0236
1 48797U 21045AG  26140.64307582  .00001206  00000-0  31690-2 0  9995
2 48797  87.8986 264.6963 0001974 104.4520 255.6830 13.15559019240639
KINEIS-5C
1 62081U 24219A   26140.53467106  .00000370  00000-0  66260-4 0  9994
2 62081  97.9016 300.1604 0004498  31.0904 329.0569 14.72286448 79687
ONEWEB-0618
1 55159U 23004V   26140.41309890  .00004019  00000-0  22600-3 0  9998
2 55159  86.9114 188.9059 0014106  47.4756 312.7672 15.12901734178064
FLOCK 4Q 29
1 58304U 23174BA  26140.54597652  .00021299  00000-0  33271-3 0  9995
2 58304  97.3924 231.3674 0005299 218.6126 141.4749 15.53812261141463
KUIPER-00168
1 65781U 25217V   26140.04473818  .00002318  00000-0  33298-3 0  9994
2 65781  51.9014  72.5719 0000903  86.3660 273.7406 14.79939324 35650
KUWAITSAT-1
1 55103U 23001CY  26140.42612754  .00017477  00000-0  33174-3 0  9991
2 55103  97.3254 210.8161 0009190 166.8186 193.3307 15.48314756188298
COSMOS 1854
1 18115U 87051C   26140.41270116  .00000002  00000-0  11687-3 0  9990
2 18115  74.0061  21.7217 0013923 107.0214  65.8363 12.48827553774610
ONEWEB-0523
1 54141U 22138AE  26140.30232314 -.00000057  00000-0 -17211-3 0  9991
2 54141  87.9170 280.0004 0002326 117.7619 242.3751 13.20771893175624
KUIPER-00142
1 65766U 25217E   26140.54313026  .00002183  00000-0  31512-3 0  9993
2 65766  51.8998  77.8497 0000901  78.5381 281.5683 14.79950807 35625
COSMOS 508
1  6121U 72057E   26140.53815791 -.00000003  00000-0  87017-4 0  9994
2  6121  74.0281  67.9872 0033648 137.9408  34.7319 12.48901812454241
QIANFAN-19
1 61552U 24185A   26140.48255626  .00000315  00000-0  15723-3 0  9990
2 61552  88.9850  59.7356 0007953 137.7610 222.4191 14.14454003 92102
COSMOS 2599
1 66649U 25273C   26140.41542034  .00000017  00000-0  54015-4 0  9993
2 66649  82.5042 187.8918 0014515 262.9682  96.9747 12.42896604 21846
USA 57
1 20561U 90031B   26140.62751998  .00000507  00000-0  73183-4 0  9995
2 20561  89.8497 265.3102 0067643 153.1062 207.3691 14.73208849111124
JASON 2
1 33105U 08032A   26140.46754687 -.00000060  00000-0  79172-5 0  9993
2 33105  66.0378 109.1345 0008090 271.0691 228.6012 12.87697337840130
SHARJAHSAT-1
1 55104U 23001CZ  26140.45504603  .00013630  00000-0  26277-3 0  9991
2 55104  97.3179 208.8582 0005928 185.6553 174.4631 15.47950342188208
COSMOS 569
1  6680U 73037F   26140.56078919 -.00000017  00000-0 -22733-5 0  9990
2  6680  74.0167 171.8428 0079296 336.3104  97.0639 12.61178120437581
METEOR 1-11
1  5917U 72022A   26140.44125373  .00000266  00000-0  14413-3 0  9997
2  5917  81.2270 312.2151 0050831  51.8187 308.7545 14.09269182780533
KUIPER-00210
1 67146U 25301P   26140.23257972  .00001811  00000-0  26644-3 0  9991
2 67146  51.8986 116.7388 0000669  66.2047 293.8986 14.79938938 24397
COSMOS 1452
1 13991U 83031A   26140.59353985  .00000072  00000-0  34946-4 0  9997
2 13991  74.0483 253.0600 0016637 231.5144 139.5052 14.33988979252667
HULIANWANG DIGUI-85
1 65820U 25220D   26140.49085114  .00000073  00000-0  13573-3 0  9999
2 65820  86.5004  53.2394 0001599  61.0818 299.0477 13.24404526 31250
COSMOS 2148
1 21304U 91033F   26140.37339212  .00000021  00000-0  52606-4 0  9995
2 21304  82.5710 287.9145 0023435  19.8888  39.2461 12.65993472617580
ZHUHAI-1 03D
1 44538U 19060E   26140.57337215  .00020911  00000-0  40027-3 0  9995
2 44538  97.5371 289.2531 0007743  51.8128 308.3818 15.48054171371800
COSMOS 1430
1 13762U 83002B   26140.23103249 -.00000016  00000-0 -54816-5 0  9997
2 13762  74.0220 174.3339 0019511  81.4167 344.9274 12.45725511970776
SHIYAN 20A (SY-20A)
1 54699U 22169A   26140.53674911 -.00000033  00000-0  40265-4 0  9990
2 54699  59.9976 331.8267 0010622 156.4859 203.6663 14.29517942179400
ONEWEB-0352
1 49216U 21083AG  26140.22022182 -.00000136  00000-0 -40679-3 0  9999
2 49216  87.8942 325.8050 0001416  84.0722 276.0568 13.13468375227354
ICEYE-X5
1 44389U 19038C   26140.52094110  .00029096  00000-0  46933-3 0  9998
2 44389  97.8707 192.5027 0004258   8.8348 351.2978 15.52870311378662
QIANFAN-28
1 61561U 24185K   26140.49330689  .00000504  00000-0  19591-3 0  9991
2 61561  88.9854  58.3297 0009149 115.1807 245.0338 14.28342797 92837
GAOFEN 1-04
1 43262U 18031D   26140.53410711  .00000781  00000-0  11979-3 0  9991
2 43262  98.0536 203.1842 0001894 113.4105 246.7304 14.76434692438600
COSMOS 2302
1 23444U 94086D   26140.32437241  .00000015  00000-0  23513-4 0  9997
2 23444  82.5662 345.0737 0006233 243.8531 289.5153 12.61272119445308
COSMOS 1372
1 13243U 82052A   26140.49227395 -.00000079  00000-0  91320-5 0  9991
2 13243  64.9027 320.3360 0050710 285.8372  73.7102 13.86112187642468
TUBSAT
1 25757U 99029B   26140.39280428  .00000022  00000-0  17282-4 0  9992
2 25757  98.6693 134.9837 0015380  76.0295 284.2609 14.52418528429219
YAOGAN-30 D
1 43028U 17075A   26140.51016014  .00001654  00000-0  12374-3 0  9994
2 43028  34.9945  79.2376 0001085  45.0689 315.0107 15.02657606463089
SSC
1 13874U 83008H   26140.56736237  .00001044  00000-0  15274-3 0  9995
2 13874  63.3062  78.6603 0709834 136.2147 229.7492 13.80807304347834
ITAMSAT
1 22826U 93061D   26140.15784140  .00000056  00000-0  37940-4 0  9990
2 22826  98.6837 207.4944 0009329 159.2156 200.9408 14.31359768703308
COSMOS 2391
1 27465U 02036B   26140.57397725  .00000084  00000-0  51908-3 0  9991
2 27465  82.4859 358.7700 0025862 314.9830  44.9154 12.44946010 84418
CHECKMATE 7
1 56166U 23050E   26140.34472177  .00000025  00000-0  11921-4 0  9997
2 56166  80.9989  97.9679 0013118  25.5584 334.6219 13.86825357158256
IRIDIUM 22
1 24907U 97043E   26140.28326915  .00000199  00000-0  61460-4 0  9994
2 24907  86.3950 332.7751 0002174  85.2648 274.8797 14.36238225505156
FLOCK 4BE 15
1 60491U 24149Z   26140.19193528  .00091560  00000-0  14331-2 0  9996
2 60491  97.3691 224.6495 0002902 133.6827 226.4667 15.53424884 98073
Z-SAT
1 49399U 21102E   26140.51507510  .00003354  00000-0  16757-3 0  9991
2 49399  97.3338 176.6801 0016127 350.3007   9.7914 15.18030840249244
SPOT 2
1 20436U 90005A   26140.40443026  .00000630  00000-0  93223-4 0  9997
2 20436  98.7108 295.4651 0129139 174.8288 185.4287 14.73839962911238
POSAT 1
1 22829U 93061G   26140.47838298  .00000061  00000-0  39401-4 0  9992
2 22829  98.6668 207.5919 0010830 109.5130 250.7224 14.31909866704080
GEESAT 1-03
1 52787U 22058C   26140.50804441  .00000923  00000-0  14540-3 0  9996
2 52787  49.9885 329.2247 0008095 359.9016   0.1918 14.81270832215832
IRIDIUM 102
1 41920U 17003D   26140.63840326  .00000175  00000-0  55269-4 0  9996
2 41920  86.3945  99.9558 0002303  86.3077 273.8382 14.34216558489336
COSMOS 763
1 08287U 75086C   26140.60967699 -.00000001  00000-0  10079-3 0  9998
2 08287  74.0091 265.9762 0022558 141.2501 230.4660 12.43563236300336
SHIYAN 13 (SY-13)
1 51102U 22004A   26140.51275973  .00000904  00000-0  66965-4 0  9998
2 51102  98.4568 161.1886 0603552 273.0101  80.2212 14.20269796223364
JILIN-01-05
1 43023U 17074B   26140.52195014  .00005658  00000-0  17775-3 0  9995
2 43023  97.4842 246.3161 0004353 341.2735  18.8346 15.33401377469767
WSF-M
1 59481U 24070A   26140.47630352  .00000010  00000-0  25017-4 0  9993
2 59481  98.7171 148.7980 0005642  52.2558 307.9130 14.20731439109167
ION SCV-010
1 56192U 23054Q   26140.55490813  .00003128  00000-0  12460-3 0  9995
2 56192  97.3810  30.4087 0011391 307.8404  52.1803 15.25925902171981
QIANFAN-2
1 60380U 24140B   26140.51348425  .00000067  00000-0  84907-4 0  9998
2 60380  88.9695 282.6201 0014752  90.8220 269.4621 13.51005195 88843
ARVAKER-3
1 64566U 25135AQ  26140.55559975  .00000925  00000-0  93249-4 0  9993
2 64566  97.7694 254.9975 0002852  63.1795 296.9716 14.93487810 49750
KUIPER-00077
1 64824U 25151J   26140.54699664  .00000246  00000-0  61219-4 0  9995
2 64824  51.9050 340.3573 0000779 114.3759 245.7284 14.79932743 45981
ONEWEB-0086
1 45456U 20020AJ  26140.37975669  .00000156  00000-0  40425-3 0  9993
2 45456  87.8919  26.5918 0001830  57.8183 302.3122 13.11413816298969
DEMO8(TENZING)
1 48951U 21059CA  26140.04513606  .00015564  00000-0  24341-3 0  9990
2 48951  97.7035 331.3459 0008353  91.1397 269.0813 15.53833180272936
COSMOS 1766
1 16881U 86055A   26140.78411696  .00018272  00000-0  27879-3 0  9999
2 16881  82.4885  33.3932 0003892 281.3607  78.7209 15.54298831154798
COSMOS 1131
1 11539U 79084B   26140.47857936 -.00000013  00000-0  18283-4 0  9990
2 11539  74.0230 177.0229 0046407 231.3588 195.8873 12.54393510136112
GLOBALSTAR M019
1 25677U 99019B   26140.52974551  .00000004  00000-0  97814-3 0  9992
2 25677  51.9860 217.8671 0001295 255.4142 118.0484 12.13881750226114
ONEWEB-0537
1 56046U 23043A   26140.53169595  .00000066  00000-0  13884-3 0  9998
2 56046  87.9104 234.2621 0002084 106.8981 253.2378 13.16595934155321
AETHER-6
1 67377U 26004Q   26140.50003471 -.00006389  00000-0 -71836-3 0  9991
2 67377  97.8034 139.6096 0002635 204.0425  26.5120 14.86431797  5753
CSG-1
1 44873U 19092A   26140.50707444 -.00000003  00000-0  61643-5 0  9990
2 44873  97.8887 324.5107 0001393  93.2279 266.9094 14.82156667347371
EXACTVIEW-1
1 38709U 12039C   26140.57573639  .00000065  00000-0  47858-4 0  9997
2 38709  98.9744 257.3471 0009895 248.8127 111.1995 14.24975315718770
KUIPER-00446
1 68944U 26098AB  26140.49413951 -.00025933  00000-0 -75689-3 0  9997
2 68944  51.8740 201.1541 0006122  49.1414 311.0101 15.34432307  3097
COSMOS 1954
1 19256U 88053A   26140.57705059  .00000068  00000-0  33143-4 0  9990
2 19256  74.0462  93.6914 0014861 117.0496 243.2175 14.34978702983030
SHIYAN 27C
1 63601U 25078C   26140.51613208 -.00000017  00000-0  38187-4 0  9997
2 63601  99.6908 148.2245 0001106  96.0596 264.0669 13.57243470 53780
TZINGHUA 1
1 26385U 00033B   26140.39221107  .00000344  00000-0  67751-4 0  9999
2 26385  97.8793 114.8462 0014294 184.4847 175.6233 14.68215815382800
METEOR 2-15
1 17290U 87001A   26140.33226412  .00000039  00000-0  21040-4 0  9994
2 17290  82.4646 118.3006 0011654 249.8327 110.1580 13.85267986989975
COSMOS 878
1  9595U 76118H   26140.54722764  .00000007  00000-0  15209-3 0  9998
2  9595  74.0326  54.1572 0007223 194.7430 340.4127 12.48946262254521
QIANFAN-138
1 69084U 26104M   26140.54296685  .00000063  00000-0  20328-4 0  9996
2 69084  88.9871 344.7829 0001970 182.8603 177.2579 14.25562147  1165
CUBEBUG 2
1 39440U 13066AA  26140.59658574  .00002516  00000-0  23645-3 0  9995
2 39440  97.8896  89.4669 0059385 118.1105 242.6134 14.93520077672878
COSMOS 1607
1 15378U 84112A   26140.42658664 -.00000082  00000-0  64124-5 0  9997
2 15378  64.9897 133.1611 0046109 339.7650  20.1581 13.83710220101149
HULIANWANG DIGUI-36
1 64957U 25159B   26140.52113331  .00000068  00000-0  12513-3 0  9994
2 64957  86.4939 291.8337 0002026  92.8753 267.2613 13.24405716 39461
NOAA 11
1 19531U 88089A   26140.58708164  .00000025  00000-0  34370-4 0  9992
2 19531  98.6186  87.2499 0011523  22.9768 337.1919 14.15834216943570
M-SEL
1 63231U 25052X   26140.46238312  .00005814  00000-0  23121-3 0  9991
2 63231  97.3945  34.3067 0003109 234.2874 125.8076 15.25668472 65691
RASSVET-3 9
1 68368U 26061J   26140.47817830  .00054845  00000-0  24772-3 0  9998
2 68368  82.2965  43.4983 0005958 189.1008 171.0154 15.83764765  9167
SDS-4
1 38339U 12025C   26140.51914198  .00000778  00000-0  12128-3 0  9996
2 38339  98.1357 236.2661 0007608  36.2999 323.8725 14.75770671751903
COSMOS 1929
1 18942U 88016F   26140.37933795 -.00000016  00000-0  29956-5 0  9990
2 18942  74.0035 173.6562 0020559 204.9417 171.9336 12.54808174749407
COSMOS 565
1  6676U 73037B   26140.51907858 -.00000001  00000-0  96342-4 0  9991
2  6676  74.0211  42.5006 0025971 331.8700 202.2864 12.48970359414051
COSMOS 1550
1 14965U 84043A   26140.56829368  .00000058  00000-0  46479-4 0  9991
2 14965  82.9738 240.4307 0027150  96.5814 274.8135 13.73023965106019
KUIPER-00229
1 68578U 26072F   26140.50003471 -.00023318  00000-0 -30573-2 0  9993
2 68578  51.9023 317.5350 0002121 131.8417 126.8515 14.79697507  4941
COSMOS 1417
1 13617U 82102A   26140.38788762  .00000071  00000-0  57140-4 0  9992
2 13617  82.9667 279.6221 0035359 141.6990 246.9124 13.75616483187134
KUIPER-00013
1 63729U 25088F   26140.43115798 -.00000960  00000-0 -96927-4 0  9995
2 63729  51.9001 150.8657 0000644 348.5927  11.5021 14.79928318 58194
COSMOS 2013
1 19907U 89025F   26140.46041248  .00000002  00000-0  11901-3 0  9999
2 19907  74.0123  43.4603 0009212  54.8336 119.9261 12.48177317692982
QPS-SAR-15 SUKUNAMI-1
1 67228U 25307A   26140.38509011  .00002587  00000-0  22617-3 0  9995
2 67228  42.0082  20.5437 0009738 182.1360 177.9425 14.98734964 22512
BRO-8
1 55011U 23001C   26140.51317625  .00021807  00000-0  42939-3 0  9999
2 55011  97.3223 205.3339 0005782 203.5095 156.5892 15.47237286187929
GEESAT 5-10
1 65559U 25201K   26140.33754634  .00000769  00000-0  11830-3 0  9996
2 65559  49.9815 168.0119 0007572 181.2452 178.8468 14.84076620 37660
PVSAT
1 52894U 22065A   26140.36248823  .00000151  00000-0  41604-4 0  9998
2 52894  98.2248 280.0007 0010608 103.4102 256.8281 14.59524915208294
ICEYE-X48
1 63253U 25052AV  26140.26645195  .00001602  00000-0  14136-3 0  9991
2 63253  97.6915  32.8808 0001527   7.4912 352.6333 14.97802834 64499
KX-09
1 44520U 19058B   26140.50624522  .00001037  00000-0  96170-4 0  9995
2 44520  97.7764 153.9626 0011703  78.8949 281.3588 14.96584519365894
COSMOS 1253
1 12323U 81022D   26140.50447058 -.00000016  00000-0 -49823-5 0  9990
2 12323  74.0281 178.5750 0017207  93.0143 336.6440 12.45840602 55878
KUIPER-00272
1 68588U 26072R   26140.50003471 -.00018782  00000-0 -20984-2 0  9998
2 68588  51.9005 315.6973 0009192 278.4553 351.7696 14.86141443  5554
KUIPER-00248
1 67153U 25301W   26140.50003471 -.00067340  00000-0 -78571-2 0  9998
2 67153  51.8979  82.5398 0003794 245.9006 246.3824 14.85058880  4759
RUBIN 8/PSLV
1 32792U 08021K   26140.26757475  .00000615  00000-0  76235-4 0  9999
2 32792  98.1451 141.3523 0025649  66.3490 294.0413 14.86257709974952
SAUDICOMSAT 7
1 31119U 07012C   26140.40362856  .00000300  00000-0  63157-4 0  9991
2 31119  98.3766 113.9698 0054414 283.9687  75.5469 14.66078448 18366
ONEWEB-0458
1 51648U 22012AC  26140.47118795 -.00000923  00000-0 -26791-2 0  9999
2 51648  87.8862  41.7738 0001593  76.9717 283.1588 13.10382174205675
COSMOS 1697
1 16181U 85097A   26140.23300271 -.00000319  00000-0 -14359-3 0  9997
2 16181  70.9630  70.6006 0015197  51.4497 308.7983 14.13663083959721
COSMOS 457
1  5614U 71099A   26140.48840897  .00000076  00000-0  25063-3 0  9995
2  5614  74.0368  51.5845 0023584 319.0343 214.2350 13.16114305617915
COSMOS 2509
1 40922U 15050C   26140.51652976  .00000039  00000-0  20918-3 0  9997
2 40922  82.4869  95.5120 0015752  99.1020 261.1842 12.42882707483447
COSMOS 1749
1 16759U 86042B   26140.54409257 -.00000001  00000-0  91143-4 0  9991
2 16759  74.0193  63.8034 0048405 170.9275   2.0879 12.58108594834969
CUBEBUG 1
1 39153U 13018D   26140.43281532  .00001918  00000-0  17167-3 0  9999
2 39153  98.1635 299.1464 0010993 236.7055 123.3114 14.97099341706915
PRAETORIAN SDA_603
1 65566U 25203B   26140.43253607  .00000209  00000-0  17768-3 0  9996
2 65566  81.3069  36.3715 0008366 270.6534  89.3664 13.83900231 34869
MISRSAT-2
1 58497U 23187B   26140.53354959  .00000752  00000-0  98689-4 0  9998
2 58497  97.9266 222.6801 0009888 231.5550 128.4777 14.83166561132945
SENTINEL 3B
1 43437U 18039A   26140.41826660  .00000067  00000-0  45814-4 0  9997
2 43437  98.6258 208.3472 0001322  77.1350 282.9978 14.26740151420167
YAOGAN 11
1 37165U 10047A   26140.57147994  .00000445  00000-0  63112-4 0  9993
2 37165  98.3889   5.3680 0034121 333.0777  26.8663 14.82035187844008
HAWK-10B
1 60545U 24149CF  26140.48708801  .00001417  00000-0  13000-3 0  9999
2 60545  97.6818 216.2584 0005669 168.4526 191.6827 14.96415184 95840
UM5-RIBAT
1 60554U 24149CQ  26140.47313099  .00001839  00000-0  14909-3 0  9996
2 60554  97.6651 218.6473 0003647 106.1015 254.0611 15.00897720 96037
COSMOS 2266
1 22888U 93070A   26140.30227400  .00000042  00000-0  28676-4 0  9997
2 22888  82.9489 101.8437 0046635 265.1739 206.4703 13.75174216630199
IRIDIUM 106
1 41917U 17003A   26140.32761901 -.00000010  00000-0 -10767-4 0  9993
2 41917  86.3947 100.2029 0002143  76.1478 283.9956 14.34217350489214
IRIDIUM 134
1 43075U 17083F   26140.49785668  .00000114  00000-0  33575-4 0  9997
2 43075  86.3961 333.6480 0002225  86.0895 274.0555 14.34218043440138
NPSAT1
1 44340U 19036B   26140.36931751  .00003458  00000-0  47457-3 0  9992
2 44340  23.9996  38.8912 0007617 255.3576 104.6075 14.74288777368386
3CAT-5/A (TYVAK-0161)
1 46292U 20061W   26140.46710216  .00012071  00000-0  25646-3 0  9999
2 46292  97.2415 203.4086 0001845 163.3672 196.7638 15.45155442316749
SHERPA-AC1
1 52763U 22057AH  26140.31551954  .00005142  00000-0  14991-3 0  9994
2 52763  97.6660 288.3954 0007735 181.2076 178.9150 15.35826143221425
FLOCK 4BE 32
1 60497U 24149AF  26140.47228595  .00014309  00000-0  34743-3 0  9992
2 60497  97.3716 224.1219 0003697  43.1830 316.9706 15.41118455 98066
COSMOS 381
1 04783U 70102A   26140.25257693  .00000024  00000-0  48168-4 0  9991
2 04783  74.0338  57.7796 0029750  83.4431 277.0074 13.75043731782318
RUBIN 3/SL-8
1 27561U 02054C   26140.32762479  .00000215  00000-0  56479-4 0  9998
2 27561  98.4610   0.4787 0043392 214.6088 145.2285 14.58548079246614
DMSP 5D-2 F8 (USA 26)
1 18123U 87053A   26140.49962266  .00000010  00000-0  25563-4 0  9991
2 18123  98.7334 326.9425 0011509 238.1162 121.8895 14.19548416 12911
DSAT
1 42794U 17036AF  26140.19345016  .00003678  00000-0  17637-3 0  9996
2 42794  97.5550 119.1946 0080300 258.5027 100.7181 15.16716225486619
ONEWEB-0337
1 49203U 21083T   26140.46385291 -.00000327  00000-0 -93040-3 0  9996
2 49203  87.8939 325.7586 0001768  97.2831 262.8499 13.13471235227272
COSMOS 2037
1 20196U 89068A   26140.55038169 -.00000004  00000-0  10197-3 0  9995
2 20196  73.5670 338.6342 0024984 235.8772 150.7306 12.40538861662293
COSMOS 2593
1 65269U 25182C   26140.43183553  .00088836  48623-5  21622-3 0  9998
2 65269  96.5913  72.1183 0001995 213.8761 146.2390 15.96325367 43264
SPIRIT
1 58468U 23185G   26140.54338067  .00098960  00000-0  64233-3 0  9992
2 58468  97.3296 223.8306 0004455 242.1576 117.9238 15.75689018138214
TRACERS 2
1 64873U 25154E   26140.43550160  .00000731  00000-0  74905-4 0  9992
2 64873  97.6706 204.7669 0004728  47.7583 312.4037 14.93381455 44858
ONEWEB-0403
1 50483U 21132Q   26140.27166936  .00000026  00000-0  33916-4 0  9996
2 50483  87.9171 341.0101 0001934  90.8470 269.2884 13.18686858217913
GLOBAL-16
1 49950U 21120B   26140.51486162  .00017816  00000-0  32701-3 0  9998
2 49950  41.9943 217.2333 0010146  44.6669 315.4990 15.48838046250552
YAOGAN-30 T
1 45462U 20021C   26140.34788701  .00001740  00000-0  13038-3 0  9997
2 45462  34.9967  18.2027 0001118 204.1987 155.8669 15.02570682336225
KUIPER-00104
1 65142U 25171L   26140.42787040 -.00000797  00000-0 -75615-4 0  9992
2 65142  51.9015 200.8194 0000380  89.8701 270.2304 14.79935997 43513
HELIOS 2A
1 28492U 04049A   26140.47022207  .00000879  00000-0  70949-4 0  9996
2 28492  98.2599 192.3501 0004409  72.4405 287.7299 15.02715339149609
KUIPER-00100
1 65139U 25171H   26140.40220093 -.00000339  00000-0 -15541-4 0  9990
2 65139  51.9009 193.4497 0000346 102.6003 257.4999 14.79930181 43614
KUIPER-00044
1 64505U 25134F   26140.83996949  .00000476  00000-0  91496-4 0  9995
2 64505  51.9011 286.5109 0000985 101.6433 258.4640 14.79922390 50583
COSMOS 2609
1 68754U 26083B   26140.56004763  .00001656  00000-0  11441-3 0  9995
2 68754  98.1188 287.9373 0011721 158.2483 201.9243 15.07243409  5066
SPAWAR-CAL-R
1 43776U 18099U   26140.56898663  .00001084  00000-0  79090-4 0  9990
2 43776  97.4407 181.9536 0021923  94.9527 265.4204 15.05525797407848
LEMUR-2 DELOITTE-2
1 68491U 26067CD  26140.43179265  .00001740  00000-0  18030-3 0  9996
2 68491  97.7551  99.0549 0004270 124.0945 236.0679 14.91290843  7582
COSMOS 533
1 06268U 72087F   26140.35876111  .00000005  00000-0  11265-3 0  9994
2 06268  74.0351 241.1242 0097940 315.8062 100.9312 12.67612559477776
COSMOS 764
1  8288U 75086D   26140.36886785 -.00000004  00000-0  88346-4 0  9994
2  8288  74.0118  18.5615 0030319 294.9565 182.2764 12.41090082295790
HAWK-14A
1 68448U 26067AJ  26140.33395111  .00002715  00000-0  13699-3 0  9996
2 68448  97.4599  99.2738 0004061 146.3290 213.8203 15.17960223  7719
GLOBALSTAR M090
1 38044U 11080E   26140.51218910 -.00000096  00000-0  41521-4 0  9992
2 38044  52.0139  52.6861 0000580  53.4009 117.5671 12.62268390666211
KIKU 1 (ETS 1)
1 08197U 75082A   26140.34745789 -.00000111  00000-0  18797-4 0  9997
2 08197  46.9907 354.1526 0085958 326.9869 203.5786 13.59602286518621
KUIPER-00455
1 68949U 26098AG  26140.47743726 -.00009488  00000-0 -30526-3 0  9994
2 68949  51.8747 201.7772 0019799  55.0931 305.1910 15.30272214  3081
OPS 5644
1 10033U 77044A   26140.40223462  .00000128  00000-0  66124-4 0  9999
2 10033  99.1192 187.4206 0036826 310.0531  49.7423 14.31448321364188
COSMOS 755
1  8072U 75074A   26140.35656579  .00000048  00000-0  35377-4 0  9990
2  8072  82.9029 105.4437 0026820 220.3390 249.5098 13.74217164544680
FLOCK 4G 27
1 62641U 25009AJ  26140.19961595  .00007214  00000-0  26123-3 0  9994
2 62641  97.3934 221.7683 0003333  74.4182 285.7426 15.28690931 74620
SCOT-1 (SCOT)
1 62617U 25009J   26140.49278088  .00043912  00000-0  76001-3 0  9993
2 62617  97.3856 227.5515 0002710  75.8828 284.2725 15.50808126 75050
KUIPER-00148
1 65769U 25217H   26140.51654138  .00001777  00000-0  28770-3 0  9995
2 65769  51.9051  64.0006 0000909  98.1303 261.9761 14.75812958 35813
GEISAT PRECURSOR
1 56934U 23084C   26140.50373834  .00005302  00000-0  16249-3 0  9995
2 56934  97.6192 280.5607 0007191  88.3356 271.8709 15.34226326163280
QIANFAN-61
1 62791U 25016G   26140.45661139  .00000087  00000-0  11571-3 0  9990
2 62791  88.9775  86.8524 0012461 241.6111 118.3784 13.51011297 68673
KUIPER-00430
1 68935U 26098S   26140.53544433 -.00003371  00000-0 -97807-4 0  9991
2 68935  51.8750 201.4229 0020227  60.2687 300.0307 15.31029472  3090
HULIANWANG DIGUI-107
1 66917U 25285C   26140.56837281 -.00000089  00000-0  76323-4 0  9997
2 66917  50.0029 245.0946 0001038 195.9102 164.1738 13.29325129 22388
SKYSAT 2
1 40072U 14037D   26140.62171534  .00000783  00000-0  92136-4 0  9993
2 40072  98.3823  98.0204 0006030  21.5285 338.6183 14.87944836641864
APRIZESAT 8
1 39425U 13066K   26140.56384587  .00000675  00000-0  79018-4 0  9995
2 39425  97.8207  88.4213 0046489  18.7378 341.5537 14.87585006675560
COSMOS 911
1 10019U 77039A   26140.35049438  .00000033  00000-0  18481-4 0  9998
2 10019  82.9466 157.4617 0025917  62.9321 309.1488 13.75424599458038
PRSC-S1
1 65055U 25164A   26140.54920317  .00002569  00000-0  18425-3 0  9998
2 65055  41.1304  83.4332 0005899 182.2803 177.7984 15.06168683 44267
COSMOS 1911
1 18790U 88002C   26140.64488303  .00000027  00000-0  91015-4 0  9991
2 18790  82.6075 266.0990 0007428 187.0690 183.7109 12.64384221769474
PRAETORIAN SDA_612
1 65575U 25203L   26140.45070977  .00000168  00000-0  13789-3 0  9998
2 65575  81.3052  36.2398 0008064 269.3931  90.6302 13.85033047 34877
KUIPER-00252
1 67157U 25301AA  26140.61743334  .00000703  00000-0  12121-3 0  9991
2 67157  51.9002 102.5468 0000320  70.1714 289.9283 14.79926849 24451
METEOR 1-24
1 08799U 76032A   26140.59379122  .00000002  00000-0 -56646-5 0  9997
2 08799  81.2557 255.1732 0033434 293.3227  66.4428 14.11900794580080
HAISHAO 1
1 62190U 24228A   26140.49388378  .00021414  00000-0  21358-3 0  9993
2 62190  42.9790 170.9100 0001932  28.2395 331.8575 15.65224836 83244
ONEWEB-0461
1 51649U 22012AD  26140.58832701 -.00000043  00000-0 -14405-3 0  9995
2 51649  87.9165  11.3427 0001767  86.9064 273.2270 13.17650261210250
IRIDIUM 82
1 25467U 98051A   26140.39244107  .00091436  00000-0  73588-3 0  9997
2 25467  86.3494 299.8950 0035107  68.3177 292.1826 15.69797583476085
ONEWEB-0171
1 48070U 21025AE  26140.51815899  .00000119  00000-0  29179-3 0  9990
2 48070  87.8938 325.7436 0001757  88.2402 271.8928 13.13468134249981
LEGION 6
1 62901U 25025B   26140.64972680  .00002107  00000-0  12217-3 0  9993
2 62901  45.0022 358.1863 0008126 317.6361  42.3890 15.15757807 71450
METEOR 1-19
1 07490U 74083A   26140.67508144  .00000190  00000-0  98979-4 0  9996
2 07490  81.1873 164.8346 0031219 157.4003 202.8551 14.10567863651004
YAOGAN-39 04C
1 58145U 23163E   26140.49445192  .00002529  00000-0  12490-3 0  9996
2 58145  34.9893 181.3757 0006904 155.1350 204.9696 15.17494561143111
COSMOS 2441
1 33272U 08037A   26140.56176525  .00000127  00000-0  41593-4 0  9991
2 33272  98.3275  87.5625 0017320  66.7266 293.5751 14.53248685944030
KUIPER-00199
1 67771U 26030H   26140.51714778  .00017838  00000-0  52306-3 0  9998
2 67771  51.8811 233.2531 0011146 320.0166  39.9998 15.35201423 16127
ONEWEB-0306
1 49188U 21083C   26140.29527442  .00000031  00000-0  44983-4 0  9998
2 49188  87.9171 340.9941 0001643  86.1234 274.0086 13.18685036226348
COSMOS 735
1 07824U 75045D   26140.41507259 -.00000003  00000-0  87596-4 0  9991
2 07824  74.0199  12.6472 0008049 308.5873 224.4609 12.49369086325117
ONEWEB-0416
1 51625U 22012D   26140.45623341 -.00000366  00000-0 -10846-2 0  9995
2 51625  87.8855  41.8038 0001591  90.7365 269.3945 13.10376023205698
COSMOS 2125
1 21100U 91009A   26140.34933742 -.00000010  00000-0  39563-4 0  9993
2 21100  74.0316 357.4296 0010290 240.7879 293.2779 12.49966326609251
POSAT 2
1 63488U 25009DR  26140.47072725  .00009122  00000-0  53190-3 0  9997
2 63488  97.4851 216.0495 0005245 226.6147 133.4647 15.12181722 62451
FLOCK 4G 18
1 62680U 25009BZ  26140.48556173  .00005970  00000-0  21649-3 0  9996
2 62680  97.4011 222.3291 0006594  78.1912 282.0067 15.28702721132308
DUCHIFAT 1
1 40021U 14033M   26140.40698236  .00060331  00000-0  76680-3 0  9992
2 40021  98.0489 195.7904 0006233 167.3565 192.7847 15.59181343651414
SAUDISAT 2
1 28371U 04025F   26140.41575313  .00000151  00000-0  44890-4 0  9990
2 28371  98.5509 139.6811 0025222  24.8408 335.3998 14.56664647161701
HULIANWANG DIGUI-16
1 62976U 25030F   26140.52752593 -.00000104  00000-0  44020-4 0  9991
2 62976  50.0061 334.8163 0001097  77.8015 282.2980 13.29321991 62185
LEMUR-2-CELIJO-SB-PK
1 66781U 25276DW  26140.14830516  .00005281  00000-0  43387-3 0  9995
2 66781  97.5259 211.8452 0007733 211.6208 148.4552 14.99561525 18421
GLOBALSTAR M006
1 25307U 98023B   26140.60837523 -.00000094  00000-0 -36909-3 0  9991
2 25307  51.9922  95.3812 0003889   0.0649 170.5676 11.58176862255922
ONEWEB-0541
1 55142U 23004C   26140.41027732 -.00000432  00000-0 -12540-2 0  9990
2 55142  87.8926  26.5816 0001679  84.5843 275.5477 13.11417501162305
SSA
1 13844U 83008E   26140.32025530  .00000787  00000-0  12917-3 0  9997
2 13844  63.3089 104.9057 0714713 134.4332 231.7528 13.77597221355016
TIANMU-1 17
1 58702U 24004C   26140.54336326  .00003813  00000-0  14916-3 0  9996
2 58702  97.4648 326.4771 0007150  95.3726 264.8328 15.26428741131555
COSMOS 1878
1 18337U 87074D   26140.40348003  .00000014  00000-0  20679-4 0  9996
2 18337  82.5679 310.5075 0002145 299.6508  83.6164 12.64385215785783
GLOBALSTAR M004
1 25163U 98008B   26140.67114793 -.00000089  00000-0  80516-4 0  9995
2 25163  51.9990 104.5464 0003349 324.7521 206.9581 12.63420878304345
KUIPER-00174
1 65787U 25217AB  26140.95643435 -.00000027  00000-0  25515-4 0  9994
2 65787  51.9030  68.5840 0001020  91.3777 268.7302 14.79926420 35786
RANDEV
1 52898U 22065E   26140.51865449  .00000600  00000-0  12459-3 0  9992
2 52898  98.2180 284.8510 0009193 109.3139 250.9058 14.63638436207202
ORBCOMM FM 104
1 40090U 14040E   26140.52896822  .00000159  00000-0  72396-4 0  9993
2 40090  47.0052 260.7922 0016529 304.6087  55.3239 14.57250540629818
GUANGCHUAN 01
1 62111U 24221A   26140.45894605  .00002101  00000-0  12900-3 0  9995
2 62111  49.9450 297.1231 0007541 189.0485 171.0330 15.14440092 81982
COSMOS 2355
1 25366U 98036D   26140.35571669  .00000004  00000-0 -25275-4 0  9993
2 25366  82.5908 357.4037 0352593 254.0631 283.4787 12.21821115245625
METEOR M2
1 40069U 14037A   26140.48222780  .00000329  00000-0  16961-3 0  9990
2 40069  98.5104 117.2052 0006833 111.5029 248.6878 14.21453950615385
COSMOS 1020
1 10937U 78056H   26140.76789951 -.00000023  00000-0 -40499-4 0  9998
2 10937  74.0241 162.7670 0049696 213.1041 146.6900 12.54558162195982
KORSAT-1
1 59452U 24066L   26140.63484843  .00002049  00000-0  18830-3 0  9994
2 59452  45.4122  27.0032 0007151 270.3542  89.6516 14.98337449115921
GEESAT 3-09
1 61019U 24159J   26140.51984138  .00000894  00000-0  13295-3 0  9994
2 61019  49.9974 211.0229 0022630 312.9359  46.9681 14.84141326 92664
CHEOPS
1 44874U 19092B   26140.50242404  .00000174  00000-0  44027-4 0  9995
2 44874  98.1510 329.1579 0010493 179.2061 180.9159 14.61943266341858
SAR LUPE 2
1 31797U 07030A   26140.55112675  .00022242  00000-0  44913-3 0  9998
2 31797  98.1016 241.6625 0012254 200.5987 159.4768 15.46451362 52661
JAS 2
1 24278U 96046B   26140.43724995  .00000004  00000-0  38180-4 0  9992
2 24278  98.5267 353.1067 0350083 168.2979 192.6569 13.53272847469412
COSMOS 1092
1 11326U 79030A   26140.35712380  .00000063  00000-0  49090-4 0  9999
2 11326  82.9492  66.3670 0029118 175.3882 303.8571 13.75656621598564
COSMOS 1869
1 18214U 87062A   26140.37640001  .00006743  00000-0  18565-3 0  9991
2 18214  82.5089 128.9221 0018338 156.3253 203.8840 15.36779440100296
COSMOS 1088
1 11303U 79024H   26140.54891418 -.00000007  00000-0  58225-4 0  9997
2 11303  74.0345  71.2140 0051304  33.5091  76.8785 12.40160560136053
CORVUS BC2
1 42846U 17042X   26140.42527334  .00001479  00000-0  10511-3 0  9993
2 42846  97.4041 302.8632 0012557 200.2358 159.8374 15.06093182482887
ONEWEB-0657
1 55818U 23029Y   26140.17241001  .00000001  00000-0 -28855-4 0  9996
2 55818  87.9145 310.5609 0001892 114.5885 245.5445 13.19725797155213
ONEWEB-0012
1 44057U 19010A   26140.51428185  .00000060  00000-0  12373-3 0  9993
2 44057  87.9108 234.2791 0002390  94.6142 265.5261 13.16596231347922
HAWK-6A
1 55327U 23011D   26140.11335442  .00002962  00000-0  13279-3 0  9999
2 55327  40.4973 154.2463 0003563 206.7020 153.3606 15.22654793183572
IMECE
1 56178U 23054A   26140.50853455  .00000179  00000-0  41605-4 0  9996
2 56178  98.1250  45.6301 0008270 256.4955 103.5328 14.65827688166354
COSMOS 1193
1 11876U 80058B   26140.35181551 -.00000027  00000-0 -65630-4 0  9991
2 11876  74.0151 148.2236 0039769 280.6643 183.4972 12.54952828101015
COSMOS 2269
1 23000U 94011B   26140.29986062  .00000018  00000-0  40552-4 0  9994
2 23000  82.5681 338.9272 0006147 251.8702 280.9390 12.61942780486159
SERVIS 1
1 28060U 03050A   26140.28653019  .00000000  00000-0  48710-4 0  9995
2 28060  99.5057 139.2761 0021928 156.0553 215.3357 13.72178314129138
NIGERIASAT 1
1 27941U 03042C   26140.48446638  .00000823  00000-0  89573-4 0  9997
2 27941  98.0047 331.8997 0042783  22.7377 337.5723 14.90244677219708
COSMOS 2193
1 21982U 92030G   26140.44171855 -.00000014  00000-0  11189-4 0  9994
2 21982  74.0029 310.5709 0021817 215.4990 170.9946 12.50456112550283
TACSAT 6
1 39473U 13072M   26140.59316808  .00056858  00000-0  66294-3 0  9994
2 39473 120.4645  21.5106 0072979  25.4630 335.0031 15.57965318115056
COSMOS 1447
1 13916U 83021A   26140.44984160  .00000059  00000-0  46192-4 0  9993
2 13916  82.9474  19.9898 0036281 268.6119 265.6227 13.75350071165265
GAOFEN 3 02
1 49495U 21109A   26140.50583655  .00000051  00000-0  28794-4 0  9994
2 49495  98.4091 148.9958 0004030  77.5815 282.5826 14.42213138236326
ONEWEB-0492
1 54114U 22138B   26140.94162917  .00000067  00000-0  13399-3 0  9994
2 54114  87.9147 310.4012 0001563  91.4557 268.6755 13.19725809173241
FENGYUN 1D
1 27431U 02024B   26140.40674149  .00000010  00000-0  30800-4 0  9999
2 27431  98.9539 190.8611 0014669 324.3760  35.6430 14.10220381235563
COSMOS 2463
1 36519U 10017A   26140.60669414  .00000046  00000-0  34069-4 0  9998
2 36519  82.9596 269.9702 0035656 204.5388 166.4753 13.71663612804151
ION SCV-011
1 56957U 23084AB  26140.24723000  .00003693  00000-0  13607-3 0  9991
2 56957  98.1382 324.9447 0008333 129.2040 230.9938 15.28539869161540
FORESAIL-1 PRIME
1 66778U 25276DS  26140.45292150  .00003095  00000-0  15371-3 0  9994
2 66778  97.4206 214.2361 0002499 165.2765 194.8542 15.18414988 26199
HULIANWANG DIGUI-74
1 65306U 25187B   26140.52967588 -.00000110  00000-0  31177-4 0  9992
2 65306  50.0102 305.0145 0000669  79.5334 280.5614 13.29320426 36029
COSMOS 2611
1 68759U 26083G   26140.37703157  .00001390  00000-0  99018-4 0  9994
2 68759  97.2885 277.4309 0012616 150.3312 209.8634 15.06059819  5000
COSMOS 2455
1 36095U 09063A   26140.51150471 -.00000048  00000-0  19898-4 0  9990
2 36095  67.1478 320.2067 0003784 251.3057 108.7617 13.97048068841260
COSMOS 1553
1 14973U 84046A   26140.37719314  .00000060  00000-0  46568-4 0  9993
2 14973  82.9350 272.8246 0031826 353.3240  34.2049 13.75619861107900
GLOBALSTAR M056
1 25945U 99058C   26140.36739260 -.00000111  00000-0 -27609-3 0  9997
2 25945  51.9989   8.2945 0001868 107.4835  63.2747 12.04786860203261
YAOGAN 16A
1 39011U 12066A   26140.30959337 -.00000041  00000-0  48205-4 0  9990
2 39011  63.3553   1.8068 0433340  26.9190 335.3618 13.45514260662394
HULIANWANG DIGUI-129
1 67237U 25311B   26140.90494900 -.00000095  00000-0  63508-4 0  9996
2 67237  50.0066 213.4475 0000901 230.6716 129.4076 13.29323682 19711
ZACUBE
1 39417U 13066B   26140.34342926  .00002941  00000-0  23169-3 0  9996
2 39417  97.8122 102.5296 0040864 346.3629  13.6486 15.00951329676557
COSMOS 1570
1 15031U 84056A   26140.29205238  .00000055  00000-0  29765-4 0  9990
2 15031  74.0673 341.3674 0011926  53.7546 119.7759 14.32667104190436
HULIANWANG DIGUI-05
1 62327U 24240E   26140.55158404  .00000041  00000-0  61741-4 0  9995
2 62327  86.5050 352.7680 0001342  84.5898 275.5389 13.24408316 68981
ONEWEB-0519
1 54137U 22138AA  26140.95267285 -.00000201  00000-0 -53420-3 0  9995
2 54137  87.9162 310.3934 0001990  91.0488 269.0873 13.19724860173240
CASSIOPE
1 39265U 13055A   26140.51977916  .00024520 -68835-6  27682-3 0  9995
2 39265  80.9141 100.2540 0300264 155.1253 206.4807 15.22937929663459
COSMOS 2129
1 21104U 91009E   26140.50940542  .00000006  00000-0  13872-3 0  9999
2 21104  74.0302 236.3548 0024559  51.1771 320.8715 12.53743480614053
OPS 6431
1 08818U 76038A   26140.30586072 -.00000026  00000-0  39372-4 0  9990
2 08818  63.3551 154.5711 0360821 182.4687 177.4597 13.91666222103349
CUSAT 1
1 39266U 13055B   26140.42973356  .01954450 -88842-6  46584-3 0  9997
2 39266  80.9077  18.5828 0036870 252.6588 107.0665 16.27467157668642
KUIPER-00268
1 67790U 26030AC  26140.50003471 -.00870178  00000-0 -65054-1 0  9997
2 67790  51.9024 234.1707 0002912 339.5139 228.5679 15.05137396  5322
METEOR 3-4
1 21232U 91030A   26140.42637468 -.00000100  00000-0 -29256-3 0  9996
2 21232  82.5445 203.9556 0012073 223.5326 147.8181 13.16700318685454
ONEWEB-0164
1 48063U 21025X   26140.51984854  .00000088  00000-0  20490-3 0  9992
2 48063  87.8949 325.7309 0001820  88.3199 271.8139 13.13471215249954
COSMOS 2064
1 20549U 90029A   26140.44941578  .00000003  00000-0  12751-3 0  9997
2 20549  73.9843  40.8047 0016570  55.7319 117.2237 12.47225183644640
QIANFAN-74
1 63160U 25046B   26140.45492149  .00000085  00000-0  11219-3 0  9994
2 63160  88.9686 303.4610 0001844  97.9799 262.1561 13.51003511 68903
LEMUR 2 THEFALCONER
1 63264U 25052BG  26140.27652524  .00001651  00000-0  14786-3 0  9993
2 63264  97.6889  33.1094 0003564  86.4089 273.7541 14.97171458 64515
COSMOS 2556
1 52713U 22054A   26140.55540674  .00001430  00000-0  58612-4 0  9994
2 52713  97.6274  89.6824 0001682 108.9862 251.1558 15.25987944222527
COSMOS 489
1 06019U 72035A   26140.37868001  .00000012  00000-0  35950-4 0  9998
2 06019  74.0217  12.5588 0024753 315.5581 217.9949 13.76150319713050
ICEYE-X40
1 60549U 24149CK  26140.44610411  .00000862  00000-0  78195-4 0  9998
2 60549  97.6822 217.3895 0005197 151.0874 209.0637 14.97848747 95924
QIANFAN-35
1 61568U 24185S   26140.54023650  .00000480  00000-0  18672-3 0  9993
2 61568  88.9835  58.2252 0008431 112.3086 247.9003 14.28232656 92847
COSMOS 1357
1 13160U 82040A   26140.34261216 -.00000012  00000-0  27685-4 0  9999
2 13160  74.0095 107.3745 0049895 172.0165 299.1601 12.56066618 19236
FLOCK 4BE 24
1 60505U 24149AP  26140.53384484  .00014490  00000-0  34241-3 0  9993
2 60505  97.3713 224.6356 0003912  48.7393 311.4190 15.41936279 98109
SATELIOT_4
1 60537U 24149BX  26140.15693687  .00001780  00000-0  16145-3 0  9995
2 60537  97.6744 215.1722 0003647 114.2749 245.8854 14.96556293 95783
GONETS M 13 (M23)
1 40554U 15020C   26140.50549442  .00000102  00000-0  66470-3 0  9991
2 40554  82.4883  47.9785 0014773  34.9053 325.2992 12.42869204505267
ONEWEB-0681
1 56717U 23068H   26140.59874922  .00000031  00000-0  42539-4 0  9995
2 56717  87.9255 249.4612 0002849  89.8062 270.3399 13.21825072147442
ONEWEB-0610
1 54673U 22166AH  26140.55922575  .00000084  00000-0  17245-3 0  9999
2 54673  87.9252 249.4788 0002569  95.3235 264.8192 13.21826960167803
COSMOS 2583
1 62904U 25026C   26140.71263538  .00001280  00000-0  11507-3 0  9992
2 62904  81.9943 102.5293 0010996 139.3060 220.8984 14.94918298 70090
COSMOS 1294
1 12643U 81074H   26140.44569543 -.00000006  00000-0  58655-4 0  9999
2 12643  74.0349  14.0272 0046451 297.4134 237.5830 12.58771426 57903
SAPPHIRE
1 39088U 13009C   26140.48497465  .00000041  00000-0  29279-4 0  9999
2 39088  98.4255 320.5998 0010652 337.4915  22.5802 14.35232162692606
YAOGAN-43 03B
1 61618U 24190B   26140.64968887  .00005347  00000-0  22386-3 0  9990
2 61618  34.9894  10.8213 0004858 109.9910 250.1328 15.22912322 87667
CARTOSAT 2E
1 42767U 17036C   26140.51366716  .00004128  00000-0  19911-3 0  9990
2 42767  97.4282 200.7685 0004040  56.6677 303.4944 15.19240142493948
SEASAT 1
1 10967U 78064A   26140.64122177  .00000155  00000-0  81706-4 0  9998
2 10967 108.0135 276.4713 0002487 247.6668 112.4214 14.46218599516919
NOAA 7
1 12553U 81059A   26140.43326529  .00000029  00000-0  35912-4 0  9991
2 12553  98.7968 207.8344 0011180 353.3337   6.7688 14.17786030320817
COSMOS 1018
1 10935U 78056F   26140.34558295 -.00000009  00000-0  47158-4 0  9997
2 10935  74.0289   6.2113 0028987 105.7442  68.6448 12.49909408187840
ONEWEB-0138
1 47284U 20100AC  26140.30062099 -.00000043  00000-0 -15432-3 0  9997
2 47284  87.8963 356.2102 0001568  83.2431 276.8876 13.12443457260992
KUIPER-00150
1 65770U 25217J   26140.56071401  .00000970  00000-0  15629-3 0  9991
2 65770  51.9026  92.7985 0000795  85.8358 274.2695 14.79929312 35413
CSC-1
1 58022U 23155G   26140.42666660  .00001715  00000-0  10791-3 0  9997
2 58022  97.5379 210.3251 0007321 347.3766  12.7279 15.10513592143549
USA 120
1 23907U 96029B   26140.35140445  .00000485  00000-0  10154-3 0  9997
2 23907  63.3196 265.5658 0847629  49.4119 317.7590 13.46331206 99900
OPS 3899
1 14139U 83060C   26140.50062211  .00000193  00000-0  76863-3 0  9991
2 14139  96.6794  44.6583 0002323  89.3812 270.7565 12.93986876332258
QIANFAN-107
1 66049U 25233S   26140.49959219  .00000139  00000-0  19710-3 0  9995
2 66049  89.0028  45.9810 0002228  70.1026 290.0365 13.51017456 29459
ANSER-FLW1
1 58019U 23155D   26140.46526600  .00040450  00000-0  88519-3 0  9998
2 58019  97.5553 229.0883 0002471 149.2216 210.9177 15.44026770144675
KINEIS-5D
1 62082U 24219B   26140.49924191  .00000535  00000-0  92091-4 0  9996
2 62082  97.9126 300.1040 0005085  19.2530 340.8868 14.72389692 79688
OPS 7684
1  3605U 68112B   26140.34757263  .00000033  00000-0  15067-3 0  9990
2  3605  80.3586 138.0348 0055679 183.0728 243.2490 12.60745390640498
ONEWEB-0446
1 51640U 22012U   26140.45291766 -.00000485  00000-0 -14244-2 0  9992
2 51640  87.8855  41.8045 0001756  82.5344 277.5983 13.10375058205692
TOMORROW-S4
1 62386U 24247K   26140.56432651  .00004777  00000-0  17813-3 0  9997
2 62386  44.9834  84.2342 0004618 246.4551 113.5848 15.28753356 78727
COSMOS 468
1 05705U 71114A   26140.41506758  .00000074  00000-0  34120-4 0  9995
2 05705  74.0173 292.7852 0015246 345.3780  14.6930 14.36729736847228
COSMOS 1011
1 10917U 78053A   26140.64892135  .00000047  00000-0  32597-4 0  9993
2 10917  82.9159  98.7030 0037604  39.4503 133.5733 13.75523937408142
SMAP
1 40376U 15003A   26140.45565897  .00000235  00000-0  54470-4 0  9995
2 40376  98.1282 147.9434 0001191  71.1467 288.9865 14.63411265603561
OPS 5058 (DMSP 5B F2)
1  5903U 72018A   26140.47707113  .00000110  00000-0  65868-4 0  9997
2  5903  99.1227 333.1545 0050617 172.5792 187.6147 14.25492385886262
LEMUR 2 LLOYD
1 60577U 24149DP  26140.45588800  .00006836  00000-0  44074-3 0  9991
2 60577  97.6738 221.5835 0003019 221.9217 138.1781 15.08628834 96212
COSMOS 1856
1 18117U 87051E   26140.57846978  .00000003  00000-0  12379-3 0  9994
2 18117  74.0038 250.6050 0030017 282.1227  88.8639 12.52531918779906
COSMOS 1199
1 11882U 80058H   26140.31027959 -.00000012  00000-0  23374-4 0  9997
2 11882  74.0200 357.6662 0036456 355.2251 121.3268 12.41205939 77976
WARATAH SEED-1
1 60469U 24149B   26140.48118997  .00009551  00000-0  28205-3 0  9995
2 60469  97.3687 221.0460 0001106  26.7050 333.4250 15.35174880 97862
ONEWEB-0582
1 54649U 22166H   26140.57772735  .00000051  00000-0  91360-4 0  9990
2 54649  87.9249 249.4679 0002439  99.0970 261.0440 13.21825134167878
COSMOS 2090
1 20735U 90070A   26140.35672584  .00000014  00000-0  19653-4 0  9999
2 20735  82.5643 290.0819 0015233 125.9458 259.0596 12.65365643652419
COSMOS 2299
1 23441U 94086A   26140.39859381  .00000027  00000-0  92329-4 0  9998
2 23441  82.5676 314.6834 0006295 261.6311  98.4068 12.63798425448199
YAOGAN-36 05C
1 57456U 23106E   26140.53068161  .00003562  00000-0  17245-3 0  9990
2 57456  34.9932 252.8887 0008442 101.5129 258.6532 15.18036925156661
ONEWEB-0444
1 51638U 22012S   26140.22550523 -.00000362  00000-0 -10740-2 0  9994
2 51638  87.8856  41.8329 0002030  77.0670 283.0684 13.10375777205678
YAOGAN-43 02E
1 60949U 24156E   26140.65730002  .00009449  00000-0  39426-3 0  9995
2 60949  34.9971  11.3158 0000421 205.8506 154.2187 15.22914850 95240
ERNST
1 60528U 24149BN  26140.53316698  .00010423  00000-0  27715-3 0  9990
2 60528  97.3806 224.0625 0006687  48.3391 311.8426 15.38404771 98026
SKYMED 4
1 37216U 10060A   26140.49439456  .00000074  00000-0  15824-4 0  9998
2 37216  97.8883 324.4954 0001404  85.9148 274.2225 14.82158545840468
ONEWEB-0154
1 48045U 21025D   26140.51138677  .00000269  00000-0  70303-3 0  9995
2 48045  87.8939 325.7348 0001710  87.6741 272.4584 13.13470292249875
GLOBALSTAR M051
1 25853U 99037C   26140.41637027 -.00000048  00000-0  58565-3 0  9999
2 25853  51.9803 307.3679 0000764 139.3458 220.7409 11.42204608170927
CENTAURI-6
1 59451U 24066K   26140.06839805  .00003341  00000-0  24534-3 0  9996
2 59451  45.6073  41.3383 0001784 288.0246  72.0444 15.05525117115889
SNAP-3 ALICE
1 40970U 15058G   26140.55375561  .00056980  00000-0  84467-3 0  9999
2 40970  64.7513 198.9973 0033351  26.1120 334.1696 15.54251907112589
IRIDIUM 157
1 43251U 18030C   26140.41832644  .00000039  00000-0  68531-5 0  9992
2 43251  86.3933 302.0364 0002184  91.2072 268.9374 14.34217912426154
CYGFM08
1 41888U 16078E   26140.21253738  .00020841  00000-0  26404-3 0  9999
2 41888  34.9441  67.2114 0010280 272.8555  87.0993 15.58426187524602
YAOGAN-30 P
1 44450U 19045B   26140.44467984  .00001332  00000-0  10033-3 0  9994
2 44450  34.9912 138.7017 0008824 196.3144 163.7280 15.02541394372489
COSMOS 2575
1 58929U 24026A   26140.56090047  .00019942  00000-0  13287-3 0  9990
2 58929  96.6206  25.8463 0003827  95.0039 265.1665 15.75404188131287
TIANQI 27
1 59911U 24102C   26140.40971307  .00000067  00000-0  13439-3 0  9994
2 59911  44.9796  25.0406 0006200 117.7135 242.4327 13.99141464101015
LUOJIA-1 01
1 43485U 18048B   26140.52191025  .00001907  00000-0  21800-3 0  9994
2 43485  97.8104 219.1557 0008286 203.0869 156.9976 14.87169838430103
ONEWEB-0340
1 49206U 21083W   26140.51448235  .00000177  00000-0  41522-3 0  9992
2 49206  87.9174 340.9617 0001916  91.6508 268.4844 13.18684968226320
GLOBAL-34
1 68098U 26043A   26140.39049416  .00006958  00000-0  22807-3 0  9995
2 68098  42.0229  21.4226 0002328  85.3415 274.7689 15.32024151 11560
NANOACE
1 42844U 17042V   26140.72107878  .00008073  00000-0  33746-3 0  9993
2 42844  97.3734 315.4545 0005669 110.5006 249.6840 15.23852025483891
ONEWEB-0376
1 49302U 21090Z   26140.89422721 -.00000010  00000-0 -56339-4 0  9991
2 49302  87.9156 310.4056 0001672  87.5471 272.5854 13.19727087222850
COSMOS 1805
1 17191U 86097A   26140.41600890  .00015198  00000-0  26353-3 0  9996
2 17191  82.4592  20.3716 0000822 151.6015 208.5281 15.50736773158230
HAWK-13B
1 67396U 26004AK  26140.46136136  .00002939  00000-0  14411-3 0  9993
2 67396  97.4523 139.9235 0008625  76.2538 283.9656 15.18881695 19558
NOAA 21
1 54234U 22150A   26140.47502274  .00000020  00000-0  29984-4 0  9990
2 54234  98.7052  79.7311 0000538 296.4939  63.6182 14.19559760182618
GLOBALSTAR M083
1 37739U 11033A   26140.60437133 -.00000116  00000-0 -67302-4 0  9999
2 37739  51.9854  96.5191 0000448  11.0497 160.4922 12.62262556689466
ONEWEB-0277
1 48995U 21060AE  26140.53643569 -.00001114  00000-0 -29470-2 0  9991
2 48995  87.9096 234.2749 0001959  97.5179 262.6175 13.16600794235926
SJ-11-05
1 39202U 13035A   26140.52878904  .00000002  00000-0  95942-5 0  9990
2 39202  98.2854 325.1490 0009218 328.7893  31.2762 14.64855164685181
KUIPER-00041
1 64502U 25134C   26140.13091487 -.00000220  00000-0  16561-6 0  9998
2 64502  51.8999 289.6656 0000760 106.8902 253.2144 14.79931030 50475
ION SCV-018
1 64575U 25135AZ  26140.30401673  .00000179  00000-0  21895-4 0  9996
2 64575  97.7747 255.6388 0013250  31.3786 328.8222 14.94593318 49766
GLOBALSTAR M089
1 37744U 11033F   26140.53003793 -.00000079  00000-0  14088-3 0  9997
2 37744  51.9927 234.0150 0000646 107.2215 265.9173 12.62266435687291
METEOR 2-3
1 10514U 77117A   26140.62284873  .00000212  00000-0  11049-3 0  9990
2 10514  81.2049 273.2081 0024340  54.4696 305.8740 14.11234220490939
COSMOS 982
1 10589U 78005G   26140.59936557  .00000002  00000-0  12405-3 0  9992
2 10589  74.0307 263.1879 0033324 303.2607  68.9228 12.44137559196178
LEMUR 2 MYNAMEISJEFF
1 62712U 25009DH  26140.54003698  .00005196  00000-0  38774-3 0  9995
2 62712  97.7285 223.6373 0000758 246.8218 113.2927 15.03288148 73471
KUIPER-00116
1 65153U 25171X   26140.47923840  .00001884  00000-0  27604-3 0  9999
2 65153  51.9006 215.6772 0000478 102.2953 257.8063 14.79927472 43307
CLOUDSAT
1 29107U 06016A   26140.48129898  .00000609  00000-0  76034-4 0  9993
2 29107  98.3947 176.2348 0006482  68.6735 291.5170 14.86330105 70392
KINEIS-2A
1 62932U 25028E   26140.11446547  .00000771  00000-0  12744-3 0  9990
2 62932  98.1364 195.4401 0003789 263.9136  96.1640 14.73187569 68478
ONEWEB-0230
1 48769U 21045C   26140.63197464 -.00000236  00000-0 -66198-3 0  9995
2 48769  87.8983 264.6957 0002064  99.8948 260.2415 13.15549465241041
CARTOSAT 2A
1 32783U 08021A   26140.51511319  .00001058  00000-0  14921-3 0  9997
2 32783  97.7647 190.1661 0011264 194.3275 165.7619 14.79196838974713
JB-3 C
1 28470U 04044A   26140.39954500  .00002053  00000-0  99710-4 0  9991
2 28470  97.2738 295.0169 0032245 320.1842  39.7027 15.19116145183562
METEOR M2-3
1 57166U 23091A   26140.55562749 -.00000013  00000-0  13331-4 0  9996
2 57166  98.6097 196.0965 0002883 242.0522 118.0365 14.24044155150583
ONEWEB-0679
1 56715U 23068F   26140.50477692  .00000036  00000-0  59371-4 0  9994
2 56715  87.9117 234.2654 0002525 109.0277 251.1128 13.16596376148083
GLOBALSTAR M092
1 38043U 11080D   26140.34540924 -.00000110  00000-0 -32529-4 0  9991
2 38043  52.0063 149.6442 0000151  69.2102 303.6672 12.62266923664533
YUNHAI 2-1B
1 43910U 18112B   26140.50105662 -.00000220  00000-0 -22936-4 0  9990
2 43910  50.0106 225.3742 0004899 131.6777 228.4558 14.29000799386280
ONEWEB-0425
1 51628U 22012G   26140.46622106  .00000148  00000-0  38803-3 0  9997
2 51628  87.8856  41.7845 0002173  84.7567 275.3808 13.10375587205690
YAM-3
1 48915U 21059AN  26140.79248115  .00008593  00000-0  16689-3 0  9992
2 48915  97.6995 325.9722 0006661  95.5409 264.6600 15.47885849272751
FENGYUN 3A
1 32958U 08026A   26140.55866636  .00000038  00000-0  38679-4 0  9999
2 32958  98.6875  81.9107 0008176 201.0085 159.0757 14.19564605931486
QIANFAN-52
1 62253U 24232S   26140.52111479  .00000121  00000-0  16849-3 0  9999
2 62253  89.0099  25.1440 0017305  91.8926 268.4207 13.51005804 89386
HULIANWANG DIGUI-47
1 65050U 25162H   26140.51676846 -.00000080  00000-0  94056-4 0  9995
2 65050  50.0045   4.7534 0000558  22.6104 337.4792 13.29322708 39686
KUIPER-00099
1 65138U 25171G   26140.43333902  .00001633  00000-0  24323-3 0  9999
2 65138  51.9022 195.8385 0000500  65.8152 294.2863 14.79927826 43584
KUIPER-00410
1 68926U 26098H   26140.51862941 -.00034436  00000-0 -11047-2 0  9992
2 68926  51.8733 201.3110 0013846  47.0557 313.1586 15.31513799  3091
COSMOS 1432
1 13764U 83002D   26140.05891294 -.00000005  00000-0  72646-4 0  9990
2 13764  74.0265  12.2317 0002675 132.9221  19.5521 12.49887947977334
COSMOS 2211
1 22182U 92068A   26140.27706032  .00000013  00000-0  11666-4 0  9998
2 22182  82.5955 339.3130 0007120 208.1557 325.9383 12.64065319549212
LEMUR-2 MARIO-SOUSA
1 67365U 26004C   26140.21827635  .00002968  00000-0  32710-3 0  9997
2 67365  97.7995 139.2100 0006967 224.4290 135.6369 14.88262364 19133
COSMOS 564
1  6675U 73037A   26140.47836007  .00000004  00000-0  12498-3 0  9993
2  6675  74.0213  34.4894 0055525 232.3664 301.5311 12.56610020428790
MR-2
1 67556U 26015A   26140.61225516  .00000068  00000-0  84950-4 0  9998
2 67556  88.9980 271.3321 0004503 136.0820 224.0691 13.52691865 15987
ION SCV-016
1 62628U 25009V   26140.36576873  .00019113  00000-0  41057-3 0  9993
2 62628  97.4302 181.5390 0593692 193.6496 164.8028 14.49596690 71516
OPS 4311 (DMSP 5B F1)
1  5557U 71087A   26140.54079471  .00000098  00000-0  57397-4 0  9997
2  5557  99.0181 242.0228 0050075 350.2916   9.7291 14.28505442836498
COSMOS 2119
1 21033U 90114F   26140.39840356  .00000013  00000-0  13514-4 0  9997
2 21033  82.5740 191.7873 0014839  41.9767 329.0265 12.66373095636512
COSMOS 684
1 07442U 74072H   26140.63579833 -.00000019  00000-0 -16526-4 0  9990
2 07442  74.0335 100.1837 0033117 223.9480 310.2029 12.55722273368284
ONEWEB-0346
1 49212U 21083AC  26140.29864622 -.00000008  00000-0 -53954-4 0  9994
2 49212  87.9164 341.0097 0002442  96.0753 264.0658 13.18685029226308
YAOGAN-36 03C
1 54376U 22160E   26140.48537563  .00005027  00000-0  21006-3 0  9996
2 54376  35.0079 153.7438 0005813 143.3082 216.8032 15.22994683193824
YAOGAN-39 02A
1 57886U 23145A   26140.34114235  .00007058  00000-0  29319-3 0  9992
2 57886  35.0036  15.5829 0001960  37.9071 322.1782 15.23120386148926
GJZ 02
1 62291U 24238B   26140.57170365 -.00000050  00000-0  71838-4 0  9993
2 62291  59.9183 334.3519 0007363  91.9174 268.2678 13.75200900 72482
ONEWEB-0166
1 48065U 21025Z   26140.26593744  .00000288  00000-0  75242-3 0  9997
2 48065  87.8950 325.7626 0001827  97.1934 262.9403 13.13470506249982
CARTOSAT 2D
1 41948U 17008A   26140.49618573  .00006007  00000-0  28798-3 0  9998
2 41948  97.4119 200.3152 0004083 353.0019   7.1158 15.19265999513375
FLOCK 4BE 13
1 60512U 24149AW  26140.17753455  .00010224  00000-0  24943-3 0  9998
2 60512  97.3720 224.3157 0004090  32.0764 328.0730 15.41059384 98058
ONEWEB-0706
1 61611U 24188T   26140.41807085  .00000365  00000-0  10102-2 0  9994
2 61611  87.8851  41.7922 0001353  93.4994 266.6288 13.10370343 79749
ONEWEB-0358
1 49284U 21090F   26140.68025166  .00000137  00000-0  30431-3 0  9991
2 49284  87.9173 279.9230 0002032 102.5262 257.6099 13.20775105226921
COSMOS 2300
1 23442U 94086B   26140.95879339  .00000017  00000-0  35801-4 0  9997
2 23442  82.5616 321.1854 0001521 319.7978 207.6305 12.62806295447157
NUSAT-50 (NANCY ROMAN)
1 60493U 24149AB  26140.49614129  .00006569  00000-0  23362-3 0  9996
2 60493  97.3785 221.9561 0001816 310.0396  50.0685 15.29320757 97895
AUREOLE 3
1 12848U 81094A   26140.46786573  .00002764  00000-0  12677-3 0  9999
2 12848  82.4647 313.3739 0460373 285.7494  69.3399 14.58393137256216
HULIANWANG DIGUI-122
1 67062U 25295D   26140.23992021 -.00000114  00000-0  21737-4 0  9996
2 67062  50.0015 125.7961 0000800 333.6484  26.4347 13.29328397 21785
ONEWEB-0331
1 49198U 21083N   26140.30034128 -.00000940  00000-0 -24180-2 0  9991
2 49198  87.9172 340.9988 0002059  94.7385 265.3983 13.18676171226333
GLOBALSTAR M096
1 39075U 13005D   26140.35582734 -.00000092  00000-0  68051-4 0  9999
2 39075  52.0078 284.3166 0000594 124.7847 235.3075 12.62264771613877
CONNECTA IOT-2
1 60522U 24149BG  26140.46921856  .00003008  00000-0  12814-3 0  9999
2 60522  97.3840 219.0401 0007950  69.6400 290.5691 15.23708504 97677
COSMOS 1395
1 13382U 82073H   26140.34611399 -.00000005  00000-0  74168-4 0  9992
2 13382  74.0145 277.7652 0027167 300.5086  85.1479 12.42865764988656
YAOGAN-30 J
1 43083U 17085C   26140.49157933  .00001699  00000-0  12756-3 0  9992
2 43083  34.9961 319.3483 0005324 259.3814 100.6295 15.02502202458581
SPACEMOBILE-003
1 61045U 24163A   26140.28687306 -.00048830  00000-0 -21914-2 0  9999
2 61045  52.9676  77.7378 0006258  43.0480 317.1003 15.20712792 93522
COSMOS 620
1  6988U 73104D   26140.42308963 -.00000026  00000-0 -67655-4 0  9997
2  6988  74.0262 133.6843 0022399 330.2764 181.8890 12.47311126386697
ONEWEB-0351
1 49215U 21083AF  26140.30388053 -.00000004  00000-0 -41488-4 0  9993
2 49215  87.9173 279.9990 0000995 100.9352 259.1893 13.20772177233097
COSMOS 1390
1 13377U 82073C   26140.51618303  .00000005  00000-0  13042-3 0  9999
2 13377  74.0151 221.3825 0030394  37.0074 336.1187 12.53378040  5405
MSU ALTAIR
1 61779U 24199AW  26140.50320439  .00008629  00000-0  24406-3 0  9998
2 61779  97.3058  10.0432 0014236  51.6358 308.6163 15.36460265132863
FLOCK 4BE 26
1 60484U 24149S   26140.48213822  .00077286  00000-0  89602-3 0  9993
2 60484  97.3669 225.2637 0002780 239.2552 120.8432 15.61550799 98135
RISAT-2BR2
1 46905U 20081A   26140.15301237  .00001928  00000-0  15225-3 0  9998
2 46905  36.9000  30.7373 0012649 290.6416  69.2968 15.01435370303259
KSLV-II DUMMY
1 52895U 22065B   26140.39379791  .00000007  00000-0  11392-4 0  9992
2 52895  98.2307 280.5114 0009411 118.8883 241.3261 14.58686897208307
AUREOLE 1
1  5729U 71119A   26140.47103154  .00004721  00000-0  31686-3 0  9991
2  5729  73.9471 136.5343 0706946 344.1143  13.8783 13.99445584637832
AEROCUBE 8C
1 41853U 16067F   26140.54622876  .00005140  00000-0  21418-3 0  9993
2 41853  98.0584   5.8826 0006143 143.7196 216.4457 15.24204547521855
ONEWEB-0546
1 56048U 23043C   26140.51270264  .00000094  00000-0  21311-3 0  9999
2 56048  87.9107 234.2676 0002452 115.4181 244.7204 13.16596413155329
ORBCOMM FM 20
1 25416U 98046D   26140.91911014  .00000385  00000-0  17271-3 0  9991
2 25416  44.9954  20.7925 0000205  40.3501 319.7363 14.38020616452868
COSMOS 249
1 03504U 68091A   26140.25464145 -.00000021  00000-0  29093-4 0  9991
2 03504  62.3454 340.5895 1006766  15.7472 347.2539 12.97152504716861
LEAP-1
1 65321U 25188G   26140.48247624  .00001624  00000-0  16822-3 0  9996
2 65321  97.7368 215.3977 0001786 321.5319  38.5772 14.91388684 39724
COSMOS 336
1  4383U 70036A   26140.47642521 -.00000001  00000-0  10247-3 0  9997
2  4383  74.0315  30.8095 0014705 179.3303 353.8695 12.47662961553431
TELEOS 2
1 56310U 23057C   26140.36246404  .00004552  00000-0  33202-3 0  9993
2 56310   9.9888  46.7712 0000835 263.8756  96.1362 14.96365126168622
ONEWEB-0385
1 49311U 21090AJ  26140.63901738  .00000488  00000-0  11673-2 0  9990
2 49311  87.9168 279.9332 0002041  98.6333 261.5032 13.20766407226165
TIANMU-1 07
1 57399U 23101A   26140.49390240  .00004217  00000-0  15031-3 0  9991
2 57399  97.2605 191.8030 0001751 186.7835 173.3382 15.29447410157410
COSMOS 2251
1 22675U 93036A   26140.40147627  .00000048  00000-0  26603-4 0  9990
2 22675  74.0408  25.9832 0023794  71.3959 288.9773 14.33250014720461
IRIDIUM 160
1 43569U 18061A   26140.50178753  .00000129  00000-0  39052-4 0  9997
2 43569  86.3968  68.3701 0002316  87.2195 272.9266 14.34217308409402
AEROCUBE 7
1 40966U 15058C   26140.55147138  .00002894  00000-0  24003-3 0  9996
2 40966  64.7629 331.3624 0119731  72.7971 288.6208 14.95491659361825
HULIANWANG DIGUI-157
1 68131U 26047C   26140.47142550 -.00000105  00000-0  40647-4 0  9991
2 68131  49.9979 155.6294 0000164 338.0549  22.0316 13.29329478  9385
GEESAT 2-11
1 58915U 24023L   26140.54137953  .00001053  00000-0  15525-3 0  9999
2 58915  49.9988 122.0055 0019573   5.5999 354.5154 14.83127224124811
ONEWEB-0316
1 49102U 21075AD  26140.53976516 -.00000065  00000-0 -19726-3 0  9997
2 49102  87.9162 340.9602 0001903  89.6539 270.4811 13.18684751233564
COSMOS 2468
1 37154U 10043C   26140.59416274  .00000029  00000-0  13407-3 0  9998
2 37154  82.4600  79.5144 0015276  13.0828 160.5788 12.43746538712441
YAOGAN-32 A
1 43642U 18077A   26140.49546889  .00000469  00000-0  10036-3 0  9990
2 43642  98.1485 169.3719 0001147  93.0374 267.0959 14.63133475405791
HAWK-B
1 43794U 18099AN  26140.37452956  .00004450  00000-0  19246-3 0  9996
2 43794  97.3978 192.4506 0033261  43.8962 316.4908 15.22465716408806
SPARTAN
1 48964U 21059CP  26140.48552057  .00050027  00000-0  33002-3 0  9992
2 48964  97.6796 338.0210 0002034  87.3105 272.8392 15.75489064273562
S-NET D
1 43186U 18014G   26140.61752099  .00003704  00000-0  19409-3 0  9998
2 43186  97.5380  45.5834 0009986 109.7897 250.4414 15.16378051454581
METEOR 2-18
1 19851U 89018A   26140.40555259  .00000067  00000-0  44970-4 0  9999
2 19851  82.5218 191.1010 0011821 202.3959 168.1325 13.86028140881970
COSMOS 1828
1 17583U 87026B   26140.36539013  .00000013  00000-0  11328-4 0  9993
2 17583  82.5673 183.8842 0020038 132.7707 239.0393 12.66268834811028
IRIDIUM 166
1 43570U 18061B   26140.31785227  .00000007  00000-0 -47057-5 0  9999
2 43570  86.3964  68.3982 0002084  81.1288 279.0144 14.34216852409405
COROT
1 29678U 06063A   26140.41895572  .00000481  00000-0  96345-4 0  9995
2 29678  90.1043  36.8160 0184092 218.0624 140.7461 14.50337591 10958
COSMOS 2042
1 20236U 89074E   26140.34347628  .00000034  00000-0  12978-3 0  9998
2 20236  82.5833 236.1620 0005216 182.8173 238.0361 12.64230933808156
ONEWEB-0656
1 55817U 23029X   26140.32592012 -.00000002  00000-0 -36500-4 0  9991
2 55817  87.9173 279.9848 0002261 103.9552 256.1833 13.20770365157472
COSMOS 2167
1 21781U 91077C   26140.61510014  .00000035  00000-0  13258-3 0  9994
2 21781  82.6047 258.3051 0007858 139.5604 231.7198 12.64291623592461
KUIPER-00027
1 63740U 25088S   26140.30958711  .00000467  00000-0  90306-4 0  9999
2 63740  51.9007 138.8891 0000509  64.4689 295.6326 14.79929358 58220
COSMOS 2041
1 20235U 89074D   26140.50854372  .00000029  00000-0  10131-3 0  9997
2 20235  82.5850 227.3725 0009250 153.4326 217.9264 12.64845843693015
COSMOS 2386
1 27057U 01058C   26140.49312383  .00000035  00000-0  13693-3 0  9994
2 27057  82.5454 231.8898 0001541 112.9672 247.1582 12.61616151123015
TRACERS 1
1 64870U 25154B   26140.43573534  .00000764  00000-0  78102-4 0  9998
2 64870  97.6705 204.7564 0005289   6.7995 353.3296 14.93381135 44859
MUSAT3
1 64573U 25135AX  26140.56020696  .00000523  00000-0  47784-4 0  9992
2 64573  97.7090 254.9981 0003005  46.9842 313.1632 14.99175418 49784
KUIPER-00075
1 64822U 25151G   26140.55289689  .00032641  00000-0  71409-3 0  9991
2 64822  51.8680 231.4518 0002998 182.8532 177.2441 15.43843679 47493
DMSP 5D-2 F11 (USA 73)
1 21798U 91082A   26140.46392216  .00000033  00000-0  37788-4 0  9996
2 21798  98.6922 169.3262 0012260 356.5829   3.5260 14.17442765781208
BALKAN-2
1 69024U 26100AW  26140.51839447  .00003759  00000-0  17878-3 0  9992
2 69024  97.4091  38.8374 0005079  94.1617 266.0199 15.19779556  2601
IRIDIUM 156
1 43576U 18061H   26140.55887160  .00000073  00000-0  19043-4 0  9995
2 43576  86.3965  68.2792 0002350  80.3884 279.7578 14.34217881409411
PUNCH-WFI01
1 63179U 25047B   26140.43303736  .00000296  00000-0  52301-4 0  9998
2 63179  97.9585 326.2579 0007589 266.5400  93.4941 14.74314494 63973
GONETS M 19
1 46488U 20068C   26140.53811678  .00000141  00000-0  94467-3 0  9997
2 46488  82.4980   4.2794 0014346 105.0034 255.2635 12.42891783255814
SAUDISAT 1B
1 26549U 00057E   26140.26900514  .00000777  00000-0  93067-4 0  9998
2 26549  64.5482  82.7847 0041629 313.3825  46.3820 14.91091106387441
ERS 1
1 21574U 91050A   26140.29216924  .00000134  00000-0  57695-4 0  9996
2 21574  98.7813 160.3073 0031656 352.1170   7.9515 14.39497710826038
ONEWEB-0293
1 49082U 21075H   26140.39595068 -.00000047  00000-0 -15346-3 0  9991
2 49082  87.9155  11.3918 0001693  85.5928 274.5397 13.17649695229976
ONEWEB-0042
1 45441U 20020T   26140.19820650  .00000355  00000-0  96511-3 0  9994
2 45441  87.8920  26.6249 0001928  80.9797 279.1549 13.11418105298992
ONEWEB-0255
1 48973U 21060G   26140.53327777  .00000086  00000-0  19135-3 0  9990
2 48973  87.9106 234.2702 0001822  97.8915 262.2423 13.16593777236029
KUIPER-00304
1 68599U 26072AC  26140.47562529  .00022349  00000-0  61217-3 0  9997
2 68599  51.8667 311.1651 0009908 283.3175  76.6707 15.37189728  7118
LEMUR-2 KUTAR
1 67394U 26004AH  26140.30215523  .00002779  00000-0  13526-3 0  9990
2 67394  97.4493 139.7699 0010620  76.9831 283.2588 15.19172360 19533
JD 3
1 14795U 84012F   26140.75353979  .00003592  00000-0  32102-3 0  9992
2 14795  63.3032  38.2844 0723264 126.2277 240.7874 13.89482423350852
COSMOS 1563
1 15002U 84052E   26140.35160542 -.00000006  00000-0  66550-4 0  9999
2 15002  74.0115 281.4928 0024155  72.5255 312.8497 12.51839906650723
COSMOS 2504
1 40555U 15020D   26140.55350123 -.00000006  00000-0 -76586-5 0  9999
2 40555  82.5175 252.6524 0607727 349.5543   9.3422 13.61374095546438
COSMOS 1636
1 15618U 85023B   26140.55731661  .00000002  00000-0  12174-3 0  9996
2 15618  74.0553 215.7234 0012162 101.1213 323.4518 12.45357454871431
COSMOS 663
1  7349U 74048A   26140.40483270  .00000066  00000-0  52129-4 0  9992
2  7349  82.9517 195.2590 0024183 331.5411  39.4000 13.75856686604397
NETSAT-2
1 46507U 20068X   26140.45112712  .00016356  00000-0  35203-3 0  9991
2 46507  97.8630 146.2852 0006270  93.6040 266.5924 15.44700262311451
COSMOS 1818
1 17369U 87011A   26140.45517910 -.00000066  00000-0  12863-4 0  9995
2 17369  65.0112 325.0660 0016693 286.1580  73.7667 14.31869542104824
YUNYAO-1 46
1 63347U 25059D   26140.48043917  .00001573  00000-0  98542-4 0  9991
2 63347  97.6116 322.0290 0010664 237.0872 122.9332 15.10812728 64118
USA 3
1 15071U 84065C   26140.59731370  .00003455  00000-0  19318-3 0  9997
2 15071  95.8854  15.9886 0006164  75.4382 284.7537 15.13899760110948
ONEWEB-0234
1 48783U 21045S   26140.62867962  .00000142  00000-0  34357-3 0  9993
2 48783  87.8992 264.6687 0001846 126.2775 233.8526 13.15546774240854
HULIANWANG DIGUI-20
1 63687U 25086A   26140.52517713  .00000054  00000-0  92585-4 0  9997
2 63687  86.5033 322.4557 0001536  78.6824 281.4483 13.24408784 51215
HULIANWANG DIGUI-150
1 67526U 26013E   26140.60160231 -.00000107  00000-0  37327-4 0  9995
2 67526  50.0038  94.4196 0000896   8.9715 351.1173 13.29327139 16402
HAIYANG 1B
1 31113U 07010A   26140.38643373  .00000041  00000-0  31645-4 0  9995
2 31113  98.3487 123.3121 0012252 285.7308  74.2524 14.31019278996653
ONEWEB-0629
1 55170U 23004AG  26140.39680456 -.00000010  00000-0 -58864-4 0  9999
2 55170  87.9154  11.3971 0002281  81.8696 278.2695 13.17649683163925
COSMOS 2118
1 21032U 90114E   26140.41383201  .00000016  00000-0  26421-4 0  9994
2 21032  82.5677 196.5590 0012337  98.1911 262.0581 12.65556167635423
IRIDIUM 26
1 24903U 97043A   26140.48847582  .00000216  00000-0  65687-4 0  9995
2 24903  86.3941 328.8569 0002345  86.1704 273.9762 14.37465397505197
CHUANG XIN 16B (CX-16B)
1 53876U 22102B   26140.36114170  .00028030  00000-0  60817-3 0  9990
2 53876  28.9925  24.7186 0002515 352.3675   7.6896 15.43009067202407
ORBCOMM FM 37
1 33064U 08031E   26140.47369169  .00000480  00000-0  88408-4 0  9990
2 33064  48.4383 178.2734 0004792  17.6499 124.9814 14.81231527964022
ONEWEB-0183
1 48219U 21031K   26140.18032652  .00000207  00000-0  52271-3 0  9990
2 48219  87.8938 295.2917 0001969 100.4392 259.6959 13.14501576244646
STARLING 3
1 57389U 23100D   26140.96437953  .00003987  00000-0  23759-3 0  9993
2 57389  99.5071 155.1307 0005243 185.1638 174.9533 15.12011601155958
RCM 2
1 44324U 19033C   26140.76039809 -.00000076  00000-0 -19375-5 0  9993
2 44324  97.7611 148.6366 0001429  90.7941 269.3442 14.92587816377996
HJ-1B
1 33321U 08041B   26140.54453816  .00001029  00000-0  13087-3 0  9998
2 33321  97.6514 130.7102 0034663 274.7593  84.9664 14.83266206954316
KUIPER-00019
1 63734U 25088L   26140.73599602  .00001291  00000-0  19842-3 0  9990
2 63734  51.8997 140.7688 0000733 160.0774 200.0217 14.79914862 58170
ORBCOMM FM 8
1 25112U 97084A   26140.49204732  .00000532  00000-0  18385-3 0  9991
2 25112  45.0124 186.8256 0006327 188.2757 171.7992 14.47184656490219
COSMOS 2216
1 22187U 92068F   26140.84657818  .00000016  00000-0  28893-4 0  9996
2 22187  82.5978   1.2517 0004955 189.9181 170.1814 12.62584908547448
COSMOS 1660
1 15821U 85047A   26140.31431659  .00000004  00000-0  15324-3 0  9998
2 15821  73.6250 222.6695 0026650 108.0964 308.6627 12.40797454854025
HULIANWANG DIGUI-15
1 62975U 25030E   26140.55251744 -.00000095  00000-0  63003-4 0  9996
2 62975  50.0040 334.8657 0001162  81.5069 278.5935 13.29326477 62185
COSMOS 737
1 07826U 75045F   26140.34826421 -.00000011  00000-0  35148-4 0  9995
2 07826  74.0193   1.8350 0036950  97.4099  74.3898 12.41744633310881
PAUSAT-1
1 62653U 25009AW  26140.52594457  .00002518  00000-0  10900-3 0  9991
2 62653  97.3955 220.5718 0003077  79.0698 281.0885 15.23338947 74573
ORBCOMM FM 24
1 25478U 98053D   26140.18383660  .00000468  00000-0  19583-3 0  9996
2 25478  45.0065 109.9600 0000311 340.0560  20.0276 14.39073807445974
GHOST-4
1 59133U 24043AM  26140.35626589  .00009866  00000-0  22906-3 0  9992
2 59133  97.5580 284.2705 0006987 320.3484  39.7251 15.42562871123249
ONEWEB-0704
1 61609U 24188R   26140.27531203 -.00000093  00000-0 -30326-3 0  9992
2 61609  87.8871  41.8076 0000920 106.1888 253.9341 13.10369589 79639
RAVAN
1 41849U 16067B   26140.40646236  .00035621  00000-0  59387-3 0  9992
2 41849  97.9925  26.8286 0007155 100.3316 259.8742 15.51887222523382
COSMOS 2506
1 40699U 15029A   26140.51298506  .00000305  00000-0  81959-4 0  9998
2 40699  98.0477 182.3830 0005974 235.7056 124.3576 14.54376205578862
COSMOS 2200
1 22037U 92042D   26140.58158381  .00000042  00000-0  17499-3 0  9992
2 22037  82.5879 253.1732 0008058  20.2199 351.8293 12.63326595560725
YAOGAN-31 K
1 47854U 21020A   26140.51067323 -.00000172  00000-0 -12558-3 0  9999
2 47854  63.4066 329.1156 0172614   0.4258 359.6885 13.45446712254745
CONNECTA IOT-1
1 60472U 24149E   26140.64002975  .00002713  00000-0  11731-3 0  9994
2 60472  97.3761 217.4009 0002774  52.7241 307.4248 15.23301161 97601
ORBCOMM FM 26
1 25480U 98053F   26140.62138123  .00000412  00000-0  18173-3 0  9993
2 25480  45.0056 105.3017 0004260 168.8251 191.2693 14.37938052446200
TIMATION 2
1  4257U 69082C   26140.47855681  .00000015  00000-0  49053-4 0  9991
2  4257  70.0126 150.7832 0019769 166.1446 268.7624 13.96377827882783
COSMOS 2145
1 21301U 91033C   26140.22411573  .00000019  00000-0  45020-4 0  9996
2 21301  82.5658 325.1603 0008968 148.3502 211.8130 12.63216227613971
TIRSAT
1 58989U 24032C   26140.44949300  .00000746  00000-0  12568-3 0  9998
2 58989  97.9979 199.2279 0003869 222.7873 137.3034 14.72385246121004
SUPERVIEW NEO-2 01
1 53128U 22082A   26140.46968242  .00000435  00000-0  20544-4 0  9998
2 53128  97.3928 150.7875 0001715  89.1551 270.9883 15.24497520213984
YUNHAI 1-04
1 58073U 23159A   26140.49635735  .00000234  00000-0  10183-3 0  9993
2 58073  98.4989 166.7689 0000262  70.4098 289.7114 14.32710006135839
NANOFF A
1 58810U 23185T   26140.46402315  .00002852  00000-0  16930-3 0  9998
2 58810  97.5268 208.3031 0011200  50.9726 309.2500 15.12080008128859
ORBCOMM FM 6
1 25118U 97084G   26140.38911125  .00000611  00000-0  20397-3 0  9990
2 25118  45.0126 186.5264 0002123 241.9010 132.9773 14.47486411490368
GONETS M 15 (M25)
1 44906U 19096B   26140.54719177  .00000075  00000-0  46722-3 0  9998
2 44906  82.5235 102.2328 0013990 234.6458 125.3315 12.42870316290210
COSMOS 2038
1 20232U 89074A   26140.48752163  .00000026  00000-0  83929-4 0  9999
2 20232  82.5754 207.1864 0012585 121.7570 252.2762 12.65425886667961
SARA
1 21578U 91050E   26140.41055853  .00000495  00000-0  11481-3 0  9998
2 21578  98.0967 189.6531 0001305 224.4704 146.9316 14.59086055842264
COSMOS 1135
1 11543U 79084F   26140.34167270 -.00000026  00000-0 -70105-4 0  9992
2 11543  74.0216 125.4754 0019988 276.8563 198.3534 12.47103643123714
ICEYE-X75
1 68497U 26067CK  26140.33809614  .00001336  00000-0  13717-3 0  9997
2 68497  97.7578  99.0382 0002898  64.0812 296.0705 14.92044188  7577
ONEWEB-0286
1 49076U 21075B   26140.52071668  .00000275  00000-0  73019-3 0  9996
2 49076  87.8953 356.1830 0001968  89.5265 270.6089 13.12444248230935
FORMOSAT 3D
1 29050U 06011D   26140.36198030  .00000751  00000-0  14169-3 0  9994
2 29050  72.0142  12.5952 0043859 334.4981  25.4011 14.66890519 72291
ONEWEB-0280
1 48998U 21060AH  26140.32191106  .00000029  00000-0  42865-4 0  9993
2 48998  87.9110 234.3091 0001688 106.3513 253.7804 13.16595139235899
COSMOS 1039
1 11048U 78091F   26140.53824288 -.00000021  00000-0 -45672-4 0  9995
2 11048  74.0332 166.5362 0046879 246.0701 187.4760 12.38029023674110
GLOBALSTAR M085
1 37742U 11033D   26140.62242817 -.00000084  00000-0  11297-3 0  9992
2 37742  52.0128 277.1006 0000594 133.6549 239.4420 12.62263258686310
HULIANWANG DIGUI-34
1 64287U 25121E   26140.48719913  .00000055  00000-0  95095-4 0  9995
2 64287  86.5010  22.8727 0001626  97.5102 262.6217 13.24407884 46496
QIANFAN-109
1 68636U 26075A   26140.49872795  .00000026  00000-0  13857-4 0  9999
2 68636  88.9877 323.8761 0011407  79.7402 280.5049 13.74795439  6040
CALIPSO
1 29108U 06016B   26140.51266667  .00000514  00000-0  95990-4 0  9991
2 29108  98.4480 155.2336 0001530  75.0484 285.0890 14.69289270 68999
CHUANG XIN 1 (CZ-1)
1 28058U 03049B   26140.47639367  .00000124  00000-0  45042-4 0  9993
2 28058  98.5106  39.3406 0011240 267.2906  92.7001 14.48569471192267
ONEWEB-0682
1 56718U 23068J   26140.57494334  .00000169  00000-0  41434-3 0  9993
2 56718  87.8995 264.6955 0002177 113.5784 246.5575 13.15546881145824
LEMUR-2-MYRA
1 66787U 25276EC  26140.44382696  .00003222  00000-0  26421-3 0  9998
2 66787  97.5252 212.2397 0013152 234.4560 125.5438 14.99870657 26055
KUIPER-00053
1 64513U 25134P   26140.65066309  .00001541  00000-0  22227-3 0  9991
2 64513  51.9008 264.4291 0002037 107.2651 252.8535 14.81651692 50879
KUIPER-00364
1 68867U 26095D   26140.38947424  .00029248  00000-0  77578-3 0  9993
2 68867  51.8829  16.7309 0003688 174.6552 185.4476 15.38069808  3456
PRC TEST SPACECRAFT 4
1 67689U 26024A   26140.57050985 -.00000079  00000-0  16282-4 0  9992
2 67689  49.9872  45.3062 0005655 289.6088  70.4243 14.91697448 15312
ONEWEB-0646
1 55810U 23029Q   26140.23243088  .00000006  00000-0 -18014-4 0  9993
2 55810  87.9145 310.5499 0001524  89.3905 270.7402 13.19726013155200
KUIPER-00183
1 67138U 25301F   26140.61717392  .00002723  00000-0  28603-3 0  9991
2 67138  51.8948  97.3310 0008897 310.7792  49.2403 14.92548970 24698
CO3D3
1 64900U 25156B   26140.47623191  .00002766  00000-0  13081-3 0  9991
2 64900  97.4326 219.5676 0000368 151.5057 208.6198 15.20212107 45328
ONEWEB-0395
1 50475U 21132G   26140.39500829 -.00000421  00000-0 -12229-2 0  9996
2 50475  87.8907  26.5973 0001766  88.7545 271.3785 13.11413702212079
LEMUR 2 DELOITTE-1
1 63259U 25052BB  26140.45455128  .00003239  00000-0  28373-3 0  9999
2 63259  97.6951  33.6337 0002090 123.4621 236.6801 14.97379484 64540
RSW-02
1 49114U 21076C   26140.54654414  .00000177  00000-0  28335-3 0  9990
2 49114  86.4100 167.6690 0020461 134.9262 225.3547 13.42858187232175
GAOFEN 9 02
1 45625U 20034B   26140.51137741  .00004526  00000-0  18063-3 0  9991
2 45625  97.5730 297.4992 0013213 159.9384 200.2376 15.25618795331945
KUIPER-00388
1 68922U 26098D   26140.47333841  .00005254  00000-0  18683-3 0  9993
2 68922  51.8731 201.7489 0021197  48.2879 311.9913 15.30481304  3080
ONEWEB-0080
1 45426U 20020C   26140.41209839 -.00000336  00000-0 -98254-3 0  9999
2 45426  87.8929  26.5902 0001588  74.6817 285.4486 13.11419366299063
HULIANWANG DIGUI-127
1 67067U 25295J   26140.42373063 -.00000120  00000-0  80647-5 0  9994
2 67067  49.9987 124.7288 0000826 334.9377  25.1455 13.29327062 21817
POLAR BEAR
1 17070U 86088A   26140.36057398  .00000064  00000-0  54921-4 0  9994
2 17070  89.6201 177.4935 0039357   5.4170   6.0918 13.75283246981590
ONEWEB-0241
1 48773U 21045G   26140.57652392  .00000203  00000-0  50502-3 0  9993
2 48773  87.8985 264.7096 0001456  98.3182 261.8114 13.15546958240700
IRIDE-MS2-HEO-6
1 64576U 25135BA  26140.47213208  .00001248  00000-0  12904-3 0  9998
2 64576  97.7692 255.0623 0002419  79.5443 280.6048 14.91861334 49754
FLOCK 4G 24
1 62637U 25009AE  26140.53504132  .00006745  00000-0  23991-3 0  9995
2 62637  97.4023 222.9303 0003694  55.5993 304.5596 15.29305322 74702
HULIANWANG DIGUI-56
1 65113U 25168H   26140.52014778 -.00000090  00000-0  74326-4 0  9991
2 65113  49.9992  64.6458 0012034  29.9981 330.1578 13.29317204 39013
DMSP 5D-2 F9 (USA 29)
1 18822U 88006A   26140.44434754  .00000125  00000-0  66113-4 0  9990
2 18822  98.3550 308.2046 0007110 143.0887 217.0786 14.28817459992343
HULIANWANG DIGUI-61
1 65167U 25174D   26140.56280382  .00000034  00000-0  44000-4 0  9990
2 65167  86.4955 261.3552 0002082  94.4943 265.6428 13.24404248 37132
ONEWEB-0109
1 47259U 20100B   26140.54457497 -.00000387  00000-0 -11121-2 0  9996
2 47259  87.8969 356.1548 0001638  86.1488 273.9828 13.12441736260932
BEE-1000
1 66650U 25274A   26140.53784168  .00001758  00000-0  17533-3 0  9991
2 66650  97.7482  70.0337 0013563  86.3570 273.9200 14.92757888 26087
SKIPPER
1 23752U 95072B   26140.57434022  .00000000  00000-0  18734-4 0  9999
2 23752  98.7360 212.3359 0005131 193.7557 166.3484 14.26153809581405
NUSAT-54(BRANCA MARQUES)
1 68442U 26067AC  26140.61453843  .00003479  00000-0  17723-3 0  9998
2 68442  97.4531  99.4248 0005357 143.4728 216.6871 15.17432321  7759
COSMOS 761
1 08285U 75086A   26140.24902874 -.00000003  00000-0  75825-4 0  9993
2 08285  74.0105  63.8333 0052063 111.3863  41.9902 12.55816587322995
COSMOS 2579
1 61730U 24197A   26140.51060267  .00002382  00000-0  99397-4 0  9996
2 61730  97.5591  64.2371 0003080 102.9804 257.1777 15.24677083 86253
RASSVET-3 14
1 68373U 26061P   26140.52089243  .00058229  00000-0  25140-3 0  9999
2 68373  82.2968  43.2350 0003858 191.6897 168.4283 15.84728993  9182
OPS 4547
1 07244U 74020B   26140.20427687  .00000069  00000-0  30417-4 0  9993
2 07244  94.6067 207.8161 0026887 175.1832 184.9625 14.31869998108039
CINEMA
1 38764U 12048G   26140.34414741  .00021378  00000-0  41573-3 0  9998
2 38764  64.6414 180.0525 0047670 185.7538 174.3059 15.46372141112936
HYPERVIEW-1G
1 61772U 24199AP  26140.50446037  .00076869  00000-0  66143-3 0  9999
2 61772  97.2922  18.9661 0006017  41.6733 318.4987 15.69059655130325
HULIANWANG DIGUI-121
1 67061U 25295C   26140.25668111 -.00000119  00000-0  10179-4 0  9990
2 67061  49.9982 125.8336 0000807 333.7523  26.3308 13.29326673 21784
GLOBALSTAR M094
1 39074U 13005C   26140.57998675 -.00000099  00000-0  27885-4 0  9994
2 39074  51.9958 234.8555 0000310 156.0501 204.0380 12.62268097614984
LYNK TOWER 3
1 55046U 23001AP  26140.59453838  .00008223  00000-0  23933-3 0  9992
2 55046  97.3212 200.9918 0007347 204.9031 155.1859 15.35652120187678
KUIPER-00121
1 65950U 25228D   26140.92661616  .00000500  00000-0  94589-4 0  9998
2 65950  51.9011  33.6575 0001192  90.9300 269.1799 14.79933814 34039
ONEWEB-0457
1 51647U 22012AB  26140.44943869 -.00000641  00000-0 -18730-2 0  9994
2 51647  87.8856  41.7927 0001757  91.6777 268.4552 13.10377000205713
SZ-22
1 66645U 25272A   26140.45362132  .00012110  00000-0  14537-3 0  9992
2 66645  41.4675 130.6457 0007439 266.6271  93.3717 15.60697028289570
KUIPER-00123
1 65952U 25228F   26140.47684407  .00002621  00000-0  37294-3 0  9998
2 65952  51.8997  45.6372 0000808  80.1819 279.9234 14.79894989 33828
YAOGAN-35 04B
1 53524U 22100C   26140.49937203  .00009791  00000-0  27993-3 0  9993
2 53524  34.9996 204.5396 0003215  31.1725 328.9184 15.35182015100973
AEROCUBE 18A
1 63220U 25052L   26140.52247860  .00004125  00000-0  17272-3 0  9998
2 63220  97.3993  34.3596 0003145 194.4141 165.7008 15.24104237 65683
COSMOS 1325
1 12980U 81116F   26140.42785639 -.00000011  00000-0  41041-4 0  9991
2 12980  73.9849  14.0511 0085699 224.6869 309.8844 12.30136039997142
DRUMS
1 49401U 21102G   26140.49715461  .00003332  00000-0  15663-3 0  9999
2 49401  97.3310 178.3543 0014184 335.7447  24.3119 15.20189402249372
FLOCK 4Q 21
1 58329U 23174CB  26140.49931917  .00224191  00000-0  13914-2 0  9999
2 58329  97.3869 235.3310 0009069 234.4068 125.6353 15.76327307141720
COSMOS 589
1  6846U 73069B   26140.51996858 -.00000025  00000-0 -50904-4 0  9994
2  6846  73.9986 168.2595 0047708 281.3613 152.1733 12.53235555407722
YUNYAO-1 19
1 58759U 24009B   26140.55634696  .00005481  00000-0  28523-3 0  9997
2 58759  49.9840 302.5277 0005525 180.7572 179.3373 15.17437333130478
COSMOS 530
1 06265U 72087C   26140.28085845 -.00000011  00000-0  27766-4 0  9991
2 06265  74.0356 337.7718 0086551  63.8646 107.5394 12.65677277474059
COSMOS 1225
1 12087U 80097A   26140.45250547  .00000033  00000-0  17672-4 0  9990
2 12087  82.9439 135.9503 0057207 130.4922  21.7279 13.74752930279628
COSMOS 2334
1 24304U 96052A   26140.30937530  .00000057  00000-0  44746-4 0  9999
2 24304  82.9323 101.3908 0029422 342.5343 127.2486 13.73809528488801
LEO 1
1 43113U 18004C   26140.50364513  .00001418  00000-0  10333-3 0  9992
2 43113  99.2447  55.1842 0351022 164.2950 196.9480 14.67647729433420
COSMOS 2074
1 20577U 90036A   26140.37053485  .00000041  00000-0  27368-4 0  9992
2 20577  82.9405 126.8073 0025505 286.3691 237.4840 13.74879440809901
COSMOS 1295
1 12681U 81077A   26140.24295050  .00000034  00000-0  19587-4 0  9992
2 12681  82.9160 141.5104 0043789 354.2110  16.7082 13.76643485248408
SJ-5
1 25731U 99025B   26140.35449375  .00000009  00000-0  27553-4 0  9991
2 25731  98.7279 183.4634 0018060  75.9809 284.3370 14.12926466391397
IRIDIUM 16
1 24841U 97030F   26140.54647820  .00000237  00000-0  70271-4 0  9990
2 24841  86.4032  63.5089 0004058  62.5960 297.5651 14.39034995515519
SDA_1681
1 65991U 25230T   26140.54197115  .00000200  00000-0  16580-3 0  9993
2 65991  81.3015 237.1971 0002957 272.2722  87.8097 13.85300447 29990
GLOBALSTAR M077
1 37191U 10054D   26140.54411937 -.00000049  00000-0  53271-3 0  9993
2 37191  51.9962 249.4582 0003142 124.7440 249.1686 11.67547001717914
DMSP 5D-2 F13 (USA 109)
1 23533U 95015A   26140.51120588  .00000026  00000-0  34810-4 0  9997
2 23533  98.8036 154.7160 0005879 225.5040 295.8217 14.17019267609279
GEESAT 1-08
1 52792U 22058H   26140.52287411  .00000997  00000-0  15482-3 0  9993
2 52792  49.9948 329.3026 0020118 183.6857 176.3935 14.81269321215835
KUIPER-00138
1 65964U 25228T   26140.39715700  .00002378  00000-0  34084-3 0  9996
2 65964  51.9005  25.9911 0000939 103.8025 256.3042 14.79937185 34091
COSMOS 1358
1 13161U 82040B   26140.51575616 -.00000007  00000-0  59012-4 0  9994
2 13161  74.0107 190.4272 0042562 277.1558 149.6232 12.53995535 15844
FLOCK 4Q 7
1 58318U 23174BQ  26140.52697380  .00023901  00000-0  37536-3 0  9997
2 58318  97.3910 231.1147 0006357 221.9710 138.1057 15.53634063141454
SDA_1665
1 65975U 25230B   26140.57104239  .00000126  00000-0  10592-3 0  9997
2 65975  81.3020 237.4165 0001252 108.5351 251.5940 13.82037424 29987
YAOGAN-36 04A
1 54746U 22171A   26140.14919355  .00004887  00000-0  21906-3 0  9997
2 54746  34.9910  37.1959 0007055  29.4606 330.6504 15.20607852190852
FORMOSAT7-6/COSMIC2-6
1 44353U 19036Q   26140.41921173  .00001517  00000-0  10471-3 0  9999
2 44353  23.9962 156.8147 0001372 127.6420 232.4205 14.96377011377654
ONEWEB-0396
1 50476U 21132H   26140.54820073  .00000151  00000-0  35064-3 0  9991
2 50476  87.9174 340.9545 0002011  89.5172 270.6191 13.18686593217990
IRIDIUM 104
1 41922U 17003F   26140.58132326  .00000020  00000-0  20710-6 0  9990
2 41922  86.3946 100.0218 0002466  91.2602 268.8877 14.34217453489311
ION SCV-004
1 50993U 22002K   26140.57521128  .00003685  00000-0  12879-3 0  9998
2 50993  97.2849 198.7562 0009217  93.4779 266.7516 15.30142227241077
ONEWEB-0361
1 49287U 21090J   26140.34610161  .00000081  00000-0  16823-3 0  9999
2 49287  87.9174 279.9904 0001960 101.5647 258.5707 13.20773488226623
VESSELSAT 1
1 37840U 11058C   26140.19198887  .00000325  00000-0  32755-4 0  9997
2 37840  19.9610 214.5336 0013526 294.4387  65.4607 14.11433341753972
TIANHUI 5D
1 60212U 24126B   26140.45373644  .00000215  00000-0  29668-4 0  9998
2 60212  97.8216 148.4076 0002062  97.9034 262.2416 14.87596651101779
FENGYUN 3E
1 49008U 21062A   26140.50816321  .00000052  00000-0  45244-4 0  9991
2 49008  98.7493 144.2253 0002150 133.2307 226.9049 14.19901440252656
USA 23
1 18009U 87043E   26140.51442515  .00006739  00000-0  40437-3 0  9996
2 18009  63.2938  75.1435 0784989 104.7484 264.1826 13.86744569341650
QIANFAN-18
1 60396U 24140T   26140.50522059  .00000075  00000-0  96883-4 0  9996
2 60396  88.9714 282.4995 0016280  91.6630 268.6386 13.51010335 88966
ONEWEB-0247
1 48777U 21045L   26140.61456409 -.00000010  00000-0 -61537-4 0  9992
2 48777  87.8981 264.7082 0001747  74.0974 286.0349 13.15549391240789
OUTPOST MISSION 1
1 56226U 23084BK  26140.98282582  .00156973  00000-0  56031-3 0  9994
2 56226  97.6004 301.3822 0003202 266.6299  93.4606 15.88463654164688
HULIANWANG DIGUI-64
1 65170U 25174G   26140.50988286  .00000074  00000-0  13893-3 0  9995
2 65170  86.4908 261.2627 0001899  92.6459 267.4892 13.24404051 37129
GLOBALSTAR M030
1 25854U 99037D   26140.56800813 -.00000080  00000-0 -11355-3 0  9994
2 25854  51.9863  91.6447 0003470 289.4218  70.6224 11.55113746189033
ONEWEB-0246
1 48786U 21045V   26140.64466933  .00000201  00000-0  49877-3 0  9990
2 48786  87.8999 264.6743 0001904  96.8141 263.3206 13.15549649240656
ONEWEB-0228
1 48780U 21045P   26140.63847002  .00000322  00000-0  82185-3 0  9996
2 48780  87.9006 264.6695 0001820  98.3415 261.7921 13.15550208240709
IDEFIX/ARIANE 42P
1 27422U 02021B   26140.58209592  .00000132  00000-0  66808-4 0  9993
2 27422  98.5937  78.3660 0011480 342.0993  17.9784 14.31067059254300
PIAST-S1
1 66749U 25276CM  26140.82789002  .00003991  00000-0  18875-3 0  9997
2 66749  97.4196 214.9278 0003909  78.9031 281.2644 15.19942035 26275
OSCAR 16 (PACSAT)
1 20439U 90005D   26140.33239965  .00000066  00000-0  40472-4 0  9998
2 20439  98.8541 175.3559 0009743 318.1427 104.1426 14.33926842897946
POLAR SCOUT YUKON
1 43808U 18099BC  26140.47412340  .00016140  00000-0  45113-3 0  9997
2 43808  97.4686 212.8114 0006119  78.4227 281.7704 15.36752300409252
HJS-9A
1 68831U 26091A   26140.50191234  .00015843  00000-0  75377-3 0  9995
2 68831  55.0034 142.6555 0010943 358.5108   1.5877 15.19327540  3996
PRSC-E03
1 68835U 26092A   26140.48384977  .00001641  00000-0  11614-3 0  9990
2 68835  38.0010 253.0258 0003957 179.9818 180.0945 15.06529411  3774
ORBASTRO-TR5
1 63236U 25052AC  26140.48794309  .00002962  00000-0  13352-3 0  9997
2 63236  97.3869  32.6554 0002130 233.9477 126.1562 15.21805119 65603
ONEWEB-0250
1 48968U 21060B   26140.53537385  .00000033  00000-0  45119-4 0  9996
2 48968  87.9107 232.1143 0001692 130.8575 229.2708 13.25832018236556
ONEWEB-0562
1 55799U 23029D   26140.34442361 -.00000671  00000-0 -16830-2 0  9997
2 55799  87.9162 280.0048 0002737  97.8367 262.3077 13.20775955157476
KUIPER-00119
1 65155U 25171Z   26140.56725779  .00001577  00000-0  23859-3 0  9999
2 65155  51.9008 205.4309 0000967  69.1443 290.9623 14.79428540 43450
LEMUR-2 WOBLER
1 67368U 26004F   26140.27772108  .00002833  00000-0  31229-3 0  9995
2 67368  97.8044 139.3573 0006894 213.1920 146.8865 14.88292514 19147
YAOGAN 19
1 39410U 13065A   26140.48199944 -.00000450  00000-0 -10802-2 0  9997
2 39410 100.1103 118.1201 0009670 147.4855 212.6856 13.15580122600009
SAUDICOMSAT 3
1 31125U 07012J   26140.35626161  .00000426  00000-0  77846-4 0  9993
2 31125  98.3131 115.2268 0040017 138.4850 221.9407 14.70655490 20733
LEMUR-2 SONNENBLUME
1 67367U 26004E   26140.28102577  .00001654  00000-0  18543-3 0  9996
2 67367  97.7989 139.2651 0006675 227.3943 132.6711 14.88154771 19143
COSMOS 734
1 07823U 75045C   26140.32252618  .00000000  00000-0  10462-3 0  9999
2 07823  74.0176 260.4592 0017705 145.0134 280.6151 12.51798033329582
COSMOS 2010
1 19904U 89025C   26140.55193382 -.00000008  00000-0  49250-4 0  9999
2 19904  74.0100 204.7386 0029918 104.3652 324.5940 12.54072787614491
HULIANWANG DIGUI-31
1 64284U 25121B   26140.51012566  .00000040  00000-0  60006-4 0  9994
2 64284  86.5033  22.9654 0001660  86.4664 273.6660 13.24411789 46499
TIANQI 18
1 64060U 25105C   26140.47507904 -.00000089  00000-0  27006-4 0  9995
2 64060  44.9829 145.5073 0012192 262.0279  97.9170 13.99126610 51313
METEOR 2-20
1 20826U 90086A   26140.47478798  .00000028  00000-0  11246-4 0  9996
2 20826  82.5262 219.6816 0014796 103.0151 257.2662 13.84459557800487
FLOCK 4G 5
1 62663U 25009BG  26140.49307925  .00005652  00000-0  19762-3 0  9997
2 62663  97.4023 222.9708 0004408  64.9605 295.2092 15.29934620 74704
QIANFAN-59
1 62789U 25016E   26140.53887674  .00000098  00000-0  13287-3 0  9998
2 62789  88.9728  86.6320 0011941 246.2322 113.7577 13.51005187 68688
SZ-21 MODULE
1 66515U 25246C   26140.95331086  .00030410  00000-0  20904-3 0  9996
2 66515  41.4724 116.6343 0004315 190.9761 169.0989 15.73971304 29448
KUIPER-00421
1 68933U 26098Q   26140.49800008  .00013049  00000-0  39842-3 0  9992
2 68933  51.8770 201.1848 0008946  36.6122 323.5473 15.34206085  3093
ONEWEB-0132
1 47278U 20100W   26140.54119017 -.00000349  00000-0 -10067-2 0  9996
2 47278  87.8953 356.1716 0001791  82.5847 277.5485 13.12441184260950
RESURS O1
1 23342U 94074A   26140.31773412  .00000345  00000-0  46418-4 0  9998
2 23342  97.6638 159.8614 0001831 111.3672 248.7739 14.85046768699792
COSMOS 2385
1 27056U 01058B   26140.52867303 -.00000027  00000-0 -21631-3 0  9998
2 27056  82.5386 237.5307 0005016 300.4663 188.5787 12.60563966122299
SORCE
1 27651U 03004A   26140.84195945  .00001786  00000-0  13912-3 0  9997
2 27651  39.9920  57.6711 0018075 219.4451 140.5027 15.03539575267781
DTUSAT 2
1 40030U 14033W   26140.42845292  .00004329  00000-0  23834-3 0  9998
2 40030  98.0869 136.4034 0007115 343.1298  16.9694 15.14612400648483
TIANSHI 01
1 68415U 26066D   26140.52693279  .00001563  00000-0  16406-3 0  9995
2 68415  84.9665 245.3306 0024840 354.9375   5.1593 14.88556608  7619
RESURS P5
1 62430U 24250A   26140.54004613  .00001907  00000-0  64336-4 0  9997
2 62430  97.2790  66.3494 0001354  51.0009 309.1353 15.31918683 78319
FLOCK 4H 2
1 66705U 25276AR  26140.45577903  .00003835  00000-0  17884-3 0  9999
2 66705  97.4177 214.6152 0002762  81.7742 278.3806 15.20459730 26220
REX 2
1 23814U 96014A   26140.94894283  .00000092  00000-0  34225-4 0  9999
2 23814  90.0086 341.2081 0020164 226.8806 133.0702 14.25354634569314
PICOSAT 9
1 26930U 01043B   26140.56160954 -.00000002  00000-0  30759-4 0  9998
2 26930  67.0010 256.4503 0011231 272.1414  87.8401 14.31582479286772
VRSS-1
1 38782U 12052A   26140.49821145  .00000859  00000-0  11989-3 0  9998
2 38782  97.6144 118.2513 0017119 332.6663  27.3648 14.79961720735517
NOVA 1
1 12458U 81044A   26140.39020566  .00000092  00000-0  19700-3 0  9992
2 12458  89.8470  89.0419 0015520  33.5206 132.2181 13.23296145172847
COSMOS 2255
1 22690U 93038D   26140.36165734  .00000032  00000-0  11807-3 0  9995
2 22690  82.5845 247.3869 0006519  56.0849  13.3364 12.63327471517712
ONEWEB-0569
1 55148U 23004J   26140.50799786  .00000284  00000-0  74160-3 0  9991
2 55148  87.8948 325.7326 0000946  74.1129 286.0104 13.13471500166548
MAST
1 31126U 07012K   26140.36688068  .00000456  00000-0  95549-4 0  9992
2 31126  98.4283 107.6938 0082670 134.3178 226.4840 14.62604745 14777
ONEWEB-0345
1 49211U 21083AB  26140.23037568 -.00000282  00000-0 -80686-3 0  9993
2 49211  87.8948 325.7901 0001640  99.9267 260.2048 13.13468842227231
COSMOS 2249
1 22650U 93030E   26140.81717898  .00000012  00000-0  69665-5 0  9992
2 22650  82.5862 340.9125 0007543   8.4060   3.3074 12.63186511522571
COSMOS 2116
1 21030U 90114C   26140.51213801  .00000030  00000-0  10321-3 0  9998
2 21030  82.5760 224.6826 0005398 155.8792 215.2761 12.64323046633937
COSMOS 2328
1 23790U 96009D   26140.29821660  .00000009  00000-0 -11060-4 0  9994
2 23790  82.5778 337.3893 0008568 117.4711 242.7252 12.62602585393955
FAISAT
1 23465U 95002C   26140.20533352  .00000047  00000-0  35704-4 0  9996
2 23465  82.9292  43.8783 0036173 244.8896 268.7639 13.72023783568015
KINEIS-3D
1 61221U 24172B   26140.20178991  .00001188  00000-0  19598-3 0  9991
2 61221  98.0421 230.4077 0001077 160.2890 199.8359 14.72278964 89238
FORMOSAT7-3/COSMIC2-3
1 44343U 19036E   26140.95331514  .00003185  00000-0  17235-3 0  9999
2 44343  24.0006   5.9475 0000638 345.0772  14.9712 15.09568548379124
AAC-HSI-SAT3
1 58848U 23174DH  26140.47915116  .00001599  00000-0  87414-4 0  9999
2 58848  97.3422 200.7879 0012305 103.4655 256.7950 15.15618438139706
OMNI-L1
1 52157U 22033A   26140.17210125  .00001033  00000-0  13467-3 0  9993
2 52157  97.8397 219.8957 0005690  31.6386 328.5168 14.82628532223307
CENTISPACE-1 S9
1 62578U 25007D   26140.59242660 -.00000054  00000-0  82551-4 0  9994
2 62578  54.9839  28.7926 0012299  30.1736 329.9926 13.80593187 70906
ONEWEB-0593
1 54659U 22166T   26140.55417939  .00000175  00000-0  39221-3 0  9995
2 54659  87.9252 249.4742 0002062  96.7682 263.3687 13.21826272167894
COSMOS 2100
1 20804U 90083A   26140.42785869  .00000045  00000-0  31913-4 0  9996
2 20804  82.9404 188.3768 0036650 358.1858  12.4177 13.74564048789426
NANOSAT C BR1
1 40024U 14033Q   26140.49307159  .00012429  00000-0  42436-3 0  9992
2 40024  98.0738 170.4463 0001661 274.4950  85.6099 15.30482216649746
COSMOS 446
1 05549U 71086C   26140.45621082 -.00000020  00000-0 -27955-4 0  9992
2 05549  74.0256 154.8163 0083077 140.6437 220.0694 12.54460819500296
SDGSAT 1
1 49387U 21100A   26140.51302594  .00002124  00000-0  10226-3 0  9990
2 49387  97.2649 188.4877 0009127  40.3198 319.8712 15.19770345251716
YAOGAN-39 05B
1 58558U 23194B   26140.54620589  .00003870  00000-0  19076-3 0  9996
2 58558  34.9921 253.5856 0009336  68.8675 291.3035 15.17383544135896
YAOGAN-35 A
1 49390U 21101A   26140.56617455  .00005090  00000-0  19350-3 0  9997
2 49390  34.9894  90.5474 0004847 138.8244 221.2837 15.26146859252658
JILIN-01 KUANFU 02A
1 57696U 23127A   26140.51073225  .00002543  00000-0  15863-3 0  9996
2 57696  97.5550 234.6911 0013069  76.8724 283.3963 15.10352786151453
QIANFAN-31
1 61564U 24185N   26140.54030825  .00000147  00000-0  18651-3 0  9998
2 61564  88.9813  64.0183 0005135 298.0632  62.0003 13.58030639 89711
JILIN-01 KUANFU 01
1 45016U 20003A   26140.53142226  .00001827  00000-0  11450-3 0  9991
2 45016  97.5033 215.0289 0010747  45.6470 314.5638 15.10549508351150
JILIN-01 KUANFU 02B 2
1 61190U 24169B   26140.50542086  .00002306  00000-0  15130-3 0  9996
2 61190  97.5560 229.8441 0008216 107.9319 252.2806 15.08626284 91656
SAC-D (AQUARIUS)
1 37673U 11024A   26140.96076368  .00000471  00000-0  71493-4 0  9992
2 37673  97.9775 155.1177 0001384 114.5831 306.1667 14.78581135803764
ASTRID 2
1 25568U 98072B   26140.31431089  .00000088  00000-0  78084-4 0  9991
2 25568  82.9470 104.4210 0025175 159.2879 317.0425 13.73137955374146
ONEWEB-0386
1 49312U 21090AK  26140.35285484  .00000153  00000-0  34410-3 0  9997
2 49312  87.9175 279.9801 0002125  95.6309 264.5067 13.20771006226148
GEESAT 3-07
1 61017U 24159G   26140.49718573  .00000928  00000-0  13697-3 0  9991
2 61017  49.9935 211.3921 0011741 285.6336  74.3307 14.84136157 92030
IRIDIUM 133
1 42955U 17061A   26140.26368906  .00000160  00000-0  50124-4 0  9996
2 42955  86.3992  36.9388 0002274  84.2235 275.9220 14.34217810450771
COSMOS 1459
1 14057U 83042A   26140.47030691  .00000058  00000-0  43050-4 0  9996
2 14057  82.9744 200.3104 0047818 257.0756 102.5058 13.76820811161920
ORBCOMM FM 110
1 41182U 15081D   26140.16119414  .00000425  00000-0  12620-3 0  9996
2 41182  47.0004 133.9522 0003960 299.7747  60.2744 14.58830149553538
ISS (ZVEZDA)
1 26400U 00037A   26140.52007258  .00005164  00000-0  10084-3 0  9996
2 26400  51.6328  77.0641 0007497  79.3410 280.8422 15.49283153567156
APEX ARIES 1
1 59129U 24043AH  26140.34593044  .00018550  00000-0  28450-3 0  9995
2 59129  97.5449 289.0507 0004319 307.9685  52.1178 15.54356554123599
IRIDIUM 69
1 25319U 98026A   26140.42200604  .00000228  00000-0  64384-4 0  9997
2 25319  86.3945 312.8648 0002941  37.7295 322.4111 14.41377898471635
HAWK-5B
1 52756U 22057AA  26140.36360471  .00014245  00000-0  25310-3 0  9994
2 52756  97.6576 296.6145 0005639 157.6522 202.4976 15.50294442222036
ONEWEB-0309
1 49095U 21075W   26140.37233907 -.00000919  00000-0 -24014-2 0  9993
2 49095  87.9156  11.3939 0001412  92.0077 268.1216 13.17641472229919
INTERCOSMOS 25
1 21819U 91086A   26140.62867912  .00000447  00000-0  87493-4 0  9999
2 21819  82.6034 266.4866 1485198 321.8629  28.5850 12.12160826505402
ONEWEB-0379
1 49305U 21090AC  26140.33096727  .00000176  00000-0  44147-3 0  9990
2 49305  87.8938 295.2640 0001921  95.7015 264.4334 13.14504306223903
PARASOL
1 28498U 04049G   26140.26570218  .00000487  00000-0  81442-4 0  9994
2 28498  98.5040 330.6360 0015363 111.7140 248.5704 14.74575429145124
COSMOS 1791
1 17066U 86086A   26140.40783751  .00000046  00000-0  31451-4 0  9994
2 17066  82.9457 282.0474 0039819 318.4357  67.6598 13.76052766984370
HULIANWANG DIGUI-58
1 65164U 25174A   26140.54008973  .00000033  00000-0  42685-4 0  9995
2 65164  86.4955 261.3403 0001944  95.7510 264.3845 13.24403984 37139
UNISAT 5
1 39421U 13066F   26140.14932620  .00001847  00000-0  13435-3 0  9994
2 39421  97.7040 110.5082 0029446 182.4473 177.6614 15.04754656678454
IRIDE-MS2-HEO-15
1 68987U 26100H   26140.50473731  .00000821  00000-0  87066-4 0  9992
2 68987  97.7366  38.4727 0001169 151.3359 208.7924 14.91712480  2576
ONEWEB-0547
1 56049U 23043D   26140.54322620  .00000130  00000-0  28379-3 0  9999
2 56049  87.9251 249.4741 0001779  99.4125 260.7210 13.21827200154579
IRIDIUM 141
1 43077U 17083H   26140.29489780  .00000062  00000-0  14949-4 0  9999
2 43077  86.3957 333.6574 0002229  90.1714 269.9737 14.34217543440172
COSMOS 1041
1 11050U 78091H   26140.43623307 -.00000013  00000-0  20554-4 0  9998
2 11050  74.0349 301.6609 0019841 331.6134  56.7931 12.43325746161630
SWARM B
1 39451U 13067A   26140.50511536  .00002046  00000-0  72814-4 0  9996
2 39451  87.7446 350.7273 0003077 100.0333 260.1263 15.28367919679018
RASSVET-3 13
1 68372U 26061N   26140.86888018 -.00170287  00000-0 -20774-2 0  9990
2 68372  82.2979  43.5891 0002285 178.8719 181.2543 15.61004843  9198
GAOFEN 14
1 47231U 20092A   26140.52960007  .00006655  00000-0  26610-3 0  9992
2 47231  97.4730 210.7865 0004326 237.3656 122.7164 15.25429850303612
COSMOS 2409
1 28420U 04037B   26140.57282740  .00000084  00000-0  51970-3 0  9995
2 28420  82.4855 346.3835 0013475 344.3971  15.6693 12.45323523984116
YAOGAN-33 02
1 53698U 22106A   26140.48381971  .00000068  00000-0  24332-4 0  9998
2 53698  98.1821 148.7622 0000845 198.9245 161.1923 14.58714529197687
ION SCV-019
1 68435U 26067V   26140.46795788  .00002011  00000-0  10342-3 0  9991
2 68435  97.4535  99.3207 0003491 128.4731 231.6816 15.17586085  7734
COSMOS 886
1  9634U 76126A   26140.36359522 -.00000033  00000-0  21794-4 0  9996
2  9634  65.8327 130.1340 1092214 268.7718  78.8192 12.56615415276719
ONEWEB-0044
1 45150U 20008V   26140.28526229 -.00000527  00000-0 -15459-2 0  9996
2 45150  87.8858  41.8187 0002031  77.1198 283.0156 13.10372235304828
ONEWEB-0625
1 55166U 23004AC  26140.59508454  .00000000  00000-0 -34257-4 0  9991
2 55166  87.9159  11.3610 0001903  78.8953 281.2393 13.17648792163948
IPEX
1 39471U 13072K   26140.39080900  .00003965  00000-0  21106-3 0  9995
2 39471 120.4625 192.8912 0160461 332.5700  26.6972 15.07727614111045
KINEIS-4C
1 63301U 25056B   26140.53283516  .00000956  00000-0  15869-3 0  9999
2 63301  97.9058 265.4110 0004715  66.1261 294.0441 14.72378831 63064
ONEWEB-0118
1 47264U 20100G   26140.58184083  .00000356  00000-0  95375-3 0  9992
2 47264  87.8966 356.1420 0001810  95.1746 264.9589 13.12445062261103
COSMOS 2170
1 21784U 91077F   26140.63452766  .00000024  00000-0  73898-4 0  9993
2 21784  82.6067 286.5858 0002444  20.8872 349.3022 12.62587175590603
HULIANWANG DIGUI-24
1 63691U 25086E   26140.48738646  .00000009  00000-0 -12847-4 0  9991
2 63691  86.5075 322.5949 0001571  75.7577 284.3731 13.24408326 51191
KUIPER-00452
1 68946U 26098AD  26140.48610694  .00014052  00000-0  40920-3 0  9999
2 68946  51.8742 201.1033 0004439  40.6054 319.5262 15.35659133  3092
KUIPER-00060
1 64520U 25134W   26140.59674840  .00002578  00000-0  36630-3 0  9991
2 64520  51.9026 262.6615 0000527  85.2541 274.8482 14.80026966 50887
COSMOS 861
1 09494U 76104A   26140.40100738 -.00000083  00000-0  58233-5 0  9998
2 09494  64.8569 132.4660 0051733 198.9981 160.9148 13.81723351502103
JILIN-01 GAOFEN 3H
1 46460U 20065G   26140.50977227  .00048975  00000-0  52288-3 0  9996
2 46460  97.2250 192.8648 0008585  98.5012 261.7220 15.63746458315554
MOST
1 27843U 03031D   26140.47492387  .00000018  00000-0  28234-4 0  9990
2 27843  98.7052 148.5875 0009360 339.1008  20.9785 14.21315994186776
ONEWEB-0515
1 54133U 22138W   26140.61882676  .00000097  00000-0  20692-3 0  9997
2 54133  87.9179 279.9263 0001803 125.7779 234.3523 13.20772006175662
QIANFAN-30
1 61563U 24185M   26140.47277791  .00000138  00000-0  19872-3 0  9990
2 61563  88.9829  64.4753 0005968 311.8572  48.2069 13.50043625 89488
COSMOS 1238
1 12138U 81003A   26140.52907867  .00004020  00000-0  26636-3 0  9996
2 12138  82.9589 240.1386 0639199 158.9247 203.9611 14.12918652266000
TYVAK-0173
1 48892U 21059P   26140.51179911  .00001091  00000-0  14213-3 0  9990
2 48892  96.0086 223.7487 0010902 118.8522 241.3792 14.81783987264145
LEMUR-2 EMARCHIA
1 68492U 26067CE  26140.43215131  .00004028  00000-0  40915-3 0  9999
2 68492  97.7557  99.0563 0004863 125.5851 234.5821 14.91370804  7583
PUCP-SAT 1
1 39442U 13066AC  26140.42507716  .00014336  00000-0  46206-3 0  9991
2 39442  97.5800 134.0513 0016569  49.0022 311.2649 15.32156342680017
TIANQI 36
1 62368U 24245D   26140.54965937 -.00000046  00000-0  56360-4 0  9998
2 62368  44.9843  84.4802 0008991 252.1628 107.8224 13.99208201 72477
HULIANWANG DIGUI-154
1 67530U 26013J   26140.57650448 -.00000113  00000-0  24443-4 0  9992
2 67530  50.0058  94.3130 0000869   8.3503 351.7384 13.29327889 16373
ONEWEB-0276
1 48994U 21060AD  26140.52376948  .00000016  00000-0  74769-5 0  9995
2 48994  87.9105 234.2672 0002150  97.4143 262.7232 13.16596946235934
NOAA 12
1 21263U 91032A   26140.49679943  .00000026  00000-0  28822-4 0  9997
2 21263  98.6196 129.4118 0014782 107.8916 252.3878 14.26736763821017
ONEWEB-0310
1 49096U 21075X   26140.33280393 -.00000253  00000-0 -73863-3 0  9999
2 49096  87.8957 356.2212 0001777  84.8608 275.2723 13.12442374231534
GEESAT 5-04
1 65553U 25201D   26140.36487411  .00000566  00000-0  94118-4 0  9995
2 65553  49.9844 168.9976 0008057 166.2646 193.8513 14.84118820 37659
ONEWEB-0595
1 54661U 22166V   26140.32372505  .00000111  00000-0  23651-3 0  9992
2 54661  87.9258 249.5151 0001810 104.6998 255.4337 13.21825486167853
QIANFAN-93
1 66035U 25233C   26140.45023111  .00000136  00000-0  19168-3 0  9993
2 66035  89.0030  46.0116 0002279  69.4727 290.6669 13.51006377 29434
ONEWEB-0207
1 48242U 21031AJ  26140.69965990 -.00000239  00000-0 -68046-3 0  9996
2 48242  87.8942 295.1802 0001937 104.6078 255.5267 13.14503133244683
LEMUR-2-HOTSPUR-TOM
1 66786U 25276EB  26140.45430590  .00003872  00000-0  32721-3 0  9996
2 66786  97.5236 212.0426 0013864 222.6740 137.3408 14.98577657 25977
SIT-HSE
1 61763U 24199AE  26140.51140188  .00026262  00000-0  45826-3 0  9995
2 61763  97.3003  16.3505 0006015  48.9725 311.2046 15.50664462133298
ONEWEB-0130
1 47276U 20100U   26140.28706836  .00000352  00000-0  94374-3 0  9992
2 47276  87.8963 356.1998 0001682  83.8338 276.2982 13.12440875260986
ONEWEB-0107
1 48048U 21025G   26140.75684530 -.00000083  00000-0 -26142-3 0  9996
2 48048  87.8951 325.6738 0001636  97.6849 262.4466 13.13468136249929
YAOGAN 26
1 40362U 14088A   26140.50905748  .00019964  00000-0  40815-3 0  9997
2 40362  97.0651 141.3915 0006153 129.0794 231.1004 15.46150790633423
PLEIADES 1
1 38012U 11076F   26140.49155926  .00000486  00000-0  11443-3 0  9997
2 38012  98.1977 215.9646 0001187 102.8281  23.2840 14.58551854767958
ONEWEB-0676
1 56712U 23068C   26140.31796456  .00000197  00000-0  48062-3 0  9994
2 56712  87.9103 234.3111 0002323  97.5959 262.5436 13.16594838148032
IRIDE-MS1-EAG2-10
1 68451U 26067AM  26140.31931878  .00004976  00000-0  24474-3 0  9998
2 68451  97.4497  99.1849 0003381  99.8127 260.3489 15.18463489  7713
NETSAT-1
1 46506U 20068W   26140.41733253  .00009316  00000-0  28657-3 0  9998
2 46506  97.8753 139.3545 0006996 103.4241 256.7780 15.33892517311045
YAOGAN 15
1 38354U 12029A   26140.55136204 -.00000031  00000-0  41518-4 0  9994
2 38354 100.7370 344.8148 0025348 355.4953   4.5928 13.18382706671800
COSMOS 1256
1 12326U 81022G   26140.39127642 -.00000001  00000-0  98080-4 0  9995
2 12326  74.0319  24.9944 0012969 201.8069 273.7796 12.49600026 62127
SEMI-1P
1 66298U 25248F   26140.72610830  .00003922  00000-0  18752-3 0  9994
2 66298  45.3842 267.1525 0013918 239.3415 120.6100 15.20709963 30359
ONEWEB-0621
1 55162U 23004Y   26140.39330703 -.00000374  00000-0 -10915-2 0  9993
2 55162  87.8921  26.5933 0002031  85.8167 274.3193 13.11414128162166
ONEWEB-0367
1 49293U 21090Q   26140.36043409  .00000072  00000-0  14608-3 0  9992
2 49293  87.9172 279.9888 0001705  99.8310 260.3015 13.20771198226159
ONEWEB-0152
1 48043U 21025B   26140.23207206 -.00000283  00000-0 -81042-3 0  9997
2 48043  87.8942 325.7886 0001854  87.2085 272.9256 13.13471225249889
QIANFAN-27
1 61560U 24185J   26140.52638867  .00000322  00000-0  12518-3 0  9993
2 61560  88.9835  58.3152 0009366 117.5534 242.6613 14.27513601 92819
EMISAR
1 68427U 26067M   26140.63824727  .00006163  00000-0  29902-3 0  9991
2 68427  97.4539  99.5501 0003868  85.7258 274.4418 15.18841672  7768
ROBUSTA-3A
1 60243U 24128J   26140.48136337  .00005794  00000-0  34820-3 0  9995
2 60243  61.9869 306.1890 0045285 122.7286 237.8187 15.11189952102231
ONEWEB-0136
1 47282U 20100AA  26140.59370974  .00000306  00000-0  81590-3 0  9998
2 47282  87.8962 356.1366 0001496  79.2090 280.9207 13.12441149261043
JILIN-01 GAOFEN 3D 30
1 52447U 22048E   26140.56212095  .00157357  00000-0  70600-3 0  9995
2 52447  97.5659 255.5028 0004450 171.0452 189.0897 15.83707166225370
SJ-11-07
1 40261U 14059A   26140.48198682  .00000393  00000-0  84326-4 0  9993
2 40261  97.9946 210.5985 0009420 233.0850 126.9490 14.63707275620860
COSMOS 2114
1 21028U 90114A   26140.60345737  .00000037  00000-0  14701-3 0  9992
2 21028  82.5776 251.3293 0004812   8.5606   2.6048 12.62803429631912
CUAVA-2
1 60527U 24149BM  26140.45694265  .00008750  00000-0  25647-3 0  9991
2 60527  97.3725 221.9441 0007338  44.4010 315.7820 15.35411938 97914
KINEIS-1A
1 60084U 24114F   26140.29372753 -.00001409  00000-0 -17730-3 0  9998
2 60084  97.8960 164.2582 0003092 212.6984 147.4037 14.80514460103264
COSMOS 977
1 10584U 78005B   26140.42957054  .00000000  00000-0  97428-4 0  9991
2 10584  74.0332  17.2401 0040793 145.2567  27.9815 12.57990257207960
ONEWEB-0194
1 48237U 21031AD  26140.34682424  .00000168  00000-0  41967-3 0  9992
2 48237  87.8942 295.2611 0001839  89.9183 270.2158 13.14504627244704
METHANESAT
1 59101U 24043D   26140.60773260  .00000816  00000-0  74205-4 0  9990
2 59101  97.8415 271.5242 0011399 100.4604 259.7903 14.97982838120527
TIANHUI 5B
1 58201U 23168C   26140.43082110  .00000312  00000-0  40272-4 0  9993
2 58201  97.8218 148.2025 0002094  97.4706 262.6748 14.87583337138470
LEMUR 2 ZACHARY
1 42845U 17042W   26140.47632204  .00030713  00000-0  59359-3 0  9996
2 42845  97.3622 331.5744 0004665 118.3455 241.8266 15.47717024484912
GLOBAL-12
1 49772U 21115BA  26140.33134693  .00018078  00000-0  30288-3 0  9992
2 49772  53.1937 178.3010 0002980 357.7783   2.3213 15.51942834251571
MALLIGYONG-1
1 58400U 23179A   26140.50059917  .00001987  00000-0  88697-4 0  9995
2 58400  97.3051  22.8279 0010026 119.8748 240.3486 15.22462860138545
COSMOS 972
1 10539U 77123A   26140.43096666 -.00000021  00000-0 -33900-5 0  9996
2 10539  75.8322 147.6772 0302406 259.3790  97.3161 13.89160554452191
ONEWEB-0698
1 61604U 24188L   26140.43062670  .00000379  00000-0  10325-2 0  9993
2 61604  87.8908  26.6034 0001433  41.9021 318.2217 13.11417527 80833
GLOBALSTAR M070
1 32264U 07048B   26140.43228400 -.00000077  00000-0  15069-3 0  9991
2 32264  51.9727 181.1012 0000410 170.9043 202.3428 12.62334705856264
LEGION 1
1 59625U 24081A   26140.44960711  .00002570  00000-0  13362-3 0  9999
2 59625  97.5017 218.6056 0011547 113.9650 246.2794 15.16921786113330
GLOBALSTAR M040
1 25622U 99004B   26140.23532894 -.00000116  00000-0 -66552-4 0  9996
2 25622  51.9898 111.7515 0001139  42.9745 330.3943 12.62034227257812
COSMOS 2150
1 21418U 91041A   26140.53574355  .00000046  00000-0  26602-4 0  9991
2 21418  74.0346 162.8859 0017851 315.5411  44.4307 14.32639998825026
ZHEDA PIXING 1C
1 37167U 10047C   26140.50682469  .00001706  00000-0  17856-3 0  9993
2 37167  97.9766 121.8247 0019786  23.3821 336.8292 14.90845749846300
BRITE-A TUGSAT-1
1 39091U 13009F   26140.41694479  .00000100  00000-0  48685-4 0  9998
2 39091  98.3988 320.5412 0009475 329.2992  30.7639 14.36529751693062
FORMOSAT7-4/COSMIC2-4
1 44350U 19036M   26140.46363972  .00001765  00000-0  12608-3 0  9997
2 44350  23.9984 281.3864 0000846 213.5284 146.5163 14.96372054379914
COSMOS 2273
1 23004U 94011F   26140.28075574  .00000015  00000-0  25443-4 0  9993
2 23004  82.5743 332.8664 0004248 249.3645 284.6914 12.62918999487226
COSMOS 1055
1 11132U 78109E   26140.36278815 -.00000021  00000-0 -35286-4 0  9999
2 11132  74.0141 120.6564 0017221 198.4101 272.5942 12.46952465160099
SHIYAN 19 (SY-19)
1 55861U 23034A   26140.52553906  .00015337  00000-0  22561-3 0  9993
2 55861  97.3954 355.9220 0007251  92.1710 268.0375 15.55520672178268
COSMOS 2043
1 20237U 89074F   26140.35386951  .00000038  00000-0  14824-3 0  9998
2 20237  82.5773 240.9363 0002622 285.7506 135.8921 12.63551743691383
YAOGAN-43 O1B
1 60459U 24148B   26140.57558617  .00009367  00000-0  26785-3 0  9996
2 60459  34.9938 311.0778 0008501 318.1576  41.8492 15.35154867 98183
KL-ALPHA B
1 44786U 19077B   26140.45670616  .00000062  00000-0  71078-4 0  9996
2 44786  88.9129 223.2221 0024783 227.6318 132.2738 13.55999059321428
COSMOS 1349
1 13127U 82030A   26140.36652590  .00000043  00000-0  29681-4 0  9993
2 13127  82.9303 182.8586 0032173 113.5158 258.3896 13.74027181211491
TIROS N
1 11060U 78096A   26140.29309850  .00000077  00000-0  56373-4 0  9999
2 11060  98.4547 162.6083 0009626 329.6573  30.4045 14.19366094674793
ICEYE-X74
1 68500U 26067CN  26140.62353894  .00001555  00000-0  16078-3 0  9994
2 68500  97.7606  99.2964 0003752  99.8550 260.3092 14.91519237  7616
PICOSAT 3
1 26091U 00004J   26140.54713306  .00001149  00000-0  25333-3 0  9998
2 26091 100.1792 247.0707 0024347  37.0022 323.2844 14.59850177386393
COSMOS 1876
1 18335U 87074B   26140.32581822  .00000022  00000-0  63365-4 0  9991
2 18335  82.5735 340.6608 0005138 171.4622   2.8165 12.62815276783571
COSMOS 940
1 10286U 77079B   26140.25486441 -.00000018  00000-0 -10821-4 0  9991
2 10286  74.0253 325.9942 0043884 259.4872 211.9751 12.58902551208664
COSMOS 2532
1 43753U 18097C   26140.57579604  .00000016  00000-0  41915-4 0  9994
2 43753  82.5146 239.2618 0019338 117.0479 243.2577 12.42908677338846
KANOPUS-V 3
1 43180U 18014A   26140.54767542  .00001613  00000-0  71883-4 0  9995
2 43180  97.3602  46.6287 0002017  81.3759 278.7706 15.22838445460516
KUIPER-00433
1 68869U 26095F   26140.50003471 -.01819147  00000-0 -11151+0 0  9993
2 68869  51.8812  17.4085 0008416 203.8402 206.4602 15.13045360  3446
COSMOS 506
1  6119U 72057C   26140.55590264 -.00000001  00000-0  89492-4 0  9995
2  6119  74.0280  69.4384 0072305  89.8933  83.1861 12.56206651468549
IRIDIUM 119
1 42959U 17061E   26140.63790193  .00000025  00000-0  20030-5 0  9992
2 42959  86.3992  36.7643 0002329  85.7636 274.3826 14.34217788450868
ONEWEB-0357
1 49219U 21083AK  26140.63063133  .00000136  00000-0  30268-3 0  9999
2 49219  87.9172 279.9274 0001675  98.7953 261.3370 13.20770838233178
METEOR 1-23
1 08519U 75124A   26140.72621976 -.00000005  00000-0 -97139-5 0  9996
2 08519  81.2417 151.2471 0013977  44.8610 315.3689 14.11383931593016
ORBCOMM FM 116
1 41189U 15081L   26140.42751214  .00000351  00000-0  11062-3 0  9999
2 41189  47.0033  41.8702 0002173 299.2842  60.7827 14.58834181554886
QIANFAN-124
1 68651U 26075R   26140.55460305 -.02027257  00000-0 -23476+1 0  9996
2 68651  88.9875 323.8486 0006971 114.6376 245.5514 13.73125373  6061
ONEWEB-0578
1 56067U 23043X   26140.32204646  .00000038  00000-0  59301-4 0  9999
2 56067  87.9252 249.5161 0002187 107.8283 252.3090 13.21824771154551
BIFROST-DNK
1 64588U 25135BN  26140.48977877  .00001268  00000-0  12276-3 0  9995
2 64588  97.7716 255.4429 0005709  84.1810 276.0061 14.94493984 49778
GLOBALSTAR M076
1 37190U 10054C   26140.31986845 -.00000086  00000-0  96763-4 0  9997
2 37190  52.0011 192.9724 0000127  53.6562  24.7581 12.62261701719352
METEOR 3-6
1 22969U 94003A   26140.59167608  .00000169  00000-0  40839-3 0  9992
2 22969  82.5602 106.7712 0013750 278.0045  81.9517 13.17061755553605
BEIJING 1 (TSINGHUA)
1 28890U 05043A   26140.52965817  .00000061  00000-0  21220-4 0  9993
2 28890  98.2879 273.5942 0014901  13.5820 346.5780 14.63513503 96603
GRAVITAS
1 68495U 26067CH  26140.50003471 -.00054633  00000-0 -10546-1 0  9996
2 68495  97.7607  98.3655 0004141  96.5222 225.7360 14.63829629  4988
ONEWEB-0263
1 48981U 21060Q   26140.56019343  .00000146  00000-0  34946-3 0  9993
2 48981  87.9110 234.2664 0001792  93.7644 266.3692 13.16593611235951
KUIPER-00056
1 64516U 25134S   26140.86424751 -.00000671  00000-0 -58976-4 0  9992
2 64516  51.9032 263.9764 0000269 130.3842 229.7144 14.79929368 50900
KUIPER-00205
1 67774U 26030L   26140.50546285 -.00340288  00000-0 -95444-2 0  9995
2 67774  51.8828 231.7171 0004364 287.0163  73.0345 15.37378855 16147
ONEWEB-0426
1 50498U 21132AF  26140.54231650 -.00000055  00000-0 -17179-3 0  9994
2 50498  87.9172 340.9472 0002545  92.5598 267.5826 13.18686715217940
GLOBALSTAR M023
1 25621U 99004A   26140.63955855 -.00000093  00000-0  60986-4 0  9993
2 25621  52.0091 105.8693 0009940 150.6006  21.5200 12.62526260258352
ONEWEB-0278
1 48996U 21060AF  26140.52696082  .00000044  00000-0  82731-4 0  9999
2 48996  87.9104 234.2649 0002023 107.4861 252.6491 13.16595514236056
RESOURCESAT 2
1 37387U 11015A   26140.49902064  .00000048  00000-0  41875-4 0  9994
2 37387  98.7652 208.1301 0010765 343.1113  16.9704 14.21605631782246
HINODE (SOLAR B)
1 29479U 06041A   26140.79599493  .00000407  00000-0  78324-4 0  9999
2 29479  98.0559 157.3523 0017870  19.9512 340.2388 14.68577597 50850
COSMOS 2165
1 21779U 91077A   26140.56147675  .00000030  00000-0  10482-3 0  9995
2 21779  82.6066 249.8440 0011670 116.5293 254.9445 12.64920937593507
STPSAT-5
1 43762U 18099E   26140.59456021  .00002832  00000-0  16208-3 0  9999
2 43762  97.4102 191.1330 0004834  80.6775 279.5003 15.13423984408690
COSMOS 1235
1 12114U 80102H   26140.52576132  .00000001  00000-0  10181-3 0  9999
2 12114  73.9951  64.5810 0032215 142.2957  31.2264 12.56234266 82119
SAUDISAT 5A
1 43831U 18102A   26140.52719260  .00003653  00000-0  13742-3 0  9993
2 43831  97.3078 202.6450 0008527 223.8457 136.2107 15.27729484411451
IRIDIUM 180
1 43922U 19002A   26140.36808972  .00000090  00000-0  24976-4 0  9999
2 43922  86.3988   5.2276 0002253  89.4336 270.7118 14.34217816385000
ONEWEB-0581
1 56069U 23043Z   26140.48737582  .00000101  00000-0  23178-3 0  9991
2 56069  87.9115 234.2838 0002609  95.6491 264.4937 13.16595145155310
METOP-B
1 38771U 12049A   26140.52575500  .00000060  00000-0  47150-4 0  9991
2 38771  98.6522 192.5742 0003431  77.9298 282.2264 14.21424202709333
ONEWEB-0088
1 45457U 20020AK  26140.43402437  .00000494  00000-0  13586-2 0  9991
2 45457  87.8932  26.5511 0002178  89.3750 270.7628 13.11418150298909
KUIPER-00231
1 68580U 26072H   26140.50003471  .00019516  00000-0  53839-3 0  9990
2 68580  51.8751 310.5729 0001661 269.2558 113.6480 15.37098402  4831
COSMOS 2337
1 24725U 97006A   26140.34432027  .00000012  00000-0  76881-5 0  9998
2 24725  82.6068 297.8138 0009230 180.2910 179.8177 12.60724258346342
DMSP 5D-2 F15 (USA 147)
1 25991U 99067A   26140.49949919  .00000081  00000-0  62432-4 0  9994
2 25991  98.9980 178.7059 0011131  82.7235  54.5730 14.17552270366724
HULIANWANG DIGUI-101
1 66417U 25258F   26140.39735997 -.00000090  00000-0  73549-4 0  9993
2 66417  50.0016  35.3018 0000852  34.3851 325.7076 13.29323081 26041
HULIANWANG DIGUI-135
1 67243U 25311H   26140.49563512 -.00000088  00000-0  78593-4 0  9995
2 67243  50.0016 215.2131 0000982 228.2779 131.8009 13.29322240 19658
FLOCK 4G 1
1 62666U 25009BK  26140.65006993  .00007708  00000-0  27609-3 0  9992
2 62666  97.4022 222.7770 0005486  73.2215 286.9627 15.29019125 74705
KUIPER-00096
1 65135U 25171D   26140.32658377  .00001656  00000-0  24617-3 0  9991
2 65135  51.8995 201.2984 0000383  94.6582 265.4424 14.79932203 43502
MBZ-SAT
1 62626U 25009T   26140.68138073  .00000130  00000-0  96278-5 0  9998
2 62626  97.3990 219.5765 0006791  87.8021 272.3991 15.17982233 74516
ONEWEB-0561
1 56710U 23068A   26140.62218521  .00000036  00000-0  57447-4 0  9998
2 56710  87.9170 279.9399 0002167  89.9634 270.1747 13.20773267145866
NOAA 5
1 09057U 76077A   26140.38854104 -.00000035  00000-0  86670-4 0  9994
2 09057 102.3013 126.3005 0010163  33.2327 129.6530 12.37830704251033
COSMOS 2161
1 21732U 91068E   26140.42791294  .00000014  00000-0  19058-4 0  9992
2 21732  82.5746 302.7154 0011477  41.7618 346.3466 12.65278221599751
CENTISPACE-2 S1
1 68350U 26060A   26140.56866581  .00000048  00000-0  38868-4 0  9993
2 68350  54.9788 148.7395 0013641  49.5860 310.6327 14.73604734  8693
NUSAT-41 (C PAYNE-G)
1 56944U 23084N   26140.52345215  .00008361  00000-0  29053-3 0  9995
2 56944  97.5488 276.7973 0007964  68.9788 291.2304 15.29976271163554
LEMUR-2-DEANANDMAEVE
1 66678U 25276N   26140.19611909  .00004398  00000-0  21126-3 0  9993
2 66678  97.4213 214.1434 0007439  98.2105 261.9974 15.19335983 26168
PELICAN-9 3010
1 69019U 26100AR  26140.51247287  .00001522  00000-0  73064-4 0  9997
2 69019  97.4066  38.8310 0006543 114.4378 245.7541 15.20345958  2606
IRIDE-MS1-EAG2-14
1 68447U 26067AH  26140.31777348  .00005056  00000-0  24828-3 0  9996
2 68447  97.4512  99.1971 0003438  96.4244 263.7382 15.18509641  7718
QIANFAN-40
1 62241U 24232E   26140.47174400  .00000105  00000-0  14450-3 0  9991
2 62241  89.0131  24.9199 0015431 101.2889 258.9997 13.51008552121021
KUIPER-00152
1 65772U 25217L   26140.54851655  .00002412  00000-0  34526-3 0  9998
2 65772  51.9006  72.8383 0000996  72.3592 287.7479 14.79937246 35692
LEMUR 2 HUBBLE-5
1 64840U 25135BT  26140.56506154  .00000590  00000-0  60588-4 0  9998
2 64840  97.7688 255.4016 0006934  76.4199 283.7793 14.94040129 49781
SDA_1672
1 65982U 25230J   26140.54860153 -.00002106  00000-0 -19646-2 0  9996
2 65982  81.3026 237.5445 0001546 110.1559 249.9763 13.82264729 29971
UME 1 (ISS 1)
1 08709U 76019A   26140.56259961 -.00000015  00000-0  40691-4 0  9994
2 08709  69.6732 193.7408 0012394 314.2104 194.3826 13.71741811513304
QIANFAN-110
1 68637U 26075B   26140.45550900  .00000022  00000-0  98555-5 0  9992
2 68637  88.9879 323.8890 0011597  83.7568 276.4916 13.72570628  6039
ONEWEB-0141
1 47287U 20100AF  26140.34114830  .00000099  00000-0  23972-3 0  9992
2 47287  87.8962 356.1841 0001914  94.4750 265.6598 13.12443212261027
QIANFAN-96
1 66038U 25233F   26140.47079961  .00000144  00000-0  20482-3 0  9992
2 66038  89.0021  46.0022 0002198  67.2452 292.8931 13.51005171 29431
KUIPER-00154
1 65969U 25228Y   26140.37148096 -.00002285  00000-0 -27082-3 0  9996
2 65969  51.9021  18.6290 0000680 135.3929 224.7088 14.79936825 34199
ALSAT 2B
1 41786U 16059D   26140.52310981  .00000343  00000-0  64005-4 0  9998
2 41786  97.9905 203.3253 0000977  66.6602 293.4707 14.70830878516701
DEMETER
1 28368U 04025C   26140.37569972  .00000900  00000-0  11572-3 0  9997
2 28368  98.1262 119.7442 0001211 118.3529 241.7806 14.83663687176553
COSMOS 644
1  7268U 74024D   26140.44267181 -.00000004  00000-0  69901-4 0  9990
2  7268  74.0198  52.6165 0094479 332.2947  27.3095 12.63694067402187
ONEWEB-0696
1 56723U 23068P   26140.63989764  .00000165  00000-0  40507-3 0  9998
2 56723  87.8986 264.7122 0001642  87.4770 272.6549 13.15550866145747
COSMOS 791
1  8607U 76008A   26140.34765374 -.00000007  00000-0  59580-4 0  9993
2  8607  74.0525 170.1263 0055173 265.3003 106.1865 12.55045473304826
FLOCK 4BE 30
1 60499U 24149AH  26140.48647470  .00072765  00000-0  13016-2 0  9991
2 60499  97.3782 225.2217 0001913 168.2640 191.8656 15.49744964 97474
ONEWEB-0616
1 55157U 23004T   26140.57820921 -.00000019  00000-0 -81518-4 0  9998
2 55157  87.9159  11.3574 0002078  56.8375 303.2955 13.17648895164062
WILDFIRE 3
1 57758U 23133C   26140.45446856  .00000113  00000-0  88632-4 0  9995
2 57758  80.9984  32.6523 0009681  71.8229 288.3981 13.86198784137258
MACSAT 1 (M 1)
1 20607U 90043A   26140.27824102  .00000469  00000-0  62169-4 0  9997
2 20607  89.7522 245.1720 0092029  97.2154 263.9540 14.75150436910264
COSMOS 1879
1 18338U 87074E   26140.38186001  .00000023  00000-0  65232-4 0  9996
2 18338  82.5688 301.0385 0005291 265.4535 124.8791 12.65027809786541
KUIPER-00189
1 68574U 26072B   26140.50003471  .00013399  00000-0  19416-2 0  9998
2 68574  51.8994 319.9988 0000982 197.7744  94.6549 14.76306560  4765
UITMSAT
1 67686U 98067YC  26140.09846271  .00056334  00000-0  66741-3 0  9991
2 67686  51.6280  74.2494 0010418  78.5168 281.6995 15.60617065 15919
COSMOS 2132
1 21107U 91009H   26140.51266387 -.00000020  00000-0 -20135-4 0  9990
2 21107  74.0286 180.0244 0034297 342.5847  86.9002 12.55501978616323
COSMOS 2303
1 23445U 94086E   26140.35061347  .00000029  00000-0  10889-3 0  9997
2 23445  82.5769   3.7352 0010353 271.7976 262.1783 12.60561499444473
METEOR 2-11
1 15099U 84072A   26140.31242834  .00000038  00000-0  20069-4 0  9997
2 15099  82.5317  61.4042 0013400 162.7278 197.4341 13.85297382116487
BRO-15
1 60553U 24149CP  26140.48880463  .00000979  00000-0  92196-4 0  9999
2 60553  97.6808 216.3919 0008410 169.1672 190.9732 14.96074816 95860
QIANFAN-21
1 61554U 24185C   26140.49119625  .00000404  00000-0  17364-3 0  9993
2 61554  88.9767  58.3711 0009359 194.0799 166.0133 14.22821998 92544
COSMOS 732
1 07820U 75045A   26140.41173677  .00000000  00000-0  10086-3 0  9995
2 07820  74.0202  31.7159 0043082 227.4202 248.5402 12.56723873338784
CENTISPACE-1 S12
1 62581U 25007G   26140.51315053 -.00000052  00000-0  84331-4 0  9993
2 62581  54.9783  28.1729 0017341  74.1636 286.1230 13.80625223 70913
HULIANWANG DIGUI-87
1 65995U 25231A   26140.64951282 -.00000094  00000-0  64367-4 0  9991
2 65995  50.0006 274.6143 0000840 136.3861 223.7077 13.29327082 29224
OT-FOREST-3 BJOERNTBW
1 62682U 25009CB  26140.27143838  .00004120  00000-0  17090-3 0  9996
2 62682  97.3903 220.1080 0006630  87.3590 272.8406 15.24406722132184
YAOGAN-34
1 48340U 21037A   26140.55085353 -.00000124  00000-0 -56472-4 0  9996
2 48340  63.4033 217.3648 0072159 356.3791   3.6704 13.45457712248282
HULIANWANG DIGUI-94
1 66002U 25231H   26140.75810805 -.00000096  00000-0  61339-4 0  9996
2 66002  50.0064 273.9665 0000963 134.7681 225.3270 13.29325028 29240
IONOSFERA-M 02
1 61736U 24199B   26140.51968419  .00000029  00000-0  32568-4 0  9993
2 61736  98.7206  13.8900 0001899  67.5740 292.5639 14.22751739126897
USA 17
1 16625U 86014F   26140.47188926  .00002164  00000-0  21593-3 0  9993
2 16625  63.2991 176.7484 0787827 115.1999 253.2821 13.74263467339015
KUIPER-00196
1 67144U 25301M   26140.50003471 -.00036778  00000-0 -12415-2 0  9994
2 67144  51.8737  77.3594 0001787 240.0406  69.4573 15.30017318  4219
ONEWEB-0382
1 49308U 21090AF  26140.64575505  .00000097  00000-0  20679-3 0  9999
2 49308  87.9175 279.9266 0002170  96.7176 263.4205 13.20771059226186
COSMOS 1755
1 16765U 86042H   26140.54206336 -.00000003  00000-0  81525-4 0  9996
2 16765  74.0179 201.5750 0029539 334.4515  91.8957 12.54343903829505
COSMOS 1017
1 10934U 78056E   26140.59603304 -.00000016  00000-0 -29787-5 0  9993
2 10934  74.0247 105.2559 0022182 240.4121 240.5221 12.47611677183830
ONEWEB-0528
1 54643U 22166B   26140.54744625  .00000197  00000-0  44596-3 0  9997
2 54643  87.9252 249.4991 0001768  96.0369 264.0967 13.21826596167898
SHIYAN 20B (SY-20B)
1 54700U 22169B   26140.54087332 -.00000023  00000-0  44219-4 0  9991
2 54700  59.9978 331.8806 0014022 178.6201 181.4875 14.29531129179400
IRIDIUM 109
1 41919U 17003C   26140.60035062  .00000034  00000-0  52501-5 0  9995
2 41919  86.3946 100.0475 0002348  86.8746 273.2718 14.34217636489249
ORBCOMM FM 12
1 25115U 97084D   26140.48364695  .00000507  00000-0  17891-3 0  9991
2 25115  45.0130 190.9023 0003269 162.2061 197.8906 14.46663797490096
ONEWEB-0674
1 55833U 23029AP  26140.39759003  .00000017  00000-0  12356-4 0  9998
2 55833  87.8925 295.2636 0002139  88.1598 271.9777 13.14502173155763
APRIZESAT 6
1 37793U 11044F   26140.52561041  .00000371  00000-0  59911-4 0  9996
2 37793  98.2379  50.4590 0043224 172.6739   0.0777 14.76872096793068
SHIJIAN 6 02B (SJ-6 02B)
1 29506U 06046B   26140.55374491  .00001414  00000-0  11452-3 0  9995
2 29506  97.7153 169.7832 0012405 146.7643 213.4363 15.01292657 66591
COSMOS 1160
1 11695U 80012E   26140.61724590 -.00000001  00000-0  99642-4 0  9996
2 11695  74.0204  91.5977 0010842 113.1094  59.6915 12.47775712107548
YAOGAN 28
1 41026U 15064A   26140.54206227  .00004744  00000-0  18143-3 0  9999
2 41026  97.3044 279.3811 0009190 290.8346  69.1908 15.27024433586467
GLOBALSTAR M072
1 31574U 07020D   26140.36022045 -.00000074  00000-0  13823-3 0  9996
2 31574  51.9902 174.3298 0001364 250.5916 123.3153 11.91658289871660
STSAT 3
1 39422U 13066G   26140.47776869  .00001859  00000-0  14421-3 0  9991
2 39422  97.6159 110.8260 0010363 121.9737 238.2497 15.02549870680044
BB 1
1 56171U 23050K   26140.50572773  .00000118  00000-0  98798-4 0  9994
2 56171  81.0008 107.0998 0017107  22.8116 337.3795 13.82568623157711
COSMOS 1809
1 17241U 86101A   26140.38307370  .00000067  00000-0  46882-4 0  9990
2 17241  82.5282 302.7979 0014345 236.1007 145.7786 13.84492064990981
LATINSAT A
1 27612U 02058H   26140.35156292  .00000377  00000-0  60325-4 0  9996
2 27612  64.5554  48.0602 0054479 252.2006 107.3153 14.85420466263499
COSMOS 1477
1 14175U 83069E   26140.33893656 -.00000011  00000-0  28965-4 0  9997
2 14175  74.0271 351.8649 0002431 215.2950 317.2816 12.50456936957102
COSMOS 1535
1 14679U 84010A   26140.32872940  .00000065  00000-0  51131-4 0  9994
2 14679  82.9583 175.3913 0043217  54.1396 317.5448 13.75448425 91025
FORMOSAT-5
1 42920U 17049A   26140.46743545  .00000094  00000-0  34864-4 0  9991
2 42920  98.2255 216.3923 0011835 162.3105 197.8504 14.50886378462659
EGS (AJISAI)
1 16908U 86061A   26140.52069323 -.00000074  00000-0  16736-3 0  9996
2 16908  50.0087 232.4701 0011380 110.4891   7.2994 12.44516336476948
ONEWEB-0392
1 50472U 21132D   26140.59170883  .00000056  00000-0  11131-3 0  9992
2 50472  87.9167  11.3319 0002156  92.4217 267.7161 13.17649060214481
HULIANWANG DIGUI-147
1 67523U 26013B   26140.55978308 -.00000111  00000-0  27957-4 0  9991
2 67523  50.0043  94.8654 0000841   7.0424 353.0460 13.29328442 16379
PROBA 2
1 36037U 09059B   26140.24871820  .00000085  00000-0  30355-4 0  9990
2 36037  98.2448 323.9895 0013486  12.9057 347.2483 14.54848994877460
YAOGAN-30 AC
1 48863U 21055D   26140.57370550  .00001665  00000-0  12492-3 0  9996
2 48863  34.9965 319.8144 0004044 282.2880  77.7375 15.02534248268735
ONEWEB-0216
1 48801U 21045AL  26140.58128593  .00000090  00000-0  20449-3 0  9998
2 48801  87.8998 264.6954 0001936  99.3839 260.7510 13.15549972240674
REX
1 21527U 91045A   26140.60433227  .00000089  00000-0  32044-4 0  9990
2 21527  89.5318 261.6315 0070738  76.0496 284.8550 14.23578978811178
COSMOS 985
1 10599U 78007A   26140.49921776  .00000055  00000-0  40677-4 0  9992
2 10599  82.9425  48.9652 0051480 271.4374  88.0886 13.76929188428068
NETSAT-4
1 46504U 20068U   26140.50495120  .00012974  00000-0  29765-3 0  9999
2 46504  97.8615 146.5440 0007330  70.5726 289.6311 15.42850663311501
OPS 8579 (DMSP 5B F5)
1  7218U 74015A   26140.53168803  .00000126  00000-0  63319-4 0  9997
2  7218  98.9871 242.6969 0056228  28.3032 332.1186 14.32175016716997
NAPA-1
1 46320U 20061BA  26140.49612531  .00049665  00000-0  51941-3 0  9991
2 46320  97.2479 213.8423 0001847 140.0862 220.0533 15.64313795317403
METEOR 2-10
1 14452U 83109A   26140.60197009  .00000133  00000-0  47739-4 0  9993
2 14452  81.1630  24.9021 0088923 283.0165  76.1099 14.27268440213488
IONOSFERA-M 03
1 64876U 25155A   26140.51260796  .00000018  00000-0  27808-4 0  9996
2 64876  98.6011 103.1173 0000731   4.7402 355.3782 14.21481081 42472
CENTISPACE-1 S6
1 54021U 22126B   26140.52860711  .00000294  00000-0  94937-4 0  9999
2 54021  54.9999 325.3746 0014857  17.9665 342.1851 14.62245704192953
COSMOS 1053
1 11130U 78109C   26140.40776267 -.00000009  00000-0  48613-4 0  9999
2 11130  74.0162 284.9933 0037559 303.3014  85.8624 12.51499092168021
KUIPER-00079
1 64826U 25151L   26140.27417426  .00002051  00000-0  29796-3 0  9990
2 64826  51.9013 344.0111 0000727 106.7677 253.3365 14.79927416 47100
NINGXIA-1 10
1 49022U 21064E   26140.55577641 -.00000152  00000-0 -11498-4 0  9990
2 49022  45.0007 351.2806 0007459 128.7141 231.4364 14.08548590250339
CHECKMATE 8
1 56162U 23050A   26140.34265183  .00000070  00000-0  52277-4 0  9999
2 56162  81.0004  98.4754 0007427  43.4741 316.6999 13.84953780158291
KUIPER-00025
1 63739U 25088R   26140.27041138  .00000426  00000-0  84831-4 0  9990
2 63739  51.9020 144.0832 0000481  43.5080 316.5920 14.79930251 58417
SIMSAT 1
1 26365U 00026A   26140.44301379  .00001460  00000-0  51895-4 0  9997
2 26365  86.3432 145.3409 0010950  87.5107 272.7394 15.27982915438153
SHIYAN 4 (SY-4)
1 37931U 11068B   26140.50285156  .00000069  00000-0  43272-4 0  9991
2 37931  98.6965 159.4972 0022073 224.9862 298.7800 14.31116718754937
PICOSAT 1&2 (TETHERED)
1 26080U 00004H   26140.05053676  .00000346  00000-0  11029-3 0  9994
2 26080 100.2157 170.1619 0028734 243.9968 115.8258 14.47684974382843
ONEWEB-0633
1 56074U 23043AE  26140.63039945  .00000189  00000-0  46765-3 0  9995
2 56074  87.8995 264.6784 0001479  97.2351 262.8947 13.15549405152783
ONEWEB-0640
1 55804U 23029J   26140.69569706 -.00000067  00000-0 -21607-3 0  9993
2 55804  87.8927 295.2286 0002189  78.9317 281.2059 13.14504858155809
SUOMI100
1 43804U 18099AY  26140.96498733  .00008700  00000-0  32351-3 0  9990
2 43804  97.4198 201.4712 0010251  26.7964 333.3803 15.27712687409269
GLOBALSTAR M062
1 26082U 00008B   26140.39157109 -.00000076  00000-0  16200-3 0  9990
2 26082  51.9824 184.1461 0007310 114.8184 258.6082 12.43491001538576
ST5-A
1 28980U 06008A   26140.54391325  .00016281  32047-5  61384-3 0  9990
2 28980 105.5140 160.9562 1627240 338.5361  15.4363 12.19524611819311
CONNECTA IOT-14
1 67401U 26004AQ  26140.72613130  .00001865  00000-0  94001-4 0  9994
2 67401  97.4511 140.1581 0011574  78.3905 281.8628 15.18338164 19596
LYRA-1
1 62664U 25009BH  26140.19629524  .00005982  00000-0  29481-3 0  9992
2 62664  97.3982 215.3772 0007315 292.1655  67.8802 15.18294492 74172
GLOBAL-19
1 55982U 23041B   26140.63595777  .00010189  00000-0  26930-3 0  9993
2 55982  42.0027   2.6279 0005515 161.2732 198.8312 15.38425729177687
HULIANWANG DIGUI-149
1 67525U 26013D   26140.54313028 -.00000108  00000-0  34334-4 0  9997
2 67525  50.0074  94.8187 0001038  16.7595 343.3311 13.29326971 16373
GARAI-B
1 68463U 26067AZ  26140.61026941  .00005554  00000-0  28075-3 0  9994
2 68463  97.4534  99.4287 0004494 139.8309 220.3258 15.17448283  7758
SJ-11-08
1 40286U 14066A   26140.54672616  .00000148  00000-0  36215-4 0  9991
2 40286  98.3487 284.9331 0011242 323.8068  36.2373 14.66134668617161
TYVAK-182A
1 48271U 21034D   26140.42473469  .00003332  00000-0  23348-3 0  9998
2 48271  97.5740 199.8278 0007601  73.7068 286.4994 15.05872446275654
IRIS
1 39197U 13033A   26140.48717332  .00000649  00000-0  80548-4 0  9995
2 39197  97.9346 339.8502 0025625  51.8613 308.4906 14.85821533696262
KUIPER-00014
1 63730U 25088G   26140.53244404  .00001012  00000-0  16173-3 0  9996
2 63730  51.9005 150.3610 0000068  42.6515 317.4453 14.79938191 58028
COSMOS 2213
1 22184U 92068C   26140.39167189  .00000030  00000-0  10581-3 0  9990
2 22184  82.6021   4.7175 0002744 174.7883 358.3379 12.62611126547447
COSMOS 1291
1 12640U 81074E   26140.53191965 -.00000015  00000-0  56941-5 0  9992
2 12640  74.0341 336.6641 0004658 295.8985  92.5798 12.50886969 45027
KUIPER-00024
1 63738U 25088Q   26140.71745897  .00000746  00000-0  12682-3 0  9990
2 63738  51.9022 134.6262 0000505  59.9529 300.1483 14.79940034 58723
SDA_1682
1 65992U 25230U   26140.54127243  .00000111  00000-0  98479-4 0  9998
2 65992  81.3033 237.8810 0001078  98.9458 261.1818 13.78089686 29957
ONEWEB-0217
1 48245U 21031AM  26140.35634049  .00000027  00000-0  38797-4 0  9994
2 48245  87.8943 295.2463 0001460 101.8826 258.2468 13.14503924244526
HAWK-3C
1 48948U 21059BX  26140.82486123  .00028590  00000-0  26793-3 0  9991
2 48948  97.6806 340.6321 0006129  79.0006 281.1943 15.67164666273569
TIANPING 3B-01
1 61615U 24189B   26140.51417444  .00001396  00000-0  11389-3 0  9990
2 61615  97.5213 161.5300 0004135  79.6103 280.5587 15.00995104 86297
FGN-100-D3
1 68464U 26067BA  26140.61030901  .00002936  00000-0  15017-3 0  9999
2 68464  97.4509  99.4155 0003630 149.0707 211.0741 15.17414734  7759
FLOCK 4BE 3
1 60561U 24149CX  26140.22666193  .00012479  00000-0  30810-3 0  9994
2 60561  97.3694 223.8906 0004505  50.1499 310.0144 15.40643235 98036
QIANFAN-82
1 63168U 25046K   26140.46310657  .00000021  00000-0  13497-4 0  9997
2 63168  88.9687 303.4662 0013668  37.9840 322.2273 13.51006964 68900
RADARSAT
1 23710U 95059A   26140.29364499  .00000153  00000-0  72564-4 0  9997
2 23710  98.5471 149.6578 0001569  98.5698 261.5664 14.32392026594353
FLOCK 4G 36
1 62675U 25009BU  26140.47791284  .00007087  00000-0  25625-3 0  9992
2 62675  97.4013 222.3595 0005878  71.8431 288.3448 15.28734279 74660
ONEWEB-0686
1 56721U 23068M   26140.54119970  .00000091  00000-0  20372-3 0  9996
2 56721  87.9093 234.2843 0001779 109.2649 250.8674 13.16596873148071
ONEWEB-0516
1 54134U 22138X   26140.47409317  .00000032  00000-0  47919-4 0  9990
2 54134  87.9147 310.4989 0001648  91.0326 269.0996 13.19726485173175
HULIANWANG DIGUI-26
1 63693U 25086G   26140.47216906  .00000027  00000-0  28444-4 0  9991
2 63693  86.5062 322.5390 0001441  69.8070 290.3219 13.24406511 51199
ONEWEB-0600
1 54664U 22166Y   26140.56427166  .00000083  00000-0  16906-3 0  9998
2 54664  87.9252 249.4754 0001990  93.6839 266.4522 13.21826903167862
LOPEN
1 60473U 24149F   26140.17644539  .00011519  00000-0  30232-3 0  9992
2 60473  97.3775 223.3443 0001678  58.6892 301.4518 15.38799054 97954
KUIPER-00188
1 67142U 25301K   26140.96758444  .00002121  00000-0  32909-3 0  9993
2 67142  51.9025  88.6100 0000491  56.0074 304.0934 14.76907571 24672
CYGFM02
1 41886U 16078C   26140.11963727  .00024702  00000-0  26939-3 0  9995
2 41886  34.9418  50.6072 0009541 290.0669  69.9029 15.62308151524771
HODOYOSHI 4
1 40011U 14033B   26140.53227734  .00000827  00000-0  95217-4 0  9998
2 40011  97.5448 326.6911 0024648  40.2810 320.0228 14.88054810644697
SKYSAT C5
1 41772U 16058C   26140.38503975  .00005424  00000-0  16700-3 0  9996
2 41772  97.0487 182.2715 0004133  57.8112 302.3532 15.34025939539487
HULIANWANG DIGUI-117
1 66956U 25287D   26140.69521335  .00000038  00000-0  53868-4 0  9998
2 66956  86.4927 291.6698 0003054  98.7308 261.4172 13.24412588 21709
LEMU-NGE
1 60532U 24149BS  26140.27281313  .00001320  00000-0  12645-3 0  9993
2 60532  97.6846 215.7984 0002638 104.6829 255.4684 14.94819731 95783
EGYPTSAT 1
1 31117U 07012A   26140.60045839  .00000560  00000-0  81695-4 0  9995
2 31117  98.0582  96.7045 0004642 175.2004 184.9253 14.79689551 25636
ONEWEB-0365
1 49291U 21090N   26140.21031829 -.00000057  00000-0 -17443-3 0  9992
2 49291  87.9155 310.5425 0001752  91.0452 269.0881 13.19725239222730
YAOGAN 42-01
1 59395U 24063A   26140.56392091  .00007120  00000-0  29589-3 0  9990
2 59395  34.9992 299.5663 0003195  65.4616 294.6432 15.23103449118636
KUIPER-00251
1 67156U 25301Z   26140.07990224  .00001803  00000-0  26549-3 0  9993
2 67156  51.9002 102.4718 0001867 139.5441 220.5660 14.79924734 24597
PATHFINDER 1
1 41787U 16059E   26140.45643881  .00000336  00000-0  67056-4 0  9990
2 41787  97.8170 140.9850 0027075 296.1697  63.6724 14.67626261515649
HORYU 4
1 41340U 16012D   26140.51525049  .00148657  00000-0  74679-3 0  9993
2 41340  30.9886 279.6091 0004177  88.1764 271.9372 15.80155358566419
FORMOSAT-7R/TRITON
1 58017U 23155B   26140.18850010  .00000989  00000-0  10567-3 0  9991
2 58017  97.8355 221.7799 0002107 128.9465 231.1941 14.91022425142055
COSMOS 1435
1 13767U 83002G   26140.36575167 -.00000026  00000-0 -59844-4 0  9994
2 13767  74.0210 142.1833 0034409 196.7609 272.9554 12.55713185986241
ONEWEB-0349
1 49281U 21090C   26140.34946683  .00000066  00000-0  12940-3 0  9993
2 49281  87.9173 279.9921 0001844  99.6604 260.4737 13.20769267226159
YUNHAI 2-2F
1 59285U 24052F   26140.50942306 -.00000052  00000-0  43710-4 0  9991
2 59285  50.0116 320.2402 0005365  84.0046 276.1480 14.27979197115201
ONEWEB-0596
1 54662U 22166W   26140.60127793  .00000063  00000-0  12129-3 0  9995
2 54662  87.9255 249.4735 0001917 102.6313 257.5035 13.21825306167898
GEESAT 1-05
1 52789U 22058E   26140.44566682  .00002807  00000-0  24119-3 0  9999
2 52789  49.9879 312.7100 0000922 236.4697 123.6160 15.00409193216047
ONEWEB-0188
1 48231U 21031X   26140.35002044  .00000205  00000-0  51803-3 0  9993
2 48231  87.8932 295.2796 0001805  98.9422 261.1912 13.14503179244483
SRMSAT
1 37841U 11058D   26140.52189102  .00000356  00000-0  49181-4 0  9990
2 37841  19.9712 226.9260 0011594 260.0428 221.0161 14.11569049753900
KUIPER-00120
1 65762U 25217A   26140.59176957  .00003322  00000-0  46429-3 0  9993
2 65762  51.8994  95.1091 0000767  90.9509 269.1541 14.79951994 35386
YAOGAN-30 W
1 46809U 20076C   26140.49652063  .00001675  00000-0  12565-3 0  9991
2 46809  34.9967 259.6328 0006260 194.4970 165.5559 15.02539286303979
RADIO 8
1 12998U 81120B   26140.43091153 -.00000121  00000-0 -15503-2 0  9992
2 12998  82.9559 135.9523 0019274 175.6446 338.1906 12.03197253950820
GHGSAT-C5
1 52744U 22057N   26140.49215130  .00004486  00000-0  13918-3 0  9993
2 52744  97.6657 286.6669 0006232 205.4819 154.6116 15.33937628221296
COSMOS 2292
1 23278U 94061A   26140.45451051  .00001927  00000-0  15886-3 0  9990
2 23278  82.9711 293.2469 0818674 231.9999 120.4489 13.70673150554200
ONEWEB-0268
1 48986U 21060V   26140.52220753  .00000055  00000-0  11124-3 0  9995
2 48986  87.9107 234.2733 0002146  99.0845 261.0528 13.16594801236217
BNU-1
1 44529U 19059B   26140.51944544  .00000255  00000-0  80320-4 0  9996
2 44529  98.6033 269.0969 0014506  97.2070 263.0772 14.48363706352983
CARTOSAT 2C
1 41599U 16040A   26140.46370787  .00004129  00000-0  19903-3 0  9995
2 41599  97.4490 200.8193 0008693 223.8678 136.1867 15.19242024549503
ONEWEB-0632
1 56073U 23043AD  26140.63674230  .00000225  00000-0  56317-3 0  9991
2 56073  87.8987 264.7040 0002095  97.4832 262.6537 13.15550071152807
EUCROPIS
1 43807U 18099BB  26140.42386350  .00005763  00000-0  26964-3 0  9994
2 43807  97.4235 196.6201 0006402  51.4759 308.7049 15.20119956408240
POEM
1 52939U 22072E   26140.59844158  .00005365  00000-0  17688-3 0  9990
2 52939   9.9523 280.3871 0023140 149.5101 210.6463 15.23717333215294
NOAA 10
1 16969U 86073A   26140.39533072  .00000048  00000-0  36401-4 0  9990
2 16969  98.7031 133.6723 0013245  78.5648  86.7088 14.29168222 65442
RAPTOR3
1 58958U 24028D   26140.40806577 -.00000069  00000-0  99187-5 0  9996
2 58958  39.9893 170.9930 0010546  95.3061 264.8889 13.70484962113258
COSMOS 1814
1 17303U 87006A   26140.49666609  .00000070  00000-0  33017-4 0  9999
2 17303  74.0549 308.3934 0023860  52.6968 307.6355 14.35997671 58262
GRUS-1A
1 43890U 18111Q   26140.53155537  .00000744  00000-0  65966-4 0  9994
2 43890  97.4576   8.8552 0006639 247.7000 112.3520 14.98996151403561
SKYSAT C12
1 43797U 18099AR  26140.30568607  .00012717  00000-0  24554-3 0  9996
2 43797  96.9274 164.6830 0002097 223.1865 136.9223 15.47923278417547
COSMOS 1796
1 17140U 86092C   26140.38470925 -.00000008  00000-0  52457-4 0  9995
2 17140  74.0157   6.2526 0015211 123.1864  49.3366 12.49643158801705
FAST 1 (USA 222)
1 37227U 10062F   26140.54354676  .00000430  00000-0  57000-4 0  9996
2 37227  71.9660 197.6918 0014388 173.8294 186.3052 14.85203572361766
COSMOS 1036
1 11045U 78091C   26140.30351214 -.00000016  00000-0  31078-6 0  9991
2 11045  74.0361 338.9520 0024692 196.9583 336.3420 12.50851736174739
HULIANWANG DIGUI-67
1 65173U 25174K   26140.53255590  .00000047  00000-0  76201-4 0  9999
2 65173  86.4919 261.3017 0001942  95.7906 264.3450 13.24405300 37098
SUPERVIEW NEO-1 04
1 63126U 25040B   26140.84530019  .00000218  00000-0  12658-4 0  9999
2 63126  97.3498 255.9979 0002030  63.8345 296.3100 15.21579116 68036
OSCAR 23
1 19070U 88033A   26140.23788194  .00000085  00000-0  14976-3 0  9997
2 19070  90.3304  21.4007 0191280  99.4756  22.8521 13.27813467843561
COSMOS 2233
1 22487U 93008A   26140.42035826  .00000049  00000-0  34604-4 0  9990
2 22487  82.9462 203.1547 0037816 191.0694 180.0670 13.76038734666207
KUIPER-00480
1 68876U 26095N   26140.92000105  .00021370  00000-0  58353-3 0  9997
2 68876  51.8793  14.2800 0006628 181.7530 178.3434 15.37341261  3536
SHIYAN 25 (SY-25)
1 57047U 23087A   26140.53597785  .00014939  20781-5  28797-4 0  9991
2 57047  96.7886 202.4510 0009834 191.4731 168.6327 16.01029634170376
ONEWEB-0549
1 56051U 23043F   26140.53735091  .00000109  00000-0  23341-3 0  9991
2 56051  87.9250 249.4830 0001651 106.1646 253.9670 13.21827697154577
COSMOS 1910
1 18789U 88002B   26140.32368872  .00000031  00000-0  11191-3 0  9993
2 18789  82.6009 271.3397 0003165 258.9085 161.0513 12.63633692768351
TATIANA
1 28523U 05002C   26140.48298613  .00000111  00000-0  78868-4 0  9995
2 28523  82.9501  66.5301 0039018  58.5004 301.9962 13.88071327 80111
ONEWEB-0026
1 45139U 20008J   26140.38653066 -.00000152  00000-0 -46585-3 0  9993
2 45139  87.8916  26.5990 0001672  81.8637 278.2680 13.11413495307468
COSMOS 1134
1 11542U 79084E   26140.51533801  .00000001  00000-0  11474-3 0  9991
2 11542  74.0271  42.3718 0018907 148.9553  32.2997 12.49079107127159
CHECKMATE 1
1 56168U 23050G   26140.59103230  .00000051  00000-0  35152-4 0  9998
2 56168  81.0027  98.4231 0012536  62.2936 297.9491 13.84946454158270
HULIANWANG DIGUI-160
1 68134U 26047F   26140.51318054 -.00000117  00000-0  14535-4 0  9993
2 68134  50.0051 155.2328 0000474 332.3747  27.7100 13.29331658  9383
MEGSAT 1
1 26546U 00057B   26140.44265732  .00001532  00000-0  11743-3 0  9991
2 26546  64.5469 158.0078 0041345 287.0396  72.6193 15.05311197393488
COSMOS 928
1 10141U 77064A   26140.46849343  .00000034  00000-0  18014-4 0  9990
2 10141  82.9655 158.5248 0039401  83.3195 277.2444 13.76904056453680
RAPIDEYE 1
1 33314U 08040C   26140.78961783  .00000202  00000-0  19118-4 0  9996
2 33314  97.4113 169.9096 0025399 273.7538  86.0784 15.03299791961548
ORBCOMM FM 40
1 33065U 08031F   26140.33571319  .00000763  00000-0  11702-3 0  9994
2 33065  48.4398 156.7453 0005622  37.0579 337.6500 14.83948382964207
OPS 7323 (DMSP 5B F3)
1 06275U 72089A   26140.38730216  .00000160  00000-0  78073-4 0  9995
2 06275  98.5297 307.6402 0035495  44.3484 316.0532 14.29941683780706
YAOGAN-36 02C
1 54045U 22133D   26140.51050431  .00023831  00000-0  46260-3 0  9999
2 54045  34.9896 254.3690 0006772 321.8589  38.1653 15.46661805200938
DJIBOUTI-1B
1 62402U 24247AB  26140.42411433  .00037312  00000-0  58983-3 0  9990
2 62402  44.9725  41.7494 0006370 155.6597 204.4597 15.52867899 79210
JILIN-01 GAOFEN 3G
1 46459U 20065F   26140.52679580  .00056358  00000-0  54150-3 0  9991
2 46459  97.2306 196.4065 0012661 148.6195 211.5824 15.66325078315609
TIANQI 40
1 67479U 26010D   26140.84611023  .00000010  00000-0  95172-4 0  9999
2 67479  44.9822 203.5829 0011636 215.4367 144.5694 13.99141037 17568
KUIPER-00279
1 67795U 26030AH  26140.60302891  .00015079  00000-0  43817-3 0  9995
2 67795  51.8765 232.3239 0007786 312.8723  47.1608 15.35649024 16143
YAOGAN-43 03A
1 61617U 24190A   26140.64898789  .00004559  00000-0  19077-3 0  9999
2 61617  34.9916  10.9344 0004068  76.6880 283.4288 15.22975037 87662
TATIANA 2
1 35868U 09049D   26140.60787579  .00000094  00000-0  60144-4 0  9996
2 35868  98.7166 103.0063 0004140   9.8150 350.3109 14.24216762865762
YAOGAN-30 Y
1 48424U 21039B   26140.23438571  .00000298  00000-0  24207-4 0  9991
2 48424  34.9947 201.4040 0004795 296.6275  63.3942 15.02554591275337
QIANFAN-23
1 61556U 24185E   26140.51584387  .00000325  00000-0  15619-3 0  9992
2 61556  88.9841  59.4670 0008168 147.4597 212.7096 14.16477556 92222
QPS-SAR-11 YAMATSUMI
1 64340U 25125A   26140.58503190  .00002776  00000-0  22600-3 0  9991
2 64340  42.0095 343.9361 0010966 305.1169  54.8629 15.01337701 51474
COSMOS 864
1  9509U 76108A   26140.50962565  .00000034  00000-0  19092-4 0  9998
2  9509  82.9403 170.1034 0028908 219.6994 310.0758 13.75578594486639
HULIANWANG DIGUI-19
1 62979U 25030J   26140.54406066 -.00000105  00000-0  41166-4 0  9996
2 62979  50.0064 334.9090 0001182  73.0728 287.0274 13.29318593 62188
COSMO-SKYMED-FM3
1 67304U 26001A   26140.04712794  .00000161  00000-0  26754-4 0  9992
2 67304  97.8885 324.0569 0001313  90.8913 269.2451 14.82159939 20297
CONNECTA IOT-4
1 60524U 24149BJ  26140.49064665  .00014488  00000-0  35273-3 0  9998
2 60524  97.3794 224.5569 0005574  44.3982 315.7711 15.41025529 98064
DMSP 5D-3 F16 (USA 172)
1 28054U 03048A   26140.52496362 -.00000043  00000-0  14203-5 0  9997
2 28054  98.9906 164.1684 0006296 218.0569 296.5626 14.14479738165574
ONEWEB-0511
1 54129U 22138S   26140.94636796  .00000026  00000-0  32178-4 0  9993
2 54129  87.9156 310.3975 0002063  87.5129 272.6240 13.19724327173249
COSMOS 2009
1 19903U 89025B   26140.41616413 -.00000028  00000-0 -71136-4 0  9999
2 19903  74.0071 141.1178 0040755  33.0726 118.2559 12.55948959703477
BUZZZER-1
1 62609U 25009A   26140.49553720  .00002360  00000-0  10844-3 0  9998
2 62609  97.3938 219.2352 0009250  77.0512 283.1756 15.21313706 74480
UMBRA-11
1 66748U 25276CL  26140.65190858  .00015539  00000-0  61762-3 0  9996
2 66748  97.4201 215.4789 0003659  94.5052 265.6604 15.25385494 26294
PROITERES
1 38756U 12047B   26140.52176207  .00000238  00000-0  36828-4 0  9990
2 38756  98.2369  61.4794 0011486 137.1450 223.0660 14.82432230738219
ORBCOMM FM 41
1 33061U 08031B   26140.32435522  .00000598  00000-0  10048-3 0  9992
2 33061  48.4421 155.4522 0003632  25.6439 347.8768 14.82508804964232
ONEWEB-0124
1 47270U 20100N   26140.59879882  .00000229  00000-0  60004-3 0  9998
2 47270  87.8952 356.1603 0001890  83.7708 276.3636 13.12441035260955
NUSAT-49(K.VON NEUMANN)
1 60500U 24149AJ  26140.47082770  .00006243  00000-0  21769-3 0  9992
2 60500  97.3775 221.9476 0003302  68.6059 291.5534 15.29981458 97898
NORSAT 4
1 62702U 25009CX  26140.46899499  .00000801  00000-0  78620-4 0  9990
2 62702  97.7049 219.6612 0003011 113.5886 246.5651 14.94928917 73226
HULIANWANG DIGUI-96
1 66412U 25258A   26140.01319277 -.00000091  00000-0  71401-4 0  9992
2 66412  50.0062  36.6818 0000917  33.2616 326.8314 13.29323296 25985
AAC-AIS-SAT3
1 58997U 23174DJ  26140.50335131  .00001916  00000-0  23294-3 0  9999
2 58997  97.6251 190.3555 0007804  61.5215 298.6786 14.84558697137045
HULIANWANG DIGUI-114
1 66953U 25287A   26140.34007585  .00000019  00000-0  91967-5 0  9995
2 66953  86.4910 291.7805 0001514 105.6568 254.4733 13.24410398 21650
COSMOS 1304
1 12803U 81087A   26140.50744193  .00000070  00000-0  45907-4 0  9990
2 12803  82.9357  65.1568 0044547 303.1929  56.4965 13.87849980639079
ONEWEB-0206
1 48227U 21031T   26140.32781103  .00000072  00000-0  16063-3 0  9996
2 48227  87.8943 295.2540 0001909  92.3923 267.7425 13.14501902244568
COSMOS 1362
1 13165U 82040F   26140.40254553 -.00000027  00000-0 -75861-4 0  9993
2 13165  74.0083 143.3718 0018073 346.5111 175.5047 12.46160435  3269
CS2
1 49262U 21088C   26140.14254958  .00012332  00000-0  35984-3 0  9996
2 49262  97.3826 205.7808 0010381 174.3658 185.7704 15.35430442256216
CP3
1 31129U 07012N   26140.40352266  .00000734  00000-0  13756-3 0  9996
2 31129  98.4525 119.3976 0082595 146.5078 214.1387 14.65828638 14661
QIANFAN-37
1 62238U 24232B   26140.48816443  .00000119  00000-0  16580-3 0  9999
2 62238  89.0098  25.3626 0002261  61.0205 299.1173 13.51009358120602
NADEZHDA 2
1 20508U 90017A   26140.54896072  .00000036  00000-0  21513-4 0  9991
2 20508  82.9545  94.4240 0044510 155.0052 322.1223 13.74554338816581
USA 61
1 20691U 90050C   26140.37270911  .00003095  00000-0  22735-3 0  9994
2 20691  63.2952 286.8378 0881489  84.6480 285.4370 13.62592347102517
IRIDIUM 124
1 42810U 17039H   26140.38938510  .00000085  00000-0  19207-4 0  9991
2 42810  86.4460 301.9881 0002215  90.5727 269.5728 14.43280293471103
TEIKYOSAT-4 (OORURI)
1 49396U 21102B   26140.34471239  .00001171  00000-0  76941-4 0  9994
2 49396  97.3691 170.9101 0012947  36.1425 324.0677 15.09397031248529
COSMOS 422
1 05238U 71046A   26140.47916015  .00000018  00000-0  44627-4 0  9998
2 05238  74.0196 219.4018 0015085 203.6384 168.2298 13.72292283753681
GLOBALSTAR M068
1 32266U 07048D   26140.34707293 -.00000058  00000-0  25220-3 0  9994
2 32266  51.9906 354.4579 0001486 124.5507  45.9529 12.62846305860152
VRSS-2
1 42954U 17060A   26140.55679277  .00000869  00000-0  11803-3 0  9998
2 42954  97.6526 179.5263 0016740 184.9179 175.1872 14.81144980464365
COSMOS 968
1 10520U 77119A   26140.53840026  .00000060  00000-0  28971-4 0  9991
2 10520  74.0288 189.2283 0016439  68.6728 291.6178 14.37083998534831
COSMOS 2219
1 22219U 92076A   26140.53218516 -.00000226  00000-0 -93950-4 0  9996
2 22219  71.0612 227.8834 0015585  89.8603 270.4305 14.14101696728536
SDA_1679
1 65989U 25230R   26140.54879924  .00000139  00000-0  11273-3 0  9990
2 65989  81.3037 237.2416 0001878 275.5280  84.5662 13.84856027 29993
NIGERIASAT X
1 37790U 11044C   26140.39505878  .00000195  00000-0  48738-4 0  9993
2 37790  97.8536 125.9799 0013626  65.2594 295.0024 14.60843139786111
BRO-9
1 56185U 23054H   26140.36521218  .00199154  00000-0  88088-3 0  9994
2 56185  97.2966  56.7557 0008007 117.4320 242.7765 15.83876766174668
GLOBALSTAR M022
1 25649U 99012A   26140.57397664 -.00000111  00000-0 -28442-3 0  9995
2 25649  52.0028  93.7141 0002571 106.7616  65.1198 12.02513042216966
SJ-7
1 28737U 05024A   26140.53107205  .00005174  00000-0  23529-3 0  9995
2 28737  97.7302 169.8989 0017438 125.5705 234.7158 15.21068783143824
QIANFAN-7
1 60385U 24140G   26140.48709588  .00000308  00000-0  11884-3 0  9991
2 60385  88.9751 275.0307 0013327 231.1811 128.8194 14.27808757 93047
YAOGAN-33 03
1 57797U 23136A   26140.55050296  .00000254  00000-0  64274-4 0  9993
2 57797  98.1959  65.2426 0006383 275.8874  84.1598 14.58699148143901
ONEWEB-0718
1 56081U 23043AM  26140.58288085  .00000098  00000-0  22713-3 0  9994
2 56081  87.8987 264.7032 0001707 115.7293 244.4014 13.15549715152802
SKYCRAFT 4B
1 64872U 25154D   26140.50855253  .00004021  00000-0  35206-3 0  9996
2 64872  97.6661 205.6439 0004352   5.5626 354.5644 14.97254593 44908
GHOST-3
1 56958U 23084AC  26140.35664942  .00012260  00000-0  24548-3 0  9999
2 56958  97.6191 287.4631 0006730  45.2491 314.9305 15.46885312163716
QIANFAN-15
1 60393U 24140Q   26140.54227383  .00000065  00000-0  81544-4 0  9996
2 60393  88.9707 282.7851 0014451  96.9971 263.2824 13.51010553 88705
YAOGAN-32 2B
1 49384U 21099B   26140.49328248  .00000431  00000-0  91206-4 0  9992
2 49384  98.2427 274.2841 0001113  73.8795 286.2530 14.64162542242318
MUBLCOM
1 25736U 99026B   26140.31972674  .00000737  00000-0  17254-3 0  9990
2 25736  97.6883   2.3004 0003970 342.3054  17.8007 14.57139384425789
ONEWEB-0096
1 45439U 20020R   26140.20852941  .00000613  00000-0  16935-2 0  9999
2 45439  87.8920  26.6263 0001880  81.7432 278.3909 13.11415387298997
ONEWEB-0450
1 50504U 21132AM  26140.49438869  .00000007  00000-0 -15003-4 0  9998
2 50504  87.9163 340.9719 0001675  82.8360 277.2962 13.18686831217953
BEESAT
1 35933U 09051C   26140.45415592  .00000522  00000-0  11466-3 0  9996
2 35933  98.3982  47.5514 0004510 327.5835  32.5088 14.61668848885136
GLOBALSTAR M041
1 25650U 99012B   26140.58191516 -.00000065  00000-0  25922-3 0  9993
2 25650  52.0042 345.4352 0000629 295.0722  65.0049 11.96683123218671
COSMOS 1527
1 14616U 84001F   26140.41145098 -.00000013  00000-0  16354-4 0  9994
2 14616  74.0078 305.1102 0001858 201.2725 183.0643 12.51104285523902
COSMOS 2226
1 22282U 92092A   26140.28382271 -.00000016  00000-0  52623-5 0  9995
2 22282  73.6209 143.0858 0028596  65.8326 305.9384 12.41305239513746
TOMORROW-R2
1 56962U 23084AG  26140.42773500  .00156679  11179-4  51507-3 0  9994
2 56962  97.5949 301.0233 0002687 268.1033  91.9932 15.90533549164627
ION-SCV-021
1 67483U 25276DT  26140.44865403  .00000349  00000-0  34757-4 0  9993
2 67483  97.5254 211.9147 0010581 209.5895 150.4730 14.97471863 18458
APRIZESAT 5
1 37792U 11044E   26140.30740543  .00000599  00000-0  82897-4 0  9998
2 37792  98.2448  72.5608 0053692  92.4133 268.3227 14.81007710794661
TUBSAT A
1 21577U 91050D   26140.21134760  .00000077  00000-0  37617-4 0  9996
2 21577  98.3840 210.5358 0005887 356.1621   3.9522 14.40540411829354
JD 1
1 14728U 84012C   26140.27808231  .00001038  00000-0  14392-3 0  9995
2 14728  63.3086 118.4006 0749229 127.9416 239.1791 13.74700410339816
KUIPER-00107
1 65145U 25171P   26140.40488611 -.00000943  00000-0 -94741-4 0  9999
2 65145  51.8994 190.9693 0000353 103.9049 256.1953 14.79943202 43653
ONEWEB-0040
1 45147U 20008S   26140.48447271  .00000716  00000-0  20141-2 0  9995
2 45147  87.8853  41.7934 0001852  75.2800 284.8532 13.10373185304234
HAWK-12A
1 64623U 25138C   26140.48988231  .00002674  00000-0  13475-3 0  9998
2 64623  97.4407 143.7130 0012540 228.8895 131.1257 15.17970905 49666
LEMUR-2 IRINA
1 68480U 26067BS  26140.18180621  .00002130  00000-0  21173-3 0  9990
2 68480  97.7617  98.9568 0004602  29.0313 331.1161 14.92736950  7559
LEMUR-2-TEODOR
1 66768U 25276DG  26140.67967117  .00004148  00000-0  19178-3 0  9998
2 66768  97.4152 214.8767 0001175 124.1279 236.0069 15.20711185 26261
COSMOS 2416
1 28908U 05048A   26140.45886336  .00000024  00000-0  83938-4 0  9991
2 28908  82.4676 325.3969 0007260 226.7631 158.5622 12.55599936935427
KUIPER-00047
1 64507U 25134H   26140.80490602  .00002381  00000-0  34116-3 0  9991
2 64507  51.8990 256.6671 0000286  88.1060 271.9935 14.79937972 50995
SIRION PATHFINDER-2
1 43759U 18099B   26140.56274851  .00003511  00000-0  19531-3 0  9998
2 43759  97.4267 190.2795 0009703  44.9718 315.2298 15.14264907408449
ELISA E12
1 38010U 11076D   26140.51284459  .00001069  00000-0  10906-3 0  9993
2 38010  97.6412 167.3127 0001065  76.7136 283.4202 14.92663154775092
QIANFAN-85
1 63171U 25046N   26140.48788852  .00000068  00000-0  86362-4 0  9991
2 63171  88.9686 303.4668 0014162  36.5897 323.6218 13.51014160 68907
COSMOS 1089
1 11308U 79026A   26140.54811954  .00000036  00000-0  21643-4 0  9996
2 11308  82.9754 175.4980 0024006  94.1096  68.3362 13.75417539365585
SHIYAN 27E
1 63603U 25078E   26140.47913218 -.00000000  00000-0  61921-4 0  9992
2 63603  99.6896 148.0477 0001208  90.3519 269.7758 13.57238584 53778
KINEIS-2B
1 62934U 25028G   26140.43138488  .00000806  00000-0  13225-3 0  9993
2 62934  97.9684 193.7963 0002468 218.4966 141.6067 14.73302921 68576
HULIANWANG DIGUI-158
1 68132U 26047D   26140.31271171 -.00000107  00000-0  36317-4 0  9998
2 68132  50.0025 156.1546 0000214 356.4101   3.6769 13.29330209  9359
LARETS
1 27944U 03042F   26140.50100477 -.00000003  00000-0  91448-5 0  9997
2 27944  98.4127 302.1301 0013365 119.9350 240.3181 14.63863508209313
ONEWEB-0122
1 47268U 20100L   26140.84189697 -.00000190  00000-0 -56256-3 0  9994
2 47268  87.8964 356.0977 0001627  82.8592 277.2722 13.12440416260966
MAGNARO-2
1 68798U 26088G   26140.35720469  .00003080  00000-0  20045-3 0  9996
2 68798  97.5041 290.4073 0019490 172.5821 187.5699 15.08546017  4107
ONEWEB-0029
1 45445U 20020X   26140.17663022 -.00000545  00000-0 -15869-2 0  9993
2 45445  87.8911  26.6408 0001994  79.7785 280.3567 13.10888717298981
GEESAT 4-11
1 65129U 25170L   26140.49863508  .00000940  00000-0  13912-3 0  9996
2 65129  49.9848 302.1663 0006855 344.3046  15.7679 14.83882648 42324
LEMUR-2 CLARA
1 68483U 26067BV  26140.59261973  .00002349  00000-0  23426-3 0  9993
2 68483  97.7631  99.3527 0004343  43.4671 316.6890 14.92507942  7618
KUIPER-00507
1 68887U 26095Z   26140.37825487  .00018913  00000-0  49435-3 0  9996
2 68887  51.8849  16.6575 0000722  85.1309 274.9761 15.38790690  3457
KUIPER-00198
1 67770U 26030G   26140.55074913  .00002326  00000-0  33409-3 0  9990
2 67770  51.8969 242.8466 0000585 112.4242 247.6782 14.79915378 15997
QIANFAN-113
1 68640U 26075E   26140.47377858  .00000026  00000-0  13891-4 0  9990
2 68640  88.9878 323.8730 0011520  79.4038 280.8424 13.75993050  6040
TIANMU-1 04
1 55974U 23039B   26140.49232368  .00011480  00000-0  22929-3 0  9998
2 55974  97.5167 312.5497 0003967 171.0233 189.1087 15.46986520176565
MICE-1
1 66684U 25276U   26140.51328517  .00002278  00000-0  11215-3 0  9999
2 66684  97.4274 214.6058 0007202  92.4496 267.7563 15.18963363 26218
COSMOS 2503
1 40420U 15009A   26140.43494733  .00001307  00000-0  92722-4 0  9992
2 40420  97.8326 196.6879 0015784 351.3439   8.7513 15.06507068614751
MAROC TUBSAT
1 27004U 01056D   26140.46765351 -.00000039  00000-0  92400-5 0  9998
2 27004  99.8070 316.8060 0019413 212.0243 174.1001 13.70261213222392
YAOGAN 20C
1 40111U 14047C   26140.55568716 -.00000220  00000-0 -13823-3 0  9995
2 40111  63.3779  90.9490 0387769  14.9247 346.2848 13.45446631578576
GEESAT 5-02
1 65551U 25201B   26140.51692543  .00000737  00000-0  11449-3 0  9999
2 65551  49.9851 167.7722 0008618 222.4190 137.6083 14.84085721 37687
KUIPER-00249
1 67154U 25301X   26140.58905005  .00001788  00000-0  26321-3 0  9990
2 67154  51.8991  97.7046 0000735  76.3973 283.7071 14.79982938 24511
RASSVET-3 16
1 68375U 26061R   26140.45546985  .00049346  00000-0  23080-3 0  9995
2 68375  82.2957  43.7906 0013347 201.0416 159.0305 15.82916383  9148
CONNECTA IOT-9
1 64534U 25135G   26140.27342194  .00002025  00000-0  97456-4 0  9997
2 64534  97.4730 255.4137 0003765 266.3462  93.7343 15.19923723 50580
CP5
1 38763U 12048F   26140.56853382  .00011480  00000-0  39578-3 0  9994
2 38763  64.6452 243.8180 0083915 185.0024 175.0276 15.27032764112546
FLOCK 4Q 15
1 58319U 23174BR  26140.51947503  .00543229  11908-3  15873-2 0  9993
2 58319  97.3796 235.7750 0009433 237.9336 122.1023 15.92721587141767
FAISAT 2V
1 24954U 97052B   26140.35812992  .00000064  00000-0  46556-4 0  9999
2 24954  82.9240   5.0317 0040121  31.8008 141.4181 13.80369364443166
HUYGENS
1 55093U 23001CN  26140.52773991  .00006668  00000-0  17156-3 0  9993
2 55093  97.3257 207.7019 0010017 172.7188 187.4205 15.39537584188112
HULIANWANG DIGUI-130
1 67238U 25311C   26140.50399919 -.00000089  00000-0  75954-4 0  9998
2 67238  50.0047 215.2950 0000995 230.1474 129.9310 13.29322192 19652
QIANFAN-13
1 60391U 24140N   26140.50939991  .00000074  00000-0  95606-4 0  9999
2 60391  88.9704 282.9304 0014987 109.0233 251.2543 13.51007633 88706
ONEWEB-0532
1 55140U 23004A   26140.39257448 -.00000133  00000-0 -37490-3 0  9994
2 55140  87.9157  11.3917 0001943  94.0899 266.0454 13.17650266163927
HULIANWANG DIGUI-125
1 67065U 25295G   26140.66601450 -.00000117  00000-0  15073-4 0  9998
2 67065  49.9966 123.9770 0000818 334.1819  25.9012 13.29325923 21847
QIANFAN-53
1 62254U 24232T   26140.50054575  .00000110  00000-0  15170-3 0  9995
2 62254  89.0107  25.2625 0016179  92.7708 267.5295 13.51008683 89340
PRAETORIAN SDA_616
1 65579U 25203Q   26140.42493254  .00000121  00000-0  99535-4 0  9999
2 65579  81.3082  36.7367 0004496 283.6289  76.4367 13.83320970 34847
QIANFAN-92
1 66034U 25233B   26140.29388358  .00000143  00000-0  20318-3 0  9998
2 66034  89.0003  45.9831 0002292  73.7498 286.3905 13.51007377 29417
IRIDIUM 120
1 42805U 17039C   26140.46616137  .00000021  00000-0  58179-6 0  9995
2 42805  86.3948 333.5577 0001995  86.2841 273.8583 14.34214735467204
QIANFAN-65
1 62795U 25016L   26140.52242235  .00000089  00000-0  11855-3 0  9991
2 62795  88.9713  86.5638 0011674 241.7220 118.2754 13.51008170 68682
SONATE-2
1 59112U 24043Q   26140.32121229  .00027836  00000-0  39266-3 0  9991
2 59112  97.5516 289.0606 0005782 300.2927  59.7755 15.56552283123555
INTERCOSMOS 24
1 20261U 89080A   26140.21653233  .00000320  00000-0  85211-4 0  9990
2 20261  82.6075  57.8378 1187989 126.7649 244.8563 12.59617787675808
COSMOS 2298
1 23431U 94083A   26140.29011578  .00000054  00000-0  30075-4 0  9991
2 23431  74.0288 198.8301 0015489 149.8993 210.3051 14.31176082639692
GEESAT 2-01
1 58905U 24023A   26140.51946403  .00000866  00000-0  13251-3 0  9998
2 58905  49.9938 122.2282 0005636 285.6731  74.3585 14.83145947124805
GEO IK
1 23411U 94078A   26140.43501774 -.00000008  00000-0  69098-4 0  9998
2 23411  73.6131 202.6802 0028588  30.6040 350.7930 12.40864987425623
PAN SAT
1 25520U 98064B   26140.37696519  .00073827  00000-0  26513-3 0  9997
2 25520  28.4312 146.5300 0001359 242.6606 117.3866 15.87238333536132
UMBRA-07
1 58297U 23174AT  26140.18577963  .00006871  00000-0  44372-3 0  9992
2 58297  97.3796 197.0184 0004313 153.3271 206.8181 15.08543196139198
COSMOS 1255
1 12325U 81022F   26140.41829325 -.00000016  00000-0  11628-5 0  9994
2 12325  74.0293 308.1406 0016859  71.7221 312.4225 12.51491310 65110
COSMOS 1027
1 10991U 78074A   26140.50281772  .00000061  00000-0  46485-4 0  9999
2 10991  82.9385  37.8177 0028017 104.3508  68.9509 13.76693828401295
SMILE
1 69123U 26109A   26140.53430810  .00000000  00000-0  14526-4 0  9998
2 69123  70.0026 239.0032 0009420 266.1668  93.8393 14.57174607   206
ONEWEB-0406
1 50486U 21132T   26140.50436436  .00000032  00000-0  49332-4 0  9996
2 50486  87.9164 340.9666 0002262  98.8155 261.3234 13.18687716217977
UMBRA-10
1 60547U 24149CH  26140.24183204  .00011586  00000-0  58780-3 0  9991
2 60547  97.6974 227.0163 0002198 100.1564 259.9917 15.17094652 96494
COSMOS 2451
1 35498U 09036A   26140.51748315 -.00000038  00000-0 -35431-3 0  9996
2 35498  82.4851 109.5306 0005496 274.6832  85.3619 12.40869677764211
IRIDIUM 150
1 43257U 18030J   26140.38027162 -.00000025  00000-0 -15889-4 0  9999
2 43257  86.3932 302.0979 0002042  89.9964 270.1466 14.34217099426173
USA 15
1 16591U 86014A   26140.28451594  .00014042  00000-0  73011-3 0  9998
2 16591  63.2925 335.3391 0666905 112.6104 254.6887 14.14196836103989
IRIDIUM 73
1 25344U 98032C   26140.61598269  .00000317  00000-0  72955-4 0  9992
2 25344  86.4398 263.4389 0001680  86.2546 273.8852 14.52190010479524
COSMOS 469
1  5721U 71117A   26140.50025382 -.00000076  00000-0  14733-4 0  9996
2  5721  64.4884  60.5171 0066587 274.9667  84.3786 13.76147136733316
R2
1 46913U 20081J   26140.55873182  .00005213  00000-0  20776-3 0  9992
2 46913  36.8969 231.4796 0006263  44.4123 315.7127 15.24998826307766
TRAILBLAZER 2
1 27609U 02058E   26140.12981392  .00000111  00000-0  32871-4 0  9995
2 27609  64.5557  63.3501 0050264 248.3943 111.1803 14.81319672263532
GOKTURK 2
1 39030U 12073A   26140.54842792 -.00000037  00000-0  14972-5 0  9991
2 39030  97.6830 339.3634 0002182  80.4627 279.6830 14.75511416720437
GEMS2-AMETHYST
1 68505U 26067CT  26140.31298888  .00002640  00000-0  27333-3 0  9998
2 68505  97.7598  98.9277 0006716 124.9182 235.2668 14.90891235  7562
GLOBALSTAR M045
1 25676U 99019A   26140.52129647 -.00000052  00000-0  36506-3 0  9994
2 25676  51.9976  63.7779 0000764  40.4471 130.7707 12.27075714234809
GLOBALSTAR M058
1 25907U 99049A   26140.65078733 -.00000065  00000-0  26660-3 0  9991
2 25907  51.9946 288.0449 0002631 188.5397 171.5394 11.93217335581826
TIANHUI 4B
1 50573U 21134B   26140.52833494  .00006222  00000-0  12644-3 0  9994
2 50573  88.9698 326.6482 0008045 162.2717 197.8825 15.46089871245565
ORBCOMM FM 119
1 41180U 15081B   26140.44862491  .00000218  00000-0  82377-4 0  9992
2 41180  47.0016  42.5069 0000627 186.4424 173.6454 14.58763722554957
STRIX-6
1 68291U 26056A   26140.21514731  .00001327  00000-0  12658-3 0  9990
2 68291  50.2826 121.9997 0016031 136.4309 223.7909 14.99956273  9079
SOCRATES
1 39768U 14029C   26140.32120247  .00001460  00000-0  14009-3 0  9991
2 39768  97.9046 253.5699 0007434  77.3274 282.8777 14.94670857650246
COSMOS 1980
1 19649U 88102A   26140.52031951  .00000098  00000-0  75157-4 0  9993
2 19649  71.0012  63.1925 0004432  17.0209 343.1062 14.15216558935307
ONEWEB-0288
1 49078U 21075D   26140.87832239  .00000237  00000-0  62252-3 0  9990
2 49078  87.8959 356.0858 0001795  93.0198 267.1136 13.12444519231605
COSMOS 2378
1 26818U 01023A   26140.53493984  .00000060  00000-0  46968-4 0  9992
2 26818  82.9280 241.9844 0034255 123.8027 247.5879 13.74157468251040
CENTISPACE-1 S1
1 43636U 18075A   26140.48911311  .00000285  00000-0  68518-4 0  9991
2 43636  97.8742 165.6421 0008041 198.6058 161.4850 14.59960484406517
SHIYAN 24C 01
1 58650U 23206A   26140.70091955  .00001176  00000-0  10397-3 0  9994
2 58650  97.4041 109.8851 0002037 277.5903  82.5089 14.98082859131199
ONEWEB-0254
1 48972U 21060F   26140.49528240  .00000109  00000-0  25041-3 0  9991
2 48972  87.9113 234.2708 0001675  98.8680 261.2640 13.16596044235948
GONETS D1 9
1 27060U 01058F   26140.49249749  .00000031  00000-0  11532-3 0  9999
2 27060  82.5419 213.8108 0008303  18.4641 341.6750 12.63062219124338
GEESAT 4-02
1 65120U 25170B   26140.47647826  .00000948  00000-0  14012-3 0  9998
2 65120  49.9864 302.7788 0009599 341.3269  18.7315 14.83871614 42342
COSMOS 1156
1 11691U 80012A   26140.58982854 -.00000006  00000-0  60520-4 0  9995
2 11691  74.0220  67.5678 0049024 314.8061 219.4756 12.56898777122915
KL-BETA B
1 49060U 21070B   26140.53651834  .00000167  00000-0  11446-3 0  9990
2 49060  89.0062 221.4687 0004367 178.0591 182.0603 13.94716019244110
DMSP 5D-3 F19 (USA 249)
1 39630U 14015A   26140.50947612  .00000073  00000-0  60326-4 0  9990
2 39630  98.7817 140.8491 0009235 290.4889  69.5293 14.14969364626082
COSMOS 2142
1 21230U 91029A   26140.62635574  .00000057  00000-0  45742-4 0  9998
2 21230  82.9555 259.1606 0036536 285.4277  85.1837 13.73375876758575
COSMOS 994
1 10731U 78028A   26140.50351293  .00000050  00000-0  38035-4 0  9996
2 10731  82.9336  35.3189 0022757 347.0250 187.5109 13.73425544414006
ONEWEB-0231
1 48782U 21045R   26140.59077820  .00000034  00000-0  56076-4 0  9997
2 48782  87.8987 264.6957 0001654  95.2121 264.9198 13.15550891240714
YAOGAN-36 01C
1 53947U 22120E   26140.23693740  .00015180  00000-0  41372-3 0  9997
2 53947  35.0037  57.7973 0005460 260.7221  99.2880 15.36591992203495
KUIPER-00214
1 67778U 26030Q   26140.54821233  .00002253  00000-0  32448-3 0  9993
2 67778  51.8999 245.4336 0000626 111.9252 248.1777 14.79919099 15954
GONETS M 22
1 47229U 20091C   26140.50356479  .00000035  00000-0  18462-3 0  9990
2 47229  82.5011 319.2591 0020994 234.8437 125.0676 12.42891359247585
ONEWEB-0314
1 49100U 21075AB  26140.59339722  .00000026  00000-0  32542-4 0  9990
2 49100  87.9168  11.3362 0001846  95.9756 264.1586 13.17648654229933
XINZHENGCHENG 02
1 68412U 26066A   26140.53043715  .00000340  00000-0  33293-4 0  9993
2 68412  84.9668 245.3345 0025105 354.6967   5.3986 14.88380986  7613
OSCAR 6
1 06236U 72082B   26140.28919927 -.00000050  00000-0 -20786-4 0  9990
2 06236 101.9928 163.3923 0004245 198.3487 173.2609 12.53210823451477
KUIPER-00209
1 67776U 26030N   26140.50003471 -.00029513  00000-0 -38608-2 0  9996
2 67776  51.8990 250.6579 0000693 151.8590 341.0829 14.79916814  5033
ONEWEB-0398
1 50478U 21132K   26140.21021827  .00000633  00000-0  17491-2 0  9995
2 50478  87.8918  26.6218 0001571  87.5615 272.5693 13.11416413211944
AAC-IO1
1 68498U 26067CL  26140.62948916  .00001254  00000-0  13124-3 0  9990
2 68498  97.7537  99.2478 0003536 129.0936 231.0597 14.91379888  7610
TIMED
1 26998U 01055B   26140.30884700  .00000757  00000-0  72452-4 0  9991
2 26998  74.0671 291.1479 0000574 168.8072 191.3125 14.95216381326656
SKYCRAFT 4E
1 65227U 25154L   26140.59553095  .00005379  00000-0  46608-3 0  9994
2 65227  97.6693 205.8779 0004624  18.5472 341.5918 14.97508835 43205
THEA
1 43796U 18099AQ  26140.16181026  .00012955  00000-0  39610-3 0  9998
2 43796  97.4449 209.6017 0007647  37.3966 322.7807 15.33967544408391
HAWK-13A
1 67392U 26004AF  26140.46157645  .00002965  00000-0  14535-3 0  9993
2 67392  97.4435 139.7383 0007418  75.4539 284.7518 15.18881521 19553
KUIPER-00093
1 64838U 25151Y   26140.24856401  .00000920  00000-0  14938-3 0  9995
2 64838  51.9001 336.6440 0000419 121.4896 238.6108 14.80011244 46001
KUIPER-00166
1 65779U 25217T   26140.48907522 -.00000070  00000-0  19882-4 0  9991
2 65779  51.9019  65.6422 0000785 100.2718 259.8333 14.79923762 35781
HTV-X1
1 66174U 25241A   26140.80379241  .00019947  00000-0  21439-3 0  9997
2 66174  51.6363  78.8858 0007599  82.1821 278.0036 15.63723434 32061
YAOGAN-30 AD
1 49026U 21065A   26140.54924495  .00001397  00000-0  10508-3 0  9997
2 49026  34.9930  81.5501 0005581 272.0324  87.9745 15.02555822264489
ONEWEB-0094
1 45450U 20020AC  26140.63810466  .00000029  00000-0  42596-4 0  9990
2 45450  87.9166  11.3248 0001851  76.4061 283.7277 13.17649405302680
RASSVET-3 6
1 68365U 26061F   26140.17152387  .00035275  00000-0  35170-3 0  9991
2 68365  82.2969  44.1985 0009604  80.4354 279.7990 15.65431297  9094
CONNECTA IOT-7
1 62715U 25009DL  26140.17707331  .00000760  00000-0  76297-4 0  9997
2 62715  97.7082 219.4539 0000407  45.8376 314.2878 14.94118684 73169
COSMOS 2497
1 39762U 14028B   26140.54886692 -.00000050  00000-0 -43233-3 0  9998
2 39762  82.4472 127.7218 0021390 131.5997 228.6920 12.42892864544080
LEMUR-2 DELOITTE-3
1 68471U 26067BH  26140.63672868  .00004640  00000-0  47160-3 0  9991
2 68471  97.7568  99.2571 0005280 123.8504 236.3218 14.91262353  7627
TRITON 1
1 39427U 13066M   26140.53929712  .00001243  00000-0  15467-3 0  9998
2 39427  97.8266  50.9762 0089409 325.4883  34.0544 14.81573079669991
GFO
1 25157U 98007A   26140.60121486  .00102992  00000-0  57628-3 0  9999
2 25157 108.0082  90.6527 0031225  39.2783 321.0689 15.78241916522142
QIANFAN-62
1 62792U 25016H   26140.46083787  .00000094  00000-0  12690-3 0  9990
2 62792  88.9722  86.6349 0013832 242.3195 117.6553 13.51009869 68669
TANSAT
1 41898U 16081A   26140.49134285  .00000271  00000-0  66923-4 0  9995
2 41898  98.5364 139.9319 0021459  37.7204 322.5495 14.59924532500588
POLYTECH UNIVERSE-4
1 61747U 24199N   26140.52531066  .00014137  00000-0  30614-3 0  9994
2 61747  97.3031  13.5107 0009864  32.3437 327.8414 15.44505559133094
ZHUHAI-1 03C
1 44537U 19060D   26140.48935572  .00426135  80036-4  83491-3 0  9995
2 44537  97.5414 309.8870 0006315 291.5559  68.5045 16.00127599372832
CENTISPACE-1 S16
1 62585U 25007L   26140.59946363 -.00000042  00000-0  93942-4 0  9996
2 62585  54.9896  27.7464 0013401  41.2619 318.9348 13.80607409 70901
ONEWEB-0605
1 54669U 22166AD  26140.35735407 -.00000038  00000-0 -12246-3 0  9995
2 54669  87.9250 249.5244 0002574 108.2356 251.9058 13.21823615167833
COSMOS 2508
1 40921U 15050B   26140.49687947 -.00000072  00000-0 -59358-3 0  9998
2 40921  82.4860  95.4249 0015532  83.1469 277.1377 12.42912693483408
ONEWEB-0464
1 51651U 22012AF  26140.46787111  .00000175  00000-0  46634-3 0  9992
2 51651  87.8856  41.7984 0002026  71.7644 288.3704 13.10374908205694
ONEWEB-0455
1 51645U 22012Z   26140.63786590  .00000184  00000-0  73001-4 0  9993
2 51645  87.5256 280.1022 0015322 228.4906 131.4972 14.23626417222228
ION SCV-002
1 47504U 21006CV  26140.42448340  .00008635  00000-0  19555-3 0  9991
2 47504  97.1128 142.9617 0010127 207.0767 152.9955 15.43296134295741
PRISMA
1 44072U 19015A   26140.48969573  .00000674  00000-0  87924-4 0  9998
2 44072  97.8645 215.6733 0001322  95.5747 264.5618 14.83694240387944
COSMOS 1288
1 12637U 81074B   26140.36116390 -.00000028  00000-0 -80543-4 0  9997
2 12637  74.0301 145.2108 0018192 313.3983 151.9124 12.46712768 38185
METEOR 2-9
1 13718U 82116A   26140.13651184  .00000026  00000-0  65811-5 0  9994
2 13718  81.2517  14.8218 0054022  41.7043 318.8229 14.15943416242405
COSMOS 877
1 09594U 76118G   26140.46297442 -.00000014  00000-0  14902-4 0  9997
2 09594  74.0300 306.9261 0006467 254.5990 137.7580 12.51339749258782
IRIDE-MS1-EAG2-9
1 68449U 26067AK  26140.60945609  .00004614  00000-0  23239-3 0  9991
2 68449  97.4505  99.4140 0004786 143.5373 216.6188 15.17662365  7754
GEESAT 2-09
1 58913U 24023J   26140.52674896  .00000824  00000-0  12753-3 0  9992
2 58913  50.0025 122.2494 0022255 262.1178  97.7234 14.83127221124816
HULIANWANG DIGUI-01
1 62323U 24240A   26140.49872274  .00000020  00000-0  11779-4 0  9995
2 62323  86.5005 352.5828 0001533  78.7448 281.3858 13.24408775 68971
KUIPER-00125
1 65954U 25228H   26140.36610047  .00000104  00000-0  42649-4 0  9992
2 65954  51.9023  23.6520 0001025 103.6928 256.4149 14.79929377 34125
COSMOS 2246
1 22647U 93030B   26140.51950985  .00000003  00000-0 -39174-4 0  9993
2 22647  82.5852 334.5034 0009579 342.4245  17.6514 12.63635673523038
FLOCK 4G 16
1 62638U 25009AF  26140.50707331  .00066358  00000-0  86169-3 0  9991
2 62638  97.3853 229.5148 0001281 173.9099 186.2173 15.58606869 75186
COSMOS 1605
1 15359U 84109A   26140.39052558  .00000048  00000-0  33577-4 0  9996
2 15359  82.9399 172.6945 0047267  41.2030 330.0209 13.75419078 88014
QIANFAN-46
1 62247U 24232L   26140.52934902  .00000109  00000-0  15011-3 0  9992
2 62247  89.0104  25.3289 0016329  97.4178 262.8829 13.51005191120658
CYGFM05
1 41884U 16078A   26140.27053933  .00017258  00000-0  24589-3 0  9996
2 41884  34.9574  85.2624 0008986 251.8118 108.1628 15.55329889524409
METEOR 1-15
1 06659U 73034A   26140.65400851  .00000006  00000-0 -38381-5 0  9990
2 06659  81.1878 273.0619 0027751 122.5010 237.8849 14.10544378723541
HEAD-3E
1 57630U 23121E   26140.59373516  .00000411  00000-0  10914-3 0  9996
2 57630  45.0021  64.0420 0006606 113.5636 246.5917 14.63798941147844
GLOBALSTAR M075
1 37192U 10054E   26140.55645419 -.00000073  00000-0  17056-3 0  9997
2 37192  51.9943 234.3226 0000512 137.4850 235.8503 12.62266841718452
KUIPER-00149
1 65968U 25228X   26140.40255574 -.00001532  00000-0 -17191-3 0  9993
2 65968  51.8997  20.9958 0001019  98.5026 261.6052 14.79937472 34168
DISKSAT D
1 67221U 25305C   26140.22397215  .00004919  00000-0  32428-3 0  9992
2 67221  45.0022 231.9302 0004524 353.7938   6.2881 15.08661667 23091
SKYMED 1
1 31598U 07023A   26140.52997306  .00001532  00000-0  13852-3 0  9995
2 31598  97.8856 332.1558 0001296  97.4617 262.6752 14.96950303 25658
IRIDIUM 110
1 43481U 18047F   26140.62572080  .00000006  00000-0 -49278-5 0  9995
2 43481  86.3946  99.9517 0002338  94.7852 265.3610 14.34217366418529
CHUBUSAT 3
1 41339U 16012C   26140.46454069  .00002559  00000-0  11659-3 0  9997
2 41339  31.0025 152.2025 0008994 144.6819 215.4418 15.18297483563987
FLOCK 4BE 18
1 60480U 24149N   26140.49005071  .00012562  00000-0  30770-3 0  9993
2 60480  97.3727 223.9507 0003093  21.8250 338.3128 15.40886448 98043
STEP 2
1 23105U 94029A   26140.45333312  .00001497  00000-0  14121-3 0  9995
2 23105  81.9390 202.1710 0081900 351.4217   8.5594 14.90585061715752
SENTINEL 3A
1 41335U 16011A   26140.51526661  .00000063  00000-0  44231-4 0  9997
2 41335  98.6257 208.2943 0001164 108.0067 252.1241 14.26737553534111
LEMUR 2 SPECIAL K
1 48273U 21034F   26140.51370503  .00083818  00000-0  11485-2 0  9990
2 48273  97.5653 225.5378 0001783 192.4441 167.6770 15.57098440277370
COSMOS 628
1  7094U 74001A   26140.41485147  .00000050  00000-0  35802-4 0  9996
2  7094  82.9577 202.2442 0035696 217.2639 153.3153 13.75965849626760
ONEWEB-0603
1 54667U 22166AB  26140.52726307  .00000105  00000-0  22191-3 0  9994
2 54667  87.9262 249.4597 0002076  98.3204 261.8165 13.21824692167826
R5-S2
1 60207U 24125E   26140.51197250  .00012483  00000-0  27475-3 0  9998
2 60207  97.2393 352.5650 0014907 336.1074  23.9481 15.43985051104914
EOS-8
1 60454U 24147A   26140.55864949  .00024761  00000-0  47163-3 0  9994
2 60454  37.3803 232.5222 0001631  35.4587 324.6286 15.47387302 98790
DEBUT (ORIZURU)
1 20479U 90013B   26140.55360857  .00000012  00000-0  98561-4 0  9993
2 20479  99.0701  73.7441 0538313 191.6355 167.1880 12.84034298700020
MOZHAYETS
1 27560U 02054B   26140.53486441  .00000327  00000-0  74982-4 0  9995
2 27560  98.4433 356.7222 0039408 102.2263 344.7587 14.61773827248233
COSMOS 1719
1 16452U 86002D   26140.11368595 -.00000002  00000-0  94051-4 0  9991
2 16452  73.9912   5.7568 0018511  51.6016  64.4917 12.48879803840000
COSMOS 411
1  5210U 71041A   26140.49415169 -.00000017  00000-0 -16404-5 0  9993
2  5210  74.0149 320.2747 0111787  29.6925 359.7519 12.64998841541368
YAOGAN 1
1 29092U 06015A   26140.52213266  .00000391  00000-0  48758-4 0  9993
2 29092  97.7476 162.1160 0001531  88.5506 271.5886 14.87700852 85690
FLOCK 4Q 12
1 58275U 23174V   26140.51184689  .00102328  00000-0  99314-3 0  9994
2 58275  97.3825 232.4167 0006057 222.0689 138.0106 15.65992690141585
XSAT
1 37389U 11015C   26140.49432772  .00000139  00000-0  76465-4 0  9994
2 37389  98.3500 118.8407 0015301  66.0149 294.2632 14.25196981783734
CYGFM01
1 41887U 16078D   26140.52767593  .00017514  00000-0  24367-3 0  9990
2 41887  34.9404  84.8388 0008660 248.7946 111.1853 15.55972374524394
SCD 2
1 25504U 98060A   26140.40831192  .00000309  00000-0  35403-4 0  9991
2 25504  24.9950 243.4725 0016660 188.8540 213.4027 14.45513932456301
ONEWEB-0663
1 55823U 23029AD  26140.36164169  .00000047  00000-0  82430-4 0  9990
2 55823  87.9173 280.0502 0001662  85.5145 274.6178 13.20866944157472
OPS 6182 (DMSP 5D-1 F3)
1 10820U 78042A   26140.29591045  .00000232  00000-0  90820-4 0  9990
2 10820  98.4500 335.5917 0010534  73.4880 286.7464 14.38055220509006
COSMOS 1054
1 11131U 78109D   26140.42964318 -.00000003  00000-0  84052-4 0  9999
2 11131  74.0191  18.8929 0026909  61.4559 111.2024 12.49312557164263
GLOBALSTAR M091
1 37741U 11033C   26140.56133433 -.00000099  00000-0  28363-4 0  9996
2 37741  52.0009 326.0195 0000729 106.3860 288.8186 12.62263160685793
CAPELLA-11 (ACADIA)
1 57693U 23126A   26140.40790524  .00002801  00000-0  37482-3 0  9996
2 57693  53.0096 305.2406 0000738  91.3039 268.8023 14.82338681148004
GEESAT 4-01
1 65119U 25170A   26140.48743481  .00000956  00000-0  14108-3 0  9996
2 65119  49.9891 302.9131 0010170 303.1791  56.8171 14.83869492 42329
METOP SG-A
1 65159U 25172A   26140.40602757  .00000023  00000-0  30573-4 0  9994
2 65159  98.6660 200.6386 0001166  82.7753 277.3557 14.21504579 39842
EARTHCARE
1 59908U 24101A   26140.61168393  .00007952  00000-0  11158-3 0  9991
2 59908  97.0487 267.5137 0001677  99.9932 260.1513 15.56999415112276
KUIPER-00043
1 64504U 25134E   26140.65090087  .00002238  00000-0  32229-3 0  9998
2 64504  51.9029 274.8295 0000373 126.6004 233.4992 14.79950442 50738
COSMOS 981
1 10588U 78005F   26140.50643818 -.00000025  00000-0 -61180-4 0  9999
2 10588  74.0283 162.4129 0020298 179.9836 252.8320 12.46466765196934
GLOBALSTAR M054
1 25885U 99043C   26140.30698872 -.00000081  00000-0 -25588-3 0  9991
2 25885  52.0095 138.2090 0004713  42.5708 330.4432 11.39227316157473
MANDRAKE 2 ABLE
1 48907U 21059AE  26140.49223399  .00015822  00000-0  24806-3 0  9990
2 48907  97.7044 328.1899 0006273  95.5013 264.6956 15.53776475272821
CHECKMATE 3
1 56169U 23050H   26140.57216279  .00000034  00000-0  20140-4 0  9997
2 56169  81.0013  97.9011 0007899  35.1831 324.9845 13.85146257158295
ONEWEB-0568
1 56062U 23043S   26140.50002547  .00000092  00000-0  20658-3 0  9992
2 56062  87.9107 234.2686 0002226 107.4490 252.6885 13.16592944155338
IRIDIUM 161
1 43478U 18047C   26140.29799378  .00000164  00000-0  42902-4 0  9995
2 43478  86.4464 100.1317 0002371  92.5638 267.5834 14.43278258421117
COSMOS 2157
1 21728U 91068A   26140.22567564  .00000013  00000-0  12898-4 0  9990
2 21728  82.5791 335.6636 0004530 195.5521 164.5432 12.63249961597184
ONEWEB-0055
1 45443U 20020V   26140.40163010 -.00000455  00000-0 -13209-2 0  9995
2 45443  87.8922  26.5927 0001708  79.4628 280.6692 13.11414263298975
IRIDIUM 158
1 43571U 18061C   26140.49544350  .00000135  00000-0  41116-4 0  9999
2 43571  86.3965  68.3337 0002418  84.5992 275.5479 14.34219629409396
COSMOS 2271
1 23002U 94011D   26140.93035609  .00000021  00000-0  57627-4 0  9994
2 23002  82.5639 314.7142 0006043 250.7509 109.2929 12.63522562488045
LEMUR-2 POLO-11
1 68493U 26067CF  26140.43089796  .00003700  00000-0  37632-3 0  9994
2 68493  97.7641  99.1081 0005597 108.2107 251.9721 14.91364749  7584
COBE
1 20322U 89089A   26140.28797499  .00000236  00000-0  17206-3 0  9991
2 20322  98.8963 142.8919 0009025 152.3829 218.6830 14.05459091870746
YAOGAN-50 02
1 68196U 26051A   26140.34647831  .00000288  00000-0  91658-4 0  9994
2 68196 141.9846 193.1406 0001163 282.4304  77.6286 13.83262132  9133
ONEWEB-0675
1 55834U 23029AQ  26140.45829866  .00000016  00000-0  77182-5 0  9999
2 55834  87.9144 310.5063 0001690 101.7338 258.3985 13.19725734155268
AEROCUBE 18B
1 63222U 25052N   26140.22293926  .00003927  00000-0  16508-3 0  9991
2 63222  97.4003  34.0453 0003354 204.9256 155.1820 15.23996749 65639
SHIJIAN 6 02A (SJ-6 02A)
1 29505U 06046A   26140.51544958  .00007265  00000-0  37541-3 0  9994
2 29505  97.6375 181.3789 0002078 203.5684 156.5454 15.16589522 68077
UGATUSAT
1 35869U 09049E   26140.60042010  .00000041  00000-0  37612-4 0  9997
2 35869  98.7381 102.6469 0005045  35.0072 325.1437 14.23207921865508
OPS 4078 (DMSP 4B F2)
1 03510U 68092A   26140.62432471  .00000062  00000-0  42139-4 0  9997
2 03510  98.5691 263.6803 0030581  50.1648 310.2218 14.28243876993315
HULIANWANG DIGUI-60
1 65166U 25174C   26140.47965552  .00000026  00000-0  25357-4 0  9993
2 65166  86.4947 261.3544 0001899  94.5805 265.5545 13.24403661 37122
KUIPER-00110
1 65148U 25171S   26140.48464926  .00001798  00000-0  26462-3 0  9994
2 65148  51.9000 210.6586 0000492 106.9665 253.1351 14.79968352 43378
COSMOS 2496
1 39761U 14028A   26140.49273928 -.00000138  00000-0 -10686-2 0  9995
2 39761  82.4424 126.0778 0020754 136.5335 223.7384 12.42876925544072
GLOBALSTAR M055
1 25910U 99049D   26140.65149328 -.00000108  00000-0 -11563-3 0  9999
2 25910  51.9995 113.3410 0006848 110.9478 249.2107 12.29444254209795
OTTER
1 62623U 25009Q   26140.46771505  .00007075  00000-0  25158-3 0  9996
2 62623  97.4027 222.7362 0005812  62.2742 297.9087 15.29286944 74680
COSMOS 2173
1 21796U 91081A   26140.19869396  .00000047  00000-0  32147-4 0  9990
2 21796  82.9569 191.5010 0050463  61.0055 358.1269 13.75761429730557
SHIYAN 32-02
1 66378U 25255C   26140.59342303  .00006724  00000-0  16907-3 0  9996
2 66378  52.9915 145.2161 0014782  83.6852 276.5834 15.41124046 29708
SHARJAHSAT-2
1 68444U 26067AE  26140.57914788  .00004437  00000-0  21823-3 0  9996
2 68444  97.4566  99.4928 0003662  87.8634 272.3020 15.18523797  7752
KUIPER-00436
1 68939U 26098W   26140.44525523  .00012695  00000-0  40010-3 0  9994
2 68939  51.8736 201.5718 0010416  52.4421 307.7508 15.33208206  3082
COSMOS 1808
1 17239U 86100A   26140.19816338  .00000056  00000-0  45083-4 0  9994
2 17239  82.9357 192.6844 0031289 300.1417 120.4121 13.72242935973582
HULIANWANG DIGUI-53
1 65110U 25168E   26140.46164714 -.00000089  00000-0  75144-4 0  9994
2 65110  50.0044  65.1301 0009311   8.8770 351.2265 13.29321245 39006
LEMUR 2 KREMPEL-BRO1
1 63357U 25061G   26140.23938848  .00002438  00000-0  13612-3 0  9999
2 63357  97.5601 116.3109 0018455 351.3108   8.7801 15.14357247 63405
CONNECTA T1.2
1 55012U 23001D   26140.46870076  .00029910  00000-0  56168-3 0  9990
2 55012  97.3283 210.7093 0006604 180.7230 179.4012 15.48539001188250
SJ-26
1 64199U 25115A   26140.47898999  .00003853  00000-0  16424-3 0  9998
2 64199  97.4555 219.1874 0020813  90.7303 269.6319 15.23360890 54220
YAOGAN-30 AA
1 48860U 21055A   26140.56263606  .00001724  00000-0  12930-3 0  9998
2 48860  34.9964 320.5883 0003540 206.2108 153.8421 15.02531959269026
TROLL
1 62658U 25009BB  26140.47830540  .00006536  00000-0  23063-3 0  9994
2 62658  97.3892 222.4820 0002902 107.4754 252.6803 15.29580756129217
ONEWEB-0053
1 45157U 20008AC  26140.48281446  .00000662  00000-0  18596-2 0  9997
2 45157  87.8855  41.7992 0002383  83.5352 276.6046 13.10373826304281
DEIMOS 2
1 40013U 14033D   26140.58318735  .00000541  00000-0  56369-4 0  9995
2 40013  97.5856  16.0380 0002173  74.9663 285.1798 14.93635688633607
NETSAT-3
1 46505U 20068V   26140.48959672  .00013386  00000-0  31977-3 0  9990
2 46505  97.8666 144.7796 0007408  83.4393 276.7696 15.41625957311419
ONEWEB-0135
1 47281U 20100Z   26140.95626353  .00000149  00000-0  37837-3 0  9992
2 47281  87.8952 356.0853 0001604  76.7580 283.3728 13.12443046261164
POLYITAN 1
1 40042U 14033AJ  26140.50216373  .00012839  00000-0  41541-3 0  9992
2 40042  98.0961 164.1663 0005828 232.7797 127.2911 15.32197464649354
COSMOS 1523
1 14612U 84001B   26140.42561912 -.00000007  00000-0  54577-4 0  9990
2 14612  74.0071  10.3811 0042070 255.2820 278.9951 12.58656628946791
AISAT
1 40054U 14034B   26140.50367899  .00007745  00000-0  50443-3 0  9997
2 40054  98.2401  50.9040 0008274 325.8056  34.2636 15.08224012643032
QIANFAN-119
1 68646U 26075L   26140.55859997 -.02099369  00000-0 -25056+1 0  9998
2 68646  88.9875 323.8497 0009781 101.4345 258.7917 13.71428155  6064
CYGFM07
1 41890U 16078G   26140.17345137  .00021046  00000-0  26586-3 0  9991
2 41890  34.9458  55.8373 0008789 287.5281  72.4483 15.58520834524621
FLOCK 4BE 17
1 60492U 24149AA  26140.20358863  .00011780  00000-0  30821-3 0  9993
2 60492  97.3771 223.3710 0002726  34.9226 325.2197 15.38888041 97953
AGGIESAT6
1 68634U 26074H   26140.38462702  .00005902  00000-0  23746-3 0  9992
2 68634  60.0216 284.4690 0025212  14.8497 345.3319 15.25908981  6554
ONEWEB-0021
1 45134U 20008D   26140.26701467  .00000355  00000-0  98040-3 0  9990
2 45134  87.8847  41.8412 0001949  77.0302 283.1043 13.10370575304991
HULIANWANG DIGUI-132
1 67240U 25311E   26140.93837178 -.00000082  00000-0  89945-4 0  9990
2 67240  50.0053 213.6010 0000972 230.0678 130.0109 13.29322852 19710
COSMOS 372
1 04588U 70086A   26140.62860950  .00000063  00000-0  30179-4 0  9998
2 04588  74.0552 265.0578 0012713  33.4418 337.7824 14.36941482908968
ONEWEB-0504
1 54122U 22138K   26140.45513548  .00000001  00000-0 -29112-4 0  9999
2 54122  87.9155 310.4930 0001892  85.2468 274.8881 13.19724901173178
HULIANWANG DIGUI-139
1 67437U 26007C   26140.42294040 -.00000093  00000-0  67513-4 0  9999
2 67437  50.0012 185.4382 0000844 262.9189  97.1588 13.29323622 17099
COSMOS 1434
1 13766U 83002F   26140.56478307  .00000004  00000-0  12360-3 0  9998
2 13766  74.0244 216.8468 0024056 276.9531 147.5469 12.53822846983615
WESTPAC
1 25398U 98043E   26140.42447495 -.00000033  00000-0  58710-5 0  9996
2 25398  99.0127 125.8175 0000522 337.2595  22.8559 14.23051617446992
GONETS M 03
1 38734U 12041B   26140.50411211  .00000028  00000-0  12939-3 0  9998
2 38734  82.4746  82.1498 0017483 118.7809 241.5031 12.44901526627226
LEMUR 2 AFFIE-WAUWIE
1 66295U 25248C   26140.63938476  .00014588  00000-0  56272-3 0  9999
2 66295  45.3915 264.1408 0010294 283.6898  76.2844 15.26230452 30387
YAOGAN-43 02A
1 60945U 24156A   26140.66305050  .00032630  00000-0  62238-3 0  9998
2 60945  34.9960 332.6747 0004130   7.3834 352.6949 15.47136221 95691
ORBCOMM FM 111
1 40089U 14040D   26140.38815931  .00000992  00000-0  12827-3 0  9994
2 40089  46.9999 181.1262 0028493   8.0291 352.1058 14.88681876640434
RADCAL
1 22698U 93041A   26140.50849260  .00000099  00000-0  36526-4 0  9995
2 22698  89.5027  61.9096 0085839 277.0241  82.1195 14.24180126708254
MIMAN
1 52900U 22065G   26140.32678001  .00000330  00000-0  75685-4 0  9992
2 52900  98.2225 282.9560 0008879 110.6983 249.5170 14.61808393206377
COSMOS 367
1  4564U 70079A   26140.39687726 -.00000084  00000-0  16690-5 0  9993
2  4564  65.2757 129.6533 0048314  80.3043 280.3469 13.78565732799284
COSMOS 1251
1 12321U 81022B   26140.33257475 -.00000011  00000-0  33556-4 0  9990
2 12321  74.0280 102.2586 0044732 194.1210 284.3454 12.56490098 73424
ION-SCV-022
1 66682U 25276S   26140.44774288  .00000058  00000-0  97770-5 0  9995
2 66682  97.5302 212.1232 0003227 264.7328  95.3527 14.97478613 25924
FLOCK 4H 31
1 66734U 25276BW  26140.51130315  .00003932  00000-0  18956-3 0  9999
2 66734  97.4171 214.3775 0005420 111.4297 248.7517 15.19281080 26212
HULIANWANG DIGUI-13
1 62973U 25030C   26140.48566446 -.00000098  00000-0  56224-4 0  9994
2 62973  50.0040 335.1760 0001102  76.8507 283.2488 13.29326703 62177
USA 486
1 62757U 25014Y   26140.85113753  .00181815  00000-0  10920-2 0  9993
2 62757  43.0008 276.9706 0004166 273.2419  86.7974 15.76435481 76464
CSG-2
1 51444U 22008A   26140.54081464  .00000469  00000-0  65434-4 0  9990
2 51444  97.8881 324.5394 0001455  89.7158 270.4222 14.82152906232491
KINEIS-3E
1 61222U 24172C   26140.52421751  .00001154  00000-0  19052-3 0  9990
2 61222  98.0416 230.7126 0001269 124.4939 235.6388 14.72271075 89282
COSMOS 1163
1 11698U 80012H   26140.51033036 -.00000001  00000-0  10647-3 0  9993
2 11698  74.0230  56.2400 0045777 183.3070 349.9541 12.39949357 93966
COSMOS 1015
1 10932U 78056C   26140.42891878 -.00000014  00000-0  13136-4 0  9995
2 10932  74.0262 312.1974 0027316 177.0812 206.8924 12.42815853175340
COSMOS 465
1 05683U 71111A   26140.09272898  .00000001  00000-0  25018-4 0  9992
2 05683  74.0286 357.8003 0026754 121.4060 354.2885 13.74365145729489
FENGYUN 3G
1 56232U 23055A   26140.51219608  .00018860  00000-0  29871-3 0  9991
2 56232  49.9915 128.8018 0005789  68.8262 291.3324 15.53386886175703
ONEWEB-0388
1 49314U 21090AM  26140.20400043 -.00000080  00000-0 -23292-3 0  9990
2 49314  87.9148 310.5492 0001976  92.0136 268.1223 13.19725221222720
DIWATA 2B
1 43678U 18084H   26140.49311662  .00001707  00000-0  14130-3 0  9991
2 43678  98.1113 335.5101 0011669 265.6986  94.2903 15.00302426412069
KUIPER-00086
1 64832U 25151S   26140.51322559  .00000056  00000-0  36388-4 0  9995
2 64832  51.9004 340.5045 0000712 106.4162 253.6878 14.79933827 45972
YAOGAN-30 AF
1 49029U 21065D   26140.30481568  .00001549  00000-0  11639-3 0  9998
2 49029  34.9943  82.5645 0003529   8.6252 351.4517 15.02534098264465
OSCAR 8
1 10703U 78026B   26140.44013230  .00000284  00000-0  22521-3 0  9993
2 10703  99.3270 136.4008 0009817  49.3876 106.8766 13.99788183460187
PEXT
1 64874U 25154F   26140.59601179  .00002311  00000-0  10962-3 0  9995
2 64874  97.3974 206.1261 0003699  48.6687 311.4866 15.20259961 45653
ONEWEB-0322
1 49192U 21083G   26140.50292729  .00000340  00000-0  89486-3 0  9993
2 49192  87.8933 325.7526 0001642  76.1677 283.9635 13.13471583227285
KUIPER-00431
1 68936U 26098T   26140.50003471  .00009289  00000-0  32273-3 0  9998
2 68936  51.8726 201.5261 0017707  50.5997 145.1143 15.30320273  3993
COSMOS 832
1 08896U 76054H   26140.36028613 -.00000016  00000-0 -14701-5 0  9992
2 08896  74.0020 352.1576 0024453 331.2979 202.4874 12.41321881262443
ISTSAT-1
1 60238U 24128D   26140.46535983  .00005430  00000-0  32804-3 0  9994
2 60238  61.9888 304.1250 0042078 126.0549 234.4456 15.11212560102278
MAKERSAT 0
1 43016U 17073D   26140.21583069  .00019291  00000-0  53752-3 0  9996
2 43016  97.4657  22.5369 0110314  13.6755 346.7432 15.30827686462184
COSMOS 971
1 10536U 77122A   26140.36674594  .00000050  00000-0  37751-4 0  9993
2 10536  82.9349 266.9219 0022519  99.7047 314.1872 13.73426614425321
BLACKJACK ACES-3
1 56950U 23084U   26140.62337626  .00003045  00000-0  15198-3 0  9999
2 56950  97.6178 275.6151 0004057 100.5387 259.6304 15.18277720162987
GOMX 1
1 39430U 13066Q   26140.53866361  .00001224  00000-0  19000-3 0  9998
2 39430  97.6495 342.7452 0129080 165.6472 194.8458 14.69336274665853
ICEYE-X30
1 56947U 23084R   26140.42623946  .01784449  29698-2  14213-2 0  9993
2 56947  97.5539 299.2781 0009773 281.4151  78.6037 16.15167291164581
ENSHI XIDA SHANQUAN
1 64962U 25160A   26140.51870435  .00024828  00000-0  62576-3 0  9990
2 64962  97.3617 218.1983 0005441 300.1391  59.9315 15.39859446 45156
COSMOS 1996
1 19787U 89009C   26140.42676144  .00000029  00000-0  10336-3 0  9992
2 19787  82.6165  23.8527 0007299 108.6404  64.2166 12.62924683717923
COSMOS 1914
1 18793U 88002F   26140.48167146  .00000032  00000-0  10941-3 0  9999
2 18793  82.6080 230.5590 0018306  76.8918 294.9110 12.66461575772280
SHIJIAN 6 05B (SJ-6 05B)
1 49962U 21122B   26140.71161338  .00001152  00000-0  71190-4 0  9992
2 49962  97.3780 122.2741 0003026 107.8406 252.3155 15.11760164245592
COSMOS 2004
1 19826U 89017A   26140.37199962  .00000063  00000-0  52892-4 0  9999
2 19826  82.9502 303.8202 0029329 329.7200  48.0724 13.72551487864679
COSMOS 1934
1 18985U 88023A   26140.35000592  .00000037  00000-0  22046-4 0  9997
2 18985  82.9565 175.6825 0040553 204.2471 155.6780 13.76679835792172
RISAT 1
1 38248U 12017A   26140.40275425  .00039137  00000-0  42067-3 0  9993
2 38248  97.4379 186.5834 0002541 168.8286 191.3029 15.63662501777733
ICEYE-X58
1 66751U 25276CP  26140.16814664  .00001857  00000-0  95460-4 0  9995
2 66751  97.4215 214.1639 0004862  82.0684 278.1101 15.17689345 26163
GONETS D1 8
1 27059U 01058E   26140.51035184  .00000048  00000-0  21286-3 0  9991
2 27059  82.5428 230.4639 0001168 347.3399  12.7662 12.61556713123080
COSMOS 909
1 10010U 77036A   26140.31136486 -.00000059  00000-0 -21291-4 0  9995
2 10010  65.8620 251.1724 0697857  70.6613 296.8454 12.30355135181880
FFLY-1
1 65320U 25188F   26140.48434404  .00001003  00000-0  10301-3 0  9996
2 65320  97.7380 216.1914 0008156 266.0239  94.0047 14.92555130 39779
COSMOS 532
1 06267U 72087E   26140.34872832 -.00000020  00000-0 -16998-4 0  9996
2 06267  74.0319 135.2084 0108297 192.1016 279.5852 12.69742376481768
SALSAT
1 46495U 20068K   26140.47322293  .00005515  00000-0  19642-3 0  9990
2 46495  97.8857 141.8615 0011019  48.1421 312.0757 15.29344579311124
QIANFAN-68
1 62798U 25016P   26140.47326946  .00000098  00000-0  13369-3 0  9992
2 62798  88.9725  86.6312 0012801 242.5846 117.4003 13.51011277 68673
ONEWEB-0235
1 48771U 21045E   26140.59553246 -.00000079  00000-0 -24430-3 0  9995
2 48771  87.8996 264.6877 0001569  89.4231 270.7079 13.15547009240759
BRITE-U UNIBRITE
1 39092U 13009G   26140.49637689  .00000086  00000-0  43939-4 0  9997
2 39092  98.4027 320.7230 0008340 326.0517  34.0135 14.36400818693011
IRIDE FM8
1 66702U 25276AN  26140.47260429  .00005377  00000-0  25430-3 0  9999
2 66702  97.4195 214.4872 0005377 113.9235 246.2564 15.19780425 26214
KUIPER-00179
1 67136U 25301D   26140.61206005 -.00000029  00000-0  25192-4 0  9992
2 67136  51.8973 107.5571 0000693  97.9176 262.1865 14.79927313 24564
IRIDIUM 171
1 43929U 19002H   26140.32369123  .00000052  00000-0  11573-4 0  9999
2 43929  86.3997   5.5236 0002141  82.0542 278.0897 14.34217591384969
SHIYAN 32-01
1 66376U 25255A   26140.52209463  .00015791  00000-0  28064-3 0  9997
2 66376  52.9920 139.0462 0009987 175.9475 184.1615 15.50338248 29920
ONEWEB-0120
1 47266U 20100J   26140.55488566 -.00000330  00000-0 -95331-3 0  9990
2 47266  87.8957 356.1672 0001609  87.9537 272.1776 13.12444034261104
METEOR-M
1 35865U 09049A   26140.30450947  .00000039  00000-0  36975-4 0  9990
2 35865  98.7371 102.9820 0003020  48.9989 311.1450 14.23149754865282
HJ-2A
1 46478U 20067A   26140.51670897  .00000910  00000-0  13761-3 0  9991
2 46478  97.8826 219.5409 0003648  20.4579 339.6777 14.76573307304179
SKYBEE-A02
1 64544U 25135S   26140.55234162  .00001686  00000-0  81644-4 0  9998
2 64544  97.4704 255.6511 0000807 186.8885 173.2339 15.19935034 50632
KUIPER-00084
1 64830U 25151Q   26140.26878316  .00002450  00000-0  35026-3 0  9999
2 64830  51.9036 349.0596 0000730 101.4138 258.6907 14.79928379 45837
LEMUR 2 KREMPEL-BRO2
1 63353U 25061C   26140.39834468  .00002677  00000-0  15152-3 0  9991
2 63353  97.5683 116.5556 0019253 358.7429   1.3751 15.13776078 63402
ONEWEB-0245
1 48778U 21045M   26140.60980742 -.00000054  00000-0 -17626-3 0  9991
2 48778  87.9000 264.6859 0001610 102.4848 257.6463 13.15549517240757
ONEWEB-0298
1 49087U 21075N   26140.39946616 -.00000006  00000-0 -49259-4 0  9991
2 49087  87.9157  11.3931 0002055  84.0742 276.0624 13.17646928229964
ICEYE-X61
1 66754U 25276CS  26140.48046812  .00002416  00000-0  12138-3 0  9997
2 66754  97.4205 214.4930 0004858  83.7123 276.4664 15.18210140 26218
COSMOS 792
1 08608U 76008B   26140.40931230 -.00000002  00000-0  91070-4 0  9992
2 08608  74.0577  21.5389 0034912 165.5644   8.0882 12.50421061296423
XCUBE-1
1 62400U 24247Z   26140.23849476  .00005619  00000-0  20536-3 0  9997
2 62400  44.9974  85.4384 0003051  36.1732 323.9357 15.29121969 78680
USA 32
1 19460U 88078A   26140.39730294  .00000109  00000-0  31613-4 0  9999
2 19460  84.9842 129.2296 0003087 159.2280 200.9040 14.34435911105201
BADR B
1 27003U 01056C   26140.45645340 -.00000031  00000-0  17620-4 0  9993
2 27003  99.8024 315.5849 0019904 205.7869 154.2286 13.70406823222144
BRO-14
1 60551U 24149CM  26140.17260840  .00000600  00000-0  58417-4 0  9993
2 60551  97.6880 216.4537 0006617 177.1189 183.0071 14.96119990 95800
KUIPER-00021
1 63736U 25088N   26140.74043984  .00000934  00000-0  15145-3 0  9995
2 63736  51.8992 144.4514 0001270  68.8214 291.2884 14.79941740 58163
QIANFAN-79
1 63165U 25046G   26140.50843472  .00000070  00000-0  89746-4 0  9999
2 63165  88.9690 303.6472 0015643  36.2316 323.9891 13.51006609 68817
KUIPER-00289
1 68591U 26072U   26140.48902233  .00028307  00000-0  78806-3 0  9992
2 68591  51.8618 311.2464 0010961 293.8481  66.1356 15.36536927  7116
FLOCK 4H 17
1 66720U 25276BG  26140.15483288  .00012051  00000-0  53081-3 0  9994
2 66720  97.4219 214.5390 0004260  77.1380 283.0331 15.21967181 26185
YAOGAN-43 O1E
1 60462U 24148E   26140.55306718  .00007795  00000-0  32486-3 0  9999
2 60462  34.9937 334.0001 0005883 325.9918  34.0419 15.22977147 97942
ELARA 1
1 64539U 25135M   26140.57172837  .00002619  00000-0  11564-3 0  9994
2 64539  97.4706 256.2473 0001746 271.4404  88.6632 15.22641370 50673
FLOCK 4G 31
1 62652U 25009AV  26140.53036780  .00007069  00000-0  25773-3 0  9991
2 62652  97.3968 222.2740 0002911  84.2037 275.9535 15.28476626 74689
ONEWEB-0643
1 55807U 23029M   26140.36111102 -.00000029  00000-0 -11356-3 0  9991
2 55807  87.8930 295.2828 0001106  96.6158 263.5098 13.14502944155738
COSMOS 1522
1 14611U 84001A   26140.33557109 -.00000014  00000-0  10422-4 0  9991
2 14611  74.0065  99.4076 0020482 223.6487 289.2559 12.47065497928891
RADIO 7
1 13001U 81120E   26140.49209674 -.00000081  00000-0 -10070-2 0  9992
2 13001  82.9620  38.1899 0024785  66.1462  51.8917 12.08948581960094
CENTAURI-7
1 62708U 25009DD  26140.46833316  .00001494  00000-0  13286-3 0  9997
2 62708  97.7087 221.0979 0000808  59.2786 300.8515 14.97593070 73317
QIANFAN-87
1 63173U 25046Q   26140.46736472  .00000070  00000-0  89292-4 0  9990
2 63173  88.9685 303.4404 0012477  37.3652 322.8365 13.51013169 68914
COSMOS 2580
1 62216U 24230A   26140.52241178 -.00000070  00000-0  40697-5 0  9990
2 62216  67.1461 118.0868 0006589 264.9739  95.0593 13.96677512 74272
JILIN-01 KUANFU 02B 6
1 61194U 24169F   26140.49463618  .00001914  00000-0  12583-3 0  9994
2 61194  97.5545 230.4884 0017938  60.4322 299.8692 15.08655608 91663
IRIDE-MS1-EAG2-16
1 68452U 26067AN  26140.60754279  .00004572  00000-0  22996-3 0  9998
2 68452  97.4539  99.4412 0005026 137.8361 222.3260 15.17721979  7750
COSMOS 2585
1 63288U 25054A   26140.52851900  .00000026  00000-0  11565-3 0  9995
2 63288  82.4917  95.8566 0025722  94.4001 266.0018 12.42866107 53429
GEESAT 6-02
1 65714U 25214C   26140.23165974  .00001096  00000-0  16001-3 0  9994
2 65714  49.9845  78.0308 0009888 105.2688 254.9344 14.83248209 35351
YAOGAN-32 2A
1 49383U 21099A   26140.56180559  .00000905  00000-0  18119-3 0  9997
2 49383  98.2432 274.3410 0000619  37.6573 322.4673 14.64164845242328
LEGION 2
1 59626U 24081B   26140.47945679  .00002673  00000-0  13786-3 0  9993
2 59626  97.5016 218.7328 0012371  89.8670 270.3981 15.17156768113340
COSMOS 341
1 04388U 70036F   26140.58176877  .00000008  00000-0  13142-3 0  9993
2 04388  74.0288 256.4247 0081013 175.7118 196.0530 12.64352591587436
ONEWEB-0586
1 54653U 22166M   26140.57099719  .00000069  00000-0  13459-3 0  9990
2 54653  87.9251 249.4903 0002167  97.9675 262.1705 13.21827166167876
KORSAT-4
1 66293U 25248A   26140.50124541  .00002083  00000-0  18883-3 0  9996
2 66293  45.4094 303.0761 0000805 277.6760  82.4027 14.98796862 29905
LEMUR 2 WILSON
1 62694U 25009CP  26140.45425517  .00001230  00000-0  11760-3 0  9993
2 62694  97.7030 219.4082 0004637 118.9171 241.2515 14.95029316 73212
GLOBALSTAR M071
1 31576U 07020F   26140.36307458 -.00000047  00000-0  43268-3 0  9998
2 31576  52.0085   6.0000 0001693  73.9401  97.2087 12.18269205536039
COSMOS 623
1  6991U 73104G   26140.43277962 -.00000002  00000-0  83437-4 0  9995
2  6991  74.0317  34.0530 0062485 122.1233 350.3316 12.56957583405183
VNREDSAT 1
1 39160U 13021B   26140.49265612  .00000497  00000-0  10166-3 0  9991
2 39160  97.9092 194.9700 0001494  97.3924 262.7449 14.64824374696232
COSMOS 1436
1 13768U 83002H   26140.52301572 -.00000003  00000-0  76271-4 0  9997
2 13768  74.0254  61.6119 0043145  92.8934  80.1963 12.57741564989538
ORBCOMM FM 7
1 25119U 97084H   26140.19088447  .00000553  00000-0  18829-3 0  9994
2 25119  45.0120 188.2164 0001993 185.5813 174.5018 14.47488467490322
ONEWEB-0360
1 49286U 21090H   26140.66766442 -.00000006  00000-0 -46735-4 0  9992
2 49286  87.9172 279.9280 0001914 104.1319 256.0027 13.20773219226216
CARBONITE 1
1 40718U 15032D   26140.52896471  .00001404  00000-0  17662-3 0  9990
2 40718  97.6498 319.7572 0015256  30.8989 329.3120 14.83492813585242
OPS 7898 (P/L 4)
1 05682U 71110E   26140.20299443 -.00000015  00000-0  37369-4 0  9996
2 05682  69.9899  63.9282 0009681 220.1354 139.9026 13.74651214341332
COSMOS 2197
1 22034U 92042A   26140.59871054  .00000036  00000-0  13656-3 0  9993
2 22034  82.5946 246.5592 0011957 341.8212  29.4044 12.64251585561806
FLOCK 4BE 35
1 60558U 24149CU  26140.48417561  .00125515  00000-0  15292-2 0  9993
2 60558  97.3704 225.5698 0001418 240.7894 119.3221 15.60083462 98136
ONEWEB-0687
1 61595U 24188B   26140.59002378 -.00000035  00000-0 -12312-3 0  9998
2 61595  87.9156  11.3656 0002112  97.2931 262.8441 13.17649674 82266
PAZ
1 43215U 18020A   26140.50818972  .00001142  00000-0  57580-4 0  9996
2 43215  97.4454 148.2875 0001635  89.0568 271.0854 15.19154189456800
COSMOS 1386
1 13353U 82069A   26140.37053472  .00000034  00000-0  18967-4 0  9996
2 13353  82.9605 126.2640 0039561 142.0434 218.3524 13.76625692203153
ORBCOMM FM 105
1 41181U 15081C   26140.55693784  .00000030  00000-0  52910-4 0  9994
2 41181  47.0012  80.1119 0001777   6.2786 353.8117 14.45541392549556
GEESAT 2-06
1 58910U 24023F   26140.40704001  .00003589  00000-0  27685-3 0  9999
2 58910  49.9887  72.6176 0006109 307.5846  52.4545 15.03862384125461
COSMOS 1365
1 13175U 82043A   26140.34376674 -.00000068  00000-0  16982-4 0  9992
2 13175  65.0689 277.9518 0044622  43.5809 339.8812 13.89781728236097
YAOGAN-30 K
1 43170U 18011B   26140.53001325  .00001688  00000-0  12645-3 0  9992
2 43170  34.9969 319.5090 0002619  81.5494 278.5511 15.02594389453987
COSMOS 450
1  5553U 71086G   26140.42674264 -.00000003  00000-0  85620-4 0  9997
2  5553  74.0306  16.9726 0042623 127.4857  45.1567 12.42700257476951
ONEWEB-0693
1 61601U 24188H   26140.40271317  .00000045  00000-0  82896-4 0  9991
2 61601  87.9147  11.4238 0002308  64.4291 295.7078 13.17650215 82223
KUIPER-00126
1 65955U 25228J   26140.04063704  .00002564  00000-0  36522-3 0  9994
2 65955  51.9009  45.0824 0000737 101.0143 259.0902 14.79932442 33790
ONEWEB-0172
1 48071U 21025AF  26140.49785225  .00000240  00000-0  62291-3 0  9994
2 48071  87.8945 325.7357 0001627  90.2608 269.8707 13.13469752250878
COSMOS 2524
1 43032U 17076A   26140.54617323 -.00000202  00000-0 -90079-4 0  9992
2 43032  67.1471 259.7589 0006563 228.8555 131.1964 13.97424348431749
NUSAT-48 (H. LEAVITT)
1 60498U 24149AG  26140.49209973  .00006800  00000-0  23720-3 0  9994
2 60498  97.3903 222.1322 0004301  35.9323 324.2206 15.29938110 97900
COSMOS 1257
1 12327U 81022H   26140.65136986 -.00000009  00000-0  47705-4 0  9992
2 12327  74.0281  95.7696 0007065 332.6019 201.4562 12.47857319 59239
KSM1-D
1 46907U 20081C   26140.52304122  .00005108  00000-0  20798-3 0  9992
2 46907  36.8966 238.1539 0003668   8.9089 351.1724 15.24301923304879
COSMOS 1226
1 12091U 80099A   26140.24034235  .00000051  00000-0  37487-4 0  9994
2 12091  82.9431  24.6126 0034378 138.6345 344.5764 13.74720036278911
COSMOS 1057
1 11134U 78109G   26140.49261498 -.00000016  00000-0 -64069-6 0  9991
2 11134  74.0166 325.7803 0021971 150.7919 239.2624 12.42130533151803
SKYSAT C8
1 42990U 17068D   26140.65372782  .00007471  00000-0  21294-3 0  9999
2 42990  97.4493 276.9461 0001609 110.5725 249.5691 15.36372945478082
COSMOS 1448
1 13949U 83023A   26140.40884339  .00000048  00000-0  33607-4 0  9999
2 13949  82.9552  94.5730 0029083 199.3646 309.2119 13.76135701166032
MANDRAKE 2 BAKER
1 48908U 21059AF  26140.30964727  .00020365  00000-0  27259-3 0  9991
2 48908  97.7017 330.6776 0004879  95.5596 264.6216 15.58037690272957
ONEWEB-0260
1 48978U 21060M   26140.50239734  .00000108  00000-0  24791-3 0  9996
2 48978  87.9105 234.2821 0002348  95.3106 264.8293 13.16595982235969
GNOMES-1
1 46266U 20059B   26140.51590472  .00001513  00000-0  12583-3 0  9998
2 46266  97.7873 350.8727 0011873  99.0651 261.1916 15.00169969311444
RADIO 1
1 11085U 78100B   26140.56726330 -.00000006  00000-0 -19626-3 0  9991
2 11085  82.5494  62.0565 0013966  35.8958 137.5576 11.96568741 77518
GHGSAT-C6
1 56204U 23054AC  26140.54004087  .00012033  00000-0  20098-3 0  9993
2 56204  97.3068  49.9621 0008191 126.8035 233.3971 15.52050978174166
COSMOS 1748
1 16758U 86042A   26140.51702332 -.00000019  00000-0 -22761-4 0  9997
2 16758  74.0185 330.7582 0010351 135.9867 252.7864 12.50788072824379
ONEWEB-0394
1 50474U 21132F   26140.55494669 -.00000003  00000-0 -39546-4 0  9996
2 50474  87.9170 340.9408 0002089  90.5251 269.6121 13.18688065217950
ONEWEB-0093
1 45444U 20020W   26140.38160017  .00000097  00000-0  23876-3 0  9999
2 45444  87.8918  26.5894 0002224  80.1504 279.9875 13.11414854299038
FEDSAT
1 27598U 02056B   26140.38730950  .00000052  00000-0  38183-4 0  9996
2 27598  98.8585 113.3450 0009956  62.1340 298.0849 14.29722590221789
YUNHAI 1-02
1 44547U 19063A   26140.47576227  .00000204  00000-0  90755-4 0  9992
2 44547  98.4129 151.7277 0004701 228.4570 131.6212 14.32686000347908
KUIPER-00058
1 64518U 25134U   26140.82777353  .00002562  00000-0  36490-3 0  9994
2 64518  51.9009 266.5451 0000488 118.3468 241.7543 14.79935851 50867
COSMOS 795
1  8611U 76008E   26140.53150109  .00000005  00000-0  14232-3 0  9994
2  8611  74.0555 231.3754 0019357  87.6738 272.6526 12.45793969287780
GONETS D1 2
1 23788U 96009B   26140.22121096  .00000022  00000-0  64548-4 0  9993
2 23788  82.5691 322.3964 0007794 128.2412 231.9382 12.63216279394561
COSMOS 800
1 08645U 76011A   26140.45078209  .00000030  00000-0  16294-4 0  9995
2 08645  82.9704 136.9916 0022649  59.8221  92.2637 13.72199678517588
COSMOS 765
1 08289U 75086E   26140.44415693 -.00000027  00000-0 -93658-4 0  9998
2 08289  74.0065 145.3761 0045044  79.0356 352.4485 12.38290187290659
KUIPER-00029
1 63742U 25088U   26140.70878761  .00000962  00000-0  16662-3 0  9993
2 63742  51.9008 133.0672 0002685  75.4146 284.7113 14.76734501 58273
DOVE 3
1 39429U 13066P   26140.16543862  .00001931  00000-0  25782-3 0  9992
2 39429  97.6658   1.4452 0115461 115.2784 246.0443 14.76071849666875
HORUS 1
1 55690U 23025A   26140.49998020  .00003969  00000-0  17039-3 0  9991
2 55690  97.3464 215.6754 0001078 135.1703 224.9621 15.23270651179832
AEROCUBE 4.5A
1 38767U 12048K   26140.36817784  .00141666  00000-0  74725-3 0  9995
2 38767  64.6286 127.3853 0018264 215.7880 144.2052 15.79758875368249
ONEWEB-0506
1 54124U 22138M   26140.72997839  .00000067  00000-0  13449-3 0  9996
2 54124  87.9158 310.4359 0001777  83.9947 276.1388 13.19725658173185
COSMOS 1132
1 11540U 79084C   26140.56902440  .00000006  00000-0  13821-3 0  9996
2 11540  74.0250 250.3523 0036512 314.7939  57.3169 12.52668400133219
KUIPER-00440
1 68942U 26098Z   26140.49471501  .00012768  00000-0  38893-3 0  9996
2 68942  51.8776 201.1647 0004637  61.2206 298.9245 15.34324418  3099
QB50P2
1 40032U 14033Y   26140.42530701  .00004223  00000-0  23169-3 0  9990
2 40032  98.0754 135.5876 0005654 269.9397  90.1185 15.14759681648463
DEAR-5
1 67070U 25296B   26140.47846535  .00002761  00000-0  14513-3 0  9992
2 67070  41.3602 275.7535 0016892  26.1161 334.0509 15.17412706 24065
HELIOS 1A
1 23605U 95033A   26140.42391307  .00001834  00000-0  13186-3 0  9996
2 23605  98.1998  28.9956 0013374 121.4226 238.8308 15.05604547663988
KUIPER-00008
1 63724U 25088A   26140.25009116  .00000644  00000-0  11380-3 0  9992
2 63724  51.8994 131.5671 0001050  87.1606 272.9476 14.79828821 58648
ONEWEB-0158
1 48054U 21025N   26140.24729753 -.00000430  00000-0 -12116-2 0  9995
2 48054  87.8948 325.7824 0001842  80.5282 279.6055 13.13470149249965
TIANHUI 2-02B
1 49072U 21074B   26140.48742856  .00001027  00000-0  55787-4 0  9999
2 49072  97.4812 144.0758 0001874  98.4015 261.7431 15.16721248263070
RASSVET-3 11
1 68370U 26061L   26140.46317738  .00079290  10733-5  26481-3 0  9991
2 68370  82.2924  43.1484 0004257 181.9234 178.2022 15.90043894  9186
UK-DMC
1 27942U 03042D   26140.50497949  .00000558  00000-0  67607-4 0  9991
2 27942  98.0812 329.1879 0052348 294.8417  64.7360 14.86957584218655
ONEWEB-0173
1 48069U 21025AD  26140.93797692 -.00000173  00000-0 -50821-3 0  9994
2 48069  87.8942 325.6509 0001446  97.2004 262.9290 13.13471735250220
COSMOS 2491
1 39497U 13076E   26140.50078990  .00000011  00000-0  55864-5 0  9995
2 39497  82.4862 185.4899 0013965 146.9410 213.2545 12.43496667561818
GEESAT 4-08
1 65126U 25170H   26140.47784948  .00000882  00000-0  13771-3 0  9999
2 65126  49.9662 255.5456 0021257 234.7432 125.1516 14.82061065 42945
M2 PATHFINDER
1 45727U 20037E   26140.51415250  .00000978  00000-0  74278-4 0  9999
2 45727  97.8158 331.4369 0009999 242.7034 117.3174 15.04539315321334
KUIPER-00087
1 64833U 25151T   26140.46457427  .00000803  00000-0  13437-3 0  9992
2 64833  51.9026 323.1864 0000954 116.3220 243.7841 14.79926759 46209
QIANFAN-112
1 68639U 26075D   26140.54794190  .00000026  00000-0  12717-4 0  9994
2 68639  88.9874 323.8648 0010929  83.5391 276.7019 13.76870483  6052
STRIX-5
1 65971U 25229A   26140.54831390  .00002199  00000-0  16711-3 0  9994
2 65971  41.9282  80.6200 0038434 232.7035 127.0285 15.04150750 32813
QIANFAN-67
1 62797U 25016N   26140.48132613  .00000091  00000-0  12274-3 0  9995
2 62797  88.9722  86.5794 0012709 245.0771 114.9059 13.51012754 68690
HJS-6C
1 63430U 25067C   26140.51044838  .00002566  00000-0  11468-3 0  9994
2 63430  54.9889 149.3472 0004664 255.4250 104.6255 15.25042625 63716
ONEWEB-0163
1 48061U 21025V   26140.47076132 -.00000215  00000-0 -62371-3 0  9994
2 48061  87.8945 325.7416 0001566  97.3274 262.8033 13.13469376250048
OCO 2
1 40059U 14035A   26140.48140372  .00000235  00000-0  62324-4 0  9994
2 40059  98.2008  82.1990 0001399  88.8644 271.2714 14.57084818632018
PIESAT-2 11
1 62335U 24241C   26140.49455861  .00004918  00000-0  27411-3 0  9997
2 62335  97.5278  88.3453 0002428  87.8230 272.3279 15.14049295 78629
POPSAT HIP 1
1 40028U 14033U   26140.47023280  .00004965  00000-0  27108-3 0  9999
2 40028  98.0995 149.5449 0004949 295.0746  64.9970 15.14837601648606
ONEWEB-0187
1 48221U 21031M   26140.18653025  .00000210  00000-0  53104-3 0  9996
2 48221  87.8924 295.3012 0001720 105.3875 254.7445 13.14504374244584
IRIS-F2
1 62684U 25009CD  26140.46837254  .00003316  00000-0  13177-3 0  9999
2 62684  97.3891 220.5513 0006894  92.1672 268.0356 15.25994297132231
NOAA 13
1 22739U 93050A   26140.56079898  .00000055  00000-0  51914-4 0  9999
2 22739  98.7020  86.3484 0008870 202.5257 157.5527 14.13656389689472
AETHER-12
1 67383U 26004W   26140.41704676  .00000366  00000-0  47658-4 0  9996
2 67383  97.8011 139.4227 0003020 190.9155 169.1996 14.86297916 19158
COSMOS 1263
1 12388U 81033A   26140.53471731  .00005352  00000-0  30099-3 0  9990
2 12388  82.8582 237.2592 0577672 175.3034 185.3929 14.29767216267472
ICEYE-X41
1 62700U 25009CV  26140.45816407  .00001515  00000-0  13824-3 0  9992
2 62700  97.7074 220.3919 0003101 106.1124 254.0439 14.96554993 73267
IRIDIUM 71
1 25320U 98026B   26140.39937920  .00000258  00000-0  73377-4 0  9998
2 25320  86.3943 307.5329 0004082  73.4045 286.7603 14.41451746472162
ONEWEB-0536
1 54148U 22138AM  26140.64407133  .00000105  00000-0  22666-3 0  9990
2 54148  87.9160 279.9529 0002038 128.6302 231.5014 13.20772351175665
KUIPER-00136
1 65962U 25228R   26140.42584414  .00002571  00000-0  36673-3 0  9995
2 65962  51.9016  30.9336 0000623  96.9347 263.1687 14.79863222 34021
ONEWEB-0204
1 48225U 21031R   26140.83603969 -.00000229  00000-0 -65299-3 0  9994
2 48225  87.8946 295.1583 0002080 102.0667 258.0696 13.14501149244667
TOPEX/POSEIDON
1 22076U 92052A   26140.55102273 -.00000049  00000-0  50177-4 0  9991
2 22076  66.0395 189.5862 0008298 270.5396 260.0117 12.81093257579945
ONEWEB-0170
1 48067U 21025AB  26140.50461575  .00000313  00000-0  82264-3 0  9993
2 48067  87.8937 325.7365 0001768  75.7621 284.3704 13.13471486249911
KANYINI
1 60556U 24149CS  26140.47927282  .00026675  00000-0  46728-3 0  9992
2 60556  97.3727 226.6584 0001000  40.8355 319.2971 15.50571385 98210
QIANFAN-58
1 62788U 25016D   26140.51435301  .00000096  00000-0  13077-3 0  9996
2 62788  88.9704  86.5234 0011597 241.7404 118.2578 13.51011024 68680
UM5-EOSAT
1 60555U 24149CR  26140.18075956  .00002100  00000-0  16783-3 0  9996
2 60555  97.6658 219.2650 0007420 196.8584 163.2394 15.01303510 96016
IRIDIUM 148
1 43255U 18030G   26140.30416127  .00000150  00000-0  46379-4 0  9997
2 43255  86.3934 302.1241 0002070  93.4514 266.6918 14.34219936426172
ARC-1
1 40969U 15058F   26140.58289141  .00037329  00000-0  71440-3 0  9991
2 40969  64.7609 210.5070 0038876  26.8625 333.4515 15.47030038112760
ONEWEB-0434
1 51631U 22012K   26140.46967241  .00000267  00000-0  72785-3 0  9992
2 51631  87.8860  41.8075 0002491  87.1833 272.9579 13.10374910205698
SJ 16-02
1 41634U 16043A   26140.54566994  .00000497  00000-0  49918-4 0  9998
2 41634  75.0034 331.2993 0006965 104.1996 255.9967 14.93499792537011
SATELIOT_2
1 60534U 24149BU  26140.47469162  .00001265  00000-0  11715-3 0  9992
2 60534  97.6830 215.9377 0001606 116.2269 243.9117 14.96241841 95828
COSMOS 1598
1 15292U 84100A   26140.42926917  .00000049  00000-0  35904-4 0  9993
2 15292  82.9471 193.0859 0033924 105.6592 265.6068 13.73190958 88180
NIMBUS 5
1 06305U 72097A   26140.48933517 -.00000009  00000-0  59192-4 0  9992
2 06305  99.8104  40.0221 0007881 213.1095 319.9903 13.44254851621001
GAOFEN 1
1 39150U 13018A   26140.48166296  .00000280  00000-0  47350-4 0  9999
2 39150  97.9099 213.1107 0017005   0.5840 359.5387 14.76541045704152
COSMOS 1690
1 16138U 85094A   26140.54411521  .00000037  00000-0  14154-3 0  9999
2 16138  82.6084 238.7493 0021393   0.6235  10.5517 12.66105768876494
ICEYE-X49
1 62384U 24247H   26140.69980717  .00001393  00000-0  92455-4 0  9997
2 62384  44.9982 144.1023 0001403 284.4439  75.6282 15.12754764 78016
SDA_1668
1 65978U 25230E   26140.51028632  .00000219  00000-0  18179-3 0  9998
2 65978  81.3008 237.1503 0002632 292.0877  68.0000 13.85503879 29998
ST5-C
1 28982U 06008C   26140.54347488  .00050437  54258-5  55069-3 0  9995
2 28982 105.4733 324.9396 0785053 334.5292  21.9042 14.21215854552065
EDUSAT
1 37788U 11044A   26140.47417174  .00000497  00000-0  78826-4 0  9996
2 37788  98.2724  37.4516 0033680 207.3659 327.5516 14.76470528792433
HAWK-7C
1 56200U 23054Y   26140.59112617  .00003746  00000-0  14392-3 0  9994
2 56200  97.2731  27.6626 0003957 113.1687 246.9969 15.27034906172815
ARCTIC WEATHER SATELLITE
1 60543U 24149CD  26140.14605794  .00000569  00000-0  64929-4 0  9991
2 60543  97.6808 211.4116 0002247 161.6034 198.5265 14.89803096 95121
ONEWEB-0366
1 49292U 21090P   26140.34841289  .00000196  00000-0  49461-3 0  9993
2 49292  87.8936 295.2602 0001827  98.6745 261.4591 13.14504612223903
GLOBALSTAR M034
1 25962U 99062B   26140.48666962 -.00000050  00000-0  48820-3 0  9991
2 25962  51.9858 214.5942 0013771 317.4479  56.4196 11.79458100178196
AAC-AIS-SAT2
1 56996U 23084BY  26140.40871126  .00002230  00000-0  25892-3 0  9990
2 56996  98.1451 279.6703 0057118 187.0184 173.0237 14.85306935149258
KUIPER-00439
1 68941U 26098Y   26140.50249196  .00013256  00000-0  40736-3 0  9992
2 68941  51.8764 201.2133 0007441  51.5381 308.6271 15.33996979  3092
IRIDIUM 176
1 43923U 19002B   26140.90393473  .00000531  00000-0  80274-4 0  9998
2 43923  86.6105   4.9513 0002238  85.8915 274.2558 14.72245950395236
SKYSAT C10
1 42988U 17068B   26140.31504369  .00006516  00000-0  19988-3 0  9993
2 42988  97.4473 276.9082 0001663  96.3563 263.7869 15.34105191478087
SSOT
1 38011U 11076E   26140.48753556  .00001103  00000-0  14398-3 0  9997
2 38011  97.8077 201.5460 0001459  94.9458  29.5079 14.82440425780279
COSMOS 1927
1 18940U 88016D   26140.47711903 -.00000016  00000-0 -12067-5 0  9990
2 18940  74.0049 308.5197 0007950 272.1188 116.2135 12.50920188744067
GB 1
1 14143U 83056C   26140.53537727  .00002894  00000-0  36748-3 0  9991
2 14143  63.3122 330.5713 0726864 131.1411 235.4738 13.78754818342822
RASAT
1 37791U 11044D   26140.57407707  .00000748  00000-0  13827-3 0  9990
2 37791  98.0564 232.3937 0019179 281.0299 134.5519 14.68137710789132
KUIPER-00505
1 68886U 26095Y   26140.39084807  .00019156  00000-0  51500-3 0  9996
2 68886  51.8845  16.7403 0004110 169.2719 190.8357 15.37908163  3459
COSMOS 1943
1 19119U 88039A   26140.64399778  .00000147  00000-0  98924-4 0  9993
2 19119  71.0025  94.6540 0010091 147.9096  24.7567 14.15758210962993
CENTISPACE-2 S9
1 68358U 26060J   26140.55956869 -.00000143  00000-0  97595-5 0  9999
2 68358  54.9789 148.6855 0012592  77.5237 282.7170 14.73577726  8690
AO-95
1 43770U 18099N   26140.41286313  .00008077  00000-0  31609-3 0  9993
2 43770  97.4395 200.7731 0010444  89.4115 270.8320 15.26039698408981
KUIPER-00420
1 68932U 26098P   26140.48586413  .00007995  00000-0  24092-3 0  9995
2 68932  51.8764 201.1057 0003800  59.1778 300.9581 15.35234091  3096
IXPE
1 49954U 21121A   26140.58335647  .00007660  00000-0  40302-3 0  9993
2 49954   0.2291 165.8922 0006694  21.8310 290.5401 15.09969376  5786
COSMOS 2026
1 20045U 89042A   26140.58356741  .00000055  00000-0  40766-4 0  9993
2 20045  82.9409  68.6791 0040821  40.3855 132.7851 13.76264345855491
ESSAIM-1
1 28494U 04049C   26140.55986328  .00000626  00000-0  77987-4 0  9999
2 28494  98.3072   8.4190 0001664  97.6190 262.5213 14.86237687154181
METEOR 1-25
1 08845U 76043A   26140.27930041 -.00000058  00000-0 -38440-4 0  9992
2 08845  81.2626 342.9650 0039933  12.5548 347.6608 14.11835314720984
COSMOS 2489
1 39484U 13076B   26140.48282647 -.00000011  00000-0 -15002-3 0  9994
2 39484  82.4882 187.3250 0022078 153.0629 207.1602 12.42879369562500
ONEWEB-0499
1 54117U 22138E   26140.76394083  .00000004  00000-0 -23148-4 0  9994
2 54117  87.9145 310.4402 0001843  84.8567 275.2776 13.19724786173209
ONEWEB-0051
1 45155U 20008AA  26140.38992387 -.00000218  00000-0 -65182-3 0  9990
2 45155  87.8911  26.5968 0001899  82.3969 277.7375 13.11413540307445
OPAL
1 26063U 00004C   26140.62329180  .00000071  00000-0  42561-4 0  9995
2 26063 100.1907  72.3641 0036464 112.4588 248.0461 14.37952918379320
SPHEREX
1 63182U 25047E   26140.42219785  .00000585  00000-0  96510-4 0  9992
2 63182  97.9578 325.7621 0008964 284.2130  75.8082 14.74005166 63957
COSMOS 2339
1 24727U 97006C   26140.64261356  .00000006  00000-0 -28460-4 0  9991
2 24727  82.6026 272.8547 0001572  97.9284 272.5927 12.62379442348107
CANX-5
1 40056U 14034D   26140.38684056  .00000558  00000-0  78984-4 0  9998
2 40056  98.3159  14.7172 0014116  99.6483 260.6324 14.81223480631226
ONEWEB-0639
1 55803U 23029H   26140.20716255  .00000005  00000-0 -19185-4 0  9992
2 55803  87.9145 310.5551 0001256  61.7006 298.4254 13.19725448155213
HULIANWANG DIGUI-168
1 68660U 26076E   26140.59353291 -.00000257  00000-0 -49672-3 0  9994
2 68660  86.4965  53.2284 0002534 137.0840 223.0502 13.40609066  5708
ELISA E24
1 38008U 11076B   26140.54721144  .00001621  00000-0  17280-3 0  9996
2 38008  97.6534 162.0373 0001926  80.9009 279.2427 14.90192069774722
IRIDE FM4
1 66698U 25276AJ  26140.16756884  .00004062  00000-0  19508-3 0  9993
2 66698  97.4188 214.1137 0005775 103.8600 256.3278 15.19395809 26163
ICUBE 1
1 39432U 13066S   26140.44566590  .00009637  00000-0  38666-3 0  9996
2 39432  97.5690 125.7866 0018843  72.0737 288.2553 15.25040296680184
FLOCK 4H 30
1 66733U 25276BV  26140.82728559  .00004441  00000-0  21249-3 0  9990
2 66733  97.4237 214.8650 0005984 105.5453 254.6442 15.19470561 26266
GREGOIRE
1 56946U 23084Q   26140.36719038  .00011465  00000-0  31008-3 0  9999
2 56946  97.6220 283.1742 0007175  64.8711 295.3276 15.37859100163432
COSMOS 1799
1 17143U 86092F   26140.42479377 -.00000011  00000-0  30114-4 0  9993
2 17143  74.0112 164.1057 0037748 203.4303 225.1719 12.55278683809776
COSMOS 890
1 09737U 77004A   26140.37761582  .00000053  00000-0  41644-4 0  9997
2 09737  82.9607 185.4710 0026098   6.4335   5.2542 13.71922957468521
KUIPER-00070
1 64817U 25151B   26140.57265075  .00002051  00000-0  29793-3 0  9991
2 64817  51.9006 347.6906 0000778 114.6403 245.4641 14.79943174 47067
PCSAT
1 26931U 01043C   26140.43058709  .00000058  00000-0  52653-4 0  9996
2 26931  67.0507 316.0628 0006215 263.6976  96.3418 14.31944109286471
HULIANWANG DIGUI-152
1 67528U 26013G   26140.59322975 -.00000107  00000-0  36898-4 0  9992
2 67528  50.0031  94.3693 0000881   9.2796 350.8092 13.29327601 16382
BPA 3/SL-24
1 39448U 13066AJ  26140.07228386  .00000036  00000-0  26914-4 0  9998
2 39448  97.6728 312.3312 0678612  97.4942 270.3766 13.43242860612114
UVSQ-SAT NG
1 63251U 25052AT  26140.22220591  .00001231  00000-0  11710-3 0  9997
2 63251  97.6882  32.2249 0002370 353.2852   6.8336 14.95240697 64453
SHERPA-FX2/TAGSAT-2
1 48958U 21059CH  26140.26431172  .00016462  00000-0  24645-3 0  9993
2 48958  97.6874 332.1746 0007835  83.9060 276.3086 15.55027260273087
ONEWEB-0572
1 55151U 23004M   26140.57482370  .00000021  00000-0  20619-4 0  9990
2 55151  87.9157  11.3566 0001648  87.1117 273.0203 13.17650767163844
PACE
1 40022U 14033N   26140.44261069  .00003039  00000-0  18874-3 0  9990
2 40022  98.1242 143.6128 0005035 325.0017  35.0879 15.10527094648848
COSMOS 2215
1 22186U 92068E   26140.38067805  .00000045  00000-0  19368-3 0  9993
2 22186  82.6035  30.3630 0011544 239.2109 120.7846 12.60962376545364
SPRITE-SAT (RISING)
1 33494U 09002C   26140.53984588  .00000333  00000-0  56875-4 0  9991
2 33494  98.1539  45.3321 0004861  89.6333 270.5432 14.75320667929733
ASTROCAST-0105
1 47517U 21006DH  26140.41040271  .00277866  00000-0  13240-2 0  9993
2 47517  97.2061 203.5732 0006076 223.2512 136.8280 15.82104504296543
CAPELLA-19 (ACADIA)
1 67384U 26004X   26140.46843141  .00003100  00000-0  35520-3 0  9996
2 67384  97.7999 139.3516 0001500  90.6190 269.5198 14.86638683 19158
ONEWEB-0702
1 61608U 24188Q   26140.40010614 -.00000529  00000-0 -15293-2 0  9993
2 61608  87.8929  26.5101 0000821  94.7202 265.4020 13.11415466 80847
KUIPER-00265
1 67159U 25301AC  26140.65801731  .00001358  00000-0  20704-3 0  9996
2 67159  51.9014 127.3864 0000617  57.7846 302.3176 14.79942347 24145
YAOGAN-43 O1C
1 60460U 24148C   26140.55793293  .00005891  00000-0  24506-3 0  9994
2 60460  35.0002 336.3004 0006667 312.7396  47.2757 15.23096208 97928
COSMOS 2398
1 27818U 03023A   26140.51766309  .00000034  00000-0  20523-4 0  9997
2 27818  82.9471 155.7130 0032176  34.2641 128.9305 13.72402397149943
ONEWEB-0121
1 47267U 20100K   26140.31416400 -.00000436  00000-0 -12465-2 0  9996
2 47267  87.8961 356.1985 0002051  80.1061 280.0299 13.12441741260981
FLOCK 4BE 6
1 60516U 24149BA  26140.48853115  .00011315  00000-0  29742-3 0  9994
2 60516  97.3786 223.9198 0004208  59.5191 300.6469 15.38749112 98015
FLOCK 4BE 22
1 60494U 24149AC  26140.53471454  .00012237  00000-0  30610-3 0  9997
2 60494  97.3730 223.8535 0003470  36.5597 323.5886 15.40252054 98045
OSCAR 7
1  7530U 74089B   26140.47663918 -.00000055  00000-0 -52642-4 0  9995
2  7530 101.9911 153.4337 0012258 182.2122 345.1959 12.53697590357043
COSMOS 1308
1 12835U 81091A   26140.41625065  .00000045  00000-0  30683-4 0  9993
2 12835  82.9210 195.2751 0027890 169.7570 201.2822 13.75649389241744
OPS 6381 (SSU 1)
1 07937U 75051C   26140.39411062  .00000008  00000-0  93671-4 0  9991
2 07937  95.0729 182.2546 0007871  63.9205   1.1660 12.68265775357857
SAUDICOMSAT 6
1 31121U 07012E   26140.38252176  .00000377  00000-0  81651-4 0  9997
2 31121  98.4083 107.3863 0072930  53.9975 306.7958 14.62515933 16126
KANOPUS-V-IK
1 42825U 17042A   26140.56356809  .00001478  00000-0  66110-4 0  9998
2 42825  97.3600  46.6474 0001957  84.9430 275.2031 15.22839003491163
O/OREOS (USA 219)
1 37224U 10062C   26140.40250664  .00001218  00000-0  12118-3 0  9995
2 37224  71.9679 143.2693 0012695 124.0048 236.2330 14.93610653112493
AZUR (GRS A)
1  4221U 69097A   26140.45944319  .00024848  00000-0  35505-3 0  9999
2  4221 102.6591 264.1257 0224680 273.7646  83.7913 15.32248337721176
COSMOS 2242
1 22626U 93024A   26140.43877516  .00001024  00000-0  86811-4 0  9995
2 22626  82.5198 198.0872 0017683  67.1550 293.1538 14.96814851791125
YAOGAN-35 C
1 49393U 21101D   26140.29335396  .00007274  00000-0  30322-3 0  9999
2 49393  35.0055  80.3703 0006741 127.2741 232.8590 15.22980103252752
COSMOS 2268
1 22999U 94011A   26140.39068826  .00000018  00000-0  41415-4 0  9999
2 22999  82.5784 358.2260 0009234 265.5575 267.3853 12.61227557485252
HEAD-3B
1 57627U 23121B   26140.54289701  .00000272  00000-0  86471-4 0  9996
2 57627  45.0025  81.0326 0004203 126.2629 233.8617 14.61527351147627
ORBCOMM FM 17
1 25413U 98046A   26140.58822830  .00000342  00000-0  16537-3 0  9995
2 25413  44.9933 104.2265 0001120  42.4920 317.6014 14.35859127451652
COSMOS 826
1 08890U 76054B   26140.35484958 -.00000024  00000-0 -64110-4 0  9990
2 08890  73.9980 115.8593 0039159 117.3492  34.1981 12.38553650257434
YAOGAN 9B
1 36414U 10009B   26140.53620817  .00000029  00000-0  84736-4 0  9996
2 36414  63.3666  69.4086 0536072  20.6821 341.5029 13.45703130796020
TSAT-1A
1 59442U 24066A   26140.51584495  .00008855  00000-0  26417-3 0  9995
2 59442  45.6162 271.7101 0012329 306.4394  53.5364 15.35044415117529
COSMOS 2228
1 22286U 92094A   26140.49178251  .00001079  00000-0  89972-4 0  9990
2 22286  82.5176 168.5694 0019350  63.3904 296.9298 14.97479331786805
SSB
1 13845U 83008F   26140.57001497  .00000878  00000-0  14233-3 0  9995
2 13845  63.3083  93.8657 0709838 135.2524 230.8090 13.78334568341098
COSMOS 1168
1 11735U 80022A   26140.43854730  .00000049  00000-0  34809-4 0  9997
2 11735  82.9444 294.9832 0036815  78.7063 308.9447 13.75250449316343
LEMUR 2 KRISH
1 64561U 25135AK  26140.58522014  .00003049  00000-0  27765-3 0  9994
2 64561  97.7709 255.6641 0001403 111.4511 248.6859 14.95913773 49794
YAOGAN-30 L
1 43171U 18011C   26140.52479169  .00001697  00000-0  12724-3 0  9995
2 43171  34.9961 319.2988 0000801  73.4764 286.6032 15.02565099454057
COSMOS 1081
1 11296U 79024A   26140.51484071  .00000006  00000-0  13136-3 0  9997
2 11296  74.0349  62.0005 0038868 109.9172  64.0231 12.57293013165442
COSMOS 1759
1 16798U 86047A   26140.42237519  .00000060  00000-0  46472-4 0  9995
2 16798  82.9222 209.0705 0023730 334.5507  36.4989 13.75199401  2880
IRIDIUM 130
1 43073U 17083D   26140.27586889  .00000007  00000-0 -44508-5 0  9996
2 43073  86.3965 333.9486 0002189  82.3203 277.8241 14.34217915440118
DMSP 5D-3 F17 (USA 191)
1 29522U 06050A   26140.52151006  .00000005  00000-0  24946-4 0  9998
2 29522  98.7384 147.6577 0010986 130.4570 229.7563 14.14987864  8512
USA 141
1 25615U 98055C   26140.39878913  .00000222  00000-0  55014-4 0  9992
2 25615  84.9871  24.3937 0006068 311.0833  48.9843 14.47229089370018
OSCAR 22 (UOSAT 5)
1 21575U 91050B   26140.42851081  .00000098  00000-0  42674-4 0  9991
2 21575  98.3513 209.4807 0005890 255.8346 104.2189 14.42358889830543
DRESDEN
1 65297U 25185A   26140.47550947  .00005730  00000-0  78508-3 0  9990
2 65297  97.9622 224.0654 0016581 165.5324 194.6365 14.78757252 39730
PAYLOAD B
1 49113U 21076B   26140.52547940  .00000168  00000-0  85818-4 0  9992
2 49113  86.4020  94.1121 0017428 298.0953  61.8466 14.09456050243538
ONEWEB-0530
1 55796U 23029A   26140.36292905 -.00000206  00000-0 -53760-3 0  9991
2 55796  87.9158 280.0202 0002320 103.8529 256.2863 13.20770138157479
COSMOS 963
1 10491U 77109A   26140.43984654 -.00000083  00000-0 -24695-3 0  9997
2 10491  82.9289 288.1800 0016340 140.5027 239.0335 13.17656981332050
QIANFAN-125
1 68652U 26075S   26140.47409233 -.02108605  00000-0 -24887+1 0  9995
2 68652  88.9875 323.8569 0007916 100.6229 259.5827 13.72134034  6050
COSMOS 875
1 09592U 76118E   26140.58781578 -.00000002  00000-0  88139-4 0  9996
2 09592  74.0306 209.1957 0017193 136.3440 293.7289 12.53518969262641
YAOGAN-31 D
1 47532U 21007A   26140.54441105 -.00000010  00000-0  12318-3 0  9998
2 47532  63.4036 214.1581 0173538   0.4286 359.6858 13.45446234260518
ONEWEB-0667
1 55827U 23029AH  26140.30065699  .00000022  00000-0  21905-4 0  9999
2 55827  87.9176 279.9899 0001885  92.9183 267.2166 13.20768539157461
FUNCUBE 1
1 39444U 13066AE  26140.67569056  .00005251  00000-0  33102-3 0  9992
2 39444  97.8265 111.5579 0034836 298.9376  60.8360 15.09093359675511
HAWK-14C
1 68441U 26067AB  26140.33380898  .00002736  00000-0  13804-3 0  9996
2 68441  97.4475  99.1178 0003420 139.2800 220.8690 15.17960426  7711
ONEWEB-0399
1 50479U 21132L   26140.19664456  .00000274  00000-0  73839-3 0  9994
2 50479  87.8920  26.6350 0002310  86.5701 273.5692 13.11418553211938
HUBBLE 6
1 64562U 25135AL  26140.59015526  .00001262  00000-0  12494-3 0  9999
2 64562  97.7720 255.0627 0001490 109.7134 250.4246 14.93624658 49759
ONEWEB-0226
1 48793U 21045AC  26140.59396822 -.00000039  00000-0 -13766-3 0  9990
2 48793  87.8993 264.6913 0001844  91.3159 268.8183 13.15547579240721
KUIPER-00269
1 68587U 26072Q   26140.50512910  .00026564  00000-0  69831-3 0  9990
2 68587  51.8746 310.6520 0002804 258.5583 101.5089 15.38400211  7123
QIANFAN-142
1 69088U 26104R   26140.47198537  .00000066  00000-0  21392-4 0  9994
2 69088  88.9867 344.7911 0002731 165.3108 194.8166 14.26464538  1150
CHECKMATE 6
1 56165U 23050D   26140.34329749  .00000034  00000-0  19747-4 0  9996
2 56165  81.0042  98.6142 0011200  29.5954 330.5834 13.86169305158246
SEDNA-2
1 63153U 25009DQ  26140.45039585  .00004470  00000-0  26746-3 0  9999
2 63153  97.4542 214.6727 0010272 150.8954 209.2851 15.11492473 73930
COSMOS 645
1 07269U 74024E   26140.58275612  .00000003  00000-0  10968-3 0  9990
2 07269  74.0180 252.3918 0072336 201.4338 169.7215 12.59541983394170
LEMUR 2 EMBRIONOVIS
1 56970U 23084AQ  26140.34035146  .00009827  00000-0  27543-3 0  9993
2 56970  97.6265 283.4937 0009847  60.4972 299.7252 15.36772633163409
GEOSAT
1 15595U 85021A   26140.29175742  .00000027  00000-0  51846-4 0  9998
2 15595 108.0459  23.3973 0001284 265.3675  94.7320 14.39952089158751
FLOCK 4G 8
1 62613U 25009E   26140.21397272  .00006835  00000-0  24423-3 0  9990
2 62613  97.4005 222.3486 0005287  70.1371 290.0438 15.29143090 74644
IRIDE-MS2-HEO-3
1 64568U 25135AS  26140.51718299  .00001124  00000-0  11688-3 0  9995
2 64568  97.7701 255.0484 0001952  69.3055 290.8372 14.91825638 49758
QIANFAN-144
1 69090U 26104T   26140.54201331  .00000064  00000-0  20575-4 0  9992
2 69090  88.9870 344.7828 0002305 171.9318 188.1913 14.26644850  1161
COSMOS 642
1  7266U 74024B   26140.40441646 -.00000007  00000-0  49706-4 0  9998
2  7266  74.0174 309.3259 0103621 210.2617 170.3015 12.65840343406192
ZY 3 04
1 67131U 25300A   26140.47225562  .00002828  00000-0  12919-3 0  9999
2 67131  97.4734 218.5788 0007529  52.3178 307.8739 15.21386618 23623
COSMOS 1998
1 19789U 89009E   26140.54870796  .00000016  00000-0  26422-4 0  9996
2 19789  82.6124 349.1422 0015854 347.6737  12.3966 12.64933093720527
PULSAR-0
1 64541U 25135P   26140.57381148  .00001937  00000-0  92954-4 0  9999
2 64541  97.4674 255.4943 0001511 287.0447  73.0622 15.20078757 50637
YUBELEINY 2
1 38735U 12041C   26140.49836485  .00000034  00000-0  17266-3 0  9996
2 38735  82.4745  91.9572 0018303 125.0034 235.2767 12.42648318626400
KUIPER-00059
1 64519U 25134V   26140.69811642 -.00000714  00000-0 -64650-4 0  9999
2 64519  51.8980 262.1625 0000501 121.4354 238.6658 14.79930078 50919
KUIPER-00139
1 65765U 25217D   26140.49415049  .00003799  00000-0  30418-3 0  9992
2 65765  51.8852  64.9346 0007833 181.8794 178.2150 15.02349997 35800
ONEWEB-0264
1 48982U 21060R   26140.52140735  .00000033  00000-0  51625-4 0  9999
2 48982  87.9106 234.2773 0002062  94.6495 265.4871 13.16592895235955
TIANQI-12
1 48426U 21039D   26140.44916031  .00003612  00000-0  20893-3 0  9997
2 48426  34.9975 137.2243 0002775  45.2502 314.8435 15.11764328276027
GOOD ANCESTOR KILAKILA
1 64528U 25135A   26140.59479536  .00005710  00000-0  24164-3 0  9995
2 64528  97.4607 255.9671 0003508 281.4709  78.6133 15.23580149 50687
USA 56
1 20560U 90031A   26140.31599474  .00000471  00000-0  61591-4 0  9999
2 20560  89.8600 261.5190 0061260   9.9584 350.2836 14.77637384108589
NNSS 20 (TRANSIT 20)
1 06909U 73081A   26140.58995571  .00000141  00000-0  13533-3 0  9999
2 06909  89.8622 252.6526 0152885 322.4574  36.5989 13.71498952825380
FLOCK 4G 21
1 62651U 25009AU  26140.17094460  .00008703  00000-0  30202-3 0  9998
2 62651  97.3990 222.7486 0002863  78.7205 281.4357 15.30024175 74670
ONEWEB-0627
1 55168U 23004AE  26140.57313372 -.00000015  00000-0 -72448-4 0  9995
2 55168  87.9158  11.3657 0002261  93.0511 267.0879 13.17650944163940
OSCAR 29
1 18362U 87080B   26140.62068372  .00000089  00000-0  13356-3 0  9998
2 18362  90.3720  85.5966 0106120 151.8645  21.0327 13.44475177896441
ONEWEB-0007
1 44060U 19010D   26140.57810928  .00000148  00000-0  35991-3 0  9991
2 44060  87.8988 264.7239 0001840  89.9390 270.1951 13.15550047347749
CENTISPACE-1 S10
1 62579U 25007E   26140.54165417 -.00000056  00000-0  79788-4 0  9994
2 62579  54.9904  28.1307 0012710  46.7993 313.4023 13.80598640 70919
ONEWEB-0710
1 55173U 23004AK  26140.63895865  .00000006  00000-0 -18321-4 0  9999
2 55173  87.9156  11.3442 0001903  88.5394 271.5956 13.17649262163954
COSMOS 1249
1 12319U 81021A   26140.45420148 -.00000056  00000-0  28295-4 0  9991
2 12319  64.9635 213.9988 0067512 276.3382  82.9993 13.86773033291006
GAOFEN 11-05
1 60249U 24130A   26140.53031985  .00003574  00000-0  15350-3 0  9994
2 60249  97.3997 219.2225 0003941 149.2195 210.9274 15.23329960 81259
PRAETORIAN SDA_604
1 65567U 25203C   26140.21801459  .00000143  00000-0  12046-3 0  9998
2 65567  81.3071  36.9422 0004575 281.7881  78.2762 13.83042454 34815
COSMOS 1364
1 13167U 82040H   26140.19849213 -.00000014  00000-0  92469-5 0  9993
2 13167  74.0115 312.8799 0032375 222.9052 311.7979 12.41889677996496
JILIN-01 KUANFU 02B 3
1 61191U 24169C   26140.51601601  .00002565  00000-0  16735-3 0  9996
2 61191  97.5556 230.2861 0014682  48.4265 311.8219 15.08680867 91654
ONEWEB-0168
1 48068U 21025AC  26140.48937348  .00000145  00000-0  36327-3 0  9999
2 48068  87.8949 325.7370 0001672  96.0666 264.0654 13.13472220249927
S-NET C
1 43189U 18014K   26140.63216641  .00003349  00000-0  17593-3 0  9998
2 43189  97.5413  45.8577 0012061 100.9363 259.3228 15.16339123453135
COSMOS 627
1 07008U 73109A   26140.48935341  .00000038  00000-0  24682-4 0  9992
2 07008  82.9517 142.1111 0033316  55.2549 108.1052 13.73076333624089
ORBCOMM FM 13
1 25420U 98046H   26140.41492527  .00000477  00000-0  20042-3 0  9996
2 25420  44.9987  24.8547 0003989 167.9796 192.1148 14.38585403451782
SPOT 4
1 25260U 98017A   26140.51023633  .00000188  00000-0  52976-4 0  9996
2 25260  98.2449 236.5374 0011445 312.0117  48.0106 14.56081127475283
COSMOS 448
1  5551U 71086E   26140.55009329 -.00000019  00000-0 -22147-4 0  9996
2  5551  74.0266 177.0586 0049581 233.4822 200.1527 12.46763017485021
ONEWEB-0384
1 49310U 21090AH  26140.63524676  .00000147  00000-0  32988-3 0  9996
2 49310  87.9174 279.9720 0002357  94.2715 265.8687 13.20811708226199
GNOMES-5
1 60574U 24149DL  26140.50128971  .00003324  00000-0  26552-3 0  9993
2 60574  97.6998 218.8112 0006452 211.8432 148.2403 15.00931647 96006
ONEWEB-0644
1 55808U 23029N   26140.95109685  .00000050  00000-0  91310-4 0  9991
2 55808  87.9147 310.4091 0001447  88.6621 271.4678 13.19726316155318
COSMOS 1859
1 18120U 87051H   26140.48706201  .00000006  00000-0  12867-3 0  9997
2 18120  74.0054  57.7090 0056585  52.1998  61.7833 12.57955774787524
COSMOS 1853
1 18114U 87051B   26140.53973471 -.00000007  00000-0  58377-4 0  9990
2 18114  74.0033  85.2803 0006879 228.6900 253.3649 12.47019069772060
OPS 7613 (P/L 4)
1  4237U 69082E   26140.52870257  .00000009  00000-0  45228-4 0  9994
2  4237  70.0128 162.9764 0020096 173.8977 340.9597 13.95991647882447
WEOS
1 27599U 02056C   26140.38768259  .00000096  00000-0  53982-4 0  9992
2 27599  98.8147 107.7690 0010387  39.6331 320.5609 14.30835480222372
ONEWEB-0432
1 50502U 21132AK  26140.51378169  .00000023  00000-0  24679-4 0  9991
2 50502  87.9171 340.9375 0001503 105.1156 255.0142 13.18712682217936
TIANMU-1 22
1 58663U 23208D   26140.55381666  .00005272  00000-0  18071-3 0  9992
2 58663  97.4474 256.6858 0005196  86.0520 274.1315 15.30619195133108
QIANFAN-129
1 69075U 26104C   26140.54246419  .00000064  00000-0  20506-4 0  9995
2 69075  88.9870 344.7829 0002719 169.6661 190.4589 14.26564174  1164
RAX (USA 218)
1 37223U 10062B   26140.33612516  .00002192  00000-0  18066-3 0  9994
2 37223  71.9686 103.2980 0011325  89.2983 270.9488 15.00137823110033
CBERS 2
1 28057U 03049A   26140.40371673  .00000104  00000-0  50986-4 0  9999
2 28057  98.7538 111.7913 0000659 131.8747 228.2495 14.36733015183195
JILIN-01 GAOFEN 2F
1 49338U 21097A   26140.49154382  .00002618  00000-0  17601-3 0  9990
2 49338  97.6670 266.7716 0017733 324.9419  35.0641 15.07540930252149
YAOGAN-39 05A
1 58557U 23194A   26140.56919899  .00005848  00000-0  24375-3 0  9997
2 58557  35.0011 231.0892 0005331  65.0541 295.0727 15.23037840136140
VINDLER 2.1
1 68488U 26067CA  26140.34761362  .00000997  00000-0  10400-3 0  9993
2 68488  97.7563  99.0169 0002714 102.9905 257.1617 14.91938651  7572
ONEWEB-0295
1 49084U 21075K   26140.39512386 -.00000016  00000-0 -73836-4 0  9990
2 49084  87.9155  11.3961 0001925  94.7583 265.3768 13.17651124229939
KUIPER-00063
1 64523U 25134Z   26140.81430416 -.00000506  00000-0 -37347-4 0  9996
2 64523  51.9015 279.1819 0000539 111.9472 248.1548 14.79930547 50682
GAOFEN 12
1 44819U 19082A   26140.50361550  .00000221  00000-0  35524-4 0  9992
2 44819  97.8106 147.6143 0002421 104.4444 255.7037 14.80432795349991
KUIPER-00069
1 64816U 25151A   26140.49834036  .00002018  00000-0  29358-3 0  9990
2 64816  51.9029 323.0964 0000816 114.4595 245.6452 14.79936622 47394
ICEYE-X2
1 43800U 18099AU  26140.51352398  .00006007  00000-0  30390-3 0  9992
2 43800  97.4369 194.8485 0011368  47.4509 312.7682 15.17343423408624
KUIPER-00066
1 64526U 25134AC  26140.50758689  .00000131  00000-0  46130-4 0  9992
2 64526  51.9020 220.4147 0000071 333.3584  26.7375 14.79931192 51483
COSMOS 1051
1 11128U 78109A   26140.65374851 -.00000010  00000-0  34635-4 0  9997
2 11128  74.0157  91.1544 0057708  70.9763 101.9281 12.55966638175660
SICH 2
1 37794U 11044G   26140.43049141  .00000340  00000-0  70980-4 0  9994
2 37794  97.8365 122.2614 0010558 257.2490 254.3785 14.65606483787397
COSMOS 733
1 07822U 75045B   26140.38651804 -.00000026  00000-0 -75853-4 0  9990
2 07822  74.0146 134.0244 0053885 242.1082 187.8018 12.38841783305566
QIANFAN-89
1 63175U 25046S   26140.52089638  .00000023  00000-0  16294-4 0  9994
2 63175  88.9687 303.5826 0017375  33.0381 327.1851 13.51000718 68847
NULINK-2
1 68994U 26100Q   26140.49749800  .00001734  00000-0  17494-3 0  9992
2 68994  97.7355  38.4835 0002722  68.3960 291.7549 14.92362508  2571
ONEWEB-0665
1 55825U 23029AF  26140.37537927 -.00000176  00000-0 -50889-3 0  9996
2 55825  87.8929 295.2734 0001717  85.6440 274.4886 13.14503639155752
GEESAT 4-04
1 65122U 25170D   26140.49538667  .00000932  00000-0  14376-3 0  9990
2 65122  49.9707 255.8362 0030207 206.6692 153.2692 14.82031371 42945
KUIPER-00370
1 68919U 26098A   26140.50003471  .00009035  00000-0  30941-3 0  9998
2 68919  51.8714 201.4642 0015558  57.3134 167.4667 15.30858195  4025
CLARITY-1
1 63227U 25052T   26140.53088791  .00276035  35854-4  42286-3 0  9995
2 63227  97.4014  59.4063 0006411 125.2252 234.9629 16.04347900 67265
KUIPER-00109
1 65147U 25171R   26140.53186575  .00001526  00000-0  22913-3 0  9996
2 65147  51.9019 197.8797 0000317  74.4077 285.6921 14.79933668 43565
ACRIMSAT
1 26033U 99070B   26140.36711680  .00000311  00000-0  66003-4 0  9998
2 26033  98.3416 284.9293 0026090 191.6831 168.3770 14.65889443408815
ALOS 2
1 39766U 14029A   26140.54494524  .00000634  00000-0  91798-4 0  9998
2 39766  97.9227 238.1040 0001538  88.4040 271.7348 14.79480789647497
COSMOS 648
1  7272U 74024H   26140.52039343 -.00000017  00000-0 -59597-5 0  9997
2  7272  74.0181 328.6680 0033011   7.5530  21.6399 12.50376204376941
ONEWEB-0630
1 56072U 23043AC  26140.64150115  .00000208  00000-0  51813-3 0  9999
2 56072  87.8984 264.6848 0001716  94.6957 265.4369 13.15550188152807
PRAETORIAN SDA_617
1 65580U 25203R   26140.22708166  .00000027  00000-0  14223-4 0  9996
2 65580  81.3048  36.7530 0006427 269.1879  90.8540 13.83146914 34828
COSMOS 2531
1 43752U 18097B   26140.54759027  .00000051  00000-0  29287-3 0  9995
2 43752  82.5202 240.4808 0017968 115.0427 245.2521 12.42912083338871
MSX
1 23851U 96024A   26140.54703480  .00000218  00000-0  18326-3 0  9998
2 23851  99.0421  78.0228 0006996 323.0446  37.0235 13.98390241534489
GONETS D1 4
1 24728U 97006D   26140.60328766  .00000037  00000-0  14182-3 0  9995
2 24728  82.6044 253.8726 0007000 236.5516 123.4907 12.63922483349728
HULIANWANG DIGUI-27
1 63694U 25086H   26140.50251767  .00000029  00000-0  33788-4 0  9999
2 63694  86.5023 322.4080 0001547  76.9587 283.1719 13.24409366 51197
ONEWEB-0716
1 55177U 23004AP  26140.17659091  .00000071  00000-0  15078-3 0  9997
2 55177  87.9159  11.4382 0001882  76.5591 283.5750 13.17649328163898
TRIAD 1
1 06173U 72069A   26140.42926707  .00000344  00000-0  79275-4 0  9996
2 06173  90.0219 208.6802 0051697 128.9833 242.5998 14.52624475826542
ONEWEB-0189
1 48217U 21031H   26140.68460480 -.00000251  00000-0 -71280-3 0  9999
2 48217  87.8940 295.1824 0001458 102.7540 257.3753 13.14503559244613
STRIX-1
1 53815U 22113A   26140.48849808  .00015485  00000-0  40992-3 0  9993
2 53815  97.4507 202.0449 0002703   0.2990 359.8256 15.38462524203181
KUIPER-00246
1 67151U 25301U   26140.17047407  .00001520  00000-0  22838-3 0  9998
2 67151  51.8992 112.0218 0000739  64.9311 295.1728 14.79934878 24307
LEMUR 2 AMANDA-SVANTE
1 48269U 21034B   26140.16647164  .00023072  00000-0  73703-3 0  9994
2 48269  97.5762 217.7531 0001854  45.0491 315.0901 15.32469687276762
VIREON-2
1 68421U 26067F   26140.31032488  .00002751  00000-0  13634-3 0  9999
2 68421  97.4508  99.2025 0001995  59.8794 300.2638 15.18590098  7712
6GSTARLAB
1 66683U 25276T   26140.44340787  .00001901  00000-0  96167-4 0  9995
2 66683  97.4254 214.3398 0007578  92.6942 267.5160 15.18221944 26193
ONEWEB-0608
1 54672U 22166AG  26140.57941031  .00000057  00000-0  10743-3 0  9994
2 54672  87.9259 249.4576 0002539 101.4017 258.7403 13.21823836167905
MENUT
1 55010U 23001B   26140.48149449  .00049327  00000-0  69248-3 0  9990
2 55010  97.3161 207.6314 0005311 189.8027 170.3125 15.56567349188083
IRIDE-MS2-HEO-14
1 68986U 26100G   26140.50438881  .00000799  00000-0  84828-4 0  9995
2 68986  97.7389  38.4760 0001400 149.7766 210.3533 14.91742536  2578
LONGJIANG 3
1 56874U 23082A   26140.48982615  .00013174  00000-0  32007-3 0  9992
2 56874  49.1066 188.0456 0006106 287.4858  72.5424 15.41225947165090
QIANFAN-117
1 68644U 26075J   26140.45446286  .00000027  00000-0  13925-4 0  9993
2 68644  88.9876 323.8700 0011628  87.5000 272.7496 13.76159628  6042
YAOGAN-35 03A
1 53316U 22088A   26140.55737273  .00180428  00000-0  96036-3 0  9990
2 53316  35.0076 228.4829 0011779 147.6922 212.4533 15.78835719213721
LEMUR-2-STAS-GORBUK
1 66686U 25276W   26140.53401314  .00003960  00000-0  19217-3 0  9999
2 66686  97.4250 214.5317 0007033  95.1355 265.0682 15.19043153 26217
ASTRID
1 23464U 95002B   26140.26457299  .00000102  00000-0  94026-4 0  9990
2 23464  82.9295  39.2979 0039724 225.2696 134.5224 13.73077854568209
ONEWEB-0655
1 54677U 22166AM  26140.59791522 -.00000025  00000-0 -91903-4 0  9994
2 54677  87.9247 249.4784 0002025  93.5707 266.5659 13.21825336167799
WILDFIRE 8
1 57768U 23133M   26140.44625634  .00000110  00000-0  86798-4 0  9996
2 57768  80.9968  33.6059 0006917  85.1827 275.0119 13.85417880137196
ONEWEB-0174
1 48072U 21025AG  26140.25069847 -.00000171  00000-0 -50432-3 0  9993
2 48072  87.8945 325.7849 0001828  95.5130 264.6208 13.13468902250163
ELISA W11
1 38007U 11076A   26140.52578861  .00000265  00000-0  44020-4 0  9995
2 38007  97.7653 137.8475 0001562  84.5534 275.5855 14.77524960772676
STARCLOUD-1
1 66303U 25248L   26140.64195327  .00003457  00000-0  16569-3 0  9998
2 66303  45.4028 268.1891 0006909 250.1092 109.9051 15.20992377 30341
YAOGAN 22
1 40275U 14063A   26140.35099780 -.00000041  00000-0  16635-4 0  9997
2 40275 100.7687 291.1659 0005801 250.7208 109.3276 13.15530430556155
YAOGAN 25B
1 40339U 14080B   26140.47162582  .00000032  00000-0  13808-3 0  9998
2 40339  63.3907  22.3186 0364505   8.8312 351.8898 13.45433109561902
GAOFEN 8
1 40701U 15030A   26140.50436468  .00016365  00000-0  35001-3 0  9993
2 40701  97.6919 332.2347 0007575 296.1364  63.9104 15.44873734607174
HULIANWANG DIGUI-134
1 67242U 25311G   26140.47892645 -.00000075  00000-0  10597-3 0  9999
2 67242  50.0028 215.1449 0000950 229.5063 130.5726 13.29322414 19651
ONEWEB-0468
1 51652U 22012AG  26140.47451753  .00000533  00000-0  14892-2 0  9992
2 51652  87.8854  41.7915 0002008  69.5561 290.5782 13.10376687205675
ONEWEB-0032
1 45141U 20008L   26140.43645683 -.00000471  00000-0 -13843-2 0  9992
2 45141  87.8852  41.7941 0002335  81.2080 278.9312 13.10371399304661
GAOFEN 5 01A
1 54640U 22165A   26140.51694181  .00000251  00000-0  65021-4 0  9999
2 54640  98.2345  78.1311 0003136  89.9360 270.2198 14.57671497183384
ENMAP
1 52159U 22033C   26140.48725161  .00000462  00000-0  76188-4 0  9995
2 52159  97.9789 223.1298 0001469  86.2480 273.8897 14.74961912222574
ONEWEB-0717
1 55178U 23004AQ  26140.38751466  .00000006  00000-0 -18629-4 0  9995
2 55178  87.9167  11.3814 0002185 100.5685 259.5693 13.17649991163970
SENTINEL 1B
1 41456U 16025A   26140.49350909  .00001285  00000-0  11097-3 0  9993
2 41456  98.0915 200.1862 0016190 222.1474 137.8504 14.99066954539639
WREN-1
1 60478U 24149L   26140.47139567  .00014828  00000-0  36890-3 0  9992
2 60478  97.3762 224.3181 0003887  23.2495 336.8926 15.40371367 98059
WILDFIRE 7
1 57761U 23133E   26140.40206299  .00000108  00000-0  85831-4 0  9991
2 57761  81.0009  34.6111 0006337 103.4060 256.7802 13.85096937137142
CAPELLA-14 (ACADIA)
1 59444U 24066C   26140.45790595  .00012366  00000-0  70284-3 0  9993
2 59444  45.6047  41.6134 0006031 162.0398 198.0703 15.12985367108286
COSMOS 2208
1 22080U 92053A   26140.20228803  .00000040  00000-0  24864-4 0  9991
2 22080  74.0413 324.3714 0012606 163.4824 196.6740 14.31515751762630
TECHNOSAT
1 42829U 17042E   26140.32214715  .00002836  00000-0  20468-3 0  9999
2 42829  97.4257 299.0488 0017714 185.3110 174.7931 15.04765003482513
UME 2 (ISS-B)
1 10674U 78018A   26140.37268542 -.00000040  00000-0  15540-4 0  9996
2 10674  69.3627 307.3476 0162103 135.3715 238.3021 13.43713703366906
VENUS
1 42901U 17044B   26140.47811753  .00005990  00000-0  32992-3 0  9992
2 42901  97.2729 178.3170 0005373  97.3169 262.8674 15.14356809476761
ONEWEB-0208
1 48243U 21031AK  26140.83367605 -.00000198  00000-0 -56815-3 0  9997
2 48243  87.8940 295.1607 0001436 100.5617 259.5674 13.14503300244719
RESURS P4
1 59371U 24061A   26140.50447023  .00002079  00000-0  69836-4 0  9990
2 59371  97.2742  88.8923 0000857  61.7787 298.3542 15.31953777119521
TYCHE
1 60496U 24149AE  26140.52732560  .00002961  00000-0  11860-3 0  9995
2 60496  97.3753 218.7143 0003054  48.7558 311.3943 15.25821884 97684
GEESAT 2-04
1 58908U 24023D   26140.45394013  .00000897  00000-0  98993-4 0  9999
2 58908  49.9930  94.5349 0006518 292.4559  67.5694 14.97029180125170
COSMOS 829
1 08893U 76054E   26140.38997677 -.00000002  00000-0  91663-4 0  9991
2 08893  74.0031  21.2699 0026120 215.5133 320.5766 12.48679787275816
COSMOS 939
1 10282U 77079A   26140.33955500 -.00000019  00000-0 -19947-4 0  9992
2 10282  74.0225 170.5123 0018937 138.9949 232.6555 12.54292579204443
SAFIR 2
1 25399U 98043F   26140.41067421  .00000040  00000-0  36723-4 0  9999
2 25399  98.9758 126.8208 0001845 158.3998 201.7259 14.25612152447374
POLAR SCOUT KODIAK
1 43764U 18099G   26140.51787610  .00097042  00000-0  80583-3 0  9998
2 43764  97.4167 222.4417 0003248 275.8091  84.2801 15.69875405410582
CE-SAT IIB
1 46818U 20077F   26140.66692905  .00121272  75438-5  35988-3 0  9992
2 46818  97.2010 221.6008 0004164 214.1021 145.9987 15.92544327310899
ONEWEB-0301
1 49090U 21075R   26140.56661208 -.00000076  00000-0 -24658-3 0  9997
2 49090  87.8963 356.1473 0002079  79.0178 281.1184 13.12443766230944
SHIJIAN 6 05A (SJ-6 05A)
1 49961U 21122A   26140.49783700  .00000604  00000-0  53840-4 0  9992
2 49961  97.4063 110.3999 0000450  86.9744 273.1531 14.99366070244602
ONEWEB-0328
1 49197U 21083M   26140.49276793  .00000242  00000-0  62711-3 0  9992
2 49197  87.8948 325.7249 0001736  94.7584 265.3744 13.13472101227265
ONEWEB-0402
1 50482U 21132P   26140.54988337 -.00000007  00000-0 -50715-4 0  9999
2 50482  87.9172 340.9310 0002133  76.3044 283.8325 13.18686465217995
ONEWEB-0224
1 48794U 21045AD  26140.63357686  .00000261  00000-0  65999-3 0  9991
2 48794  87.8985 264.7183 0001268 121.7111 238.4143 13.15550149240657
ORBASTRO-JEN1
1 69006U 26100AC  26140.45076975  .00003392  00000-0  16089-3 0  9990
2 69006  97.4072  38.7669 0006015 101.1729 259.0182 15.19931979  2591
COSMOS 1725
1 16493U 86005A   26140.41961831  .00000059  00000-0  46457-4 0  9992
2 16493  82.9346 203.8053 0020734 270.1953 100.8213 13.74920310 68381
COSMOS 1241
1 12149U 81006A   26140.46639360 -.00000062  00000-0  19322-4 0  9992
2 12149  65.8231 199.8571 0011465 189.6338 182.4406 13.72232325271004
M1
1 43779U 18099X   26140.09278759  .00001350  00000-0  92922-4 0  9994
2 43779  97.4409 183.9789 0014406 126.0531 234.2034 15.07441222407909
TUBSAT B
1 22971U 94003C   26140.65417749 -.00000111  00000-0 -32052-3 0  9993
2 22971  82.5601 105.3106 0014942 270.3292 273.6941 13.17154891553449
QIANFAN-90
1 63176U 25046T   26140.47545523  .00000105  00000-0  14354-3 0  9994
2 63176  88.9688 303.5598 0014324  33.4211 326.7842 13.51009770 68855
KUIPER-00521
1 68891U 26095AD  26140.37858346  .00023545  00000-0  62773-3 0  9998
2 68891  51.8866  16.6583 0001339  97.6984 262.4155 15.38036801  3458
ONEWEB-0061
1 45428U 20020E   26140.24396713 -.00000470  00000-0 -13631-2 0  9994
2 45428  87.8920  26.6136 0001823  79.8227 280.3106 13.11414599298964
COSMOS 2618
1 68829U 26090D   26140.49578120  .00032820  00000-0  16155-3 0  9995
2 68829  96.6467  59.1689 0016202 139.4206 220.8276 15.81899152  4298
ICEYE-X60
1 66753U 25276CR  26140.43631683  .00002211  00000-0  13801-3 0  9998
2 66753  97.4211 213.9547 0003019 104.6737 255.4828 15.10494855 26177
RASSVET-3 4
1 68363U 26061D   26140.48068530  .00342766  51793-4  48426-3 0  9992
2 68363  82.2943  42.8440 0019910 194.6808 165.3897 16.05252223  9202
ONEWEB-0552
1 56054U 23043J   26140.29176849  .00000014  00000-0  30953-5 0  9991
2 56054  87.9250 249.5351 0001879  95.0506 265.0843 13.21824466154546
GLOBALSTAR M084
1 38040U 11080A   26140.65724921 -.00000109  00000-0 -31335-4 0  9995
2 38040  51.9995 101.0911 0000677  44.3235 127.1142 12.62267064665280
ONEWEB-0256
1 48974U 21060H   26140.55940747  .00000185  00000-0  44909-3 0  9998
2 48974  87.9102 234.2706 0002122 100.9139 259.2231 13.16596602235996
NUSAT-52
1 66692U 25276AC  26140.42414378  .00003835  00000-0  18439-3 0  9994
2 66692  97.4210 214.4431 0004731 107.3443 252.8310 15.19390689 26202
IRS P4 (OCEANSAT 1)
1 25758U 99029C   26140.39882216  .00000227  00000-0  62314-4 0  9999
2 25758  97.9680 114.6283 0001741 214.5860 145.5226 14.55253582430071
KUIPER-00048
1 64508U 25134J   26140.02820396 -.00002244  00000-0 -26544-3 0  9999
2 64508  51.8991 260.1149 0000475 116.7455 243.3556 14.79930175 50881
ONEWEB-0147
1 47293U 20100AM  26140.54965812 -.00000426  00000-0 -12186-2 0  9995
2 47293  87.8965 356.1377 0001754  80.5230 279.6097 13.12442527260949
XW-3 (CAS 9)
1 50466U 21131B   26140.56433222  .00000617  00000-0  20421-3 0  9995
2 50466  98.4968 233.1055 0004378 164.3434 195.7891 14.41328795231137
COSMOS 2195
1 22006U 92036A   26140.62047410  .00000045  00000-0  31044-4 0  9992
2 22006  82.9341  78.6059 0036906 353.5784 179.0715 13.75188130700344
ONEWEB-0555
1 56057U 23043M   26140.54437999  .00000107  00000-0  24745-3 0  9991
2 56057  87.9105 234.2589 0002435 113.5476 246.5911 13.16595137155324
ONEWEB-0139
1 47285U 20100AD  26140.34143277  .00000120  00000-0  29900-3 0  9999
2 47285  87.8961 356.1885 0001754  85.6015 274.5314 13.12444293261070
QIANFAN-80
1 63166U 25046H   26140.45082016  .00000025  00000-0  20426-4 0  9993
2 63166  88.9687 303.3557 0014644  41.0902 319.1349 13.51005105 68961
GLOBAL-33
1 66554U 25267A   26140.54191421  .00008532  00000-0  24477-3 0  9993
2 66554  42.0187 217.0546 0007101  66.2021 293.9562 15.36032906 27797
TPA-1
1 64533U 25135F   26140.25100371  .00002277  00000-0  10522-3 0  9990
2 64533  97.4661 255.4189 0003672 293.1617  66.9232 15.21209648 50604
METEOR 1-27
1 09903U 77024A   26140.35109938 -.00000065  00000-0 -45041-4 0  9993
2 09903  81.2735 164.5882 0039298  85.6942 274.8717 14.08734688523632
COSMOS 1930
1 18943U 88016G   26140.63837030 -.00000013  00000-0  17224-4 0  9996
2 18943  74.0030 109.2826 0029180 142.8654  30.5977 12.56640628751979
PACE-1
1 48909U 21059AG  26140.81432582  .00056239  00000-0  37364-3 0  9994
2 48909  97.6789 335.9666 0002449  81.4165 278.7376 15.75299746273489
REAL
1 64875U 25154G   26140.13931899  .00016906  00000-0  55905-3 0  9992
2 64875  97.4039 208.4787 0001863 126.3647 233.7766 15.31420544 45751
COSMOS 2112
1 21014U 90111A   26140.54952902  .00000067  00000-0  32868-4 0  9993
2 21014  74.0476 355.3922 0027759 193.7987 166.2410 14.34307960853318
ZHANGHENG 1-02
1 64393U 25128A   26140.55270509 -.00000049  00000-0  87863-6 0  9991
2 64393  97.3560 267.9823 0012223 203.3833 156.6848 15.20971757 51723
COSMOS 2586
1 63289U 25054B   26140.50396171  .00000039  00000-0  20782-3 0  9993
2 63289  82.4906  95.7766 0022267  83.0659 277.2953 12.42876182 53418
ONEWEB-0531
1 54146U 22138AK  26140.35454197  .00000153  00000-0  34439-3 0  9992
2 54146  87.9173 279.9856 0002088 123.5827 236.5506 13.20770414175637
AE2A
1 64591U 25135BR  26140.54975095  .00003187  00000-0  28301-3 0  9994
2 64591  97.7670 255.9546 0006858  72.5610 287.6360 14.96845358 49825
KUIPER-00275
1 67793U 26030AF  26140.55817712  .00008855  00000-0  25832-3 0  9991
2 67793  51.8819 232.8156 0010531 301.4443  58.5514 15.36083089 16134
GEESAT 6-09
1 65721U 25214K   26140.08219766  .00000940  00000-0  14115-3 0  9995
2 65721  49.9849  78.5560 0008272  99.8109 260.3764 14.83264862 35338
COSMOS 2608
1 67682U 26023J   26140.41056014  .00011074  00000-0  44597-3 0  9991
2 67682  96.6262 207.6217 0020714 214.0014 145.9900 15.24801060 15767
SAUDICOMSAT 2
1 28370U 04025E   26140.45343908  .00000167  00000-0  54975-4 0  9998
2 28370  98.6650 151.9145 0055019 344.8924  15.0623 14.49961897156081
GYEONGGISAT-1
1 66771U 25276DK  26140.17754716  .00003731  00000-0  17444-3 0  9997
2 66771  97.4240 214.5182 0001564  41.2009 318.9344 15.20391768 26181
COSMOS 529
1 06264U 72087B   26140.70410844 -.00000001  00000-0  93001-4 0  9992
2 06264  74.0372  34.2529 0042243 179.5444 194.4509 12.57214429457541
JINJUSAT-1B
1 63210U 25052A   26140.47038325  .00012161  00000-0  38919-3 0  9995
2 63210  97.4031  37.2040 0003881 149.5250 210.6218 15.32545680 65853
TIANQI 34
1 62366U 24245B   26140.44466520 -.00000041  00000-0  60046-4 0  9990
2 62366  44.9798  85.1708 0005597 264.4475  95.5719 13.99177189 72441
AII-BRAVO
1 48270U 21034C   26140.39907248  .00002083  00000-0  15823-3 0  9991
2 48270  97.5635 195.9470 0006086  21.7792 338.3691 15.03235127275445
COSMOS 444
1 05547U 71086A   26140.37513195 -.00000021  00000-0 -26184-4 0  9990
2 05547  74.0252 128.8635 0119218  52.3984 308.7826 12.62137739515511
FLOCK 4H 27
1 66730U 25276BS  26140.67925801  .00007479  00000-0  34909-3 0  9990
2 66730  97.4169 214.7631 0002237  87.5669 272.5823 15.20116350 26257
SOHLA-1 (MAIDO-1)
1 33496U 09002E   26140.27221362  .00000281  00000-0  49478-4 0  9991
2 33496  98.1419  44.8398 0007221 101.6116 258.5903 14.74993851929871
COSMOS 2088
1 20720U 90066A   26140.57415324 -.00000005  00000-0  94523-4 0  9999
2 20720  73.5997  67.8220 0025912 299.1190 234.8702 12.40782215621724
QUBE
1 60476U 24149J   26140.22121566  .00017926  00000-0  37158-3 0  9993
2 60476  97.3774 226.1460 0001079  21.6709 338.4585 15.45794357 98143
ZHUHAI-1 03E
1 44539U 19060F   26140.57364565  .00012381  00000-0  31139-3 0  9990
2 44539  97.5588 289.5900 0007255 119.5229 240.6741 15.40072033371516
BIRKELAND
1 55015U 23001G   26140.52765635  .00007091  00000-0  18247-3 0  9996
2 55015  97.3351 208.4362 0006588 189.5027 170.6095 15.39539693188097
COSMOS 400
1 05050U 71020A   26140.57635028 -.00000060  00000-0  21880-4 0  9999
2 05050  65.8251 260.4849 0009390 231.4360 140.7659 13.72204607764160
COSMOS 712
1  7679U 75016B   26140.50521019 -.00000023  00000-0 -44239-4 0  9997
2  7679  74.0009 159.3885 0050722 315.3376 117.2998 12.53465134343780
UNICORN-2L
1 58727U 23185R   26140.43793332  .00006004  00000-0  27523-3 0  9997
2 58727  97.5394 214.2701 0013981  55.1506 305.1041 15.20753095130576
FEMTO-1
1 68419U 26067D   26140.70022651  .00001793  00000-0  89633-4 0  9998
2 68419  97.4530  99.6146 0002617  47.9029 312.2428 15.18722244  7779
LANDSAT 9
1 49260U 21088A   26140.45401298  .00000209  00000-0  56292-4 0  9995
2 49260  98.1862 211.0424 0001549 101.4926 258.6447 14.57136180246962
YAOGAN-34 02
1 52084U 22027A   26140.52411895 -.00000062  00000-0  47272-4 0  9995
2 52084  63.3976 272.1757 0049543 353.1823   6.8524 13.45458873205196
SKYKRAFT-1C
1 55061U 23001BE  26140.57819009  .00002040  00000-0  85013-4 0  9992
2 55061  97.3210 194.8464 0009014 238.6458 121.3899 15.24802964187276
LEMUR 2 SIERRINI
1 60579U 24149DR  26140.19860292  .00007173  00000-0  44188-3 0  9993
2 60579  97.6833 222.6825 0003611 265.0643  95.0174 15.10283042 96231
HULIANWANG DIGUI-90
1 65998U 25231D   26140.63278734 -.00000100  00000-0  52533-4 0  9997
2 65998  49.9998 274.5178 0000959 133.9612 226.1339 13.29325493 29221
OMNI-L2
1 52771U 22057AR  26140.49519640  .00000830  00000-0  11249-3 0  9990
2 52771  97.4728 204.7140 0008074  63.6959 296.5083 14.81285708216293
IRIDIUM 920
1 24871U 97034C   26140.53819985  .00000263  00000-0  74067-4 0  9995
2 24871  86.3965  71.3518 0013385  54.3514 305.8931 14.41874367515182
COSMOS 375
1 04598U 70091A   26140.91307727 -.00000041  00000-0  26129-4 0  9992
2 04598  62.8225  24.7226 0944787 182.3033 177.3455 12.97438334625048
ONEWEB-0714
1 54681U 22166AR  26140.54408554  .00000145  00000-0  31964-3 0  9995
2 54681  87.9251 249.4789 0002021  93.9806 266.1559 13.21826826167884
COSMOS 1736
1 16647U 86024A   26140.34541380 -.00000061  00000-0  25542-4 0  9995
2 16647  64.9894   2.2730 0055037 231.9097 301.2788 13.79563868 24563
ONEWEB-0303
1 49187U 21083B   26140.30539146 -.00000061  00000-0 -18626-3 0  9992
2 49187  87.9164 341.0060 0002019  91.2015 268.9349 13.18684807226300
COSMOS 1486
1 14240U 83079A   26140.31839799  .00000076  00000-0  35831-4 0  9997
2 14240  74.0557 102.0178 0013075  21.2118 129.2189 14.34861649237753
COSMOS 2523
1 42986U 17037E   26140.49858106  .00001186  00000-0  10820-3 0  9991
2 42986  97.4985 154.7818 0066202 323.9112  35.7649 14.95335359464829
TAURUS-1
1 44530U 19059C   26140.50770280  .00004049  00000-0  65705-3 0  9995
2 44530  98.6400 303.6284 0009008  46.9982 313.1976 14.71760205354573
NUSAT-33 (ALBANIA-2)
1 55047U 23001AQ  26140.50045063  .00006701  00000-0  25348-3 0  9992
2 55047  97.3081 201.9632 0008100 136.4293 223.7588 15.27246475188084
EXO-0
1 59175U 23174DK  26140.22431567  .00006336  00000-0  19395-3 0  9995
2 59175  97.3817 220.3687 0007454 267.6445  92.3944 15.34154733140750
IRIDIUM 42
1 25077U 97077A   26140.59379392  .00000228  00000-0  70801-4 0  9993
2 25077  86.3938  97.8543 0003078  88.5262 271.6288 14.36669039489636
FLOCK 4BE 11
1 60501U 24149AK  26140.22234406  .00013561  00000-0  32032-3 0  9997
2 60501  97.3698 224.0723 0003751  40.8313 319.3214 15.41964299 98045
GLOBALSTAR M067
1 32263U 07048A   26140.23462035 -.00000091  00000-0  48788-4 0  9993
2 32263  51.9701 129.6841 0001311 341.1324  31.8921 12.40689346851322
HJS-4A
1 58691U 23212A   26140.58765069 -.00000120  00000-0  15600-4 0  9998
2 58691  50.0001  84.8506 0001038  18.1197 341.9717 13.41455535117543
SKYKRAFT-3D
1 57956U 23084BZ  26140.42378534  .00083792  00000-0  54702-3 0  9998
2 57956  97.6079 296.9978 0001735 314.9086  45.2038 15.75612327150792
TANDEM X
1 36605U 10030A   26140.39531256  .00000099  00000-0  79038-5 0  9991
2 36605  97.4457 148.4986 0001864  88.8486 271.2962 15.19151246882427
WILDFIRE 2
1 57767U 23133L   26140.46040102  .00000105  00000-0  82574-4 0  9990
2 57767  80.9978  34.0575 0006535  96.6712 263.5189 13.85232604137165
NINGXIA-1 1
1 44779U 19076A   26140.53349444 -.00000093  00000-0  24062-4 0  9994
2 44779  45.0063 303.4310 0010707  24.4043 335.7296 14.02035886333974
YUNHAI 2-1D
1 43912U 18112D   26140.43229490 -.00000029  00000-0  51741-4 0  9992
2 43912  50.0115  45.2471 0015392 248.8524 111.0746 14.29019354383618
SMDC ONE 2.4
1 39472U 13072L   26140.33555247  .00227175  29244-4  11392-2 0  9992
2 39472 120.4743  45.9893 0047598  33.3528 327.0559 15.79781067112481
IRIDIUM 165
1 43572U 18061D   26140.52081565  .00000032  00000-0  45326-5 0  9992
2 43572  86.3968  68.3691 0002151  81.7219 278.4220 14.34217725409423
OTTER PUP 2
1 64537U 25135K   26140.57163710  .00003900  00000-0  17077-3 0  9991
2 64537  97.4690 256.2482 0001124 212.4988 147.6180 15.22623376 50675
RADARSAT 2
1 32382U 07061A   26140.46929292  .00000224  00000-0  10391-3 0  9993
2 32382  98.5781 147.7978 0001323  85.4428 274.6905 14.29982741961995
COSMOS 2187
1 21976U 92030A   26140.42089568 -.00000022  00000-0 -34706-4 0  9994
2 21976  74.0001 146.8463 0049961  22.4408 129.7112 12.55736519556755
ONEWEB-0285
1 49075U 21075A   26140.30992823 -.00000313  00000-0 -90447-3 0  9995
2 49075  87.8964 356.2052 0001742  84.2046 275.9281 13.12440714231557
KUIPER-00054
1 64514U 25134Q   26140.63326294  .00002325  00000-0  33377-3 0  9991
2 64514  51.8992 259.9209 0000472 123.9740 236.1267 14.79945660 50936
HJS-9B
1 68832U 26091B   26140.30580741  .00007504  00000-0  36494-3 0  9991
2 68832  55.0033 143.5342 0010457 350.8696   9.2132 15.19360480  3963
OCEANSAT 2
1 35931U 09051A   26140.46300625  .00000280  00000-0  21725-3 0  9995
2 35931  98.2302 130.0835 0014794 320.0296  39.9781 13.99651500875459
ARCSTONE
1 64540U 25135N   26140.55468142  .00012652  00000-0  41661-3 0  9990
2 64540  97.4595 257.8571 0001779 273.7033  86.4005 15.31625286 50809
COSMOS 836
1 08923U 76061A   26140.38620384  .00000077  00000-0  36885-4 0  9997
2 08923  74.0548  26.0846 0018772 270.5287  89.3714 14.34102126606226
ONEWEB-0092
1 45437U 20020P   26140.39070276 -.00000301  00000-0 -87887-3 0  9991
2 45437  87.8919  26.5923 0002002  90.2619 269.8738 13.11952572299149
COSMOS 2567
1 55978U 23040A   26140.53211486  .00002345  00000-0  97906-4 0  9995
2 55978  97.5893  66.3147 0002036 117.9897 242.1546 15.24685731175848
COSMOS 1141
1 11585U 79090A   26140.47851091  .00000059  00000-0  44204-4 0  9995
2 11585  82.9506 211.5800 0028551 210.8229 160.7824 13.77195962321839
ONEWEB-0253
1 48971U 21060E   26140.56176562  .00000123  00000-0  28715-3 0  9991
2 48971  87.9108 234.2605 0001951 101.0863 259.0488 13.16596120235955
HAWK-C
1 43799U 18099AT  26140.55575450  .00006220  00000-0  22727-3 0  9991
2 43799  97.3905 193.9345 0041300  25.8342 334.4948 15.27647158409692
HULIANWANG DIGUI-137
1 67435U 26007A   26140.48980873 -.00000092  00000-0  69317-4 0  9992
2 67435  50.0063 185.1797 0000842 265.3436  94.7340 13.29325519 17108
GAOFEN DUOMO (GFDM)
1 45856U 20042A   26140.49662667  .00000504  00000-0  78700-4 0  9990
2 45856  97.7757 201.3879 0011466 155.3717 204.8044 14.76836909316925
ORBITER SN3
1 56960U 23084AE  26140.54277289  .00005832  00000-0  17864-3 0  9997
2 56960  97.6241 280.4516 0009248  75.3868 284.8399 15.34180180163254
IRIDE-MS2-HEO-4
1 64582U 25135BG  26140.55105244  .00001069  00000-0  11132-3 0  9997
2 64582  97.7694 255.2822 0003167  91.0957 269.0625 14.91871766 49770
ONEWEB-0038
1 45145U 20008Q   26140.39683297 -.00000416  00000-0 -12095-2 0  9991
2 45145  87.8926  26.6017 0002509  38.5825 321.5482 13.11414572306687
BLITS
1 35871U 09049G   26140.37656247 -.00000005  00000-0  17868-4 0  9999
2 35871  98.7651 102.9633 0004276  54.6821 305.4756 14.22178061864528
ONEWEB-0567
1 55147U 23004H   26140.51784167  .00000051  00000-0  96312-4 0  9994
2 55147  87.9162 340.9793 0001480  91.3227 268.8074 13.18685045166053
FOSSASAT2E23
1 66788U 25276ED  26140.19805778  .00005987  00000-0  27231-3 0  9992
2 66788  97.4248 214.2988 0005192 205.6830 154.4148 15.21085911 26172
RASSVET-3 12
1 68371U 26061M   26140.68775332 -.00257116  00000-0 -27010-2 0  9990
2 68371  82.2967  43.4790 0000617 334.6867  25.4361 15.65110982  9186
HAWK-A
1 43765U 18099H   26140.05769068  .00004857  00000-0  19848-3 0  9993
2 43765  97.3928 192.6653 0035603  27.3600 332.9502 15.24256941408816
RITE TARGET 1
1 28454U 02056F   26140.68596978  .00000394  00000-0  14824-3 0  9995
2 28454  98.7506 115.7540 0008230 293.4490  66.5830 14.37063511676702
AAU CUBESAT
1 27846U 03031G   26140.25147809  .00000132  00000-0  76608-4 0  9990
2 27846  98.6853 149.0738 0008140 239.5601 120.4774 14.23946214187714
ITASAT
1 43786U 18099AE  26140.41759563  .00004945  00000-0  24132-3 0  9995
2 43786  97.4045 192.4886 0014390  91.1121 269.1762 15.18653930408690
KINEIS-5B
1 62085U 24219E   26140.56692358  .00000610  00000-0  91237-4 0  9999
2 62085  98.0042 304.5675 0002256  41.1180 319.0201 14.78263926 79927
COSMOS 1084
1 11299U 79024D   26140.39673868 -.00000012  00000-0  23011-4 0  9992
2 11299  74.0352 356.1635 0001865 165.1943  10.3673 12.50493329153639
FORMOSAT-8A
1 66666U 25276A   26140.53835634  .00000939  00000-0  78064-4 0  9992
2 66666  97.6551 215.1941 0007389  12.3440 347.7963 15.01064860 25916
PLEIADES 1B
1 39019U 12068A   26140.50160413  .00000317  00000-0  78014-4 0  9997
2 39019  98.1948 215.9333 0001337 102.4700 257.6649 14.58540928716815
METEOR 3M
1 27001U 01056A   26140.35444951 -.00000037  00000-0  11533-4 0  9998
2 27001  99.8236 326.2878 0012787 269.0646 159.7486 13.69041334221079
KORONAS-FOTON
1 33504U 09003A   26140.49498831  .00008785  00000-0  18481-3 0  9999
2 33504  82.4303 201.1318 0008964 249.6921 110.3365 15.45081756956824
COSMOS 2561
1 54109U 22137A   26140.48984669  .00009873  00000-0  17154-3 0  9999
2 54109  96.9203 200.5370 0011750 123.1954 237.0427 15.50931925202050
GEESAT 6-01
1 65713U 25214B   26140.23387585  .00000869  00000-0  13291-3 0  9992
2 65713  49.9863  78.0858 0011962 119.6476 240.5655 14.83167400 35359
LEMUR 2 TILLINFINITY
1 63356U 25061F   26140.33557317  .00002817  00000-0  15589-3 0  9993
2 63356  97.5600 116.4827 0017724 350.0400  10.0478 15.14552697 63424
COSMOS 2606
1 67680U 26023G   26140.28042110  .00007241  00000-0  29328-3 0  9992
2 67680  96.6162 207.3690 0020427 217.2236 142.7589 15.24725247 15746
HOTSAT-2
1 68465U 26067BB  26140.61152902  .00001958  00000-0  10125-3 0  9994
2 68465  97.4516  99.4179 0003991 144.9594 215.1903 15.17424982  7753
COSMOS 876
1 09593U 76118F   26140.40520899  .00000003  00000-0  13446-3 0  9993
2 09593  74.0334  31.9782 0047603 200.0590 277.5070 12.41327486240759
COSMOS 2499
1 39765U 14028E   26140.51568899  .00000025  00000-0  44092-4 0  9999
2 39765  82.4484 271.0995 0232420  66.7731 295.7662 12.82902510561478
COSMOS 1293
1 12642U 81074G   26140.59354377 -.00000010  00000-0  38215-4 0  9996
2 12642  74.0319  98.9148 0035394  40.8086  75.1337 12.56719396 54600
RUBIN 4/SL-8
1 27940U 03042B   26140.26194916  .00000266  00000-0  53689-4 0  9991
2 27940  98.3866 317.4955 0014324  85.8227 274.4614 14.69456476210467
COSMOS 2360
1 25406U 98045A   26140.54038531 -.00000319  00000-0 -14623-3 0  9999
2 25406  70.7336 336.5784 0006877  15.2717 344.8608 14.12433855434136
SKYKRAFT-1A
1 55054U 23001AX  26140.91589904  .00003826  00000-0  13859-3 0  9991
2 55054  97.3232 198.7100 0008524 220.2007 139.8604 15.28957599187552
QIANFAN-102
1 66044U 25233M   26140.47899579  .00000139  00000-0  19625-3 0  9995
2 66044  89.0024  45.8988 0002127  73.3897 286.7487 13.51005065 29498
KUIPER-00221
1 67147U 25301Q   26140.66341475  .00001352  00000-0  20635-3 0  9995
2 67147  51.8999 122.3493 0000630  63.9464 296.1563 14.79933206 24184
SHERPA-LTC2
1 53754U 22107BG  26140.50551269  .00005399  00000-0  27703-3 0  9990
2 53754  53.2341 337.4872 0397257 148.6291 213.9054 14.69258887198473
ONEWEB-0701
1 61607U 24188P   26140.21056085 -.00000582  00000-0 -17041-2 0  9995
2 61607  87.8858  41.8324 0001014  67.1491 292.9743 13.10372279 79649
VSP ROSE
1 59124U 24043AC  26140.54512050  .00002710  00000-0  10061-3 0  9990
2 59124  97.5581 276.5220 0010309 353.1538   6.9559 15.28429673122762
WILDFIRE 10
1 57766U 23133K   26140.46193923  .00000117  00000-0  93055-4 0  9998
2 57766  81.0044  34.1020 0007532  78.1486 282.0515 13.85601546137206
LYNK TOWER 5
1 59121U 24043Z   26140.34406899  .00003822  00000-0  13261-3 0  9998
2 59121  97.5603 277.3284 0010588 354.0721   6.0393 15.30388450122785
LASARSAT
1 62391U 24247Q   26140.18172240  .00023734  00000-0  50705-3 0  9997
2 62391  44.9759  59.3627 0005684 171.8355 188.2628 15.44470942 78983
KUIPER-00146
1 65967U 25228W   26140.97117924  .00001004  00000-0  16076-3 0  9993
2 65967  51.9016  23.5854 0001043 106.2835 253.8242 14.79932859 34175
COSMOS 534
1  6269U 72087G   26140.55727153 -.00000003  00000-0  73865-4 0  9992
2  6269  74.0353  76.4673 0076545 177.0634 295.2817 12.63677391470140
QIANFAN-34
1 61567U 24185R   26140.48443355  .00000348  00000-0  21755-3 0  9992
2 61567  88.9805  60.4476 0005460 161.7009 198.4369 14.02447479 91609
XINGCHI-1 02A
1 58496U 23187A   26140.49713115  .00000879  00000-0  11150-3 0  9992
2 58496  97.9258 223.5230 0010499 230.4074 129.6214 14.84176840133010
LEMUR 2 EMERSONROSE
1 63261U 25052BD  26140.25689670  .00003285  00000-0  27694-3 0  9997
2 63261  97.6936  33.9395 0003711 107.9922 252.1705 14.98858905 64553
COSMOS 1324
1 12979U 81116E   26140.44405279 -.00000003  00000-0  10293-3 0  9995
2 12979  73.9849  29.2188 0087878 242.8670 228.2506 12.29739577996514
LEMUR 1
1 40044U 14033AL  26140.40135412  .00001480  00000-0  17583-3 0  9996
2 40044  97.7844 290.8324 0048844 167.7568 192.4846 14.85107962641344
HULIANWANG DIGUI-128
1 67236U 25311A   26140.52071282 -.00000088  00000-0  77846-4 0  9999
2 67236  50.0076 214.7663 0000965 230.4219 129.6568 13.29322318 19667
ORBCOMM FM 4
1 25159U 98007C   26140.38499220  .00000579  00000-0  24397-3 0  9995
2 25159 107.9627 112.2025 0040331  12.9729 347.2440 14.35679818472605
CAPELLA-15 (ACADIA)
1 60544U 24149CE  26140.63244349  .00000664  00000-0  70029-4 0  9995
2 60544  97.6750 214.2205 0004850 153.8232 206.3234 14.92498705 95746
CANX-6
1 32784U 08021B   26140.32155194  .00001512  00000-0  11707-3 0  9996
2 32784  97.9100 119.1468 0009510 215.9139 144.1447 15.03013164979944
SKYSAT C6
1 42992U 17068F   26140.42486627  .00006478  00000-0  19988-3 0  9993
2 42992  97.4541 277.7671 0001548 209.5123 150.6032 15.33921135478060
COSMOS 1479
1 14177U 83069G   26140.51289891 -.00000021  00000-0 -38476-4 0  9999
2 14177  74.0228 159.5366 0023873 320.8892 206.3082 12.46104189950253
HEALTHSAT 1
1 22827U 93061E   26140.45320795  .00000106  00000-0  55278-4 0  9996
2 22827  98.6419 208.9643 0010015 107.6254 271.0763 14.32535296704124
PRAETORIAN SDA_614
1 65577U 25203N   26140.21792127  .00000100  00000-0  78493-4 0  9992
2 65577  81.3032  36.5271 0006116 269.2228  90.8228 13.84774792 34848
IRIDIUM 151
1 43074U 17083E   26140.25049832  .00000054  00000-0  12120-4 0  9992
2 43074  86.3958 333.7437 0002141  88.7698 271.3743 14.34217572440138
FORMOSAT 3B
1 29048U 06011B   26140.63089830  .00000245  00000-0  10723-3 0  9998
2 29048  71.9657 276.2938 0043587 248.8130 110.8348 14.31365661 52839
COSMOS 1752
1 16762U 86042E   26140.64405554 -.00000014  00000-0  13469-4 0  9991
2 16762  74.0159 106.4449 0011030  56.5511 116.9256 12.47017058818884
ONEWEB-0660
1 55820U 23029AA  26140.34365961  .00000213  00000-0  54065-3 0  9995
2 55820  87.8939 295.2502 0001840  85.7410 274.3930 13.14501431155742
TIANQI 26
1 59910U 24102B   26140.51715036  .00000076  00000-0  14000-3 0  9995
2 59910  44.9749  24.6745 0009393 109.7147 250.4700 13.99172624101031
ONEWEB-0101
1 48049U 21025H   26140.49108095  .00000163  00000-0  41232-3 0  9999
2 48049  87.8938 325.7451 0001646  90.2553 269.8764 13.13469372249868
FLOCK 4BE 34
1 60495U 24149AD  26140.48712353  .00011371  00000-0  28435-3 0  9998
2 60495  97.3777 224.6099 0003849  47.4557 312.7013 15.40280267 98069
COSMOS 1476
1 14174U 83069D   26140.61097856  .00000003  00000-0  12138-3 0  9999
2 14174  74.0253 270.1613 0011169 216.7328 155.2067 12.52543938960358
COSMOS 339
1  4386U 70036D   26140.53368383 -.00000015  00000-0  46206-5 0  9999
2  4386  74.0271 177.2290 0015546 197.1089 234.9136 12.51875619561946
CONTECSAT-1
1 59117U 24043V   26140.47474669  .00006733  00000-0  19369-3 0  9996
2 59117  97.5614 280.7284 0009488 341.3996  18.6899 15.36095349122991
FORMOSAT 3F
1 29052U 06011F   26140.22529761  .00000245  00000-0  10670-3 0  9991
2 29052  72.0323  79.4408 0039870 211.4830 148.3922 14.31593345 48789
VIGORIDE 3
1 52760U 22057AE  26140.43420549  .00003723  00000-0  14357-3 0  9998
2 52760  97.6575 279.6863 0007707 213.5300 146.5451 15.26951721220927
COSMOS 1745
1 16727U 86037A   26140.34316162  .00000037  00000-0  23048-4 0  9997
2 16727  82.9558 126.0496 0029895 282.6691 189.3588 13.74419715  5343
METEOR M2-2
1 44387U 19038A   26140.49735882  .00000224  00000-0  11675-3 0  9997
2 44387  98.9139 127.3765 0002386  90.8658 269.2793 14.24358222357357
ONEWEB-0370
1 49296U 21090T   26140.29393191 -.00000079  00000-0 -22708-3 0  9992
2 49296  87.9169 280.0022 0001766 106.6814 253.4513 13.20773409226180
VINDLER 2.3
1 68486U 26067BY  26140.61133928  .00000966  00000-0  10108-3 0  9993
2 68486  97.7568  99.2896 0002605  75.3017 284.8490 14.91867909  7618
COSMOS 1014
1 10931U 78056B   26140.45592948 -.00000002  00000-0  10260-3 0  9994
2 10931  74.0285  51.8100 0033351 312.3755 165.1853 12.40492331171375
YAOGAN 8
1 36121U 09072A   26140.28467660  .00000377  00000-0  12909-2 0  9993
2 36121 100.2213  26.2681 0021509  28.6370 331.5914 13.05080228785030
USA 81
1 21949U 92023A   26140.61169191  .00000129  00000-0  40356-4 0  9992
2 21949  85.0063  89.9209 0002320 107.4136 252.7310 14.32389274105082
STELLA
1 22824U 93061B   26140.51589781 -.00000027  00000-0  71660-5 0  9999
2 22824  98.7738 204.6659 0005688 326.1507 151.4109 14.27469616700829
KINEIS-1D
1 60082U 24114D   26140.52467647  .00000373  00000-0  61265-4 0  9999
2 60082  97.9891 160.9616 0000327  40.6160 319.5074 14.76216293103047
QIANFAN-12
1 60390U 24140M   26140.53824347  .00000075  00000-0  97184-4 0  9993
2 60390  88.9692 282.8081 0015180 106.6550 253.6269 13.51007580 88682
TIANHUI 5C
1 60211U 24126A   26140.45373577  .00000231  00000-0  31428-4 0  9997
2 60211  97.8212 148.4000 0001542  89.2091 270.9302 14.87595172101766
COSMOS 1926
1 18939U 88016C   26140.11627248  .00000001  00000-0  11505-3 0  9993
2 18939  74.0077  20.1380 0012530 282.3540 230.4751 12.48857039741131
COSMOS 2039
1 20233U 89074B   26140.45858050  .00000017  00000-0  33847-4 0  9993
2 20233  82.5821 201.8356 0015478  64.4823 306.2625 12.66283240695092
ONEWEB-0421
1 50496U 21132AD  26140.31887638  .00000007  00000-0 -13843-4 0  9991
2 50496  87.9168 341.0033 0002213  83.8009 276.3376 13.18685303217940
COSMOS 1751
1 16761U 86042D   26140.56602240 -.00000014  00000-0  12221-4 0  9997
2 16761  74.0169 183.1823 0023705 144.1655 289.3119 12.44893032815721
GEESAT 4-10
1 65128U 25170K   26140.51362655  .00000919  00000-0  14248-3 0  9994
2 65128  49.9784 255.3633 0025560 185.0775 174.9907 14.81985879 42950
TIANQI 37
1 67476U 26010A   26140.47120791  .00000023  00000-0  10386-3 0  9999
2 67476  44.9811 205.0569 0012787 200.7346 159.2969 13.99158648 17512
HULIANWANG DIGUI-163
1 68137U 26047J   26140.57166829 -.00000114  00000-0  21483-4 0  9990
2 68137  50.0043 154.8730 0000125 354.9975   5.0896 13.29330313  9406
COSMOS 2011
1 19905U 89025D   26140.34978462 -.00000003  00000-0  80390-4 0  9992
2 19905  74.0098 267.8790 0020979 183.2343 239.4784 12.52210589698436
ONEWEB-0647
1 56079U 23043AK  26140.59237443  .00000001  00000-0 -32423-4 0  9999
2 56079  87.8991 264.7267 0001926  95.2498 264.8852 13.15546805152797
FLOCK 4H 16
1 66719U 25276BF  26140.17281149  .00004328  00000-0  20739-3 0  9998
2 66719  97.4238 214.2182 0006101 102.1761 258.0158 15.19435365 26166
CAPELLA-18 (ACADIA)
1 67385U 26004Y   26140.50003471  .00006432  00000-0  73093-3 0  9994
2 67385  97.8015 139.5299 0001536  92.9748  23.1480 14.86601607  5757
KESTREL-0A
1 64624U 25138D   26140.37640771  .00005765  00000-0  25002-3 0  9994
2 64624  97.4408 144.7790 0012140 214.6315 145.4132 15.22682557 49712
FLOCK 4H 6
1 66709U 25276AV  26140.63291104  .00004341  00000-0  20506-3 0  9997
2 66709  97.4232 214.8104 0004700  80.4262 279.7504 15.19934656 26247
INTASAT
1 07531U 74089C   26140.48988399 -.00000045  00000-0  10453-4 0  9992
2 07531 101.9945 152.5732 0011277 192.8462 334.3635 12.53529477356806
ONEWEB-0150
1 48047U 21025F   26140.75515762 -.00000078  00000-0 -24847-3 0  9999
2 48047  87.8949 325.6786 0001915  95.6568 264.4780 13.13470880249946
CARTOSAT-1
1 28649U 05017A   26140.96573854  .00000791  00000-0  85367-4 0  9992
2 28649  97.5324 165.2648 0002367 114.7221 245.4245 14.90968313139765
CXBN
1 38762U 12048E   26140.39282625  .00009035  00000-0  36516-3 0  9992
2 38762  64.6615 272.1124 0094907 181.8756 178.2029 15.21204667114054
KUIPER-00018
1 63733U 25088K   26140.30417962 -.00002182  00000-0 -25712-3 0  9995
2 63733  51.9033 143.9062 0000880  40.4572 319.6455 14.79953553 58094
SAL-E
1 68458U 26067AU  26140.62174302  .00005164  00000-0  26221-3 0  9992
2 68458  97.4470  99.3752 0006673 151.0894 209.0710 15.17316736  7757
LEMUR 2 BALTO
1 63395U 25052BH  26140.43464788  .00003687  00000-0  30306-3 0  9996
2 63395  97.6883  34.3815 0004354 127.6189 232.5430 14.99758350 64609
ICEYE-X11
1 48918U 21059AR  26140.51497819  .00120996  75240-5  43048-3 0  9996
2 48918  97.6359 336.3387 0003550  86.7702 273.3975 15.88980916273583
ONEWEB-0169
1 48077U 21025AM  26140.45552007 -.00000242  00000-0 -69851-3 0  9999
2 48077  87.8943 325.7467 0001791  94.3536 265.7798 13.13471588248660
ESSAIM-2
1 28495U 04049D   26140.30216688  .00000951  00000-0  10250-3 0  9998
2 28495  98.2295  46.1504 0001490 140.3485 219.7841 14.90951224156386
METEOR 1-13
1  6256U 72085A   26140.50345676  .00000200  00000-0  10689-3 0  9999
2  6256  81.2713 179.6897 0027158 209.8568 150.1055 14.09474006750971
FLOCK 4H 13
1 66716U 25276BC  26140.19515665  .00002931  00000-0  13789-3 0  9995
2 66716  97.4227 214.4640 0002469  76.3587 283.7923 15.20339233 26189
KUIPER-00253
1 68584U 26072M   26140.50003471 -.00004994  00000-0 -15314-3 0  9996
2 68584  51.8770 310.8166 0005248 274.9875 329.6873 15.30832723  3653
FLOCK 4G 28
1 62634U 25009AB  26140.53885546  .00005861  00000-0  17870-3 0  9990
2 62634  97.4022 224.9942 0002994  72.7375 287.4195 15.34335370 74847
FLOCK 4H 12
1 66715U 25276BB  26140.15276875  .00004514  00000-0  21201-3 0  9994
2 66715  97.4191 214.2870 0003661  80.3455 279.8194 15.20113618 26481
ORBCOMM FM 39
1 33063U 08031D   26140.52239573  .00000481  00000-0  88929-4 0  9999
2 33063  48.4393 190.0370 0006423 359.1298   0.9605 14.81042380963773
GEESAT 1-01
1 52785U 22058A   26140.53054973  .00001010  00000-0  15639-3 0  9992
2 52785  49.9947 330.1965 0022603 155.4213 204.7807 14.81269224215838
ONEWEB-0545
1 54647U 22166F   26140.56091961  .00000057  00000-0  10533-3 0  9990
2 54647  87.9250 249.4787 0002499  97.5330 262.6088 13.21825541167852
SHIYAN 27B
1 63600U 25078B   26140.49161792 -.00000003  00000-0  57977-4 0  9992
2 63600  99.6914 148.1069 0001195  81.7161 278.4113 13.57243570 53779
FOSSASAT2E22
1 66779U 25276DU  26140.51456837  .00003615  00000-0  18001-3 0  9997
2 66779  97.4185 214.2475 0004370 220.1667 139.9244 15.18210735 26209
COSMOS 567
1 06678U 73037D   26140.46556781 -.00000021  00000-0 -27987-4 0  9994
2 06678  74.0158 155.4663 0044982  20.4870  50.6838 12.54106967423855
COSMOS 1394
1 13381U 82073G   26140.55296595 -.00000010  00000-0  39495-4 0  9991
2 13381  74.0134 185.6952 0013953 206.2098 227.4940 12.45191806992398
COSMOS 1624
1 15482U 85006A   26140.54864647  .00000079  00000-0  37498-4 0  9997
2 15482  74.0421 244.2299 0013629 136.3007 235.0507 14.33962010160304
AEROCUBE 16B
1 59291U 24053D   26140.52852698  .00011080  00000-0  25664-3 0  9994
2 59291  49.9908 105.4884 0001770 218.6669 141.4167 15.42891618116917
COSMOS 1299
1 12783U 81081A   26140.43910073 -.00000078  00000-0  87305-5 0  9993
2 12783  65.1140 153.9137 0041458 204.1758 155.7359 13.85536989263438
STEP CUBE LAB-II
1 52897U 22065D   26140.51028032  .00000489  00000-0  10410-3 0  9990
2 52897  98.2197 284.5033 0009871 108.9881 251.2391 14.63252698207451
GEESAT 3-02
1 61012U 24159B   26140.52756030  .00000897  00000-0  13330-3 0  9999
2 61012  49.9940 211.6158 0019353 309.1342  50.7876 14.84136142 92686
COSMOS 2352
1 25363U 98036A   26140.45134914  .00000007  00000-0  58659-6 0  9995
2 25363  82.5951  19.4734 0352074 322.4856 212.8558 12.20138161243915
GEESAT 6-08
1 65720U 25214J   26140.54603279  .00000744  00000-0  11747-3 0  9991
2 65720  49.9915  76.4726 0009390 106.8654 253.3315 14.83252037 35401
KUIPER-00158
1 65776U 25217Q   26140.54108402  .00002505  00000-0  34733-3 0  9990
2 65776  51.8971  87.2171 0000781  15.9295 344.1692 14.81176819 35493
BRO-1
1 44495U 19054A   26140.58725119  .00101089  00000-0  53449-3 0  9993
2 44495  44.9959  93.2947 0008399 124.1115 236.0585 15.79563122375360
FAST
1 24285U 96049A   26140.26583757  .00003442  00000-0  25978-3 0  9992
2 24285  82.9499  57.8240 1736911 166.9419 198.3378 11.82762388229361
JUGNU
1 37839U 11058B   26140.26972542  .00000361  00000-0  49103-4 0  9996
2 37839  19.9595 118.0296 0018751 127.9200 259.9936 14.13767623755077
LMRST-SAT
1 40971U 15058H   26140.59755927  .00002102  00000-0  19832-3 0  9993
2 40971  64.7768   0.9993 0131025  69.4420 292.0693 14.90416368109449
GLOBALSTAR M029
1 25963U 99062C   26140.62912282 -.00000052  00000-0  42116-3 0  9991
2 25963  51.9807 262.0151 0002719  73.6290 299.8338 11.99910556209638
HAWK-5A
1 52757U 22057AB  26140.36338149  .00014335  00000-0  25469-3 0  9997
2 52757  97.6572 297.4470 0005738 161.0230 199.1236 15.50294324222038
OPS 0203 (DMSP 5A F2)
1 04512U 70070A   26140.60108677  .00000126  00000-0  57537-4 0  9994
2 04512  98.8783  88.2904 0062979 166.3312 193.9596 14.36516506907660
LEGION 3
1 60452U 24146A   26140.51975216  .00001963  00000-0  11459-3 0  9995
2 60452  45.0002 178.9151 0008062 354.2572   5.8212 15.15813378 97822
ION SCV-013
1 58300U 23174AW  26140.50546179  .00001507  00000-0  10017-3 0  9998
2 58300  97.6167 195.9502 0097492 290.5226  68.5558 15.04982280137379
ONEWEB-0010
1 44058U 19010B   26140.53960935  .00000109  00000-0  25192-3 0  9997
2 44058  87.9105 234.2698 0001638  97.2859 262.8458 13.16596224347979
APRIZESAT 3
1 35686U 09041F   26140.41169037  .00000825  00000-0  76431-4 0  9996
2 35686  98.2027 292.3133 0062259 157.9156 202.4768 14.96134096912227
COSMOS 1474
1 14172U 83069B   26140.37031142 -.00000019  00000-0 -15568-4 0  9996
2 14172  74.0235 109.1979 0032657  36.9568 116.0465 12.56675740966786
YUXING-3 06
1 68199U 26052B   26140.61033427  .00003303  00000-0  20352-3 0  9991
2 68199  97.5334 215.8209 0013620  50.4959 309.7473 15.10583266  9882
HULIANWANG DIGUI-156
1 68130U 26047B   26140.47976459 -.00000107  00000-0  36092-4 0  9994
2 68130  50.0009 155.6898 0000164 337.0014  23.0851 13.29330305  9372
LKW-1
1 43034U 17077A   26140.51649442  .00006016  00000-0  25446-3 0  9991
2 43034  97.0998 176.2226 0001504 101.1218 259.0190 15.23547402470480
ONEWEB-0063
1 45448U 20020AA  26140.40192019 -.00000500  00000-0 -14453-2 0  9994
2 45448  87.8919  26.5937 0001908  90.6827 269.4520 13.11415115299057
COSMOS 1174
1 11765U 80030A   26140.52229751  .00003916  00000-0  18456-3 0  9993
2 11765  66.0809 303.1098 0467793 124.1157 240.5258 14.57821330374893
SHIYAN 5 (SY-5)
1 39455U 13068A   26140.48956093  .00000039  00000-0  23463-4 0  9995
2 39455  98.0755  13.0646 0015007  32.9246 327.2877 14.43664878657635
HULIANWANG DIGUI-38
1 64959U 25159D   26140.50605773  .00000051  00000-0  83971-4 0  9999
2 64959  86.4939 291.8266 0001877  97.6150 262.5197 13.24406011 39465
GAOFEN-5 02
1 49122U 21079A   26140.52949727  .00000462  00000-0  11132-3 0  9998
2 49122  98.2609 215.0360 0002406  79.0001 281.1468 14.57678480250052
POPACS 3
1 39270U 13055F   26140.62680270  .00012161  00000-0  28869-3 0  9996
2 39270  81.0017 259.0501 0554667 153.8075 209.2354 14.55428196634546
EXCITE
1 43819U 18099BP  26140.84479102  .00001714  00000-0  11997-3 0  9993
2 43819  97.3992 180.6928 0020099  86.0426 274.3099 15.06369940407633
YAM-13
1 68993U 26100P   26140.50683848  .00000895  00000-0  94579-4 0  9999
2 68993  97.7396  38.4743 0002078 206.6662 153.4451 14.91669252  2574
FOX-1
1 40967U 15058D   26140.91754257  .00002131  00000-0  19972-3 0  9996
2 40967  64.7762   3.7192 0129279  67.2984 294.1734 14.90792081109504
HAIYANG 1
1 27430U 02024A   26140.86084076  .00000179  00000-0  81767-4 0  9996
2 27430  98.7272 102.6914 0009152 151.1875 208.9816 14.33133824253917
GAOFEN 7
1 44703U 19072A   26140.51058810  .00002623  00000-0  11958-3 0  9998
2 44703  97.2438 203.0145 0017948 129.6580 230.6243 15.21360034363432
TIANMU-1 18
1 58703U 24004D   26140.52444593  .00003772  00000-0  14647-3 0  9996
2 58703  97.4665 326.6963 0005712  91.5837 268.6056 15.26690774131550
COSMOS 2158
1 21729U 91068B   26140.52363720  .00000011  00000-0 -33956-6 0  9991
2 21729  82.5834 328.8393 0006162 112.9259 274.8459 12.64070038598229
COSMOS 1087
1 11302U 79024G   26140.47922719 -.00000016  00000-0 -28176-5 0  9991
2 11302  74.0333 316.6886 0037555 271.1046 117.1472 12.42877750140598
ONEWEB-0329
1 49107U 21075AJ  26140.38920300  .00000527  00000-0  13252-2 0  9993
2 49107  87.9155  11.3964 0001938  89.0116 271.1237 13.17647346229927
HULIANWANG DIGUI-164
1 68656U 26076A   26140.54352605 -.00000382  00000-0 -73089-3 0  9990
2 68656  86.4956  53.2627 0003289  84.8560 275.2958 13.40062253  5705
HORUS 2
1 55844U 23032A   26140.46993922  .00003899  00000-0  16655-3 0  9998
2 55844  97.3534 216.4245 0003102 132.0242 228.1260 15.23452439177265
IRIDE-MS2-HEO-2
1 64569U 25135AT  26140.52655201  .00001428  00000-0  14091-3 0  9998
2 64569  97.7721 255.1220 0003179  92.1685 267.9899 14.93538165 49753
GCOM-C
1 43065U 17082A   26140.66755648  .00000079  00000-0  50228-4 0  9993
2 43065  98.6282 214.6717 0001248  97.4877 262.6446 14.27282407438013
MONITOR-E/SL-19
1 27840U 03031A   26140.41749954  .00000042  00000-0  26790-4 0  9998
2 27840  98.6287 120.0503 0098003  64.7896 296.3414 14.39817815202004
GLOBALSTAR M086
1 38045U 11080F   26140.53453338 -.00000091  00000-0  71288-4 0  9998
2 38045  51.9912  52.5932 0001337  13.9582 157.6984 12.62286041666164
JILIN-01 GAOFEN 3F
1 46458U 20065E   26140.52650427  .00033560  00000-0  44622-3 0  9992
2 46458  97.2230 190.0187 0011793 241.9637 118.0427 15.58041010315390
NUSAT-40 (C SHOEMAKER)
1 56943U 23084M   26140.48498855  .00061834  00000-0  49670-3 0  9999
2 56943  97.4852 284.9130 0001782 329.7007  30.4152 15.70801140164459
ONEWEB-0017
1 45132U 20008B   26140.43465678 -.00000372  00000-0 -11034-2 0  9996
2 45132  87.8850  41.7930 0001656  76.2666 283.8646 13.10371032304317
QIANFAN-116
1 68643U 26075H   26140.43708010  .00000027  00000-0  14482-4 0  9995
2 68643  88.9875 323.8677 0010226  87.2669 272.9668 13.77463022  6044
COSMOS 768
1 08292U 75086H   26140.36721288 -.00000028  00000-0 -86974-4 0  9997
2 08292  74.0065 150.4551 0013246 330.7829 134.8607 12.46115089305031
ONEWEB-0068
1 45446U 20020Y   26140.38131650  .00000099  00000-0  24226-3 0  9994
2 45446  87.8920  26.5931 0002021  78.0530 282.0825 13.11413366298952
ONEWEB-0525
1 54143U 22138AG  26140.94320429 -.00000004  00000-0 -41444-4 0  9996
2 54143  87.9154 310.3951 0001708  84.6555 275.4773 13.19727808173231
NINGXIA-1 4
1 44782U 19076D   26140.48903300 -.00000222  00000-0 -59984-4 0  9995
2 44782  45.0091 303.6061 0012819 350.8549   9.2050 14.02065850333938
RAY 1.0
1 62627U 25009U   26140.31763413  .00002047  00000-0  96572-4 0  9996
2 62627  97.3990 219.1500 0009172  24.4524 335.7145 15.20550524 74446
HULIANWANG DIGUI-57
1 65114U 25168J   26140.50365742 -.00000093  00000-0  66454-4 0  9996
2 65114  50.0020  64.6312 0009798  21.2204 338.9073 13.29321307 39020
HAWK-7A
1 56191U 23054P   26140.59131784  .00000976  00000-0  39483-4 0  9990
2 56191  97.2722  28.6324 0004571 119.4651 240.7045 15.27032781172819
COSMOS 1655
1 15751U 85041A   26140.61528164  .00000048  00000-0  35926-4 0  9994
2 15751  82.9482  86.9446 0026718 170.3433   3.3207 13.71934492 50919
COSMOS 1562
1 15001U 84052D   26140.57102208 -.00000015  00000-0  75190-5 0  9998
2 15001  74.0138 352.9337 0015117 165.5020 221.3656 12.49965298915339
SDX01
1 62459U 24253A   26140.51158138  .00026132  00000-0  26140-3 0  9997
2 62459  54.9929 117.9782 0006716  86.8397 273.3411 15.65442604 78195
YAOGAN-35 05B
1 53761U 22109B   26140.37612432  .00008447  00000-0  22426-3 0  9999
2 53761  34.9773 128.2689 0006833 271.6860  88.3076 15.37484251206586
ONEWEB-0389
1 50469U 21132A   26140.33014474  .00000023  00000-0  26617-4 0  9993
2 50469  87.9155  11.4077 0002148  90.6615 269.4763 13.17650502214412
KUIPER-00039
1 64500U 25134A   26140.34698607  .00002448  00000-0  34981-3 0  9992
2 64500  51.9020 276.2336 0000499 126.3887 233.7122 14.79955420 50685
QIANFAN-42
1 62243U 24232G   26140.45176727  .00000279  00000-0  11384-3 0  9990
2 62243  89.0082  19.2931 0012825 289.8546  70.1264 14.24598959123968
GLOBAL-31
1 63027U 25033B   26140.50487076  .00010119  00000-0  26875-3 0  9994
2 63027  58.9996  68.0476 0013829  51.6334 308.5982 15.38825202 70066
MISR-C-1
1 68628U 26074B   26140.44245092  .00005318  00000-0  22923-3 0  9990
2 68628  60.0235 284.7776 0020954 355.6985   4.3912 15.23833382  6542
COSMOS 1763
1 16860U 86052A   26140.56895372  .00000089  00000-0  37112-4 0  9995
2 16860  74.0329 257.4248 0031560 271.7400  88.0140 14.39316645 89837
FOSSASAT2E20 (TAT-O)
1 63003U 25009DN  26140.47983940  .00009672  00000-0  34650-3 0  9990
2 63003  97.3168 216.7962 0004395  84.4623 275.7118 15.28940292132277
DEMOSAT/FALCON 1
1 33393U 08048A   26140.23468925  .00002149  00000-0  12285-3 0  9990
2 33393   9.3462  24.4019 0010801 306.2234  53.6967 14.96550086958728
PIAST-M
1 66758U 25276CW  26140.61786566  .00003796  00000-0  17962-3 0  9995
2 66758  97.4189 214.7369 0002543  81.9925 278.1598 15.19957373 26246
BRO-18
1 64550U 25135Y   26140.57027503  .00002540  00000-0  11524-3 0  9995
2 64550  97.4601 255.8259 0001422  57.6651 302.4722 15.21732514 50673
KUIPER-00172
1 65785U 25217Z   26140.47090836  .00001300  00000-0  21478-3 0  9997
2 65785  51.8986  62.9779 0001130 163.7425 196.3572 14.76646503 35826
NOAA 2 (ITOS-D)
1 06235U 72082A   26140.33160238 -.00000050  00000-0 -24020-4 0  9993
2 06235 102.0089 158.5969 0003865 218.1004 153.7274 12.53214037451466
KAZEOSAT 1
1 39731U 14024A   26140.47588189  .00000251  00000-0  89543-4 0  9998
2 39731  98.3208 213.6106 0001609  88.0980 272.0394 14.42067897634562
COSMOS 1287
1 12636U 81074A   26140.56474071  .00000007  00000-0  15865-3 0  9990
2 12636  74.0338 240.0654 0030266  50.4043 309.9670 12.44354638 34998
CENTISPACE-1 S5
1 54020U 22126A   26140.54900999  .00000417  00000-0  11740-3 0  9990
2 54020  54.9996 323.5550 0012998  19.0310 341.1167 14.62957380192999
LEOPARD
1 67688U 98067YE  26140.06520880  .00048805  00000-0  60242-3 0  9999
2 67688  51.6296  74.7812 0010297  77.1718 283.0425 15.59604902 15826
QIANFAN-115
1 68642U 26075G   26140.40782570 -.02146002  00000-0 -26927+1 0  9995
2 68642  88.9874 323.8817 0012013  63.2413 296.9976 13.68451056  6036
FLOCK 4BE 1
1 60518U 24149BC  26140.21625421  .00012512  00000-0  29958-3 0  9993
2 60518  97.3779 224.9384 0004558  55.6325 304.5352 15.41573054 98064
SENTINEL-1D
1 66315U 25251A   26140.46413313  .00000083  00000-0  27282-4 0  9990
2 66315  98.1827 148.2144 0001387  89.9302 270.2056 14.59197795 28685
OPS 8180 (STP RADSAT)
1  6217U 72076B   26140.40837189  .00000357  00000-0  67349-4 0  9999
2  6217  98.6490 122.7074 0010367 110.4548 249.7771 14.70991309834709
PHISAT 2
1 60470U 24149C   26140.20134986  .00005803  00000-0  19867-3 0  9993
2 60470  97.3758 219.5829 0001655  44.6768 315.4606 15.30613818 97711
JILIN-01 GAOFEN 3D 27
1 52444U 22048B   26140.46819993  .00071778  00000-0  61277-3 0  9993
2 52444  97.5688 252.0373 0005263 149.0249 211.1324 15.69274914225125
PRAETORIAN SDA_620
1 65583U 25203U   26140.41826848  .00000127  00000-0  10410-3 0  9992
2 65583  81.3046  36.4979 0006576 264.7176  95.3230 13.83615763 34851
ONEWEB-0209
1 48215U 21031F   26140.84002454 -.00000155  00000-0 -45283-3 0  9995
2 48215  87.8928 295.1678 0001743 104.3185 255.8139 13.14503313244781
ORBCOMM FM 109
1 40086U 14040A   26140.42901822  .00000127  00000-0  63157-4 0  9994
2 40086  47.0027 222.7226 0000721 127.9673 232.1278 14.58811763630297
AURA
1 28376U 04026A   26140.46017123  .00000465  00000-0  10396-3 0  9992
2 28376  98.3403  96.6879 0001611  73.6663 286.4714 14.61280771162165
COSMOS 2604
1 67678U 26023E   26140.48467131  .00007165  00000-0  29094-3 0  9990
2 67678  96.6220 205.1154 0017062 226.7577 133.2239 15.24700047 15785
PROPCUBE 1
1 40976U 15058N   26140.39278681  .00001975  00000-0  19459-3 0  9995
2 40976  64.7759  21.3678 0129815  71.8017 289.7176 14.89046379112121
CENTISPACE-2 S4
1 68353U 26060D   26140.55922137 -.00000140  00000-0  10307-4 0  9997
2 68353  54.9812 148.6968 0012351  83.6785 276.5621 14.73712701  8692
TOMORROW-S5
1 63234U 25052AA  26140.26944926  .00002951  00000-0  13166-3 0  9994
2 63234  97.4017  33.3952 0005013 243.2987 116.7737 15.22159338 65593
BRO-11
1 58264U 23174J   26140.46623302  .00003669  00000-0  14091-3 0  9993
2 58264  97.3903 217.5703 0008884 311.1984  48.8488 15.27053693140521
STEX
1 25489U 98055A   26140.33627792  .00000293  00000-0  67591-4 0  9993
2 25489  84.9832 351.7253 0009957 144.3830 215.8040 14.51823123459292
QIANFAN-49
1 62250U 24232P   26140.48409927  .00000120  00000-0  16626-3 0  9991
2 62250  89.0104  25.2793 0016132  94.2133 266.0862 13.51006910 89274
HAWK-11A
1 62382U 24247F   26140.55402235  .00005157  00000-0  18484-3 0  9995
2 62382  44.9950  79.8902 0003318  42.5031 317.6110 15.29921275 78770
KUIPER-00232
1 67148U 25301R   26140.64564734 -.00009426  00000-0 -12100-2 0  9998
2 67148  51.8981 107.4610 0001264  80.4727 279.6378 14.79903454 24385
ONEWEB-0153
1 48044U 21025C   26140.51477817  .00000207  00000-0  53095-3 0  9997
2 48044  87.8942 325.7368 0001758  92.6543 267.4787 13.13468218249917
SPACEMOBILE-005
1 61046U 24163B   26140.53379969  .00007116  00000-0  33378-3 0  9999
2 61046  52.9752  76.5338 0009572  41.7283 318.4440 15.20696621 93553
OTTER SDM
1 66680U 25276Q   26140.62007807  .00004202  00000-0  20470-3 0  9995
2 66680  97.4208 214.4744 0007676  96.1809 264.0300 15.18864532 26223
OPS 7613 (P/L 1)
1 04256U 69082B   26140.42749309  .00000075  00000-0  88002-4 0  9997
2 04256  70.0110  24.6499 0017072 103.4974 256.8037 13.99189121886587
COSMOS 1559
1 14998U 84052A   26140.32182686  .00000004  00000-0  13593-3 0  9997
2 14998  74.0126 219.8532 0025401 163.5016 271.2734 12.43979803906071
SUNSAT
1 25636U 99008C   26140.24438421  .00000158  00000-0  46028-4 0  9997
2 25636  96.4734  23.5889 0143310  57.4260 304.0683 14.46455920435194
NPP
1 37849U 11061A   26140.49848742  .00000066  00000-0  52347-4 0  9996
2 37849  98.7945  81.5656 0002712  61.3369 298.8079 14.19510933754517
PIESAT-2 12
1 62336U 24241D   26140.51174110  .00005162  00000-0  28776-3 0  9993
2 62336  97.5253  88.3136 0002453  88.4155 271.7357 15.14024849 78619
SINOD-D 1
1 40974U 15058L   26140.58877028  .00007577  00000-0  37746-3 0  9997
2 40974  64.7601 262.8261 0078505  58.9224 301.9574 15.15581765111435
ICON
1 44628U 19068A   26140.48131895  .00002203  00000-0  12888-3 0  9997
2 44628  26.9829 208.2582 0013084 263.6074  96.2997 15.06770299361854
COSMOS 1800
1 17144U 86092G   26140.64610209 -.00000010  00000-0  36320-4 0  9993
2 17144  74.0120  99.6302 0047108 130.9753  42.4286 12.57046139812331
OPS 7613 (P/L 6)
1  4295U 69082G   26140.48188035 -.00000011  00000-0  30600-4 0  9991
2  4295  70.0105 168.6187 0020926 190.8717 169.1940 13.95593171881623
BASIL
1 65301U 25185E   26140.47302493  .00003555  00000-0  48983-3 0  9994
2 65301  97.9643 224.1227 0016738 162.8214 197.3567 14.78757702 39743
ONEWEB-0282
1 49000U 21060AK  26140.50954391  .00000051  00000-0  98827-4 0  9995
2 49000  87.9107 234.2755 0001860  99.7393 260.3948 13.16595920235968
COSMOS 2429
1 32052U 07038A   26140.48261319  .00000056  00000-0  43186-4 0  9994
2 32052  82.9822 226.2947 0037216 314.2115  45.5986 13.75164652937841
ORBCOMM FM 30
1 25980U 99065A   26140.43411946  .00000426  00000-0  18581-3 0  9996
2 25980  45.0320 292.3472 0006723 249.2999 110.7129 14.38108724382980
COSMOS 1161
1 11696U 80012F   26140.54307618 -.00000001  00000-0  10419-3 0  9991
2 11696  74.0204 199.5586 0022654 271.2150  88.6303 12.45172171103173
QIANFAN-140
1 69086U 26104P   26140.33182379  .00000065  00000-0  21050-4 0  9994
2 69086  88.9870 344.8074 0002673 179.5946 180.5250 14.26430618  1131
COSMOS 823
1  8873U 76051A   26140.50965105  .00000037  00000-0  23359-4 0  9995
2  8873  82.9652 156.7217 0021046 294.6154 228.6583 13.73536723503342
PALISADE
1 44634U 19069A   26140.36469431 -.00000224  00000-0 -66405-3 0  9999
2 44634  87.8847 285.3037 0010574 134.3700 225.8296 13.11906659315462
METEOR 2-21
1 22782U 93055A   26140.44535278  .00000033  00000-0  16428-4 0  9995
2 22782  82.5477 316.7822 0020978 287.6041  99.3533 13.84026909652219
GLOBALSTAR M044
1 25678U 99019C   26140.50713492 -.00000101  00000-0 -23524-3 0  9993
2 25678  51.9956 211.4868 0005775 327.8893  45.6146 11.90263095211498
COSMOS 1536
1 14699U 84013A   26140.27371703  .00004130  00000-0  16506-3 0  9997
2 14699  82.5460  36.6374 0015399  36.9661 323.2635 15.24722322283527
SACI 1
1 25941U 99057B   26140.41056280  .00000257  00000-0  71173-4 0  9997
2 25941  98.6379 187.9788 0008793  31.6689 328.5035 14.54881549408606
METEOR 1-16
1  7209U 74011A   26140.48972454  .00000036  00000-0  11715-4 0  9995
2  7209  81.2282  56.8860 0039544 119.9267 240.5843 14.14544177691321
ONEWEB-0294
1 49083U 21075J   26140.58016223  .00000335  00000-0  89617-3 0  9994
2 49083  87.8966 356.1486 0001428  86.3121 273.8170 13.12442100230954
KUIPER-00175
1 67135U 25301C   26140.57284634  .00002690  00000-0  28547-3 0  9991
2 67135  51.8942  96.6668 0000910  41.7166 318.3871 14.92167034 24609
IRIDE FM3
1 66697U 25276AH  26140.44960737  .00002979  00000-0  13988-3 0  9998
2 66697  97.4186 214.6463 0003156  79.1394 281.0196 15.20394647 26225
AETHER-3
1 67374U 26004M   26140.45511469  .00000413  00000-0  50807-4 0  9999
2 67374  97.8003 139.5139 0003526 199.2757 160.8327 14.88130263 19174
IRS 1B
1 21688U 91061A   26140.51072197 -.00000243  00000-0 -13849-3 0  9996
2 21688  99.4121 147.7679 0025101  78.8888  83.0900 13.97871299664620
COSMOS 874
1  9591U 76118D   26140.38148755 -.00000006  00000-0  67984-4 0  9996
2  9591  74.0300 273.5486 0032673  73.4743 316.5422 12.44003241245548
TOMORROW-S10
1 67398U 26004AM  26140.25843730  .00002468  00000-0  12157-3 0  9999
2 67398  97.4576 139.8301 0008663  85.8485 274.3740 15.18869197 19528
POPACS 2
1 39269U 13055E   26140.52455433  .00009840  00000-0  16915-3 0  9993
2 39269  80.9910 175.8448 0418437 282.7737  72.7034 14.90555413659097
COSMOS 546
1 06350U 73005A   26140.49181305  .00001056  00000-0  48040-4 0  9995
2 06350  50.6355 298.2915 0014835 182.3565 177.7334 15.30031174938981
YUBELEINY
1 32953U 08025A   26140.57496781  .00000135  00000-0  89581-3 0  9990
2 32953  82.5061  12.6178 0020051  14.4145 345.7503 12.43178818816261
HULIANWANG DIGUI-111
1 66921U 25285G   26140.53499471 -.00000089  00000-0  75343-4 0  9995
2 66921  50.0122 245.0509 0000984 195.3104 164.7739 13.29325137 22383
PNEO4
1 49070U 21073E   26140.46352828  .00000648  00000-0  88951-4 0  9997
2 49070  97.8931 215.6242 0001466  93.0768 267.0613 14.81676333257260
KUIPER-00286
1 68590U 26072T   26140.50214942  .00025276  00000-0  66248-3 0  9996
2 68590  51.8757 310.6319 0003778 256.3931 103.6636 15.38517249  7120
TSX-5
1 26374U 00030A   26140.16155045  .00013528  00000-0  72057-3 0  9998
2 26374  68.9150  50.0534 0431096  92.5103 272.5440 14.60351352318469
YAOGAN-37
1 55244U 23006C   26140.49610861  .00003795  00000-0  20034-3 0  9995
2 55244  43.1969 276.0660 0017488 201.8352 158.1755 15.16907701185676
KUIPER-00259
1 67786U 26030Y   26140.50003471 -.00023935  00000-0 -33977-2 0  9993
2 67786  51.8974 240.0699 0001692  94.2308  64.6826 14.76359171  5825
COSMOS 1506
1 14450U 83108A   26140.44875325  .00000051  00000-0  36238-4 0  9997
2 14450  82.9284 292.2098 0044166  79.3956 300.5094 13.76538454953847
ONEWEB-0085
1 45438U 20020Q   26140.20669252  .00000637  00000-0  17601-2 0  9996
2 45438  87.8910  26.6331 0001836  81.7183 278.4153 13.11418799299000
MKA-FKI 1
1 38711U 12039E   26140.60138017  .00000092  00000-0  58520-4 0  9999
2 38711  98.9686 257.0169 0010487 245.4367 114.5719 14.25417168718912
YAOGAN-36 02A
1 54042U 22133A   26140.51997829  .00007471  00000-0  30562-3 0  9997
2 54042  35.0065 293.7791 0028931 306.9653  52.8414 15.23235399200535
COSMOS 1508
1 14483U 83111A   26140.46677388  .00004060  00000-0  25685-3 0  9995
2 14483  82.8800 271.8341 0673208 182.4317 177.3542 14.07338351117436
COSMOS 1670
1 15930U 85064A   26140.48883033 -.00000061  00000-0  24995-4 0  9992
2 15930  64.9397 211.8247 0051373  48.1820 312.3609 13.83878514 49921
IRS P2
1 23323U 94068A   26140.52968170  .00000040  00000-0  37081-4 0  9998
2 23323  98.8957 190.7103 0001074  98.7838 261.3462 14.24659623641127
KUIPER-00135
1 65961U 25228Q   26140.38908458  .00002544  00000-0  36260-3 0  9999
2 65961  51.9034  33.6311 0000867  97.4416 262.6645 14.79929550 33985
IRIDIUM 36
1 24967U 97056C   26140.41014554  .00000253  00000-0  77157-4 0  9993
2 24967  86.3987  31.2269 0002334  79.4269 280.7191 14.37924944500676
GLOBAL-18
1 52196U 22034B   26140.38617948  .00016147  00000-0  34504-3 0  9991
2 52196  52.9826  29.3795 0005123 149.8314 210.2987 15.45008646232660
ONEWEB-0544
1 55144U 23004E   26140.53807650 -.00000064  00000-0 -19552-3 0  9992
2 55144  87.9162 340.9739 0001653  85.2776 274.8545 13.18685297166052
OPS 8314 (2)
1  6822U 72079C   26140.51384358  .00000003  00000-0  90495-4 0  9997
2  6822  95.6412  13.6278 0029882 164.8167 312.0596 12.55629826456238
IRAS
1 13777U 83004A   26140.58629715  .00000138  00000-0  12176-3 0  9998
2 13777  99.0532 322.4759 0019346  46.6377 313.6396 14.00906782882515
IRIS-F3
1 62619U 25009L   26140.53019745  .00003730  00000-0  14495-3 0  9996
2 62619  97.4044 221.5934 0007965  68.4565 291.7522 15.26659214 74607
KUIPER-00151
1 65771U 25217K   26140.56880346 -.00001724  00000-0 -19722-3 0  9996
2 65771  51.9009  85.2607 0000996  69.6261 290.4808 14.79930771 35528
GONETS M 09 (M19)
1 40062U 14036B   26140.47902426  .00000138  00000-0  92316-3 0  9999
2 40062  82.5095 324.8764 0022591 214.3242 145.6379 12.42950582539015
QIANFAN-47
1 62248U 24232M   26140.53345985  .00000112  00000-0  15390-3 0  9995
2 62248  89.0100  25.2551 0016767  96.6892 263.6168 13.51009025120684
THEOS
1 33396U 08049A   26140.49105388  .00000491  00000-0  25019-3 0  9990
2 33396  98.5582 198.6711 0001354  88.2134 271.9198 14.20130344914031
ICEYE-X66
1 66301U 25248J   26140.42893727  .00002450  00000-0  16896-3 0  9996
2 66301  45.4021 279.7528 0005934 238.2318 121.7986 15.08821920 31310
STARLING 4
1 57386U 23100A   26140.48911917  .00001414  00000-0  10169-3 0  9998
2 57386  99.5112 151.7676 0006305 191.5227 168.5851 15.06549612155736
COSMOS 1290
1 12639U 81074D   26140.32918803  .00000005  00000-0  13078-3 0  9995
2 12639  74.0332 257.5884 0015202 222.6920 198.8890 12.52834480 48174
CP4
1 31132U 07012Q   26140.43162839  .00000783  00000-0  14541-3 0  9995
2 31132  98.4360 124.5222 0072458  51.5063 309.2609 14.66560878 16283
HST
1 20580U 90037B   26140.49733617  .00004786  00000-0  15045-3 0  9990
2 20580  28.4747 269.7754 0001605 180.8219 179.2374 15.30430966784324
COSMOS 516
1 06154U 72066A   26140.62124555 -.00000062  00000-0  26529-4 0  9997
2 06154  64.8107 261.4122 0053573 107.3764 253.3160 13.77811036704124
ONEWEB-0659
1 54678U 22166AN  26140.53903617  .00000113  00000-0  24276-3 0  9993
2 54678  87.9252 249.4905 0001942 102.5550 257.5801 13.21826612167871
ONEWEB-0342
1 49208U 21083Y   26140.62389035  .00000048  00000-0  85655-4 0  9991
2 49208  87.9171 279.9333 0001760  97.6050 262.5283 13.20772194233142
SDA_1664
1 65974U 25230A   26140.51750947  .00000174  00000-0  15641-3 0  9996
2 65974  81.3002 237.7488 0001303 104.6632 255.4667 13.79935458 29959
COSMOS 1034
1 11042U 78091A   26140.52956184  .00000004  00000-0  12544-3 0  9999
2 11042  74.0357 236.8026 0037028  79.5644 291.8778 12.53200247178787
COSMOS 2091
1 20736U 90070B   26140.32422670  .00000022  00000-0  61239-4 0  9992
2 20736  82.5786 345.9615 0003708 158.3864  14.7038 12.62559546648794
OPS 7898 (P/L 2)
1 05680U 71110C   26140.23102542 -.00000008  00000-0  43916-4 0  9997
2 05680  69.9905  60.6129 0009310 219.1412 140.9010 13.74756258344370
COSMOS 332
1 04369U 70028A   26140.46974199  .00000130  00000-0  38190-4 0  9990
2 04369  74.0352 317.0705 0005970 195.2930 164.8052 14.53180349964078
FLOCK 4Q 35
1 58309U 23174BF  26140.50572397  .00023511  00000-0  35389-3 0  9996
2 58309  97.3871 231.6551 0005269 227.1447 132.9365 15.54815399141504
PTD-4
1 60565U 24149DB  26140.51611407  .00015509  00000-0  70603-3 0  9999
2 60565  97.6960 228.7842 0004445 135.4761 224.6831 15.20783422 96610
METEOR 3-3
1 20305U 89086A   26140.35921034  .00000933  00000-0  28640-2 0  9998
2 20305  82.5475 126.2438 0005766 225.0892 249.3715 13.04695913742983
KOMPSAT 2
1 29268U 06031A   26140.49242713 -.00000063  00000-0 -33910-5 0  9994
2 29268  97.8304 326.2791 0014909 156.1064 288.7448 14.64639271 57428
COSMOS 1743
1 16719U 86034A   26140.34443699  .00030254  00000-0  31400-3 0  9995
2 16719  82.5289 358.2788 0005247  41.4433 318.7223 15.64467773191432
FENGYUN 3D
1 43010U 17072A   26140.52117958 -.00000113  00000-0 -31407-4 0  9992
2 43010  99.0118 114.4467 0002429 108.1112 252.0328 14.19732657441068
ISS (ZARYA)
1 25544U 98067A   26140.52007258  .00005164  00000-0  10084-3 0  9994
2 25544  51.6328  77.0641 0007497  79.3410 280.8422 15.49283153567468
LEMUR 2 PETERG
1 42841U 17042S   26140.49456258  .00013913  00000-0  44347-3 0  9991
2 42841  97.3992 325.5078 0005180  86.7191 273.4644 15.32635194484191
IRIDIUM 152
1 43479U 18047D   26140.33396193 -.00000026  00000-0 -16368-4 0  9995
2 43479  86.3941  99.9778 0002274  88.5919 271.5538 14.34217230418498
COSMOS 1323
1 12978U 81116D   26140.54722515 -.00000003  00000-0  10565-3 0  9992
2 12978  73.9847  50.1798 0090400 267.1857 268.7110 12.29207187995654
INDEX
1 28810U 05031B   26140.57347438  .00003192  00000-0  19679-3 0  9992
2 28810  98.0110 263.2992 0019388 201.8209 158.2195 15.10601049126821
KUIPER-00072
1 64819U 25151D   26140.76575434  .00002193  00000-0  31656-3 0  9995
2 64819  51.8979 324.3302 0000849 124.6992 235.4050 14.79933202 46223
ONEWEB-0257
1 48975U 21060J   26140.51585330  .00000005  00000-0 -21829-4 0  9997
2 48975  87.9106 234.2651 0001965  96.4972 263.6383 13.16597179235940
NIMBUS 4
1  4362U 70025A   26140.34637073 -.00000011  00000-0  57864-4 0  9992
2  4362  99.9620  61.7133 0008242  67.2854  42.6475 13.44754062753101
COSMOS 2392
1 27470U 02037A   26140.32535125 -.00000254  00000-0 -12348-2 0  9994
2 27470  63.3974 105.5178 0619986 359.1662 104.4212 12.06809737 49934
COSMOS 1722
1 16455U 86002G   26140.55450417 -.00000015  00000-0  63867-5 0  9993
2 16455  73.9871 175.1215 0045874 181.6170 251.9122 12.54042127847595
COSMOS 1190
1 11869U 80056A   26140.59200810  .00000089  00000-0  40609-4 0  9992
2 11869  74.0456  86.5606 0014559 293.3214  66.6406 14.34646108376339
RADIO 2
1 11086U 78100C   26140.53405390  .00000013  00000-0  58723-4 0  9997
2 11086  82.5506  59.9726 0013217  27.3155  92.1924 11.96753390 77600
DS-EO
1 52935U 22072A   26140.53521064  .00001176  00000-0  19520-4 0  9992
2 52935   9.9944  30.6315 0004353 278.0444  81.9277 15.13611768214317
BRO-13
1 59107U 24043K   26140.47870566  .00000365  00000-0  37368-4 0  9996
2 59107  97.8458 271.4174 0010247  91.2404 268.9991 14.96518894120478
GLOBALSTAR M081
1 37743U 11033E   26140.64918527 -.00000085  00000-0  10381-3 0  9997
2 37743  51.9961 279.4873 0000623 112.9014 261.2917 12.62264338686461
SJ-16
1 39358U 13057A   26140.55656307  .00000993  00000-0  99314-4 0  9995
2 39358  74.9742  49.0127 0016899 294.3176  65.6247 14.92531737682223
SUPERVIEW-1 03
1 43099U 18002A   26140.52827810  .00010906  00000-0  28067-3 0  9994
2 43099  97.3128 225.4288 0046140 280.4698  79.1350 15.38308550464119
HAWK-8C
1 59449U 24066H   26140.18855337  .00000739  00000-0  78887-4 0  9993
2 59449  45.6086  62.3119 0003557 275.7157  84.3319 14.99009606115625
SUPERVIEW NEO-1 02
1 52322U 22043C   26140.52616262  .00002904  00000-0  15370-3 0  9992
2 52322  97.3403 214.2142 0003351  82.0952 278.0662 15.16193824225387
MUSAT2
1 59099U 24043B   26140.32845693  .00004942  00000-0  32343-3 0  9995
2 59099  97.8573 278.3415 0008200  74.5827 285.6306 15.08214564120892
COSMOS 2058
1 20465U 90010A   26140.27247722  .00001932  00000-0  11120-3 0  9996
2 20465  82.4681 336.8866 0010891  87.8055 272.4423 15.11833137953059
YUNYAO-1 18
1 58758U 24009A   26140.41886323  .00010164  00000-0  44293-3 0  9993
2 58758  49.9909 291.0542 0005053 179.2132 180.8831 15.22695441130615
COSMOS 1083
1 11298U 79024C   26140.63891582  .00000001  00000-0  10799-3 0  9998
2 11298  74.0336 263.0114 0014808 343.6288  28.8533 12.52616012157433
RUNNER-1 (TYVAK-1005)
1 56953U 23084X   26140.34096365  .00007523  00000-0  20900-3 0  9995
2 56953  97.6209 281.4027 0008933  60.2062 300.0069 15.37147596163327
SSU 1
1  8835U 76038C   26140.53601204  .00000047  00000-0  78841-4 0  9995
2  8835  63.3619 338.7167 0385576 179.5251 180.6240 13.83091546354994
AISSAT 1
1 36797U 10035C   26140.47646853  .00001566  00000-0  14060-3 0  9999
2 36797  98.0955  38.7427 0009916 139.2654 220.9310 14.97234272860075
ONEWEB-0330
1 49108U 21075AK  26140.33704200 -.00000030  00000-0 -11059-3 0  9993
2 49108  87.9160  11.4265 0001701  90.5699 269.5628 13.17648528229951
TIUNGSAT 1
1 26548U 00057D   26140.58960191  .00001115  00000-0  98004-4 0  9992
2 26548  64.5457 213.6419 0041294 294.0584  65.6212 15.01509819392089
COSMOS 1999
1 19790U 89009F   26140.31859360  .00000017  00000-0  33901-4 0  9998
2 19790  82.6190 344.5396 0018614 287.4942 246.3424 12.65750016721721
ONEWEB-0649
1 55812U 23029S   26140.48515048  .00000075  00000-0  15518-3 0  9990
2 55812  87.9147 310.4970 0001688  84.1347 275.9978 13.19725983155278
COSMOS 718
1 07685U 75016H   26140.60786891  .00000003  00000-0  12285-3 0  9997
2 07685  74.0035 256.0995 0038317  67.5152 305.1630 12.51394457339948
ONEWEB-0670
1 55829U 23029AK  26140.35317593  .00000148  00000-0  36560-3 0  9990
2 55829  87.8926 295.2958 0002065  87.2025 272.9341 13.14503447155773
ISS (NAUKA)
1 49044U 21066A   26140.52007258  .00005164  00000-0  10084-3 0  9990
2 49044  51.6328  77.0641 0007497  79.3410 280.8422 15.49283153567278
CORVUS BC4
1 43767U 18099K   26140.53206961  .00003206  00000-0  18897-3 0  9996
2 43767  97.4085 184.3242 0010090  97.0031 263.2348 15.12241311408221
COSMOS 682
1  7440U 74072F   26140.46461116 -.00000012  00000-0  26317-4 0  9994
2  7440  74.0346 308.0045 0008723  91.4512 299.5810 12.51299066360018
ONEWEB-0300
1 49089U 21075Q   26140.58270875  .00000364  00000-0  97659-3 0  9992
2 49089  87.8966 356.1453 0002171  82.5218 277.6157 13.12443070231589
COSMOS 2582
1 62903U 25026B   26140.71263302  .00000726  00000-0  64277-4 0  9997
2 62903  81.9944 102.5287 0010981 139.9735 220.2296 14.94916248 70107
ALOS
1 28931U 06002A   26140.59139267  .00000613  00000-0  11054-3 0  9990
2 28931  98.1311  96.2492 0002194  79.6405 280.5048 14.69985760 84045
LEMUR-2 CALLUM-K-J
1 67366U 26004D   26140.42962367  .00002683  00000-0  29816-3 0  9990
2 67366  97.8021 139.4312 0007545 217.6175 142.4515 14.88003591 19168
ION SCV-017
1 63230U 25052W   26140.46006420  .00002809  00000-0  10629-3 0  9993
2 63230  97.3935  35.8788 0023130 144.1464 216.1333 15.27535478 65809
OSCAR 25
1 19419U 88074A   26140.43091069  .00000073  00000-0  10888-3 0  9994
2 19419  90.0432  20.8519 0096794 152.4699  21.3138 13.42653863847693
KUIPER-00031
1 63744U 25088W   26140.67347207  .00000791  00000-0  14346-3 0  9994
2 63744  51.9007 135.7993 0001438  36.3848 323.7210 14.76367330 58239
HULIANWANG DIGUI-50
1 65107U 25168B   26140.48680185 -.00000099  00000-0  54617-4 0  9990
2 65107  50.0006  65.1654 0009310   6.1798 353.9187 13.29316923 39000
ONEWEB-0184
1 48211U 21031B   26140.82573234 -.00000057  00000-0 -18929-3 0  9996
2 48211  87.8954 295.1556 0001099  77.8279 282.2974 13.14503478244696
TIANQI 35
1 62367U 24245C   26140.56854446 -.00000047  00000-0  55757-4 0  9991
2 62367  44.9846  84.6046 0010493 240.7079 119.2705 13.99182360 72472
FENGYUN 3C
1 39260U 13052A   26140.48106337  .00000044  00000-0  43530-4 0  9993
2 39260  98.4966 115.6311 0015841 102.0275 258.2676 14.15747789654642
TIANQI 39
1 67478U 26010C   26140.48865589  .00000022  00000-0  95284-4 0  9993
2 67478  44.9810 202.1986 0015856 211.5295 148.4590 14.04150385 17558
PRAETORIAN SDA_609
1 65572U 25203H   26140.47013241  .00000132  00000-0  10776-3 0  9992
2 65572  81.3067  36.4562 0005876 270.1618  89.8865 13.84307649 34869
LEMUR 2 SEJONG-2
1 64586U 25135BL  26140.55767512  .00002068  00000-0  18744-3 0  9999
2 64586  97.7663 255.7791 0005716  68.1302 292.0526 14.96437823 49819
AETHER-9
1 67380U 26004T   26140.73268347  .00000422  00000-0  52344-4 0  9999
2 67380  97.7980 139.7740 0003528 210.7061 149.3950 14.87646362 19202
IOD1_STARTICAL
1 63212U 25052C   26140.43921189  .00037185  00000-0  65923-3 0  9990
2 63212  97.3863  41.3853 0003295 128.6952 231.4594 15.50160527 66189
GONETS-M 24
1 54151U 22139B   26140.54494623  .00000038  00000-0  20627-3 0  9994
2 54151  82.5006   4.5538 0015923 294.6914  65.2507 12.42890201162215
COSMOS 716
1 07683U 75016F   26140.41211434 -.00000013  00000-0  16577-4 0  9991
2 07683  74.0029 309.8878 0022230 276.1303 107.6518 12.42447935323223
COSMOS 689
1 07476U 74079A   26140.58519458  .00000046  00000-0  33720-4 0  9998
2 07476  82.9437 197.1522 0029742 196.9182 331.8266 13.72365247582583
TIANZHOU 10
1 69049U 26102A   26140.45362132  .00012110  00000-0  14537-3 0  9996
2 69049  41.4675 130.6457 0007439 266.6271  93.3717 15.60697028  1764
COSMOS 1560
1 14999U 84052B   26140.39709789 -.00000026  00000-0 -70319-4 0  9990
2 14999  74.0089 138.7342 0013005  60.0071   9.3675 12.46117872909370
YAOGAN-40 02B
1 63919U 25096B   26140.51075958  .00000121  00000-0  55614-4 0  9992
2 63919  85.9972 200.3371 0001925 100.1914 259.9486 14.12442705 52661
COSMOS 680
1 07438U 74072D   26140.37220053 -.00000022  00000-0 -40333-4 0  9990
2 07438  74.0327 164.9974 0015581 154.3599 217.9398 12.46644372351224
CANX-2
1 32790U 08021H   26140.17381223  .00002089  00000-0  15007-3 0  9997
2 32790  97.8620 119.4156 0011551 132.9163 227.3034 15.05385874980598
FENGYUN 1A
1 19467U 88080A   26140.41488840 -.00000037  00000-0  43714-5 0  9996
2 19467  99.0278 193.9461 0015103  63.7826 296.4891 14.03537670930006
ORBCOMM FM 1
1 23545U 95017A   26140.45137310  .00003811  00000-0  35081-3 0  9991
2 23545  69.9611 309.5209 0004716 200.5505 159.5464 14.95573316662840
COSMOS 2069
1 20554U 90029F   26140.29080578 -.00000020  00000-0 -22877-4 0  9992
2 20554  73.9791 160.7770 0022372 319.0863  51.8869 12.54541714654194
COSMOS 1328
1 12987U 81117A   26140.33807690  .00006543  00000-0  19009-3 0  9994
2 12987  82.4897 277.5753 0009281 284.2741  75.7471 15.35233940425042
COSMOS 1266
1 12409U 81037A   26140.92797500 -.00000061  00000-0  24568-4 0  9994
2 12409  64.7635  25.6086 0051077 275.8527  83.6713 13.90613811288898
ONEWEB-0199
1 48234U 21031AA  26140.32621721  .00000078  00000-0  17535-3 0  9994
2 48234  87.8945 295.2520 0001959  93.2229 266.9125 13.14501593244609
FLOCK 4Q 23
1 58307U 23174BD  26140.68507031  .00107915  00000-0  10422-2 0  9997
2 58307  97.3918 234.1259 0008027 235.8459 124.2041 15.66081205141656
ORBASTRO-PC-1
1 58258U 23174C   26140.46606683  .00017597  00000-0  34600-3 0  9992
2 58258  97.3773 225.9358 0005013 260.9470  99.1213 15.47328768141188
CELESTIS 17/SHERPA-FX1
1 47486U 21006CB  26140.58208530  .00003942  00000-0  13071-3 0  9995
2 47486  97.2272 182.3135 0004830 304.6369  55.4417 15.31831838295079
CSC-2
1 58021U 23155F   26140.44714664  .00006377  00000-0  28860-3 0  9991
2 58021  97.5426 217.0527 0003999 349.7451  10.3702 15.21249432143967
HULIANWANG DIGUI-93
1 66001U 25231G   26140.52415828 -.00000100  00000-0  52700-4 0  9994
2 66001  50.0026 274.6648 0000956 132.6420 227.4533 13.29327061 29217
CHUANG XIN 1-02(CX-1-02)
1 33434U 08056B   26140.52231782  .00000267  00000-0  12017-3 0  9998
2 33434  98.6144 167.0632 0013383 217.8505 142.1738 14.30147719914661
TOMORROW-S7
1 63631U 25081B   26140.40643461  .00000914  00000-0  91717-4 0  9999
2 63631  45.3922 120.0780 0000682 137.7447 222.3484 14.99509017 59007
ONEWEB-0353
1 49282U 21090D   26140.42771157  .00000203  00000-0  51262-3 0  9998
2 49282  87.8940 295.2413 0001777  88.1444 271.9889 13.14503607223933
CONNECTA IOT-3
1 60475U 24149H   26140.59592933  .00002697  00000-0  11658-3 0  9998
2 60475  97.3736 217.1189 0003336  33.6907 326.4542 15.23311453 97607
COSMOS 1354
1 13148U 82037A   26140.43824111  .00000045  00000-0  26181-4 0  9995
2 13148  74.0357 156.3225 0009944 325.6542  34.3965 14.32803744301080
FLOCK 4BE 31
1 60488U 24149W   26140.46604940  .00014626  00000-0  33443-3 0  9991
2 60488  97.3795 225.3661 0002632  48.5053 311.6420 15.42928223 98104
FLOCK 4Q 4
1 58327U 23174BZ  26140.15581161  .00015761  00000-0  31004-3 0  9994
2 58327  97.3821 227.2754 0004713 248.1854 111.8895 15.47340950141224
KHAYYAM
1 53370U 22096A   26140.54898439  .00003328  00000-0  13428-3 0  9997
2 53370  97.3461  45.2695 0002550 101.5066 258.6459 15.25487178210372
GAOFEN 2
1 40118U 14049A   26140.54089620  .00000980  00000-0  13386-3 0  9990
2 40118  98.0118 204.7725 0006605 334.0476  26.0404 14.80867958635145
USA 60
1 20682U 90050B   26140.64296529  .00005375  00000-0  35463-3 0  9992
2 20682  63.2955 282.2090 0876457  82.4272 287.5327 13.65622983100094
KUIPER-00170
1 65783U 25217X   26140.23652280  .00032010  00000-0  42138-2 0  9993
2 65783  51.8980  81.7022 0000985 109.0667 251.0402 14.79873255 35545
COSMOS 1475
1 14173U 83069C   26140.53720293 -.00000013  00000-0  18705-4 0  9996
2 14173  74.0248 191.0967 0021236 126.0438 303.3691 12.54580379963528
YAOGAN-39 01C
1 57731U 23130E   26140.53006616  .00003700  00000-0  19016-3 0  9992
2 57731  34.9940 324.1590 0009049  66.9490 293.2176 15.15935670151261
DUBAISAT 1
1 35682U 09041B   26140.61665745  .00000541  00000-0  87824-4 0  9994
2 35682  98.0015 274.1835 0011043 153.0878 207.0906 14.75070932901035
FLOCK 4Q 31
1 58285U 23174AF  26140.47139361  .00027137  00000-0  39944-3 0  9994
2 58285  97.3910 231.6428 0005775 228.9703 131.1053 15.55396181141475
YUNHAI 2-2A
1 59280U 24052A   26140.53116618 -.00000075  00000-0  34795-4 0  9996
2 59280  50.0073 199.9029 0011395  48.6382 311.5511 14.27949761 94279
ONEWEB-0320
1 49190U 21083E   26140.54313997 -.00000035  00000-0 -12107-3 0  9995
2 49190  87.9162 340.9660 0001774  86.4414 273.6921 13.18686223226338
COSMOS 2467
1 37152U 10043A   26140.57921351  .00000034  00000-0  17168-3 0  9995
2 37152  82.4558  82.2910 0001049 113.1579  60.4036 12.42983718712076
KOMPSAT 3A
1 40536U 15014A   26140.47671662  .00018235  00000-0  27908-3 0  9999
2 40536  97.6892 129.8427 0054916 277.9362  81.5659 15.52653204617512
ONEWEB-0423
1 51627U 22012F   26140.35208442 -.00000012  00000-0 -63250-4 0  9994
2 51627  87.9161  11.3980 0001939  84.2157 275.9196 13.17647979210035
VSP RF C1
1 59136U 24043AQ  26140.53605156  .00003084  00000-0  10828-3 0  9998
2 59136  97.5581 277.9470 0009193 341.3641  18.7261 15.30172948122854
ONEWEB-0006
1 44061U 19010E   26140.35389870  .00000141  00000-0  33981-3 0  9995
2 44061  87.9000 264.7300 0001740  96.9361 263.1967 13.15550564347765
USA 62
1 20692U 90050D   26140.40037445  .00005086  00000-0  35824-3 0  9997
2 20692  63.2944 284.8389 0874585  84.1754 285.8188 13.64427987100920
GEESAT 3-03
1 61013U 24159C   26140.48269260  .00001001  00000-0  14556-3 0  9998
2 61013  49.9932 210.5644 0005378  17.7511 342.3615 14.84136413 92725
YAOGAN-30 Q
1 44451U 19045C   26140.42117356  .00001351  00000-0  10179-3 0  9990
2 44451  34.9923 138.7231 0000538 236.9089 123.1568 15.02527274372371
TIANHUI 6A
1 55836U 23030A   26140.51989766  .00000358  00000-0  26677-3 0  9996
2 55836  99.0131 149.0910 0002287  68.4848 291.6560 14.01346146163529
ORBCOMM FM 108
1 41187U 15081J   26140.48139467  .00000346  00000-0  10945-3 0  9996
2 41187  47.0057 313.1854 0001941  73.2154 286.8945 14.58826637556039
PRISMA (MANGO)
1 36599U 10028B   26140.83687146  .00000198  00000-0  51247-4 0  9990
2 36599  98.0203 341.3592 0051393 292.6709  66.9062 14.59113451845188
USA 24
1 18010U 87043F   26140.52821971  .00006504  00000-0  38696-3 0  9990
2 18010  63.2969  76.4381 0789548 104.0699 264.9337 13.86047537341620
ONEWEB-0308
1 49094U 21075V   26140.54626000 -.00000426  00000-0 -12187-2 0  9992
2 49094  87.8965 356.1545 0001804  84.8413 275.2921 13.12441145230932
MAGION 2
1 20281U 89080B   26140.44391287  .00000666  00000-0  18828-3 0  9997
2 20281  82.6049  30.5682 1172965  20.8597 343.6503 12.62974313678575
ONEWEB-0027
1 45432U 20020J   26140.89615844 -.00035880  00000-0 -94700-1 0  9997
2 45432  87.9175  11.2765 0001588  95.1296 265.0016 13.16275632302767
YAOGAN-32 B
1 43643U 18077B   26140.49529366  .00000440  00000-0  94799-4 0  9990
2 43643  98.1489 169.3256 0004717 318.2910  41.7931 14.63133770405780
IRIDIUM 139
1 42963U 17061J   26140.42225335  .00000016  00000-0 -14602-5 0  9994
2 42963  86.3991  36.9230 0002057  80.8239 279.3190 14.34217591450860
OPS 7613 (P/L 3)
1  4259U 69082D   26140.44483124  .00000002  00000-0  40425-4 0  9999
2  4259  70.0143 194.7798 0021172 192.4264 178.5491 13.95121463977815
HULIANWANG DIGUI-44
1 65047U 25162E   26140.46616881 -.00000085  00000-0  84502-4 0  9998
2 65047  50.0033   5.1196 0000786 148.0211 212.0709 13.29314873 39683
TIANQI 28
1 59912U 24102D   26140.35759851  .00000079  00000-0  14215-3 0  9993
2 59912  44.9802  25.5029 0010902 115.9997 244.1959 13.99156748101000
COSMOS 2614
1 68764U 26083K   26140.61951101  .00001087  00000-0  74874-4 0  9997
2 68764  96.9565 277.6850 0012804 146.6222 213.5817 15.07604422  5054
SKYCRAFT 4D
1 64898U 25154K   26140.41936109  .00002921  00000-0  26639-3 0  9991
2 64898  97.6686 205.1518 0004234   7.1635 352.9646 14.95864909 43148
SJ-9A
1 38860U 12056A   26140.47896699  .00000859  00000-0  10527-3 0  9990
2 38860  97.6694 113.4375 0025349 352.3226   7.7598 14.85409387695474
COSMOS 860
1 09486U 76103A   26140.34371986 -.00000057  00000-0  30824-4 0  9992
2 09486  64.7008 285.8963 0071178 220.4649 139.1101 13.81414084879099
COSMOS 1038
1 11047U 78091E   26140.37256975 -.00000010  00000-0  40250-4 0  9992
2 11047  74.0345 190.3505 0006073 183.5968 188.7693 12.45933930757377
KUIPER-00225
1 67784U 26030W   26140.50003471 -.00025343  00000-0 -35935-2 0  9992
2 67784  51.8970 240.2144 0002665 339.3367 335.7657 14.76435470  4005
ONEWEB-0035
1 45143U 20008N   26140.43266288 -.00000279  00000-0 -82902-3 0  9993
2 45143  87.8848  41.7961 0001740  78.3137 281.8186 13.10884061304307
KUIPER-00451
1 68945U 26098AC  26140.51724541 -.00014560  00000-0 -45759-3 0  9990
2 68945  51.8763 201.3113 0012500  42.6997 317.4957 15.31621181  3097
PICOSAT 6
1 26094U 00004M   26140.27518813  .00000381  00000-0  12073-3 0  9991
2 26094 100.2173 151.5972 0030882 264.9264  94.8397 14.47255146381192
TIANQI 20
1 64061U 25105D   26140.45636735 -.00000092  00000-0  24929-4 0  9994
2 64061  44.9835 145.4127 0011508 256.4057 103.5494 13.99129650 51322
LEMUR-2 HCS-BAZUS
1 67388U 26004AB  26140.28317914  .00003415  00000-0  36171-3 0  9996
2 67388  97.8029 139.6358 0003257 142.9557 217.1886 14.89786319 19159
HULIANWANG DIGUI-120
1 67060U 25295B   26140.24832553 -.00000115  00000-0  19844-4 0  9995
2 67060  50.0021 125.8473 0000790 335.8554  24.2281 13.29326946 21780
SNUGLITE
1 43784U 18099AC  26140.42166006  .00008596  00000-0  33195-3 0  9993
2 43784  97.3882 194.9861 0003715  56.0703 304.0888 15.26500980409088
FLOCK 4G 23
1 62647U 25009AQ  26140.47003538  .00026675  00000-0  91038-3 0  9994
2 62647  97.3936 222.2084 0001694 109.3085 250.8339 15.30303394 74686
KUIPER-00073
1 64820U 25151E   26140.54159448 -.00000121  00000-0  13138-4 0  9992
2 64820  51.8999 345.3475 0000807 115.4560 244.6486 14.79933266 47095
HULIANWANG DIGUI-70
1 65230U 25178C   26140.46475604  .00000088  00000-0  17014-3 0  9990
2 65230  86.4964  22.7548 0001603  85.7950 274.3367 13.24412212 36640
NUSAT-47
1 66743U 25276CF  26140.45160602  .00003767  00000-0  17831-3 0  9991
2 66743  97.4193 214.5145 0003421 100.6903 259.4718 15.19947095 26219
COSMOS 647
1  7271U 74024G   26140.43275367  .00000002  00000-0  11228-3 0  9993
2  7271  74.0177 210.3262 0039466 215.5025 155.8219 12.52875647381582
COSMOS 798
1  8614U 76008H   26140.53074649  .00000007  00000-0  16804-3 0  9990
2  8614  74.0554 232.0493 0047951 202.4988 169.3122 12.37759420273161
JIAOTONG VDES
1 54588U 22164A   26140.48226083  .00000234  00000-0  77381-4 0  9990
2 54588  98.2429 160.4249 0010968  56.9675 303.2570 14.46051340182070
KUIPER-00353
1 68865U 26095B   26140.37933667  .00020145  00000-0  52679-3 0  9996
2 68865  51.8846  16.6618 0001106 145.1334 214.9726 15.38734156  3450
FORGESTAR-1
1 64546U 25135U   26140.59398011  .00004856  00000-0  20523-3 0  9998
2 64546  97.4663 256.4934 0000633 112.4823 247.6481 15.23710125 50709
ONEWEB-0449
1 51642U 22012W   26140.23381451  .00000090  00000-0  22120-3 0  9994
2 51642  87.8858  41.8296 0002266  85.3064 274.8322 13.10376218205643
COSMOS 677
1 07435U 74072A   26140.27913374 -.00000017  00000-0 -47608-5 0  9998
2 07435  74.0364 351.5136 0044257  90.5469  30.9418 12.58029484372677
IRIDE-MS2-HEO-7
1 68981U 26100B   26140.51257912  .00000892  00000-0  95724-4 0  9996
2 68981  97.7390  38.4653 0003185 226.4229 133.6725 14.91027578  2577
LEMUR 2 NEUROSPICY
1 63355U 25061E   26140.35558404  .00002799  00000-0  15755-3 0  9996
2 63355  97.5615 116.2316 0016934   2.3525 357.7783 15.13961807 63401
KUIPER-00432
1 68937U 26098U   26140.44582794  .00005047  00000-0  16751-3 0  9993
2 68937  51.8739 201.5760 0012184  49.7859 310.4190 15.32946215  3084
SPRINT A
1 39253U 13049A   26140.28963910  .00000126  00000-0  81734-4 0  9996
2 39253  29.7215   1.8415 0136691 150.7916 210.0380 13.55540913627638
COSMOS 794
1  8610U 76008D   26140.40390485 -.00000028  00000-0 -82123-4 0  9994
2  8610  74.0519 124.1576 0027270 298.4545 214.4218 12.48157283292224
TANSTAAFL-2
1 62378U 24247B   26140.85209027  .00005302  00000-0  19343-3 0  9994
2 62378  44.9864  82.2808 0000679  59.7881 300.3070 15.29279472 78771
KUIPER-00300
1 68597U 26072AA  26140.50003471  .00023204  00000-0  81206-3 0  9996
2 68597  51.8741 311.1504 0008339 281.1282 177.9590 15.29377178  5491
GAOFEN 3
1 41727U 16049A   26140.54086094  .00000139  00000-0  55313-4 0  9994
2 41727  98.4014 148.7444 0000963  87.4707 272.6593 14.42211825514668
SDA_1676
1 65986U 25230N   26140.33129285  .00000065  00000-0  52151-4 0  9991
2 65986  81.3023 238.0495 0000918 125.9694 234.1545 13.78997079 29924
UNISAT 3
1 28373U 04025H   26140.46621216  .00000269  00000-0  81559-4 0  9994
2 28373  98.6943 149.4826 0066433  76.3476 284.5103 14.49043622155035
ONEWEB-0611
1 54674U 22166AJ  26140.55249329  .00000162  00000-0  36050-3 0  9991
2 54674  87.9247 249.4762 0001865 102.2786 257.8557 13.21826372167799
FLOCK 4H 22
1 66725U 25276BM  26140.20371296  .00004513  00000-0  21394-3 0  9996
2 66725  97.4175 214.1822 0004256 118.4933 241.6732 15.19789845 26175
COSMOS 2329
1 23791U 96009E   26140.29463970  .00000013  00000-0  13713-4 0  9992
2 23791  82.5726 343.6430 0009554 125.2369  48.7820 12.61704208392844
USA 25
1 18025U 87043H   26140.19500668  .00008347  00000-0  44515-3 0  9990
2 18025  63.2910  71.6903 0782387 102.9007 266.0539 13.90033467347987
YAM-8
1 63254U 25052AW  26140.30271126  .00002910  00000-0  17534-3 0  9994
2 63254  97.6963  41.5900 0001257 355.5101   4.6117 15.11596054 65058
COSMOS 2598
1 66648U 25273B   26140.51907469  .00000014  00000-0  28608-4 0  9996
2 66648  82.5043 187.7435 0009630 242.3239 117.6864 12.42917808 21864
COSMOS 2400
1 27868U 03037A   26140.58497184  .00000115  00000-0  73289-3 0  9992
2 27868  82.4716 347.1634 0022266 114.5554 245.7851 12.45190097 34100
COSMOS 1603
1 15333U 84106A   26140.35096053  .00000033  00000-0  41938-4 0  9993
2 15333  71.0256 106.1909 0021872 282.9874  76.8806 14.14519966148806
YUNHAI 3-02
1 59343U 24058A   26140.50830934 -.00000027  00000-0  91194-5 0  9997
2 59343  98.8200 148.7493 0002054  92.3325 267.8083 14.13324534110831
PTD-R (TYVAK-0127)
1 60523U 24149BH  26140.50976764  .00164908  11963-4  55368-3 0  9995
2 60523  97.3792 238.7654 0002265 243.0342 117.0700 15.90111170 99014
KUIPER-00127
1 65956U 25228K   26140.43701348  .00001096  00000-0  17282-3 0  9992
2 65956  51.9020  35.7922 0001265  97.7902 262.3204 14.79936033 33961
COSMOS 312
1 04254U 69103A   26140.37078207  .00000008  00000-0  61209-4 0  9991
2 04254  74.0187 118.1055 0022881 359.5478 112.5886 13.27210818735950
SJ-30A
1 66545U 25266A   26140.60775344  .00006400  00000-0  34776-3 0  9996
2 66545  51.7990 308.5866 0009599 166.2707 193.8532 15.15658760 27673
QIANFAN-10
1 60388U 24140K   26140.48068772  .00000064  00000-0  79873-4 0  9999
2 60388  88.9724 282.2332 0016567  79.8779 280.4240 13.51011061 88891
PRAETORIAN SDA_607
1 65570U 25203F   26140.41577533  .00000152  00000-0  12536-3 0  9991
2 65570  81.3053  36.3655 0007841 270.9138  89.1120 13.84280747 34869
FIRESAT0
1 63256U 25052AY  26140.45454159  .00000808  00000-0  83358-4 0  9993
2 63256  97.6994  32.2314 0001785  64.1120 296.0283 14.92867206 64452
QIANFAN-108
1 66050U 25233T   26140.28152182  .00000144  00000-0  20493-3 0  9994
2 66050  89.0021  45.9927 0001948  79.4649 280.6722 13.51005625 29428
EGYPTSAT A
1 44047U 19008A   26140.48253977  .00000803  00000-0  13499-3 0  9995
2 44047  98.0046 205.6501 0001240  81.6786 278.4561 14.72271968389167
COSMOS 2066
1 20551U 90029C   26140.32268704 -.00000013  00000-0  18484-4 0  9992
2 20551  73.9829 349.3296 0049190 127.9486 343.0400 12.59713210661041
ONEWEB-0161
1 48053U 21025M   26140.51646992  .00000174  00000-0  44145-3 0  9998
2 48053  87.8941 325.7326 0001741  96.3589 263.7738 13.13468249249877
GEESAT 6-05
1 65717U 25214F   26140.08994643  .00000947  00000-0  14203-3 0  9999
2 65717  49.9801  78.5246 0012500 102.7532 257.4803 14.83260951 35331
BEIJING 3B
1 53587U 22103A   26140.49553461  .00000759  00000-0  90157-4 0  9993
2 53587  97.8012 218.3903 0025888 142.7952 217.5064 14.87115477202974
QIANFAN-32
1 61565U 24185P   26140.50195147  .00000112  00000-0  15587-3 0  9991
2 61565  88.9871  64.6546 0009109 339.2426  20.8353 13.50783187 89477
UNISAT 6
1 40012U 14033C   26140.43097192  .00002238  00000-0  24485-3 0  9997
2 40012  97.7851 293.6405 0045831 158.4308 201.8853 14.88062479642036
COSMOS 1564
1 15003U 84052F   26140.37028240 -.00000002  00000-0  90983-4 0  9993
2 15003  74.0124 215.1032 0033084 348.1220  83.8927 12.53585009920782
TIANMU-1 13
1 58647U 23205C   26140.52713618  .00003808  00000-0  14861-3 0  9990
2 58647  97.3475 162.5534 0008821  71.6788 288.5410 15.26483347133287
ONEWEB-0165
1 48233U 21031Z   26140.34207395  .00000209  00000-0  52967-3 0  9996
2 48233  87.8938 295.2647 0001491 100.4324 259.6974 13.14501382244706
HEAD-3C
1 57628U 23121C   26140.51120649  .00000307  00000-0  92169-4 0  9999
2 57628  45.0000  75.7670 0004744 125.8187 234.3112 14.62201480147682
STRAND 1
1 39090U 13009E   26140.34638122  .00000153  00000-0  65915-4 0  9995
2 39090  98.3916 321.2673 0007772 320.9184  39.1441 14.37144794693063
ICEYE-X34
1 58294U 23174AQ  26140.51392285  .00054669  00000-0  65668-3 0  9997
2 58294  97.3881 230.4704 0005364 222.6102 137.4740 15.60699347141427
ALEXIS
1 22638U 93026A   26140.97688288  .00000045  00000-0  36829-4 0  9991
2 22638  69.9217 358.7044 0060104 198.1624 161.7355 14.33659468106262
LUR-1
1 60506U 24149AQ  26140.18463742  .00004800  00000-0  16945-3 0  9995
2 60506  97.3740 219.2240 0005267  59.9899 300.1864 15.29697074 97691
COSMOS 2056
1 20432U 90004A   26140.45092704  .00000081  00000-0  38130-4 0  9996
2 20432  74.0321 217.1358 0023298 280.6176  79.2351 14.34268984899755
FAST 2 (USA 228)
1 37380U 10062M   26140.61134187  .00000415  00000-0  56106-4 0  9996
2 37380  71.9715 207.0400 0014988 172.1757 187.9645 14.84594994361687
EYESAT A
1 22825U 93061C   26140.44978037  .00000059  00000-0  39552-4 0  9995
2 22825  98.6890 207.8716 0008506 174.0771 186.0514 14.30933790703035
SHIJIAN 6 04B (SJ-6 04B)
1 37180U 10051B   26140.52615218  .00000074  00000-0  11076-4 0  9999
2 37180  97.8702 145.6567 0011657  41.3789 318.8314 14.99258898851533
COSMOS 1392
1 13379U 82073E   26140.44693302 -.00000001  00000-0  99908-4 0  9998
2 13379  74.0174  20.1795 0009841 226.4040 306.8246 12.49388880685157
FLOCK 4BE 23
1 60490U 24149Y   26140.50769549  .00010398  00000-0  29036-3 0  9991
2 60490  97.3778 222.7972 0003537  42.4580 317.6938 15.36900989 97940
CONTINUUM-1
1 55045U 23001AN  26140.50843615  .00007984  00000-0  28081-3 0  9990
2 55045  97.3348 203.9564 0010611 152.1378 208.0433 15.29561145188028
WORLDVIEW 1
1 32060U 07041A   26140.58887659  .00004173  00000-0  17223-3 0  9995
2 32060  97.3926 260.7272 0003771 131.8261 228.3299 15.24577808 38671
KITSAT B
1 22828U 93061F   26140.42163385  .00000085  00000-0  48367-4 0  9991
2 22828  98.6865 207.7519 0010808 124.9098 235.3102 14.31786716671832
LEMUR 2 JOHNNYTRUONG
1 59146U 24043BA  26140.36406339  .00030462  00000-0  40327-3 0  9999
2 59146  97.5365 290.3953 0003509 269.8373  90.2480 15.58255827123702
ADEOS
1 24277U 96046A   26140.88246228  .00000051  00000-0  37129-4 0  9992
2 24277  98.8017 194.9583 0001633 145.4414 214.6875 14.30389076551760
FORMOSAT 3E
1 29051U 06011E   26140.29482142  .00000229  00000-0  99134-4 0  9993
2 29051  72.0046 358.5650 0065090 140.1132 220.4817 14.31509760 51277
COSMOS 1137
1 11545U 79084H   26140.39110895 -.00000009  00000-0  45847-4 0  9995
2 11545  74.0241 289.4180 0026410 154.1833 233.5311 12.43198085117071
ONEWEB-0355
1 49218U 21083AJ  26140.24913545 -.00000153  00000-0 -45520-3 0  9994
2 49218  87.8928 325.8025 0001574  93.5758 266.5551 13.13471384227238
STARLING 2
1 57387U 23100B   26140.48944648  .00001704  00000-0  12123-3 0  9990
2 57387  99.5100 151.7889 0004962 200.3669 159.7355 15.06561621155731
ORBCOMM FM 117
1 41188U 15081K   26140.51533935  .00000290  00000-0  97727-4 0  9991
2 41188  47.0019 311.6670 0002407  81.4703 278.6455 14.58824090556087
COSMOS 831
1 08895U 76054G   26140.32128566  .00000004  00000-0  13764-3 0  9996
2 08895  74.0008 243.5484 0020575 175.3070 241.0958 12.43747301266839
ONEWEB-0380
1 49306U 21090AD  26140.20872173  .00000022  00000-0  23754-4 0  9996
2 49306  87.9146 310.5502 0001937  98.6544 261.4809 13.19723628222739
PROX-1
1 44339U 19036A   26140.47054989  .00009477  00000-0  93274-3 0  9996
2 44339  23.9960 299.2970 0006828  70.2056 289.9179 14.89882740369336
COSMOS 1040
1 11049U 78091G   26140.51674471  .00000004  00000-0  14434-3 0  9991
2 11049  74.0376  45.5825 0030057 113.8014  63.0461 12.40880720157393
ONEWEB-0635
1 56076U 23043AG  26140.61140139 -.00000009  00000-0 -58246-4 0  9994
2 56076  87.9001 264.6850 0002104  96.3054 263.8316 13.15548671152802
COSMOS 921
1 10095U 77055A   26140.54354892  .00000449  00000-0  40723-4 0  9999
2 10095  75.8320 237.6354 0035060  53.7793 306.6634 14.96727602650261
KUIPER-00090
1 64835U 25151V   26140.53479663 -.00000553  00000-0 -43537-4 0  9997
2 64835  51.9003 320.4103 0001107 124.9219 235.1847 14.79928201 46256
AFR-1
1 56964U 23084AJ  26140.53909396  .00003279  00000-0  12163-3 0  9991
2 56964  97.6241 276.5767 0011994  79.1035 281.1553 15.28288280163009
IRIDIUM 140
1 43252U 18030D   26140.15828166 -.00000032  00000-0 -18391-4 0  9991
2 43252  86.3932 302.1582 0002088  89.9241 270.2194 14.34216718426173
KUIPER-00065
1 64525U 25134AB  26140.40643590  .00000399  00000-0  81331-4 0  9992
2 64525  51.9048 283.5752 0000667 106.3041 253.7994 14.79932367 50574
WEINA 1B
1 43279U 18034E   26140.50250557 -.00000089  00000-0  17298-5 0  9993
2 43279  63.3927 163.0997 0272794   7.7297 352.7805 13.45368778398489
ONEWEB-0653
1 55815U 23029V   26140.37061174 -.00000096  00000-0 -29238-3 0  9996
2 55815  87.8938 295.2572 0001889  95.3364 264.7981 13.14501531155740
KUIPER-00038
1 63750U 25088AC  26140.30699940  .00001184  00000-0  18439-3 0  9999
2 63750  51.9010 141.4124 0000557  71.0822 289.0200 14.79921083 58124
COSMOS 926
1 10137U 77062A   26140.21217069  .00000063  00000-0  51806-4 0  9998
2 10137  82.9437  28.3178 0033830  86.7089  30.4905 13.72570246446384
KUIPER-00459
1 68872U 26095J   26140.93689415  .00019571  00000-0  55921-3 0  9999
2 68872  51.8703  14.3773 0010986 202.8379 157.2120 15.35949631  3532
ONEWEB-0221
1 48789U 21045Y   26140.63514491  .00000197  00000-0  49024-3 0  9993
2 48789  87.8998 264.6788 0001713  96.3035 263.8290 13.15550270240753
COSMOS 1133
1 11541U 79084D   26140.48886388 -.00000017  00000-0 -91166-5 0  9994
2 11541  74.0245 325.6550 0027749  49.9608 338.7494 12.50883462 64329
KUIPER-00413
1 68928U 26098K   26140.47802273 -.00025026  00000-0 -83218-3 0  9996
2 68928  51.8736 201.7780 0024905  63.2959 297.0570 15.29966136  3083
YAOGAN-39 05C
1 58559U 23194C   26140.54971925  .00004163  00000-0  20514-3 0  9995
2 58559  34.9919 253.5798 0012445 154.8459 205.2862 15.17336241135928
LUNA-1
1 66777U 25276DR  26140.64997902  .00006500  00000-0  28616-3 0  9991
2 66777  97.4258 215.3121 0001126  18.0748 342.0528 15.22180460 26273
COSMOS 643
1 07267U 74024C   26140.28088444 -.00000019  00000-0 -19395-4 0  9993
2 07267  74.0152 154.6216 0081707  87.2192 285.8620 12.61592192398111
KUIPER-00118
1 65154U 25171Y   26140.47662869  .00001892  00000-0  27726-3 0  9995
2 65154  51.8999 218.1442 0000427 104.2105 255.8905 14.79910063 43272
CFOSAT
1 43662U 18083A   26140.51074443  .00002118  00000-0  11204-3 0  9995
2 43662  97.3611 145.8575 0001496  62.6188 297.5197 15.16509778418244
LEMUR 2 ESPERANZA
1 63352U 25061B   26140.82627398  .00002633  00000-0  15088-3 0  9990
2 63352  97.5633 116.4826 0018568   4.9298 355.2112 15.13348034 63451
COSMOS 1622
1 15474U 85003F   26140.32312728  .00000013  00000-0  11406-4 0  9998
2 15474  82.6059 102.5742 0008007 234.1265 247.7400 12.63800522907012
COSMOS 1618
1 15470U 85003B   26140.37528078  .00000006  00000-0 -24485-4 0  9990
2 15470  82.6009 110.8264 0003751 301.6338 211.5469 12.62994682905861
YUNYAO-1 45
1 63346U 25059C   26140.51453384  .00002402  00000-0  14811-3 0  9995
2 63346  97.6121 322.1656 0014558 250.0586 109.9075 15.10834154 64120
SHIJIAN 6 03A (SJ-6 03A)
1 33408U 08053A   26140.54328788  .00006543  00000-0  33538-3 0  9995
2 33408  97.8424 172.9073 0013121 105.7853 254.4827 15.16861038958777
COSMOS 883
1 09610U 76122A   26140.31242240  .00000050  00000-0  35466-4 0  9998
2 09610  82.9509 285.3450 0033042 293.4285  66.3399 13.76357537481133
YAOGAN 2
1 31490U 07019A   26140.55369508  .00000444  00000-0  62153-4 0  9991
2 31490  98.2678   0.2316 0020706   6.9903 353.1594 14.82628179 23523
HULIANWANG DIGUI-48
1 65051U 25162J   26140.50844337 -.00000090  00000-0  73403-4 0  9991
2 65051  50.0056   4.7330 0000519  21.6115 338.4779 13.29323674 39680
GONETS M 20
1 47227U 20091A   26140.47613418  .00000148  00000-0  99603-3 0  9994
2 47227  82.5029 319.6665 0020092 239.7919 120.1171 12.42893380247634
NINGXIA-1 8
1 49020U 21064C   26140.51412743  .00000086  00000-0  12587-3 0  9998
2 49020  44.9958 351.0727 0007114 112.4867 247.6724 14.08534828250320
KUIPER-00270
1 67791U 26030AD  26140.56623663  .00004366  00000-0  13286-3 0  9993
2 67791  51.8813 232.8299 0010580 317.8381  42.1791 15.36112401 16137
GRUS-1C
1 47933U 21022B   26140.55231253  .00001060  00000-0  92228-4 0  9996
2 47933  97.5395  24.5731 0014967  58.7579 301.5108 14.98918069281763
KUIPER-00375
1 68868U 26095E   26140.38088667  .00023943  00000-0  62609-3 0  9994
2 68868  51.8856  16.6742 0001621 164.0511 196.0528 15.38624716  3451
HAWK-2B
1 47508U 21006CZ  26140.50224478  .00005025  00000-0  15340-3 0  9996
2 47508  97.2207 184.4076 0005209 310.5452  49.5337 15.34346592295255
GAOFEN 12-05
1 61571U 24186A   26140.50310091  .00000204  00000-0  33142-4 0  9996
2 61571  97.9099 149.0142 0001902  65.2416 294.8994 14.80932470 85244
ASAP-S
1 38013U 11076G   26140.29286928  .00007659  00000-0  31548-3 0  9990
2 38013  98.0192  68.5504 0004811 246.6707 113.4023 15.24414001788582
ONEWEB-0190
1 48796U 21045AF  26140.62565281  .00000100  00000-0  23259-3 0  9999
2 48796  87.8989 264.6893 0001526  77.6872 282.4429 13.15549144240749
ONEWEB-0202
1 48224U 21031Q   26140.34524514  .00000204  00000-0  51519-3 0  9998
2 48224  87.8943 295.2618 0001121  95.1480 264.9778 13.14501619244707
PICO-01A003
1 58326U 23174BY  26140.48677017  .00014913  00000-0  31929-3 0  9999
2 58326  97.3792 225.3648 0004562 251.2697 108.8056 15.44873080141130
BLACK KITE-1
1 66741U 25276CD  26140.53510834  .00005526  00000-0  25876-3 0  9997
2 66741  97.4248 214.6802 0007304  91.2236 268.9836 15.20105099 23526
SPACEMOBILE-006
1 67232U 25309A   26140.20134798  .00000805  00000-0  54115-4 0  9999
2 67232  52.9953  99.7981 0011984  50.6945 309.5109 15.18360440 22340
SIGI
1 62632U 25009Z   26140.49554639  .00004054  00000-0  16884-3 0  9996
2 62632  97.4003 221.0267 0004542  66.0285 294.1428 15.24286109 74588
SKYBEE-A01
1 62671U 25009BQ  26140.45284963  .00001657  00000-0  78102-4 0  9993
2 62671  97.3991 219.5286 0006884  76.7131 283.4872 15.20855525132127
SPACEVAN-002
1 68424U 26067J   26140.32947734  .00000093  00000-0  78206-5 0  9997
2 68424  97.4507  99.1805 0003687 113.2747 246.8875 15.18049272  7713
NUSTAR
1 38358U 12031A   26140.58335647  .00005882  00000-0  31267-3 0  9993
2 38358   6.0254 241.1593 0007174  56.5491 180.9398 15.08506616  1300
ONEWEB-0191
1 48239U 21031AF  26140.83049125 -.00000159  00000-0 -46424-3 0  9998
2 48239  87.8940 295.1525 0001999  99.4265 260.7091 13.14500933244572
JILIN-01 KUANFU 02B 5
1 61193U 24169E   26140.53870448  .00002744  00000-0  17869-3 0  9995
2 61193  97.5563 230.6215 0013786  31.0366 329.1675 15.08694415 91668
GCOM W1
1 38337U 12025A   26140.36905730  .00000283  00000-0  72764-4 0  9993
2 38337  98.2012  81.3485 0001755  95.8158  18.4574 14.57094696744983
COSMOS 2257
1 22692U 93038F   26140.34336115  .00000025  00000-0  82153-4 0  9993
2 22692  82.5782 256.3825 0009061  61.8830 298.3176 12.62259339516277
EZIE-B
1 63250U 25052AS  26140.23156806  .00002379  00000-0  21162-3 0  9990
2 63250  97.6924  32.9040 0002092 299.7199  60.3814 14.97033342 64482
COSMOS 714
1 07681U 75016D   26140.32470786 -.00000011  00000-0  33545-4 0  9998
2 07681  74.0047 353.3434 0029763 189.7376 343.4902 12.49302960336046
COSMOS 1431
1 13763U 83002C   26140.59463187 -.00000009  00000-0  46408-4 0  9995
2 13763  74.0227  94.8633 0011841 316.3575 218.4844 12.47749950973741
ONEWEB-0715
1 55176U 23004AN  26140.41705373 -.00000175  00000-0 -52945-3 0  9999
2 55176  87.8919  26.5930 0001203  93.8999 266.2267 13.11418204162225
TOMORROW-S8
1 66308U 25248R   26140.63829315  .00002677  00000-0  13398-3 0  9993
2 66308  45.3987 268.9149 0005742 239.4237 120.6083 15.20242633 30324
COSMOS 621
1 06989U 73104E   26140.41788900 -.00000028  00000-0 -69205-4 0  9995
2 06989  74.0260 143.3515 0051002 247.3819 265.2494 12.54676984400779
GEESAT 1-09
1 52793U 22058J   26140.47320043  .00002598  00000-0  22539-3 0  9997
2 52793  49.9982 313.6083 0006549  61.4169 298.7434 15.00319894216088
ONEWEB-0689
1 61597U 24188D   26140.41875633 -.00000233  00000-0 -69319-3 0  9992
2 61597  87.8934  26.5708 0001709  90.9603 269.1721 13.11417436 80817
USA 55
1 20547U 90028B   26140.42862454  .00003401  00000-0  71893-4 0  9995
2 20547  94.0871 127.8226 0053149 239.0678 120.5348 15.43825253997606
YAOGAN-40 01C
1 57833U 23139D   26140.52451491  .00000130  00000-0  60301-4 0  9996
2 57833  85.9896 271.6298 0002393 114.5529 245.5904 14.12442754138906
S80/T
1 22078U 92052C   26140.50829728 -.00000052  00000-0  38322-4 0  9991
2 22078  66.0858 326.4597 0016439 287.7173  72.2051 12.86852565586675
AE5RC
1 66677U 25276M   26140.47788049  .00008149  00000-0  35835-3 0  9993
2 66677  97.4184 214.7521 0006903 110.4954 249.7024 15.22120134 26233
ONEWEB-0607
1 54671U 22166AF  26140.57267948  .00000153  00000-0  33952-3 0  9995
2 54671  87.9259 249.4632 0002086  96.1774 263.9598 13.21828014167898
JILIN-01 KUANFU 02B 1
1 61189U 24169A   26140.52719241  .00002935  00000-0  19138-3 0  9995
2 61189  97.5564 230.4728 0004009 126.1510 234.0090 15.08665672 91653
IRIDIUM 135
1 43070U 17083A   26140.45346282  .00000011  00000-0 -32267-5 0  9998
2 43070  86.3953 333.6153 0002059  88.3392 271.8040 14.34217519440178
LT-1 01B
1 51822U 22018A   26140.51723791  .00000359  00000-0  44565-4 0  9994
2 51822  97.8088 148.3265 0001617  92.4781 267.6621 14.88420478229598
COSMOS 2570
1 58148U 23165A   26140.54632311 -.00000053  00000-0  16215-4 0  9999
2 58148  67.1506 356.6093 0006484 279.2332  80.8019 13.96675992130776
NINGXIA-1 2
1 44780U 19076B   26140.51753980 -.00000025  00000-0  68167-4 0  9997
2 44780  45.0093 303.8353 0006666  13.5968 346.5045 14.02053083333975
COSMOS 1013
1 10930U 78056A   26140.36139839 -.00000021  00000-0 -47924-4 0  9999
2 10930  74.0243 166.3243 0047409  84.7019 287.6515 12.37818600166725
DMSP 5D-2 F14 (USA 131)
1 24753U 97012A   26140.49619352  .00000061  00000-0  52542-4 0  9991
2 24753  98.7597 189.4844 0009088 163.6163 196.5306 14.16763441504373
COSMOS 1056
1 11133U 78109F   26140.52846318  .00000005  00000-0  14544-3 0  9990
2 11133  74.0167 224.1057 0020044 355.4901  16.3433 12.44516139155900
ALISIO-1
1 58562U 23185M   26140.48295314  .00002524  00000-0  13170-3 0  9992
2 58562  97.5371 213.9883 0007605  61.6144 298.5855 15.16843551134351
TIANMU-1 15
1 58700U 24004A   26140.50809207  .00003847  00000-0  14924-3 0  9999
2 58700  97.4673 326.6992 0008598  88.4956 271.7267 15.26700042131559
COSMOS 1833
1 17589U 87027A   26140.57089385  .00000090  00000-0  73632-4 0  9996
2 17589  70.9140 174.9207 0022406 101.0315 259.3328 14.13033225 20477
KANOPUS-V 4
1 43181U 18014B   26140.51487126  .00001922  00000-0  85119-4 0  9990
2 43181  97.3611  46.7514 0002070  82.8282 277.3190 15.22824763460528
AETHER-2
1 58299U 23174AV  26140.48218267  .00004222  00000-0  12994-3 0  9999
2 58299  97.3898 223.7095 0005750 240.8633 119.2035 15.34196374140986
IRIDIUM 105
1 41921U 17003E   26140.52727769  .00000193  00000-0  62021-4 0  9994
2 41921  86.3968  68.4318 0002377  91.2423 268.9045 14.34215934491171
SKYCRAFT 4A
1 64897U 25154J   26140.41833268  .00003876  00000-0  34797-3 0  9996
2 64897  97.6717 205.3886 0004955  14.3620 345.7741 14.96291283 43232
COSMOS 944
1 10290U 77079F   26140.41180575 -.00000007  00000-0  58511-4 0  9998
2 10290  74.0271  13.2410 0005936 214.0937 319.2015 12.49706937199913
GLOBAL-14
1 49469U 21106A   26140.56993871  .00017645  00000-0  31958-3 0  9995
2 49469  42.0043  95.0276 0015836 197.9266 162.1021 15.49144189253840
ORBCOMM FM 28
1 25482U 98053H   26140.42591749  .00000432  00000-0  18400-3 0  9995
2 25482  45.0065  44.3581 0003149 201.5019 158.5698 14.39161368446922
QIANFAN-127
1 69073U 26104A   26140.54564861  .00000095  00000-0  34116-4 0  9993
2 69073  88.9870 344.7834 0003599 179.6653 180.4543 14.25519599  1166
COSMOS 2389
1 27436U 02026A   26140.37609431  .00000045  00000-0  31265-4 0  9998
2 27436  82.9518 189.5696 0045664 338.9400  31.6904 13.75170436203299
OPS 0054 (DMSP 5A F1)
1  4331U 70012A   26140.44651549  .00000090  00000-0  47659-4 0  9996
2  4331  99.0077 317.8648 0058035  51.3708 309.2650 14.34623222933208
ONEWEB-0307
1 49189U 21083D   26140.50716260  .00000291  00000-0  76291-3 0  9995
2 49189  87.8941 325.7506 0001890  93.7365 266.3980 13.13468409227294
ONEWEB-0420
1 50495U 21132AC  26140.55324383  .00000025  00000-0  31775-4 0  9992
2 50495  87.9162 340.9604 0001716  82.6638 277.4689 13.18687589217933
IRIDIUM 125
1 42964U 17061K   26140.20026277  .00000046  00000-0  95022-5 0  9992
2 42964  86.3994  37.0764 0002741  84.8909 275.2600 14.34217170450848
COSMOS 962
1 10459U 77107A   26140.52000171  .00000021  00000-0  62067-5 0  9999
2 10459  82.9495 160.0520 0028234 186.4681 336.1227 13.74903414435591
COSMOS 789
1  8591U 76005A   26140.46965169  .00000069  00000-0  58574-4 0  9998
2  8591  82.9759 225.8520 0028648 294.8796  76.4130 13.73201226521345
USA 77
1 21809U 91076E   26140.50566574  .00001922  00000-0  16238-3 0  9991
2 21809  63.2962 231.7153 0899185  74.1344 295.6845 13.56280850100519
POEM 2
1 56308U 23057A   26140.44491681  .00001581  00000-0  78271-4 0  9993
2 56308   9.8877 103.5486 0021222 259.3716 100.4105 14.94891774168103
ONEWEB-0638
1 55802U 23029G   26140.68618298 -.00000318  00000-0 -89318-3 0  9993
2 55802  87.8939 295.2399 0002301  88.4359 271.7035 13.14502499155787
YAOGAN-34 03
1 54249U 22154A   26140.51798392 -.00000073  00000-0  28985-4 0  9992
2 54249  63.4074 333.2553 0074053 355.3344   4.6983 13.45438934172532
BLUEWALKER 3
1 53807U 22111AL  26140.43344982  .00003102  00000-0  92433-4 0  9991
2 53807  53.2272 164.2296 0007439  87.6619 272.5238 15.37889358205931
GLOBALSTAR M063
1 26081U 00008A   26140.38130838 -.00000103  00000-0 -30585-3 0  9992
2 26081  51.9965 303.5106 0004236 229.3878 140.4685 11.86184032197599
TANSUO 1
1 28220U 04012A   26140.44913516  .00009533  00000-0  30185-3 0  9997
2 28220  97.8692 216.7327 0007176 116.5513 243.6465 15.32961073206845
ICEYE-X63
1 67372U 26004K   26140.24715419  .00000526  00000-0  62862-4 0  9994
2 67372  97.8003 139.3264 0003321 201.1774 158.9306 14.88242905 19143
COSMOS 681
1 07439U 74072E   26140.24822123 -.00000017  00000-0 -11367-4 0  9992
2 07439  74.0360  52.4694 0003738  76.7467  41.6212 12.49072310355832
ONEWEB-0559
1 56060U 23043Q   26140.57603841  .00000103  00000-0  21812-3 0  9997
2 56060  87.9253 249.4667 0001751  98.2307 261.9025 13.21826384154603
ONEWEB-0662
1 55822U 23029AC  26140.33731091  .00000240  00000-0  61373-3 0  9997
2 55822  87.8930 295.3071 0001777  85.0734 275.0598 13.14504322155771
LEMUR 2 LIA-MARTIN
1 63248U 25052AQ  26140.14727936  .00002363  00000-0  20762-3 0  9993
2 63248  97.6919  33.0053 0001937 306.9130  53.1914 14.97520824 64489
KUIPER-00293
1 68593U 26072W   26140.50003471  .00009048  00000-0  54087-3 0  9999
2 68593  51.8803 312.3679 0012706 298.0388 223.1997 15.11692951  5315
IMS-1
1 32786U 08021D   26140.39520179  .00001989  00000-0  14802-3 0  9991
2 32786  97.9452 126.0476 0004513 166.2703 193.8646 15.04162952979027
ONEWEB-0671
1 55830U 23029AL  26140.16292154 -.00000042  00000-0 -13623-3 0  9996
2 55830  87.9147 310.5639 0001833  87.1541 272.9801 13.19726133155205
CUBESAT XI 5
1 28895U 05043F   26140.40793634  .00000795  00000-0  13338-3 0  9995
2 28895  98.2955 295.4528 0012837 295.7094  64.2787 14.72547895 97668
KUIPER-00147
1 65768U 25217G   26140.57150078  .00002736  00000-0  38776-3 0  9997
2 65768  51.8993  82.7298 0001351  63.9204 296.1898 14.79928040 35554
COSMOS 1136
1 11544U 79084G   26140.62802299 -.00000003  00000-0  86655-4 0  9992
2 11544  74.0240 200.4361 0015285  35.7259  37.9755 12.45310109120681
QIANFAN-111
1 68638U 26075C   26140.46429532  .00000028  00000-0  14155-4 0  9999
2 68638  88.9876 323.8716 0011548  88.0259 272.2231 13.79924027  6043
PROBA 1
1 26958U 01049B   26140.52274490  .00000458  00000-0  34014-4 0  9993
2 26958  97.9599 148.0916 0053937 215.0466 144.7207 15.07373850339458
HULIANWANG DIGUI-108
1 66918U 25285D   26140.55999523 -.00000085  00000-0  83666-4 0  9999
2 66918  50.0051 245.0803 0001037 196.6741 163.4098 13.29324990 22388
ONEWEB-0475
1 51655U 22012AK  26140.58157998  .00000055  00000-0  10732-3 0  9990
2 51655  87.9160  11.3619 0002292  70.1504 289.9875 13.17648666210052
HULIANWANG DIGUI-167
1 68659U 26076D   26140.60005447 -.00000013  00000-0 -51026-4 0  9998
2 68659  86.4985  53.2402 0002503  94.4398 265.7032 13.40455786  5710
KUIPER-00230
1 68579U 26072G   26140.50146248  .00017473  00000-0  47936-3 0  9999
2 68579  51.8775 310.6284 0001440 274.6598  85.4224 15.37351091  7124
COSMOS 2493 (SKRL 756)
1 39490U 13078A   26140.50610750  .00001753  00000-0  13165-3 0  9996
2 39490  82.4111 288.2655 0012415 343.6203  16.4619 15.01992711673801
CONNECTA IOT-15
1 67402U 26004AR  26140.70918330  .00001774  00000-0  91787-4 0  9990
2 67402  97.4568 139.9801 0005240  74.5259 285.6553 15.17531232 19569
ONEWEB-0512
1 54130U 22138T   26140.48356223  .00000047  00000-0  85415-4 0  9993
2 54130  87.9148 310.4967 0001857  81.6890 278.4453 13.19727101173157
TOMS EP
1 23940U 96037A   26140.40997959  .00000369  00000-0  87465-4 0  9990
2 23940  98.5086 308.4406 0024960 291.2606  68.5928 14.59875919587970
TECHSAT 1B
1 25397U 98043D   26140.45883706  .00000018  00000-0  28008-4 0  9995
2 25397  99.0064 132.5196 0000591 354.4500   5.6671 14.24422309447381
AEROCUBE 2
1 31133U 07012R   26140.49809988  .00000787  00000-0  14592-3 0  9995
2 31133  98.4360 124.7255 0072412  50.7576 310.0023 14.66615535 16294
SEDNA-1
1 60580U 24149DS  26140.44991959  .00004742  00000-0  32387-3 0  9995
2 60580  97.6624 221.0520 0010300  86.7354 273.5052 15.06614531 96218
ONEWEB-0442
1 51636U 22012Q   26140.33604124  .00000057  00000-0  11243-3 0  9990
2 51636  87.9159  11.4163 0002260  95.8319 264.3070 13.17650955210000
QIANFAN-101
1 66043U 25233L   26140.45181216  .00000192  00000-0  73053-4 0  9999
2 66043  89.0021  43.7486 0013013 229.6999 130.3059 14.26790847 30672
AETHER-1
1 58281U 23174AB  26140.72513050  .00091128  00000-0  64424-3 0  9991
2 58281  97.3812 233.1645 0005503 219.0296 141.0572 15.73721231141628
SHIYAN-33
1 68405U 26064A   26140.60474648  .00003402  00000-0  14459-3 0  9998
2 68405  97.4624 216.2643 0015078  49.4387 310.8160 15.23639000  8294
UPM/LBSAT
1 23607U 95033C   26140.61219994  .00000552  00000-0  72132-4 0  9993
2 23607  98.3047 110.9419 0004006 242.1344 117.9463 14.84721005661888
LEMUR-2-TARTIFLETTE
1 66784U 25276DZ  26140.93113944  .00005002  00000-0  42043-3 0  9993
2 66784  97.5247 212.5100 0013054 223.6973 136.3217 14.98659796 26110
ASTROCAST-0101
1 47430U 21006T   26140.43247783  .00182925  00000-0  12546-2 0  9995
2 47430  97.2298 207.9642 0002878 229.3277 130.7738 15.74176545295576
QIANFAN-56
1 62786U 25016B   26140.43611015  .00000099  00000-0  13505-3 0  9992
2 62786  88.9703  86.5455 0013623 251.3168 108.6504 13.51013190 68664
GLOBALSTAR M014
1 25306U 98023A   26140.45856190 -.00000071  00000-0  12956-3 0  9994
2 25306  51.9865  30.6743 0000361 298.7190 231.9359 11.65486083230493
YAOGAN 20A
1 40109U 14047A   26140.48896784 -.00000219  00000-0 -13674-3 0  9995
2 40109  63.3787  90.5604 0387856  14.5181 346.6619 13.45438364578715
KUIPER-00262
1 67788U 26030AA  26140.50003471 -.00025945  00000-0 -32764-2 0  9991
2 67788  51.8993 238.0755 0000196 338.8305  84.7957 14.81324559  1844
COSMOS 624
1  6992U 73104H   26140.53355623 -.00000014  00000-0  15737-4 0  9999
2  6992  74.0281 185.0161 0086698 243.1091 187.3116 12.61290465413404
YAOGAN-33
1 47302U 20103A   26140.51905609  .00000240  00000-0  60752-4 0  9990
2 47302  98.0452  22.9776 0002297 199.0903 161.0211 14.58855074287275
YUNHAI 2-2E
1 59284U 24052E   26140.48401596 -.00000070  00000-0  36618-4 0  9997
2 59284  50.0104  80.1788 0012067 321.5076  38.4977 14.27953496102979
QIANFAN-70
1 62800U 25016R   26140.50596602  .00000098  00000-0  13344-3 0  9991
2 62800  88.9725  86.6350 0013264 232.9379 127.0560 13.51012751 68670
YAOGAN-31 M
1 47857U 21020D   26140.51092562 -.00000197  00000-0 -16467-3 0  9995
2 47857  63.4071 329.1955 0172394   0.3649 359.7473 13.45445042254737
YAOGAN 9A
1 36413U 10009A   26140.48194020 -.00000003  00000-0  62586-4 0  9993
2 36413  63.3653  69.9113 0535256  21.5178 340.7449 13.45695385796242
ONEWEB-0197
1 48236U 21031AC  26140.82402713 -.00000007  00000-0 -53058-4 0  9994
2 48236  87.8938 295.1454 0002009 103.4171 256.7183 13.14501957244598
IRIDIUM 4
1 24796U 97020E   26140.39793897  .00000233  00000-0  71904-4 0  9997
2 24796  86.3978  32.1687 0002316  87.8275 272.3187 14.37142816520898
COSMOS 1470
1 14147U 83061A   26140.19848330  .00010942  00000-0  22002-3 0  9999
2 14147  82.4689  43.0097 0009497  99.1378 261.0945 15.46417291 98773
EOLE 1 (CAS-A)
1 05435U 71071A   26140.54208768  .00000150  00000-0  69040-4 0  9995
2 05435  50.1374 188.5600 0101631  76.3810 284.8415 14.60246113871954
COSMOS 415
1  5214U 71041E   26140.36322595 -.00000022  00000-0 -40800-4 0  9995
2  5214  74.0122 123.6290 0031789 354.1549   5.9125 12.47496525506213
YUNHAI 2-2C
1 59282U 24052C   26140.48275639 -.00000068  00000-0  37467-4 0  9992
2 59282  50.0088 259.8311 0006363  66.9245 293.2340 14.27953626110840
YAOGAN-40 01A
1 57830U 23139A   26140.52443454  .00000111  00000-0  49747-4 0  9993
2 57830  85.9894 272.3673 0001869  95.0283 265.1114 14.12441508138797
PICO-01B009
1 58287U 23174AH  26140.52779362  .00089773  00000-0  61766-3 0  9994
2 58287  97.3786 235.5210 0004814 203.7605 156.3438 15.74364948141805
GAOFEN-5
1 43461U 18043A   26140.38544806  .00000177  00000-0  46560-4 0  9995
2 43461  98.4557 111.3915 0002387 134.1148 226.0248 14.60583325427634
CYGFM03
1 41891U 16078H   26140.46463037  .00020532  00000-0  25933-3 0  9998
2 41891  34.9412  55.8502 0008130 279.8376  80.1431 15.58533205524642
YAOGAN-43 02B
1 60946U 24156B   26140.65047872  .00007260  00000-0  30346-3 0  9999
2 60946  34.9960  11.1991 0004700 258.4399 101.5788 15.22895306 95242
IRIDIUM 111
1 41926U 17003K   26140.63206405 -.00000014  00000-0 -11999-4 0  9992
2 41926  86.3945  99.8973 0002265  86.2336 273.9119 14.34217252489304
GLOBALSTAR M042
1 25679U 99019D   26140.43105491 -.00000026  00000-0  62020-3 0  9999
2 25679  51.9987 178.8907 0002956 272.8015  99.7826 12.22104199226492
YUNYAO-1 20
1 58760U 24009C   26140.55942441  .00006151  00000-0  31662-3 0  9992
2 58760  49.9777 300.6447 0004293 188.6525 171.4354 15.17615280130496
GHOST-5
1 59130U 24043AJ  26140.34386697  .00009408  00000-0  22166-3 0  9991
2 59130  97.5565 283.8102 0006601 322.0957  37.9824 15.42139177123225
ONEWEB-0326
1 49195U 21083K   26140.30721380  .00000018  00000-0  13722-4 0  9997
2 49195  87.9173 341.0037 0002138  90.0938 270.0439 13.18685159226323
COSMOS 1393
1 13380U 82073F   26140.64616043 -.00000017  00000-0 -58131-5 0  9991
2 13380  74.0129 103.8661 0007767  44.9929  65.4982 12.47264975995700
YAOGAN-39 01B
1 57728U 23130B   26140.53473594  .00003773  00000-0  19358-3 0  9990
2 57728  34.9951 324.2213 0009184 199.6047 160.4313 15.15979329151283
CBERS 2B
1 32062U 07042A   26140.34807435  .00000149  00000-0  58848-4 0  9994
2 32062  98.3913  85.4858 0032165  59.7425  55.5614 14.41458774980676
GEESAT 3-05
1 61015U 24159E   26140.47513762  .00001304  00000-0  18157-3 0  9995
2 61015  50.0027 211.8403 0013763 307.8043  52.1649 14.84101852 92667
FALCONSAT
1 26064U 00004D   26140.53748193  .00000053  00000-0  37123-4 0  9993
2 26064 100.1897  65.0569 0037577 135.4611 224.9601 14.37261852378794
TIANMU-1 12
1 58646U 23205B   26140.49757287  .00003745  00000-0  14554-3 0  9994
2 58646  97.3448 162.2560 0009172  88.0169 272.2120 15.26626947133280
QUIKSCAT
1 25789U 99034A   26140.38116121  .00000210  00000-0  60837-4 0  9993
2 25789  98.2729  21.3910 0095548   8.5452 351.7343 14.51709139408481
IRIDIUM 144
1 43249U 18030A   26140.39295397  .00000195  00000-0  62618-4 0  9996
2 43249  86.3934 302.0269 0002089  90.8445 269.2990 14.34216466426150
COSMOS 650
1  7281U 74028A   26140.52355763  .00000003  00000-0  97807-4 0  9996
2  7281  74.0428 230.4257 0020545 109.6918 261.8845 12.69567409412660
KUIPER-00415
1 68930U 26098M   26140.50832233  .00021842  00000-0  67581-3 0  9997
2 68930  51.8771 201.2542 0011069  41.3771 318.8051 15.33361348  3098
GLOBALSTAR M079
1 37188U 10054A   26140.34697919 -.00000097  00000-0  37785-4 0  9999
2 37188  52.0021 193.4205 0000144 231.1669 209.7847 12.62265751719034
KUIPER-00042
1 64503U 25134D   26140.50003471 -.00022923  00000-0 -29878-2 0  9992
2 64503  51.8992 283.0130 0000642 125.7405 193.4724 14.79936508  5633
ONEWEB-0025
1 45138U 20008H   26140.47935574  .00000642  00000-0  18018-2 0  9990
2 45138  87.8868  41.7591 0001739  95.5712 264.5613 13.10375208304941
GLOBALSTAR M061
1 25964U 99062D   26140.44593659 -.00000062  00000-0  29461-3 0  9994
2 25964  51.9813  43.2119 0005290 240.0751 290.8157 11.76777746160888
COSMOS 2040
1 20234U 89074C   26140.30300534  .00000033  00000-0  12299-3 0  9992
2 20234  82.5849 265.1678 0005366  38.0027  23.0920 12.62627082690113
HORYU 2
1 38340U 12025D   26140.58943836  .00002178  00000-0  22708-3 0  9997
2 38340  98.2144 272.4066 0006745 271.3643  88.6801 14.90878384744618
NOAA 6
1 11416U 79057A   26140.34684990  .00000152  00000-0  68155-4 0  9994
2 11416  98.5649 170.0308 0009458 348.0389  12.0571 14.35478818446960
KONDOR FKA 1
1 56756U 23074A   26140.49984718  .00002600  00000-0  12489-3 0  9993
2 56756  97.4427 335.4549 0001735  94.1117 266.0316 15.19719962165484
KINEIS-4E
1 63300U 25056A   26140.52088962  .00000940  00000-0  15604-3 0  9995
2 63300  97.9005 265.1856 0000803 184.5565 175.5636 14.72393390 63050
ONEWEB-0065
1 45164U 20008AK  26140.46939374  .00000280  00000-0  76511-3 0  9991
2 45164  87.8861  41.7890 0002114  88.0726 272.0643 13.10375332304254
POISK
1 36086U 09060A   26140.52007258  .00005164  00000-0  10084-3 0  9992
2 36086  51.6328  77.0641 0007497  79.3410 280.8422 15.49283153567236
ONEWEB-0563
1 55800U 23029E   26140.64240908  .00000417  00000-0  99385-3 0  9999
2 55800  87.9163 279.9755 0001786  91.8538 268.2800 13.20768525157507
OSCAR 36 (UOSAT 12)
1 25693U 99021A   26140.34410211  .00000102  00000-0  29987-4 0  9997
2 25693  64.5525 146.6263 0029804 226.5010 133.3619 14.84231806462714
JAY-D2
1 62665U 25009BJ  26140.50916203  .00002361  00000-0  10604-3 0  9996
2 62665  97.3890 219.4717 0005618  77.7356 282.4509 15.22127191 74528
YAOGAN 17B
1 39240U 13046B   26140.47728841 -.00000000  00000-0  88493-4 0  9993
2 39240  63.3846 162.3318 0424024  11.2637 349.7524 13.45469375624609
ONEWEB-0054
1 45158U 20008AD  26140.44129466 -.00000551  00000-0 -16156-2 0  9996
2 45158  87.8867  41.7872 0001833  81.1866 278.9469 13.10372398304394
GLOBAL-5
1 55983U 23041C   26140.34454811  .00010677  00000-0  28173-3 0  9998
2 55983  42.0027   3.8642 0005765 170.5157 189.5793 15.38436881177643
SUPERVIEW NEO 3-02
1 63208U 25051A   26140.49538582  .00006905  00000-0  28319-3 0  9995
2 63208  97.4513 219.9433 0000930 129.2178 230.9142 15.24568406 65624
FLOCK 4G 6
1 62660U 25009BD  26140.20849538  .00006453  00000-0  23204-3 0  9990
2 62660  97.3943 221.7886 0004775  83.5385 276.6398 15.28961594132227
JAY-C
1 62668U 25009BM  26140.51006361  .00002365  00000-0  10613-3 0  9999
2 62668  97.3961 219.8829 0006074  82.1726 278.0199 15.22145503132164
BUGSAT 1
1 40014U 14033E   26140.50184558  .00002537  00000-0  13783-3 0  9991
2 40014  98.0417 231.4398 0026651 275.3886  84.4304 15.15260930651646
COSMOS 679
1 07437U 74072C   26140.64316937 -.00000001  00000-0  10312-3 0  9995
2 07437  74.0349 267.5913 0028374 282.4598  77.3276 12.44422772347095
HULIANWANG DIGUI-18
1 62978U 25030H   26140.51078566 -.00000094  00000-0  63715-4 0  9993
2 62978  50.0079 334.7883 0001287  75.8439 284.2576 13.29324074 62181
COSMOS 708
1 07663U 75012A   26140.46362495 -.00000054  00000-0 -63803-4 0  9994
2 07663  69.2296 135.5231 0022904 139.5224  27.0539 12.68301609374018
CENTISPACE-1 S7
1 62576U 25007B   26140.50562286 -.00000057  00000-0  79234-4 0  9999
2 62576  54.9779  28.8093 0013100  19.9797 340.1669 13.80591441 70895
LEMUR-2 KATIE
1 67387U 26004AA  26140.41869386  .00001964  00000-0  21025-3 0  9994
2 67387  97.8043 139.7840 0003362 152.3995 207.7402 14.89837425 19175
COSMOS 2016
1 19921U 89028A   26140.30725303  .00000064  00000-0  50850-4 0  9997
2 19921  82.9637 208.1312 0038185 269.4368 158.3676 13.75341307862049
QIANFAN-137
1 69083U 26104L   26140.82313059 -.01892481  00000-0 -94384+0 0  9995
2 69083  88.9863 344.7506 0004533 178.5357 181.5848 14.20778626  1201
SURFSAT
1 23711U 95059B   26140.37807078 -.00000013  00000-0  59634-4 0  9991
2 23711 100.4968 169.6601 0368037 158.7770 214.1116 13.12855518463261
ONEWEB-0131
1 47277U 20100V   26140.13120315  .00000465  00000-0  12560-2 0  9990
2 47277  87.8954 356.2520 0001749  84.2087 275.9241 13.12441867261009
ORBCOMM FM 38
1 33060U 08031A   26140.28470252  .00000659  00000-0  10686-3 0  9991
2 33060  48.4385 146.6242 0004184  46.0503 314.0758 14.82984351964750
W-SERIES 4
1 64543U 25135R   26140.54419447  .01472415  19435-5  64631-3 0  9993
2 64543  97.4368 251.6406 0400405 179.5487 180.6209 15.45204906 50332
COSMOS 1617
1 15469U 85003A   26140.36995425 -.00000005  00000-0 -87265-4 0  9996
2 15469  82.6095 133.6437 0001839  53.9834  72.3233 12.62552360904923
PRATHAM
1 41783U 16059A   26140.41832453  .00000416  00000-0  81924-4 0  9996
2 41783  97.8323 138.4974 0030047 308.9665  50.8863 14.67153843515445
PUNCH-WFI03
1 63180U 25047C   26140.25221369  .00000301  00000-0  53029-4 0  9996
2 63180  97.9545 325.8093 0008659 256.6324 103.3919 14.74315758 63948
LPNTSAT-002
1 68409U 26065B   26140.39314964  .00004484  00000-0  21786-3 0  9995
2 68409  97.4036  21.4955 0015928  95.8630 264.4421 15.18834850  8026
RESOURCESAT 2A
1 41877U 16074A   26140.48090966  .00000299  00000-0  15651-3 0  9991
2 41877  98.7528 214.2103 0002869 136.8246 223.3156 14.21607053490369
COSMOS 717
1  7684U 75016G   26140.56640301 -.00000001  00000-0  10927-3 0  9996
2  7684  74.0043  69.6276 0034927  62.0224 110.9130 12.39834307318414
KUIPER-00145
1 65767U 25217F   26140.54043552  .00000420  00000-0  84061-4 0  9998
2 65767  51.8996  80.3792 0000843  89.5968 270.5091 14.79936824 35588
YAOGAN-31 L
1 47856U 21020C   26140.51086888 -.00000187  00000-0 -14954-3 0  9996
2 47856  63.4061 329.9062 0172305   0.5057 359.6113 13.45445921254689
BLUEBON
1 62688U 25009CH  26140.20092056  .00005832  00000-0  20187-3 0  9992
2 62688  97.3984 223.3848 0003096  91.1349 269.0246 15.30255679 74695
ONEWEB-0222
1 48775U 21045J   26140.59157203  .00000028  00000-0  41349-4 0  9993
2 48775  87.8998 264.6842 0001649  96.8749 263.2569 13.15547029240777
YUNYAO-1 47
1 63348U 25059E   26140.47973941  .00001583  00000-0  98541-4 0  9990
2 63348  97.6088 322.0322 0014544 251.4261 108.5389 15.10998725 64110
ASTROCAST-0401
1 55110U 23001DF  26140.21117100  .00006275  00000-0  23713-3 0  9993
2 55110  97.5552 232.8707 0006518 310.6797  49.3875 15.27338700186938
SKYSAT C2
1 41773U 16058D   26140.80465621  .00008326  00000-0  20123-3 0  9997
2 41773  97.0182 163.9422 0004864 129.1625 231.0055 15.41381573540830
FLOCK 4Q 33
1 58308U 23174BE  26140.47040252  .00024082  00000-0  34969-3 0  9998
2 58308  97.3856 231.5494 0005627 211.3243 148.7677 15.55792020141527
AEROCUBE 6A
1 40045U 14033AM  26140.43522922  .00003302  00000-0  28186-3 0  9992
2 40045  97.7225 307.6906 0040034 107.7764 252.7833 14.97766990642461
COSMOS 1694
1 16142U 85094E   26140.64175725  .00000018  00000-0  38852-4 0  9999
2 16142  82.6071 279.7946 0012351 127.4401 244.2187 12.63684358873186
FLOCK 4H 24
1 66727U 25276BP  26140.16432753  .00004400  00000-0  21052-3 0  9995
2 66727  97.4240 214.2362 0005658 107.8202 252.3650 15.19482146 26169
KUIPER-00263
1 68586U 26072P   26140.49851622  .00009959  00000-0  27561-3 0  9996
2 68586  51.8752 310.6091 0001089 238.2912 121.7968 15.37622450  7127
CHAMRAN-1
1 61072U 24165B   26140.54062124  .00002623  00000-0  16418-3 0  9997
2 61072  64.0743 133.0667 0051494 308.3475  51.3018 15.10837243 92486
ICEYE-X21
1 55049U 23001AS  26140.46723164  .00167209  12723-4  45672-3 0  9996
2 55049  97.3252 224.4243 0004903 182.8801 177.2447 15.94097442189182
ONEWEB-0195
1 48240U 21031AG  26140.35079866  .00000226  00000-0  57385-3 0  9993
2 48240  87.8954 295.2487 0001420 103.9050 256.2238 13.14503943244497
HAIYANG 3A
1 58349U 23176A   26140.53964263  .00000057  00000-0  35809-4 0  9990
2 58349  98.5465 218.8230 0010863 106.3924 253.8455 14.34163123131358
HULIANWANG DIGUI-08
1 62330U 24240H   26140.54403280  .00000061  00000-0  10819-3 0  9994
2 62330  86.5041 352.7217 0001274  85.2046 274.9233 13.24408326 68980
SHIYAN 20C (SY-20C)
1 54214U 22142A   26140.54559727 -.00000014  00000-0  47711-4 0  9994
2 54214  59.9980  31.7021 0008210 291.3154  68.7004 14.29511440185749
UNAMSAT
1 24305U 96052B   26140.34155362  .00000057  00000-0  44215-4 0  9990
2 24305  82.9351 100.8182 0029480 332.0585  27.8986 13.74081666488791
ONEWEB-0354
1 49217U 21083AH  26140.63400024  .00000123  00000-0  27126-3 0  9996
2 49217  87.9175 279.9326 0002008 110.4665 249.6684 13.20771356233173
YAOGAN 3
1 32289U 07055A   26140.53983150  .00000842  00000-0  91553-4 0  9999
2 32289  97.8165 170.6910 0001719  95.5777 264.5637 14.90659640  1754
COSMOS 2333
1 24297U 96051A   26140.13829548 -.00000201  00000-0 -80154-4 0  9995
2 24297  70.9066  33.9207 0024382 349.7340  10.3280 14.13840675532336
GLOBALSTAR M066
1 32265U 07048C   26140.28221878 -.00000109  00000-0 -11932-3 0  9999
2 32265  51.9558 138.0192 0004903 342.4854  30.8211 12.30388692856795
STERKH
1 35636U 09039B   26140.44892249  .00000093  00000-0  62359-4 0  9990
2 35636  82.9581  47.1071 0019315 332.5299  27.4843 13.90322377853203
TANSEI 1 (MS-T1)
1 04952U 71011A   26140.67266727  .00000062  00000-0 -42422-5 0  9994
2 04952  29.6651 123.0913 0079629 113.7708  53.1290 13.58637461744784
QIANFAN-6
1 60384U 24140F   26140.49293367  .00000077  00000-0  10027-3 0  9995
2 60384  88.9714 282.5569 0015157  98.1902 262.0969 13.51008306 88934
GAOFEN 3 03
1 52200U 22035A   26140.54787287  .00000161  00000-0  61996-4 0  9995
2 52200  98.4065 149.5292 0000993  81.6228 278.5075 14.42220189216863
SHIJIAN 6 04A (SJ-6 04A)
1 37179U 10051A   26140.53473051  .00008841  00000-0  44132-3 0  9993
2 37179  97.8293 162.7807 0017476 325.6433  34.3668 15.17619350852754
IPERDRONE.0
1 60520U 24149BE  26140.22940854  .00053415  00000-0  59674-3 0  9992
2 60520  97.3779 232.1515 0001042 354.9795   5.1452 15.62607062 98543
SERT 2
1 04327U 70009A   26140.59047705 -.00000007  00000-0  47577-4 0  9994
2 04327  99.2835  79.7861 0004782 353.3242 179.5832 13.58737232789656
STRIX-4
1 60352U 24137A   26140.31594302  .00012396  00000-0  40630-3 0  9990
2 60352  43.0153  83.4499 0015885 122.8799 237.3585 15.31469417 99749
ALSAT 2A
1 36798U 10035D   26140.46382720  .00000786  00000-0  12557-3 0  9991
2 36798  97.7627 144.1832 0001441  66.5477 293.5883 14.74435840849673
RUBIN 2
1 27605U 02058A   26140.62027175  .00000232  00000-0  49139-4 0  9995
2 27605  64.5533 215.3110 0079153 268.2249  90.9788 14.79410453260501
YAOGAN-30 C
1 42947U 17058C   26140.52813708  .00001676  00000-0  11986-3 0  9992
2 42947  34.9961 189.7242 0005348 318.6123  41.4181 15.04348565471650
QIANFAN-135
1 69081U 26104J   26140.82570419  .00000062  00000-0  21033-4 0  9997
2 69081  88.9814 344.7481 0004801 196.3053 163.7985 14.22771459  1209
TOPSAT
1 28891U 05043B   26140.62461405  .00000219  00000-0  50590-4 0  9996
2 28891  98.3046 278.5148 0015992  15.2081 344.9599 14.64512780 96565
ONEWEB-0252
1 48970U 21060D   26140.26887708  .00000045  00000-0  85264-4 0  9994
2 48970  87.9111 234.3133 0002141  95.5521 264.5854 13.16595623235983
ONEWEB-0424
1 50497U 21132AE  26140.50773867  .00000056  00000-0  11026-3 0  9994
2 50497  87.9173 340.9628 0001616  97.4995 262.6321 13.18687225217994
YAOGAN-30 E
1 43029U 17075B   26140.29899778  .00001598  00000-0  11998-3 0  9994
2 43029  34.9939  80.1932 0003703 336.6461  23.4079 15.02537760463163
VELOX C1
1 41166U 15077A   26140.61731122  .00016817  00000-0  28305-3 0  9998
2 41166  14.9831 297.8297 0004485 177.2590 182.7760 15.48707286578449
ARVAKER-2
1 64567U 25135AR  26140.56402598  .00000865  00000-0  87762-4 0  9999
2 64567  97.7706 255.0353 0002574  71.9223 288.2277 14.93429574 49750
KUIPER-00112
1 65150U 25171U   26140.42858889  .00001676  00000-0  24774-3 0  9995
2 65150  51.9014 198.3670 0000385 301.7864  58.3061 14.80114208 43546
CAPELLA-17 (ACADIA)
1 64583U 25135BH  26140.56510301  .00003844  00000-0  38989-3 0  9995
2 64583  97.7664 254.6017 0006578  94.1435 266.0535 14.91446021 49736
ONEWEB-0495
1 54115U 22138C   26140.23716694  .00000088  00000-0  18789-3 0  9995
2 54115  87.9146 310.5439 0001593  70.9461 289.1845 13.19726046173134
EO 1
1 26619U 00075A   26140.61603739  .00000355  00000-0  68694-4 0  9994
2 26619  98.1156  97.6517 0008204 207.4360 152.6413 14.69157831642545
EPIC ATHENA
1 64871U 25154C   26140.81049043  .00001032  00000-0  10198-3 0  9993
2 64871  97.6686 205.2607 0006144 350.7027   9.4079 14.94007692 44921
KUIPER-00076
1 64823U 25151H   26140.55242522  .00002002  00000-0  29151-3 0  9992
2 64823  51.9019 335.3168 0001248 122.8377 237.2705 14.79942630 46050
QIANFAN-76
1 63162U 25046D   26140.51248769  .00000121  00000-0  16827-3 0  9991
2 63162  88.9688 303.6708 0014449  36.3090 323.9039 13.51006672 68797
COSMOS 946
1 10292U 77079H   26140.32149133 -.00000001  00000-0  10469-3 0  9998
2 10292  74.0249 223.0192 0030227  68.9138   1.0682 12.44919718195435
S6 MICHAEL FREILICH
1 46984U 20086A   26140.52467235 -.00000050  00000-0  46207-4 0  9993
2 46984  66.0399 192.5082 0007892 270.1805  89.8306 12.80931400256782
HULIANWANG DIGUI-143
1 67441U 26007G   26140.53988797 -.00000093  00000-0  66901-4 0  9995
2 67441  50.0086 184.8072 0000704 260.0977  99.9815 13.29323633 17111
AISTECHSAT-2
1 43768U 18099L   26140.88227273  .00004103  00000-0  22232-3 0  9999
2 43768  97.4309 189.5173 0005726  50.4898 309.6839 15.15133463408147
ONEWEB-0111
1 47261U 20100D   26140.29723064  .00000041  00000-0  77569-4 0  9992
2 47261  87.8964 356.2072 0001867  82.7979 277.3362 13.12441591260901
KUIPER-00245
1 67150U 25301T   26140.66074359  .00001420  00000-0  21524-3 0  9997
2 67150  51.9014 124.8899 0000620  54.0305 306.0715 14.79937083 24141
GLOBALSTAR M082
1 38042U 11080C   26140.48686559 -.00000102  00000-0  11075-4 0  9993
2 38042  52.0090  58.8161 0000334  76.5062 100.3209 12.62269376666096
IRIDE FM5
1 66699U 25276AK  26140.67303084  .00005438  00000-0  25754-3 0  9998
2 66699  97.4201 214.6908 0005540 105.9674 254.2171 15.19727854 26242
MAUVE
1 66756U 25276CU  26140.48496823  .00005195  00000-0  24268-3 0  9994
2 66756  97.4209 214.6545 0003138  76.1547 284.0038 15.20236598 26223
HULIANWANG DIGUI-116
1 66955U 25287C   26140.32495479  .00000021  00000-0  15591-4 0  9999
2 66955  86.4866 291.6989 0001479 110.1753 249.9541 13.24409930 21657
COSMOS 841
1 09022U 76069A   26140.32362237  .00000065  00000-0  30998-4 0  9996
2 09022  74.0438 352.2147 0011881  81.4877 278.7622 14.36821412608379
COSMOS 1157
1 11692U 80012B   26140.51861969 -.00000020  00000-0 -25091-4 0  9993
2 11692  74.0189 166.3226 0038714  80.3354  85.7359 12.54568599118979
RASSVET-3 10
1 68369U 26061K   26140.46836996  .00093470  20293-5  26768-3 0  9997
2 68369  82.2950  43.1520 0014238 192.5089 167.5833 15.92889282  9182
TIANMU-1 03
1 55973U 23039A   26140.49242684  .00010879  00000-0  22168-3 0  9995
2 55973  97.5230 313.3972 0003280 170.9581 189.1727 15.46418996176551
LEMUR 2 KARENDARRELL
1 64841U 25135BU  26140.56570360  .00004230  00000-0  34769-3 0  9995
2 64841  97.7682 256.8322 0008091 312.9876  47.0668 14.99673146 49875
FLOCK 4H 18
1 66721U 25276BH  26140.44057477  .00004119  00000-0  19770-3 0  9997
2 66721  97.4180 214.3413 0005482 117.7167 242.4624 15.19406884 26200
LEMUR 2 HUBBLE-4
1 64565U 25135AP  26140.59568387  .00001566  00000-0  15353-3 0  9994
2 64565  97.7670 254.8396 0003178  45.8953 314.2528 14.93678450 49751
NINGXIA-1 7
1 49019U 21064B   26140.52744299 -.00000104  00000-0  16450-4 0  9997
2 49019  45.0040 352.2907 0006283 105.4801 254.6730 14.08546953250340
SENTINEL 2A
1 40697U 15028A   26140.52238062  .00000462  00000-0  19297-3 0  9996
2 40697  98.5685 215.7652 0001165  83.9535 276.1780 14.30816164569772
COSMOS 2061
1 20527U 90023A   26140.44046966  .00000052  00000-0  40420-4 0  9993
2 20527  82.9379 189.8576 0030507 344.7699  27.2247 13.72381655811002
FLOCK 4G 7
1 62624U 25009R   26140.18250112  .00008265  00000-0  29914-3 0  9998
2 62624  97.3943 221.6718 0004057  78.2648 281.9046 15.28659431 74628
ICEYE-X35
1 58302U 23174AY  26140.50056376  .00029688  00000-0  53279-3 0  9992
2 58302  97.3799 224.3635 0007479 283.3418  76.6999 15.49832877141056
KUIPER-00177
1 67766U 26030C   26140.60493280  .00002358  00000-0  33804-3 0  9997
2 67766  51.9007 255.1120 0000318  94.5344 265.5655 14.79947965 15824
CONNECTA IOT-5
1 62703U 25009CY  26140.49110076  .00000897  00000-0  89228-4 0  9992
2 62703  97.7027 219.6192 0003451 132.2121 227.9393 14.94094746 73235
HULIANWANG DIGUI-146
1 67522U 26013A   26140.56816077 -.00000113  00000-0  23055-4 0  9992
2 67522  50.0072  94.9441 0000931   7.7175 352.3712 13.29328001 16378
SATELIOT_1
1 60550U 24149CL  26140.17220025  .00001546  00000-0  13599-3 0  9994
2 60550  97.6762 216.5384 0007209 153.3354 206.8241 14.97947690 95874
IRIDE FM1
1 66695U 25276AF  26140.44218995  .00003498  00000-0  16307-3 0  9993
2 66695  97.4200 214.6860 0002298  83.9663 276.1834 15.20526169 26229
COSMOS 2301
1 23443U 94086C   26140.51337075  .00000016  00000-0  32412-4 0  9990
2 23443  82.5722 338.4810 0001441 183.3814 202.9640 12.62226489446413
ONEWEB-0143
1 47289U 20100AH  26140.56829989  .00000029  00000-0  44578-4 0  9995
2 47289  87.8960 356.1595 0001798  85.9773 274.1562 13.12443190261024
FLOCK 4H 25
1 66728U 25276BQ  26140.19506328  .00003649  00000-0  17101-3 0  9993
2 66728  97.4194 214.3984 0001845  81.8826 278.2618 15.20323610 25461
KUIPER-00208
1 67775U 26030M   26140.57590953  .00001158  00000-0  19533-3 0  9998
2 67775  51.8981 251.3749 0006717 310.4286  49.6089 14.76524042 15874
SDA_1674
1 65984U 25230L   26140.50908546  .00000270  00000-0  23259-3 0  9997
2 65984  81.3012 237.3122 0000961 265.5527  94.5519 13.83883997 29987
HULIANWANG DIGUI-118
1 66957U 25287E   26140.15876940  .00000034  00000-0  45672-4 0  9995
2 66957  86.4901 291.8049 0001470 107.0011 253.1284 13.24411272 21632
ONEWEB-0415
1 51624U 22012C   26140.44461507 -.00000619  00000-0 -18088-2 0  9994
2 51624  87.8860  41.7863 0001595  81.4720 278.6588 13.10373609205653
KUIPER-00290
1 68592U 26072V   26140.49011405  .00017490  00000-0  49410-3 0  9996
2 68592  51.8638 311.2482 0011763 286.1081  73.8610 15.36378583  7111
COSMOS 2067
1 20552U 90029D   26140.48704500 -.00000001  00000-0  90772-4 0  9996
2 20552  73.9839  48.1547 0040306 202.5234 331.9262 12.57937596658712
TIANQI 23
1 57794U 23135C   26140.47972792  .00000051  00000-0  92426-4 0  9999
2 57794  49.9725 269.1142 0014342 162.8223 197.3177 14.23141189140681
OSCAR 32
1 19071U 88033B   26140.43151090  .00000051  00000-0  83413-4 0  9995
2 19071  90.3307  21.5469 0189764  85.7986  86.0657 13.27976881843714
SPOQC
1 68423U 26067H   26140.11468159  .00003299  00000-0  16293-3 0  9999
2 68423  97.4496  98.9963 0002347  73.2700 286.8792 15.18565867  7688
FLOCK 4G 35
1 62683U 25009CC  26140.49428818  .00021792  00000-0  58848-3 0  9995
2 62683  97.3966 223.8689 0004497  75.0724 285.1019 15.37766925132412
FOSSASAT2E24
1 66780U 25276DV  26140.27613006  .00002347  00000-0  11645-3 0  9993
2 66780  97.4181 214.1002 0003686 208.4510 151.6524 15.18677558 26175
COSMOS 2553
1 51511U 22011A   26140.50261057 -.00000059  00000-0 -64251-3 0  9995
2 51511  67.0946  49.0353 0003958 274.1671  85.8819 11.32845978177309
ONEWEB-0590
1 54656U 22166Q   26140.59273067  .00000063  00000-0  12131-3 0  9995
2 54656  87.9259 249.4602 0002171 113.1618 246.9745 13.21825176167880
ONEWEB-0410
1 51622U 22012A   26140.57651621 -.00000035  00000-0 -12357-3 0  9990
2 51622  87.9169  11.3447 0002972 102.0153 258.1311 13.17650606210065
WILDFIRE 1
1 57764U 23133H   26140.45220205  .00000084  00000-0  63410-4 0  9994
2 57764  81.0016  33.6209 0007485  76.1379 284.0609 13.85725864137219
COSMOS 1680
1 16011U 85079A   26140.36189134  .00000069  00000-0  33999-4 0  9998
2 16011  74.0546  15.6854 0015376 199.6505 160.4057 14.34152986127818
ONEWEB-0347
1 49280U 21090B   26140.62050334  .00000119  00000-0  25995-3 0  9995
2 49280  87.9170 279.9377 0001974  91.6527 268.4832 13.20770724227403
YAOGAN-36 03B
1 54374U 22160C   26140.53014875  .00003090  00000-0  13895-3 0  9991
2 54374  34.9911 179.2025 0009508 265.7471  94.2156 15.20623705193519
YAOGAN-39 02C
1 57890U 23145E   26140.39528816  .00003590  00000-0  17656-3 0  9994
2 57890  34.9950  37.7006 0005421 178.8912 181.1813 15.17501818148634
FORTE
1 24920U 97047A   26140.56535982  .00000094  00000-0  61021-4 0  9997
2 24920  69.9533  76.4098 0023993 311.0626  48.8423 14.27932357494743
LEMUR 2 SQUIRRELCOMM
1 60578U 24149DQ  26140.50033498  .00004706  00000-0  32018-3 0  9995
2 60578  97.6712 221.5064 0006637 137.7206 222.4534 15.06788274 96238
DUMMY MASS 2
1 24926U 97048B   26140.07203631  .00000215  00000-0  20809-4 0  9997
2 24926  86.3339 341.1138 0009201  54.8766 305.3320 14.87075928554962
HULIANWANG DIGUI-02
1 62324U 24240B   26140.50618439  .00000033  00000-0  41866-4 0  9993
2 62324  86.5034 352.7318 0001567  78.2237 281.9072 13.24408941 68988
YAOGAN-39 04A
1 58141U 23163A   26140.50705998  .00005006  00000-0  20885-3 0  9997
2 58141  34.9995 158.8213 0004542 128.0846 232.0279 15.23050449143356
LANDSAT 1 (ERTS 1)
1  6126U 72058A   26140.33179558 -.00000258  00000-0 -14976-3 0  9998
2  6126  99.3381 169.6056 0007516 336.0437  24.0375 13.97833719744061
ONEWEB-0558
1 56059U 23043P   26140.58781514  .00000213  00000-0  48461-3 0  9991
2 56059  87.9251 249.4702 0001735 107.4007 252.7317 13.21823395154590
TIANMU-1 09
1 57401U 23101C   26140.50993016  .00004287  00000-0  15264-3 0  9992
2 57401  97.2552 191.0235 0002000 204.1403 155.9744 15.29473744157415
FENGYUN 3F
1 57490U 23111A   26140.49270469  .00000021  00000-0  30462-4 0  9999
2 57490  98.6841 211.0158 0001372 112.1699 247.9623 14.19933652144930
GEESAT 3-08
1 61018U 24159H   26140.51241174  .00000880  00000-0  13126-3 0  9997
2 61018  50.0050 211.4283 0027874 346.2527  13.7650 14.84124782 92662
IRIDIUM 131
1 43079U 17083K   26140.28221274  .00000001  00000-0 -66802-5 0  9992
2 43079  86.3959 333.8466 0002049  90.2736 269.8694 14.34217433440105
ORBCOMM FM 22
1 25476U 98053B   26140.27875880  .00000439  00000-0  18534-3 0  9997
2 25476  45.0065 103.9438 0000939  92.8933 267.2024 14.39396589445822
COSMOS 2390
1 27464U 02036A   26140.55013751  .00000043  00000-0  23120-3 0  9992
2 27464  82.4865   2.2402 0025100 321.1537  38.7739 12.44622240 84239
ZY-1 02D
1 44528U 19059A   26140.53600470  .00000258  00000-0  10449-3 0  9991
2 44528  98.3198 202.9975 0001318 149.3375 210.7888 14.35450787350378
COSMOS 1181
1 11803U 80039A   26140.32809345  .00000050  00000-0  37373-4 0  9992
2 11803  82.9437 236.3826 0021256 320.3114 100.0405 13.74202571306133
TIANQI 32
1 61198U 24170D   26140.46746164  .00000052  00000-0  12305-3 0  9991
2 61198  44.8608 261.0491 0008019 295.8128  64.1875 13.99152766 80652
FORMOSAT 3A
1 29047U 06011A   26140.63723291  .00000217  00000-0  96568-4 0  9994
2 29047  71.9781   7.8335 0049842 285.0053  74.5571 14.31373097 50465
ONEWEB-0412
1 50489U 21132W   26140.48581295 -.00000004  00000-0 -43638-4 0  9994
2 50489  87.9171 340.9698 0002021  79.8237 280.3123 13.18687650218006
IRIDIUM 159
1 43578U 18061K   26140.50813088  .00000042  00000-0  79863-5 0  9993
2 43578  86.3965  68.2777 0002280  87.0240 273.1217 14.34217741409411
YIJIAN
1 41899U 16081B   26140.38763172  .00000333  00000-0  78443-4 0  9996
2 41899  98.5377 137.4271 0021727  37.9483 322.3243 14.60726699500532
ONEWEB-0341
1 49207U 21083X   26140.06595978  .00000060  00000-0  11960-3 0  9994
2 49207  87.9167 341.0561 0001605 103.1575 256.9736 13.18684994226287
JAS 1 (FUJI 1)
1 16909U 86061B   26140.55478036 -.00000079  00000-0  13187-3 0  9997
2 16909  50.0148 238.3133 0011188  91.5062 282.1823 12.44486082808652
COSMOS 475
1 05846U 72009A   26140.59801370  .00000023  00000-0  45992-4 0  9995
2 05846  74.0475 176.2330 0021657  90.1518  80.7752 13.76417966723291
ORBCOMM FM 36
1 25984U 99065E   26140.41117445  .00000518  00000-0  21152-3 0  9995
2 25984  45.0393 291.4423 0004216 191.5418 168.5335 14.39141497382985
COSMOS 2230
1 22307U 93001A   26140.50073528  .00000057  00000-0  45107-4 0  9993
2 22307  82.9390 308.9834 0023292 240.5442 136.5976 13.73887474663285
MICROSCOPE
1 41457U 16025B   26140.48352611  .00000461  00000-0  10678-3 0  9994
2 41457  98.2450 153.3126 0001039  86.8340 273.2979 14.59536143534680
CARB
1 64899U 25156A   26140.21760522  .00000323  00000-0  58911-4 0  9999
2 64899  97.9834 217.8540 0016380   6.8406 353.3022 14.72292807 43857
QPS-SAR-5 TSUKUYOMI-I
1 58578U 23196A   26140.48297560  .00007660  00000-0  33704-3 0  9997
2 58578  42.0079 173.5921 0024283  96.0949 264.2653 15.21893089134025
HULIANWANG DIGUI-66
1 65172U 25174J   26140.51741704  .00000067  00000-0  12160-3 0  9998
2 65172  86.4907 261.2647 0001899  94.5520 265.5831 13.24403811 37127
COSMOS 2591
1 65267U 25182A   26140.52585641  .00064618  34443-5  15716-3 0  9994
2 65267  96.5862  72.2831 0002053 206.9826 153.1346 15.96383728 43282
GLOBALSTAR M065
1 31571U 07020A   26140.37094926 -.00000060  00000-0  24274-3 0  9998
2 31571  51.9896 279.9665 0009256 337.9102  46.6434 12.62030086875980
IONOSFERA-M 04
1 64877U 25155B   26140.47710250  .00000021  00000-0  29088-4 0  9993
2 64877  98.6009 103.0004 0000618  61.7391 298.3849 14.21483150 42464
COSMOS 2192
1 21981U 92030F   26140.55440564 -.00000001  00000-0  10127-3 0  9997
2 21981  74.0041  65.8421 0008304  53.0600 119.7141 12.46693879545669
COSMOS 2428
1 31792U 07029A   26140.46253093 -.00000248  00000-0 -10737-3 0  9992
2 31792  70.9396  52.6864 0007801 186.8523 173.2493 14.12936596974238
COSMOS 1827
1 17582U 87026A   26140.49261464  .00000028  00000-0  93313-4 0  9998
2 17582  82.5710 209.8543 0011634 213.1883 146.8481 12.65016624809147
KUIPER-00500
1 68882U 26095U   26140.50003471  .00051077  00000-0  18787-2 0  9990
2 68882  51.8825  16.5759 0005361 194.9918 243.8155 15.27368464  4684
KUIPER-00108
1 65146U 25171Q   26140.56024933 -.00000209  00000-0  15811-5 0  9996
2 65146  51.9012 202.8113 0000318  66.1784 293.9212 14.79927747 43500
SAC C
1 26620U 00075B   26140.51176038  .00000288  00000-0  66125-4 0  9994
2 26620  98.4978 151.5460 0001625  94.3333 265.8053 14.62894457356771
ONEWEB-0548
1 56050U 23043E   26140.53725047  .00000084  00000-0  18681-3 0  9993
2 56050  87.9101 234.2599 0002407  94.8394 265.3012 13.16594465155327
ONEWEB-0266
1 48984U 21060T   26140.54276909  .00000092  00000-0  20696-3 0  9994
2 48984  87.9106 234.2633 0002001 103.9461 256.1893 13.16596712235944
KUIPER-00105
1 65143U 25171M   26140.45356420 -.00000388  00000-0 -21919-4 0  9994
2 65143  51.8992 208.3155 0000395  91.8454 268.2554 14.79926157 43412
COSMOS 1741
1 16681U 86030A   26140.58263697  .00000062  00000-0  31501-4 0  9990
2 16681  74.0226  98.2395 0018196  24.0903 336.1096 14.33924193 95252
BLACKJACK ACES-1
1 56956U 23084AA  26140.42011622  .00004319  00000-0  21461-3 0  9993
2 56956  97.6168 275.2725 0001512  95.0028 265.1378 15.18201947112681
HULIANWANG DIGUI-59
1 65165U 25174B   26140.54768689  .00000025  00000-0  24034-4 0  9992
2 65165  86.4915 261.2386 0001865  97.9966 262.1379 13.24404072 37133
ICEYE-X52
1 64572U 25135AW  26140.46666869  .00001443  00000-0  14264-3 0  9996
2 64572  97.7713 255.0274 0003279  77.8937 282.2650 14.93446046 49747
VANGUARD 2
1 00011U 59001A   26140.53518092  .00000726  00000-0  36268-3 0  9996
2 00011  32.8738 189.8110 1445410 259.5327  83.9706 11.90432621532175
VANGUARD 3
1 00020U 59007A   26140.32398846  .00000258  00000-0  87993-4 0  9994
2 00020  33.3579   7.2531 1638370 264.2199  77.0118 11.61950445481376
EXPLORER 7
1    22U 59009A   26140.48899220  .00006628  00000-0  22922-3 0  9994
2    22  50.2405 237.0254 0079047  12.4005 347.8877 15.28189457796112
TIROS 1
1 00029U 60002B   26140.42950333  .00000114  00000-0  44302-4 0  9994
2 00029  48.3765 156.5601 0021767 150.6682 209.5458 14.78736574538024
TRANSIT 2A
1    45U 60007A   26140.50921257  .00000037  00000-0  35416-4 0  9999
2    45  66.6934  73.4062 0248685 181.1056 178.9531 14.35948539376070
SOLRAD 1 (GREB)
1    46U 60007B   26140.48254419  .00000210  00000-0  59041-4 0  9999
2    46  66.6880 303.7767 0200486 312.7069  45.7307 14.54841292452970
COURIER 1B
1    58U 60013A   26140.38274565  .00000109  00000-0  36961-4 0  9995
2    58  28.3285 280.8195 0164935 337.5567  21.7830 13.46429437230313
EXPLORER 11
1   107U 61013A   26140.23603850  .00001152  00000-0  11967-3 0  9995
2   107  28.7794 117.5909 0493976 227.2571 128.5406 14.22000795272516
TRANSIT 4A
1   116U 61015A   26140.45733534 -.00000027  00000-0  38120-4 0  9996
2   116  66.8096 318.6849 0081764 290.7121  68.5208 13.92326556292848
SOLRAD 3/INJUN 1
1 00117U 61015B   26140.53434939 -.00000036  00000-0  31932-4 0  9997
2 00117  66.8128  72.5600 0082581 313.7720  45.6545 13.90187673290217
TIROS 3
1 00162U 61017A   26140.93777104 -.00000071  00000-0  26116-4 0  9994
2 00162  47.8979 132.8898 0044150 219.6590 140.1071 14.45384656387839
TRANSIT 4B
1 00202U 61031A   26140.71930981  .00000026  00000-0  61752-5 0  9990
2 00202  32.4357 139.8789 0100946   6.1295 354.0541 13.63790701217243
TRAAC
1   205U 61031B   26140.52556911  .00000053  00000-0  38338-4 0  9992
2   205  32.4413 296.5301 0101550 123.0713 237.9706 13.62572263215291
TIROS 4
1 00226U 62002A   26140.41350296 -.00000085  00000-0  23999-4 0  9993
2 00226  48.2939 136.4922 0075617 138.1570 222.5143 14.47175579364423
TIROS 5
1 00309U 62025A   26140.49517371  .00000107  00000-0  52097-4 0  9992
2 00309  58.0909 321.5224 0178780 226.7220 131.8778 14.60630042377789
FTV 3502
1   369U 62039A   26140.45768486  .00000957  00000-0  95313-4 0  9995
2   369  98.4577 222.7875 0078280 217.4898 142.0845 14.92172332411472
TIROS 6
1 00397U 62047A   26140.58558202  .00000609  00000-0  74522-4 0  9995
2 00397  58.3039  11.3534 0013342 113.3159 246.9295 14.95947071408198
ALOUETTE 1 (S-27)
1   424U 62049A   26140.35400620  .00000062  00000-0  60509-4 0  9996
2   424  80.4657 283.9281 0022150 309.5395  50.3793 13.69585511177308
ANNA 1B
1 00446U 62060A   26140.25868747 -.00000131  00000-0 -10025-4 0  9997
2 00446  50.1409  96.1236 0070224 292.6654 208.0835 13.35362444 99976
EXPLORER 16
1   506U 62070A   26140.38725535 -.00000070  00000-0  47609-4 0  9995
2   506  52.0017 171.3655 0275479 249.8726 107.2363 13.85788143204903
TRANSIT 5B-1
1 00670U 63038B   26140.24634457  .00000054  00000-0  75861-4 0  9991
2 00670  89.9625 333.0106 0043384 113.3675 247.2046 13.44678917 70437
RADIATION SAT (5E 1)
1 00671U 63038C   26140.24984898  .00000051  00000-0  69228-4 0  9996
2 00671  89.9635 333.1261 0042102  71.5145 289.0571 13.45221527 71290
TRANSIT 5B-2
1   704U 63049B   26140.55809867  .00000059  00000-0  80410-4 0  9995
2   704  89.9244  70.6444 0035825  21.8967 151.5775 13.47123129 67603
TRANSIT 5E 3
1   705U 63049C   26140.56384793  .00000071  00000-0  10051-3 0  9990
2   705  89.9247  70.6126 0033166 338.0518 195.4527 13.47670815 68371
TIROS 8
1   716U 63054A   26140.33897301  .00000101  00000-0  44604-4 0  9993
2   716  58.4922 139.4223 0017669 210.1284 149.8741 14.73146389311619
GGSE 1 (GGRS)
1   728U 64001B   26140.34093019  .00000044  00000-0  69266-4 0  9991
2   728  69.9078 263.5472 0012587  11.7359 348.4038 13.97770394175784
SECOR 1B
1 00729U 64001C   26140.93690325 -.00000011  00000-0  31594-4 0  9998
2 00729  69.9016 351.2784 0011592 117.6192 242.6091 13.95223135172903
SOLRAD 7A
1   730U 64001D   26140.22426019  .00000002  00000-0  40264-4 0  9992
2   730  69.9065 336.9488 0011350  64.5171  50.7325 13.96052619 56737
GREB
1 00731U 64001E   26140.27434742 -.00000010  00000-0  31737-4 0  9995
2 00731  69.9060 327.0463 0011505  58.7596 301.4634 13.96305853173689
OPS 3367 A
1   734U 64002B   26140.52759920  .00000054  00000-0  39634-4 0  9996
2   734  98.9793  69.8328 0013348 267.0578  92.9075 14.29693937244815
OPS 3367 B
1   735U 64002C   26140.52746126  .00000047  00000-0  37557-4 0  9995
2   735  98.9830  64.4421 0017038  30.2298 329.9862 14.28574085242762
OPS 4412 (TRANSIT 9)
1   801U 64026A   26140.40595257  .00000274  00000-0  12961-3 0  9992
2   801  90.4547 186.5599 0049780 112.6488 247.9976 14.17055856182211
OPS 4467 A
1   812U 64031A   26140.36636943  .00000020  00000-0  31907-4 0  9994
2   812  99.8176 292.4375 0005852 157.5447 202.5986 14.24590017212334
OPS 4467 B
1   813U 64031B   26140.39151080  .00000017  00000-0  31157-4 0  9995
2   813  99.8248 289.9331 0004514 251.2332 108.8353 14.23708676210972
EXPLORER 20
1 00870U 64051A   26140.42111950  .00000061  00000-0  40499-4 0  9994
2 00870  79.8968 308.9612 0096823 356.9689   3.0867 13.91785303129575
COSMOS 44
1 00876U 64053A   26140.49112303 -.00000004  00000-0  21985-4 0  9999
2 00876  65.0609  47.5551 0152032 272.8585  85.5127 14.65722731284613
OPS 5798 (TRANSIT 5B-4)
1 00897U 64063B   26140.57542895  .00000055  00000-0  68526-4 0  9992
2 00897  90.2359  74.8513 0017530 258.0429 275.6250 13.53732560 41487
EXPLORER 22
1 00899U 64064A   26140.39134599  .00000112  00000-0  92500-4 0  9996
2 00899  79.6888 157.4245 0118244 277.6416  81.1318 13.83045119101138
CALSPHERE 1
1 00900U 64063C   26140.56965625  .00000482  00000-0  48160-3 0  9991
2 00900  90.2234  71.1194 0027558  20.8974 160.8685 13.76589142 67622
CALSPHERE 2
1 00902U 64063E   26140.61573168  .00000057  00000-0  72411-4 0  9991
2 00902  90.2369  75.1312 0017086 312.0750 223.5605 13.52897784852531
EXPLORER 25 (INJUN-4)
1   932U 64076B   26140.18525447  .00000320  00000-0  11168-3 0  9991
2   932  81.3424  40.0450 1118239 331.9412  22.5467 12.67206305815584
OPS 6582 (TRANSIT 5E-5)
1 00959U 64083C   26140.41808106  .00000111  00000-0  12956-3 0  9994
2 00959  90.0088 187.3042 0042900  28.2629 343.4768 13.62485823 46433
OPS 6582 (TRANSIT 5B-5)
1   965U 64083D   26140.43254957  .00000060  00000-0  71716-4 0  9995
2   965  90.0786 202.8156 0041467   2.0637   9.3298 13.57009986 39850
TIROS 9
1   978U 65004A   26140.45851028  .00000113  00000-0  14884-3 0  9998
2   978  96.3990 303.8563 1158717  94.9805 278.4266 12.11146504708257
SECOR 3
1 01208U 65016E   26140.35179002  .00000010  00000-0  45520-4 0  9990
2 01208  70.0797 243.3865 0018084 126.8621 291.1753 13.96075777115288
GGSE 2
1  1244U 65016B   26140.55487878  .00000022  00000-0  54007-4 0  9998
2  1244  70.0794 245.1808 0018919 129.7975 230.4801 13.96156245114204
OPS 4988 (GREB 6)
1  1271U 65016A   26140.47135660  .00000009  00000-0  44262-4 0  9995
2  1271  70.0795 217.2034 0018266 108.4927 263.3607 13.96655143114943
PORCUPINE 1
1  1272U 65016H   26140.45605520 -.00000004  00000-0  35722-4 0  9998
2  1272  70.0794 308.5558 0021510 165.3144 194.8591 13.94531780112516
SOLRAD 7B
1  1291U 65016D   26140.43339976  .00000003  00000-0  40864-4 0  9997
2  1291  70.0789 295.2676 0020302 164.2724 195.9017 13.94972188112835
GGSE 3
1 01292U 65016C   26140.39164383  .00000108  00000-0  10605-3 0  9996
2 01292  70.0782  11.4153 0020135 339.3810  20.6484 14.01578366120674
OSCAR 3
1  1293U 65016F   26140.53659089  .00000085  00000-0  81289-4 0  9996
2  1293  70.0722  99.3728 0018044 192.9453 167.1199 14.08446811128195
OPS 4682 (SNAPSHOT)
1 01314U 65027A   26140.58383734 -.00000018  00000-0 -95258-4 0  9997
2 01314  90.2412   5.6523 0030488   6.3820  19.7248 12.91804872627460
SECOR 4 (EGRS 4)
1  1315U 65027B   26140.41461278 -.00000042  00000-0 -18202-3 0  9990
2  1315  90.2522  14.9487 0029377 273.2777 260.6484 12.92667407883337
EXPLORER 27
1  1328U 65032A   26140.43946882 -.00000047  00000-0  55181-4 0  9993
2  1328  41.1810 136.0036 0241138 161.8209 199.1345 13.38925732984619
OPS 8480 (TRANSIT 5B-6)
1 01420U 65048A   26140.37782243  .00000084  00000-0  11124-3 0  9993
2 01420  89.8759 286.5365 0074595 150.3981 238.8818 13.51902440999696
TIROS 10
1  1430U 65051A   26140.55818400  .00000100  00000-0  43768-4 0  9992
2  1430  98.5004 260.0153 0055740 160.8428 199.4874 14.41618170191931
SECOR 5 (EGRS 5)
1 01506U 65063A   26140.52645557  .00000005  00000-0  26020-3 0  9992
2 01506  69.2325 289.9763 0788263 185.4415 195.4808 11.78688187614996
DODECAPOLE 2
1 01510U 65065C   26140.39698254  .00002620  00000-0  14448-2 0  9991
2 01510  90.0661  24.7998 0035143 278.3889  81.3312 14.11021428 29240
TEMPSAT 1
1  1512U 65065E   26140.44196468  .00000033  00000-0  48908-4 0  9995
2  1512  90.0008 212.5893 0068435 327.9701  48.3883 13.33592501956357
OPS 8464 (TRANSIT 5B-7)
1  1514U 65065F   26140.50426609  .00000106  00000-0  19070-3 0  9995
2  1514  89.9976 227.9014 0068447 237.4742 133.6366 13.35364930957572
NAVSPASUR ROD 1
1  1515U 65065G   26140.48638691  .00000301  00000-0  44623-3 0  9998
2  1515  90.0224 214.1842 0061161  38.1558 338.7848 13.50998147976581
CALSPHERE 4(A)
1 01520U 65065H   26140.39163449  .00000080  00000-0  13561-3 0  9999
2 01520  89.8965 122.7635 0069602 180.2330 346.6987 13.36272532958998
COSMOS 80
1  1570U 65070A   26140.40562161 -.00000088  00000-0  51214-4 0  9993
2  1570  56.0541 185.9783 0098971 284.5187  88.7630 12.52800591777877
COSMOS 81
1 01571U 65070B   26140.65352561 -.00000084  00000-0  76158-4 0  9992
2 01571  56.0603 275.5682 0089323  52.5000 321.6362 12.48867875769188
COSMOS 82
1  1572U 65070C   26140.50067132 -.00000088  00000-0  41782-4 0  9993
2  1572  56.0607 331.6377 0072975 221.6357 160.6136 12.45123246760755
COSMOS 83
1  1573U 65070D   26140.44276492 -.00000089  00000-0  34626-4 0  9998
2  1573  56.0553  57.2990 0068372  40.9983 319.6032 12.41045256751763
COSMOS 84
1 01574U 65070E   26140.42961296 -.00000108  00000-0 -12231-3 0  9990
2 01574  56.0500 139.6680 0063383 198.2846 313.3120 12.37038007742994
PORCUPINE 2
1 01577U 65065J   26140.46181444  .00000111  00000-0  19562-3 0  9996
2 01577  90.0316 212.0093 0070252 180.2358 195.7971 13.36252435958950
OPS 8068
1 01580U 65072A   26140.38817302  .00000218  00000-0  77564-4 0  9993
2 01580  98.4169 297.7635 0229983 127.5995 234.6313 14.29642658129048
COSMOS 86
1  1584U 65073A   26140.50622838 -.00000062  00000-0  19354-3 0  9990
2  1584  56.0584 215.1106 0212021 245.7567 124.8331 12.51920567773982
COSMOS 87
1 01585U 65073B   26140.61096431 -.00000097  00000-0 -10699-4 0  9990
2 01585  56.0633 357.8780 0203732 350.6538  38.6461 12.47462980762319
COSMOS 88
1 01586U 65073C   26140.59720317 -.00000100  00000-0 -34530-4 0  9990
2 01586  56.0585  96.2090 0189271 130.8754  40.9777 12.43344770755065
COSMOS 89
1 01587U 65073D   26140.48259956 -.00000077  00000-0  10479-3 0  9992
2 01587  56.0568 218.6045 0165102 272.8954  85.3063 12.38989264745420
COSMOS 90
1 01588U 65073E   26140.58400927 -.00000090  00000-0  11119-4 0  9998
2 01588  56.0578 344.4785 0156559  43.3072 348.5968 12.34592634735580
OV1-2
1  1613U 65078A   26140.51946465  .00005408  00000-0  51376-3 0  9992
2  1613 144.2272 254.0835 1128149 184.5855 174.3486 13.01212473711112
OV2-1
1  1641U 65082C   26140.39075830  .00000164  00000-0  30173-4 0  9990
2  1641  32.2979  25.0297 0018761 316.6990  43.2181 14.54802105213249
EXPLORER 29 (GEOS 1)
1 01726U 65089A   26140.30149553 -.00000087  00000-0 -80648-4 0  9994
2 01726  59.3808  91.7285 0714401 202.5401 315.4000 11.97075976646320
EXPLORER 30
1 01738U 65093A   26140.26068648 -.00000031  00000-0  35232-4 0  9999
2 01738  59.7082 339.9132 0131383  13.7265 346.7290 14.41824033152363
A-1 (ASTERIX)
1 01778U 65096A   26140.33524052  .00000258  00000-0  72597-4 0  9995
2 01778  34.2580   9.3400 0739334   2.5024 357.9049 13.49779847961029
ALOUETTE 2
1 01804U 65098A   26140.38982070  .00000170  00000-0  57936-4 0  9993
2 01804  79.7998 300.3157 1330077 288.9315  57.2417 12.28322841675861
EXPLORER 31 (ISIS-X)
1 01806U 65098B   26140.04156824 -.00000378  00000-0 -13455-3 0  9997
2 01806  79.7776  13.0280 1423145 189.7266 167.3300 12.08307221645295
FR 1
1 01814U 65101A   26140.42043261  .00000467  00000-0  77644-4 0  9991
2 01814  75.8669  38.9270 0005630 175.6557 184.4675 14.71630200 52013
OPS 1509 (TRANSIT 10)
1 01864U 65109A   26140.34767883  .00000143  00000-0  12352-3 0  9993
2 01864  89.0737 238.0607 0107564 299.4575  59.5893 13.79052906 32269
OPS 1593 (TRANSIT 11)
1  1952U 66005A   26140.33851903  .00000116  00000-0  10323-3 0  9999
2  1952  90.1462 351.3993 0219216 102.0323 260.5497 13.68129016  2312
ESSA 1 (OT-3)
1 01982U 66008A   26140.35677368  .00000101  00000-0  36915-4 0  9998
2 01982  97.8133 174.3287 0079564 189.1284 170.8470 14.48328866153915
DIAPASON (D1-A)
1 02016U 66013A   26140.17506127  .00000226  00000-0  57091-4 0  9993
2 02016  34.0940  85.3362 1158328 221.1028 129.6453 12.66511782736894
ESSA 2 (OT-2)
1  2091U 66016A   26140.54149647 -.00000023  00000-0  10632-3 0  9995
2  2091 101.2350  50.4573 0038538 313.2511 220.4576 12.69430643790115
OPS 1117 (TRANSIT 12)
1 02119U 66024A   26140.55311221  .00000164  00000-0  14504-3 0  9992
2 02119  89.6042  89.6149 0147912 129.0341 232.4099 13.75402812 11357
OV1-4
1 02121U 66025A   26140.44176325  .00000321  00000-0  44558-4 0  9996
2 02121 144.5023 224.2274 0082986 167.8851 192.3833 13.87321706 47287
OV1-5
1 02122U 66025B   26140.29505261  .00000304  00000-0  54386-4 0  9996
2 02122 144.6328 166.4273 0046706  81.2635 279.3323 13.66167622  1251
OPS 0340
1 02125U 66026A   26140.47585899  .00000217  00000-0  48085-4 0  9997
2 02125  98.0304 309.5681 0145735 332.0497  27.2930 14.60741071155501
OAO 1
1 02142U 66031A   26140.62097948  .00000020  00000-0  13742-4 0  9996
2 02142  35.0445 120.9439 0006346  79.7321 280.4082 14.34689627147127
OPS 1527 (OV3-1)
1  2150U 66034A   26140.49985836  .00009785  00000-0  50237-3 0  9991
2  2150  82.3703 195.9924 1393256  92.1275 283.9481 12.61982840398384
NIMBUS 2
1  2173U 66040A   26140.55936058 -.00000036  00000-0  22523-4 0  9991
2  2173 100.5331 358.2985 0055448   2.6712  24.1870 13.33716578919940
OPS 0082 (TRANSIT 13)
1 02176U 66041A   26140.60042492  .00000158  00000-0  91739-4 0  9990
2 02176  90.2303  82.5134 0059933 193.8698 166.0840 14.04318823 63560
OV3-3
1  2389U 66070A   26140.53643213  .00005843  00000-0  26475-3 0  9998
2  2389  81.3275 355.4001 1014032 229.3888 121.4687 13.44633265595251
OPS 2366 (TRANSIT 14)
1 02401U 66076A   26140.31817425  .00000103  00000-0  13352-3 0  9997
2 02401  88.8475  69.0684 0033915  29.0352  84.8348 13.53950058947323
OPS 6026 (DMSP 4A F1)
1 02418U 66082A   26140.37163883  .00000170  00000-0  58533-4 0  9995
2 02418  98.3380 294.0615 0116584 108.4454 252.9451 14.43882739108271
ESSA 3 (TOS-A)
1  2435U 66087A   26140.48005571 -.00000023  00000-0  10596-3 0  9994
2  2435 101.0799  44.9479 0064429  93.3432  80.0125 12.56880036735526
ESSA 4 (TOS-B)
1 02657U 67006A   26140.84192399 -.00000059  00000-0 -48783-4 0  9997
2 02657 102.0864 337.9818 0072872 333.2860  38.8930 12.69890791749073
OPS 6073 (DMSP 4A F2)
1 02669U 67010A   26140.42673780  .00000056  00000-0  41126-4 0  9996
2 02669  99.1060 142.0026 0049894 102.1662 258.5113 14.28210505 80378
DIADEME 1
1 02674U 67011A   26140.60202219  .00003594  00000-0  39617-3 0  9999
2 02674  39.9156  95.9205 0203924  59.9487 302.1354 14.74505711 86036
DIADEME 2
1  2680U 67014A   26140.53753627  .00000511  00000-0  22845-3 0  9996
2  2680  39.4416 221.3584 0700740 245.4851 107.1282 13.41989533872258
OPS 0100 (TRANSIT 15)
1  2754U 67034A   26140.49731263  .00000093  00000-0  11741-3 0  9995
2  2754  90.2371  34.5123 0017817 223.6521 310.3976 13.57399625922355
ESSA 5
1 02757U 67036A   26140.47696516 -.00000058  00000-0 -46624-4 0  9991
2 02757 101.9904 321.9301 0042498 306.7260  80.0917 12.68542537735460
COSMOS 158
1  2801U 67045A   26140.40614909  .00000000  00000-0  89084-5 0  9993
2  2801  74.0383 116.1389 0057568 329.6695  30.1130 14.36938491 92432
OPS 7218 (TRANSIT 16)
1  2807U 67048A   26140.37401565  .00000083  00000-0  11259-3 0  9998
2  2807  89.6728 348.8253 0021002  22.5867 152.0150 13.50760386904171
OPS 5712 (P/L 160)
1  2826U 67053A   26140.49446560  .00004978  00000-0  71113-3 0  9994
2  2826  69.9163 106.1489 0001489 258.3666 101.7314 14.77270954 62147
GGSE 4
1 02828U 67053C   26140.32650972  .00000019  00000-0  51175-4 0  9991
2 02828  69.9690 122.7830 0009388 220.6580 139.3826 13.98081650  4260
GGSE 5
1  2834U 67053D   26140.44362178 -.00000007  00000-0  33639-4 0  9992
2  2834  69.9719 192.4581 0010028 251.5769 108.4247 13.96187934  2274
TIMATION 1
1  2847U 67053E   26140.33614351  .00000073  00000-0  82161-4 0  9993
2  2847  69.9651 267.5302 0004228 108.8732 251.2835 14.02972540  9884
SURCAL 159
1  2872U 67053F   26140.50023367  .00000047  00000-0  68987-4 0  9992
2  2872  69.9748  60.4470 0006113 174.4226 185.6950 13.99595499  6331
OPS 5712 (P/L 152)
1  2873U 67053G   26140.35389064  .00000025  00000-0  55071-4 0  9991
2  2873  69.9724 109.8582 0008764 208.0439 266.9034 13.98520448  4618
OPS 5712 (P/L 153)
1  2874U 67053H   26140.48211734 -.00000018  00000-0  25684-4 0  9994
2  2874  69.9723 174.6903 0009715 241.8250 118.1875 13.96824040  2924
OPS 7202 (DMSP 4A F3)
1  2920U 67080A   26140.20600043  .00000020  00000-0  31578-4 0  9992
2  2920  98.5893 351.1615 0039133  77.8050 282.7503 14.15304206 28750
OPS 4947 (TRANSIT 17)
1  2965U 67092A   26140.40988235  .00000110  00000-0  14445-3 0  9991
2  2965  89.2560  12.4103 0048938 133.3138  39.4153 13.53493644892432
OPS 1264 (DMSP 4A F4)
1 02980U 67096A   26140.48387135  .00000307  00000-0  68166-4 0  9990
2 02980  99.1821 213.2394 0093000 195.3270 164.5108 14.62957462 83073
ESSA 6 (TOS-D)
1  3035U 67114A   26140.51466014 -.00000021  00000-0  16109-3 0  9994
2  3035 102.0130 245.0675 0048968 176.0081 195.4046 12.54249268679146
COSMOS 192
1 03047U 67116A   26140.27395868  .00000163  00000-0  42359-4 0  9993
2 03047  74.0125  68.7860 0009361 245.3628 114.6562 14.57567847 94562
COSMOS 198
1 03081U 67127A   26140.95645945 -.00000065  00000-0  18847-4 0  9999
2 03081  65.1438 352.9572 0012524  84.8051 275.4444 13.93392006969789
EXPLORER 36 (GEOS 2)
1  3093U 68002A   26140.40078793 -.00000052  00000-0  75251-4 0  9994
2  3093 105.7922  21.2526 0318499 151.0249  22.0017 12.83603378733799
COSMOS 203
1 03129U 68011A   26140.36544156 -.00000012  00000-0  18869-4 0  9998
2 03129  74.0491 135.5110 0012609 333.9316 135.3877 13.18303807802316
OPS 7034 (TRANSIT 18)
1  3133U 68012A   26140.35420072  .00000067  00000-0  85230-4 0  9998
2  3133  90.0262 274.0281 0075660  71.8458 341.5915 13.51603889590615
COSMOS 209
1 03158U 68023A   26140.65273837 -.00000066  00000-0  16679-4 0  9996
2 03158  65.3318 266.7955 0050287 257.8409 101.7026 13.97932528967167
COSMOS 220
1  3229U 68040A   26140.51416803  .00000471  00000-0  65175-4 0  9995
2  3229  74.0259 235.7114 0033212 147.4945 212.8287 14.80813690 86298
OPS 7869 (DMSP 4B F1)
1  3266U 68042A   26140.48182110  .00000023  00000-0  32410-4 0  9994
2  3266  98.5584 332.4169 0052940  23.4052 336.9515 14.15890030909216
EXPLORER 40 (INJUN-5)
1  3338U 68066B   26140.31142837  .00000102  00000-0  10188-3 0  9999
2  3338  80.6583 108.2330 1129687 357.6269   1.9686 12.23571274574907
