HULIANWANG DIGUI-73
1 65305U 25187A   26145.50824038 -.00000100  00000-0  52700-4 0  9990
2 65305  50.0057 287.2156 0000606  98.2721 261.8220 13.29322567 36684
RAPIDEYE 5
1 33313U 08040B   26145.30002801  .00000885  00000-0  70977-4 0  9992
2 33313  97.3863 164.4652 0010513 170.1479 189.9955 15.02440717962068
ONEWEB-0142
1 47288U 20100AG  26145.28498000  .00000001  00000-0 -33845-4 0  9990
2 47288  87.8953 355.2245 0001706  99.8175 260.3146 13.12440475261664
GLOBALSTAR M059
1 25944U 99058B   26145.38087315 -.00000110  00000-0 -29377-3 0  9993
2 25944  52.0044   1.4104 0000629  69.6831 101.5346 11.99995167615123
KUIPER-00458
1 68950U 26098AH  26145.49283430  .00022119  00000-0  63155-3 0  9992
2 68950  51.8768 176.9152 0003795  66.8440 293.2946 15.35939478  3864
ESSAIM-3
1 28496U 04049E   26145.38512530  .00001983  00000-0  18045-3 0  9993
2 28496  98.2262  81.1169 0001669  32.6945 327.4378 14.96447796159317
PICOSAT 4
1 26092U 00004K   26145.49550868  .00000582  00000-0  16976-3 0  9993
2 26092 100.2084 167.3378 0031043 207.1813 152.7751 14.48793763383053
ONEWEB-0589
1 54655U 22166P   26145.56359161 -.00000008  00000-0 -51541-4 0  9996
2 54655  87.9250 248.4831 0002842  96.0870 264.0588 13.21828029168558
HYDROGNSS-2
1 66763U 25276DB  26145.46179260  .00002644  00000-0  15970-3 0  9994
2 66763  97.4206 218.5547 0013475  78.3815 281.8927 15.11470150 26912
SPOT 7
1 40053U 14034A   26145.51154438  .00000645  00000-0  14095-3 0  9990
2 40053  98.0637 208.5866 0001209  80.7411 279.3926 14.60935746633820
WNISAT 1
1 39423U 13066H   26145.35856674  .00000444  00000-0  90166-4 0  9997
2 39423  97.7175 296.1387 0161914 304.0961  54.4964 14.58027619663404
COSMOS 1104
1 11378U 79046A   26145.53340093  .00000046  00000-0  31805-4 0  9992
2 11378  82.9465  77.3802 0031288 269.3049 264.9450 13.75994925358457
OTB-3-GAZELLE
1 54023U 22127A   26145.44964688  .00000138  00000-0  54526-4 0  9993
2 54023  98.3937 137.5013 0011855 256.2302 103.7569 14.42664938191082
GEOS 3
1  7734U 75027A   26145.42660366 -.00000099  00000-0  36450-4 0  9994
2  7734 114.9876 218.0886 0022136 299.1524  60.7339 14.19179941646042
RASSVET-3 15
1 68374U 26061Q   26145.19634747  .00066992  00000-0  29320-3 0  9993
2 68374  82.2977  38.1505 0006298 173.4596 186.6756 15.84405018  9911
KOMPSAT 5
1 39227U 13042A   26145.48676770  .00000219  00000-0  20004-4 0  9998
2 39227  97.6204 332.5066 0002903 185.4175 174.7020 15.04504901700448
CINEMA 3
1 39426U 13066L   26145.26417683  .00001090  00000-0  14809-3 0  9990
2 39426  97.8415  58.0561 0088543 286.9797  72.1725 14.78239220671063
HULIANWANG DIGUI-46
1 65049U 25162G   26145.48698215 -.00000093  00000-0  67405-4 0  9990
2 65049  50.0079 347.0845 0000490  42.4376 317.6534 13.29323444 40342
CENTAURI-8
1 62714U 25009DK  26145.50700545  .00003904  00000-0  33907-3 0  9991
2 62714  97.7052 225.9203 0001768 148.9763 211.1564 14.97591838 74089
HUBBLE 7
1 64592U 25135BS  26145.58102585  .00001455  00000-0  14282-3 0  9999
2 64592  97.7730 260.5162 0004149  74.1333 286.0343 14.93719203 50530
OSCAR 31
1 19420U 88074B   26145.15331854  .00000065  00000-0  93996-4 0  9992
2 19420  90.0444  21.2482 0095589 133.4605  31.3504 13.42608683848430
COSMOS 1912
1 18791U 88002D   26145.43090176  .00000005  00000-0 -33478-4 0  9997
2 18791  82.6093 253.0532 0011395 149.6125 280.1285 12.65071052771014
FLOCK 4G 22
1 62645U 25009AN  26145.17678447  .00010221  00000-0  36835-3 0  9995
2 62645  97.4008 227.3117 0002950  53.3758 306.7753 15.28738889 75409
COSMOS 2484
1 39059U 13001C   26145.52736969  .00000005  00000-0 -33834-4 0  9997
2 39059  82.5022 235.9789 0027508  84.4898 275.9319 12.42938322605747
HULIANWANG DIGUI-10
1 62332U 24240K   26145.49998650  .00000045  00000-0  71873-4 0  9995
2 62332  86.5032 351.0660 0001390  81.9052 278.2240 13.24408148 69635
HULIANWANG DIGUI-140
1 67438U 26007D   26145.32633471 -.00000080  00000-0  94483-4 0  9991
2 67438  50.0033 168.0245 0000869 281.6896  78.3879 13.29325087 17741
COSMOS 2212
1 22183U 92068B   26145.30972540  .00000026  00000-0  87671-4 0  9990
2 22183  82.5894 343.3223 0001904 201.1974 158.9039 12.63149156548697
LINGQIAO VIDEO A
1 40959U 15057B   26145.53694159  .00000517  00000-0  79365-4 0  9992
2 40959  97.6621 141.4581 0016581 348.7338  11.3499 14.77354798572063
YAM-7
1 60504U 24149AN  26145.19132308  .00006947  00000-0  23125-3 0  9992
2 60504  97.3784 225.5404 0003990  41.2307 318.9236 15.31450024 98537
YAOGAN-43 O1G
1 60464U 24148G   26145.55700172  .00006909  00000-0  23661-3 0  9999
2 60464  35.0042 292.6081 0007015 296.8399  63.1600 15.29489069 98818
ONEWEB-0542
1 54646U 22166E   26145.51650469  .00000070  00000-0  13868-3 0  9992
2 54646  87.9260 248.4789 0002232  95.1759 264.9630 13.21825288168540
KONDOR FKA 2
1 62138U 24223A   26145.52864256  .00003384  00000-0  16140-3 0  9992
2 62138  97.4384 349.2968 0001702  93.1639 266.9790 15.19757906 82266
COSMOS 2558
1 53323U 22089A   26145.56051054  .00088029  00000-0  71549-3 0  9997
2 53323  97.2250 248.7835 0002165 153.3930 206.7444 15.70427358214273
SKYSAT C1
1 41601U 16040C   26145.09058511  .00008356  00000-0  24157-3 0  9994
2 41601  96.9583 178.0678 0004455 103.9942 256.1798 15.35849586554328
AE5RB
1 66693U 25276AD  26145.14294187  .00009569  00000-0  42181-3 0  9994
2 66693  97.4178 219.3388 0005651 100.4801 259.7072 15.21994590 26941
FLOCK 4BE 5
1 60559U 24149CV  26145.21932795  .00015163  00000-0  38779-3 0  9994
2 60559  97.3841 229.0107 0003499  47.1423 313.0116 15.39523950 98741
GEESAT 6-11
1 65723U 25214M   26145.43407589  .00001574  00000-0  21772-3 0  9994
2 65723  49.9848  53.3453 0009872 134.9697 225.2043 14.83265344 36136
QIANFAN-45
1 62246U 24232K   26145.46688524  .00000091  00000-0  12230-3 0  9995
2 62246  89.0105  24.7725 0016408  80.1928 280.1075 13.51005199121369
ORBVIEW 1 (MICROLAB)
1 23547U 95017C   26145.39498986  .00001051  00000-0  19820-3 0  9997
2 23547  69.9760 279.6023 0009572 345.1699  14.9161 14.67389120654940
KUIPER-00191
1 67143U 25301L   26145.12849262  .00002838  00000-0  40087-3 0  9997
2 67143  51.9005  95.1322 0000835  66.6705 293.4345 14.79958926 24973
COSMOS 416
1 05215U 71041F   26145.46518662  .00000004  00000-0  11879-3 0  9995
2 05215  74.0150 306.2348 0077017  67.8955 322.4009 12.58071766527939
SDA_1670
1 65980U 25230G   26145.52266014  .00000048  00000-0  34558-4 0  9995
2 65980  81.2998 232.9902 0001062 123.2435 236.8821 13.80999012 30659
ONEWEB-0565
1 55146U 23004G   26145.30480521  .00000014  00000-0  27922-5 0  9993
2 55146  87.9152 340.0443 0001549 100.2095 259.9212 13.18685711166687
GJZ 04
1 62293U 24238D   26145.51888354 -.00000072  00000-0  48639-4 0  9995
2 62293  59.9146 339.6651 0012180 359.8490   0.2512 13.75196257 72792
HULIANWANG DIGUI-17
1 62977U 25030G   26145.48101009 -.00000083  00000-0  88441-4 0  9993
2 62977  50.0073 317.0238 0001230  93.9892 266.1121 13.29325268 62848
AAUSAT3
1 39087U 13009B   26145.24947051  .00000552  00000-0  18934-3 0  9990
2 39087  98.3700 329.5664 0010102 282.5451  77.4607 14.39906480693870
GEESAT 5-06
1 65555U 25201F   26145.41016316  .00001382  00000-0  19082-3 0  9993
2 65555  49.9897 144.9589 0014249 236.9303 123.0268 14.84087944 38406
YAM-6
1 59126U 24043AE  26145.33040391  .00008246  00000-0  23200-3 0  9997
2 59126  97.5530 285.8324 0007115 316.9034  43.1652 15.36731228123809
SPACEMOBILE-004
1 61049U 24163E   26145.03402811  .00020609  00000-0  93315-3 0  9994
2 61049  52.9774  55.4014 0010471  73.5766 286.6378 15.20829544 94241
MKA PN2 (RELEK)
1 40070U 14037B   26145.41044005  .00000412  00000-0  94068-4 0  9990
2 40070  98.0686 124.0766 0131144 139.1368 221.9753 14.55621403629772
ONEWEB-0369
1 49295U 21090S   26145.36111732 -.00000052  00000-0 -16173-3 0  9993
2 49295  87.9150 309.5252 0001800  91.1538 268.9801 13.19725669223407
ONEWEB-0431
1 51630U 22012J   26145.45586400  .00000437  00000-0  12146-2 0  9992
2 51630  87.8858  40.7916 0001201  76.2710 283.8551 13.10376291206367
RADIO 5
1 12999U 81120C   26145.41335209  .00000032  00000-0  26563-3 0  9997
2 12999  82.9550  97.8277 0015147   6.8702 117.8317 12.05293644954835
COSMOS 511
1  6124U 72057H   26145.32957227 -.00000004  00000-0  90540-4 0  9996
2  6124  74.0274 282.6047 0031876 225.0071 158.0646 12.36881808431294
ORBCOMM FM 5
1 25117U 97084F   26145.40183793  .00000752  00000-0  24279-3 0  9998
2 25117  45.0127 163.1091 0002298 231.0380 129.0268 14.47303198490164
GONETS M 14 (M24)
1 44905U 19096A   26145.50865745  .00000083  00000-0  53070-3 0  9994
2 44905  82.5214  98.6992 0012539 198.0909 161.9726 12.42869299290864
COSMOS 1233
1 12112U 80102F   26145.57554591 -.00000008  00000-0  49455-4 0  9997
2 12112  73.9940  84.7734 0029255 158.8627  14.1924 12.55584886 81691
ONEWEB-0178
1 48075U 21025AK  26145.41568080  .00000302  00000-0  79319-3 0  9991
2 48075  87.8931 324.7737 0001493  91.4601 268.6699 13.13470805250738
ONEWEB-0363
1 49289U 21090L   26145.36128737 -.00009531  00000-0 -23531-1 0  9994
2 49289  87.9166 278.9942 0001883  88.1405 271.9944 13.20676046227291
COSMOS 1795
1 17139U 86092B   26145.53340176 -.00000016  00000-0 -27377-5 0  9993
2 17139  74.0151  64.7577 0010497 235.3881 298.3872 12.47815585799716
IRIDIUM 63
1 25286U 98021B   26145.42648824  .00000317  00000-0  10056-3 0  9995
2 25286  86.3953 298.5276 0001995  95.3981 264.7444 14.36871940472981
HONGHU 2
1 58555U 23193C   26145.48262696  .00135326  00000-0  54643-2 0  9991
2 58555  97.2792 136.3466 0040702 356.0885   4.0028 15.23436160 98544
OSCAR 17 (DOVE)
1 20440U 90005E   26145.03957516  .00000090  00000-0  48617-4 0  9997
2 20440  98.8622 174.8657 0009377 273.6873 115.7693 14.34480356899025
COSMOS 1194
1 11877U 80058C   26145.38827849 -.00000015  00000-0  50181-5 0  9999
2 11877  74.0176 231.5171 0026961  13.1274 347.0474 12.52800861 98091
NORSAT 2
1 42828U 17042D   26145.53814791  .00009411  00000-0  42173-3 0  9999
2 42828  97.4033 319.3489 0010950 127.7192 232.5038 15.21397279484299
IRIDE-MS2-HEO-12
1 68984U 26100E   26145.47778543  .00001288  00000-0  13555-3 0  9998
2 68984  97.7365  43.3325 0003080 212.8900 147.2127 14.91099107  3319
PELICAN-4 300B
1 65316U 25188B   26145.46185695  .00001074  00000-0  28322-4 0  9990
2 65316  97.1985 222.1017 0002144 102.7180 257.4307 15.40684201 41810
KIKU 4 (ETS 3)
1 13492U 82087A   26145.46392394 -.00000089  00000-0  31136-4 0  9998
2 13492  44.6175  33.9044 0011313  16.5490 154.6695 13.71269106189498
HULIANWANG DIGUI-81
1 65313U 25187J   26145.49996868 -.00000101  00000-0  49283-4 0  9991
2 65313  50.0076 287.2128 0000600  98.0392 262.0548 13.29323927 36697
COSMOS 1842
1 17911U 87038A   26145.55212151  .00025612  00000-0  36479-3 0  9993
2 17911  82.5054 198.6551 0003970  43.4234 316.7333 15.56174279137250
ONEWEB-0637
1 56078U 23043AJ  26145.31268893  .00000130  00000-0  31237-3 0  9999
2 56078  87.8990 263.7729 0002214 104.2873 255.8504 13.15547509153423
GLOBAL-17
1 49949U 21120A   26145.49595774  .00022350  00000-0  37852-3 0  9999
2 49949  41.9941 184.3804 0011742  95.1066 265.1118 15.50982936251375
COSMOS 1525
1 14614U 84001D   26145.48389340  .00000001  00000-0  10411-3 0  9997
2 14614  74.0053 151.5875 0021190  53.9296 113.8783 12.54911211941592
COSMOS 1085
1 11300U 79024E   26145.45906885 -.00000019  00000-0 -21074-4 0  9990
2 11300  74.0328 208.2597 0024132 137.9430 233.1452 12.45293228145461
ONEWEB-0405
1 50485U 21132S   26145.29300554  .00000075  00000-0  15814-3 0  9991
2 50485  87.9173 339.9951 0001527 100.1924 259.9380 13.18685269218972
A-SEANSAT-PG1
1 57197U 23091AH  26145.47835690  .00018086  00000-0  51643-3 0  9999
2 57197  97.5092 214.5892 0008451 152.0137 208.1563 15.36044445161224
CRYOSAT 2
1 36508U 10013A   26145.47569634  .00000203  00000-0  49552-4 0  9993
2 36508  92.0333 271.7841 0002442  85.0438 275.1048 14.51901125854782
KUIPER-00106
1 65144U 25171N   26145.46592599  .00003490  00000-0  32297-3 0  9995
2 65144  51.8919 166.0308 0008319   0.4205 359.6770 14.96890654 44446
ONEWEB-0390
1 50470U 21132B   26145.34361228 -.00000012  00000-0 -63726-4 0  9995
2 50470  87.9153  10.4119 0001690  90.8092 269.3233 13.17650738215075
COSMOS 1510
1 14521U 83115A   26145.46440984 -.00000006  00000-0  85435-4 0  9994
2 14521  73.6184 341.2696 0027573   2.7872   1.7857 12.41202363926228
SSU 2
1  8836U 76038D   26145.51415094  .00000139  00000-0  12703-3 0  9995
2  8836  63.3618 327.3036 0384105 179.8892 180.2310 13.82928750348143
KUIPER-00103
1 65141U 25171K   26145.41159522  .00000436  00000-0  86133-4 0  9998
2 65141  51.8975 191.2966 0000334  87.1890 272.9111 14.79933132 44071
YAOGAN-30 U
1 46807U 20076A   26145.52389870  .00002297  00000-0  17128-3 0  9992
2 46807  34.9933 229.3554 0000669 257.6598 102.4036 15.02578389304709
GLOBALSTAR M064
1 26084U 00008D   26145.34303241 -.00000085  00000-0 -22339-4 0  9994
2 26084  52.0057  25.2379 0001873  17.6513 342.4385 11.88543835207780
USA 74
1 21799U 91076C   26145.56008449  .00003351  00000-0  25451-3 0  9997
2 21799  63.2942 204.7213 0882868  72.7886 296.7774 13.61322096100526
TIANQI 17
1 64059U 25105B   26145.36628138 -.00000050  00000-0  53479-4 0  9990
2 64059  44.9785 123.2393 0011959 276.8184  83.1288 13.99146239 52001
BLACKJACK ACES-2
1 56955U 23084Z   26145.37521507  .00006498  00000-0  32040-3 0  9994
2 56955  97.6175 280.4847 0002154  87.3457 272.8023 15.18275082163717
SHIYAN 27D
1 63602U 25078D   26145.51669253 -.00000006  00000-0  53832-4 0  9996
2 63602  99.6929 153.0928 0001189  90.1418 269.9856 13.57246746 54451
IRIDIUM 181
1 56726U 23068S   26145.50507459  .00000298  00000-0  82471-4 0  9993
2 56726  86.4506  66.2700 0002151  90.0750 270.0698 14.43311116159167
AAC-HSI-SAT2
1 56995U 23084BX  26145.50543843  .00003031  00000-0  14321-3 0  9992
2 56995  97.8224 294.9097 0010956 262.7818  97.2171 15.20195620162897
HULIANWANG DIGUI-102
1 66418U 25258G   26145.33413613 -.00000087  00000-0  79325-4 0  9995
2 66418  50.0032  17.3943 0000971  54.7527 305.3435 13.29319642 26697
ONEWEB-0678
1 56714U 23068E   26145.57095218  .00000014  00000-0  21373-5 0  9993
2 56714  87.9000 263.6982 0001741  92.8082 267.3248 13.15547266146314
IRIDE FM6
1 66700U 25276AL  26145.10482934  .00004719  00000-0  21657-3 0  9995
2 66700  97.4221 219.3477 0002622  73.7670 286.3854 15.20898012 26933
PAYLOAD C
1 39210U 13037C   26145.51870537  .00000505  00000-0  89463-4 0  9997
2 39210  98.1039 148.6138 0005331 208.5326 151.5590 14.71468271690996
FLOCK 4H 20
1 66723U 25276BK  26145.62443857  .00005966  00000-0  27310-3 0  9995
2 66723  97.4220 219.8741 0003269  49.5268 310.6252 15.20870970 26260
CONNECTA IOT-12
1 64553U 25135AB  26145.31067373  .00003216  00000-0  14920-3 0  9998
2 64553  97.4717 261.0075 0002633 106.7061 253.4464 15.20767839 51390
COSMOS 2439
1 32956U 08025D   26145.55516807 -.00000041  00000-0 -36686-3 0  9994
2 32956  82.5093  11.8662 0021269   7.0385 353.0990 12.43069502816906
FFLY-3
1 65319U 25188E   26145.47309918  .00001176  00000-0  11887-3 0  9990
2 65319  97.7325 220.9910 0007904 173.0524 187.0807 14.92870080 40525
SHIYAN 28B-01(SY-28B 01)
1 64753U 25145A   26145.52901376  .00000575  00000-0  55395-4 0  9991
2 64753  10.9982 114.1650 0003185 219.5427 140.4568 14.29388620 46664
CENTISPACE-1 S14
1 62583U 25007J   26145.47249227 -.00000075  00000-0  62143-4 0  9996
2 62583  54.9856  12.0165 0012849  54.2455 305.9694 13.80602951 71578
HULIANWANG DIGUI-43
1 65046U 25162D   26145.51199095 -.00000087  00000-0  79448-4 0  9996
2 65046  50.0004 347.0351 0000482  49.7143 310.3771 13.29322740 40343
USA 76
1 21808U 91076D   26145.44979061  .00004014  00000-0  31936-3 0  9994
2 21808  63.2982 213.9819 0884709  74.0645 295.5972 13.59484404102943
KUIPER-00030
1 63743U 25088V   26145.22302398  .00001483  00000-0  22349-3 0  9992
2 63743  51.9002 132.1217 0000709  70.7140 289.3900 14.79926110 58963
CONNECTA IOT-16
1 67390U 26004AD  26145.43625276  .00002629  00000-0  13360-3 0  9995
2 67390  97.4586 144.7169 0005647  71.7400 288.4447 15.17734101 20299
FLOCK 4Q 20
1 58313U 23174BK  26145.23877853  .00968399  47941-3  16572-2 0  9993
2 58313  97.3758 242.4993 0011658 238.2412 121.7732 16.02469978142616
GHGSAT-C13
1 64548U 25135W   26145.55514123  .00005525  00000-0  25361-3 0  9994
2 64548  97.4747 261.0985 0001847 134.7875 225.3511 15.20819271 51419
KKS-1 (KISEKI)
1 33499U 09002H   26145.52002073  .00001144  00000-0  14734-3 0  9998
2 33499  98.1194  67.6038 0008224  14.5209 345.6239 14.83053917932837
ONEWEB-0539
1 54644U 22166C   26145.58210782  .00000006  00000-0 -16825-4 0  9994
2 54644  87.9259 248.4676 0002131  95.6589 264.4788 13.21825828168555
GLAST
1 33053U 08029A   26145.31025819  .00003300  00000-0  11955-3 0  9990
2 33053  25.5841   3.3104 0008642  57.7799 302.3576 15.23799438992340
COSMOS 1639
1 15621U 85023E   26145.57773263 -.00000004  00000-0  76911-4 0  9994
2 15621  74.0567 357.5576 0024849 110.3982 276.8431 12.51058135880687
YAOGAN-30 X
1 48423U 21039A   26145.50687581  .00001815  00000-0  13597-3 0  9997
2 48423  34.9957 169.8482 0004535 218.4026 141.6360 15.02527066276132
ONEWEB-0510
1 54128U 22138R   26145.32923563  .00000127  00000-0  27920-3 0  9990
2 54128  87.9175 278.9930 0002297 106.0847 254.0540 13.20771866176266
ORBCOMM FM 19
1 25415U 98046C   26145.33851013  .00000864  00000-0  32035-3 0  9990
2 25415  44.9952 352.1647 0003135 186.1640 343.5103 14.39446893453482
COSMOS 1627
1 15505U 85011A   26145.55911207  .00000046  00000-0  31539-4 0  9994
2 15505  82.9222  64.0139 0043145  52.7421 120.1934 13.74599951 71993
NEOSSAT
1 39089U 13009D   26145.49165866  .00000138  00000-0  62451-4 0  9999
2 39089  98.4174 326.0649 0010157 319.2073  40.8352 14.35817339693489
IRIDIUM 57
1 25273U 98019B   26145.58109438  .00000245  00000-0  77351-4 0  9990
2 25273  86.3973   1.6682 0002263  84.8292 275.3163 14.36169771473923
CAPE 1
1 31130U 07012P   26145.35560836  .00000981  00000-0  18434-3 0  9993
2 31130  98.4450 119.2425 0084360 141.7035 219.0199 14.64807031 15018
JILIN-01 KUANFU 01C
1 52443U 22048A   26145.49236650  .00003294  00000-0  20556-3 0  9996
2 52443  97.5256 223.0822 0016303  47.5893 312.6713 15.10091297223771
COSMOS 2117
1 21031U 90114D   26145.25435291 -.00000002  00000-0 -69786-4 0  9995
2 21031  82.5764 212.0533 0009387 117.4045 305.1488 12.65030688635378
FLOCK 4Q 26
1 58284U 23174AE  26145.19475443  .00032794  00000-0  47846-3 0  9996
2 58284  97.3869 236.8584 0005828 217.9724 142.1120 15.55601602142258
KUIPER-00155
1 65774U 25217N   26145.37819163 -.00000597  00000-0 -49264-4 0  9994
2 65774  51.9043  19.0125 0000998 125.3895 234.7161 14.79937382 36860
FLOCK 4Q 9
1 58322U 23174BU  26145.22820621  .00027991  00000-0  52567-3 0  9994
2 58322  97.3864 233.2051 0006413 204.8884 155.2058 15.48553346142033
CAS500-3
1 66655U 25274F   26145.35616041  .00001101  00000-0  12501-3 0  9997
2 66655  97.7447  73.9280 0005103 175.0244 185.1025 14.88256248 26759
QIANFAN-43
1 62244U 24232H   26145.43806664  .00000111  00000-0  15285-3 0  9993
2 62244  89.0103  24.8150 0017523  83.1613 277.1531 13.51005628 89960
E3TESTER
1 66662U 25274N   26145.52884100  .00001593  00000-0  15415-3 0  9999
2 66662  97.7487  75.3437 0016545  93.8839 266.4273 14.94080069 26852
COSMOS 1388
1 13375U 82073A   26145.48795838 -.00000021  00000-0 -30536-4 0  9995
2 13375  74.0170  49.0062 0052425 195.8087 337.4351 12.57508512 12709
IRIDIUM 100
1 42956U 17061B   26145.42021633  .00000032  00000-0  44758-5 0  9998
2 42956  86.3988  34.7034 0002189  84.2470 275.8976 14.34217827451515
PRETTY
1 58023U 23155H   26145.46351536  .00005064  00000-0  21468-3 0  9994
2 58023  97.5691 226.8540 0003363 103.7066 256.4545 15.23589891144890
GRUS-1B
1 47934U 21022C   26145.54694654  .00000978  00000-0  85393-4 0  9991
2 47934  97.5400  29.4844 0016911  41.6508 318.5999 14.98915375282500
COSMOS 2327
1 23773U 96004A   26145.44808332  .00000077  00000-0  65053-4 0  9998
2 23773  82.9815 141.5564 0046998 323.6691 190.4515 13.74765632522502
ORBCOMM FM 112
1 41184U 15081F   26145.33703696  .00000637  00000-0  17106-3 0  9992
2 41184  47.0007  18.2953 0002458 101.7171 258.3991 14.58864514555618
COSMOS 412
1  5211U 71041B   26145.39816845  .00000010  00000-0  19031-3 0  9992
2  5211  74.0123 133.5334 0034756 127.5464  40.3354 12.39884170730736
COSMOS 1857
1 18118U 87051F   26145.51116938 -.00000001  00000-0  92493-4 0  9995
2 18118  74.0021 182.3864 0038705 201.6292 158.3128 12.54273592782939
HAWK-8A
1 59443U 24066B   26145.38684102  .00004240  00000-0  36322-3 0  9992
2 59443  45.5953  34.5081 0003904 290.1503  69.8958 14.99024040116416
CUPID
1 49264U 21088E   26145.10745371  .00007258  00000-0  28768-3 0  9996
2 49264  97.3883 206.5755 0013496 141.1057 219.1155 15.25613316256669
ONEWEB-0364
1 49290U 21090M   26145.39991497  .00000123  00000-0  27179-3 0  9990
2 49290  87.9172 278.9910 0001890 100.1934 259.9413 13.20770083228435
TIANHUI 2-01B
1 44209U 19024C   26145.39911571  .00001523  00000-0  81064-4 0  9993
2 44209  97.4800 149.6364 0001969  98.3523 261.7933 15.16749232391258
COSMOS 1823
1 17535U 87020A   26145.56170632  .00000001  00000-0  13280-3 0  9994
2 17535  73.6028  73.2774 0028860 278.5870 255.0049 12.41380629779059
ONEWEB-0108
1 48076U 21025AL  26145.22254558 -.00000189  00000-0 -55314-3 0  9997
2 48076  87.8951 324.7868 0002015  90.6624 269.4736 13.13468842250631
COSMOS 1758
1 16791U 86046A   26145.51228663  .00007073  00000-0  26765-3 0  9995
2 16791  82.4599  66.0491 0015758  66.0005 294.2881 15.26645059177789
COSMOS 1072
1 11238U 79003A   26145.51157211  .00000037  00000-0  23009-4 0  9993
2 11238  82.9422 222.5480 0037851  33.0036 337.6805 13.74381025374264
IRIDIUM 117
1 42808U 17039F   26145.30896905  .00000071  00000-0  18248-4 0  9995
2 42808  86.3983   3.1580 0002254  83.8627 276.2825 14.34218103466695
VSP RF A1
1 59135U 24043AP  26145.01661800 -.00000048  00000-0  10331-5 0  9992
2 59135  97.5395 281.1914 0008240 328.0146  32.0591 15.26618389123451
COSMOS 1844
1 17973U 87041A   26145.33728251  .00000186  00000-0  12178-3 0  9993
2 17973  70.8998 232.5024 0033121 267.6476  92.0854 14.14567178 14429
ONEWEB-0613
1 56071U 23043AB  26145.36180724 -.00000044  00000-0 -14971-3 0  9995
2 56071  87.8989 263.7726 0001639  96.9501 263.1816 13.15548724153435
RADIO 6
1 13002U 81120F   26145.41886473  .00000078  00000-0  70983-3 0  9992
2 13002  82.9585 312.1433 0052882  96.3396 291.3391 12.13846553968709
ONEWEB-0417
1 50492U 21132Z   26145.26433994  .00000031  00000-0  47127-4 0  9996
2 50492  87.9160 340.0204 0002004  93.7801 266.3560 13.18688011218589
EMISAT
1 44078U 19018A   26145.48074956  .00000410  00000-0  13371-3 0  9996
2 44078  98.4657 204.4040 0017299 287.5963  72.3338 14.43675536376787
COSMOS 397
1 04964U 71015A   26145.43904636  .00000008  00000-0  40179-4 0  9993
2 04964  65.7210 162.8966 1032750 245.2158 103.8059 12.74952192665352
RESURS DK-1
1 29228U 06021A   26145.42724087  .00001742  00000-0  10427-3 0  9995
2 29228  69.9323  38.4661 0005277 318.8550  41.2217 15.13101870 99132
SNAP 1
1 26386U 00033C   26145.39177825  .00001005  00000-0  15706-3 0  9999
2 26386  97.7557 133.0643 0009558 349.7984  10.3030 14.74837507645095
HAIYANG 1C
1 43609U 18068A   26145.50112274  .00000299  00000-0  12225-3 0  9990
2 43609  98.5191 218.1365 0011325 156.1443 204.0268 14.34171413403838
NUSAT-39 (TIKVAH ALPER)
1 56201U 23054Z   26145.52038922  .00025591  00000-0  53739-3 0  9999
2 56201  97.3144  55.0769 0007297 111.7289 248.4738 15.45313042174950
SPOT 5
1 27421U 02021A   26145.12965764  .00000306  00000-0  74336-4 0  9995
2 27421  97.9862 185.0122 0129272 348.8061  11.0267 14.54732687259494
NEXTSAT-1
1 43811U 18099BF  26145.57405646  .00002365  00000-0  15532-3 0  9994
2 43811  97.4087 189.0833 0013746  59.6946 300.5641 15.08482728408473
SERT3
1 68499U 26067CM  26145.32084006  .00001563  00000-0  16168-3 0  9998
2 68499  97.7568 103.8929 0002979  99.8248 260.3307 14.91492634  8315
COSMOS 1140
1 11573U 79089A   26145.40036109  .00000105  00000-0  43789-4 0  9992
2 11573  74.0654 108.3471 0016481 220.3234 139.6699 14.37613687441586
YAOGAN-30 H
1 43082U 17085B   26145.51874571  .00002796  00000-0  20806-3 0  9997
2 43082  34.9952 288.3006 0004152 152.7620 207.3306 15.02564658459284
COSMOS 1637
1 15619U 85023C   26145.47063154  .00000011  00000-0  17972-3 0  9999
2 15619  74.0523 139.4328 0015407 323.0373 205.3933 12.47243806874947
ONEWEB-0018
1 45434U 20020L   26145.40517226  .00000000  00000-0 -35142-4 0  9999
2 45434  87.8912  25.5988 0001813  69.1986 290.9336 13.11418753299642
RAPIDEYE 4
1 33316U 08040E   26145.06840908  .00001445  00000-0  10856-3 0  9998
2 33316  97.3920 170.5506 0010673 122.2945 237.9317 15.04034751962306
HAIYANG 2A
1 37781U 11043A   26145.25623221  .00000227  00000-0  28308-3 0  9991
2 37781  99.3404 148.4322 0006890 132.0277 228.1460 13.74975946743503
COSMOS 1048
1 11111U 78105A   26145.61194426  .00000104  00000-0  45565-4 0  9991
2 11111  74.0279  16.4584 0015712 138.8500 221.3840 14.35246680484853
QIANFAN-136
1 69082U 26104K   26145.54228455  .00000082  00000-0  31664-4 0  9995
2 69082  88.9867 344.2067 0003404 172.6202 187.5038 14.19911088  1870
COSMOS 923
1 10120U 77059A   26145.50187619  .00000096  00000-0  44539-4 0  9991
2 10120  74.0495  64.6640 0012893 345.4168  14.6610 14.32893938552612
LEMUR 2 ARIANNA
1 62699U 25009CU  26145.51148378  .00008747  00000-0  67074-3 0  9996
2 62699  97.6850 227.0855 0002238 190.9292 169.1884 15.02050290 74153
NADEZHDA 6
1 26384U 00033A   26145.37550628  .00000691  00000-0  11936-3 0  9992
2 26384  97.8405 121.4625 0014519  68.5316 291.7438 14.71316596384831
YAOGAN-30 AB
1 48861U 21055B   26145.52467487  .00002590  00000-0  19299-3 0  9990
2 48861  34.9956 289.9858 0004698 248.4581 111.5627 15.02546279269767
XINGYUN-2 02
1 45603U 20028B   26145.47962362  .00002471  00000-0  14986-3 0  9992
2 45603  97.5081 151.8723 0011043 359.3077   0.8136 15.11432392331400
LEMUR-2 FIKRETDENGIZ
1 67363U 26004A   26145.94677975  .00004018  00000-0  44195-3 0  9998
2 67363  97.8015 144.8508 0007918 202.5733 157.5136 14.88135185 19972
YUNHAI 2-1C
1 43911U 18112C   26145.63283127  .00000422  00000-0  22915-3 0  9991
2 43911  50.0110  83.1715 0000664  39.2854 320.8109 14.28988114388568
AE5RA
1 66685U 25276V   26145.14497572  .00011096  00000-0  48511-3 0  9999
2 66685  97.4220 219.4414 0006403  95.6513 264.5454 15.22232556 26948
COSMOS 1959
1 19324U 88062A   26145.36401078  .00000080  00000-0  66298-4 0  9993
2 19324  82.9485 139.8873 0033893 181.4280 291.7502 13.76352479900569
LEMUR 2 LEIA-PHILIP
1 63246U 25052AN  26145.28088617  .00000715  00000-0  66706-4 0  9995
2 63246  97.6858  37.6159 0003103 326.0480  34.0543 14.97236231 65241
ONEWEB-0179
1 48212U 21031C   26145.35214756  .00003093  00000-0  10102-2 0  9996
2 48212  87.8968 292.4718 0219844 332.3878  26.5772 14.25533051245795
KUIPER-00261
1 67158U 25301AB  26145.23245057 -.00000292  00000-0 -92764-5 0  9992
2 67158  51.9042  92.1880 0000836  97.2937 262.8121 14.79935481 24999
GLOBAL-32
1 64231U 25118B   26145.51378888  .00011365  00000-0  30890-3 0  9998
2 64231  58.9931 224.0589 0010309  25.1699 334.9877 15.38028202 54751
ONEWEB-0505
1 54123U 22138L   26145.38007471  .00000054  00000-0  10164-3 0  9993
2 54123  87.9160 309.5118 0001662  78.9083 281.2236 13.19725387173804
COSMOS 887
1  9637U 76128A   26145.38091492  .00000060  00000-0  46259-4 0  9999
2  9637  82.9401 177.7297 0043820 310.7449  59.8478 13.76503464480558
ICEYE-X47
1 62389U 24247N   26145.63267017  .00002209  00000-0  13712-3 0  9997
2 62389  44.9968 117.4343 0000059 357.6573   2.4304 15.13040953 78765
ONEWEB-0473
1 51653U 22012AH  26145.42279069 -.00000534  00000-0 -15653-2 0  9990
2 51653  87.8851  40.8087 0001923  76.9141 283.2201 13.10372128206328
COSMOS 2279
1 23092U 94024A   26145.33763542  .00000040  00000-0  25777-4 0  9992
2 23092  82.9502 231.6982 0034014 316.9368  42.9128 13.76645145610918
ORBVIEW 2 (SEASTAR)
1 24883U 97037A   26145.36762684  .00000192  00000-0  82913-4 0  9990
2 24883  98.8671 311.7568 0002265 165.6094 194.5156 14.35539514519470
LIBERTAD 1
1 31128U 07012M   26145.38288553  .00000845  00000-0  16379-3 0  9991
2 31128  98.4374 114.7964 0085531 150.8008 209.8014 14.63710922 14934
FLOCK 4G 11
1 62629U 25009W   26145.46539719  .00010362  00000-0  37268-3 0  9994
2 62629  97.3925 227.0394 0003787  66.7303 293.4335 15.28798217 75448
COSMOS 1321
1 12976U 81116B   26145.52366744 -.00000016  00000-0 -36113-5 0  9995
2 12976  73.9828  75.0021 0094648 296.4794 239.9551 12.28398759994966
JILIN-01 GAOFEN 3E
1 46457U 20065D   26145.48309279  .00051878  00000-0  62059-3 0  9993
2 46457  97.2280 197.6112 0010750 233.1432 126.8841 15.60765782316214
LT-1 01A
1 51284U 22007A   26145.45840780  .00000506  00000-0  60444-4 0  9998
2 51284  97.8102 153.2015 0001614  90.3582 269.7820 14.88426091235091
COSMOS 739
1  7828U 75045H   26145.40443145  .00000010  00000-0  16467-3 0  9997
2  7828  74.0145 142.0089 0031032   5.5637 146.0246 12.54207286334726
LEMUR 2 STAR-FOX
1 62696U 25009CR  26145.18041926  .00007942  00000-0  60895-3 0  9997
2 62696  97.6904 226.9653 0001964 178.8174 181.3056 15.02085933 74107
ZY 1
1 38038U 11079A   26145.54882015  .00000581  00000-0  20545-3 0  9994
2 38038  98.4076 213.3297 0006902  26.2574 109.9253 14.38194118755958
COSMOS 2248
1 22649U 93030D   26145.21787432  .00000039  00000-0  15652-3 0  9994
2 22649  82.5779 326.0107 0008937 351.1265   8.9668 12.63522097523512
HODOYOSHI 3
1 40015U 14033F   26145.48305434  .00000908  00000-0  11053-3 0  9990
2 40015  97.6401 309.4414 0034290  70.4809 290.0105 14.85334209644257
COSMOS 509
1 06122U 72057F   26145.37508523 -.00000026  00000-0 -71601-4 0  9992
2 06122  74.0277 251.6875 0015693  10.3510  67.0549 12.44996729447153
COSMOS 588
1 06845U 73069A   26145.38904045 -.00000014  00000-0  13753-4 0  9998
2 06845  74.0031  21.7478 0028903 188.8645 344.5856 12.48636202399551
ORBCOMM FM 25
1 25479U 98053E   26145.50847855  .00000711  00000-0  27379-3 0  9992
2 25479  45.0071  83.0060 0002525 175.0403 185.0471 14.39040789447036
DISKSAT B
1 67220U 25305B   26145.52021203  .00005619  00000-0  36909-3 0  9996
2 67220  45.0014 203.8308 0003687  14.6497 345.4485 15.08572249 23890
COSMOS 2278
1 23087U 94023A   26145.33265079  .00000004  00000-0  26901-4 0  9997
2 23087  71.0540  14.7448 0010829 270.3071  89.6811 14.14384236655642
FLOCK 4BE 19
1 60563U 24149CZ  26145.18233362  .00017533  00000-0  39609-3 0  9995
2 60563  97.3742 230.3128 0004076  35.3207 324.8310 15.43244270 98875
COSMOS 585
1  6825U 73064A   26145.42168764 -.00000014  00000-0  15299-4 0  9993
2  6825  74.0223 196.0897 0019037 206.4098 164.8587 12.68233364440319
ASTRO H
1 41337U 16012A   26145.50009644  .00001991  00000-0  11250-3 0  9996
2 41337  30.9985 220.6994 0009539  24.8509 335.2587 15.10404631563855
DISKSAT C
1 67219U 25305A   26145.54654347  .00008992  00000-0  57000-3 0  9999
2 67219  45.0014 203.1999 0005075  18.8296 341.2767 15.09275170 23906
KUIPER-00184
1 67139U 25301G   26145.22453942  .00002160  00000-0  33803-3 0  9995
2 67139  51.8989  81.9660 0001833 120.0073 240.1070 14.76457049 25419
LKW-2
1 43080U 17084A   26145.53952611  .00008301  00000-0  32546-3 0  9990
2 43080  97.1208 186.3981 0001632  25.9022 334.2298 15.25994645468236
LEMUR 2 DEVERILL-M-T
1 57391U 23100F   26145.54617119  .00023536  00000-0  62091-3 0  9993
2 57391  99.4491 177.7910 0008093 117.0465 243.1600 15.38485226157765
METEOR 2-7
1 12456U 81043A   26145.43490258  .00000084  00000-0  39525-4 0  9997
2 12456  81.2636 121.2144 0046702 193.9459 166.0426 14.11048509315849
COSMOS 1891
1 18402U 87087A   26145.53446823  .00000045  00000-0  32336-4 0  9998
2 18402  82.9230 231.7003 0049347 220.3465 139.4026 13.73929866935495
ONEWEB-0615
1 54676U 22166AL  26145.54173347  .00000158  00000-0  35071-3 0  9990
2 54676  87.9254 248.4927 0001740  99.2999 260.8332 13.21825436168453
IRIDIUM 7
1 24793U 97020B   26145.43410557  .00000253  00000-0  80122-4 0  9997
2 24793  86.3978  33.4031 0002543  84.8524 275.2963 14.36234536521017
LEMUR 2 BASS
1 58259U 23174D   26145.50786582  .00016455  00000-0  38443-3 0  9991
2 58259  97.3846 229.9180 0005934 241.6013 118.4637 15.42240666141863
AQUA
1 27424U 02022A   26145.48766875  .00000693  00000-0  14761-3 0  9994
2 27424  98.4265 114.3197 0001900  64.5333  83.4814 14.62116840279958
FOURIER
1 65298U 25185B   26145.21070921  .00009374  00000-0  12764-2 0  9996
2 65298  97.9641 228.8053 0017021 152.7910 207.4197 14.78840816 40441
SBSS (USA 216)
1 37168U 10048A   26145.56361488  .00003292  00000-0  16022-3 0  9997
2 37168  97.7364  30.5814 0079603 281.9205 121.6524 15.16376774849049
GEESAT 4-06
1 65124U 25170F   26145.51672969  .00001434  00000-0  19775-3 0  9990
2 65124  49.9848 279.2478 0018627 312.6293  47.3074 14.83918340 43060
STARLING 1
1 57388U 23100C   26145.53686181  .00001587  00000-0  11325-3 0  9999
2 57388  99.5135 158.6070 0005175   5.2549 354.8725 15.06585525156496
COSMOS 2245
1 22646U 93030A   26145.50933242  .00000050  00000-0  21511-3 0  9999
2 22646  82.5841 324.7470 0010932 314.6325  56.6226 12.64075936524210
ONEWEB-0404
1 50484U 21132R   26145.59506891  .00000057  00000-0  12594-3 0  9997
2 50484  87.8909  25.5620 0002053  88.4882 271.6481 13.11414699212735
OPS 5721
1  9415U 76091A   26145.43589757  .00000229  00000-0  10908-3 0  9992
2  9415  98.3554 297.4098 0016601 329.1638  30.8568 14.27839732349260
PADRE
1 64559U 25135AH  26145.28273488  .00001419  00000-0  14402-3 0  9994
2 64559  97.7698 259.2524 0001799  27.9764 332.1551 14.92405309 50436
NEONSAT-1
1 59587U 24077A   26145.50388000  .00013941  00000-0  37682-3 0  9993
2 59587  97.3488 229.4864 0010146 115.3674 244.8622 15.37791752116248
ICEYE-X78
1 68995U 26100R   26145.26877711  .00002730  00000-0  27722-3 0  9998
2 68995  97.7392  43.1491 0002143 159.9932 200.1371 14.91641916  3285
OPTOS
1 39420U 13066E   26145.37516296  .00001262  00000-0  18634-3 0  9997
2 39420  97.6837  11.4803 0118206  85.1148 276.3545 14.72256626668162
HULIANWANG DIGUI-33
1 64286U 25121D   26145.48088603  .00000035  00000-0  47396-4 0  9993
2 64286  86.5028  21.2737 0001689  88.3736 271.7591 13.24407644 47152
GONETS M 04
1 38736U 12041D   26145.50634252  .00000038  00000-0  20142-3 0  9993
2 38736  82.4779  84.9813 0026315 101.0817 259.3224 12.43903317620136
GONETS D1 7
1 27058U 01058D   26145.46987030  .00000010  00000-0 -40167-5 0  9996
2 27058  82.5356 216.4014 0003884  65.8312 294.3184 12.62086121124129
ONEWEB-0315
1 49101U 21075AC  26145.33735948  .00000422  00000-0  11389-2 0  9992
2 49101  87.8959 355.1883 0002182  88.5109 271.6269 13.12441878232177
HULIANWANG DIGUI-78
1 65310U 25187F   26145.48332661 -.00000110  00000-0  30113-4 0  9994
2 65310  50.0116 287.2136 0000605  98.7750 261.3190 13.29321982 36681
NUSAT-53 (JANE GOODALL)
1 68432U 26067S   26145.33285471  .00004972  00000-0  24572-3 0  9990
2 68432  97.4542 104.1489 0004372  97.0497 263.1235 15.18292941  8478
CHUANG XIN 1-03
1 37930U 11068A   26145.52857568  .00000322  00000-0  14063-3 0  9996
2 37930  98.6995 163.1160 0014824 178.3786 333.7160 14.30533602757411
KUIPER-00234
1 68581U 26072J   26145.50003471 -.00026675  00000-0 -26624-2 0  9993
2 68581  51.8959 290.1062 0005703 341.2716 259.0481 14.90899534  5114
CENTAURI-1
1 43809U 18099BD  26145.56996764  .00005318  00000-0  27881-3 0  9997
2 43809  97.4237 197.7773 0015353  52.0736 308.1882 15.16092711409072
HERMES-3
1 63835U 25052BR  26145.44162304  .00020768  00000-0  65230-3 0  9993
2 63835  97.3898  40.9248 0005246 184.1849 175.9351 15.33018177 66571
FLOCK 4H 4
1 66707U 25276AT  26145.51266146  .00005512  00000-0  26344-3 0  9992
2 66707  97.4231 219.4333 0006302  87.0160 273.1796 15.19404762 26970
ONEWEB-0576
1 56065U 23043V   26145.49049156  .00000291  00000-0  72621-3 0  9993
2 56065  87.9106 233.2809 0002315  98.9861 261.1532 13.16599793155974
ICEYE-X46
1 63258U 25052BA  26145.26803608  .00001446  00000-0  13674-3 0  9998
2 63258  97.6920  37.6000 0001724  86.6522 273.4896 14.95203427 65229
ONEWEB-0098
1 45442U 20020U   26145.61116210 -.00000535  00000-0 -15453-2 0  9994
2 45442  87.8913  25.5591 0001715  80.7339 279.3982 13.11414521299685
HULIANWANG DIGUI-23
1 63690U 25086D   26145.46596132  .00000027  00000-0  29352-4 0  9993
2 63690  86.5069 320.8865 0001429  82.5829 277.5467 13.24407769 51852
COSMOS 2452
1 35499U 09036B   26145.32822418  .00000025  00000-0  10560-3 0  9998
2 35499  82.4890  93.8243 0015404 184.0344 176.0614 12.43008740765934
LEMUR 2 UNTITLED-SC
1 63351U 25061A   26145.47611110  .00003815  00000-0  21730-3 0  9994
2 63351  97.5625 121.0088 0018430 349.2687  10.8148 15.13287493 64150
ONEWEB-0102
1 47258U 20100A   26145.56777379  .00000431  00000-0  11629-2 0  9997
2 47258  87.8951 355.1753 0001502  81.2540 278.8759 13.12443357261764
OUT OF THE BOX
1 68428U 26067N   26145.39553093  .00003508  00000-0  17432-3 0  9990
2 68428  97.4559 104.2265 0003563  83.2467 276.9173 15.18301440  8488
QIANFAN-131
1 69077U 26104E   26145.53906593  .00000083  00000-0  31835-4 0  9995
2 69077  88.9867 344.2062 0002794 167.5709 192.5551 14.20503091  1874
HULIANWANG DIGUI-80
1 65312U 25187H   26145.51666765 -.00000105  00000-0  41018-4 0  9995
2 65312  50.0036 287.2116 0000672  82.0806 278.0143 13.29321959 36681
AC1-003
1 66689U 25276Z   26145.44863700  .00002042  00000-0  10338-3 0  9993
2 66689  97.4211 219.1774 0004474  92.7142 267.4604 15.18110827 26951
ONEWEB-0291
1 49081U 21075G   26145.38242121  .00000049  00000-0  92112-4 0  9990
2 49081  87.9161  10.3965 0001810  96.7563 263.3774 13.17651919230602
ONEWEB-0128
1 47274U 20100S   26145.31192648 -.00000240  00000-0 -70341-3 0  9995
2 47274  87.8947 355.2345 0001720  76.1102 284.0218 13.12442265261748
YAOGAN-35 05C
1 53763U 22109D   26145.42723587  .00005650  00000-0  23479-3 0  9998
2 53763  34.9898 140.2164 0001830  47.9422 312.1448 15.23154489206907
GONETS M 08 (M18)
1 40061U 14036A   26145.50954588  .00000084  00000-0  53125-3 0  9998
2 40061  82.5102 321.6728 0029646 196.8711 163.1386 12.42984777539635
KL-BETA A
1 49059U 21070A   26145.46677920  .00000019  00000-0  44172-5 0  9999
2 49059  89.0056 221.0211 0003713  95.4607 264.6992 13.94388887244761
ONEWEB-0024
1 45137U 20008G   26145.21376709 -.00000170  00000-0 -52426-3 0  9995
2 45137  87.8868  40.8291 0001807  78.7275 281.4055 13.10374410305235
KINEIS-2E
1 62931U 25028D   26145.59755308  .00001283  00000-0  18938-3 0  9994
2 62931  97.8967 197.7117 0001174 114.0455 246.0878 14.76937153 69449
KUIPER-00088
1 65133U 25171B   26145.41699179  .00002100  00000-0  30439-3 0  9993
2 65133  51.8981 186.2899 0000256  51.6672 308.4314 14.79935564 44155
ORBCOMM FM 107
1 40087U 14040B   26145.50725267  .00000272  00000-0  93560-4 0  9998
2 40087  47.0036 199.5264 0000642 322.1880  37.8960 14.58906168631116
ONEWEB-0684
1 56720U 23068L   26145.32218306  .00000219  00000-0  54856-3 0  9995
2 56720  87.8999 263.7386 0000643  74.8714 285.2487 13.15547108146249
RISING 2
1 39769U 14029D   26145.50651719  .00004846  00000-0  41242-3 0  9990
2 39769  97.6527 214.4480 0003602  32.2758 327.8684 14.98264511650159
HULIANWANG DIGUI-09
1 62331U 24240J   26145.50750759  .00000057  00000-0  99694-4 0  9996
2 62331  86.5001 350.9172 0001494  84.2858 275.8446 13.24407365 69632
GLOBALSTAR M078
1 39076U 13005E   26145.55491155 -.00000217  00000-0 -63209-3 0  9992
2 39076  51.9896 352.5300 0000784 164.5656 195.5235 12.62259806613152
CENTISPACE-2 S5
1 68354U 26060E   26145.36569931  .00000212  00000-0  64185-4 0  9993
2 68354  54.9757 128.9918 0013021  93.4459 266.8029 14.73290319  9409
ONEWEB-0564
1 55801U 23029F   26145.33260234  .00000127  00000-0  28003-3 0  9992
2 55801  87.9167 279.0124 0002304  98.2558 261.8836 13.20773018158134
ONEWEB-0456
1 51646U 22012AA  26145.43609086 -.00000533  00000-0 -15636-2 0  9999
2 51646  87.8867  40.7802 0001773  73.3527 286.7794 13.10379133206365
ONEWEB-0617
1 55158U 23004U   26145.40686673  .00000007  00000-0 -15148-4 0  9992
2 55158  87.8916  25.6002 0002046  92.4242 267.7120 13.11417627162877
DOVE 2
1 39132U 13015C   26145.26889865  .00211574  22725-4  75981-3 0  9993
2 39132  64.8506 190.6691 0019218 290.2181  69.6913 15.88256869723100
ELEVATION-1
1 62677U 25009BW  26145.20631115  .00028428  00000-0  69817-3 0  9999
2 62677  97.3836 230.1594 0003887  59.5526 300.6104 15.40629128133287
XRISM
1 57800U 23137A   26145.42085700  .00004149  00000-0  22865-3 0  9994
2 57800  31.0009 147.0486 0007538  94.5976 265.5524 15.12232447149417
HJS-7C
1 65619U 25209C   26145.49847701 -.00000043  00000-0  15333-3 0  9999
2 65619  49.9996  81.7302 0002313  39.6902 320.4145 13.41459446 34595
TK-2
1 52150U 22031A   26145.50304916  .00002930  00000-0  21967-3 0  9999
2 52150  97.8315 341.3806 0015220 199.1598 160.9056 15.03394015227059
ESTCUBE 1
1 39161U 13021C   26145.09371504  .00001299  00000-0  17283-3 0  9999
2 39161  97.7307 200.0898 0009803  91.5696 268.6640 14.81317203701604
ONEWEB-0151
1 48066U 21025AA  26145.21915438 -.00000271  00000-0 -77776-3 0  9994
2 48066  87.8940 324.7950 0001670  89.8824 270.2496 13.13468418250573
KUIPER-00163
1 65777U 25217R   26145.50454741  .00125954  00000-0  60862-3 0  9998
2 65777  51.8952  23.3934 0002279 169.9499 190.1552 15.81669805 36804
CYGFM04
1 41885U 16078B   26145.06056655  .00027252  00000-0  32448-3 0  9991
2 41885  34.9340  22.4216 0007883 328.3714  31.6537 15.60045850525384
USA 485
1 62756U 25014X   26145.47693167  .00181172  00000-0  10888-2 0  9996
2 62756  42.9991 248.8539 0001544 273.6531  86.4162 15.76430780 77183
ONEWEB-0321
1 49191U 21083F   26145.39824905  .00000154  00000-0  34709-3 0  9992
2 49191  87.9173 278.9786 0001617  97.8028 262.3289 13.20770543233829
COSMOS 738
1  7827U 75045G   26145.55474031 -.00000026  00000-0 -69875-4 0  9991
2  7827  74.0178 241.1077 0025816 304.4140  67.4023 12.44241391316196
HULIANWANG DIGUI-110
1 66920U 25285F   26145.27964419 -.00000095  00000-0  63228-4 0  9995
2 66920  50.0100 228.0873 0000990 212.6284 147.4528 13.29325843 23011
DEIMOS
1 60526U 24149BL  26145.13996127  .00018084  00000-0  40772-3 0  9999
2 60526  97.3778 230.9554 0005268  24.4470 335.7026 15.43291121 98891
IRIDIUM 38
1 25043U 97069E   26145.38761930  .00000359  00000-0  11107-3 0  9990
2 25043  86.3940  89.2324 0004070  72.0455 288.1187 14.38468595495149
YAOGAN-35 02A
1 52907U 22068A   26145.53261255  .00007363  00000-0  29887-3 0  9994
2 52907  34.9913 281.2385 0010986 233.5495 126.4207 15.23834447218439
BALKAN-1
1 62611U 25009C   26145.17767689  .00006787  00000-0  27725-3 0  9995
2 62611  97.3921 224.7063 0008319  64.4294 295.7803 15.24673639 75252
HULIANWANG DIGUI-86
1 65821U 25220E   26145.46987454  .00000063  00000-0  11189-3 0  9990
2 65821  86.4984  51.5026 0001682  81.8160 278.3165 13.24417530 31919
RAISE-4
1 67073U 25297B   26145.39022554  .00003190  00000-0  20635-3 0  9998
2 67073  97.5089 293.9362 0013917 113.3394 246.9300 15.08816901 24450
HULIANWANG DIGUI-06
1 62328U 24240F   26145.52257422  .00000070  00000-0  12968-3 0  9996
2 62328  86.4982 350.7628 0001336  80.5448 279.5837 13.24405969 69642
HAWK-9A
1 59446U 24066E   26145.07625847  .00001183  00000-0  11482-3 0  9995
2 59446  45.6114  36.6818 0003500 275.6163  84.4319 14.99055020116362
SKYSAT C4
1 41771U 16058B   26145.32257162  .00015751  00000-0  30518-3 0  9995
2 41771  96.9191 168.0633 0001927  66.6079 293.5375 15.47777027541930
ONEWEB-0691
1 61599U 24188F   26145.61201101 -.00000523  00000-0 -15129-2 0  9995
2 61599  87.8927  25.4593 0002157  86.4184 273.7190 13.11414249 81522
ODIN
1 26702U 01007A   26145.05170487  .00117209  00000-0  10307-2 0  9998
2 26702  97.3902 184.6319 0004661 172.6884 187.4446 15.68405857385766
EAGLEEYE
1 60508U 24149AS  26145.52685684  .00074180  00000-0  70372-3 0  9993
2 60508  97.3723 237.6862 0001366 325.3658  34.7514 15.66678842 99380
COSMOS 2354
1 25365U 98036C   26145.57878015  .00000003  00000-0 -28596-4 0  9994
2 25365  82.5852   0.7062 0352474 284.6658  96.7486 12.20878926245312
GAOFEN 10R
1 44622U 19066A   26145.55120715  .00000937  00000-0  12210-3 0  9992
2 44622  98.0488  98.9680 0004886 196.5854 163.5200 14.83001236359025
DUMMY CUBESAT
1 52983U 22065H   26145.35774515  .00000337  00000-0  79082-4 0  9990
2 52983  98.2253 286.6534 0008966  95.1279 265.0945 14.60576274206814
COSMOS 505
1  6118U 72057B   26145.54277911 -.00000021  00000-0 -25530-4 0  9995
2  6118  74.0278 243.7806 0092920 240.1032 130.5613 12.59820998476223
IKONOS 2
1 25919U 99051A   26145.43267715  .00001980  00000-0  17645-3 0  9997
2 25919  98.1371  33.4119 0004503 281.0639  79.0075 14.97254699435511
COSMOS 1862
1 18152U 87055A   26145.47342446  .00006162  00000-0  20105-3 0  9990
2 18152  82.4855 329.6735 0010365 101.2840 258.9566 15.31528074101589
IRIDIUM 129
1 42958U 17061D   26145.41387110  .00000229  00000-0  74642-4 0  9996
2 42958  86.3990  34.7730 0002296  90.7190 269.4269 14.34219634451537
ORBCOMM FM 113
1 41185U 15081G   26145.38149968  .00000359  00000-0  11215-3 0  9990
2 41185  47.0022  18.4505 0001016 103.7928 256.3071 14.58828501555604
OAO 2
1  3597U 68110A   26145.42724660  .00000137  00000-0  41953-4 0  9996
2  3597  34.9920 196.7634 0004947  92.5067 267.6190 14.47342105 30221
ONEWEB-0284
1 49002U 21060AM  26145.50791432 -.00000035  00000-0 -12438-3 0  9994
2 49002  87.9105 233.2753 0001903 110.0667 250.0669 13.16592697236611
ORBCOMM FM 32
1 25982U 99065C   26145.41948820  .00000566  00000-0  23635-3 0  9998
2 25982  45.0158 281.0055 0005718 289.9084  70.1148 14.37096110383819
JY1SAT
1 43803U 18099AX  26145.44966374  .00017010  00000-0  53839-3 0  9996
2 43803  97.4148 208.2173 0005061   9.0225 351.1107 15.32817851410145
ONEWEB-0046
1 45447U 20020Z   26145.40856636  .00000233  00000-0  62126-3 0  9992
2 45447  87.8916  25.6013 0002068  82.9639 277.1724 13.11418272299623
OOV-CUBE
1 60240U 24128F   26145.43134621  .00002651  00000-0  20894-3 0  9991
2 60240  61.9953 304.9145 0047533 128.7761 231.7591 15.02640154102691
GLOBALSTAR M073
1 37193U 10054F   26145.33538834 -.00000094  00000-0  56642-4 0  9999
2 37193  52.0034 133.8524 0000397 358.3166 140.8032 12.62267114721040
COSMOS 256
1  3576U 68106A   26145.45784865 -.00000244  00000-0 -58389-3 0  9995
2  3576  74.0464 125.2720 0033072 133.6998  14.8368 13.16881818762708
ONEWEB-0490
1 54113U 22138A   26145.38954832  .00000083  00000-0  17417-3 0  9994
2 54113  87.9159 309.5100 0001667  89.3724 270.7600 13.19726492173823
SWARM C
1 39453U 13067C   26145.50421933  .00010560  00000-0  18497-3 0  9990
2 39453  87.3333  63.2433 0003195  86.1177 274.0449 15.50429550702692
LEMUR-2 PEGGY-2004
1 68479U 26067BR  26145.62730916  .00006484  00000-0  63809-3 0  9998
2 68479  97.7529 104.2402 0002018  48.3621 311.7771 14.92421819  8368
LANDSAT 5
1 14780U 84021A   26145.47915063  .00000938  00000-0  68933-4 0  9991
2 14780  98.0696  63.6934 0068439 191.5102 168.4562 15.04355081787972
ONEWEB-0502
1 54120U 22138H   26145.40691155  .00000123  00000-0  27552-3 0  9997
2 54120  87.9158 309.4945 0001793  85.0088 275.1249 13.19726539173822
ONEWEB-0237
1 48770U 21045D   26145.56462623  .00000110  00000-0  25895-3 0  9994
2 48770  87.8989 263.7138 0001700  93.7347 266.3978 13.15549985241411
OKEAN 1
1 19274U 88056A   26145.15362686  .00007271  00000-0  22603-3 0  9998
2 19274  82.4698 185.1870 0010549 257.9220 102.0840 15.33098925 46794
RANGE A
1 43773U 18099R   26145.56380539  .00003805  00000-0  21788-3 0  9993
2 43773  97.3984 188.8068 0011953  70.3895 289.8625 15.13156258409073
LEMUR 2 LANGER2SPACE
1 63358U 25061H   26145.48133864  .00004138  00000-0  23035-3 0  9996
2 63358  97.5601 121.3417 0016157 342.5697  17.4978 15.14091664 64182
STERKH 2
1 35866U 09049B   26145.63058729  .00000085  00000-0  56411-4 0  9992
2 35866  98.7136 107.0179 0003132   7.5576 352.5649 14.23967552866433
CO3D4
1 64901U 25156C   26145.47892171  .00002173  00000-0  10348-3 0  9998
2 64901  97.4326 224.4984 0001412  58.8814 301.2559 15.20191652 46083
COSMOS 726
1  7736U 75028A   26145.50102088  .00000042  00000-0  25501-4 0  9990
2  7736  82.9966 238.7029 0027237 109.8842 250.5255 13.78452900570565
BRO-20
1 66674U 25276J   26145.48694073  .00003470  00000-0  17387-3 0  9993
2 66674  97.4173 219.0349 0008096  86.4968 273.7192 15.17993206 26950
COSMOS 1994
1 19785U 89009A   26145.35066307  .00000019  00000-0  45013-4 0  9991
2 19785  82.6230   6.3313 0013123   6.3349 167.1337 12.64342346720499
YAOGAN-47
1 66988U 25289A   26145.15497815  .00005076  00000-0  21450-3 0  9994
2 66988  97.5027 215.4753 0003500 118.2553 241.9037 15.23689916 25428
GAOFEN 11 04
1 54818U 22176A   26145.52484944  .00005285  00000-0  22385-3 0  9995
2 54818  97.4195 278.9793 0007626  50.1755 310.0152 15.23564842189800
CUBESAT XI 4
1 27848U 03031J   26145.46453734  .00000221  00000-0  11605-3 0  9991
2 27848  98.6770 154.0402 0008192 270.2413  89.7827 14.23606827188145
LYRA-3
1 64577U 25135BB  26145.56288942  .00001295  00000-0  20181-3 0  9999
2 64577  97.7716 251.4864 0021988  58.1246 302.2099 14.74406619 49934
ALICE
1 39467U 13072F   26145.44911735  .00005579  00000-0  28248-3 0  9997
2 39467 120.4598 213.8613 0159974 332.4274  26.8384 15.08472113111842
KUIPER-00454
1 68948U 26098AF  26145.37141784  .00007278  00000-0  26640-3 0  9998
2 68948  51.8770 178.3288 0016238  60.8650 299.3956 15.28983199  3839
ONEWEB-0062
1 45163U 20008AJ  26145.39943058  .00000498  00000-0  13901-2 0  9995
2 45163  87.8858  40.8006 0001432  72.7049 287.4235 13.10370420305204
ONEWEB-0304
1 49092U 21075T   26145.38748459  .00000040  00000-0  70751-4 0  9993
2 49092  87.9153  10.4045 0001865  89.0610 271.0735 13.17650987230576
HULIANWANG DIGUI-136
1 67244U 25311J   26145.57443589 -.00000085  00000-0  84898-4 0  9993
2 67244  50.0075 196.7977 0000929 247.5464 112.5310 13.29323481 20337
COSMOS 2438
1 32955U 08025C   26145.58468186  .00000199  00000-0  13531-2 0  9997
2 32955  82.5042   6.8965 0021454 356.5514   3.5415 12.43369132817026
ONEWEB-0034
1 45454U 20020AG  26145.40003330 -.00000196  00000-0 -59285-3 0  9997
2 45454  87.8917  25.5986 0001788  80.5299 279.6031 13.10935743299606
QPS-SAR-12 KUSHINADA-I
1 65116U 25169A   26145.34395357  .00003899  00000-0  31772-3 0  9991
2 65116  42.0103 141.7595 0005887  58.5857 301.5544 15.00610520 43985
YAOGAN-30 AE
1 49028U 21065C   26145.17753435  .00002327  00000-0  17371-3 0  9996
2 49028  34.9942  53.0359 0001253 268.3168  91.7397 15.02541028265160
COSMOS 1925
1 18938U 88016B   26145.55020507 -.00000007  00000-0  60448-4 0  9998
2 18938  74.0054  82.1279 0023839 358.6563 176.2281 12.46849207738953
YAOGAN-36 01A
1 53943U 22120A   26145.46784956  .00007284  00000-0  30064-3 0  9995
2 53943  34.9917  67.7880 0004019 168.1574 191.9235 15.23321918203843
HULIANWANG DIGUI-119
1 67059U 25295A   26145.60276890 -.00000083  00000-0  89369-4 0  9997
2 67059  50.0026 106.7820 0000864 354.7541   5.3322 13.29327483 22497
COSMOS 796
1 08612U 76008F   26145.28821024 -.00000003  00000-0  89950-4 0  9992
2 08612  74.0558 343.1524 0027980 247.0787 287.2340 12.43168171283699
ONEWEB-0588
1 55153U 23004P   26145.49702953  .00000064  00000-0  12961-3 0  9997
2 55153  87.9157 339.9871 0001988 103.8170 256.3184 13.18686932166700
COSMOS 2588
1 64095U 25109A   26145.76166595  .00009246  00000-0  33358-3 0  9990
2 64095  72.9716 259.4304 0010272 159.4117 200.7494 15.28616012 56183
COSMOS 2008
1 19902U 89025A   26145.57562845 -.00000018  00000-0 -69904-5 0  9999
2 19902  74.0113  68.7507 0050341 301.2548 232.0669 12.57869964706703
IRS 1C
1 23751U 95072A   26145.45057169  .00000073  00000-0  52419-4 0  9991
2 23751  99.0221 163.9432 0001226  86.5429 273.5889 14.23562436578330
MR-1
1 67557U 26015B   26145.64454717  .00000047  00000-0  51968-4 0  9994
2 67557  88.9986 270.8216 0004887 126.0049 234.1557 13.52666634 16663
RAPIDEYE 2
1 33312U 08040A   26145.34055959  .00001332  00000-0  97249-4 0  9996
2 33312  97.4259 176.0209 0016352 301.4442  58.5186 15.05231968962538
ONEWEB-0517
1 54135U 22138Y   26145.45746261  .00000062  00000-0  12242-3 0  9999
2 54135  87.9156 309.4953 0002089  90.7469 269.3903 13.19726263173837
LAPAN-TUBSAT
1 29709U 07001A   26145.49390812  .00001257  00000-0  15057-3 0  9995
2 29709  98.1346 144.2080 0010680 259.4247 100.5765 14.85926368 47789
ONEWEB-0028
1 45140U 20008K   26145.39164808 -.00000472  00000-0 -13796-2 0  9994
2 45140  87.8906  25.6104 0002350  76.7424 283.3965 13.10853137305637
CENTISPACE-2 S3
1 68352U 26060C   26145.37618741 -.00000039  00000-0  25658-4 0  9996
2 68352  54.9797 129.0816 0010420  79.1040 281.1130 14.73368265  9406
COSMOS 1326
1 12981U 81116G   26145.53267083 -.00000002  00000-0  11159-3 0  9993
2 12981  73.9830 339.1013 0082417 182.8647 206.6189 12.30855986979386
OSCAR 23 (KITSAT 1)
1 22077U 92052B   26145.52945823 -.00000036  00000-0  10242-3 0  9994
2 22077  66.0857 328.5772 0014962 288.6112 100.5372 12.86612036586772
LANDSAT 2
1 07615U 75004A   26145.38434456  .00000174  00000-0  15596-3 0  9991
2 07615  99.0389 100.9381 0009113  19.9982 340.1536 13.96974715615942
CS1
1 49261U 21088B   26145.12198706  .00015010  00000-0  45753-3 0  9997
2 49261  97.3780 208.4063 0013242 156.5898 203.5950 15.33968854256880
METEOR 3-2
1 19336U 88064A   26145.51829949 -.00000107  00000-0 -30859-3 0  9991
2 19336  82.5438 346.8427 0015981 264.1015 123.5541 13.17282044818674
ARVAKER-1
1 63252U 25052AU  26145.25122993  .00002068  00000-0  19693-3 0  9990
2 63252  97.6902  36.9198 0001347 337.1519  22.9641 14.94460136 65185
COSMOS 1331
1 13027U 82001A   26145.43157700  .00000089  00000-0  38159-4 0  9996
2 13027  74.0464 197.7531 0023009 151.2221 209.0208 14.37721595324308
KUIPER-00247
1 67152U 25301V   26145.51626661  .00003337  00000-0  46642-3 0  9994
2 67152  51.8964  78.3765 0000865  82.1660 277.9401 14.79936263 25214
SKYKRAFT-1
1 55041U 23001AJ  26145.49582531  .00048385  00000-0  50480-3 0  9994
2 55041  97.3191 221.8629 0005462 146.3700 213.7907 15.64365467189504
COSMOS 570
1 06681U 73037G   26145.46582084 -.00000018  00000-0 -48563-5 0  9998
2 06681  74.0205  49.8221 0092437 199.2704 333.7719 12.63533187442770
WORLDVIEW 3
1 40115U 14048A   26145.45988530  .00000728  00000-0  91695-4 0  9999
2 40115  97.8569 220.6066 0002429  61.8130 298.3330 14.84977069638533
QIANFAN-69
1 62799U 25016Q   26145.52578132  .00000095  00000-0  12816-3 0  9993
2 62799  88.9709  85.9419 0013756 227.5750 132.4238 13.51012550 69395
HAWK-10C
1 60575U 24149DM  26145.63620852  .00001504  00000-0  13767-3 0  9990
2 60575  97.6740 220.6756 0004673 119.9848 240.1838 14.96434022 96619
SSD
1 13792U 83008B   26145.34509331  .00000035  00000-0  80749-4 0  9997
2 13792  63.3366 116.1579 0564102 139.7573 224.6670 13.47497848 99802
GRACE-FO 1
1 43476U 18047A   26145.52057896  .00003434  00000-0  90664-4 0  9997
2 43476  88.9939 201.0694 0010373 182.6139 177.5064 15.38086305446315
QIANFAN-29
1 61562U 24185L   26145.48767419  .00000068  00000-0  86208-4 0  9996
2 61562  88.9812  64.3730 0008192 305.2833  54.7551 13.51069791 89900
GHGSAT-C1
1 46278U 20061G   26145.48135267  .00034336  00000-0  29121-3 0  9997
2 46278  97.2107 229.8865 0002714 121.7744 238.3783 15.69599883319915
ORBCOMM FM 114
1 41179U 15081A   26145.17217580  .00000263  00000-0  91890-4 0  9998
2 41179  47.0038 110.8128 0001316  82.6624 277.4411 14.58825699554395
QIANFAN-26
1 61559U 24185H   26145.50803747  .00000213  00000-0  19962-3 0  9994
2 61559  88.9838  62.0618 0003695 222.8702 137.2177 13.77902577 91221
COSMOS 1852
1 18113U 87051A   26145.38378144  .00000013  00000-0  20223-3 0  9997
2 18113  74.0008 153.9970 0017103 337.1737  22.8548 12.44885899769595
YAOGAN-36 04B
1 54748U 22171C   26145.93373785  .00015622  00000-0  64795-3 0  9994
2 54748  35.0068 334.8767 0002825 331.7062  28.3499 15.23035771191997
COSMOS 1428
1 13757U 83001A   26145.50595817  .00000047  00000-0  31929-4 0  9992
2 13757  82.9134  58.6782 0033589 307.9175 226.1519 13.77087457178571
COSMOS 991
1 10692U 78022A   26145.34367828  .00000044  00000-0  29125-4 0  9997
2 10692  82.9878 263.5262 0036168 354.7646  58.7836 13.76568966422234
ZHUHAI-1 OHS-02
1 43441U 18040C   26145.52381556  .00007044  00000-0  28051-3 0  9996
2 43441  97.0390 171.0193 0007727 320.9735  39.0946 15.25496937110824
ZHANGHENG 1
1 43194U 18015C   26145.50418899  .00006145  00000-0  27934-3 0  9992
2 43194  97.6855 310.7165 0015823 347.2604  12.8229 15.21022084461191
OPS 5390
1 11389U 79050A   26145.63590490  .00000096  00000-0  54875-4 0  9995
2 11389  98.6294 100.5191 0011269 202.8353 157.2329 14.29335211372485
ALSAT 1B
1 41785U 16059C   26145.47232043  .00000658  00000-0  11163-3 0  9993
2 41785  97.7760 155.2173 0008089 306.2275  53.8184 14.72255536517234
YAOGAN-30 N
1 44449U 19045A   26145.31745318  .00002120  00000-0  15852-3 0  9993
2 44449  34.9925 109.4706 0002711  76.2111 283.8899 15.02519739373175
ONEWEB-0339
1 49205U 21083V   26145.50017676  .00000185  00000-0  47164-3 0  9993
2 49205  87.8940 324.7468 0001513  88.5613 271.5689 13.13468725227912
OPS 1294 (DMSP 5D-2 F7)
1 14506U 83113A   26145.45500759  .00000197  00000-0  93030-4 0  9991
2 14506  98.4231 291.5502 0009663 301.2744 103.0670 14.29816131212248
SENTINEL 1A
1 39634U 14016A   26145.46465090  .00000316  00000-0  76759-4 0  9997
2 39634  98.1788 153.3296 0001421  83.3467 276.7894 14.59200574646709
COSMOS 1821
1 17525U 87017A   26145.57035933  .00000064  00000-0  51595-4 0  9995
2 17525  82.9131 184.7329 0037010  13.0342 140.6997 13.73948707952117
METEOR 1-22
1 08293U 75087A   26145.34367818  .00000063  00000-0  26324-4 0  9997
2 08293  81.2574   7.6573 0075421  33.1176 327.4685 14.12924226609844
YAOGAN 12
1 37875U 11066B   26145.51851065  .00009038  00000-0  35092-3 0  9995
2 37875  97.1161 185.1564 0008434 313.6431  46.4108 15.26266530808585
HULIANWANG DIGUI-65
1 65171U 25174H   26145.51115391  .00000042  00000-0  64206-4 0  9991
2 65171  86.4877 259.4825 0002019  94.7120 265.4245 13.24404430 37780
SHENZHOU-23
1 69180U 26113A   26145.51067809  .00014512  00000-0  17905-3 0  9999
2 69180  41.4679  99.9009 0011051 279.1269  80.8319 15.59810900289654
ONEWEB-0418
1 50493U 21132AA  26145.50194764  .00000054  00000-0  10389-3 0  9997
2 50493  87.9169 339.9705 0002033  95.0947 265.0417 13.18685125218670
ONEWEB-0210
1 48787U 21045W   26145.56305199  .00000094  00000-0  21470-3 0  9992
2 48787  87.9002 263.6909 0001827  72.3523 287.7807 13.15549567241346
SMOS
1 36036U 09059A   26145.53385893  .00000204  00000-0  79091-4 0  9999
2 36036  98.4429 333.2008 0001311  92.1529 267.9809 14.39758578870192
COSMOS 2613
1 68763U 26083J   26145.60166419  .00002858  00000-0  19309-3 0  9998
2 68763  97.7764 283.3875 0010888 126.8063 233.4165 15.07370061  5806
COSMOS 2490
1 39485U 13076C   26145.52603244 -.00000005  00000-0 -10648-3 0  9999
2 39485  82.4829 182.2628 0022104 157.6934 202.5112 12.42877091563061
QIANFAN-84
1 63170U 25046M   26145.45528602  .00000141  00000-0  20009-3 0  9994
2 63170  88.9691 303.0785 0016067  19.3633 340.8126 13.51030745 69504
ONEWEB-0212
1 48791U 21045AA  26145.31665763  .00000242  00000-0  60951-3 0  9998
2 48791  87.8999 263.7433 0001891 101.8637 258.2705 13.15548911241424
CHECKMATE 4
1 56164U 23050C   26145.31830110  .00000101  00000-0  79932-4 0  9993
2 56164  81.0006  93.7672 0006727  42.2786 317.8887 13.84810611158979
ONEWEB-0538
1 56047U 23043B   26145.54116816  .00000012  00000-0 -29062-5 0  9992
2 56047  87.9107 233.2699 0001846 107.3990 252.7342 13.16593323155998
ONEWEB-0043
1 45149U 20008U   26145.44936548  .00000025  00000-0  36281-4 0  9995
2 45149  87.8857  40.7922 0002390  76.0864 284.0529 13.10375167305201
EGYPTSAT 2
1 39678U 14021A   26145.37108088  .00000062  00000-0  54713-4 0  9996
2 39678  51.6179 269.5398 0000645 139.9302 220.1694 14.56049886639898
ICEYE-X53
1 64584U 25135BJ  26145.55708988  .00003387  00000-0  27071-3 0  9992
2 64584  97.7396 262.4362 0001711 136.5216 223.6143 15.00913089 50685
COSMOS 654
1 07297U 74032A   26145.59497748 -.00000061  00000-0  26178-4 0  9998
2 07297  64.9498 351.5773 0067713 332.7370  57.6324 13.79613830621868
COSMOS 641
1 07265U 74024A   26145.35027488 -.00000007  00000-0  55950-4 0  9998
2 07265  74.0192 350.8984 0060570 312.8719 221.1592 12.57355918390731
ONEWEB-0672
1 55831U 23029AM  26145.36625310  .00000013  00000-0  40250-6 0  9993
2 55831  87.9175 278.9849 0002085 104.9577 255.1788 13.20771069158136
FLOCK 4G 10
1 62670U 25009BP  26145.19595614  .00010749  00000-0  38701-3 0  9998
2 62670  97.3924 226.4878 0005678  69.5620 290.6229 15.28746814133023
YAM-15
1 68997U 26100T   26145.47042339  .00001470  00000-0  15137-3 0  9990
2 68997  97.7387  43.3455 0001987 179.2772 180.8450 14.91770300  3311
ONEWEB-0520
1 54138U 22138AB  26145.46062895  .00000089  00000-0  18996-3 0  9998
2 54138  87.9159 309.4947 0001629  85.2028 274.9290 13.19726431173822
NOAA 9
1 15427U 84123A   26145.31667104  .00000096  00000-0  70575-4 0  9996
2 15427  99.1001 171.4233 0015525  57.3576 313.6658 14.17061161140187
QIANFAN-60
1 62790U 25016F   26145.45994803  .00000111  00000-0  15339-3 0  9995
2 62790  88.9713  86.0623 0013739 225.9664 134.0356 13.51008543 69337
TIANPING 3A-01
1 61614U 24189A   26145.51466618  .00002720  00000-0  21754-3 0  9990
2 61614  97.5221 166.4612 0003115  69.9574 290.1986 15.01012298 87089
KUIPER-00157
1 65970U 25228Z   26145.29846814  .00003559  00000-0  49574-3 0  9990
2 65970  51.9035 359.4686 0000635 106.8704 253.2328 14.79922994 34887
GEESAT 6-06
1 65718U 25214G   26145.45127983  .00001360  00000-0  19288-3 0  9999
2 65718  49.9918  51.4102 0009825 149.8004 210.3502 14.83043522 36163
CINEMA 2
1 39424U 13066J   26145.53215896  .00001333  00000-0  15775-3 0  9993
2 39424  97.8860  76.7292 0074475 202.6578 157.1344 14.84363052672738
ONEWEB-0631
1 55171U 23004AH  26145.26265917  .00000052  00000-0  98450-4 0  9991
2 55171  87.9167 339.9976 0001716 105.0698 255.0624 13.18687537166656
SHIJIAN 6 01B (SJ-6 01B)
1 28414U 04035B   26145.53131602  .00006539  00000-0  45112-3 0  9999
2 28414  97.6059 163.6913 0003940 199.2956 160.8123 15.06127364183416
QIANFAN-66
1 62796U 25016M   26145.43940435  .00000093  00000-0  12559-3 0  9991
2 62796  88.9736  86.0559 0013091 220.5314 139.4863 13.51013509 69396
ONEWEB-0709
1 55172U 23004AJ  26145.39160276 -.00000482  00000-0 -13966-2 0  9994
2 55172  87.8908  25.6154 0000920  89.5999 270.5234 13.11418188162889
COSMOS 617
1  6985U 73104A   26145.53421860 -.00000009  00000-0  36778-4 0  9995
2  6985  74.0302  69.4829 0095531 107.0345  64.6956 12.63531737418363
SUPERVIEW NEO-2 04
1 62080U 24218C   26145.40144380  .00000224  00000-0  13646-4 0  9997
2 62080  97.4393 153.0618 0001290 113.1506 246.9865 15.19719372 82988
ONEWEB-0436
1 51633U 22012M   26145.12762063  .00000015  00000-0  57811-5 0  9993
2 51633  87.9161  10.4298 0001683  78.4707 281.6614 13.17649290210640
ACCENTURE-1
1 66767U 25276DF  26145.15621648  .00003322  00000-0  15842-3 0  9998
2 66767  97.4166 219.1544 0001105 104.4677 255.6681 15.19780591 26938
KUIPER-00167
1 65780U 25217U   26145.49576532  .00002405  00000-0  34432-3 0  9992
2 65780  51.8968  65.8960 0000856  95.4202 264.6858 14.79939837 36211
ONEWEB-0146
1 47292U 20100AL  26145.31025068 -.00000421  00000-0 -12044-2 0  9992
2 47292  87.8959 355.2102 0002037  78.4221 281.7136 13.12442579261674
ONEWEB-0620
1 55161U 23004X   26145.40177685 -.00000143  00000-0 -43831-3 0  9995
2 55161  87.8909  25.6110 0001589  88.5557 271.5753 13.11418722162848
LEOPARD
1 67687U 98067YD  26145.12106645  .00049348  00000-0  63782-3 0  9994
2 67687  51.6302  50.0450 0009759  97.5806 262.6296 15.58388834 16601
OAO 3 (COPERNICUS)
1  6153U 72065A   26145.52459372  .00000209  00000-0  47229-4 0  9999
2  6153  35.0050 219.5366 0006070  66.6055 310.6776 14.60046420857437
SMDC ONE 1.2
1 38759U 12048B   26145.58076700  .00011662  00000-0  47562-3 0  9991
2 38759  64.6580 251.9328 0097061 184.3667 175.6624 15.20521942112715
COSMOS 1410
1 13589U 82096A   26145.47377191  .00000046  00000-0  26007-3 0  9996
2 13589  82.6067 126.0431 0006485  11.4158 144.3534 12.42351391981134
COSMOS 871
1  9588U 76118A   26145.35328345  .00000006  00000-0  13548-3 0  9994
2  9588  74.0292 101.2133 0029592  15.9628  98.8144 12.55775443267399
STRIX-3
1 59224U 24047A   26145.52009208  .00007623  00000-0  36717-3 0  9998
2 59224  97.6614 120.8701 0014687 134.9415 225.3013 15.18946387121304
ONEWEB-0712
1 54680U 22166AQ  26145.26091982  .00000026  00000-0  35375-4 0  9990
2 54680  87.9107 233.3259 0001957  85.9975 274.1380 13.16593118169042
ONEWEB-0167
1 48064U 21025Y   26145.49933782  .00000168  00000-0  42401-3 0  9994
2 48064  87.8941 324.7510 0001109  94.0849 266.0407 13.13470608250597
OKEAN 2
1 20510U 90018A   26145.54994497  .00003413  00000-0  17477-3 0  9995
2 20510  82.4985 255.8956 0006854  39.5943 330.8271 15.16272532950633
DEORBITSAIL
1 40719U 15032E   26145.33248156  .00007071  00000-0  52221-3 0  9992
2 40719  97.5938   2.5966 0011343 319.8304  40.2082 15.03494003587816
COSMOS 1067
1 11168U 78122A   26145.52857550  .00000005  00000-0 -19985-4 0  9994
2 11168  82.9731 229.8540 0034897 241.6480 129.7855 13.20234422268113
COSMOS 2548
1 47230U 20091D   26145.54880891  .00000017  00000-0  54208-4 0  9990
2 47230  82.4993 315.7320 0014201 241.4373 118.5277 12.42929191248247
SKYMED 2
1 32376U 07059A   26145.47749669  .00000261  00000-0  39367-4 0  9993
2 32376  97.8885 329.4053 0001482  87.7966 272.3417 14.82148947998631
ONEWEB-0162
1 48056U 21025Q   26145.50511549  .00000082  00000-0  19040-3 0  9998
2 48056  87.8945 324.7421 0001934  94.5940 265.5410 13.13468158250568
COSMOS 504
1  6117U 72057A   26145.49773793 -.00000018  00000-0 -11277-4 0  9996
2  6117  74.0292  54.5228 0111546  20.8842 151.6690 12.63625292483730
COSMOS 1574
1 15055U 84062A   26145.38198220  .00000066  00000-0  53070-4 0  9998
2 15055  82.9561  95.0494 0028544 113.4966   2.7184 13.74557214102423
FLOCK 4Q 13
1 58328U 23174CA  26145.22008409  .00022363  00000-0  39232-3 0  9994
2 58328  97.3998 235.3823 0005669 215.8834 144.2037 15.50548170142112
POLYTECH UNIVERSE-5
1 61745U 24199L   26145.50035758  .00049682  00000-0  63688-3 0  9992
2 61745  97.2998  22.5702 0005237  20.1973 339.9489 15.59004528134143
COSMOS 983
1 10590U 78005H   26145.03528703 -.00000013  00000-0  18816-4 0  9994
2 10590  74.0330  11.1652 0046370  56.7383 303.8093 12.41511000192117
ONEWEB-0573
1 55152U 23004N   26145.50377727  .00000060  00000-0  11822-3 0  9996
2 55152  87.9161 339.9853 0001248 114.7133 245.4129 13.18686472166700
COSMOS 1192
1 11875U 80058A   26145.18664337 -.00000020  00000-0 -24448-4 0  9999
2 11875  74.0203  47.0118 0049616 156.2085 357.3479 12.57209950105413
COSMOS 1877
1 18336U 87074C   26145.41226509  .00000054  00000-0  23561-3 0  9993
2 18336  82.5625 312.2893 0002619  85.1493 300.7170 12.63666175785367
SJ-11-03
1 37730U 11030A   26145.53191672  .00000404  00000-0  85242-4 0  9990
2 37730  97.9323 110.3907 0009616 101.6311  35.2236 14.64307471793794
QIANFAN-104
1 66046U 25233P   26145.44947171  .00000137  00000-0  19318-3 0  9998
2 66046  89.0031  45.3934 0002137  75.9209 284.2179 13.51009504 30169
COSMOS 1473
1 14171U 83069A   26145.41091341 -.00000016  00000-0  26309-5 0  9994
2 14171  74.0276  20.0132 0044152 287.4185 246.5727 12.58766909970665
KUIPER-00133
1 65764U 25217C   26145.48770396  .00010561  00000-0  14125-2 0  9995
2 65764  51.9031  73.5465 0000903  93.4856 266.6210 14.79924148 36119
ION SCV-015
1 58469U 23185H   26145.54738734  .00006655  00000-0  21319-3 0  9991
2 58469  97.5756 233.7300 0009625 170.1646 189.9786 15.32684114137619
SHIYAN 6 (SY-6)
1 43711U 18094B   26145.00352140  .00004198  00000-0  14954-3 0  9999
2 43711  97.3601 159.3679 0011523 224.9478 135.0830 15.29430443417942
ESSA 8 (TOS-F)
1 03615U 68114A   26145.36459684 -.00000038  00000-0  40059-4 0  9992
2 03615 101.6995  94.9328 0032094   7.6016 352.5539 12.56249444633691
COSMOS 1383
1 13301U 82066A   26145.44191505  .00000037  00000-0  26020-4 0  9991
2 13301  82.9336  30.6792 0026476 323.0811 210.1221 13.68905237192590
MOMENTUS-X1
1 44408U 19038Y   26145.55091603  .00039912  00000-0  41396-3 0  9998
2 44408  97.6779 188.8980 0009763 100.8568 259.3790 15.64514393383013
COSMOS 2554
1 52202U 22036A   26145.49936292 -.00000071  00000-0  33551-5 0  9997
2 52202  67.1485 283.8391 0005777 258.4579 101.5857 13.96678215210787
LEMUR 2 GREENBERG
1 42837U 17042N   26145.47205259  .00015956  00000-0  54199-3 0  9997
2 42837  97.3815 326.2166 0010341  88.8915 271.3511 15.30513373484910
COSMOS 1875
1 18334U 87074A   26145.38840498  .00000020  00000-0  47208-4 0  9994
2 18334  82.5674 272.6740 0013800 158.0890 256.4902 12.66343798789184
NOAA 20
1 43013U 17073A   26145.44565868  .00000055  00000-0  47026-4 0  9996
2 43013  98.7766  85.1113 0001063  39.2955 320.8298 14.19506948441242
HULIANWANG DIGUI-79
1 65311U 25187G   26145.46643657 -.00000106  00000-0  39950-4 0  9996
2 65311  50.0046 287.6304 0000629 101.9032 258.1910 13.29318752 36675
COSMOS 394
1  4922U 71010A   26145.53433390  .00004654  00000-0  91868-4 0  9999
2  4922  65.8207 347.9268 0015635 238.5277 121.4346 15.48348162 54518
COSMOS 942
1 10288U 77079D   26145.45739245  .00000006  00000-0  15912-3 0  9993
2 10288  74.0254 332.6935 0044761 184.5186 187.3492 12.42258741193529
RAPTOR1
1 58957U 24028C   26145.49575857 -.00000012  00000-0  73061-4 0  9993
2 58957  39.9882 148.2079 0011185 123.7307 236.4507 13.70767176113945
KUIPER-00438
1 68940U 26098X   26145.37677676  .00013223  00000-0  40469-3 0  9996
2 68940  51.8731 177.6274 0006102  69.4908 290.6731 15.34136040  3843
METEOR 2-13
1 16408U 85119A   26145.42608940 -.00000010  00000-0 -22147-4 0  9997
2 16408  82.5357 272.2496 0015999 179.8739 180.2429 13.85589047 42844
ONEWEB-0720
1 55835U 23029AR  26145.45430083  .00000042  00000-0  71572-4 0  9999
2 55835  87.9151 309.5098 0001544  87.5126 272.6183 13.19726445155840
METEOR M2-4
1 59051U 24039A   26145.53327815  .00000002  00000-0  20764-4 0  9995
2 59051  98.7000 105.1180 0006090 230.0782 129.9861 14.22426858116049
KUIPER-00504
1 68885U 26095X   26145.50003471  .00042339  00000-0  36778-2 0  9999
2 68885  51.8897 356.1120 0013054 243.2421 177.5557 14.96537764  4603
COSMOS 2012
1 19906U 89025E   26145.25146374  .00000006  00000-0  14717-3 0  9998
2 19906  74.0105 327.8161 0010637 256.2437 277.7039 12.50246043696405
FUSE 1
1 25791U 99035A   26145.33080716  .00000377  00000-0  55688-4 0  9999
2 25791  24.9826 147.4345 0010006 204.5810 155.4222 14.44466388420658
STRELA 3
1 37153U 10043B   26145.49062685 -.00000002  00000-0 -88564-4 0  9994
2 37153  82.4559  92.5570 0008352 125.5503 234.6355 12.40791581711556
TOMORROW-S11
1 67399U 26004AN  26145.24140778  .00003976  00000-0  19156-3 0  9997
2 67399  97.4567 144.7848 0009192  70.4778 289.7449 15.19281554 20280
KANOPUS-V 6
1 43877U 18111B   26145.54699134  .00016818  00000-0  41024-3 0  9998
2 43877  97.3718  62.3833 0002536  78.2385 281.9146 15.40946166412033
IRIDIUM 146
1 43254U 18030F   26145.42897430  .00000127  00000-0  38122-4 0  9995
2 43254  86.3939 299.9367 0002060  90.7870 269.3562 14.34217987426878
RISAT-2BR1
1 44857U 19089F   26145.54532355  .00002964  00000-0  23040-3 0  9998
2 44857  36.9598 245.9653 0012239 343.8328  16.2022 15.01532037353799
SPACEEYE-T1
1 63229U 25052V   26145.25728897  .00004426  00000-0  19544-3 0  9994
2 63229  97.3980  38.1717 0003509 212.5420 147.5601 15.22248988 66353
COSMOS 2600
1 67674U 26023A   26145.46758373  .00026637  00000-0  12662-3 0  9998
2 67674  96.6530 218.6005 0010755 177.2457 182.8875 15.82801257 17190
ONEWEB-0497
1 54116U 22138D   26145.40534299  .00000066  00000-0  13249-3 0  9991
2 54116  87.9154 309.5038 0001749  92.3197 267.8136 13.19726439173800
ONEWEB-0249
1 48967U 21060A   26145.25380984  .00000059  00000-0  12115-3 0  9997
2 48967  87.9107 233.3311 0001922 102.8005 257.3341 13.16594355236596
HULIANWANG DIGUI-63
1 65169U 25174F   26145.48822267  .00000065  00000-0  11714-3 0  9991
2 65169  86.4954 259.6861 0002016  89.8780 270.2585 13.24400377 37786
COSMOS 1130
1 11538U 79084A   26145.24075635 -.00000006  00000-0  62498-4 0  9996
2 11538  74.0241  90.5046 0052423 122.4450  40.4776 12.56270912139934
IRIDIUM 137
1 43076U 17083G   26145.46410760  .00000058  00000-0  13672-4 0  9991
2 43076  86.3961 331.6631 0001729  94.3593 265.7800 14.34218301440913
ONEWEB-0273
1 48991U 21060AA  26145.49208590 -.00000084  00000-0 -25351-3 0  9998
2 48991  87.9109 233.2895 0001871  99.4282 260.7060 13.16592645236600
KUIPER-00448
1 68871U 26095H   26145.58646899  .00027884  00000-0  73718-3 0  9993
2 68871  51.8827 351.5680 0003229 197.4624 162.6253 15.38197940  4253
ONEWEB-0258
1 48976U 21060K   26145.53324245  .00000120  00000-0  28131-3 0  9990
2 48976  87.9107 233.2805 0001958 101.7956 258.3394 13.16593174236615
KUIPER-00442
1 68943U 26098AA  26145.38136676  .00011849  00000-0  36351-3 0  9997
2 68943  51.8762 177.6656 0006953  63.7475 296.4224 15.34164839  3842
IRS P6
1 28051U 03046A   26145.53663229  .00000443  00000-0  16189-3 0  9992
2 28051  98.1924 183.1586 0065257  50.9917 119.3321 14.36153839177276
P 76-5
1 08860U 76047A   26145.24730502  .00000055  00000-0  11891-3 0  9990
2 08860  99.9069 357.9607 0042573  56.8221  52.7720 13.68295152493256
HULIANWANG DIGUI-28
1 63695U 25086J   26145.50375032  .00000076  00000-0  14409-3 0  9997
2 63695  86.4987 320.5979 0001394  84.3977 275.7316 13.24408498 51856
NEONSAT-1A
1 67614U 26019A   26145.28293739  .00003181  00000-0  20887-3 0  9994
2 67614  97.4236 266.2136 0011803 270.8434  89.1442 15.08276043 17365
IRIDE-MS2-HEO-13
1 68985U 26100F   26145.26810652  .00001475  00000-0  15226-3 0  9999
2 68985  97.7394  43.1503 0001973 154.8738 205.2577 14.91670066  3280
EDDA-1 300F
1 69018U 26100AQ  26145.64830589  .00002408  00000-0  11439-3 0  9999
2 69018  97.4071  43.8755 0006379  97.7966 262.3993 15.20167748  3395
ONEWEB-0117
1 47263U 20100F   26145.12219539  .00000314  00000-0  83822-3 0  9999
2 47263  87.8958 355.2370 0001757  84.9218 275.2111 13.12440608261508
ONEWEB-0513
1 54131U 22138U   26145.42662933  .00000065  00000-0  12930-3 0  9992
2 54131  87.9157 309.4573 0002105  66.7693 293.3661 13.20267222173715
SHIYAN 2 (SY-2)
1 28479U 04046A   26145.45597335  .00000793  00000-0  15179-3 0  9998
2 28479  98.0578 155.8925 0008942 340.6173  19.4690 14.66474437146478
KUIPER-00301
1 68598U 26072AB  26145.80087274  .00027792  00000-0  74644-3 0  9992
2 68598  51.8666 285.3469 0008871 303.8785  56.1357 15.37680794  7931
GONETS D1 1
1 23787U 96009A   26145.48482863  .00000039  00000-0  15576-3 0  9991
2 23787  82.5755 313.4367 0012187  94.5910 270.3199 12.64106723396444
HULIANWANG DIGUI-04
1 62326U 24240D   26145.54530916  .00000033  00000-0  41971-4 0  9994
2 62326  86.4992 350.8248 0001364  86.7196 273.4094 13.24407963 69643
DRAGON CRS-34
1 69103U 26107A   26145.42220529  .00009654  00000-0  18076-3 0  9998
2 69103  51.6330  52.7989 0007470  96.3597 263.8242 15.49365963568351
RASSVET-3 2
1 68361U 26061B   26145.15207621  .00075444  00000-0  30375-3 0  9996
2 68361  82.2965  37.9133 0006177 187.4427 172.6753 15.86134355  9920
COSMOS 2144
1 21300U 91033B   26145.25222742  .00000025  00000-0  80136-4 0  9995
2 21300  82.5780 344.0229 0005354 154.0817 206.0544 12.62392061613569
KOMPSAT 3
1 38338U 12025B   26145.51887242  .00000377  00000-0  84150-4 0  9999
2 38338  98.1160 103.3725 0005331 171.0771 189.0526 14.62182645748031
ONEWEB-0428
1 51629U 22012H   26145.40952038  .00000025  00000-0  34651-4 0  9999
2 51629  87.8849  40.8089 0001809  78.1807 281.9524 13.10370543206306
HULIANWANG DIGUI-41
1 65044U 25162B   26145.52875197 -.00000091  00000-0  72236-4 0  9992
2 65044  50.0020 347.1628 0000455  38.4724 321.6180 13.29323545 40340
COSMOS 2407
1 28380U 04028A   26145.39667111  .00000066  00000-0  52129-4 0  9992
2 28380  82.9597  91.7122 0038308 317.8717 164.7152 13.76332689 96741
LEMUR 2 ROUNDTRIPPER
1 62711U 25009DG  26145.13418036  .00006988  00000-0  51886-3 0  9999
2 62711  97.7230 227.8571 0003532 193.2294 166.8839 15.03348739 74164
CSS (MENGTIAN)
1 54216U 22143A   26145.51067809  .00014512  00000-0  17905-3 0  9992
2 54216  41.4679  99.9009 0011051 279.1269  80.8319 15.59810900289490
ROCK
1 60474U 24149G   26145.49505701  .00015009  00000-0  39134-3 0  9998
2 60474  97.3768 228.7149 0001139  36.3307 323.8015 15.38938022 98776
COSMOS 2123
1 21089U 91007A   26145.57496741  .00000048  00000-0  34781-4 0  9997
2 21089  82.9237 354.0911 0029396  12.5494  18.2190 13.74890581770810
KUIPER-00194
1 68577U 26072E   26145.50003471 -.00041716  00000-0 -45129-2 0  9992
2 68577  51.8969 291.1334 0003763 305.7625 291.8274 14.87895956  5014
CAPELLA-13 (ACADIA)
1 60419U 24142A   26145.45804854  .00003309  00000-0  38557-3 0  9995
2 60419  53.0030 156.7798 0001344  87.0500 273.0633 14.87671799 97029
ONEWEB-0248
1 48798U 21045AH  26145.29525185  .00000027  00000-0  37805-4 0  9999
2 48798  87.8999 263.7497 0001398  99.4566 260.6722 13.15547038241409
COSMOS 1931
1 18944U 88016H   26145.44246992 -.00000027  00000-0 -61016-4 0  9996
2 18944  74.0088  35.3212 0039865  49.2181 123.8768 12.58576426755263
COSMOS 374
1  4594U 70089A   26145.38960725  .00000212  00000-0  10754-3 0  9999
2  4594  62.9290 178.0664 0977978  57.5488 311.6299 12.96822769665952
FLOCK 4BE 2
1 60511U 24149AV  26145.48468273  .00053172  00000-0  94331-3 0  9994
2 60511  97.3825 232.1777 0002284  32.2248 327.9143 15.50064383 98983
IRIDIUM 24
1 25105U 97082B   26145.41140077  .00000363  00000-0  10337-3 0  9990
2 25105  86.3879 295.1001 0012348  36.3768 323.8269 14.42504762492547
METEOR 1-12
1 06079U 72049A   26145.57286945  .00000129  00000-0  74594-4 0  9993
2 06079  81.2285   9.1570 0010674 172.2388 187.8946 14.03578129757935
CENTISPACE-2 S8
1 68357U 26060H   26145.35934954  .00001270  00000-0  22508-3 0  9993
2 68357  54.9842 129.0188 0012905  88.9877 271.2600 14.73563497  9406
BB3
1 57760U 23133D   26145.64768418  .00000884  00000-0  19123-3 0  9998
2 57760  80.9782  14.2961 0136913  14.4319 346.0721 14.51761270138783
SATELIOT_3
1 60552U 24149CN  26145.15779875  .00002292  00000-0  19925-3 0  9999
2 60552  97.6823 222.2094 0006226 146.3546 213.8072 14.97942369 96632
SPOT 3
1 22823U 93061A   26145.41250082  .00000053  00000-0  46045-4 0  9997
2 22823  98.8579 209.4120 0015764 310.4763  49.5038 14.20086583691349
SDA_1684
1 65994U 25230W   26145.52082728  .00000111  00000-0  96605-4 0  9990
2 65994  81.3018 233.1964 0000944 125.8312 234.2930 13.79430682 30642
IRIDIUM 126
1 42809U 17039G   26145.54364453  .00000055  00000-0  12518-4 0  9996
2 42809  86.3986   3.1108 0002308  86.5484 273.5976 14.34217115466707
NEE 01 PEGASUS
1 39151U 13018B   26145.35383588  .00002507  00000-0  24361-3 0  9996
2 39151  98.1196 288.7556 0011503 235.5710 124.4422 14.93527877707296
COSMOS 1709
1 16368U 85116A   26145.36318781  .00000063  00000-0  49849-4 0  9997
2 16368  82.9432 130.0271 0034620 185.6576 286.7415 13.74716426 27699
COSMOS 445
1 05548U 71086B   26145.45927200  .00000008  00000-0  14557-3 0  9994
2 05548  74.0284 318.8436 0103551 274.9485 111.4341 12.58228321508367
NOAA 3
1 06920U 73086A   26145.47703603 -.00000023  00000-0  17410-3 0  9991
2 06920 102.2842 159.1953 0006666 163.6677   5.0202 12.40393673379085
COSMOS 592
1  6849U 73069E   26145.29981262 -.00000012  00000-0  25006-4 0  9990
2  6849  74.0026   4.9411 0098386  30.6872 329.9890 12.63908321428770
SJ-30C
1 66547U 25266C   26145.62111088  .00006927  00000-0  37702-3 0  9990
2 66547  51.7978 285.1056 0008942 179.2617 180.8374 15.15474900 28434
ONEWEB-0692
1 61600U 24188G   26145.40347749 -.00000089  00000-0 -28748-3 0  9993
2 61600  87.8909  25.6183 0001063  95.1569 264.9680 13.11418443 81482
ONEWEB-0176
1 48210U 21031A   26145.41977073  .00000101  00000-0  23673-3 0  9994
2 48210  87.8945 294.2397 0001705  98.0506 262.0817 13.14502016245320
ONEWEB-0699
1 61605U 24188M   26145.46098909  .00000583  00000-0  16347-2 0  9993
2 61605  87.8855  40.7904 0001143  78.1931 281.9325 13.10374439 80332
COSMOS 996
1 10744U 78031A   26145.45476948  .00000068  00000-0  53039-4 0  9998
2 10744  82.9248 115.4905 0038163 124.3635  23.7987 13.76734867418732
AIST 2
1 39133U 13015D   26145.51839094  .00005494  00000-0  21962-3 0  9991
2 39133  64.8696 331.4425 0019684 245.9341 113.9730 15.26004884720447
ORBCOMM FM 103
1 40091U 14040F   26145.50009846  .00000238  00000-0  86678-4 0  9995
2 40091  47.0040 200.3397 0000896   6.8897 353.2001 14.58809506614074
HAWK-10A
1 60540U 24149CA  26145.10110193  .00001691  00000-0  15420-3 0  9991
2 60540  97.6899 221.4098 0004635 131.1051 229.0571 14.96430722 96538
GLOBALSTAR M031
1 25946U 99058D   26145.49892553 -.00000124  00000-0 -34464-3 0  9993
2 25946  51.9960 226.1010 0001848 158.7378 214.3719 12.16052516206194
COSMOS 2517 (GEO-IK)
1 41579U 16034A   26145.47443594  .00000023  00000-0  58277-4 0  9996
2 41579  99.1884 154.6906 0001104  87.8541 272.2741 13.85908248504481
NIGERIASAT 2
1 37789U 11044B   26145.54601596  .00000493  00000-0  88727-4 0  9990
2 37789  97.8767 123.4779 0029444 192.0536 237.6798 14.70494904787244
SKYSAT C3
1 41774U 16058E   26145.12575263  .00021674  00000-0  36843-3 0  9999
2 41774  96.9040 176.8746 0002658  82.0747 278.0808 15.51448926542538
YAOGAN-31 F
1 47536U 21007E   26145.52396229 -.00000195  00000-0 -16170-3 0  9996
2 47536  63.4022 200.3864 0174086   0.5655 359.5537 13.45445007261160
ONEWEB-0673
1 55832U 23029AN  26145.21975212  .00000087  00000-0  18393-3 0  9998
2 55832  87.9174 309.5435 0002075  99.1459 260.9908 13.19720911155875
COSMOS 413
1  5212U 71041C   26145.43936263 -.00000002  00000-0  99558-4 0  9990
2  5212  74.0148 297.4434 0021743 231.4373 190.6455 12.43853328499640
DMC 3-FM2
1 40716U 15032B   26145.53098377  .00000900  00000-0  10966-3 0  9993
2 40716  97.6548  13.1491 0007214 124.0330 236.1571 14.85714574586544
IRIDIUM 103
1 41918U 17003B   26145.61734168  .00000024  00000-0  15172-5 0  9995
2 41918  86.3950  97.8909 0002589  85.5752 274.5739 14.34217731489993
COSMOS 1771
1 16917U 86062A   26145.43423837 -.00000075  00000-0  12529-4 0  9994
2 16917  64.9845  51.1490 0064993 298.1821  61.2684 13.82648082  8630
EINSTEIN PROBE
1 58753U 24007A   26145.63872341  .00002725  00000-0  19281-3 0  9993
2 58753  29.0002   0.1084 0009601 338.1878  21.8311 15.01759134130174
ORBCOMM FM 16
1 25417U 98046E   26145.54593047  .00000838  00000-0  30844-3 0  9992
2 25417  44.9946 345.5388 0004056 214.0823 145.9765 14.40013658453582
ONEWEB-0324
1 49193U 21083H   26145.29638386 -.00000006  00000-0 -48936-4 0  9995
2 49193  87.9170 340.0046 0001756  92.9653 267.1680 13.18685538226985
NOAA 8
1 13923U 83022A   26145.46297264  .00000096  00000-0  55021-4 0  9993
2 13923  98.7320 158.5035 0014093 329.3288  30.7069 14.29792234247829
ONEWEB-0414
1 50491U 21132Y   26145.25590071  .00000111  00000-0  24778-3 0  9999
2 50491  87.9169 340.0004 0001971  85.2170 274.9188 13.18687983218603
GEESAT 1-07
1 52791U 22058G   26145.49270142  .00001505  00000-0  21903-3 0  9997
2 52791  49.9896 306.3119 0012451   9.1232 350.9929 14.81300369216566
IRIDIUM 172
1 43927U 19002F   26145.57535588  .00000090  00000-0  25238-4 0  9994
2 43927  86.3981   3.0254 0002237  88.9285 271.2167 14.34217295385729
UWE-4
1 43880U 18111E   26145.55216064  .00031177  00000-0  67103-3 0  9991
2 43880  97.5853  72.9261 0009807  58.2053 302.0148 15.44526568407281
ONEWEB-0522
1 54140U 22138AD  26145.39744588  .00000080  00000-0  16831-3 0  9996
2 54140  87.9160 309.4981 0001747  88.7124 271.4208 13.19726301173806
ESSAIM-4
1 28497U 04049F   26145.42042260  .00001043  00000-0  12004-3 0  9993
2 28497  98.2560  31.7797 0001965  61.3414 298.7999 14.88061937156075
COSMOS 1052
1 11129U 78109B   26145.40126539 -.00000007  00000-0  54549-4 0  9996
2 11129  74.0148 181.7779 0049544 184.9794 186.4178 12.53728316172461
COSMOS 2194
1 21983U 92030H   26145.38626589 -.00000010  00000-0  40062-4 0  9990
2 21983  74.0048   4.6613 0017048 307.9793 225.0882 12.48475466548467
GAOFEN 11 2
1 46396U 20064A   26145.53740132  .00005242  00000-0  22285-3 0  9998
2 46396  97.5107 271.5314 0018113  24.3547 335.8542 15.23331303318085
MATS
1 54227U 22147A   26145.38110554  .00002435  00000-0  17496-3 0  9995
2 54227  97.6822 147.0804 0010558 278.7304  81.2727 15.05189276194331
COSMOS 272
1 03818U 69024A   26145.40669993  .00000186  00000-0  52585-3 0  9998
2 03818  73.9908 290.6998 0018660 131.6226 257.5465 13.17949025750853
ZHUHAI-1 OVS-02
1 43440U 18040B   26145.52623233  .00007081  00000-0  28918-3 0  9999
2 43440  97.0405 164.1044 0003334  15.6524 344.4817 15.24671145449260
RAWHIDE-2
1 68632U 26074F   26145.32277213  .00010131  00000-0  40724-3 0  9995
2 68632  60.0319 265.7556 0024584  11.7967 348.3684 15.25249881  7295
KHALIFASAT
1 43676U 18084F   26145.53379431  .00001140  00000-0  93949-4 0  9994
2 43676  98.0730 327.0564 0006953 165.1584 194.9844 15.01176176412376
IRIDE-MS2-HEO-5
1 64571U 25135AV  26145.45814068  .00001693  00000-0  17318-3 0  9995
2 64571  97.7702 259.9509 0002263  73.2793 286.8674 14.91859932 50490
CO3D1
1 64903U 25156E   26145.44572774  .00004512  00000-0  21145-3 0  9997
2 64903  97.4327 224.3647 0000923 128.8853 231.2465 15.20195627 46071
COSMOS 2338
1 24726U 97006B   26145.64896994  .00000000  00000-0 -59264-4 0  9997
2 24726  82.5986 277.9479 0005955 136.1304 224.0261 12.61393182347634
KUIPER-00215
1 67779U 26030R   26145.50003471 -.01634092  00000-0 -11706+0 0  9996
2 67779  51.8940 211.1303 0009323 350.4433  71.9680 15.07071769  5431
MINXSS-2
1 43758U 18099A   26145.18024881  .00034893  00000-0  73473-3 0  9998
2 43758  97.4544 220.8193 0006319 357.4373   2.6842 15.45179555410574
HULIANWANG DIGUI-161
1 68135U 26047G   26145.40818565 -.00000082  00000-0  90511-4 0  9998
2 68135  50.0073 137.7635 0000283 352.9118   7.1750 13.29331039 10043
UNISAT
1 26547U 00057C   26145.42175407  .00003530  00000-0  22546-3 0  9997
2 26547  64.5428 185.8998 0042330 302.1768  57.5249 15.09676229393084
GONETS D1 5
1 24729U 97006E   26145.55799499  .00000015  00000-0  22424-4 0  9995
2 24729  82.5986 256.9817 0003162 308.8329  62.4057 12.62986949349609
QPS-SAR-14 YACHIHOKO-1
1 66316U 25252A   26145.34965084  .00004129  00000-0  34549-3 0  9999
2 66316  42.0043 257.3555 0005012 115.1975 244.9370 14.99476956 30086
HULIANWANG DIGUI-75
1 65307U 25187C   26145.47490832 -.00000119  00000-0  11947-4 0  9997
2 65307  50.0092 287.1175 0000606  99.1282 260.9658 13.29322222 36680
HULIANWANG DIGUI-98
1 66414U 25258C   26145.37594993 -.00000081  00000-0  92369-4 0  9993
2 66414  50.0067  17.6775 0001155  57.4155 302.6829 13.29319582 26699
QIANFAN-72
1 62802U 25016T   26145.48058716  .00000098  00000-0  13358-3 0  9999
2 62802  88.9714  86.0863 0016745 240.6424 119.3055 13.51012082 69331
HULIANWANG DIGUI-100
1 66416U 25258E   26145.89384526 -.00000082  00000-0  91301-4 0  9997
2 66416  50.0068  15.7502 0000945  66.2937 293.8035 13.29319596 26775
COSMOS 1830
1 17585U 87026D   26145.44279078  .00000005  00000-0 -32065-4 0  9994
2 17585  82.5625 220.5937 0003762 280.1072  90.1398 12.63618966807779
ONEWEB-0529
1 54145U 22138AJ  26145.37690568  .00000100  00000-0  21650-3 0  9995
2 54145  87.9151 309.5218 0001606  88.2071 271.9246 13.19726938173819
OKEAN O
1 25860U 99039A   26145.43519895  .00000505  00000-0  72945-4 0  9994
2 25860  97.9328 204.4928 0001976  91.3255 268.8184 14.80434656445740
METEOR 1-21
1 07714U 75023A   26145.58316707 -.00000021  00000-0 -19267-4 0  9995
2 07714  81.1916 251.5775 0029077  60.2081 300.1975 14.08468975944353
TIGRISAT
1 40043U 14033AK  26145.40998193  .00002102  00000-0  24705-3 0  9999
2 40043  97.7805 295.9491 0050167 148.0586 212.3688 14.85048952642243
HAWK-13C
1 67393U 26004AG  26145.46826648  .00004415  00000-0  21463-3 0  9995
2 67393  97.4583 144.9984 0007127  65.3534 294.8442 15.18920467 20310
KUIPER-00023
1 63737U 25088P   26145.63372532  .00001599  00000-0  23874-3 0  9999
2 63737  51.9001 125.3007 0000735  68.2180 291.8861 14.79927746 59153
COSMOS 2135
1 21130U 91013A   26145.51610204  .00000044  00000-0  28504-4 0  9999
2 21130  82.8292 233.8276 0064316 265.3924  93.9886 13.78799913772895
YAOGAN 20B
1 40110U 14047B   26145.54471091 -.00000009  00000-0  87623-4 0  9991
2 40110  63.3790  78.4033 0388128  14.5747 346.6102 13.45437759579235
KUIPER-00425
1 68934U 26098R   26145.50003471  .00053359  00000-0  17746-2 0  9995
2 68934  51.8750 177.5368 0018405  71.3993   1.9600 15.30490514  3703
SAUDICOMSAT 1
1 28369U 04025D   26145.46733361  .00000345  00000-0  90162-4 0  9994
2 28369  98.5775 154.9861 0033436  93.1136 267.3887 14.55452096160826
TOMORROW-S9
1 66309U 25248S   26145.53313868  .00004206  00000-0  20294-3 0  9992
2 66309  45.4035 243.2140 0004612 284.5679  75.4696 15.20284653 31060
HULIANWANG DIGUI-106
1 66916U 25285B   26145.53859157 -.00000108  00000-0  33958-4 0  9993
2 66916  50.0057 227.3906 0001131 211.8330 148.2474 13.29322789 23045
ONEWEB-0501
1 54119U 22138G   26145.19369757  .00000072  00000-0  14793-3 0  9997
2 54119  87.9159 309.5483 0001635  83.9725 276.1594 13.19725746173776
YAOGAN-30 R
1 45460U 20021A   26145.57515899  .00002780  00000-0  20678-3 0  9994
2 45460  34.9961 348.6902 0003506 201.2207 158.8356 15.02586174337157
COSMOS 2015
1 19909U 89025H   26145.52034956  .00000002  00000-0  12937-3 0  9991
2 19909  74.0079 174.5894 0026202 261.3934 266.2147 12.44066465687967
QIANFAN-95
1 66037U 25233E   26145.48242215  .00000132  00000-0  18619-3 0  9997
2 66037  89.0024  44.9532 0001980  69.3601 290.7762 13.51007402 30411
KUIPER-00437
1 68870U 26095G   26145.60385052  .00039370  00000-0  10682-2 0  9999
2 68870  51.8806 351.6770 0007704 208.4491 151.6076 15.37200804  4251
ONEWEB-0707
1 61612U 24188U   26145.46430999  .00000671  00000-0  18858-2 0  9997
2 61612  87.8862  40.7812 0001410  94.5651 265.5638 13.10374441 80343
ONEWEB-0503
1 54121U 22138J   26145.39586648  .00000101  00000-0  22055-3 0  9995
2 54121  87.9160 309.5017 0002061  91.2042 268.9327 13.19726451173814
DRAGON FREEDOM 3
1 67796U 26031A   26145.42220529  .00009654  00000-0  18076-3 0  9990
2 67796  51.6330  52.7989 0007470  96.3597 263.8242 15.49365963568155
ONEWEB-0719
1 55179U 23004AR  26145.33350110  .00000036  00000-0  58879-4 0  9990
2 55179  87.9162  10.3797 0001935  79.2676 280.8673 13.17649907164578
PICO-02A021
1 60538U 24149BY  26145.66597259  .00004308  00000-0  32455-3 0  9996
2 60538  97.6756 224.6990 0007177  94.3607 265.8438 15.03000046 96355
LEGION 5
1 62900U 25025A   26145.46286277  .00003693  00000-0  20374-3 0  9991
2 62900  45.0022  63.2476 0007904   8.9414 351.1604 15.15762358 71041
KAZEOSAT 2
1 40010U 14033A   26145.52940306  .00000939  00000-0  11467-3 0  9996
2 40010  97.5428 346.3371 0009741  41.8921 318.3038 14.85440999645593
ONEWEB-0623
1 55164U 23004AA  26145.38916933 -.00000128  00000-0 -36407-3 0  9996
2 55164  87.9149  10.4134 0002519  92.8140 267.3280 13.17649002164580
TOMORROW-S1
1 60479U 24149M   26145.15318116  .00006752  00000-0  21869-3 0  9999
2 60479  97.3749 225.7043 0001972  11.6559 348.4728 15.32344268 98568
FASAT B
1 25395U 98043B   26145.40817079  .00000103  00000-0  62239-4 0  9992
2 25395  98.9703 134.7209 0003084 154.6786 205.4545 14.26507518449595
COSMOS 2353
1 25364U 98036B   26145.27566512  .00000018  00000-0  84803-4 0  9994
2 25364  82.5914 354.7567 0355173 240.8786 115.6296 12.21843491246239
GJZ 01
1 62290U 24238A   26145.51539118 -.00000053  00000-0  68797-4 0  9999
2 62290  59.9148 355.2841 0014560 216.9789 143.0217 13.75217469 72487
SNAP-3 JIMI
1 40975U 15058M   26145.42094438  .00005337  00000-0  37223-3 0  9994
2 40975  64.7652 291.7899 0105261  64.8259 296.3730 15.02041858110805
FLOCK 4BE 36
1 60486U 24149U   26145.15015203  .00016614  00000-0  39265-3 0  9995
2 60486  97.3739 229.3164 0003025  18.8397 341.2962 15.41904264 98805
HULIANWANG DIGUI-124
1 67064U 25295F   26145.18517337 -.00000083  00000-0  89436-4 0  9995
2 67064  49.9985 107.8536 0000830 354.1197   5.9665 13.29325524 22449
RAISE 2
1 49397U 21102C   26145.36280171  .00006151  00000-0  27858-3 0  9990
2 49397  97.3271 178.9861 0008830  17.2250 342.9284 15.21195612249964
VELOX 1
1 40057U 14034E   26145.47767331  .00005113  00000-0  44239-3 0  9999
2 40057  98.2552  49.1932 0007127   2.9875 357.1386 14.97631831643206
LKW-4
1 43236U 18025A   26145.39127237  .00040795  00000-0  49909-3 0  9995
2 43236  97.6338 314.5151 0002491  48.0279 312.1189 15.60295074456472
OPS 2644
1 03673U 69010B   26145.58672340  .00000036  00000-0  16120-3 0  9990
2 03673  80.3936 188.7518 0026826 135.2422  30.6169 12.63658325640603
ONEWEB-0435
1 51632U 22012L   26145.13562296 -.00000267  00000-0 -80179-3 0  9991
2 51632  87.8854  40.8677 0001726  72.2251 287.9064 13.10376418206295
COSMOS 1727
1 16510U 86008A   26145.33338303  .00000086  00000-0  74515-4 0  9999
2 16510  82.9487 349.8922 0036700 297.0843 236.3073 13.74682632 22548
QIANFAN-100
1 66042U 25233K   26145.42065290  .00000140  00000-0  19754-3 0  9993
2 66042  89.0035  45.4149 0002146  69.2625 290.8756 13.51009363 30163
FLYING LAPTOP
1 42831U 17042G   26145.52068416  .00003924  00000-0  31109-3 0  9997
2 42831  97.4590 301.9424 0018274 197.5129 162.5468 15.00975782483059
QIANFAN-8
1 60386U 24140H   26145.46330172  .00000088  00000-0  11655-3 0  9995
2 60386  88.9721 282.2802 0018564  87.3051 273.0225 13.51005557 89451
COSMOS 839
1 09011U 76067A   26145.40429619 -.00000031  00000-0  88485-4 0  9992
2 09011  65.8549 307.8334 0709885 296.4645  56.5212 12.32895178257327
GLOBALSTAR M050
1 25908U 99049B   26145.58330509 -.00000115  00000-0 -29766-3 0  9998
2 25908  51.9992 256.9691 0008518 356.6085  16.3473 12.07466353189553
HBTSS-SV1
1 58960U 24028F   26145.55630186  .00003830  00000-0  35565-3 0  9997
2 58960  39.9890 248.1788 0010050  31.8526 328.2871 14.95113438103797
FALCONSAT-6
1 43815U 18099BK  26145.53213178  .00003329  00000-0  12749-3 0  9999
2 43815  97.3805 221.7831 0016071  28.8256  81.1171 15.27131742410271
COSMOS 842
1 09025U 76070A   26145.58126810  .00000046  00000-0  32752-4 0  9998
2 09025  82.9877  72.8852 0027016 330.5105 202.4952 13.74246095498987
QIANFAN-123
1 68650U 26075Q   26145.95845943 -.01878625  00000-0 -24875+1 0  9995
2 68650  88.9872 323.2750 0012733  80.1614 280.0983 13.65262405  6771
CHUANG XIN 19 (CX-19)
1 58505U 23190A   26145.54415105  .00000058  00000-0  79525-4 0  9996
2 58505  86.5033 340.4192 0002026 100.2347 259.9024 13.39550466121669
KUIPER-00049
1 64509U 25134K   26145.58592507  .00000553  00000-0  10156-3 0  9997
2 64509  51.8973 247.9967 0000338 104.6596 255.4404 14.79931878 51533
ICEYE-X55
1 64581U 25135BF  26145.47782770  .00003308  00000-0  30733-3 0  9993
2 64581  97.7719 260.4779 0004632  76.5301 283.6436 14.95052508 50521
COSMOS 2227
1 22284U 92093A   26145.36896101 -.00000219  00000-0 -90121-4 0  9994
2 22284  70.9780 230.9818 0021040 275.5614  84.3108 14.13771346723608
FASTSAT-HSV01 (USA 220)
1 37225U 10062D   26145.28271071  .00000354  00000-0  51706-4 0  9999
2 37225  71.9718 210.6571 0016410 178.2293 181.8932 14.82112691110739
ONEWEB-0664
1 55824U 23029AE  26145.38813348  .00000125  00000-0  27438-3 0  9991
2 55824  87.9161 279.0304 0002191  88.1632 271.9752 13.20770964158134
CHECKMATE 5
1 56163U 23050B   26145.36674820  .00000092  00000-0  71858-4 0  9999
2 56163  81.0001  93.4503 0007140  29.5570 330.5988 13.84980259159007
SSETI-EXPRESS
1 28894U 05043E   26145.37521751  .00000424  00000-0  87686-4 0  9991
2 28894  98.3047 285.1192 0015663 355.6393   4.4671 14.65348440 96935
ONEWEB-0049
1 45154U 20008Z   26145.46915786  .00000603  00000-0  16916-2 0  9997
2 45154  87.8855  40.7991 0002110  89.5282 270.6087 13.10372354305052
YAM-12
1 69003U 26100Z   26145.00002315  .00030290  00000-0  29971-2 0  9990
2 69003  97.7366  42.8821 0002190 181.5163 181.2379 14.91799615  1307
GLOBALSTAR M048
1 25872U 99041A   26145.24294935 -.00000069  00000-0  16252-4 0  9999
2 25872  51.9367 243.9790 0012941  60.0672 320.5545 11.33863976163785
MOZHAYETS 4
1 27939U 03042A   26145.53502465  .00000368  00000-0  65031-4 0  9993
2 27939  98.3476 329.2551 0010985 347.4988  97.1452 14.73418651212218
QUAKESAT
1 27845U 03031F   26145.47919262  .00000342  00000-0  16522-3 0  9999
2 27845  98.6630 154.5680 0007281 269.4210  90.6135 14.24928521188370
COSMOS 1924
1 18937U 88016A   26145.37754920  .00000007  00000-0  15639-3 0  9990
2 18937  74.0024 158.9654 0033833  71.2142  37.9704 12.44622325735839
USPWSA-DRAGOON
1 64542U 25135Q   26145.35742639  .00009216  00000-0  36747-3 0  9992
2 64542  97.4672 261.5602 0001597 231.3268 128.7827 15.25420127 51445
IRIDIUM 175
1 43928U 19002G   26145.40182776  .00000292  00000-0  80239-4 0  9990
2 43928  86.4492 300.0495 0001593 338.2821  21.8313 14.43597965395690
COSMOS 1803
1 17177U 86094A   26145.15683598  .00000012  00000-0  17149-4 0  9992
2 17177  82.6088  24.7222 0004015 121.4320  47.7065 12.41549295789093
KUIPER-00296
1 68595U 26072Y   26145.40852254  .00029226  00000-0  78749-3 0  9997
2 68595  51.8698 287.2427 0009519 301.7145  58.2914 15.37547974  7872
KUIPER-00499
1 68881U 26095T   26145.56002448  .00021768  00000-0  63349-3 0  9992
2 68881  51.8713 352.1091 0007884 216.8232 143.2213 15.35330530  4244
ZINYUAN-3
1 45939U 20051A   26145.49347164  .00004500  00000-0  20401-3 0  9993
2 45939  97.2843 213.9509 0005460  42.0401 318.1253 15.21319034323897
YUNYAO-1 48
1 63349U 25059F   26145.49386138  .00002729  00000-0  16656-3 0  9993
2 63349  97.6102 327.1288 0014130 234.3518 125.6396 15.11093781 64871
AUREOLE 2
1  7003U 73107A   26145.47354926  .00081082  35765-5  54938-3 0  9998
2  7003  73.8925 228.3343 0099001 173.8555 186.3910 15.68313210700908
COSMOS 2191
1 21980U 92030E   26145.35177870  .00000013  00000-0  19991-3 0  9996
2 21980  74.0006 124.7494 0018199 158.3078 353.8214 12.44572890543325
GOSAT-GW
1 64694U 25141A   26145.55390429  .00000710  00000-0  13352-3 0  9992
2 64694  98.0567  83.2396 0001426  84.4210 275.7157 14.67554094 48527
QIANFAN-78
1 63164U 25046F   26145.44178082  .00000038  00000-0  39526-4 0  9999
2 63164  88.9691 303.0193 0015385  24.2643 335.9229 13.51007958 69530
QIANFAN-98
1 66040U 25233H   26145.42474759  .00000132  00000-0  18549-3 0  9997
2 66040  89.0013  45.2196 0001913  84.8236 275.3134 13.51006768 30253
TOMORROW-S6
1 63225U 25052R   26145.42471517  .00004021  00000-0  17810-3 0  9998
2 63225  97.4040  38.6762 0004371 195.2183 164.8922 15.22198224 66381
DUMMY SAT
1 40073U 14037E   26145.48936419  .00000311  00000-0  45419-4 0  9993
2 40073  98.3712  95.1770 0006308  35.1576 325.0051 14.83026257642072
STARLETTE
1  7646U 75010A   26145.46337634 -.00000137  00000-0  45779-5 0  9999
2  7646  49.8224 194.2934 0205585 347.9695  11.6331 13.82350163591398
COSMOS 571
1  6682U 73037H   26145.40386475 -.00000007  00000-0  45679-4 0  9990
2  6682  74.0181 292.3961 0102473  60.7631 329.3454 12.65926262447418
HULIANWANG DIGUI-142
1 67440U 26007F   26145.43492306 -.00000080  00000-0  95433-4 0  9992
2 67440  50.0099 167.3478 0000872 283.3957  76.6817 13.29325295 17763
COSMOS 1589
1 15171U 84084A   26145.50438662  .00000019  00000-0  67202-4 0  9992
2 15171  82.5968 169.5263 0007345  83.0425  86.1236 12.42256227895043
ONEWEB-0700
1 61606U 24188N   26145.46264854  .00000666  00000-0  18704-2 0  9999
2 61606  87.8875  40.6950 0001262  95.5164 264.6107 13.10374214 80324
YAOGAN-31 J
1 47695U 21014E   26145.57106236 -.00000049  00000-0  64137-4 0  9996
2 47695  63.4028 255.8228 0175177   0.8751 359.2549 13.45447561257682
SPARK 1
1 41900U 16081C   26145.45685130  .00000572  00000-0  12998-3 0  9996
2 41900  98.5481 139.2417 0024396  32.9707 327.3008 14.59757594500958
ONEWEB-0688
1 61596U 24188C   26145.32674215  .00000096  00000-0  21498-3 0  9990
2 61596  87.9148  10.4238 0003064  86.5363 273.6119 13.17651894 82888
KUIPER-00010
1 63726U 25088C   26145.28650658  .00000389  00000-0  79987-4 0  9999
2 63726  51.9017 104.3919 0000727  65.9653 294.1385 14.79934000 59076
YAOGAN-40 01B
1 57832U 23139C   26145.55444968  .00000153  00000-0  72606-4 0  9990
2 57832  85.9898 270.0880 0001771 101.6222 258.5160 14.12442952139519
ONEWEB-0685
1 54679U 22166AP  26145.30812294  .00000069  00000-0  13445-3 0  9990
2 54679  87.9249 248.5336 0002119  92.9158 267.2219 13.21818898168395
COSMOS 1361
1 13164U 82040E   26145.52633777 -.00000020  00000-0 -25540-4 0  9991
2 13164  74.0136  55.4847 0014579 208.6341 324.8069 12.48210553  7292
ONEWEB-0057
1 45160U 20008AF  26145.46942729  .00000697  00000-0  19595-2 0  9990
2 45160  87.8856  40.7948 0002349  81.2161 278.9233 13.10373877305371
OPS 7898 (P/L 3)
1  5681U 71110D   26145.15097101 -.00000013  00000-0  38877-4 0  9994
2  5681  69.9902  53.3897 0009512 215.2523 144.7943 13.74641747353657
LEMUR 2 STELLA
1 60533U 24149BT  26145.50779912  .00011867  00000-0  70934-3 0  9994
2 60533  97.6735 227.8736 0002020 111.7698 248.3747 15.11226400 97078
COSMOS 1867
1 18187U 87060A   26145.21882035 -.00000040  00000-0  22448-4 0  9992
2 18187  65.0102  92.3814 0016041 281.8587  78.0698 14.31512871 30890
TIANMU-1 20
1 58661U 23208B   26145.47265683  .00008118  00000-0  26208-3 0  9999
2 58661  97.4417 262.2782 0008043  54.7617 305.4377 15.32362513133944
HAWK-11C
1 62381U 24247E   26145.97321664  .00007033  00000-0  24774-3 0  9995
2 62381  45.0052  50.8157 0003738  86.1743 273.9568 15.29990884 79601
FLOCK 4G 17
1 62681U 25009CA  26145.49373553  .00011292  00000-0  40311-3 0  9993
2 62681  97.3926 227.0036 0005734  67.7556 292.4292 15.29013401133087
ONEWEB-0129
1 47275U 20100T   26145.29160021 -.00000273  00000-0 -79464-3 0  9994
2 47275  87.8959 355.2100 0001211 125.0890 235.0352 13.12440850261679
QIANFAN-17
1 60395U 24140S   26145.48799670  .00000100  00000-0  13637-3 0  9996
2 60395  88.9726 282.4594 0017017  94.3618 265.9478 13.51006777 90249
AE1C
1 62649U 25009AS  26145.19423908  .00033418  00000-0  73208-3 0  9999
2 62649  97.4027 232.3329 0001729  75.0989 285.0451 15.44036375 75734
COSMOS 1754
1 16764U 86042G   26145.36389251 -.00000023  00000-0 -45551-4 0  9990
2 16764  74.0182 257.9550 0020121  45.1864  11.6509 12.52610791652239
ONEWEB-0333
1 49199U 21083P   26145.43922663 -.00000183  00000-0 -53672-3 0  9999
2 49199  87.8941 324.7677 0001833  90.2433 269.8906 13.13467996227924
QIANFAN-106
1 66048U 25233R   26145.23140726  .00000140  00000-0  19780-3 0  9995
2 66048  89.0013  45.4754 0001921  81.8868 278.2501 13.51006552 30082
SPIP
1 58298U 23174AU  26145.48701220  .00004106  00000-0  15563-3 0  9995
2 58298  97.3845 222.2171 0007665 263.9842  96.0524 15.27427718141315
ONEWEB-0602
1 54666U 22166AA  26145.51732860  .00000107  00000-0  22790-3 0  9995
2 54666  87.9250 248.5121 0001973  91.9850 268.1510 13.21824814168557
R5-S4
1 60206U 24125D   26145.31475402  .00014097  00000-0  32725-3 0  9995
2 60206  97.2428 356.6848 0015079 317.9255  42.0833 15.42361593105603
MOS 1B (MOMO 1B)
1 20478U 90013A   26145.41066167 -.00000128  00000-0 -60653-4 0  9990
2 20478  99.2199 206.5002 0004666 242.8970 117.1716 13.96066950768854
ADRAS-J
1 58992U 24034A   26145.47628705  .00075776  00000-0  10318-2 0  9990
2 58992  98.2238 173.5672 0176481 192.3054 167.3855 15.41118749124080
HULIANWANG DIGUI-83
1 65818U 25220B   26145.49225377  .00000039  00000-0  56942-4 0  9998
2 65818  86.5007  51.5691 0001355  66.8661 293.2616 13.24406233 31911
KUIPER-00132
1 65763U 25217B   26145.59617778  .00031042  00000-0  72429-3 0  9999
2 65763  51.8579 349.4332 0006395 222.6091 137.4402 15.41930631 37281
NANOSAT 1B
1 35685U 09041E   26145.57019936  .00001140  00000-0  11346-3 0  9993
2 35685  98.1141 263.5508 0048365 238.0946 121.5563 14.92980571911044
FLOCK 4Q 28
1 58280U 23174AA  26145.51601360  .00025885  00000-0  41027-3 0  9995
2 58280  97.3882 235.9886 0005270 209.0943 151.0017 15.53369802142222
KSM1-C
1 46906U 20081B   26145.52907185  .00007185  00000-0  27386-3 0  9991
2 46906  36.8933 198.7854 0001539 338.5407  21.5277 15.26316302305707
LEMUR 2 JK0903EM1407
1 58336U 23174CJ  26145.49921973  .00025389  00000-0  44776-3 0  9992
2 58336  97.3904 235.3570 0005640 182.8858 177.2362 15.50373572142215
COSMOS 1016
1 10933U 78056D   26145.43277678 -.00000013  00000-0  20429-4 0  9990
2 10933  74.0256 198.8875 0016945  18.9370 352.3448 12.45303290180390
TSIKADA
1 23463U 95002A   26145.42740156  .00000049  00000-0  36937-4 0  9996
2 23463  82.9293  32.7530 0038308 200.9571 332.6881 13.72732760569187
IRIDIUM 118
1 42807U 17039E   26145.08063583  .00000044  00000-0  85441-5 0  9997
2 42807  86.3985   3.2957 0002233  86.7802 273.3649 14.34217856466639
QIANFAN-14
1 60392U 24140P   26145.49621321  .00000091  00000-0  12186-3 0  9998
2 60392  88.9689 282.2745 0018702  96.3689 263.9593 13.51009473 89387
ONEWEB-0658
1 55819U 23029Z   26145.39902725  .00000094  00000-0  20255-3 0  9999
2 55819  87.9158 309.4914 0001384  91.5884 268.5408 13.19726333155911
COSMOS 2482
1 39057U 13001A   26145.50248169  .00000032  00000-0  16103-3 0  9991
2 39057  82.4988 234.4678 0028645  75.9118 284.5142 12.42995632605892
COSMOS 1732
1 16593U 86015A   26145.48245778 -.00000006  00000-0  78972-4 0  9991
2 16593  73.6114 335.7909 0026216  98.6928 261.7087 12.41025993825005
COSMOS 2285
1 23189U 94045A   26145.46305324  .00000023  00000-0  48909-4 0  9999
2 23189  74.0265 150.9834 0024800 156.3803 356.5939 13.72523574593274
METEOR 2-14
1 16735U 86039A   26145.40044975  .00000080  00000-0  57134-4 0  9991
2 16735  82.5344 302.0139 0013275 267.6218 121.4330 13.85549693 21547
COSMOS 1718
1 16451U 86002C   26145.40346713  .00000016  00000-0  22063-3 0  9992
2 16451  73.9858 136.5101 0014065 274.9068 239.1883 12.45095643835030
ASTROCAST-01
1 43798U 18099AS  26145.45368533  .00033874  00000-0  65173-3 0  9993
2 43798  97.4383 223.2697 0003303 299.1535  60.9384 15.47834234410917
TIANQI-14
1 48864U 21055E   26145.49886306  .00005155  00000-0  28455-3 0  9998
2 48864  34.9984 219.0730 0004449 123.7204 236.3932 15.13335039270281
ONEWEB-0427
1 50499U 21132AG  26145.51388972  .00000008  00000-0 -11714-4 0  9994
2 50499  87.9170 339.9462 0002020  92.6490 267.4873 13.18686595218629
COSMOS 2270
1 23001U 94011C   26145.43816091  .00000038  00000-0  15073-3 0  9991
2 23001  82.5730 328.3677 0006657 225.2850 157.7913 12.62934427487784
COSMOS 1230
1 12109U 80102C   26145.33308197  .00000003  00000-0  11498-3 0  9995
2 12109  73.9951 347.7966 0041076  58.6966 118.1700 12.57925104 85567
BOTSAT-1
1 63216U 25052G   26145.42029064  .00008261  00000-0  31696-3 0  9992
2 63216  97.3913  39.4953 0002302 153.2760 206.8598 15.26733438 66480
COSMOS 2605
1 67679U 26023F   26145.46361973  .00011063  00000-0  44470-3 0  9998
2 67679  96.6238 212.0488 0019514 203.0866 156.9499 15.24885376 16538
KUIPER-00285
1 68589U 26072S   26145.77524368  .00040956  00000-0  10699-2 0  9994
2 68589  51.8750 285.2175 0006702 291.0674  68.9597 15.38358293  7938
ONEWEB-0060
1 45455U 20020AH  26145.13135022  .00000262  00000-0  70307-3 0  9992
2 45455  87.8908  25.6537 0002342  57.4931 302.6423 13.11414361299525
HAWK-12B
1 64622U 25138B   26145.43419078  .00003698  00000-0  18490-3 0  9994
2 64622  97.4469 148.8824 0012013 210.4164 149.6374 15.18003512 50411
IHOPSAT-TD
1 44859U 19089H   26145.36281058  .00002059  00000-0  12362-3 0  9991
2 44859  36.9657 175.9843 0004054  44.1485 315.9584 15.11677889354532
ONEWEB-0127
1 47273U 20100R   26145.28991603 -.00000209  00000-0 -61539-3 0  9992
2 47273  87.8947 355.2252 0001686  88.5396 271.5926 13.12441280261728
ELISA W23
1 38009U 11076C   26145.50630041  .00000533  00000-0  99957-4 0  9996
2 38009  97.8381 126.5427 0001185  41.0667 319.0628 14.68507433772000
SWIFT
1 28485U 04047A   26145.27199200  .00049358  00000-0  45309-3 0  9993
2 28485  20.5543   1.3512 0003270   0.9097 359.1354 15.65891595183261
COSMOS 2181
1 21902U 92012A   26145.43846184  .00000054  00000-0  41592-4 0  9998
2 21902  82.9423 324.7374 0029340 140.7780 234.5342 13.72569546713203
KUIPER-00115
1 65152U 25171W   26145.51555133  .00009488  00000-0  12704-2 0  9996
2 65152  51.8978 188.3641 0000070 138.6726 221.4242 14.79983089 44126
ONEWEB-0223
1 48768U 21045B   26145.37606869  .00000099  00000-0  22905-3 0  9997
2 48768  87.8997 263.7338 0001490  96.0565 264.0735 13.15547688241406
CONNECTA IOT-13
1 67400U 26004AP  26145.46025414  .00013954  00000-0  69216-3 0  9992
2 67400  97.4560 144.7961 0010596  73.4103 286.8294 15.17783861 20302
XIWANG-5 02
1 67069U 25296A   26145.02347971  .00008623  00000-0  44906-3 0  9998
2 67069  41.3513 253.2926 0004039 319.3094  40.7425 15.16082859 24723
NAHLA
1 66764U 25276DC  26145.44892744  .00002382  00000-0  11787-3 0  9993
2 66764  97.4205 219.3092 0004223  68.9369 291.2316 15.18757042 26963
TIANMU-1 06
1 55976U 23039D   26145.53951410  .00014612  00000-0  29076-3 0  9996
2 55976  97.5219 318.8722 0003365 171.0353 189.0958 15.47035150177348
KUIPER-00274
1 67792U 26030AE  26145.41276861  .00001397  00000-0  23009-3 0  9992
2 67792  51.9000 223.5205 0004038   5.9511 354.1497 14.76348195 16685
ONEWEB-0407
1 50487U 21132U   26145.50545567  .00000028  00000-0  38715-4 0  9996
2 50487  87.9168 339.9617 0001659  83.8059 276.3262 13.18685164218571
CTC-0
1 62401U 24247AA  26145.42446601  .00018864  00000-0  49209-3 0  9991
2 62401  44.9740  36.6441 0006180 153.9506 206.1692 15.38584650 79716
TIANQI-15
1 49027U 21065B   26145.57689986  .00004851  00000-0  29150-3 0  9990
2 49027  34.9996 355.0859 0006189 219.9978 140.0278 15.10288560265852
QIANFAN-24
1 61557U 24185F   26145.48920176  .00000542  00000-0  22960-3 0  9992
2 61557  88.9827  58.0363 0011122 115.9248 244.3092 14.24043096 93324
ASTROCAST-0403
1 55111U 23001DG  26145.51916147  .00022281  00000-0  75804-3 0  9993
2 55111  97.5610 239.2558 0005714  67.2212 292.9631 15.30431507141090
COSMOS 1292
1 12641U 81074F   26145.48802448 -.00000018  00000-0 -13495-4 0  9997
2 12641  74.0350  56.6743 0008461 181.8668 352.2641 12.48741025 42242
ICEYE-X50
1 63255U 25052AX  26145.53872657  .00001141  00000-0  10896-3 0  9990
2 63255  97.6919  37.8681 0000720 347.5510  12.5693 14.95193694 65267
ONEWEB-0182
1 48228U 21031U   26145.34681438  .00000001  00000-0 -32066-4 0  9999
2 48228  87.8943 294.2607 0002058  99.1911 260.9452 13.14501349245437
SHIYAN 30-03
1 68139U 26048A   26145.47192060  .00001869  00000-0  18478-3 0  9999
2 68139  35.0011  43.9889 0004270 164.5323 195.5513 14.91733521 10979
ONEWEB-0275
1 48993U 21060AC  26145.27834066 -.00000004  00000-0 -44155-4 0  9995
2 48993  87.9106 233.3234 0002008  97.1305 263.0054 13.16592900236547
COSMOS 2607
1 67681U 26023H   26145.14727024  .00007784  00000-0  31651-3 0  9991
2 67681  96.6311 211.8391 0021343 199.7019 160.3399 15.24556644 16482
COSMOS 2498
1 39763U 14028C   26145.51883353  .00000101  00000-0  65505-3 0  9993
2 39763  82.4437 123.1074 0022265 120.8807 239.4466 12.42979736544736
COSMOS 2169
1 21783U 91077E   26145.45192923  .00000008  00000-0 -14645-4 0  9991
2 21783  82.6046 223.0364 0018000  27.0616 333.1412 12.66314549595917
PROSPERO (BLACK ARROW)
1 05580U 71093A   26145.38295084  .00000370  00000-0  77293-4 0  9997
2 05580  82.0372 310.8512 0500269 292.5917  62.3062 14.01566618745338
ORBCOMM FM 3
1 25158U 98007B   26145.40454787  .00000904  00000-0  35600-3 0  9992
2 25158 107.9634 119.0849 0044617   7.2860 352.8920 14.35467849473138
SHIYAN 27A
1 63599U 25078A   26145.46739986  .00000002  00000-0  64178-4 0  9996
2 63599  99.6900 153.0375 0001233  88.8152 271.3128 13.57247794 54453
AEROCUBE 8D
1 41852U 16067E   26145.11291340  .00006892  00000-0  28766-3 0  9996
2 41852  98.0717  13.5316 0002855 188.6640 171.4547 15.24020783522556
HULIANWANG DIGUI-138
1 67436U 26007B   26145.46833660 -.00000080  00000-0  95701-4 0  9990
2 67436  50.0038 167.4478 0000897 282.9668  77.1104 13.29324436 17764
HULIANWANG DIGUI-25
1 63692U 25086F   26145.48110971  .00000039  00000-0  57832-4 0  9997
2 63692  86.5014 320.6872 0001513  82.3539 277.7767 13.24407812 51854
OSCAR 30
1 15935U 85066A   26145.38465676  .00000111  00000-0  18604-3 0  9996
2 15935  90.1555 102.3996 0167283 342.7160 129.5760 13.36107909986383
OPTISAT
1 68418U 26067C   26145.57640264  .00005138  00000-0  25054-3 0  9996
2 68418  97.4570 104.4523 0003436  46.4587 313.6932 15.18749239  8510
HULIANWANG DIGUI-21
1 63688U 25086B   26145.51889939  .00000072  00000-0  13324-3 0  9997
2 63688  86.5062 320.8237 0001497  77.9405 282.1897 13.24407696 51867
COSMOS 535
1  6270U 72087H   26145.39027343 -.00000011  00000-0  31689-4 0  9992
2  6270  74.0349 283.0976 0054027  56.1814 333.8983 12.59353648462164
COSMOS 514
1 06148U 72062A   26145.46051406  .00000076  00000-0  56581-4 0  9992
2 06148  82.9659 313.0703 0009355 205.5098 183.4700 13.82050353710403
LING QIAO
1 40136U 14051A   26145.53147297  .00000351  00000-0  15235-3 0  9999
2 40136  98.7061 147.3095 0019762 238.2330 121.6927 14.30267617611768
RASSVET-3 8
1 68367U 26061H   26145.68962132  .00068512  00000-0  29644-3 0  9990
2 68367  82.2960  37.3944 0007386 174.9741 185.1603 15.84631138 10001
HULIANWANG DIGUI-91
1 65999U 25231E   26145.28557646 -.00000101  00000-0  50625-4 0  9997
2 65999  50.0015 257.7911 0000923 151.5749 208.5174 13.29326395 29842
YAOGAN-36 05B
1 57454U 23106C   26145.53284156  .00005501  00000-0  26446-3 0  9995
2 57454  34.9945 221.8407 0016116 269.4262  90.4604 15.18065097157425
HULIANWANG DIGUI-12
1 62972U 25030B   26145.53941362 -.00000098  00000-0  55282-4 0  9991
2 62972  50.0034 317.1828 0001291  98.2650 261.8369 13.29321793 62848
TABLETSAT AURORA
1 40017U 14033H   26145.47626368  .00006812  00000-0  34553-3 0  9993
2 40017  98.0244 218.2619 0010207 294.6841  65.3327 15.17257567651761
ORBCOMM FM 10
1 25113U 97084B   26145.36415670  .00000845  00000-0  27012-3 0  9992
2 25113  45.0132 166.4590 0003755 187.3396 172.7401 14.46908674666051
GEESAT 5-01
1 65550U 25201A   26145.44032430  .00001374  00000-0  18991-3 0  9995
2 65550  49.9905 145.1340 0003855 316.2262  43.8370 14.84083827 38427
SPARK 2
1 41901U 16081D   26145.43608569  .00000545  00000-0  12597-3 0  9991
2 41901  98.5483 134.5350 0026110  36.9761 323.3231 14.59134633500806
EOS-6
1 54361U 22158A   26145.55093057  .00000240  00000-0  78105-4 0  9990
2 54361  98.3524 244.0471 0002116  75.6889 284.4538 14.46984390184563
QIANFAN-64
1 62794U 25016K   26145.48877418  .00000112  00000-0  15413-3 0  9998
2 62794  88.9720  86.0282 0012102 222.9626 137.0581 13.51011954 69375
PELICAN-5 300C
1 66667U 25276B   26145.76537250  .00004928  00000-0  17837-3 0  9998
2 66667  97.4127 220.8152 0004600  69.6543 290.5190 15.28865120 27098
ALSAT 1N
1 41789U 16059G   26145.50588762  .00000629  00000-0  11414-3 0  9990
2 41789  97.8012 149.8681 0024326 260.3688  99.4770 14.69264110516670
FLOCK 4BE 7
1 60481U 24149P   26145.14846969  .00022796  00000-0  58673-3 0  9992
2 60481  97.3758 228.0392 0002127  17.4464 342.6854 15.39245299 98709
CELTEE 1
1 41850U 16067C   26145.35720874  .00005023  00000-0  24079-3 0  9997
2 41850  98.0706  10.3681 0001133  55.0631 305.0708 15.19419219522416
SDA_1680
1 65990U 25230S   26145.53770486  .00000096  00000-0  73890-4 0  9995
2 65990  81.3017 232.5936 0002952 251.4249 108.6587 13.85227105 30682
COSMOS 1389
1 13376U 82073B   26145.41540853  .00000009  00000-0  15647-3 0  9993
2 13376  74.0118 133.4803 0042573 300.1894 212.6800 12.55404355  9294
OPS 6630 (2)
1  6938U 73088D   26145.44131947 -.00000039  00000-0 -12347-3 0  9997
2  6938  96.9432 222.9317 0027443  74.0122 298.3921 12.57204159410288
CLEMENTINE
1 25978U 99064B   26145.51247156  .00022239  00000-0  57960-3 0  9996
2 25978  98.1454 237.2628 0002132 194.1063 166.0121 15.38880824705068
TRANSAT
1 10457U 77106A   26145.58835366  .00000068  00000-0  91730-4 0  9998
2 10457  89.6488  72.7260 0027602  81.2303  92.5502 13.48968400389523
HBTSS-SV2
1 58955U 24028A   26145.34134601 -.00000007  00000-0  78851-4 0  9999
2 58955  39.9892 148.8585 0018724 109.5110 250.7661 13.70466177113938
COSMOS 1721
1 16454U 86002F   26145.47614645 -.00000023  00000-0 -40887-4 0  9999
2 16454  73.9892 229.8477 0036761 242.9481 128.2858 12.52385624845865
COSMOS 304
1 04138U 69091A   26145.37880809  .00000015  00000-0  11777-4 0  9995
2 04138  74.0391 274.0254 0013942 283.1296  76.8306 14.46470859984432
KSM1-B
1 46914U 20081K   26145.50153134  .00006219  00000-0  25340-3 0  9990
2 46914  36.9014 208.0826 0004400  91.3212 268.8040 15.24159084308728
TIANQI 25
1 59909U 24102A   26145.53390169  .00000080  00000-0  14271-3 0  9991
2 59909  44.9786   2.7494 0010803 131.6102 228.5658 13.99161742101735
SAUDISAT 1C
1 27607U 02058C   26145.43020300  .00000782  00000-0  10978-3 0  9992
2 27607  64.5514 199.3924 0075599 266.6349  92.6107 14.82991151261080
CARTOSAT 3
1 44804U 19081A   26145.50040642  .00005636  00000-0  27007-3 0  9997
2 44804  97.4319 207.7300 0011539 225.2672 134.7624 15.19267432360027
CHUANG XIN 20A (CX-20A)
1 58425U 23181A   26145.48738383 -.00000071  00000-0  10226-3 0  9994
2 58425  49.9600  49.9591 0012878 198.4706 161.5705 13.41495428122700
SECOR 13 (EGRS 13)
1  3891U 69037B   26145.16133345 -.00000036  00000-0  11476-4 0  9993
2  3891  99.6520  17.6445 0038873 308.7590 173.5203 13.42976084798663
HJS-4B
1 58692U 23212B   26145.49793345 -.00000097  00000-0  55850-4 0  9996
2 58692  49.9979  67.2317 0001314  28.5019 331.5929 13.41457103118202
DMSP 5D-2 F12 (USA 106)
1 23233U 94057A   26145.45378288  .00000012  00000-0  27876-4 0  9998
2 23233  98.6702 196.2913 0010528 344.0730  16.0112 14.16069098638759
ORIGAMISAT-2
1 68795U 26088D   26145.34278511  .00003364  00000-0  22150-3 0  9997
2 68795  97.5045 295.2583 0016473 153.9491 206.2570 15.08091164  4858
ONEWEB-0317
1 49103U 21075AE  26145.34074577  .00000527  00000-0  14308-2 0  9999
2 49103  87.8961 355.2112 0001070  80.6299 279.4951 13.12442204232196
GLOBALSTAR M080
1 38041U 11080B   26145.21433302 -.00000098  00000-0  31315-4 0  9997
2 38041  52.0055  88.9280 0000104 120.3658  19.1839 12.62268991665981
DUBAISAT 2
1 39419U 13066D   26145.47508159  .00004701  00000-0  29276-3 0  9990
2 39419  97.4556 136.2194 0012984 107.8318 252.4329 15.09984836682963
ONEWEB-0557
1 56058U 23043N   26145.49841149  .00000041  00000-0  74365-4 0  9998
2 56058  87.9105 233.2859 0003299  95.6204 264.5303 13.16595995155970
EAGLET 1
1 43790U 18099AJ  26145.10134337  .00003557  00000-0  20632-3 0  9996
2 43790  97.4250 195.3831 0012686  69.7087 290.5507 15.12730541408843
ONEWEB-0259
1 48977U 21060L   26145.52691803  .00000111  00000-0  25803-3 0  9990
2 48977  87.9104 233.2814 0001852 103.8739 256.2598 13.16593667236641
ONEWEB-0521
1 54139U 22138AC  26145.41797783  .00000066  00000-0  13312-3 0  9997
2 54139  87.9161 309.4919 0002065  93.9276 266.2093 13.19725906173765
COSMOS 980
1 10587U 78005E   26145.22483697 -.00000019  00000-0 -18341-4 0  9993
2 10587  74.0331  48.3695 0007484  78.0681  90.6372 12.48948420199883
OPS 6226
1  7816U 75043A   26145.52842523  .00000180  00000-0  93697-4 0  9997
2  7816  98.6119 352.0152 0050705 244.6367 114.9557 14.25243842356613
KUIPER-00046
1 64506U 25134G   26145.06327728  .00000886  00000-0  14522-3 0  9998
2 64506  51.8980 265.3166 0000510  97.7971 262.3050 14.79932722 51245
AC1-002
1 66745U 25276CH  26145.62293391  .00002087  00000-0  10498-3 0  9995
2 66745  97.4204 219.3812 0003741  79.5089 280.6567 15.18319763 26988
ONEWEB-0703
1 56724U 23068Q   26145.36497061 -.00000045  00000-0 -15278-3 0  9994
2 56724  87.8989 263.7508 0001901  73.5629 286.5710 13.15547244146252
PIAST-S2
1 66757U 25276CV  26145.14774786  .00005359  00000-0  25038-3 0  9998
2 66757  97.4218 219.2898 0002695  67.0406 293.1113 15.20215452 26935
ONEWEB-0713
1 55175U 23004AM  26145.38142877 -.00000457  00000-0 -13244-2 0  9994
2 55175  87.8911  25.6053 0002054  90.7494 269.3869 13.11416068162838
AISSAT 4
1 68454U 26067AQ  26145.36556384  .00006849  00000-0  34525-3 0  9995
2 68454  97.4557 104.1188 0006775 129.8303 230.3528 15.17454470  8470
LEMUR-2-FINNIAN
1 66782U 25276DX  26145.46945641  .00006116  00000-0  49543-3 0  9990
2 66782  97.5245 217.1950 0007322 161.2143 198.9352 15.00044507 16594
ONEWEB-0123
1 47269U 20100M   26145.56438359  .00000384  00000-0  10320-2 0  9995
2 47269  87.8950 355.1693 0001836  88.5403 271.5936 13.12442882261721
SEEDS
1 32791U 08021J   26145.47583941  .00017447  00000-0  56920-3 0  9990
2 32791  97.7521 142.3050 0004202  58.8151 301.3501 15.31851938983812
KUIPER-00512
1 68889U 26095AB  26145.50003471 -.01111367  00000-0 -45895-1 0  9993
2 68889  51.8858 352.3629 0003705 208.6802 184.3390 15.26550296  5326
COSMOS 2154
1 21666U 91059A   26145.44571134  .00000060  00000-0  48665-4 0  9991
2 21666  82.9044 126.2804 0023619 276.4874 252.5133 13.73537234741711
HULIANWANG DIGUI-155
1 68129U 26047A   26145.37477425 -.00000089  00000-0  75436-4 0  9999
2 68129  50.0009 138.2045 0000217 359.2557   0.8315 13.29330408 10035
COSMOS 1635
1 15617U 85023A   26145.38069774 -.00000009  00000-0  45780-4 0  9998
2 15617  74.0553 287.0656 0024528 193.0819 195.3580 12.43257388868884
USA 119
1 23893U 96029A   26145.38188062  .00000640  00000-0  12487-3 0  9990
2 23893  63.3195 251.7813 0849959  48.8289 318.2950 13.46176845102202
COSMOS 2218
1 22207U 92073A   26145.50533528  .00000076  00000-0  65296-4 0  9998
2 22207  82.9197 152.3514 0033930  65.1688  99.5856 13.73091168681820
RASSVET-3 5
1 68364U 26061E   26145.15937359  .00025052  00000-0  33957-3 0  9996
2 68364  82.2962  38.9165 0006691 114.9622 245.2328 15.57495081  9861
TIANMU-1 05
1 55975U 23039C   26145.51913274  .00014060  00000-0  28526-3 0  9995
2 55975  97.5210 318.2381 0002984 172.9430 187.1861 15.46478738177316
GEESAT 6-10
1 65722U 25214L   26145.15750795  .00001394  00000-0  19590-3 0  9997
2 65722  49.9910  55.4109 0011658 144.1575 216.0148 14.83278115 36087
HULIANWANG DIGUI-88
1 65996U 25231B   26145.24373186 -.00000105  00000-0  40134-4 0  9993
2 65996  49.9994 258.1869 0000928 150.9298 209.1625 13.29328354 29830
QIANFAN-133
1 69079U 26104G   26145.54961256  .00000081  00000-0  31868-4 0  9999
2 69079  88.9867 344.2079 0003158 171.5284 188.5960 14.19026213  1875
IRIDIUM 179
1 56730U 23068W   26145.45696269  .00000923  00000-0  11808-3 0  9990
2 56730  86.6795  43.7695 0002359  81.9681 278.1808 14.80239679163003
NEXTSAT-2
1 56743U 23072A   26145.50575461  .00006613  00000-0  24871-3 0  9991
2 56743  97.5267 342.2902 0007363  99.5204 260.6867 15.27462419166136
ICEYE-X72
1 68504U 26067CS  26145.37328495  .00002305  00000-0  23317-3 0  9992
2 68504  97.7615 104.0061 0003473  66.9239 293.2346 14.91961541  8327
KUIPER-00250
1 67155U 25301Y   26145.53638535  .00003244  00000-0  45385-3 0  9992
2 67155  51.8989  90.7839 0001134  73.5465 286.5622 14.79984196 25074
IOD2_STARTICAL
1 64538U 25135L   26145.27712280  .00003751  00000-0  17651-3 0  9998
2 64538  97.4675 260.1006 0003197 248.7405 111.3489 15.20164161 51348
SENTINEL-6B
1 66514U 25264A   26145.36573020 -.00000046  00000-0  66272-4 0  9993
2 66514  66.0392 182.5795 0008056 269.3823  90.6269 12.80929091 24244
KUIPER-00478
1 68875U 26095M   26145.54446080  .00025781  00000-0  71151-3 0  9996
2 68875  51.8784 352.0252 0007735 218.4885 141.5551 15.36888221  4242
ONEWEB-0140
1 47286U 20100AE  26145.55590339  .00000181  00000-0  46804-3 0  9992
2 47286  87.8962 355.1425 0001801  80.2919 279.8413 13.12442913261725
ONEWEB-0233
1 48795U 21045AE  26145.58190261  .00000017  00000-0  11804-4 0  9991
2 48795  87.8990 263.7394 0001602  98.0657 262.0655 13.15547308241329
RE
1 38765U 12048H   26145.40271323  .00012188  00000-0  49810-3 0  9999
2 38765  64.6565 257.8041 0097169 184.0254 176.0103 15.20413449111932
HAIYANG 4A
1 61936U 24208A   26145.50850756  .00000432  00000-0  74446-4 0  9993
2 61936  98.0033 153.5767 0000685 129.9274 230.1995 14.73311999 82104
SDS-1
1 33497U 09002F   26145.21694164  .00000513  00000-0  85116-4 0  9992
2 33497  98.1937  44.1665 0002366  34.2333 325.9027 14.74488255930172
ONEWEB-0694
1 56722U 23068N   26145.48733500 -.00000024  00000-0 -95850-4 0  9998
2 56722  87.9117 233.2620 0002272 110.9418 249.1956 13.16594266148789
ZHUHAI-1 03B
1 44536U 19060C   26145.50879341  .00027451  00000-0  44558-3 0  9991
2 44536  97.5505 302.0779 0008910  46.6222 313.5771 15.52668063372802
FLOCK 4H 1
1 66704U 25276AQ  26145.14578520  .00004944  00000-0  23099-3 0  9992
2 66704  97.4182 219.1999 0003215  66.3228 293.8344 15.20254492 26931
GAOFEN 9 04
1 46025U 20054A   26145.49031644  .00013762  00000-0  38522-3 0  9999
2 46025  97.2437 214.7914 0011198 164.8949 195.2632 15.36692343322872
NOAA 14
1 23455U 94089A   26145.49276235  .00000047  00000-0  46107-4 0  9998
2 23455  98.5112 116.1158 0010105 143.1637 217.0233 14.14669492619990
ONEWEB-0145
1 47291U 20100AK  26145.31363762 -.00000238  00000-0 -69693-3 0  9996
2 47291  87.8952 355.2196 0001719  88.2516 271.8810 13.12443194261764
ONEWEB-0047
1 45152U 20008X   26145.24175683  .00000618  00000-0  17327-2 0  9998
2 45152  87.8858  40.8327 0001886  75.6096 284.5240 13.10412402305194
ONEWEB-0110
1 47260U 20100C   26145.29838792 -.00000337  00000-0 -97184-3 0  9995
2 47260  87.8959 355.1943 0001712  77.8077 282.3244 13.12442785261724
ONEWEB-0348
1 49213U 21083AD  26145.38644774  .00000094  00000-0  20017-3 0  9990
2 49213  87.9178 278.9861 0002311 108.7921 251.3463 13.20770262233807
HULIANWANG DIGUI-131
1 67239U 25311D   26145.39903603 -.00000093  00000-0  66316-4 0  9999
2 67239  50.0035 197.8065 0001044 249.1273 110.9487 13.29322420 20308
COSMOS 1252
1 12322U 81022C   26145.49098198  .00000007  00000-0  14617-3 0  9998
2 12322  74.0271 164.8202 0035452 262.6472 251.8953 12.54811023 71305
KOSEN-1
1 49402U 21102H   26145.06993241  .00006574  00000-0  25441-3 0  9998
2 49402  97.3207 187.6803 0011903 291.3952  68.6016 15.26464520250499
GONETS M 12 (M22)
1 40553U 15020B   26145.52327874  .00000144  00000-0  96640-3 0  9998
2 40553  82.4913  46.2298 0016237  38.5464 321.6772 12.42890867505911
GEESAT 2-08
1 58912U 24023H   26145.60218661  .00001652  00000-0  22775-3 0  9994
2 58912  49.9894  97.8383 0004243 266.3619  93.6833 14.83150587125567
COSMOS 594
1  6851U 73069G   26145.40659175 -.00000010  00000-0  34661-4 0  9996
2  6851  74.0008 309.0380 0067149  21.4969   2.4252 12.57650588416780
COSMOS 2126
1 21101U 91009B   26145.47981932  .00000005  00000-0  14135-3 0  9997
2 21101  74.0280 114.9574 0018418  98.4437 261.8701 12.46067490604886
COSMOS 1375
1 13259U 82055A   26145.24303105  .00000277  00000-0  31780-3 0  9994
2 13259  65.8303 102.2019 0023322 209.0849 150.8921 13.84929290210901
COSMOS 678
1 07436U 74072B   26145.43395252 -.00000016  00000-0 -69347-5 0  9994
2 07436  74.0377  22.8698 0041358  42.7397 130.3115 12.41799856342777
LEMUR 2 NIMBUS2000
1 58899U 24022A   26145.33085184  .00016808  00000-0  43419-3 0  9996
2 58899  97.4140 355.0571 0008783 189.5957 170.5122 15.39161493128755
QIANFAN-20
1 61553U 24185B   26145.46098558  .00000285  00000-0  15672-3 0  9992
2 61553  88.9847  59.6546 0005544 159.8371 200.3033 14.09002002 92542
ORBCOMM FM 23
1 25477U 98053C   26145.52948494  .00000659  00000-0  26039-3 0  9996
2 25477  45.0080  88.7245 0000364 116.8289 243.2597 14.38420291446679
DMC 3-FM3
1 40717U 15032C   26145.48680502  .00000048  00000-0  11456-4 0  9994
2 40717  97.6600  14.8453 0006380 122.4324 237.7510 14.85702261586548
GAOFEN 12 04
1 57654U 23123A   26145.55916045  .00000844  00000-0  11796-3 0  9994
2 57654  97.9131  63.9018 0001679  92.4759 267.6645 14.80176763149288
HULIANWANG DIGUI-112
1 66922U 25285H   26145.41327128 -.00000099  00000-0  53904-4 0  9997
2 66922  50.0079 227.4345 0001068 212.6083 147.4724 13.29325228 23036
SKYSAT C11
1 42987U 17068A   26145.37438158  .00027200  00000-0  38368-3 0  9991
2 42987  97.4325 293.2390 0001608 104.3290 255.8143 15.56572534479690
IRIDIUM 147
1 43480U 18047E   26145.36363689  .00000053  00000-0  11906-4 0  9990
2 43480  86.3946  97.8792 0002185  84.2712 275.8733 14.34217885419214
COSMOS 1302
1 12791U 81084A   26145.37234771  .00000093  00000-0  41803-4 0  9995
2 12791  74.0273 272.9925 0017426  72.4368 287.8686 14.35050000339458
LEO 3
1 57392U 23100G   26145.30201604 -.00000027  00000-0  19833-4 0  9994
2 57392  99.5608 269.8394 0019081  75.9491 284.3774 13.68419993142511
COSMOS 978
1 10585U 78005C   26145.38197058  .00000007  00000-0  14287-3 0  9990
2 10585  74.0290 111.6877 0029634 262.7600 265.6109 12.55700947206390
SERVIS 2
1 36588U 10023A   26145.47835887  .00000013  00000-0  15287-3 0  9994
2 36588 100.4284 333.5196 0016938 328.5742  59.2620 13.16051739767784
ICEYE-X37
1 59102U 24043E   26145.32473668  .00004138  00000-0  28840-3 0  9998
2 59102  97.8281 281.9739 0016543  88.4259 271.8862 15.05886710121647
ONEWEB-0015
1 61594U 24188A   26145.42043831  .00000510  00000-0  14029-2 0  9995
2 61594  87.8907  25.6230 0002345  84.9325 275.2070 13.11416943 81475
COSMOS 2535
1 44421U 19039A   26145.53996359  .00000811  00000-0  85513-4 0  9990
2 44421  97.5774 174.5702 0006702 292.5820  67.4689 14.91887657373262
GEESAT 2-05
1 58909U 24023E   26145.38546091  .00001477  00000-0  20656-3 0  9997
2 58909  50.0045  99.9248 0011412 336.0058  24.0347 14.83165930125538
STRIX 2
1 62406U 24248A   26145.52390153  .00005421  00000-0  34964-3 0  9995
2 62406  97.6277 101.3037 0017699  56.4138 303.8777 15.08587596 78174
COSMOS 2573
1 58614U 23201A   26145.54277859  .00003453  00000-0  14267-3 0  9995
2 58614  97.6260  94.5705 0003095  96.7023 263.4567 15.24699482135035
YINHE-1
1 45024U 20004A   26145.47267296  .00000459  00000-0  58311-4 0  9992
2 45024  86.3921 125.7441 0015993  80.8318 279.4711 14.79101243342568
COSMOS 1320
1 12975U 81116A   26145.30902188 -.00000003  00000-0  10535-3 0  9991
2 12975  73.9820  89.3996 0097014 308.9776 219.4696 12.28045327994351
COSMOS 1359
1 13162U 82040C   26145.56658238 -.00000019  00000-0 -17178-4 0  9998
2 13162  74.0119 262.2735 0031058   0.5314  10.8666 12.52041623 14754
GOKTURK-1A
1 41875U 16073A   26145.53547586  .00000062  00000-0  21246-4 0  9990
2 41875  98.1273  40.5617 0001459  79.9262 280.2104 14.62754038505517
ONEWEB-0550
1 56052U 23043G   26145.51986060  .00000036  00000-0  55181-4 0  9996
2 56052  87.9252 248.4882 0002088  94.6728 265.4645 13.21824808155238
YAOGAN-39 04B
1 58143U 23163C   26145.43157704  .00003702  00000-0  18228-3 0  9991
2 58143  34.9922 150.7688 0002390  39.8905 320.1983 15.17461004143851
OSCAR 14 (UOSAT 3)
1 20437U 90005B   26145.60657271  .00000062  00000-0  39200-4 0  9998
2 20437  98.8043 194.4931 0009823 336.0621 184.5570 14.33261131898352
ONEWEB-0373
1 49299U 21090W   26145.38476544  .00000023  00000-0  23880-4 0  9994
2 49299  87.9173 278.9885 0001957 101.5506 258.5847 13.20769395228014
FORMOSAT7-2/COSMIC2-2
1 44351U 19036N   26145.55392595  .00002434  00000-0  18370-3 0  9992
2 44351  23.9993 301.3908 0000346 310.2800  49.7671 14.96390546380197
KINEIS-1B
1 60079U 24114A   26145.54750615  .00000733  00000-0  10240-3 0  9998
2 60079  97.9834 169.8423 0003197 141.5826 218.5614 14.80580526104050
GLOBALSTAR M088
1 37740U 11033B   26145.32928824 -.00000082  00000-0  11912-3 0  9993
2 37740  52.0234 348.5055 0000886  90.4532  80.3028 12.62268177685602
YAOGAN-31 B
1 43276U 18034B   26145.54405061 -.00000179  00000-0 -11941-3 0  9999
2 43276  63.3930 149.5492 0273433   7.2809 353.2063 13.45454347399171
QIANFAN-1
1 60379U 24140A   26145.44699837  .00000094  00000-0  12647-3 0  9990
2 60379  88.9714 282.2896 0019594 102.4215 257.9130 13.51010643 89451
JILIN-01-07
1 43159U 18008E   26145.53049264  .00008284  00000-0  25149-3 0  9996
2 43159  97.1786 166.0693 0009875 131.3042 228.9053 15.34286109461522
KAZSTSAT
1 43783U 18099AB  26145.08050715  .00000732  00000-0  63678-4 0  9992
2 43783  97.4277 178.0612 0006372 130.4440 229.7341 14.99801738407843
RUBIN 9.1/RUBIN 9.2/PSLV
1 35936U 09051F   26145.50544145  .00000149  00000-0  55757-4 0  9994
2 35936  98.3070  69.2260 0054448 128.2183 232.3927 14.43547805877269
RADIO 4
1 13000U 81120D   26145.58749328 -.00000112  00000-0 -13864-2 0  9990
2 13000  82.9617  72.7385 0016923 216.3179 317.4159 12.06922649957429
YAOGAN-31 A
1 43275U 18034A   26145.54292813 -.00000227  00000-0 -18430-3 0  9991
2 43275  63.3928 149.5464 0273433   7.3269 353.1628 13.45458416399051
JILIN-01-08
1 43160U 18008F   26145.51663961  .00005755  00000-0  18064-3 0  9990
2 43160  97.1816 165.3947 0007284 141.7967 218.3794 15.33381241461476
ORSTED
1 25635U 99008B   26145.50527927  .00000346  00000-0  84780-4 0  9996
2 25635  96.4836  58.1707 0130178 259.2656  99.3866 14.51786570438675
ICEYE-X73
1 68496U 26067CJ  26145.36702861  .00002453  00000-0  24698-3 0  9991
2 68496  97.7599 104.0036 0002968  53.7859 306.3634 14.92090053  8328
ONEWEB-0375
1 49301U 21090Y   26145.37300128  .00000060  00000-0  11616-3 0  9995
2 49301  87.9175 278.9823 0002480  98.9695 261.1719 13.20771415227510
ONEWEB-0289
1 49079U 21075E   26145.57634040 -.00000192  00000-0 -52833-3 0  9999
2 49079  87.9157  10.3784 0001463  90.5408 269.5891 13.17648861231226
MCUBED-2
1 39469U 13072H   26145.14895933  .00009088  00000-0  35928-3 0  9999
2 39469 120.4893 263.1710 0141909 354.2785   5.6668 15.17682606114333
QIANFAN-3
1 60381U 24140C   26145.48393728  .00000100  00000-0  13574-3 0  9995
2 60381  88.9693 282.2230 0015916  89.2935 271.0040 13.51006927 89421
MOZ.5/SAFIR/RUBIN 5/SL-8
1 28898U 05043G   26145.35599870  .00000496  00000-0  10327-3 0  9996
2 28898  98.3508 289.4572 0019375  54.6516 305.6494 14.64363010719915
COSMOS 2366
1 25892U 99045A   26145.52655397  .00000062  00000-0  48444-4 0  9999
2 25892  82.9273 141.0314 0032943  62.6495  84.4541 13.74692169341839
YAOGAN 17C
1 39241U 13046C   26145.50376244  .00000063  00000-0  14993-3 0  9990
2 39241  63.3848 148.1665 0425280  11.3765 349.6513 13.45475915625321
YUNHAI 2-1E
1 43913U 18112E   26145.49398309  .00000051  00000-0  83512-4 0  9995
2 43913  50.0070 263.0768 0005056 282.7585  77.2765 14.29001013385910
HULIANWANG DIGUI-162
1 68136U 26047H   26145.39151981 -.00000086  00000-0  81500-4 0  9991
2 68136  50.0042 137.6581 0000197 355.1185   4.9685 13.29327408 10038
HONGYAN 1
1 43914U 18112F   26145.48194220 -.00000084  00000-0  78241-4 0  9991
2 43914  50.0091 320.5246 0006693 186.9247 173.1540 13.43819404363483
LIDE
1 64869U 25154A   26145.55892506  .00002286  00000-0  21863-3 0  9999
2 64869  97.6729 209.9018 0004089 318.2843  41.8065 14.94183197 45622
KUIPER-00434
1 68938U 26098V   26145.44754968  .00018702  00000-0  55923-3 0  9999
2 68938  51.8722 177.3454 0007880  55.2283 304.9443 15.34576912  3856
ONEWEB-0661
1 55821U 23029AB  26145.40232388  .00000256  00000-0  65677-3 0  9992
2 55821  87.8932 294.2889 0001882  87.4300 272.7045 13.14501621156398
HULIANWANG DIGUI-76
1 65308U 25187D   26145.45832095 -.00000101  00000-0  49701-4 0  9997
2 65308  50.0016 287.5244 0000531  94.6660 265.4272 13.29322830 36671
VIREON-1
1 68434U 26067U   26145.39063665  .00003731  00000-0  18451-3 0  9998
2 68434  97.4567 104.2400 0003420  73.0846 287.0763 15.18439599  8480
COSMOS 2549
1 47546U 21008A   26145.55226885 -.00000051  00000-0  17675-4 0  9993
2 47546  67.1513  40.1116 0005693 263.9670  96.0766 13.97020292270671
ONEWEB-0409
1 50488U 21132V   26145.36448111  .00000142  00000-0  36512-3 0  9997
2 50488  87.8914  25.5948 0001935  90.2907 269.8443 13.11414462212594
KUIPER-00213
1 67777U 26030P   26145.50887198  .00002872  00000-0  40565-3 0  9991
2 67777  51.8957 226.0076 0001071  61.4981 298.6089 14.79922130 16650
KUIPER-00244
1 68583U 26072L   26145.50003471 -.01234793  00000-0 -40186-1 0  9996
2 68583  51.8780 286.3996 0002709 289.4582  67.9948 15.34506291  5789
IRIDIUM 167
1 43931U 19002K   26145.54998693  .00000066  00000-0  16517-4 0  9999
2 43931  86.3983   3.0584 0002057  78.3981 281.7446 14.34218052385715
HUNITY-1
1 66670U 25276E   26145.11590336  .00025400  00000-0  99749-3 0  9995
2 66670  97.4080 219.4820 0008162 100.5899 259.6259 15.25659254 26965
KUIPER-00094
1 64839U 25151Z   26145.50003471 -.00033016  00000-0 -27817-2 0  9994
2 64839  51.8925 269.3168 0004410 181.1014 168.4757 14.97651538  4632
ICEYE-X62
1 66755U 25276CT  26145.46593304  .00001933  00000-0  12306-3 0  9994
2 66755  97.4208 218.3871 0003952  87.3907 272.7775 15.09918428 26905
GRUS-3ALPHA
1 64579U 25135BD  26145.57261619  .00000994  00000-0  10092-3 0  9999
2 64579  97.7740 260.1021 0004339  77.5971 282.5733 14.93049349 50500
YUNHAI 2-1A
1 43909U 18112A   26145.51568991  .00000105  00000-0  10477-3 0  9998
2 43909  50.0078 140.4456 0000257 247.3549 112.7339 14.29010116387840
HULIANWANG DIGUI-72
1 65232U 25178E   26145.51135084  .00000063  00000-0  11168-3 0  9995
2 65232  86.5002  21.1552 0001664  87.3599 272.7725 13.24411197 37314
ANDESITE
1 45726U 20037D   26145.50672045  .00001787  00000-0  12850-3 0  9995
2 45726  97.7856 338.2445 0007643 242.8214 117.2233 15.05551851322259
ASTROSAT
1 40930U 15052A   26145.15090552  .00001511  00000-0  10243-3 0  9995
2 40930   5.9989 321.1626 0007589  63.2978 296.7926 14.82459854576406
OPS 8737
1 14690U 84012A   26145.44076317  .00008122  00000-0  57281-3 0  9994
2 14690  63.3029 209.5145 0625001 124.6416 241.5215 14.14958813104749
SDA_1673
1 65983U 25230K   26145.33105505  .00000228  00000-0  19437-3 0  9992
2 65983  81.3025 232.8290 0001219 119.3865 240.7414 13.84125667 30653
GEN1A-2
1 69005U 26100AB  26145.25378307  .00002844  00000-0  13460-3 0  9997
2 69005  97.4060  43.4801 0007054  96.5552 263.6487 15.20141641  3336
SHIYAN 27F
1 63604U 25078F   26145.47965948  .00000008  00000-0  73515-4 0  9994
2 63604  99.6903 153.0346 0001235  93.5825 266.5455 13.57239368 54450
ONEWEB-0155
1 48057U 21025R   26145.43584200 -.00000142  00000-0 -42359-3 0  9993
2 48057  87.8945 324.7517 0001621  93.0871 267.0443 13.13468162250697
ONEWEB-0594
1 54660U 22166U   26145.57031783 -.00000009  00000-0 -53694-4 0  9992
2 54660  87.9252 248.4925 0001886 100.7679 259.3667 13.21827765168570
CONNECTA IOT-6
1 62709U 25009DE  26145.09114017  .00001111  00000-0  10911-3 0  9990
2 62709  97.7028 223.8994 0001614 153.9641 206.1661 14.94153896 73919
KINEIS-2C
1 62929U 25028B   26145.43344778  .00000977  00000-0  15898-3 0  9990
2 62929  98.0955 199.8439 0001391  13.8578 346.2668 14.73298465 69262
ONEWEB-0160
1 48060U 21025U   26145.20901408 -.00000126  00000-0 -38104-3 0  9990
2 48060  87.8943 324.8041 0002163  72.6120 287.5246 13.13469484250544
GLOBALSTAR M093
1 39073U 13005B   26145.96453264 -.00000088  00000-0  86162-4 0  9992
2 39073  52.0117 304.3211 0000472  98.9486 261.1435 12.62265255614055
PIESAT-2 10
1 62334U 24241B   26145.63496698  .00007681  00000-0  42884-3 0  9991
2 62334  97.5362  93.9221 0002473  83.4524 276.6989 15.13808783 79399
QIANFAN-88
1 63174U 25046R   26145.44591309  .00000046  00000-0  52704-4 0  9993
2 63174  88.9692 302.8800 0012711  31.2852 328.9053 13.51005764 69613
AETHER-8
1 67379U 26004S   26145.50003471  .00073131  00000-0  83039-2 0  9992
2 67379  97.8008 144.4481 0000137 244.7841   9.2530 14.85926101  5756
SOYUZ MS-28
1 66664U 25275A   26145.42220529  .00009654  00000-0  18076-3 0  9992
2 66664  51.6330  52.7989 0007470  96.3597 263.8242 15.49365963568192
COSMOS 566
1  6677U 73037C   26145.36524123 -.00000014  00000-0  94323-5 0  9992
2  6677  74.0186 264.8436 0031278 149.6173 266.7140 12.51704176419610
ONEWEB-0599
1 55155U 23004R   26145.31998126  .00000050  00000-0  95570-4 0  9992
2 55155  87.9151  10.4122 0001671  77.6075 282.5243 13.17651644164477
COSMOS 1642
1 15624U 85023H   26145.47991332  .00000011  00000-0  16427-3 0  9997
2 15624  74.0526 157.9313 0051573 224.2359 304.1309 12.56393146888612
ONEWEB-0439
1 51635U 22012P   26145.42777011 -.00000698  00000-0 -20352-2 0  9993
2 51635  87.8849  40.7995 0001900  77.4648 282.6692 13.10373345206346
COSMOS 622
1  6990U 73104F   26145.37652654 -.00000013  00000-0  17846-4 0  9990
2  6990  74.0290 283.1282 0073943 353.7406  34.9680 12.59120818409761
ONEWEB-0570
1 55149U 23004K   26145.28963706  .00000035  00000-0  55129-4 0  9996
2 55149  87.9158 340.0275 0002023 100.4400 259.6960 13.18688127166679
TIANQI 21
1 57792U 23135A   26145.44899904  .00000269  00000-0  18847-3 0  9997
2 57792  49.9722 247.9899 0013730 178.1108 181.9858 14.23108185141394
COSMOS 2250
1 22651U 93030F   26145.49037205  .00000024  00000-0  71993-4 0  9998
2 22651  82.5837 335.7479 0009310 346.0305  41.4122 12.63098786523153
COSMOS 1478
1 14176U 83069F   26145.54500536 -.00000020  00000-0 -26171-4 0  9996
2 14176  74.0266  69.7043 0012404 203.3101 329.9151 12.48263293954318
AAC-AIS-SAT-1
1 55107U 23001DC  26145.50393707  .00004602  00000-0  46068-3 0  9995
2 55107  97.9197 222.1605 0009001   4.4749 355.6548 14.91879531174903
COSMOS 2082
1 20624U 90046A   26145.45082500  .00000290  00000-0  17457-3 0  9993
2 20624  71.0405 219.8713 0012743  86.7950 273.4631 14.14843493858486
OPS 5268 (DMSP 5A F3)
1  4953U 71012A   26145.37526757  .00000196  00000-0  72270-4 0  9990
2  4953  98.4854  15.1526 0038088 134.2652 226.1674 14.42159492895495
GNOMES-3
1 52158U 22033B   26145.46368416  .00001728  00000-0  20868-3 0  9992
2 52158  97.8233 222.1795 0011763  44.8038 315.4125 14.84986769223963
COSMOS 1753
1 16763U 86042F   26145.45170744 -.00000016  00000-0  75780-6 0  9994
2 16763  74.0203  31.8976 0010417 269.4929 263.8292 12.48904881822244
COSMOS 2198
1 22035U 92042B   26145.35750985  .00000025  00000-0  82568-4 0  9999
2 22035  82.5964 269.0236 0006274  16.8313 343.2986 12.62674173560530
OPS 6553
1 13172U 82041C   26145.47230029  .00004235  00000-0  29220-3 0  9996
2 13172  96.0067 264.4799 0009572  18.7465 341.4117 15.06112801112245
YAOGAN-35 02B
1 52908U 22068B   26145.55454006  .00070362  00000-0  94771-3 0  9998
2 52908  34.9954 208.2399 0004174 181.0519 179.0198 15.56643157219161
COSMOS 945
1 10291U 77079G   26145.40251707  .00000007  00000-0  15639-3 0  9991
2 10291  74.0225 114.2809 0018730 291.5795 190.4250 12.47249483198280
LATINSAT B
1 27606U 02058B   26145.47506189  .00000456  00000-0  80992-4 0  9991
2 27606  64.5545 320.2889 0087313 274.3769  84.7362 14.76988839258743
FENGYUN 1C
1 25730U 99025A   26145.44563932  .00002003  00000-0  84264-3 0  9998
2 25730  98.8638 218.6699 0009519 324.1040  35.9500 14.26941675394711
COSMOS 343
1 04390U 70036H   26145.58431834  .00000002  00000-0  10408-3 0  9994
2 04390  74.0283  90.8823 0059431  32.9985 148.3025 12.60462400580247
IRIDIUM 44
1 25078U 97077B   26145.54146375  .00000329  00000-0  97011-4 0  9991
2 25078  86.3949  76.7582 0002614  41.0023 319.1372 14.40559636492982
ICEYE-X43
1 60539U 24149BZ  26145.14335922  .00002849  00000-0  23502-3 0  9998
2 60539  97.6759 222.4269 0005992 156.0794 204.0709 14.99799841 96662
D-STAR ONE SPARROW
1 43881U 18111F   26145.33027597  .00116995  00000-0  10487-2 0  9993
2 43881  97.6122  84.1167 0006682  91.6626 268.5400 15.67919519407786
SNAP-3 EDDIE
1 40972U 15058J   26145.51473096  .00077438  00000-0  10677-2 0  9996
2 40972  64.7432 172.8803 0033605  27.2494 333.0403 15.56094497115490
KITSAT 3
1 25756U 99029A   26145.53023022  .00000196  00000-0  56103-4 0  9994
2 25756  98.6188 180.3788 0012660 336.9534  23.1093 14.55788516431736
YAOGAN-43 O1A
1 60458U 24148A   26145.54179384  .00015299  00000-0  43855-3 0  9995
2 60458  35.0050 283.7850 0004868  10.1369 349.9447 15.35024350 98967
COSMOS 1019
1 10936U 78056G   26145.56854808 -.00000019  00000-0 -19195-4 0  9998
2 10936  74.0268 261.0611 0041115 338.0046  36.4376 12.52160930192405
UHETSAT
1 58466U 23185E   26145.51084880  .00006802  00000-0  22999-3 0  9990
2 58466  97.3493 213.1874 0013808  38.9531 321.2702 15.30864490137829
METEOR 2-5
1 11605U 79095A   26145.37660815 -.00000023  00000-0 -20757-4 0  9999
2 11605  81.2096 253.5614 0012024 344.0307  16.0481 14.07466029390097
COSMOS 767
1 08291U 75086G   26145.45670532 -.00000017  00000-0 -54138-5 0  9992
2 08291  74.0117  33.1001 0019917 162.3000  11.1316 12.48525279310135
FLOCK 4BE 9
1 60514U 24149AY  26145.15948185  .00015522  00000-0  39065-3 0  9996
2 60514  97.3790 229.2212 0003137  52.6416 307.5115 15.40009754 98779
XIWANG-1 (HOPE-1)
1 36122U 09072B   26145.52014512  .00000137  00000-0  47473-3 0  9999
2 36122 100.4014  99.7159 0006871 288.1470  71.8894 13.16439746790027
ORBCOMM FM 27
1 25481U 98053G   26145.27905354  .00000843  00000-0  31589-3 0  9992
2 25481  45.0051  84.1536 0001350 322.9684  37.1071 14.39088109446935
TEN-KOH
1 43677U 18084G   26145.08704637  .00002375  00000-0  18225-3 0  9999
2 43677  98.0756 336.4779 0009374 191.9139 168.1864 15.02811720412692
3CAT-5/B (TYVAK-0162)
1 46293U 20061X   26145.45672703  .00018030  00000-0  36346-3 0  9992
2 46293  97.2412 209.3255 0002427 157.5573 202.5783 15.46603495317545
PRSS 1
1 43530U 18056B   26145.50345265  .00001130  00000-0  14911-3 0  9997
2 43530  97.7825 214.0010 0001863  86.8391 273.3036 14.81948367425079
HAIYANG 2B
1 43655U 18081A   26145.53092666  .00000093  00000-0  13327-3 0  9997
2 43655  99.3296 154.6295 0001317  35.4511 324.6728 13.79307264381800
ONEWEB-0261
1 48979U 21060N   26145.48812700  .00000055  00000-0  11077-3 0  9993
2 48979  87.9103 233.2912 0001798  92.2362 267.8975 13.16594226236675
SCD 1
1 22490U 93009B   26145.66573722  .00000387  00000-0  54771-4 0  9990
2 22490  24.9712 346.6311 0041729 259.6357 153.5620 14.46109093757859
COSMOS 337
1  4384U 70036B   26145.29614204 -.00000007  00000-0  61911-4 0  9991
2  4384  74.0287  86.1380 0053614 336.1223 191.2756 12.39254123536898
OPS 8781
1 10502U 77112A   26145.46825887  .00000149  00000-0  64264-4 0  9992
2 10502  63.3281 165.5472 0469806 162.1776 199.6409 14.07374975104871
COSMOS 1995
1 19786U 89009B   26145.45714212  .00000013  00000-0  14841-4 0  9997
2 19786  82.6252  43.1763 0003302 154.9676  18.7351 12.62234627717474
COSMOS 2486
1 39177U 13028A   26145.54429970  .00000132  00000-0  39640-4 0  9991
2 39177  98.0126 113.8257 0012330  86.3384 273.9224 14.56182510688085
AEROCUBE 5C
1 40965U 15058B   26145.50600750  .00002998  00000-0  27022-3 0  9998
2 40965  64.7680 333.1439 0130063  72.1997 289.3256 14.91310091362275
GONETS M 07
1 39251U 13048C   26145.53917271  .00000116  00000-0  77006-3 0  9990
2 39251  82.4913   0.4144 0016426 264.4543  95.4663 12.42914312576021
COSMOS 2239
1 22590U 93020A   26145.52297160  .00000059  00000-0  44944-4 0  9995
2 22590  82.9299 157.5889 0022985   0.5743 164.5411 13.75633570663666
GLOBALSTAR M074
1 37189U 10054B   26145.34699602 -.00000094  00000-0  55954-4 0  9991
2 37189  51.9989 177.4684 0000164  93.0665 279.8151 12.62268273720278
ONEWEB-0031
1 45431U 20020H   26145.60353865 -.00000273  00000-0 -80663-3 0  9995
2 45431  87.8904  25.5691 0001608  80.5633 279.5677 13.11413886299697
KUIPER-00095
1 65134U 25171C   26145.43857457  .00001803  00000-0  26539-3 0  9996
2 65134  51.8963 166.2499 0000469  76.7284 283.3731 14.79937797 44438
DOORY-SAT
1 58500U 23188A   26145.43904478  .00001033  00000-0  15977-3 0  9996
2 58500  46.9822  46.1776 0008955 288.5998  71.3924 14.80557770133623
YUNHAI 3
1 54235U 22151A   26145.48614785 -.00000007  00000-0  19446-4 0  9997
2 54235  98.8170 153.2189 0001701 133.0993 227.0322 14.13366360181731
HAWK-7B
1 56193U 23054R   26145.24372467  .00005386  00000-0  20543-3 0  9990
2 56193  97.2760  31.4205 0003820 110.7880 249.3769 15.27079889173524
DROID.002
1 63223U 25052P   26145.27827156  .00005326  00000-0  22973-3 0  9998
2 63223  97.3962  38.4750 0003133 188.2011 171.9175 15.22960049 66384
PARUS-6U1
1 68456U 26067AS  26145.63535618  .00005452  00000-0  27721-3 0  9993
2 68456  97.4538 104.3523 0007052 129.7592 230.4264 15.17238770  8510
ONEWEB-0281
1 48999U 21060AJ  26145.49525514  .00000036  00000-0  60398-4 0  9990
2 48999  87.9107 233.2764 0002036 102.2794 257.8565 13.16593777236644
VINDLER 2.2
1 68484U 26067BW  26145.50003471  .00364423  00000-0  26237-1 0  9992
2 68484  97.7628 104.3115 0003486  56.9614 329.7687 15.02268081  1307
KUIPER-00222
1 67782U 26030U   26145.51438235  .00013569  00000-0  18061-2 0  9992
2 67782  51.8994 221.0474 0000464 255.6464 104.4447 14.79914178 16725
PAKTES 1A
1 43529U 18056A   26145.50979870  .00002260  00000-0  19130-3 0  9993
2 43529  98.1247 301.0325 0021943 179.9690 180.1537 14.98954655428522
OSCAR 15 (UOSAT 4)
1 20438U 90005C   26145.62826277  .00000036  00000-0  30434-4 0  9996
2 20438  98.7852 201.9734 0010737  61.1996  91.6651 14.31715744896990
ONEWEB-0683
1 56719U 23068K   26145.31427459  .00000191  00000-0  47403-3 0  9992
2 56719  87.9000 263.7495 0001979 108.3423 251.7923 13.15547349146414
CENTISPACE-1 S3
1 53757U 22108A   26145.49866079  .00000057  00000-0  49462-4 0  9998
2 53757  53.5309 149.0757 0008268 287.3806  72.6265 14.61225495198213
QPS-SAR-9 SUSANOO-I
1 63205U 25050A   26145.52482572  .00004130  00000-0  31626-3 0  9990
2 63205  42.0186 227.4462 0004118 345.3898  14.6810 15.02904086 65556
ICEYE-X45
1 62705U 25009DA  26145.19481622  .00008764  00000-0  69330-3 0  9996
2 62705  97.8252 231.7120 0001094  92.6146 267.5203 15.00866269 74237
KEPLER-21
1 56218U 23054AS  26145.28470747  .00165620  11895-4  57749-3 0  9996
2 56218  97.2871  63.5946 0006483 109.4720 250.7253 15.89323447175570
FLOCK 4G 12
1 62625U 25009S   26145.14879689  .00011006  00000-0  39757-3 0  9999
2 62625  97.4020 227.1104 0004965  52.7896 307.3796 15.28634230 75385
ONEWEB-0037
1 45440U 20020S   26145.13350372  .00000084  00000-0  19991-3 0  9997
2 45440  87.8926  25.6229 0001828  84.3194 275.8143 13.11909388299679
COSMOS 858
1 09443U 76098A   26145.59957389  .00000087  00000-0  39649-4 0  9993
2 09443  74.0485 199.5444 0014616 320.7104  39.2986 14.35123074595513
ALSAT 3A
1 67474U 26009A   26145.53215214  .00005653  00000-0  24126-3 0  9993
2 67474  97.4550 219.5560 0013446 186.6045 173.5017 15.23222919 19826
TISAT 1
1 36799U 10035E   26145.31062712  .00020324  00000-0  68657-3 0  9999
2 36799  98.0695  89.8486 0002169  30.8829 329.2537 15.30703160864201
KUIPER-00061
1 64521U 25134X   26145.55171490  .00003512  00000-0  49026-3 0  9998
2 64521  51.9004 248.2088 0000226 121.4259 238.6725 14.79856592 51516
KUIPER-00015
1 63731U 25088H   26145.28255811  .00001211  00000-0  18781-3 0  9996
2 63731  51.8983 139.4303 0000567  41.6072 318.4934 14.79942147 59045
PRAETORIAN SDA_602
1 65565U 25203A   26145.40167185  .00000088  00000-0  67984-4 0  9993
2 65565  81.3048  31.8756 0004930 254.8548 105.2064 13.84340638 35540
XSS 10
1 27664U 03005B   26145.48222833  .00001627  00000-0  14654-3 0  9992
2 27664  39.7463 215.1137 0148590 290.8805  67.6128 14.90223155259242
SDA_1675
1 65985U 25230M   26145.53992404  .00000128  00000-0  10290-3 0  9995
2 65985  81.2986 232.6938 0002623 194.8966 165.2114 13.84758009 30679
HULIANWANG DIGUI-35
1 64956U 25159A   26145.51501478  .00000059  00000-0  10434-3 0  9990
2 64956  86.4925 290.0929 0001979  91.4620 268.6741 13.24413821 40125
CORAL
1 67684U 98067YA  26145.12814612  .00130769  00000-0  11132-2 0  9990
2 67684  51.6259  46.3144 0013096 121.3622 238.8658 15.68546210 16734
TIANPING 3B-02
1 61616U 24189C   26145.51433672  .00002192  00000-0  17613-3 0  9998
2 61616  97.5221 166.4768 0002938  75.9521 284.2030 15.01022969 87040
QIANFAN-39
1 62240U 24232D   26145.47701494  .00000314  00000-0  12661-3 0  9998
2 62240  89.0080  18.6513 0013743 262.5036  97.4596 14.25512083124713
DMC 3-FM1
1 40715U 15032A   26145.57620130  .00000397  00000-0  51650-4 0  9990
2 40715  97.6492  11.6344 0006730 119.1303 241.0587 14.85706902586557
COSMOS 762
1 08286U 75086B   26145.36752385 -.00000011  00000-0  31659-4 0  9998
2 08286  74.0094 284.0941 0029479  16.8420  11.1883 12.50905571314522
COSMOS 1933
1 18958U 88020A   26145.43707422  .00003041  00000-0  14580-3 0  9995
2 18958  82.5127 174.9621 0002335 306.3205  53.7813 15.18551924 61870
ONEWEB-0033
1 45142U 20008M   26145.45101508  .00000206  00000-0  55511-3 0  9996
2 45142  87.8854  40.8043 0001306  78.0891 282.0382 13.10377565305236
ONEWEB-0508
1 54126U 22138P   26145.37216706  .00000037  00000-0  60234-4 0  9993
2 54126  87.9149 309.5240 0001426  84.2259 275.9036 13.19726661173829
YUNHAI 1
1 41857U 16068A   26145.46890892  .00000435  00000-0  17599-3 0  9996
2 41857  98.5842 156.6879 0006502  97.6141 262.5781 14.32688746498579
NESS
1 58020U 23155E   26145.50514705  .00016319  00000-0  57526-3 0  9994
2 58020  97.5906 230.8107 0004556 274.9256  85.1463 15.29349843145026
WEINA 2
1 47303U 20103B   26145.55506720  .00000642  00000-0  12867-3 0  9990
2 47303  98.0563  35.2065 0000856 290.5119  69.5992 14.64995950288412
COSMOS 1269
1 12442U 81041A   26145.16129935  .00000082  00000-0  39477-4 0  9995
2 12442  74.0553  47.6417 0010768 279.7298  80.2637 14.33124934352688
VIZARD-ION
1 61749U 24199Q   26145.47806801  .00033711  00000-0  53323-3 0  9998
2 61749  97.3027  21.2820 0006436  17.1230 343.0239 15.53365779134042
LIZZIESAT-3 (LS-3)
1 63233U 25052Z   26145.27520183  .00004420  00000-0  19946-3 0  9999
2 63233  97.3945  37.5199 0004382 231.1376 128.9470 15.21504387 66324
ONEWEB-0711
1 55174U 23004AL  26145.05761441  .00000273  00000-0  73328-3 0  9995
2 55174  87.8908  25.6685 0002351  95.9876 264.1519 13.11415216162801
COSMOS 619
1 06987U 73104C   26145.35315553 -.00000023  00000-0 -48385-4 0  9992
2 06987  74.0294 253.4566 0040533  23.4599 336.8291 12.52233221396739
IRIDIUM 39
1 25042U 97069D   26145.47046322  .00000489  00000-0  12144-3 0  9996
2 25042  86.3913  64.3305 0015504 239.4630 120.5045 14.49744753498543
HULIANWANG DIGUI-103
1 66419U 25258H   26145.32577514 -.00000086  00000-0  80987-4 0  9991
2 66419  50.0026  17.3387 0000926  64.9736 295.1232 13.29322617 26695
COSMOS 2254
1 22689U 93038C   26145.46150644  .00000002  00000-0 -47771-4 0  9991
2 22689  82.5823 218.6348 0011623   7.5762   3.0414 12.64913719519267
ONEWEB-0622
1 55163U 23004Z   26145.12880758  .00000335  00000-0  90917-3 0  9996
2 55163  87.8917  25.6542 0002109 102.1112 258.0252 13.11414083162779
HULIANWANG DIGUI-03
1 62325U 24240C   26145.55283672  .00000023  00000-0  19604-4 0  9995
2 62325  86.4983 350.7834 0001480  84.9823 275.1480 13.24407650 69649
OPS 7898 (P/L 1)
1 05678U 71110A   26145.53557283 -.00000029  00000-0  22187-4 0  9998
2 05678  69.9899  71.1910 0009795 225.6191 134.4101 13.74138742353671
COSMOS 590
1 06847U 73069C   26145.56964365 -.00000021  00000-0 -31467-4 0  9992
2 06847  74.0009 263.4544 0034202  30.6431 340.0445 12.51110122404243
SENTINEL-2C
1 60989U 24157A   26145.44524915  .00000094  00000-0  52394-4 0  9993
2 60989  98.5694 220.5481 0001409  85.5312 274.6032 14.30822603 89735
KINEIS-3C
1 61220U 24172A   26145.50963309  .00001706  00000-0  27775-3 0  9995
2 61220  98.0424 235.6481 0001420 161.1339 198.9921 14.72303048 89738
COSMOS 1023
1 10961U 78063A   26145.43180041  .00000118  00000-0  48155-4 0  9997
2 10961  74.0738 130.0881 0017348 291.5969  68.3336 14.37597321509660
CENTISPACE-1 S8
1 62577U 25007C   26145.55985471 -.00000047  00000-0  88470-4 0  9996
2 62577  54.9863  10.6982 0016312  78.5424 281.7363 13.80629631 71606
COSMOS 2341
1 24772U 97017A   26145.42986719  .00000063  00000-0  53024-4 0  9997
2 24772  82.9200 141.6774 0024769 328.0742 141.2734 13.71624784655954
3CAT-4
1 60236U 24128B   26145.46952392  .00002014  00000-0  16506-3 0  9990
2 60236  61.9931 304.8471 0045940 132.5422 227.9562 15.02107947102693
QIANFAN-41
1 62242U 24232F   26145.44219192  .00000115  00000-0  15873-3 0  9993
2 62242  89.0099  24.7421 0015986  78.5274 281.7672 13.51005781121351
COSMOS 531
1 06266U 72087D   26145.42987471  .00000004  00000-0  12754-3 0  9990
2 06266  74.0319 145.8287 0031481 316.7620 210.7255 12.54804900453415
SORAYA
1 58817U 24015A   26145.51867667  .00000058  00000-0  49639-4 0  9993
2 58817  64.5131 146.7271 0009972 249.0286 110.9732 14.42704875123503
GNOMES-4
1 58462U 23185A   26145.54944175  .00003100  00000-0  24908-3 0  9991
2 58462  97.4873 203.5400 0012318  51.1982 309.0341 15.00682663135893
COSMOS 586
1 06828U 73065A   26145.38069979  .00000053  00000-0  39095-4 0  9992
2 06828  82.9412 180.0842 0026088 264.7509 105.8956 13.75374784643761
LEMUR 2 OBA-NI-JESU
1 58902U 24022D   26145.11187188  .00362543  51108-4  11818-2 0  9990
2 58902  97.3874   8.2552 0005250 163.0940 197.0509 15.90640870129633
HJS-4C
1 58693U 23212C   26145.50124057 -.00000088  00000-0  72592-4 0  9999
2 58693  49.9993  67.3417 0001304  16.2732 343.8187 13.41458868118218
ONEWEB-0374
1 49300U 21090X   26145.35950822 -.00000119  00000-0 -35545-3 0  9998
2 49300  87.8943 294.2492 0002437  94.9798 265.1610 13.14502123224563
COSMOS 2361
1 25590U 98076A   26145.46528647  .00000045  00000-0  32105-4 0  9995
2 25590  82.9354 223.0053 0031892 168.0033 203.6184 13.73234771373581
ESSA 7 (TOS-E)
1  3345U 68069A   26145.37964255 -.00000036  00000-0  48975-4 0  9990
2  3345 101.5585 112.2758 0026427 212.8839 302.1627 12.53010081642129
COSMOS 828
1  8892U 76054D   26145.44050427 -.00000018  00000-0 -11747-4 0  9998
2  8892  74.0007 270.1563 0035678  76.2839 357.1274 12.50987800280655
LEMUR 2 DEMBITZ
1 42842U 17042T   26145.47050722  .00016161  00000-0  56665-3 0  9995
2 42842  97.3826 327.2272 0008148  99.8503 260.3658 15.29498732484878
SNUGLITE-II
1 52899U 22065F   26145.34497988  .00000874  00000-0  17489-3 0  9999
2 52899  98.2174 290.2207 0008798  95.8254 264.3951 14.64296892207654
JILIN 1
1 40961U 15057D   26145.47116243  .00000769  00000-0  11288-3 0  9999
2 40961  97.6508 145.9672 0016442 342.9029  17.1627 14.78115730572259
COSMOS 1198
1 11881U 80058G   26145.55777278 -.00000021  00000-0 -37727-4 0  9991
2 11881  74.0182 244.3323 0022468 233.2297 156.9141 12.43793232 83020
NORSAT 1
1 42826U 17042B   26145.47000236  .00006528  00000-0  36535-3 0  9992
2 42826  97.4432 313.7010 0007924 152.3761 207.7893 15.13753513483796
TIANHUI 6B
1 55839U 23030D   26145.51777192  .00000356  00000-0  26537-3 0  9995
2 55839  99.0136 154.0259 0001530  72.7602 287.3730 14.01351593164215
COSMOS 1782
1 16986U 86074A   26145.45164675  .00009220  00000-0  27204-3 0  9992
2 16986  82.5246 160.7182 0003439 304.3019  55.7898 15.34832320143071
ONEWEB-0397
1 50477U 21132J   26145.49534469  .00000038  00000-0  62946-4 0  9996
2 50477  87.9169 339.9702 0002050  85.1319 275.0047 13.18687706218623
JILIN-01 GAOFEN 2B
1 44836U 19086A   26145.50977618  .00005559  00000-0  25750-3 0  9996
2 44836  97.4888 217.6469 0015004  44.7279 315.5163 15.20411693357044
IRIDIUM 149
1 43250U 18030B   26145.49240057  .00000037  00000-0  60874-5 0  9995
2 43250  86.3938 299.8603 0002217  94.0036 266.1414 14.34217840426903
KINEIS-1C
1 60081U 24114C   26145.51364257  .00000716  00000-0  10026-3 0  9994
2 60081  97.9854 169.6518 0000637 113.0965 247.0314 14.80583330104029
DAMPE
1 41173U 15078A   26145.48522109  .00001110  00000-0  39933-4 0  9990
2 41173  97.4565 150.8426 0012646 149.0083 211.1906 15.30718158581074
ONEWEB-0327
1 49196U 21083L   26145.46653816  .00000069  00000-0  14149-3 0  9997
2 49196  87.9161 339.9833 0002214  85.3325 274.8059 13.18686276227022
ISS (DESTINY)
1 26700U 01006B   26145.42220529  .00009654  00000-0  18076-3 0  9995
2 26700  51.6330  52.7989 0007470  96.3597 263.8242 15.49365963568032
SWARM A
1 39452U 13067B   26145.50431301  .00010749  00000-0  18831-3 0  9990
2 39452  87.3332  64.6619 0003201  86.3970 273.7656 15.50427851702735
COSMOS 1171
1 11750U 80026A   26145.51252765 -.00000059  00000-0  22638-4 0  9991
2 11750  65.8398 167.9183 0030491 292.5045 229.1045 13.73773334314398
HOTSAT-1
1 56954U 23084Y   26145.48903944  .00003880  00000-0  16950-3 0  9998
2 56954  97.6193 279.5342 0002193  65.4909 294.6555 15.22725086163640
COSMOS 1196
1 11879U 80058E   26145.51251720 -.00000012  00000-0  26236-4 0  9995
2 11879  74.0201  54.1116 0005361 259.3504 273.4630 12.48409896569582
NUSAT-38 (MARIA AGNESI)
1 56202U 23054AA  26145.48244797  .00029494  00000-0  56178-3 0  9990
2 56202  97.3077  55.5916 0014376 134.0191 226.2247 15.48041608174993
ONEWEB-0020
1 45133U 20008C   26145.21530197 -.00000097  00000-0 -31324-3 0  9996
2 45133  87.8864  40.8391 0001832  78.3443 281.7890 13.10376612305336
HAIYANG 2D
1 48621U 21043A   26145.51963608  .00000318  00000-0  36271-3 0  9991
2 48621  66.0003   1.1354 0011355 271.9430  88.0338 13.83375174253410
KUIPER-00028
1 63741U 25088T   26145.61336632  .00000170  00000-0  51262-4 0  9990
2 63741  51.9000 112.8942 0000691  64.0349 296.0685 14.79938853 59453
ONEWEB-0227
1 48792U 21045AB  26145.31585482  .00000172  00000-0  42192-3 0  9997
2 48792  87.8996 263.7446 0001789 100.1468 259.9864 13.15547185241376
COSMOS 1503
1 14401U 83103A   26145.56155032  .00000096  00000-0  44436-4 0  9990
2 14401  74.0419 154.9645 0014480 281.1017  78.8506 14.33118464226243
COSMOS 2168
1 21782U 91077D   26145.51763869  .00000003  00000-0 -40808-4 0  9995
2 21782  82.5978 227.3902 0014714  78.7777 292.2102 12.65530873594934
AETHER-7
1 67378U 26004R   26145.47356694  .00000581  00000-0  72049-4 0  9995
2 67378  97.8006 144.3666 0002896 171.6713 188.4551 14.86316638 19901
FLOCK 4G 14
1 62667U 25009BL  26145.50931389  .00009921  00000-0  35795-3 0  9992
2 62667  97.4025 227.4414 0005256  54.8091 305.3641 15.28702642 75433
MIMIR 1
1 68490U 26067CC  26145.39174196  .00001689  00000-0  17553-3 0  9994
2 68490  97.7601 103.9746 0004006  96.3547 263.8128 14.91213453  8329
DISKSAT A
1 67222U 25305D   26145.56066407  .00002348  00000-0  16068-3 0  9997
2 67222  45.0022 203.3040 0004326  24.5488 335.5593 15.09182288 23891
ONEWEB-0013
1 45131U 20008A   26145.47599882 -.00000769  00000-0 -22704-2 0  9995
2 45131  87.8534  57.4051 0002848  73.4147 286.7292 13.09455461303090
ONEWEB-0181
1 48230U 21031W   26145.41184432  .00000233  00000-0  59360-3 0  9993
2 48230  87.8934 294.2700 0001692 103.1478 256.9841 13.14501938245241
COSMOS 2597
1 66647U 25273A   26145.37911185  .00000019  00000-0  65037-4 0  9996
2 66647  82.4997 184.7027 0010423 266.1163  93.8725 12.42898758 22466
COSMOS 2201
1 22038U 92042E   26145.37327160  .00000023  00000-0  70056-4 0  9996
2 22038  82.5894 274.9717 0008850  17.5429 353.2182 12.61786813559421
NEE 02 KRYSAOR
1 39441U 13066AB  26145.32364583  .00001536  00000-0  17297-3 0  9993
2 39441  97.8888  84.7049 0067038 143.5883 216.9920 14.86513370672809
AEROCUBE 6B
1 40046U 14033AN  26145.40338723  .00006425  00000-0  52329-3 0  9994
2 40046  97.7184 312.3432 0039115  84.9108 275.6578 14.99246920643345
NADEZHDA 3
1 21152U 91019A   26145.45232042  .00000069  00000-0  56357-4 0  9996
2 21152  82.9257 320.6492 0042547 138.9958 253.9860 13.74501072765031
CAS500-2
1 69013U 26100AK  26145.51339858  .00006111  00000-0  28312-3 0  9996
2 69013  97.4098  43.7581 0009296  98.0678 262.1612 15.20416931  3364
YAM-10
1 64580U 25135BE  26145.27243495  .00001714  00000-0  17581-3 0  9991
2 64580  97.7705 259.4475 0004550  77.8760 282.2968 14.91719739 50446
COSMOS 2146
1 21302U 91033D   26145.42135818  .00000039  00000-0  15214-3 0  9992
2 21302  82.5742 308.9744 0017010  82.3166 277.9857 12.64553325616440
ONEWEB-0134
1 47280U 20100Y   26145.55929642  .00000329  00000-0  87954-3 0  9994
2 47280  87.8963 355.1443 0001488  82.9865 277.1433 13.12442947261742
GEESAT 5-03
1 65552U 25201C   26145.35792814  .00001320  00000-0  18356-3 0  9992
2 65552  49.9856 145.2587 0010654 176.9547 183.1458 14.84084524 38408
TOMORROW-S3
1 62392U 24247R   26145.17119312  .00006364  00000-0  23387-3 0  9999
2 62392  45.0012  59.0021 0002049 204.1988 155.8800 15.28738672 79439
INNOCUBE (TUBSAT-31)
1 62616U 25009H   26145.46911788  .00007171  00000-0  28039-3 0  9990
2 62616  97.3905 225.7046 0007116  63.0250 297.1714 15.26131643 75356
ICEYE-X7
1 46496U 20068L   26145.53122322  .00011301  00000-0  38022-3 0  9997
2 46496  97.7483 111.0409 0009438  56.8345 303.3799 15.30932691311323
QIANFAN-77
1 63163U 25046E   26145.45065384  .00000086  00000-0  52919-4 0  9993
2 63163  88.9696 299.8134 0012630 292.0103  67.9731 13.96191947 71294
ONEWEB-0133
1 47279U 20100X   26145.28470268 -.00000051  00000-0 -17644-3 0  9990
2 47279  87.8964 355.2018 0001739  80.4293 279.7032 13.12441630261737
ONEWEB-0201
1 48241U 21031AH  26145.36282425 -.00000158  00000-0 -45995-3 0  9997
2 48241  87.8941 294.2662 0002062 104.3208 255.8151 13.14503377245380
FLOCK 4BE 12
1 60560U 24149CW  26145.21140814  .00140682  00000-0  13384-2 0  9998
2 60560  97.3651 231.7211 0001103 178.7979 181.3284 15.66388034 98974
TIANPING-3A02
1 63432U 25068A   26145.49392606  .00002628  00000-0  19855-3 0  9995
2 63432  42.9990 167.3250 0229349 103.1514 259.5020 14.86351622 62000
CENTISPACE-1 S4
1 53758U 22108B   26145.49347402  .00000110  00000-0  59549-4 0  9990
2 53758  53.5285 146.7219 0007776 273.1901  86.8184 14.61899596198245
CBERS-4
1 40336U 14079A   26145.52343206  .00000214  00000-0  89071-4 0  9996
2 40336  98.3543 203.0647 0002103  90.0238 270.1189 14.35502093600703
JAY-D1
1 62669U 25009BN  26145.43963461  .00003415  00000-0  15190-3 0  9991
2 62669  97.4032 225.1514 0006698  71.2631 288.9331 15.22148929132918
PELICAN-2 3009
1 62631U 25009Y   26145.50855531  .00000326  00000-0  10040-4 0  9994
2 62631  97.3070 236.4030 0001275  48.7850 311.3506 15.40603319 76061
FLOCK 4BE 20
1 60489U 24149X   26145.14552476  .00013515  00000-0  37098-3 0  9994
2 60489  97.3693 227.0892 0003088  16.6555 343.4790 15.37368419 98670
GLOBALSTAR M002
1 25164U 98008C   26145.32834097 -.00000064  00000-0  24936-3 0  9995
2 25164  51.9997 102.3324 0001618  40.8654 319.2287 11.61516512223826
MACSAT
1 58024U 23155J   26145.11778708  .00004388  00000-0  20492-3 0  9995
2 58024  97.5777 226.9884 0003697 128.8063 231.3502 15.20344292144822
ONEWEB-0156
1 48052U 21025L   26145.49340783  .00000291  00000-0  76198-3 0  9991
2 48052  87.8951 324.7383 0001811  96.1814 263.9522 13.13468441250594
IRIDE-MS1-EAG2-13
1 68450U 26067AL  26145.39570019  .00006795  00000-0  33296-3 0  9999
2 68450  97.4532 104.2118 0004085  94.3744 265.7957 15.18460342  8485
METEOR 2-2
1 09661U 77002A   26145.36925672  .00000180  00000-0  10540-3 0  9998
2 09661  81.2630 115.9497 0011464  58.4959 301.7327 14.04223405527132
PELICAN-6 300D
1 66703U 25276AP  26145.62998985  .00009214  00000-0  32786-3 0  9993
2 66703  97.4123 220.8567 0000645  29.0749 331.0527 15.29189406 27089
ICEYE-X42
1 62698U 25009CT  26145.46937104  .00001751  00000-0  17883-3 0  9993
2 62698  97.7398 224.1922 0001769  99.8813 260.2605 14.91869081 73906
UNISAT 7
1 47945U 21022P   26145.48441144  .00013281  00000-0  33677-3 0  9998
2 47945  97.3911  50.1807 0010331 145.0250 215.1676 15.39769241286367
CONNECTA IOT-8
1 62695U 25009CQ  26145.45450615  .00000681  00000-0  70580-4 0  9991
2 62695  97.7079 223.7604 0004263  83.4394 276.7311 14.93150613 73908
KUIPER-00187
1 67141U 25301J   26145.28920645  .00001430  00000-0  21660-3 0  9990
2 67141  51.9022 101.9229 0000760  89.2350 270.8700 14.79931164 24863
FREJA
1 22161U 92064A   26145.39313749  .00000136  00000-0  10775-3 0  9993
2 22161  62.9989 300.9767 0729592 238.4378 114.3423 13.32842070630926
COSMOS 417
1  5216U 71041G   26145.43096999  .00000007  00000-0  13232-3 0  9995
2  5216  74.0123 134.3502 0096258 232.6200 242.7285 12.61455112534905
HULIANWANG DIGUI-89
1 65997U 25231C   26145.30226497 -.00000104  00000-0  43888-4 0  9991
2 65997  49.9970 257.7915 0000926 153.5450 206.5469 13.29327240 29840
BISONSAT
1 40968U 15058E   26145.88175803  .00004241  00000-0  34410-3 0  9990
2 40968  64.7760 328.7557 0117976  62.0331 299.2664 14.95712918113327
QIANFAN-99
1 66041U 25233J   26145.42884323  .00000131  00000-0  18438-3 0  9996
2 66041  89.0026  45.4896 0001871  78.4837 281.6524 13.51006382 30116
ONEWEB-0011
1 44062U 19010F   26145.57017781 -.00000021  00000-0 -88975-4 0  9997
2 44062  87.9003 263.6994 0001770 105.4162 254.7164 13.15549339348443
COSMOS 480
1 05905U 72019A   26145.42585582  .00000042  00000-0  72103-4 0  9998
2 05905  82.9734 309.4524 0019816  95.0286 293.4481 13.19937151609103
ONEWEB-0180
1 48213U 21031D   26145.39598048  .00000284  00000-0  73078-3 0  9991
2 48213  87.8946 294.2404 0001594 111.6915 248.4385 13.14501676245223
YAOGAN-35 04C
1 53526U 22100E   26145.55714885  .00006219  00000-0  27123-3 0  9993
2 53526  34.9943 218.0040 0009894 214.5206 145.4866 15.21456943209511
OSCAR 5
1  4321U 70008B   26145.48805307 -.00000022  00000-0  13107-3 0  9998
2  4321 101.3216 155.2306 0027109 307.8259 208.1981 12.52190737574609
COSMOS 1391
1 13378U 82073D   26145.13557700  .00000000  00000-0  99362-4 0  9991
2 13378  74.0146 292.5299 0020377 124.1133  50.0536 12.51433737  2959
COSMOS 1066
1 11165U 78121A   26145.36378492  .00000060  00000-0  25159-4 0  9995
2 11165  81.2365 278.0565 0049867 160.0148 200.2993 14.12101488958106
ONEWEB-0695
1 61602U 24188J   26145.37972414 -.00000413  00000-0 -12001-2 0  9999
2 61602  87.8907  25.6147 0001466  97.1886 262.9409 13.11414863 81471
GLOBALSTAR M001
1 25162U 98008A   26145.48326674 -.00000085  00000-0  91007-4 0  9994
2 25162  52.0047  56.9202 0000906 281.4451 249.4375 12.38232193286116
COSMOS 2454
1 35635U 09039A   26145.46977468  .00000054  00000-0  31118-4 0  9999
2 35635  82.9581  44.5031 0018468 327.9493 205.4449 13.89949627854247
GEESAT 2-07
1 58911U 24023G   26145.34781565  .00001492  00000-0  20839-3 0  9993
2 58911  50.0054 100.4993 0010686 331.5290  28.5063 14.83160468125520
METEOR 2-6
1 11962U 80073A   26145.37767471  .00000201  00000-0  10415-3 0  9994
2 11962  81.2206 112.1534 0035382 201.7891 158.1777 14.11141406351510
YAOGAN 30
1 41473U 16029A   26145.51764237  .00001039  00000-0  15718-3 0  9998
2 41473  97.9027 195.9051 0014460 310.5004  49.4945 14.76240360540325
COSMOS 1254
1 12324U 81022E   26145.54843806 -.00000025  00000-0 -58380-4 0  9998
2 12324  74.0295 233.5083 0026419 345.2889  26.7835 12.53128206 68540
QPS-SAR-8 AMATERU-IV
1 60542U 24149CC  26145.17409650  .00005928  00000-0  43503-3 0  9999
2 60542  97.6654 224.5206 0003558 173.3284 186.7990 15.03852107 96812
RADIO 3
1 12997U 81120A   26145.40783905  .00000034  00000-0  24782-3 0  9997
2 12997  82.9583 276.8963 0057397 313.6011 101.2744 12.15871383971939
FLOCK 4BE 14
1 60517U 24149BB  26145.49951937  .00016275  00000-0  40701-3 0  9990
2 60517  97.3694 229.0819 0004516  39.0425 321.1147 15.40188701 98831
LEMUR 2 KADI
1 43184U 18014E   26145.52991501  .00631507  16751-3  16731-2 0  9999
2 43184  97.4402  75.9216 0005376 143.3626 216.8018 15.94652847457489
GHGSAT-C8
1 56186U 23054J   26145.47439084  .00015764  00000-0  26133-3 0  9998
2 56186  97.3007  54.3172 0006156 130.4899 229.6892 15.52211255174917
COSMOS 1461
1 14064U 83044A   26145.37425867  .00019775  00000-0  50988-3 0  9996
2 14064  64.9857 126.5988 0041063 205.9520 153.9559 15.38376670213630
IRIDIUM 163
1 43575U 18061G   26145.53780668  .00000042  00000-0  80085-5 0  9993
2 43575  86.3967  66.1907 0002369  85.5241 274.6225 14.34217931410131
RROCI-2
1 59106U 24043J   26145.37011878  .00002294  00000-0  19031-3 0  9991
2 59106  97.8409 277.9512 0010247  94.2145 266.0249 14.99788991121347
ONEWEB-0311
1 49097U 21075Y   26145.31492833  .00000045  00000-0  82765-4 0  9996
2 49097  87.9157  10.4112 0002217  90.7276 269.4110 13.17648034230612
GLOBALSTAR M028
1 25875U 99041D   26145.54588756 -.00000097  00000-0  21777-4 0  9991
2 25875  51.9623 252.1935 0063888  95.3590 265.4564 12.50600033233017
ONEWEB-0652
1 55814U 23029U   26145.41026171  .00000214  00000-0  54294-3 0  9993
2 55814  87.8935 294.2541 0001934 100.3213 259.8135 13.14503466156377
PREFIRE-2
1 59881U 24099A   26145.10340928  .00003116  00000-0  14396-3 0  9997
2 59881  97.4113   1.6800 0010467 290.0053  70.0055 15.20891527110627
NANOFF B
1 58755U 23185S   26145.42676896  .00002907  00000-0  17231-3 0  9990
2 58755  97.5271 213.2212 0012994  30.8180 329.3811 15.12107553130439
LEMUR 2 CAEL
1 58903U 24022E   26145.09141300  .00015346  00000-0  38459-3 0  9992
2 58903  97.4124 355.7127 0008207 168.0589 192.0853 15.40114459128786
COSMOS 1110
1 11425U 79060A   26145.38324760  .00000113  00000-0  49539-4 0  9995
2 11425  74.0139 290.2003 0014016 356.1647   3.9395 14.34235057451114
KORSAT 7
1 58463U 23185B   26145.51929483  .00001777  00000-0  14380-3 0  9995
2 58463  97.6293 210.2345 0026648  41.3455 318.9780 15.00766524135886
NADEZHDA 4
1 23179U 94041A   26145.46750954  .00000053  00000-0  38068-4 0  9995
2 23179  82.9483  43.9095 0035717 151.2948  21.5020 13.76810481600398
HAWK-6C
1 55326U 23011C   26145.29471616  .00003572  00000-0  15829-3 0  9997
2 55326  40.4973 122.4144 0004522 236.1140 123.9239 15.22687898184365
GLOBALSTAR M037
1 25652U 99012D   26145.50677707 -.00000093  00000-0  61972-4 0  9990
2 25652  52.0000 221.5416 0002173 213.2249 160.0896 12.62466065254511
HYPERFIELD-1B
1 64552U 25135AA  26145.51574927  .00004120  00000-0  18289-3 0  9994
2 64552  97.4644 260.9988 0001976  69.4585 290.6863 15.22122157 51435
ONEWEB-0240
1 48785U 21045U   26145.36576489 -.00000077  00000-0 -23906-3 0  9999
2 48785  87.9003 263.7281 0001562 102.9017 257.2288 13.15549973241406
COSMOS 1656
1 15755U 85042A   26145.44461847  .00000124  00000-0  78688-4 0  9996
2 15755  71.1116 324.0914 0034469  16.2967 343.9259 14.21003786123937
ONEWEB-0551
1 56053U 23043H   26145.56620678  .00000090  00000-0  20623-3 0  9994
2 56053  87.8990 263.7341 0001588 104.1423 255.9884 13.15547926153424
HERMES-6
1 63489U 25052BK  26145.27759965  .00006592  00000-0  28496-3 0  9996
2 63489  97.4029  38.0957 0004456 244.0723 116.0055 15.22792032 66346
COSMOS 1900
1 18665U 87101A   26145.25454285  .00000065  00000-0  38383-4 0  9996
2 18665  66.0835  90.5581 0026536 118.8073 241.5703 14.55653792 45147
JILIN-01-10
1 43946U 19005E   26145.49789705  .00005565  00000-0  22288-3 0  9994
2 43946  97.4766 244.3093 0008034  10.5954 349.5451 15.25433913405850
ONEWEB-0543
1 55143U 23004D   26145.47680935  .00001989  00000-0  50115-2 0  9998
2 55143  87.9159 339.9911 0001663  81.3948 278.7372 13.18677984166703
COSMOS 1909
1 18788U 88002A   26145.40681454  .00000033  00000-0  12238-3 0  9995
2 18788  82.6097 291.9322 0002014  47.6930 340.0519 12.62870081767939
HULIANWANG DIGUI-145
1 67443U 26007J   26145.33470750 -.00000079  00000-0  97187-4 0  9999
2 67443  50.0072 167.4592 0000842 281.4009  78.6768 13.29324661 17751
ONEWEB-0626
1 55167U 23004AD  26145.59672488  .00000018  00000-0  12630-4 0  9995
2 55167  87.9150  10.3669 0001391  91.4339 268.6951 13.17650195164606
STARK
1 65299U 25185C   26145.14968495  .00001653  00000-0  22180-3 0  9997
2 65299  97.9600 228.9077 0014753 155.1642 205.0283 14.80626166 40445
IRIDE-MS2-HEO-1
1 62697U 25009CS  26145.46050181  .00001341  00000-0  13013-3 0  9999
2 62697  97.7046 224.1863 0003865  87.7497 272.4165 14.94301562 73940
COSMOS 715
1 07682U 75016E   26145.44560216 -.00000018  00000-0 -18152-4 0  9990
2 07682  74.0020 197.3058 0021411 114.2926 257.7461 12.44745449899052
JILIN-01 GAOFEN 3I
1 46461U 20065H   26145.48449837  .00446117  84843-4  99559-3 0  9993
2 46461  97.2184 206.2974 0007998 173.5801 186.5580 15.97778093316731
QIANFAN-128
1 69074U 26104B   26145.48940553  .00000083  00000-0  33658-4 0  9995
2 69074  88.9868 344.2176 0003295 159.5136 200.6186 14.18043207  1869
COSMOS 2315
1 23603U 95032A   26145.43094828  .00000041  00000-0  28684-4 0  9996
2 23603  82.9037 268.5556 0029462 280.8794 142.2860 13.73090101547579
HULIANWANG DIGUI-148
1 67524U 26013C   26145.51323818 -.00000090  00000-0  73500-4 0  9994
2 67524  50.0093  77.0741 0000914  28.1592 331.9330 13.29329658 17031
QIANFAN-122
1 68649U 26075P   26145.95675600  .00000048  00000-0  45036-4 0  9993
2 68649  88.9879 323.2762 0010500  63.2475 296.9756 13.64115123  6807
TYVAK-0130
1 48606U 21041BF  26145.33971463  .00005430  00000-0  21359-3 0  9991
2 48606  52.9939 132.1638 0011576  94.9914 265.2405 15.27193439276893
VELOX-P 2
1 39438U 13066Y   26145.31552880  .00002866  00000-0  27401-3 0  9992
2 39438  97.8729  96.6580 0054463  59.5602 301.0982 14.92934504674421
HAWK-11B
1 62379U 24247C   26145.12486937  .00005866  00000-0  20845-3 0  9991
2 62379  45.0164  56.0775 0002838  94.1672 265.9536 15.29977550 79472
BILSAT 1
1 27943U 03042E   26145.41965184  .00000301  00000-0  62777-4 0  9997
2 27943  98.3960 315.0937 0011962  65.3925 294.8523 14.67043155210786
PANDORA
1 67395U 26004AJ  26145.44203213  .00000749  00000-0  87494-4 0  9995
2 67395  97.8037 144.4551 0004827 186.9624 173.1526 14.88025078 19892
COSMOS 2071
1 20556U 90029H   26145.40907725 -.00000014  00000-0  14782-4 0  9992
2 20556  73.9816 272.3174 0002359  96.1489 321.3240 12.50942450650082
HAWK-3A
1 48957U 21059CG  26145.48540717  .00039158  00000-0  36119-3 0  9993
2 48957  97.6753 342.9509 0005588  65.1084 295.0756 15.67501656274294
ONEWEB-0518
1 54136U 22138Z   26145.40060680  .00000124  00000-0  27745-3 0  9992
2 54136  87.9151 309.5174 0001611  91.9256 268.2061 13.19725387173824
COSMOS 2214
1 22185U 92068D   26145.41057240  .00000015  00000-0  27724-4 0  9996
2 22185  82.5939   8.2698 0008199 198.2375 334.6382 12.61603329546772
GRUS-1D
1 47936U 21022E   26145.49949998  .00001715  00000-0  14744-3 0  9992
2 47936  97.5430  29.6436 0012854  33.6959 326.5078 14.98639950282506
ASTROCAST-0402
1 55109U 23001DE  26145.52029440  .00009688  00000-0  35692-3 0  9999
2 55109  97.5566 238.3895 0003588 339.9106  20.1991 15.28034131141076
PRAETORIAN SDA_615
1 65578U 25203P   26145.39141815  .00000151  00000-0  12472-3 0  9999
2 65578  81.3041  31.6804 0008076 253.2028 106.8243 13.84433617 35557
FLOCK 4Q 22
1 58306U 23174BC  26145.50246201  .00034919  00000-0  47214-3 0  9994
2 58306  97.3815 236.9241 0005145 198.0260 162.0814 15.57652823142334
LYRA-4
1 64691U 25140A   26145.31592953  .00001045  00000-0  16934-3 0  9999
2 64691  96.0033 271.6821 0010656 284.3018  75.7011 14.72432305 48699
ONEWEB-0203
1 48235U 21031AB  26145.41659013  .00000134  00000-0  32745-3 0  9998
2 48235  87.8956 294.2399 0001699  94.2580 265.8743 13.14501522245288
COSMOS 1937
1 19038U 88029A   26145.39607568  .00000071  00000-0  33395-4 0  9995
2 19038  74.0435 146.4512 0024968 239.4534 232.1236 14.36142933996478
OSCAR 24
1 15936U 85066B   26145.38761800  .00000082  00000-0  13431-3 0  9995
2 15936  90.1722  95.0859 0168635 349.2811 128.7031 13.35964739988287
KOMPSAT-7
1 66820U 25279A   26145.33743483  .00002308  00000-0  18909-3 0  9993
2 66820  97.6997  94.1070 0010373  82.9030 277.3373 15.00225537 26198
ICEYE-X67
1 66302U 25248K   26145.02136442  .00003729  00000-0  24875-3 0  9998
2 66302  45.4050 255.1199 0007617 262.8934  97.1082 15.08838177 32026
ASTROCAST-0404
1 55112U 23001DH  26145.22069348  .00019968  00000-0  74072-3 0  9998
2 55112  97.5650 238.9740 0008053  84.6839 275.5318 15.27606269141028
ONEWEB-0148
1 48059U 21025T   26145.49679244  .00000252  00000-0  65470-3 0  9993
2 48059  87.8942 324.7510 0002205 103.5125 256.6250 13.13468029250633
OPTICUBE 04
1 41851U 16067D   26145.34384579  .00001947  00000-0  12549-3 0  9995
2 41851  98.0723 356.4350 0015315 189.6838 170.4096 15.09545433521727
AMAZONIA 1
1 47699U 21015A   26145.45021246  .00000175  00000-0  68338-4 0  9991
2 47699  98.4318 218.4226 0001761 263.2649  96.8340 14.40806349275375
GRUS-1E
1 47935U 21022D   26145.51069153  .00000925  00000-0  80329-4 0  9995
2 47935  97.5469  30.6416 0014379  45.3586 314.8807 14.99310172282555
COSMOS 1860
1 18122U 87052A   26145.28066861 -.00000072  00000-0  15104-4 0  9996
2 18122  65.0099  88.8400 0057060 216.2237 143.4955 13.84968596969648
FLOCK 4G 30
1 62679U 25009BY  26145.49965658  .00037884  00000-0  12859-2 0  9993
2 62679  97.3922 226.8573 0003914  71.8671 288.2996 15.30399013133076
ONEWEB-0585
1 54652U 22166L   26145.32641884  .00000086  00000-0  17741-3 0  9990
2 54652  87.9255 248.5181 0001830 101.5293 258.6046 13.21824759168505
IRIDIUM 115
1 42806U 17039D   26145.23939323  .00000009  00000-0 -32725-5 0  9996
2 42806  86.4483 331.6864 0002105  82.4380 277.7060 14.43280340470952
COSMOS 540
1  6323U 72104A   26145.48258792  .00000137  00000-0  54267-4 0  9990
2  6323  74.0783 141.3330 0016634 114.8150 245.4737 14.37501429795751
KUIPER-00169
1 65782U 25217W   26145.03655362  .00001259  00000-0  19406-3 0  9993
2 65782  51.9024  55.5058 0000897  93.7021 266.4044 14.79936748 36323
COSMOS 2581
1 62902U 25026A   26145.73270848  .00001387  00000-0  12484-3 0  9992
2 62902  81.9950  97.4073 0011279 124.9381 235.2900 14.94929397 70860
COSMOS 2131
1 21106U 91009G   26145.22906825 -.00000017  00000-0 -32678-5 0  9992
2 21106  74.0315  61.7919 0052258 202.8938 324.8750 12.58963905621375
CENTISPACE-1 S11
1 62580U 25007F   26145.47956270 -.00000123  00000-0  16295-4 0  9997
2 62580  54.9790  10.5230 0012701  57.4783 302.7398 13.80605770 71594
IRIDIUM 121
1 42812U 17039K   26145.35337363  .00000218  00000-0  70815-4 0  9994
2 42812  86.3986   3.2179 0002080  86.4930 273.6503 14.34219243466556
YAOGAN-36 05A
1 57452U 23106A   26145.52853843  .00007579  00000-0  31457-3 0  9992
2 57452  35.0042 200.1747 0002040 211.9399 148.1193 15.23134436157697
COSMOS 2437
1 32954U 08025B   26145.51049990  .00000032  00000-0  16080-3 0  9996
2 32954  82.5043  11.5660 0021165  21.2517  53.6749 12.42758990816555
ICEYE-X4
1 44390U 19038D   26145.55467878  .00011541  00000-0  41516-3 0  9991
2 44390  97.8781 177.1440 0013872  31.6552 328.5518 15.28699810378345
ORBCOMM FM 9
1 25116U 97084E   26145.38655653  .00000682  00000-0  22771-3 0  9990
2 25116  45.0129 168.6879 0004186 163.3332 196.7658 14.46485611491009
ONEWEB-0177
1 48074U 21025AJ  26145.39691976  .00000217  00000-0  55951-3 0  9999
2 48074  87.8944 324.7614 0001786  99.3368 260.7964 13.13469838250683
YAOGAN 27
1 40878U 15040A   26145.52638951 -.00000165  00000-0 -32299-3 0  9996
2 40878 100.1151 132.8941 0007449 267.9719  92.0542 13.16069161514681
SUPERVIEW NEO-1 01
1 52320U 22043A   26145.51051419  .00004224  00000-0  22148-3 0  9999
2 52320  97.3410 219.0197 0002261  49.1434 310.9995 15.16283673226124
DX 1
1 40071U 14037C   26145.52801745  .00001531  00000-0  16566-3 0  9994
2 40071  98.3855 105.8585 0007200 359.2645   0.8559 14.89903787642732
GLOBALSTAR M008
1 25309U 98023D   26145.35544451 -.00000084  00000-0  92065-4 0  9999
2 25309  51.9976 286.0048 0003181 164.1065 215.6912 12.36083691280164
YAM-5
1 55076U 23001BV  26145.13099436  .00010307  00000-0  27753-3 0  9990
2 55076  97.3211 208.2323 0008966 180.7391 179.3842 15.37998877188562
GLOBAL-13
1 49773U 21115BB  26145.35796575  .00014307  00000-0  30590-3 0  9990
2 49773  53.1960 163.0351 0004203  53.6252 306.5143 15.45102864252239
NADEZHDA 7
1 27534U 02046A   26145.52663561  .00000065  00000-0  53642-4 0  9990
2 27534  82.9355 347.5149 0036983  37.5409 341.4020 13.72960445185453
KUIPER-00140
1 65965U 25228U   26145.32414273  .00002168  00000-0  31327-3 0  9990
2 65965  51.8996   6.7897 0000785 106.8929 253.2120 14.79940160 34781
ASNARO-2
1 43152U 18007A   26145.51008073  .00008659  00000-0  37739-3 0  9993
2 43152  97.3982 152.7908 0001722  92.4937 267.6496 15.22423654463965
ONEWEB-0198
1 48216U 21031G   26145.39135789  .00000065  00000-0  14134-3 0  9998
2 48216  87.8932 294.2597 0001487 109.1748 250.9542 13.14502395245492
ONEWEB-0157
1 48055U 21025P   26145.22424622 -.00000216  00000-0 -62695-3 0  9996
2 48055  87.8951 324.7962 0001602 103.6701 256.4606 13.13468958250556
COSMOS 2566
1 54383U 22163C   26145.54598381 -.00000004  00000-0  50367-4 0  9998
2 54383  67.1405 157.2363 0001917 121.3332 238.7941 13.97707852177400
CBERS 4A
1 44883U 19093E   26145.46524745  .00000720  00000-0  97972-4 0  9991
2 44883  97.7500 213.4310 0000339 207.3738 152.7458 14.81611949347714
COSMOS 2356
1 25367U 98036E   26145.46689808  .00000027  00000-0  14451-3 0  9993
2 25367  82.5812 340.5372 0355722 219.9974 137.4398 12.22428221246867
GEESAT 3-01
1 61011U 24159A   26145.51781308  .00001554  00000-0  21105-3 0  9998
2 61011  49.9990 188.2243 0002351 166.7407 193.3594 14.84108314 93315
IRS 1D
1 24971U 97057A   26145.40778319  .00000134  00000-0  61958-4 0  9999
2 24971  98.8424 139.2486 0051067 295.6789  63.9127 14.35505838499347
ONEWEB-0440
1 50503U 21132AL  26145.28120508  .00000032  00000-0  47203-4 0  9991
2 50503  87.9170 340.0114 0001892  78.3496 281.7849 13.18687888218555
SSU 3
1  8884U 76038J   26145.55468887  .00000116  00000-0  10834-3 0  9998
2  8884  63.3583 233.2290 0373511 182.6614 177.2456 13.88039354358964
COSMOS 2357
1 25368U 98036F   26145.48439765  .00000026  00000-0  12104-3 0  9993
2 25368  82.5868 334.4303 0356317 176.9554 183.3804 12.23381702247868
ORBCOMM FM 11
1 25114U 97084C   26145.42977981  .00000759  00000-0  24817-3 0  9992
2 25114  45.0117 167.4189 0004535 183.4015 176.6807 14.46643489491017
KL-ALPHA A
1 44785U 19077A   26145.46726027  .00000005  00000-0 -10822-4 0  9997
2 44785  88.9258 225.0473 0011601 164.6447 195.5061 13.56040502322655
CHECKMATE 2
1 56167U 23050F   26145.59641772  .00000128  00000-0  10307-3 0  9999
2 56167  81.0037  93.3672 0007576  24.9090 335.2430 13.85155274158987
COSMOS 941
1 10287U 77079C   26145.53445031 -.00000014  00000-0  14206-4 0  9994
2 10287  74.0261  63.0371 0031161  21.2861 152.5781 12.56551626207199
COSMOS 2488
1 39483U 13076A   26145.49896130 -.00000018  00000-0 -20210-3 0  9991
2 39483  82.4846 182.8310 0020435 142.3642 217.8872 12.42904797563071
ICEYE-X36
1 59103U 24043F   26145.47261994  .00003736  00000-0  25609-3 0  9995
2 59103  97.8334 283.1509 0006612  48.0677 312.1112 15.06662103121723
KUIPER-00409
1 68925U 26098G   26145.38305663  .00019500  00000-0  59007-3 0  9996
2 68925  51.8728 177.6667 0008138  65.8536 294.3299 15.34170337  3843
STPSAT-7
1 68630U 26074D   26145.34361081  .00005418  00000-0  22911-3 0  9992
2 68630  60.0218 265.8058 0023746   8.5877 351.5605 15.24399540  7298
HULIANWANG DIGUI-68
1 65228U 25178A   26145.46587870  .00000042  00000-0  63610-4 0  9995
2 65228  86.5001  21.1940 0001633  87.2723 272.8598 13.24408843 37305
JASON 3
1 41240U 16002A   26145.47837109 -.00000041  00000-0  85751-4 0  9993
2 41240  66.0391 173.5788 0008538 273.5297  86.4745 12.87627433484324
COSMOS 1037
1 11046U 78091D   26145.54746903 -.00000016  00000-0 -10491-5 0  9992
2 11046  74.0359  77.0543 0012985 324.1630 209.4129 12.48410620171062
HYSIS
1 43719U 18096A   26145.47448344  .00001181  00000-0  16831-3 0  9997
2 43719  97.9843 212.3989 0001175 118.5087 241.6242 14.78638961404062
ONEWEB-0393
1 50473U 21132E   26145.57902206 -.00000012  00000-0 -64845-4 0  9993
2 50473  87.9153  10.3603 0001976  87.0265 273.1092 13.17648334215134
CONNECTA IOT-11
1 64557U 25135AF  26145.26869444  .00003321  00000-0  15616-3 0  9995
2 64557  97.4691 260.7872 0002951  87.7484 272.4089 15.20275756 51381
COSMOS 2617
1 68828U 26090C   26145.37002688  .00033639  00000-0  16747-3 0  9993
2 68828  96.6463  63.8756 0018091 121.8658 238.4376 15.81598794  5064
CARBSAR
1 67397U 26004AL  26145.58772527  .00005549  00000-0  26614-3 0  9990
2 67397  97.4540 145.0433 0007414  65.4533 294.7473 15.19275918 20337
QPS-SAR-10 WADATSUMI-I
1 64055U 25104A   26145.64097336  .00004426  00000-0  34975-3 0  9995
2 64055  42.0049  43.3119 0012829 198.2914 161.7452 15.01540349 56041
COSMOS 2592
1 65268U 25182B   26145.24291422  .00041623  25183-5  10138-3 0  9995
2 65268  96.5900  76.8468 0003065 185.4488 174.6758 15.96443340 44037
SELENE
1 69020U 26100AS  26145.46057973  .00008544  00000-0  40446-3 0  9997
2 69020  97.4067  43.6659 0005975  69.9385 290.2492 15.19574876  3353
ICEYE-X56
1 64574U 25135AY  26145.55087885  .00002644  00000-0  24422-3 0  9999
2 64574  97.7720 260.6924 0003298  70.2142 289.9434 14.95459054 50546
KUIPER-00204
1 67145U 25301N   26145.50003471 -.01811596  00000-0 -15505+0 0  9990
2 67145  51.8945  66.6784 0001379 312.4591 227.6550 15.00885840  5763
HULIANWANG DIGUI-42
1 65045U 25162C   26145.52036566 -.00000082  00000-0  91627-4 0  9997
2 65045  49.9986 347.0363 0000483  43.2371 316.8538 13.29324234 40346
COSMOS 2160
1 21731U 91068D   26145.48371806  .00000039  00000-0  15249-3 0  9999
2 21731  82.5858 318.8782 0009589  66.3830 307.5668 12.64707011599665
UNIFORM 1
1 39767U 14029B   26145.53519771  .00002020  00000-0  18651-3 0  9992
2 39767  97.8039 243.0036 0005619  38.9985 321.1640 14.95735628650830
GHGSAT-C7
1 56209U 23054AH  26145.53126000  .00010589  00000-0  19479-3 0  9997
2 56209  97.3024  53.6215 0009823 111.2145 249.0156 15.49331587174889
COSMOS 825
1  8889U 76054A   26145.52181183 -.00000016  00000-0 -81389-6 0  9996
2  8889  74.0024  53.0131 0058810 177.5220   9.8494 12.55742804289338
SHIJIAN 6 01A (SJ-6 01A)
1 28413U 04035A   26145.35535499  .00007680  00000-0  38511-3 0  9993
2 28413  97.5880 172.4042 0005637 199.0692 161.0331 15.17613180184005
COSMOS 1997
1 19788U 89009D   26145.38391801  .00000013  00000-0  14637-4 0  9999
2 19788  82.6219  15.2464 0010273  39.6907 134.1051 12.63688968719629
CENTISPACE-2 S2
1 68351U 26060B   26145.66388638  .00000250  00000-0  71066-4 0  9994
2 68351  54.9797 128.0689 0009779  55.9958 304.1968 14.72493836  9448
DTUSAT
1 27842U 03031C   26145.47182708  .00000198  00000-0  10556-3 0  9993
2 27842  98.6852 154.2056 0008363 222.9068 137.1459 14.23915640188580
PUNCH-WFI02
1 63181U 25047D   26145.50106369  .00000459  00000-0  76832-4 0  9993
2 63181  97.9566 331.0229 0008020 252.6084 107.4248 14.74321186 64711
KUIPER-00071
1 64818U 25151C   26145.50503652  .00000981  00000-0  15761-3 0  9996
2 64818  51.9006 323.4120 0000713 101.3415 258.7628 14.79935735 46642
LEMUR-2 SEJONG-3
1 68482U 26067BU  26145.34336283  .00002986  00000-0  29444-3 0  9990
2 68482  97.7555 104.0128 0003041   0.1965 359.9255 14.92758167  8324
YAOGAN-30 Z
1 48425U 21039C   26145.52903727  .00001839  00000-0  13798-3 0  9993
2 48425  34.9937 168.8246 0002880 248.1311 111.9091 15.02475496276148
KUIPER-00153
1 65773U 25217M   26145.41620188  .00003587  00000-0  49939-3 0  9993
2 65773  51.9035  46.3811 0000956 109.0380 251.0686 14.79923069 36486
ONEWEB-0067
1 45425U 20020B   26145.37195371 -.00000184  00000-0 -55562-3 0  9999
2 45425  87.8929  25.5284 0001979  84.6790 275.4563 13.11421146299748
DUPLEX
1 66906U 98067XS  26145.01567839  .00033649  00000-0  40221-3 0  9991
2 66906  51.6288  46.3270 0005398 104.2596 255.8997 15.60666563 27034
JAS 1B (FUJI 2)
1 20480U 90013C   26145.32775598 -.00000041  00000-0 -19515-4 0  9993
2 20480  99.0729  72.4809 0539888 196.3355 161.9728 12.83489384700400
ONEWEB-0200
1 48244U 21031AL  26145.36425217 -.00000166  00000-0 -48295-3 0  9993
2 48244  87.8941 294.2428 0001772 101.4758 258.6571 13.14501262245230
MIRANDA (X-4)
1 07213U 74013A   26145.55907484  .00000380  00000-0  10934-3 0  9999
2 07213  97.8048   2.7688 0113808  48.6976 312.3947 14.46096131716360
QIANFAN-48
1 62249U 24232N   26145.45865968  .00000094  00000-0  12617-3 0  9998
2 62249  89.0101  24.7702 0019126  86.7174 273.6164 13.51008947121357
ONEWEB-0411
1 51623U 22012B   26145.41117655 -.00000076  00000-0 -25452-3 0  9998
2 51623  87.8856  40.7993 0001259  83.3500 276.7770 13.10370647206308
ASO-S
1 54029U 22129A   26145.51402841  .00000214  00000-0  63791-4 0  9996
2 54029  98.2750 150.9195 0014792 157.6070 202.5774 14.52048618192134
LEMUR-2-VUKASIN
1 66785U 25276EA  26145.48469551  .00006725  00000-0  54437-3 0  9990
2 66785  97.5283 217.1478 0005708 183.1394 176.9795 15.00045251 26743
SCATSAT 1
1 41790U 16059H   26145.42154592  .00000911  00000-0  12659-3 0  9999
2 41790  98.1201 208.9522 0053728 322.6261  37.1217 14.79470256 98226
QIANFAN-51
1 62252U 24232R   26145.45451852  .00000082  00000-0  10843-3 0  9991
2 62252  89.0099  24.7828 0015351  86.2033 274.0873 13.51009698 89967
ARCTICSAT-1
1 61762U 24199AD  26145.50906101  .00349661  47607-4  11331-2 0  9995
2 61762  97.2868  27.8956 0002396 154.1258 206.0135 15.90777534134493
IRIDIUM 177
1 56727U 23068T   26145.47320568  .00000851  00000-0  10850-3 0  9990
2 56727  86.1960 339.5828 0002572  85.6343 274.5172 14.80241204163006
HRC MONOBLOCK CAMERA
1 66052U 98067XR  26145.12944564  .00062224  00000-0  49666-3 0  9992
2 66052  51.6268  37.3060 0003500 100.1879 259.9513 15.70522259 34371
COSMOS 1433
1 13765U 83002E   26145.64469204 -.00000011  00000-0  35189-4 0  9991
2 13765  74.0238 283.5882 0013787 359.0934  13.4556 12.51950303981295
YAOGAN-31 H
1 47693U 21014C   26145.57127015 -.00000062  00000-0  43207-4 0  9992
2 47693  63.4019 256.7734 0175281   0.9030 359.2279 13.45447367257638
SHIYAN 6 03 (SY-6 03)
1 48157U 21028A   26145.50122382 -.00000017  00000-0  28032-4 0  9997
2 48157  99.5277 159.3318 0046838 145.5721 214.8479 13.77599349256386
FLOCK 4H 35
1 66738U 25276CA  26145.45935997  .00004754  00000-0  22150-3 0  9994
2 66738  97.4203 219.5922 0002465  50.7689 309.3764 15.20369137 26275
JILIN-01 GAOFEN 2D
1 49256U 21086A   26145.50449256  .00004132  00000-0  25248-3 0  9990
2 49256  97.6443 268.2578 0032682 220.2718 139.6090 15.10397817257297
CHUANG XIN 16A (CX-16A)
1 53586U 22102A   26145.32523910  .00001770  00000-0  10841-3 0  9999
2 53586  28.9943 115.6363 0005009 129.6687 230.4355 15.05840401206077
ONEWEB-0690
1 61598U 24188E   26145.38822085 -.00000518  00000-0 -14971-2 0  9996
2 61598  87.8917  25.5974 0001878  61.5531 298.5786 13.11417361 81640
RESURS O1-N4
1 25394U 98043A   26145.39727131  .00000115  00000-0  68895-4 0  9995
2 25394  98.9416 118.5381 0001488 152.4177 207.7080 14.25117111449080
RASSVET-3 3
1 68362U 26061C   26145.15610945  .00035024  00000-0  37813-3 0  9998
2 68362  82.2972  38.4150 0002985 136.5478 223.6015 15.63466582  9897
GLOBAL-9
1 47971U 21023G   26145.05871061  .00018750  00000-0  38816-3 0  9992
2 47971  44.9831  20.4275 0003725 198.4194 161.6561 15.45542168291360
HIBARI
1 49400U 21102F   26145.07209413  .00009842  00000-0  32866-3 0  9998
2 49400  97.3257 191.2457 0009742 283.3371  76.6784 15.31191270250656
COSMOS 2502
1 40358U 14086A   26145.53272584  .00000380  00000-0  32145-3 0  9992
2 40358  67.1535  62.4115 0008483 263.5035  96.5085 13.97821264580789
NOAA 19
1 33591U 09005A   26145.46906891  .00000019  00000-0  34047-4 0  9998
2 33591  98.9524 216.3267 0014861  94.7977 265.4893 14.13470058891277
JILIN-1-03
1 41914U 17002B   26145.49734594  .00012329  00000-0  30131-3 0  9990
2 41914  97.1955 152.9120 0003853 242.2317 117.8539 15.40951389518369
QIANFAN-38
1 62239U 24232C   26145.47509841  .00000106  00000-0  14558-3 0  9994
2 62239  89.0101  24.7901 0016582  81.8908 278.4124 13.51009765121337
USA 22
1 17997U 87043A   26145.56935664  .00017215  00000-0  84674-3 0  9995
2 17997  63.2929 261.2901 0682653 107.6496 260.0266 14.12262114103291
KUIPER-00101
1 65947U 25228A   26145.34172164  .00001108  00000-0  17432-3 0  9996
2 65947  51.8997  21.6088 0000968 101.7616 258.3455 14.79933837 34588
COSMOS 1234
1 12113U 80102G   26145.46140902 -.00000015  00000-0  82918-5 0  9993
2 12113  73.9962  38.1437 0034643 108.6562  64.3440 12.56712743 83460
ONEWEB-0220
1 48232U 21031Y   26145.41342594  .00000211  00000-0  53584-3 0  9998
2 48232  87.8952 294.2381 0001889 104.9891 255.1448 13.14501638245414
YAOGAN-42 02
1 59557U 24075A   26145.42776759  .00009071  00000-0  37690-3 0  9999
2 59557  35.0010  52.7315 0006402 315.4474  44.5725 15.23048482116614
COSMOS 2095
1 20740U 90070F   26145.44198375  .00000023  00000-0  64377-4 0  9994
2 20740  82.5718 282.1427 0020290  70.0165 359.1681 12.66141548654156
GEESAT 2-03
1 58907U 24023C   26145.48489718  .00002121  00000-0  20429-3 0  9993
2 58907  50.0011  71.6889 0006302 308.2954  51.7422 14.96958767125921
KINEIS-5E
1 62083U 24219C   26145.47745485  .00000548  00000-0  93975-4 0  9993
2 62083  97.8976 305.0740 0005904 352.4269   7.6849 14.72505385 80423
SDA_1667
1 65977U 25230D   26145.50436507 -.00005249  00000-0 -49473-2 0  9995
2 65977  81.3002 232.9777 0001342  99.1236 261.0071 13.81492540 30655
COSMOS 451
1  5554U 71086H   26145.51228402 -.00000023  00000-0 -60673-4 0  9996
2  5554  74.0303  59.1328 0053536 276.1689 257.4359 12.34308489460880
GEESAT 1-04
1 52788U 22058D   26145.50795844  .00001541  00000-0  22364-3 0  9998
2 52788  50.0053 307.7586 0009694  63.6113 296.5818 14.81309372216566
RTU MIREA 1
1 61785U 24199BC  26145.50203403  .00052538  00000-0  68831-3 0  9999
2 61785  97.2978  21.6109 0008299  18.5312 341.6245 15.58388086130931
COSMOS 1322
1 12977U 81116C   26145.49642477 -.00000023  00000-0 -66087-4 0  9992
2 12977  73.9837  62.1299 0093524 279.0189 255.1492 12.28729139995479
NIMBUS 7
1 11080U 78098A   26145.40166082 -.00000025  00000-0  18575-4 0  9995
2 11080  99.4732  29.4237 0008555 337.4850  22.5928 13.84515835403543
COSMOS 418
1  5217U 71041H   26145.40130919  .00000009  00000-0  15882-3 0  9999
2  5217  74.0127 122.3352 0060698 272.8667 255.6654 12.54582105521085
METEOR 2-16
1 18312U 87068A   26145.16244792  .00000052  00000-0  32621-4 0  9992
2 18312  82.5551 312.6630 0013809 104.0112 256.2585 13.84947737959126
WILDFIRE 6
1 57763U 23133G   26145.42734094  .00000147  00000-0  11976-3 0  9990
2 57763  80.9968  28.9954 0006859  77.6557 282.5366 13.85340645137868
ONEWEB-0350
1 49214U 21083AE  26145.49594473  .00000205  00000-0  52531-3 0  9993
2 49214  87.8953 324.7426 0001802 103.7612 256.3718 13.13468303227950
PREFIRE-1
1 59965U 24108A   26145.40864571  .00004166  00000-0  17798-3 0  9994
2 59965  97.5292 300.1399 0010256 326.6783  33.3807 15.23393377109124
COSMOS 2453
1 35500U 09036C   26145.50306209  .00000046  00000-0  26853-3 0  9991
2 35500  82.4865 101.9957 0005923 208.5329 151.5427 12.41519383765165
COSMOS 371
1 04578U 70083A   26145.45410283  .00000174  00000-0  46426-4 0  9995
2 04578  73.9976 216.8828 0003003 230.0148 130.0751 14.55812599942287
GLOBALSTAR M033
1 25909U 99049C   26145.32014859 -.00000100  00000-0 -83749-4 0  9994
2 25909  51.9899 105.8898 0014020 249.5819 110.3523 12.20311976577514
COSMOS 979
1 10586U 78005D   26145.42655963 -.00000019  00000-0 -16876-4 0  9992
2 10586  74.0304 208.6973 0016995   2.3821  17.1753 12.53500175204314
COSMOS 1831
1 17586U 87026E   26145.57873561  .00000017  00000-0  33000-4 0  9998
2 17586  82.5598 185.3032 0015673 171.6205 354.8168 12.65547243810577
DFH-1
1 04382U 70034A   26145.52343390  .00002692  00000-0  37411-3 0  9996
2 04382  68.4239 108.0922 1031039   0.5699 359.6280 13.14401275642709
ONEWEB-0214
1 48788U 21045X   26145.57174719  .00000062  00000-0  13043-3 0  9998
2 48788  87.9002 263.6856 0002120  91.4826 268.6547 13.15547660241311
ITOS 1 (TIROS M)
1 04320U 70008A   26145.37453841 -.00000043  00000-0 -55575-5 0  9998
2 04320 101.3707 179.8643 0027957 359.2640  11.9606 12.52122101771002
OSCAR 19 (LUSAT)
1 20442U 90005G   26145.29777487  .00000108  00000-0  55405-4 0  9997
2 20442  98.8861 166.4716 0010425 273.7914  86.2077 14.34115051899113
OICETS
1 28809U 05031A   26145.41545880  .00004101  00000-0  17368-3 0  9993
2 28809  98.0674  38.7023 0020864  95.7927 264.5688 15.23619650135135
ONEWEB-0577
1 56066U 23043W   26145.26883743 -.00000031  00000-0 -11541-3 0  9995
2 56066  87.9108 233.3228 0002769  92.3396 267.8052 13.16595660155976
COSMOS 976
1 10581U 78005A   26145.44281733  .00000001  00000-0  10671-3 0  9994
2 10581  74.0306 305.1826 0005013 108.7809 312.4236 12.51297005202180
ONEWEB-0669
1 55828U 23029AJ  26145.37130621  .00000058  00000-0  11101-3 0  9995
2 55828  87.9172 278.9911 0002443  97.7397 262.4013 13.20770644158136
COSMOS 1035
1 11044U 78091B   26145.41639615  .00000013  00000-0  18032-3 0  9999
2 11044  74.0328 121.4056 0049638 296.3467 190.5113 12.55706508183766
LKW-3
1 43146U 18006A   26145.49872972  .00008910  00000-0  26709-3 0  9994
2 43146  97.6591 305.1988 0003637  47.6477 312.5073 15.34733091465232
UWE-2
1 35934U 09051D   26145.15769825  .00000560  00000-0  12654-3 0  9992
2 35934  98.4050  48.3351 0005302 327.1347  32.9522 14.60140900885495
ONEWEB-0553
1 56055U 23043K   26145.53482939  .00000070  00000-0  14842-3 0  9993
2 56055  87.9106 233.2718 0002360 105.9354 254.2037 13.16592962155994
ICEYE-X64
1 67373U 26004L   26145.46005957  .00001105  00000-0  12675-3 0  9993
2 67373  97.8015 144.3973 0005251 196.0489 164.0563 14.87856365 19917
IRIDIUM 138
1 43071U 17083B   26145.22309422  .00000066  00000-0  16551-4 0  9990
2 43071  86.3970 331.3123 0002440  91.7428 268.4047 14.34217708440845
COSMOS 873
1  9590U 76118C   26145.47287659  .00000005  00000-0  14067-3 0  9998
2  9590  74.0276 159.8666 0021124 290.1030 238.9158 12.46416650250522
COSMOS 736
1  7825U 75045E   26145.37466740  .00000013  00000-0  19706-3 0  9998
2  7825  74.0151 120.3625 0010623 169.3335 345.1520 12.46888821321096
NINGXIA-1 3
1 44781U 19076C   26145.48994126 -.00000091  00000-0  25262-4 0  9990
2 44781  45.0001 279.8284 0009340  37.3269 322.8212 14.02049191334676
FLOCK 4G 2
1 62661U 25009BE  26145.12100014  .00009857  00000-0  34894-3 0  9994
2 62661  97.4007 227.2428 0005138  62.9345 297.2419 15.29329171133004
COSMOS 1992
1 19769U 89005A   26145.40318723  .00000103  00000-0  44457-4 0  9992
2 19769  74.0460 290.2045 0021489 143.8623 216.3987 14.35834712953571
ONEWEB-0654
1 55816U 23029W   26145.38964366  .00000188  00000-0  47162-3 0  9994
2 55816  87.8938 294.2516 0002202  98.7985 261.3394 13.14502602156421
HERMES 4
1 63833U 25052BP  26145.66239990  .00017195  00000-0  60584-3 0  9998
2 63833  97.3901  39.6193 0000756 341.9697  18.1516 15.29356441 66501
OPS 6983 (DMSP 5C F1)
1  7411U 74063A   26145.53959821  .00000217  00000-0  10042-3 0  9993
2  7411  98.5178 348.0491 0042112  74.9259 285.6578 14.29674763691138
HULIANWANG DIGUI-123
1 67063U 25295E   26145.34378451 -.00000081  00000-0  91687-4 0  9993
2 67063  50.0026 107.4205 0000831 353.9846   6.1016 13.29328261 22461
IRIDIUM 169
1 43926U 19002E   26145.43795054  .00000244  00000-0  73169-4 0  9991
2 43926  86.4244  34.7025 0002625  73.6641 286.4846 14.38608510386952
GONETS D1M 1
1 28909U 05048B   26145.52271862  .00000051  00000-0  24880-3 0  9997
2 28909  82.4683 324.7535 0007399 207.2031 238.9438 12.55291548935706
ONEWEB-0641
1 55805U 23029K   26145.43377086  .00000038  00000-0  62003-4 0  9991
2 55805  87.9156 309.4999 0001623  92.4757 267.6562 13.19726532155914
PUNCH-NFI00
1 63178U 25047A   26145.48332299  .00000447  00000-0  74351-4 0  9990
2 63178  97.9565 331.3569 0010017 226.5559 133.4818 14.74740901 64736
SENTINEL 2B
1 42063U 17013A   26145.48018191  .00000257  00000-0  11485-3 0  9993
2 42063  98.5689 220.5745 0001238  88.7511 271.3813 14.30821740481391
MAGION 3
1 21835U 91086E   26145.41873047  .00002279  00000-0  40568-3 0  9991
2 21835  82.5334 197.3770 1452193 150.5099 218.6551 12.21202075510796
T-MICROSAT-1
1 66766U 25276DE  26145.44025275  .00005400  00000-0  25000-3 0  9999
2 66766  97.4166 219.5279 0001196 110.0517 250.0848 15.20527926 26984
KUIPER-00276
1 67794U 26030AG  26145.57118909  .00007893  00000-0  33485-3 0  9995
2 67794  51.8841 213.7515 0018068 316.9310  43.0257 15.23878109 16835
SAUDICOMSAT 5
1 31124U 07012H   26145.39097525  .00000455  00000-0  87127-4 0  9992
2 31124  98.3479 119.8106 0046973 195.8246 164.1493 14.68126344 20259
KUIPER-00092
1 64837U 25151X   26145.18087278  .00003487  00000-0  48609-3 0  9993
2 64837  51.9014 312.3564 0000599 109.5988 250.5040 14.79941617 47980
HAIYANG 1D
1 45721U 20036A   26145.50815690  .00000071  00000-0  40538-4 0  9994
2 45721  98.4544  87.6818 0001991 190.8756 169.2386 14.34164193311724
GHGSAT-C12
1 64529U 25135B   26145.47343448  .00003119  00000-0  14755-3 0  9996
2 64529  97.4720 260.4864 0003526 243.2574 116.8300 15.20109464 51377
COSMOS 1565
1 15004U 84052G   26145.46240054  .00000012  00000-0  17332-3 0  9994
2 15004  74.0095 136.1484 0044299 259.1242 269.7073 12.55463408924295
EOSSAT-1
1 55053U 23001AW  26145.43885657  .00004914  00000-0  15493-3 0  9991
2 55053  97.3249 206.2439 0009245 187.6242 172.4861 15.33312315188430
QIANFAN-55
1 62785U 25016A   26145.45587235  .00000104  00000-0  14269-3 0  9999
2 62785  88.9734  86.2315 0015168 232.1299 127.8480 13.51012744 69297
COSMOS 2093
1 20738U 90070D   26145.44203860  .00000040  00000-0  15880-3 0  9990
2 20738  82.5736 315.4714 0009332 154.2096 264.3525 12.64094149651506
HULIANWANG DIGUI-113
1 66923U 25285J   26145.17942222 -.00000098  00000-0  56697-4 0  9990
2 66923  50.0089 228.2133 0001086 211.6427 148.4380 13.29323782 23002
T.MICROSAT-2
1 68433U 26067T   26145.37398564  .00004862  00000-0  24830-3 0  9998
2 68433  97.4554 104.1041 0007113 128.0040 232.1836 15.17138782  8475
COSMOS 1344
1 13110U 82024A   26145.57331162  .00000055  00000-0  42319-4 0  9991
2 13110  82.9223  75.2337 0029655  50.3507 123.2509 13.74235927214437
ONEWEB-0697
1 61603U 24188K   26145.41195962  .00000314  00000-0  85142-3 0  9995
2 61603  87.8911  25.5986 0001042  88.6604 271.4643 13.11417970 81466
COSMOS 593
1  6850U 73069F   26145.47189551 -.00000009  00000-0  43872-4 0  9990
2  6850  74.0004 208.6294 0078477 266.4553 117.6802 12.59720085420696
SJ-9B
1 38861U 12056B   26145.36553929  .00001824  00000-0  18861-3 0  9992
2 38861  97.5971 130.3098 0013740 293.9173  66.0606 14.91226541736329
COSMOS 2202
1 22039U 92042F   26145.43930608  .00000013  00000-0  12176-4 0  9999
2 22039  82.5957 268.2740 0008203   4.9697  59.6028 12.62663714560538
ONEWEB-0677
1 56713U 23068D   26145.38308377  .00000057  00000-0  10778-3 0  9996
2 56713  87.9172 278.9812 0002310 101.0945 259.0449 13.20771760146795
KORSAT-3
1 63630U 25081A   26145.54336363  .00002816  00000-0  24999-3 0  9998
2 63630  45.4106  93.2616 0004604  84.6415 275.4988 14.98608876 59788
KUIPER-00226
1 67785U 26030X   26145.37895701 -.00001682  00000-0 -54926-4 0  9991
2 67785  51.8887 214.7007 0018792 342.0758  17.9558 15.23524193 16804
ONEWEB-0601
1 54665U 22166Z   26145.55181260  .00000047  00000-0  83440-4 0  9993
2 54665  87.9251 248.4990 0002259  98.1171 262.0219 13.21828082168711
COSMOS 676
1 07433U 74071A   26145.40364060  .00000149  00000-0  63101-4 0  9996
2 07433  74.0458 144.6638 0013744 351.8527   8.2399 14.33525351699589
ONEWEB-0463
1 51650U 22012AE  26145.58155845  .00000008  00000-0 -11953-4 0  9995
2 51650  87.9151  10.3755 0001795  89.2926 270.8411 13.17649459210699
LEMUR 2 MARHISYAM
1 60536U 24149BW  26145.21511148  .00010538  00000-0  63972-3 0  9998
2 60536  97.6878 228.0053 0002606 158.2291 201.9049 15.10698331 97018
ONEWEB-0680
1 56716U 23068G   26145.31128271  .00000083  00000-0  16951-3 0  9993
2 56716  87.9262 248.5206 0002396 112.0037 248.1351 13.21823916148072
GEOEYE 1
1 33331U 08042A   26145.47182846  .00000394  00000-0  82981-4 0  9993
2 33331  98.1239 219.6905 0005342 124.1788 235.9921 14.64699927946821
METEOR 2-1
1 08026U 75064A   26145.43155553 -.00000024  00000-0 -20392-4 0  9995
2 08026  81.2808  45.3552 0021530 285.7165  74.1632 14.10805904616136
YUNHAI 2-2D
1 59283U 24052D   26145.56733696  .00000040  00000-0  80670-4 0  9992
2 59283  50.0087 358.2204 0004645 141.2136 218.9112 14.27987102115169
PROPCUBE 3
1 40973U 15058K   26145.51994483  .00003566  00000-0  30084-3 0  9991
2 40973  64.7693 323.3487 0123269  68.9714 292.4532 14.94086429111410
HULIANWANG DIGUI-11
1 62971U 25030A   26145.53111597 -.00000094  00000-0  64028-4 0  9993
2 62971  50.0017 317.0836 0001327  99.2863 260.8159 13.29321207 62849
KUIPER-00137
1 65963U 25228S   26145.62802593  .00002101  00000-0  30448-3 0  9997
2 65963  51.9044   5.4086 0000693 111.5653 248.5384 14.79934335 34837
OPS 6432
1 14112U 83056A   26145.52794670  .00004393  00000-0  48979-3 0  9998
2 14112  63.3050 232.3502 0691730 132.8415 233.2932 13.89043211105153
TIANMU-1 10
1 57402U 23101D   26145.51471675  .00005927  00000-0  20981-3 0  9995
2 57402  97.2635 196.9359 0004106 193.1113 167.0021 15.29497938158170
COSMOS 2098
1 20774U 90078A   26145.47002419  .00002287  00000-0  16320-3 0  9993
2 20774  82.9385  98.3466 0742467 286.2346  65.8419 13.90129517769366
TANAGER-1 4001
1 60507U 24149AR  26145.48882338  .00007097  00000-0  15410-3 0  9997
2 60507  97.3020 239.6963 0004550  34.0660 326.0880 15.44668515 99530
HULIANWANG DIGUI-14
1 62974U 25030D   26145.49773505 -.00000094  00000-0  65396-4 0  9993
2 62974  50.0043 317.0008 0001116  96.8114 263.2886 13.29324044 62846
COSMOS 1333
1 13033U 82003A   26145.56892580  .00000028  00000-0  13757-4 0  9991
2 13033  82.9420 181.9467 0030809 251.6131 271.6304 13.73472034223084
LIZZIESAT
1 59132U 24043AL  26145.36517505  .00003302  00000-0  12624-3 0  9999
2 59132  97.5603 280.8656 0009915 332.9432  27.1288 15.27293621123458
RCM 3
1 44323U 19033B   26145.49797032  .00000169  00000-0  21879-4 0  9998
2 44323  97.7595 153.3570 0001513  90.5017 269.6375 14.92588699378711
FENGYUN 1B
1 20788U 90081A   26145.52691688  .00000182  00000-0  14484-3 0  9991
2 20788  98.9710 126.0324 0016440  39.1281 321.1071 14.03192728828378
LEGION 4
1 60453U 24146B   26145.46556399  .00003953  00000-0  21644-3 0  9990
2 60453  45.0009 244.3092 0013120 187.7281 172.3397 15.15845273 97428
GEESAT 2-02
1 58906U 24023B   26145.35509880  .00001415  00000-0  19897-3 0  9993
2 58906  49.9985  99.9754 0015109 272.7644  87.1564 14.83152726125520
LEMUR-2-LUCILLE-ROSE
1 65403U 25135BV  26145.27756272  .00007780  00000-0  63291-3 0  9996
2 65403  97.7734 261.5235 0010991  10.1061 350.0381 14.99783816 45207
COSMOS 2247
1 22648U 93030C   26145.46799409  .00000033  00000-0  12519-3 0  9990
2 22648  82.5793 330.5335 0007997 356.9012  17.6566 12.63279023523217
NAPA-2
1 48963U 21059CN  26145.34480859  .00180756  00000-0  64534-3 0  9998
2 48963  97.6775 341.4350 0000552 112.6705 247.4624 15.88406855274177
HAWK-9B
1 59450U 24066J   26145.40977930  .00000913  00000-0  92890-4 0  9993
2 59450  45.6195  35.8723 0003909 262.5488  97.4949 14.99057219116411
COSMOS 1858
1 18119U 87051G   26145.40836722  .00000011  00000-0  16272-3 0  9994
2 18119  74.0014 119.4468 0048038 131.9195  35.4481 12.56040788785425
ONEWEB-0651
1 56080U 23043AL  26145.45529352  .00000158  00000-0  38495-3 0  9990
2 56080  87.8987 263.7507 0002165  99.4776 260.6599 13.15547632154637
GOSAT 2
1 43672U 18084B   26145.03565691  .00001396  00000-0  17304-3 0  9993
2 43672  97.8775 256.8192 0001390  93.6717 266.4656 14.84238039410121
ONEWEB-0269
1 48987U 21060W   26145.51899688 -.00000061  00000-0 -19325-3 0  9999
2 48987  87.9093 233.2865 0002228 100.5216 259.6166 13.16593941236640
COSMOS 1159
1 11694U 80012D   26145.31883329 -.00000007  00000-0  56262-4 0  9990
2 11694  74.0221 346.6890 0018319 308.0759 225.0927 12.50126920112110
GB 3
1 14180U 83056G   26145.37623610  .00005284  00000-0  59317-3 0  9999
2 14180  63.3095 305.2732 0726176 131.4272 235.1544 13.81780994355842
PE2_FLT2 (TYVAK-0262)
1 59104U 24043G   26145.32997887  .00001923  00000-0  17184-3 0  9992
2 59104  97.8373 275.9478 0007524 113.5685 246.6328 14.97091267121233
AEPEX
1 68506U 26067CU  26145.46658431  .00007375  00000-0  35926-3 0  9991
2 68506  97.4506 104.2489 0004195 134.6737 225.4839 15.18635532  8376
ONEWEB-0272
1 48990U 21060Z   26145.24192817  .00000079  00000-0  17316-3 0  9998
2 48990  87.9107 233.3405 0002079  91.7516 268.3853 13.16595367236597
DANDE
1 39267U 13055C   26145.50025676  .00014278  00000-0  26898-3 0  9998
2 39267  80.9895 197.8698 0463418 353.4045   6.1184 14.79370383656851
ICEYE-X54
1 64570U 25135AU  26145.52758682  .00003028  00000-0  28658-3 0  9994
2 64570  97.7693 260.1777 0003056  59.1613 300.9907 14.94391641 50515
GAOFEN 6
1 43484U 18048A   26145.50569688  .00000504  00000-0  79201-4 0  9991
2 43484  97.7766 209.0199 0010618 246.2019 113.8078 14.76600361430040
KUIPER-00055
1 64515U 25134R   26145.37791920  .00002087  00000-0  30299-3 0  9995
2 64515  51.9000 191.5585 0001524  73.9486 286.1644 14.79888136 52307
YAOGAN 16B
1 39012U 12066B   26145.51658616 -.00000053  00000-0  36065-4 0  9999
2 39012  63.3554 348.5781 0433883  26.7078 335.5595 13.45512170663052
COSMOS 2336
1 24677U 96071A   26145.33872759  .00000034  00000-0  20622-4 0  9994
2 24677  82.9427 223.5365 0023234 346.0463  84.4668 13.71682567472898
CHUANG XIN 20C (CX-20C)
1 58427U 23181C   26145.49244502 -.00000070  00000-0  10361-3 0  9991
2 58427  49.9598  49.9744 0011073 189.5201 170.5468 13.41482393122708
YUNHAI 1-03
1 53877U 22115A   26145.49017081  .00000325  00000-0  13561-3 0  9998
2 53877  98.5533 143.9264 0005935 108.9311 251.2517 14.32701037192260
NOAA 17
1 27453U 02032A   26145.49611111  .00000169  00000-0  89468-4 0  9995
2 27453  98.8639 110.9989 0012672  60.1611 300.0827 14.26226184243753
ICEYE-X26
1 56961U 23084AF  26145.40055458  .01001221  54742-3  14218-2 0  9993
2 56961  97.5640 308.8898 0010391 278.0813  81.9289 16.05636318165634
COSMOS 807
1  8744U 76022A   26145.52409999  .00003464  00000-0  14030-3 0  9993
2  8744  82.9146 339.0574 0456586 326.1278  59.9080 14.62410012546310
COSMOS 2128
1 21103U 91009D   26145.36669735 -.00000005  00000-0  69513-4 0  9993
2 21103  74.0299 288.4454 0014474 111.8380 248.4213 12.51925226612386
PICOSAT 5
1 26093U 00004L   26145.34482897  .00002290  00000-0  43807-3 0  9995
2 26093 100.1901 287.4458 0022605 284.6009  75.2680 14.65087250389103
KUIPER-00035
1 63748U 25088AA  26145.38920567  .00000781  00000-0  13143-3 0  9990
2 63748  51.8995 133.9243 0000763  27.3940 332.7062 14.79932469 58889
ONEWEB-0645
1 55809U 23029P   26145.37058776  .00000009  00000-0 -10974-4 0  9999
2 55809  87.9149 309.5246 0001610  78.4816 281.6497 13.19726635155896
IRIDIUM 168
1 43924U 19002C   26145.31531194  .00000061  00000-0  14791-4 0  9992
2 43924  86.3987   3.2366 0002165  87.2388 272.9056 14.34217872385696
YAM-14
1 69008U 26100AE  26145.47719624  .00001360  00000-0  14306-3 0  9997
2 69008  97.7371  43.3339 0003032 206.5174 153.5890 14.91029140  3305
HAWK-3B
1 48931U 21059BE  26145.48583860  .00039061  00000-0  36030-3 0  9996
2 48931  97.6684 340.0813 0005264  63.9204 296.2597 15.67504363274291
HAWK-2C
1 47502U 21006CT  26145.06805290  .00005769  00000-0  17579-3 0  9994
2 47502  97.2298 189.8425 0004984 285.6616  74.4077 15.34341960295958
COSMOS 2384
1 27055U 01058A   26145.55067578  .00000005  00000-0 -29943-4 0  9991
2 27055  82.5459 248.0259 0009016 308.9146  51.1139 12.59891005122208
ONEWEB-0619
1 55160U 23004W   26145.31831286  .00000038  00000-0  65323-4 0  9990
2 55160  87.9161  10.3945 0002232  80.4298 279.7086 13.17649633164589
FLOCK 4G 26
1 62633U 25009AA  26145.15626881  .00010162  00000-0  36476-3 0  9990
2 62633  97.4015 227.2605 0003935  50.2670 309.8916 15.28867786 75390
LYNK TOWER 4
1 55034U 23001AB  26145.13977493  .00007115  00000-0  22558-3 0  9993
2 55034  97.3214 204.2852 0008064 189.0795 171.0303 15.32982376188294
COSMOS 1620
1 15472U 85003D   26145.52646263  .00000003  00000-0 -43381-4 0  9994
2 15472  82.6022  67.5350 0015532 159.8595  14.3845 12.65065384909626
ONEWEB-0445
1 51639U 22012T   26145.43938905 -.00000411  00000-0 -12142-2 0  9990
2 51639  87.8864  40.7820 0001651  84.3867 275.7449 13.10375862206368
HULIANWANG DIGUI-55
1 65112U 25168G   26145.49031502 -.00000077  00000-0  10124-3 0  9995
2 65112  50.0007  46.9125 0012194  25.6902 334.4574 13.29318274 39672
COSMOS 2346
1 24953U 97052A   26145.56434529  .00000031  00000-0  14478-4 0  9994
2 24953  82.9234   4.0854 0040278  29.0391   6.2724 13.79823112443255
COSMOS 1529
1 14618U 84001H   26145.44019531 -.00000009  00000-0  46341-4 0  9990
2 14618  74.0060 176.7994 0032310 298.0157 171.4257 12.44867552752727
DEKART
1 46493U 20068H   26145.48672627  .00012055  00000-0  33769-3 0  9996
2 46493  97.8750 153.1414 0009261  18.5523 341.6056 15.36747638312286
ONEWEB-0721
1 56725U 23068R   26145.36647144  .00000025  00000-0  25429-4 0  9990
2 56725  86.6758  92.7992 0001973  80.7568 279.3788 13.22468027154929
BRO-19
1 68422U 26067G   26145.84548348  .00003497  00000-0  17222-3 0  9995
2 68422  97.4464 104.6307 0001687  61.7994 298.3411 15.18625153  8550
HULIANWANG DIGUI-151
1 67527U 26013F   26145.49659912 -.00000090  00000-0  73012-4 0  9999
2 67527  50.0091  76.9867 0000923  26.8092 333.2828 13.29327992 17035
AISSAT 2
1 40075U 14037G   26145.39239002  .00002122  00000-0  20809-3 0  9996
2 40075  98.4032 116.8689 0004289 354.1286   5.9881 14.93439663643344
SICH 1
1 23657U 95046A   26145.48568606  .00001537  00000-0  13917-3 0  9998
2 23657  82.5246  63.6372 0019821  43.4253 316.8525 14.94603017662594
ORBCOMM FM 14
1 25419U 98046G   26145.53068294  .00000755  00000-0  28203-3 0  9998
2 25419  44.9971 348.9463 0002569 202.9180 157.1555 14.40080942453540
QIANFAN-97
1 66039U 25233G   26145.41654175  .00000138  00000-0  19492-3 0  9990
2 66039  89.0024  45.4869 0002116  69.3335 290.8043 13.51006547 30117
OPS 0252
1 13791U 83008A   26145.57535113  .00003951  00000-0  50560-3 0  9995
2 13791  63.3102 353.5887 0680989 136.0271 229.7085 13.87072511103155
COSMOS 2414
1 28521U 05002A   26145.46771133  .00000066  00000-0  42061-4 0  9994
2 28521  82.9509  60.8306 0041058  35.8169 324.5734 13.87924157 80661
ONEWEB-0041
1 45148U 20008T   26145.34296919  .00000044  00000-0  48515-4 0  9998
2 45148  87.9372   8.7867 0015988 304.2535  55.7099 13.48602491314976
YAOGAN-35 03B
1 53318U 22088C   26145.65607894  .00008299  00000-0  33082-3 0  9990
2 53318  34.9896 350.7753 0011620 182.4478 177.6182 15.24407986212907
LEMUR-2 JULIA-JOEL
1 68476U 26067BN  26145.35258099  .00003816  00000-0  37681-3 0  9997
2 68476  97.7544 103.9937 0002427  26.2744 333.8598 14.92542445  8323
COSMOS 2065
1 20550U 90029B   26145.25209356  .00000002  00000-0  11944-3 0  9996
2 20550  73.9819 329.3588 0008210  12.7983 160.1952 12.49205887647849
FLOCK 4G 29
1 62642U 25009AK  26145.48989852  .00010700  00000-0  38344-3 0  9990
2 62642  97.4023 227.5698 0003259  47.4440 312.7074 15.28910520 75434
HULIANWANG DIGUI-97
1 66413U 25258B   26145.38430381 -.00000082  00000-0  91540-4 0  9994
2 66413  50.0029  17.6568 0001060  57.8862 302.2113 13.29323167 26696
QIANFAN-36
1 61569U 24185T   26145.45555380  .00000123  00000-0  16019-3 0  9996
2 61569  88.9807  63.9729 0004338 301.2967  58.7762 13.55631280 90100
PRAETORIAN SDA_611
1 65574U 25203K   26145.41723484  .00000136  00000-0  11350-3 0  9993
2 65574  81.3029  31.9926 0004651 267.4593  92.6031 13.83305996 35538
VEERY-0G
1 66675U 25276K   26145.13944071  .00008637  00000-0  39934-3 0  9994
2 66675  97.4180 219.0605 0007450  90.2988 269.9101 15.20375705 26928
ONEWEB-0584
1 54651U 22166K   26145.52993297 -.00000229  00000-0 -58633-3 0  9995
2 54651  87.9250 248.4916 0002117 100.9976 259.1396 13.21825578168520
HXMT
1 42758U 17034A   26145.50492356  .00004826  00000-0  24005-3 0  9997
2 42758  43.0145 309.3236 0031584 358.8439   1.2332 15.18239936494210
CHECKMATE 10
1 57762U 23133F   26145.37496457  .00000042  00000-0  26793-4 0  9999
2 57762  81.0020  29.3114 0007337  70.8892 289.3059 13.85472510137872
FLOCK 4G 3
1 62639U 25009AG  26145.15628713  .00010460  00000-0  37601-3 0  9994
2 62639  97.4026 227.2784 0003412  52.8236 307.3315 15.28814728 75385
LILACSAT 2
1 40908U 15049K   26145.49851422  .00017025  00000-0  29879-3 0  9996
2 40908  97.4678 181.4885 0006180 352.4335   7.6822 15.50592026592230
CUTE-1.7+APD 2
1 32785U 08021C   26145.50930529  .00004558  00000-0  29063-3 0  9992
2 32785  97.8261 126.4622 0010634 103.7603 256.4809 15.09194982981771
GAOFEN 12 (02)
1 48079U 21026A   26145.51384655  .00000319  00000-0  48847-4 0  9992
2 48079  97.9921 143.7882 0003784 323.0287  37.0663 14.80274892278408
IRIDIUM 33
1 24946U 97051C   26145.35322985  .00000223  00000-0  71252-4 0  9990
2 24946  86.3883 359.5445 0009501  50.7737 309.4301 14.35138998501818
ION SCV-008
1 55051U 23001AU  26145.52034472  .00006424  00000-0  23531-3 0  9990
2 55051  97.5696 241.4664 0016498  93.5046 266.8080 15.28252307187878
SEDSAT 1
1 25509U 98061B   26145.57002005  .00000692  00000-0  11638-3 0  9991
2 25509  31.4318 243.6137 0336411 234.9331 121.9303 14.33357373442583
GEESAT 5-09
1 65558U 25201J   26145.39549422  .00001350  00000-0  18716-3 0  9990
2 65558  49.9795 144.6066 0008436 183.3104 176.7780 14.84073834 38416
IRIDIUM 128
1 42811U 17039J   26145.39484597  .00000010  00000-0 -35551-5 0  9999
2 42811  86.3987  34.6776 0002079  80.0990 280.0440 14.34217689466713
COSMOS 1339
1 13065U 82012A   26145.51326742  .00000075  00000-0  61600-4 0  9995
2 13065  82.8998 336.3427 0042386 221.5157 138.2778 13.75780923221416
IRIDIUM 112
1 41925U 17003J   26145.38900823  .00000037  00000-0  62949-5 0  9998
2 41925  86.3946  97.8381 0002367  87.9718 272.1749 14.34217757490009
IRIDIUM 29
1 24944U 97051A   26145.54363139  .00000266  00000-0  83388-4 0  9995
2 24944  86.3967   0.1633 0002015  89.3421 270.8007 14.36794921502425
IRIDIUM 123
1 42804U 17039B   26145.32799587  .00000161  00000-0  50366-4 0  9998
2 42804  86.3981   3.1941 0002147  82.0410 278.1030 14.34218441466674
ARGOS
1 25634U 99008A   26145.36823677  .00000054  00000-0  45233-4 0  9996
2 25634  98.5113 112.3101 0011342 104.7136 255.5299 14.19984371411067
IRIDIUM 162
1 43482U 18047G   26145.35284491  .00000276  00000-0  76167-4 0  9991
2 43482  86.4468  97.9093 0002462  84.7155 275.4327 14.43279767421838
T2V
1 58016U 23155A   26145.49021736  .00000724  00000-0  98518-4 0  9994
2 58016  97.8882 216.8119 0001540  91.5034 268.6356 14.81696365142062
ALOS-4
1 60182U 24123A   26145.50149561  .00001282  00000-0  17855-3 0  9990
2 60182  97.9231 242.9944 0001622  96.7127 263.4269 14.79475138102528
COSMOS 1153
1 11680U 80007A   26145.41347740  .00000044  00000-0  30688-4 0  9996
2 11680  82.9326 187.2989 0037999  41.7098 329.6722 13.73865007319383
COSMOS 340
1  4387U 70036E   26145.38370896  .00000002  00000-0  11087-3 0  9992
2  4387  74.0287 303.1572 0039987 284.5031  97.6100 12.56335903571522
PVCC
1 58025U 23155K   26145.49317082  .00006516  00000-0  34613-3 0  9996
2 58025  97.5706 222.1007 0004017 189.9348 170.1806 15.15645671144546
XINGCHI-1 02B
1 58498U 23187C   26145.52196292  .00001276  00000-0  15323-3 0  9992
2 58498  97.9291 229.6849 0009975 207.7263 152.3421 14.85733923133819
SOICAL (CONE)
1  4132U 69082K   26145.51535682  .00001078  00000-0  42332-3 0  9991
2  4132  69.9926 322.7814 0008594 171.5802 188.5469 14.31924997917669
COSMOS 827
1  8891U 76054C   26145.50187708  .00000007  00000-0  14562-3 0  9990
2  8891  73.9979 164.1168 0049317 313.2133 201.4167 12.53309373702702
GEESAT 3-04
1 61014U 24159D   26145.34031852  .00002193  00000-0  29329-3 0  9990
2 61014  49.9969  99.9041 0003090 344.8641  15.2204 14.83154799 94619
ICEYE-X39
1 60546U 24149CG  26145.46015888  .00002408  00000-0  19977-3 0  9999
2 60546  97.6785 222.7949 0003195 167.8371 192.2930 14.99732077 96719
METEOR 1-5
1  4419U 70047A   26145.39600235  .00000068  00000-0  27459-4 0  9997
2  4419  81.2167 258.2218 0040459 118.9134 241.6108 14.16173375885519
ICESAT-2
1 43613U 18070A   26145.49927090  .00008852  00000-0  32113-3 0  9997
2 43613  92.0051 284.8543 0003211 122.7881 237.3678 15.28303797428999
KSM1-A
1 46912U 20081H   26145.52082983  .00006898  00000-0  26913-3 0  9993
2 46912  36.8947 201.0599 0002494 155.5697 204.5171 15.25558567305719
CATSAT
1 60246U 24125J   26145.32830687  .00055211  00000-0  78829-3 0  9998
2 60246  97.2116 357.5774 0021087 264.2047  95.6804 15.55834041103830
SSTL S1-4
1 43618U 18071A   26145.48337782  .00000213  00000-0  23708-4 0  9999
2 43618  97.5068  18.0388 0001271  73.5080 286.6282 14.96189380419547
ONEWEB-0095
1 45436U 20020N   26145.38665438 -.00000509  00000-0 -14734-2 0  9994
2 45436  87.8917  25.6033 0002039 104.6799 255.4555 13.11417992299686
LEMUR-2 GRAM-E-SUE
1 67370U 26004H   26145.24329894  .00001982  00000-0  21995-3 0  9993
2 67370  97.7976 144.1610 0005998 209.1511 150.9372 14.88350632 19880
IRIDE-MS2-HEO-11
1 68983U 26100D   26145.47484821  .00001339  00000-0  13998-3 0  9998
2 68983  97.7406  43.3442 0002848 193.8204 166.2937 14.91297835  3318
SAUDISAT 1A
1 26545U 00057A   26145.03628514  .00000859  00000-0  96408-4 0  9994
2 26545  64.5521  10.2375 0042555 304.5232  55.1864 14.93109063389572
KUIPER-00091
1 64836U 25151W   26145.45888674  .00003632  00000-0  50807-3 0  9996
2 64836  51.9015 303.6305 0000564 102.3134 257.7891 14.79683257 46910
SAOCOM 1-A
1 43641U 18076A   26145.52005738 -.00000330  00000-0 -34934-4 0  9993
2 43641  97.8892 332.5980 0001494  81.1904 278.9479 14.82152129412743
YAOGAN 7
1 36110U 09069A   26145.40925073  .00000407  00000-0  63391-4 0  9990
2 36110  98.0100  31.4140 0025896 111.4872 248.9103 14.77982599886266
ONEWEB-0036
1 45144U 20008P   26145.13223119 -.00000401  00000-0 -11947-2 0  9999
2 45144  87.8873  40.8646 0002050  81.2334 278.9025 13.09823949305343
ONEWEB-0050
1 45453U 20020AF  26145.51468757  .00001376  00000-0  13964-3 0  9999
2 45453  88.9303 236.2873 0005814  74.7776 285.4096 14.90258833337001
ONEWEB-0137
1 47283U 20100AB  26145.27806252  .00000259  00000-0  68375-3 0  9995
2 47283  87.8962 355.2144 0001876  88.6373 271.4971 13.12441904261567
METEOR 1-18
1  7363U 74052A   26145.37777355  .00000054  00000-0  28440-4 0  9990
2  7363  81.2293  31.5661 0016911 198.8832 161.1709 14.00270282648903
KUIPER-00111
1 65149U 25171T   26145.44265495  .00002236  00000-0  32221-3 0  9994
2 65149  51.8958 193.6247 0000411  84.9687 275.1322 14.79940174 44043
ONEWEB-0634
1 56075U 23043AF  26145.55986564  .00000151  00000-0  36583-3 0  9996
2 56075  87.8993 263.7382 0001990 110.1719 249.9625 13.15547199153426
NORSAT 3
1 48272U 21034E   26145.53976428  .00005653  00000-0  40177-3 0  9996
2 48272  97.5331 203.3565 0008218  33.8432 326.3318 15.05048920276431
BLACK KITE-2
1 68474U 26067BL  26145.42031354  .00002176  00000-0  21771-3 0  9997
2 68474  97.7538 104.0502 0001927  12.4044 347.7223 14.92459807  8337
ONEWEB-0527
1 54642U 22166A   26145.53750522 -.00000168  00000-0 -43870-3 0  9997
2 54642  87.9251 248.5014 0001947 101.8771 258.2582 13.21826098168541
KINEIS-5A
1 62084U 24219D   26145.51488870  .00000776  00000-0  13124-3 0  9991
2 62084  97.9021 305.4363 0005577  32.3610 327.7939 14.72026565 80436
KAISTSAT 4
1 27945U 03042G   26145.41112886  .00000345  00000-0  69439-4 0  9992
2 27945  98.3824 313.6418 0012426  53.5549 306.6798 14.67865450210698
GONETS M 17
1 46486U 20068A   26145.50901483  .00000123  00000-0  81198-3 0  9998
2 46486  82.5004   1.6129 0023465  84.4985 275.8770 12.42872596256348
KUIPER-00320
1 68601U 26072AE  26145.37551453  .00034073  00000-0  95588-3 0  9994
2 68601  51.8630 287.7187 0011558 299.8762  60.1075 15.36195339  7864
ONEWEB-0535
1 54147U 22138AL  26145.41008395  .00000103  00000-0  22565-3 0  9992
2 54147  87.9159 309.4976 0002086  99.9422 260.1946 13.19726240173836
ONEWEB-0144
1 47290U 20100AJ  26145.34244022  .00000475  00000-0  12851-2 0  9999
2 47290  87.8964 355.1836 0001486  93.3256 266.8043 13.12441281261571
KUIPER-00165
1 65778U 25217S   26145.43903310  .00003477  00000-0  48479-3 0  9997
2 65778  51.9024  56.2153 0000949  91.9699 268.1372 14.79936042 36343
EXPRESS MD2
1 38745U 12044B   26145.36399245  .00033144  56556-5  58514-3 0  9990
2 38745  49.8220 137.9731 1576707 110.3028 267.3906 12.41676468557974
REFLECTOR
1 27005U 01056E   26145.55737285 -.00000009  00000-0  41050-4 0  9990
2 27005  99.7647 315.5485 0018568 169.7401 190.4128 13.71442506223437
TERRA SAR X
1 31698U 07026A   26145.33543143  .00000434  00000-0  23861-4 0  9991
2 31698  97.4456 153.3686 0001923  87.6040 272.5415 15.19148941 49750
IRIDIUM 114
1 41923U 17003G   26145.61099840  .00000056  00000-0  13006-4 0  9990
2 41923  86.3950  97.9022 0002464  86.4405 273.7072 14.34218002490011
KUIPER-00414
1 68929U 26098L   26145.50942017 -.00039525  00000-0 -13492-2 0  9992
2 68929  51.8745 177.7486 0022444  67.8300 292.5062 15.29422764  3850
FLOCK 4H 23
1 66726U 25276BN  26145.44435417  .00006082  00000-0  29004-3 0  9993
2 66726  97.4244 219.4052 0006080  82.6884 277.5042 15.19439989 26960
RIGIDSPHERE 2 (LCS 4)
1  5398U 71067E   26145.50461176  .00000494  00000-0  15520-3 0  9997
2  5398  87.6216 345.1124 0058111 309.6552  49.9527 14.37839330870623
YAOGAN-39 03B
1 57988U 23152C   26145.50640672  .00006268  00000-0  30377-3 0  9993
2 57988  34.9904  77.6499 0019205  22.8758 337.2807 15.17711336146746
HULIANWANG DIGUI-133
1 67241U 25311F   26145.43245466 -.00000090  00000-0  73509-4 0  9992
2 67241  50.0089 197.3951 0000970 247.0904 112.9866 13.29323059 20317
NAXING 1
1 28221U 04012B   26145.03357529  .00001809  00000-0  12943-3 0  9994
2 28221  98.0048 171.9203 0011232 163.1465 197.0136 15.05773645203762
ONEWEB-0377
1 49303U 21090AA  26145.35967029  .00000011  00000-0 -45043-5 0  9994
2 49303  87.9175 278.9869 0002079 103.4320 256.7045 13.20771223227501
QIANFAN-33
1 61566U 24185Q   26145.47187441  .00000333  00000-0  23079-3 0  9991
2 61566  88.9830  60.5407 0007523 156.5140 203.6382 13.96689276 92016
COSMOS 700
1  7593U 74105A   26145.52102271  .00000052  00000-0  37248-4 0  9994
2  7593  82.9523  64.8215 0024810   8.5333 164.4924 13.76984645582163
ONEWEB-0196
1 48218U 21031J   26145.38170732  .00000069  00000-0  15046-3 0  9993
2 48218  87.8942 294.2548 0001751 102.5538 257.5787 13.14501902245238
ONEWEB-0114
1 47262U 20100E   26145.28314214  .00000007  00000-0 -15547-4 0  9991
2 47262  87.8962 355.2133 0001724  94.4901 265.6424 13.12441696261517
ONEWEB-0344
1 49210U 21083AA  26145.19040706 -.00000028  00000-0 -11171-3 0  9991
2 49210  87.8931 324.8247 0002441  96.1112 264.0296 13.13461502227876
YAOGAN-43 03C
1 61619U 24190C   26145.57105416  .00002864  00000-0  12020-3 0  9994
2 61619  34.9964 340.3079 0005278 150.9160 209.1849 15.23041148 88378
ONEWEB-0526
1 54144U 22138AH  26145.37375120 -.00000017  00000-0 -75558-4 0  9994
2 54144  87.9158 309.5116 0001688  93.5883 266.5443 13.19727449173796
ARCSAT-1
1 52161U 22033E   26145.51388454  .00011951  00000-0  19331-3 0  9998
2 52161  97.2739 237.4615 0003139 278.9608  81.1290 15.52980762232180
QIANFAN-54
1 62255U 24232U   26145.50388125  .00000108  00000-0  14798-3 0  9994
2 62255  89.0094  24.4261 0003852 101.6445 258.5139 13.51008123121528
COSMOS 1561
1 15000U 84052C   26145.49586603 -.00000013  00000-0  19628-4 0  9999
2 15000  74.0137  61.0121 0015542 286.1663 247.3560 12.47990965912900
GB 2
1 14144U 83056D   26145.44920981  .00004255  00000-0  54014-3 0  9994
2 14144  63.3132 320.4724 0725455 131.4700 235.1008 13.78457359352810
COSMOS 626
1 07005U 73108A   26145.45549415 -.00000054  00000-0  27249-4 0  9994
2 07005  65.4355 151.8585 0041780  61.4700 299.0561 13.85515842651504
COSMOS 2272
1 23003U 94011E   26145.45373111  .00000039  00000-0  15204-3 0  9993
2 23003  82.5703 305.9020 0011381 202.2028 157.8573 12.64400662489552
COSMOS 2310
1 23526U 95012A   26145.29214593  .00000070  00000-0  59884-4 0  9993
2 23526  82.9456 165.7298 0022333   1.4822   9.0112 13.72331987560785
CHIPSAT
1 27643U 03002B   26145.43167183  .00018140  00000-0  35603-3 0  9992
2 27643  94.0254 330.0202 0005153 215.0793 145.0125 15.47294054283674
WEINA 1A
1 43169U 18011A   26145.11421668  .00001893  00000-0  14803-3 0  9991
2 43169  34.9964 302.1324 0002722 216.0173 144.0351 15.00884856454655
NIMBUS 3
1  3890U 69037A   26145.42435102 -.00000042  00000-0  19716-5 0  9990
2  3890  99.7091  27.0535 0039785  18.6308 154.2276 13.42670420797725
GLOBALSTAR M003
1 25165U 98008D   26145.21888630 -.00000179  00000-0 -95758-3 0  9994
2 25165  51.9838 301.1351 0007345 259.0539 272.1192 12.12009938274698
ORESAT0.5
1 60525U 24149BK  26145.50898866  .00018687  00000-0  40978-3 0  9997
2 60525  97.3719 231.1780 0005015  17.0279 343.1136 15.44111998 98972
COSMOS 1429
1 13761U 83002A   26145.53939610 -.00000022  00000-0 -44756-4 0  9991
2 13761  74.0243 256.5077 0032821 166.9847 214.2181 12.43438983967588
YAOGAN-30 B
1 42946U 17058B   26145.47935825  .00001890  00000-0  14095-3 0  9997
2 42946  34.9959 168.5643 0001606 131.0540 229.0307 15.02691596472444
COSMOS 1229
1 12108U 80102B   26145.50567181 -.00000014  00000-0  15110-4 0  9992
2 12108  73.9954  62.5208 0031674 146.1682  26.5992 12.56123058 82560
IRIDIUM 143
1 43258U 18030K   26145.38457566  .00000100  00000-0  28791-4 0  9998
2 43258  86.3943 300.0952 0002077  89.8159 270.3275 14.34218410426828
IRIDIUM 155
1 43573U 18061E   26145.50609105  .00000100  00000-0  28530-4 0  9995
2 43573  86.3966  66.1555 0002337  81.7900 278.3561 14.34218909410109
COSMOS 2159
1 21730U 91068C   26145.41515338  .00000034  00000-0  12291-3 0  9990
2 21730  82.5816 294.9655 0013032 332.2860  54.3348 12.66046282601357
HERMES-5
1 63834U 25052BQ  26145.14089751  .00009147  00000-0  33835-3 0  9997
2 63834  97.3998  39.7311 0003273 202.2889 157.8209 15.27913102 66433
KUIPER-00102
1 65140U 25171J   26145.46421240  .00001310  00000-0  20067-3 0  9996
2 65140  51.8954 173.5660 0000377  27.3627 332.7355 14.79947025 44321
FFLY-2
1 65322U 25188H   26145.49493786  .00001422  00000-0  14313-3 0  9994
2 65322  97.7371 221.1154 0011753 193.4091 166.6818 14.92704036 40527
CORIOLIS
1 27640U 03001A   26145.43692972  .00000097  00000-0  66094-4 0  9998
2 27640  98.7129 152.6691 0012793 279.4325  80.5405 14.19937846210996
KUIPER-00098
1 65137U 25171F   26145.52097741  .00002028  00000-0  29485-3 0  9994
2 65137  51.8993 183.3441 0000324  65.2788 294.8208 14.79943236 43545
GRACE-FO 2
1 43477U 18047B   26145.52089301  .00003430  00000-0  90557-4 0  9991
2 43477  88.9938 201.0694 0010375 182.4914 177.6291 15.38087785446312
GONETS M 05
1 39249U 13048A   26145.57580152  .00000122  00000-0  80703-3 0  9990
2 39249  82.4845 357.4814 0015613 263.0371  96.8933 12.42891529576076
COSMOS 1750
1 16760U 86042C   26145.39011675  .00000013  00000-0  18025-3 0  9993
2 16760  74.0154 128.2677 0040270 254.4525 260.4106 12.56167251832745
TIANYAN 23
1 63209U 25051B   26145.48866044  .00033670  00000-0  66904-3 0  9998
2 63209  97.4511 232.0292 0006864 163.9178 196.2291 15.46880251 66853
KUIPER-00164
1 67134U 25301B   26145.54955876  .00002009  00000-0  31632-3 0  9998
2 67134  51.9027  86.9521 0001146 137.7730 222.3319 14.76498408 25277
PELICAN-7 300E
1 69017U 26100AP  26145.51494699  .00000204  00000-0  12395-4 0  9997
2 69017  97.4076  43.7502 0004711  89.7608 270.4167 15.20683102  3367
ONEWEB-0059
1 45162U 20008AH  26145.45282590  .00000297  00000-0  81553-3 0  9994
2 45162  87.8856  40.8042 0001897  73.6200 286.5135 13.10371864305342
KUIPER-00020
1 63735U 25088M   26145.63635165  .00000123  00000-0  45099-4 0  9997
2 63735  51.9016 122.8405 0001225   4.2730 355.8243 14.79942512 59059
QIANFAN-73
1 63159U 25046A   26145.50767387  .00000079  00000-0  10433-3 0  9992
2 63159  88.9690 303.0448 0015209  18.2211 341.9481 13.51014559 69526
NOVASAR 1
1 43619U 18071B   26145.58389369  .00000148  00000-0  17933-4 0  9999
2 43619  97.5093  18.8274 0001637 101.2398 258.9008 14.96213728419558
CAPELLA-16 (ACADIA)
1 65318U 25188D   26145.45409930  .00005879  00000-0  55039-3 0  9993
2 65318  97.7385 220.9374 0002913 331.9986  28.1077 14.94440984 40528
TIME FLIES
1 64564U 25135AN  26145.56472949  .00002584  00000-0  24297-3 0  9991
2 64564  97.7683 260.2413 0002013  30.5297 329.6040 14.94776882 50529
UPPER FREE FLYER
1 43763U 18099F   26145.58665389  .00003298  00000-0  19909-3 0  9991
2 43763  97.4374 195.2842 0013530  30.4092 329.7921 15.11322448409131
PELICAN-3 300A
1 65315U 25188A   26145.12134454  .00007807  00000-0  19255-3 0  9993
2 65315  97.1970 221.6194 0002589 106.0556 254.0976 15.40806510 41768
BRITE TORONTO
1 40020U 14033L   26145.34416847  .00000569  00000-0  93336-4 0  9990
2 40020  97.9709 274.6977 0078344 351.0681   8.9127 14.72640483638857
DELFI-N3XT
1 39428U 13066N   26145.48756497  .00005200  00000-0  45878-3 0  9992
2 39428  97.8342  65.8235 0073195 282.8960  76.4091 14.94796787671238
METEOR 1-26
1 09481U 76102A   26145.48160589 -.00000034  00000-0 -26203-4 0  9993
2 09481  81.2182  66.6019 0023203 333.8044  26.1951 14.10354142550479
COSMOS 1794
1 17138U 86092A   26145.40318242  .00000006  00000-0  15141-3 0  9998
2 17138  74.0110 141.7428 0021319 340.9066 170.9360 12.45670151796466
ONEWEB-0413
1 50490U 21132X   26145.27108660  .00000042  00000-0  73306-4 0  9994
2 50490  87.9159 340.0180 0001804  79.4630 280.6705 13.18687151218579
ONEWEB-0624
1 55165U 23004AB  26145.33218855  .00000230  00000-0  60041-3 0  9993
2 55165  87.8957 355.1347 0001890  88.1768 271.9577 13.12927867165075
ICEYE-X44
1 62707U 25009DC  26145.14248044  .00002640  00000-0  24141-3 0  9990
2 62707  97.7052 224.6356 0001647 153.7558 206.3746 14.95852249 96499
IRIDIUM 170
1 43930U 19002J   26145.53192543  .00000629  00000-0  95811-4 0  9996
2 43930  86.6104   3.0189 0002383  90.0405 270.1086 14.72254397395927
CENTISPACE-2 S7
1 68356U 26060G   26145.50074042 -.00000076  00000-0  20011-4 0  9994
2 68356  54.9868 128.5051 0012507  93.0289 267.2141 14.73185707  9429
NUSAT-42 (M WONENBURGER)
1 56966U 23084AL  26145.49430322  .00022258  00000-0  48566-3 0  9995
2 56966  97.5689 288.6326 0004858 339.6528  20.4525 15.44229552164574
HULIANWANG DIGUI-126
1 67066U 25295H   26145.61945633 -.00000084  00000-0  86771-4 0  9999
2 67066  49.9980 106.1379 0000927 356.0534   4.0330 13.29327387 22501
KUIPER-00386
1 68921U 26098C   26145.36628589  .00521238  00000-0  13488-1 0  9992
2 68921  51.8715 177.5589 0020112 127.3545 232.9277 15.36281930  3845
ONEWEB-0116
1 48046U 21025E   26145.50186683  .00000127  00000-0  31347-3 0  9998
2 48046  87.8951 324.7352 0001828  87.1388 272.9950 13.13471061250673
HULIANWANG DIGUI-39
1 64960U 25159E   26145.48468919  .00000057  00000-0  97756-4 0  9994
2 64960  86.4919 290.0651 0001868  94.9183 265.2164 13.24406180 40126
METEOR 1-14
1  6392U 73015A   26145.15610447  .00000035  00000-0  13120-4 0  9991
2  6392  81.2370 310.4604 0052221 266.3631  93.1566 14.08112605729455
FLOCK 4G 20
1 62636U 25009AD  26145.19156630  .00096774  00000-0  18123-2 0  9998
2 62636  97.3880 229.0138 0001742 143.4896 216.6474 15.48334949 75556
ONEWEB-0087
1 45451U 20020AD  26145.37111435 -.00000171  00000-0 -51781-3 0  9992
2 45451  87.8925  25.5785 0001970  74.1156 286.0189 13.11414260299594
COSMOS 1904
1 18709U 87106A   26145.38677674  .00000066  00000-0  53282-4 0  9999
2 18709  82.9136  87.4518 0028797 104.5207  17.8067 13.74470828926562
FLOCK 4BE 28
1 60519U 24149BD  26145.13280851  .00017846  00000-0  39309-3 0  9990
2 60519  97.3744 230.5618 0004131  33.2655 326.8852 15.43992725 98889
GJZ 03
1 62292U 24238C   26145.51468817 -.00000070  00000-0  51421-4 0  9993
2 62292  59.9145 339.6408 0016058 344.4602  15.5910 13.75203716 72771
LEMUR 2 TOMATOKECHUP
1 60471U 24149D   26145.49826132  .00010894  00000-0  31815-3 0  9994
2 60471  97.3796 227.4965 0000863  33.0277 327.1020 15.35488641 98686
COSMOS 785
1  8473U 75116A   26145.47261078 -.00000077  00000-0  99501-5 0  9999
2  8473  65.0785  53.9518 0092669 300.3750  58.8172 13.82327193545909
COSMOS 1695
1 16143U 85094F   26145.32831116  .00000018  00000-0  38941-4 0  9992
2 16143  82.6014 282.8741 0007412 164.9223 220.6715 12.62895562872614
AE1D
1 62618U 25009K   26145.51463684  .00084928  00000-0  11758-2 0  9999
2 62618  97.3958 234.4443 0001553  60.8482 299.2928 15.56815338 75910
CUBEL
1 47448U 21006AM  26145.56250056  .00008033  00000-0  19942-3 0  9995
2 47448  97.2352 196.3696 0004980 245.6661 114.4066 15.40595955296274
FLOCK 4H 11
1 66714U 25276BA  26145.61955478  .00013595  00000-0  59932-3 0  9993
2 66714  97.4206 219.8604 0004490  99.6694 260.5050 15.21907394 27013
TIANQI 33
1 62365U 24245A   26145.45901537  .00000042  00000-0  11658-3 0  9991
2 62365  44.9842  63.1599 0008481 274.3310  85.6554 13.99198529 73176
YAOGAN-40 02C
1 63920U 25096C   26145.54053319  .00000127  00000-0  58870-4 0  9992
2 63920  85.9970 197.3591 0002468 100.9761 259.1699 14.12443392 72215
ONEWEB-0022
1 45135U 20008E   26145.43503875 -.00000538  00000-0 -15749-2 0  9997
2 45135  87.8867  40.8373 0001492  89.8444 270.2855 13.10488963305372
RCM 1
1 44322U 19033A   26145.47536060 -.00000044  00000-0  11203-5 0  9991
2 44322  97.7594 153.2404 0001449  90.1136 270.0249 14.92588410378694
TIANQI 30
1 61196U 24170B   26145.50229413  .00000056  00000-0  12632-3 0  9999
2 61196  44.8580 238.1272 0007183 343.4770  16.5826 13.99138935 85873
OTP-2
1 63235U 25052AB  26145.24348045  .00006704  00000-0  28277-3 0  9997
2 63235  97.3896  38.0175 0004634 232.4821 127.5996 15.23619117 66373
YAOGAN-33 04
1 57958U 23149A   26145.49031962  .00000383  00000-0  91900-4 0  9992
2 57958  98.1957  95.1854 0002136  81.0683 279.0758 14.58707766141695
TIANQI 29
1 61195U 24170A   26145.55565620  .00000051  00000-0  12293-3 0  9994
2 61195  44.8565 237.6334 0005501 333.8226  26.2326 13.99139766 85695
NUSAT-44 MARIA MITCHELL
1 59122U 24043AA  26145.51573617  .00010353  00000-0  35857-3 0  9998
2 59122  97.5417 285.4369 0005722 318.9742  41.1068 15.30033206123808
SEMI-1L
1 66294U 25248B   26145.58671111  .00003052  00000-0  14876-3 0  9995
2 66294  45.3987 242.6934 0004223 296.1849  63.8603 15.20755402 31073
HAWK-14B
1 68436U 26067W   26145.40946716  .00004033  00000-0  20165-3 0  9990
2 68436  97.4530 104.1916 0004312 109.6299 250.5401 15.18001356  8482
COSMOS 1289
1 12638U 81074C   26145.51028699  .00000000  00000-0  99455-4 0  9994
2 12638  74.0312 173.9872 0024282 123.5449  43.8894 12.54724671 51946
YAOGAN-39 02B
1 57889U 23145D   26145.65537905  .00006289  00000-0  30727-3 0  9997
2 57889  34.9919   4.7719 0003925 225.5625 134.4767 15.17581103149466
CUTE-LASP
1 49263U 21088D   26145.25812032  .00260488  00000-0  12615-2 0  9999
2 49263  97.4191 242.4981 0003765 263.1184  96.9656 15.81807184258912
IRIDE FM2
1 66696U 25276AG  26145.46230985  .00007332  00000-0  34274-3 0  9998
2 66696  97.4189 219.4048 0005378  93.7452 266.4398 15.20064505 26974
SKYMED 3
1 33412U 08054A   26145.56581323  .00002253  00000-0  15548-3 0  9999
2 33412  97.8307   3.7604 0015421 348.3909  11.6960 15.06776855953536
SEMI-1N
1 66297U 25248E   26145.53632157  .00003596  00000-0  16450-3 0  9993
2 66297  45.4063 239.9829 0011593 274.5268  85.4295 15.22493991 31102
SPACEMOBILE-001
1 61047U 24163C   26145.46159530  .00001938  00000-0  10164-3 0  9991
2 61047  52.9691  53.6157 0008809  57.0690 303.1150 15.20725749 94302
COSMOS 2512
1 41099U 15071B   26145.48763631  .00002449  00000-0  36591-3 0  9999
2 41099  98.0649 168.0173 0007303  91.3216 268.8829 14.75662431559801
COSMOS 1579
1 15085U 84069A   26145.34822403 -.00000057  00000-0  27454-4 0  9999
2 15085  65.0484 143.3034 0039122  22.4460 337.8302 13.86218788122611
APRIZESAT 10
1 40019U 14033K   26145.33743345  .00000330  00000-0  59878-4 0  9992
2 40019  97.9619 272.8107 0078460 347.7574  12.1724 14.70859992638891
COSMOS 1704
1 16291U 85110A   26145.53127757  .00000045  00000-0  30663-4 0  9990
2 16291  82.9333 141.5442 0032125 119.5247  29.6995 13.74887520 30819
COSMOS 2237
1 22565U 93016A   26145.32986254 -.00000029  00000-0  11216-4 0  9993
2 22565  70.7617   1.2326 0008512 283.7537  76.2635 14.12365650710128
COSMOS 385
1  4799U 70108A   26145.53321718  .00000006  00000-0  28689-4 0  9996
2  4799  74.0222  67.4284 0003537   3.0029 170.1747 13.76979433785437
JILIN-01 GAOFEN 3D 29
1 52446U 22048D   26145.49502826  .00091776  00000-0  74975-3 0  9996
2 52446  97.5687 257.8246 0002424 137.9143 222.2306 15.70290536225935
IRIDIUM 153
1 43078U 17083J   26145.40994585  .00000229  00000-0  74680-4 0  9995
2 43078  86.3940 299.9979 0002367  92.4898 267.6569 14.34219441442011
MESON-1
1 59131U 24043AK  26145.65966399  .00005196  00000-0  17679-3 0  9997
2 59131  97.5611 283.3789 0009141 327.5241  32.5436 15.30854707123637
ICEYE-X38
1 59100U 24043C   26145.49535289  .00004521  00000-0  26286-3 0  9990
2 59100  97.8371 288.6263 0003533 140.9839 219.1647 15.12610111108249
WILDFIRE 4
1 57756U 23133A   26145.40696420  .00000119  00000-0  93613-4 0  9998
2 57756  81.0037  28.0714 0010805  58.6511 301.5702 13.86352658137964
ONEWEB-0648
1 55811U 23029R   26145.42928624 -.00000066  00000-0 -21306-3 0  9990
2 55811  87.8944 294.2416 0001258  68.0220 292.1043 13.14503827156405
SHIYAN 21 (SY-21)
1 54752U 22172A   26145.50438918  .00006768  00000-0  23946-3 0  9997
2 54752  35.9795 213.7503 0019289  49.1094 311.1307 15.28465540192211
GLOBALSTAR M060
1 26083U 00008C   26145.35088135 -.00000140  00000-0 -48587-3 0  9990
2 26083  51.9992 177.9817 0003013 105.8632 267.5688 12.17678709194057
YAOGAN-43 02F
1 60950U 24156F   26145.56441738  .00008239  00000-0  34281-3 0  9997
2 60950  34.9935 340.1686 0000729 254.5431 105.5203 15.23034940 95994
ORBCOMM FM 18
1 25414U 98046B   26145.59361427  .00000814  00000-0  30340-3 0  9994
2 25414  44.9940 348.4440 0004314 198.3603 161.7091 14.39612245453573
TIANMU-1 11
1 58645U 23205A   26145.50921801  .00004963  00000-0  19138-3 0  9991
2 58645  97.3461 167.4258 0010846  86.7864 273.4615 15.26719623134065
ONEWEB-0371
1 49297U 21090U   26145.21737776 -.00000027  00000-0 -98682-4 0  9999
2 49297  87.9154 309.5446 0001689  94.6446 265.4880 13.19726368223427
FORMOSAT7-1/COSMIC2-1
1 44349U 19036L   26145.44246249  .00002072  00000-0  15250-3 0  9993
2 44349  23.9963 185.7208 0000395 265.4255  94.6200 14.96394460381240
KENT RIDGE 1
1 41167U 15077B   26145.43874487  .00003803  00000-0  12555-3 0  9997
2 41167  14.9801  75.1395 0008447 278.0603  81.8761 15.22970184577620
YAOGAN 10
1 36834U 10038A   26145.53093157  .00002123  00000-0  25361-3 0  9995
2 36834  97.8994 169.1166 0001635  91.7912  61.3967 14.85270738853841
ONEWEB-0430
1 50501U 21132AJ  26145.48858634 -.00001042  00000-0 -26752-2 0  9997
2 50501  87.9162 339.9754 0001607  91.4672 268.6644 13.18691119218635
AE1A
1 68487U 26067BZ  26145.35499769  .00003872  00000-0  38280-3 0  9998
2 68487  97.7528 103.9783 0001679  30.0181 330.1135 14.92479068  8329
ONEWEB-0387
1 49313U 21090AL  26145.64068479  .00000149  00000-0  33483-3 0  9992
2 49313  87.9166 278.9503 0002236 104.3003 255.8379 13.20772641226841
COSMOS 1464
1 14084U 83048A   26145.48398170  .00000030  00000-0  15232-4 0  9998
2 14084  82.9467 222.1111 0031481  93.1104 278.5348 13.74692191156822
COSMOS 1058
1 11135U 78109H   26145.52558242 -.00000014  00000-0  12127-4 0  9990
2 11135  74.0178  70.7400 0037014 275.7521 258.1945 12.39503012147857
QIANFAN-16
1 60394U 24140R   26145.49228061  .00000109  00000-0  14954-3 0  9999
2 60394  88.9715 282.3952 0016659  99.9313 260.3720 13.51006093 89289
HORACIO
1 59098U 24043A   26145.51662516  .00002904  00000-0  24806-3 0  9992
2 59098  97.8489 277.1520 0012931  96.7173 263.5521 14.98416204121277
UNISAT 2
1 27608U 02058D   26145.30331406  .00000740  00000-0  10331-3 0  9998
2 27608  64.5514  92.3792 0062051 256.9856 102.4319 14.84257266263395
ONEWEB-0318
1 49104U 21075AF  26145.24073674  .00000130  00000-0  29618-3 0  9997
2 49104  87.9168 340.0238 0002086  90.1840 269.9531 13.18686068234143
BRO-5
1 51061U 22002CF  26145.47793959  .00027891  00000-0  57306-3 0  9991
2 51061  97.3007 218.9679 0005882  63.7465 296.4388 15.45946413242748
SJ-11-01
1 36088U 09061A   26145.51345109  .00000500  00000-0  10497-3 0  9996
2 36088  98.0044 127.1451 0012311  92.9745  58.1565 14.63666406881174
SINOD-D 3
1 40977U 15058P   26145.28002549  .00004213  00000-0  35911-3 0  9996
2 40977  64.7739 347.3421 0118425  67.2902 294.0679 14.93820160111336
ONEWEB-0287
1 49077U 21075C   26145.08204518  .00000065  00000-0  13488-3 0  9996
2 49077  87.9153  10.4610 0002121  93.1233 267.0141 13.17651496230583
STUDSAT
1 36796U 10035B   26145.46458593  .00003872  00000-0  27941-3 0  9998
2 36796  98.0972  51.3262 0012988 105.8055 254.4603 15.04699594861730
HULIANWANG DIGUI-51
1 65108U 25168C   26145.51526780 -.00000084  00000-0  85531-4 0  9993
2 65108  50.0049  47.1464 0010636  21.4661 338.6655 13.29320352 39673
KUIPER-00159
1 67764U 26030A   26145.36180433  .00021053  00000-0  56549-3 0  9990
2 67764  51.8844 208.7876 0005973 329.1169  30.9466 15.37865275 16885
ONEWEB-0081
1 45429U 20020F   26145.41365606  .00000347  00000-0  94307-3 0  9997
2 45429  87.8911  25.5975 0001952  78.8306 281.3041 13.11418118299752
MOHAMMED VI-B
1 43717U 18095A   26145.48356315  .00000538  00000-0  83351-4 0  9998
2 43717  97.9557 218.1205 0001148  82.9270 277.2071 14.77081709404836
ICEYE-X71
1 68494U 26067CG  26145.38751798  .00002048  00000-0  20995-3 0  9990
2 68494  97.7600 103.9790 0003800  93.7118 266.4536 14.91537460  8326
NOAA 18
1 28654U 05018A   26145.47416260  .00000036  00000-0  42063-4 0  9995
2 28654  98.8112 225.4801 0013714 211.7318 148.3029 14.13724518 83102
KUIPER-00131
1 68573U 26072A   26145.39971803  .00010365  00000-0  13860-2 0  9999
2 68573  51.8988 296.4141 0001542 131.7064 228.4031 14.79949339  7747
ONEWEB-0244
1 48776U 21045K   26145.56144809  .00000152  00000-0  36953-3 0  9996
2 48776  87.9006 263.6865 0001821  97.0701 263.0636 13.15547197241990
QIANFAN-126
1 68653U 26075T   26145.21513278  .00000049  00000-0  43181-4 0  9999
2 68653  88.9868 323.3334 0010808  67.2826 292.9476 13.67484062  6710
ORBCOMM FM 33
1 25983U 99065D   26145.56378110  .00000473  00000-0  19014-3 0  9997
2 25983  45.0263 169.9221 0009219 330.8379  29.1955 14.40938582385431
FLOCK 4H 32
1 66735U 25276BX  26145.17934804  .00005591  00000-0  26685-3 0  9993
2 66735  97.4229 219.1129 0006357  91.3179 268.8784 15.19442204 26922
JD 2
1 14729U 84012D   26145.24897201  .00001642  00000-0  21132-3 0  9994
2 14729  63.3049  98.5356 0745634 128.1198 238.9502 13.75971210340759
GONETS D1 3
1 23789U 96009C   26145.47208829  .00000042  00000-0  17592-3 0  9994
2 23789  82.5786 334.3557 0006257 112.7594 247.4159 12.62685405394788
ETV-A1
1 51060U 22002CE  26145.47283182  .00011348  00000-0  28494-3 0  9998
2 51060  97.2890 211.8511 0006651  76.0303 284.1683 15.40136624242344
COSMOS 952
1 10358U 77088A   26145.43646511 -.00000074  00000-0  13422-4 0  9993
2 10358  64.9348 194.2848 0041291  10.6952 349.4976 13.83743104460038
NOVA 2
1 19223U 88052A   26145.36671704  .00000024  00000-0  36210-4 0  9994
2 19223  89.9866  77.9942 0028531 284.0578 192.2919 13.22955259831116
GAOFEN 11
1 43585U 18063A   26145.52081257  .00017171  00000-0  26151-3 0  9996
2 43585  97.1304 212.4749 0005316  69.3809 290.8016 15.54549187436828
IMPULSE-2 MIRA
1 62673U 25009BS  26145.16246462  .00006479  00000-0  25721-3 0  9995
2 62673  97.4419 219.3130 0004672 111.0737 249.1001 15.25680419133081
FLOCK 4H 7
1 66710U 25276AW  26145.14925372  .00006091  00000-0  28807-3 0  9997
2 66710  97.4191 219.0582 0003935 106.2388 253.9280 15.19734008 26924
ONEWEB-0507
1 54125U 22138N   26145.37533269  .00000073  00000-0  14984-3 0  9998
2 54125  87.9150 309.5239 0001655  89.0532 271.0791 13.19726204173849
COSMOS 2483
1 39058U 13001B   26145.51718380 -.00000011  00000-0 -14898-3 0  9998
2 39058  82.5003 229.0328 0017597  65.4867 294.8046 12.44024333598771
PRAETORIAN SDA_605
1 65568U 25203D   26145.39845390  .00000086  00000-0  67125-4 0  9990
2 65568  81.3035  31.8415 0007201 250.7028 109.3350 13.83431438 35544
KINEIS-4D
1 63302U 25056C   26145.49940044  .00001402  00000-0  22929-3 0  9998
2 63302  97.8986 270.2588 0003616  68.6804 291.4789 14.72326675 63791
ONEWEB-0119
1 47265U 20100H   26145.56268200  .00000403  00000-0  10835-2 0  9990
2 47265  87.8949 355.1707 0001770  86.6050 273.5281 13.12442166261736
TURKSAT 3U
1 39152U 13018C   26145.21139279  .00003520  00000-0  31654-3 0  9997
2 39152  97.7925 236.1361 0012373 169.2241 190.9247 14.96258693707654
ONEWEB-0219
1 48223U 21031P   26145.38805382  .00000141  00000-0  34537-3 0  9992
2 48223  87.8939 294.2437 0001866 106.3322 253.8013 13.14503338245389
VIGORIDE 5
1 55056U 23001AZ  26145.61685549  .00021697  00000-0  27863-3 0  9993
2 55056  97.3236 216.3959 0005085 200.3578 159.7477 15.59121520189145
SHIKONGXING 01
1 65712U 25214A   26145.43476308  .00002087  00000-0  22344-3 0  9993
2 65712  49.9883  41.0009 0013101 160.2725 199.8726 14.92711720 36305
COSMOS 618
1  6986U 73104B   26145.33774681 -.00000009  00000-0  44012-4 0  9996
2  6986  74.0309   3.2307 0027262 152.4573  20.6219 12.49928185392378
HJS-6B
1 63429U 25067B   26145.42721158  .00004922  00000-0  20749-3 0  9994
2 63429  54.9896 127.6499 0004412 283.9572  76.0959 15.25084915 64479
ONEWEB-0243
1 48774U 21045H   26145.55194538  .00000180  00000-0  44330-3 0  9996
2 48774  87.8992 263.7294 0001847  83.8941 276.2399 13.15547044241381
FLOCK 4H 26
1 66729U 25276BR  26145.45716357  .00005625  00000-0  26962-3 0  9994
2 66729  97.4197 219.2742 0006556  92.3980 267.8005 15.19288863 26961
KUIPER-00114
1 65151U 25171V   26145.43997379  .00000173  00000-0  51742-4 0  9997
2 65151  51.8971 196.2086 0000347  87.6335 272.4667 14.79932420 44002
IHI-SAT2
1 66772U 25276DL  26145.45585445  .00005985  00000-0  27214-3 0  9994
2 66772  97.4239 219.8257 0000410  59.2460 300.8816 15.21105766 26995
KUIPER-00134
1 65960U 25228P   26145.43432011  .00038448  00000-0  93278-3 0  9990
2 65960  51.8735 307.9636 0005142 218.8300 141.2319 15.40655291 35619
COSMOS 1950
1 19195U 88046A   26145.45767309  .00000001  00000-0  13624-3 0  9990
2 19195  73.5964 135.6380 0024340 230.5068 292.1452 12.40923879720788
COSMOS 2068
1 20553U 90029E   26145.32598101  .00000001  00000-0  10314-3 0  9995
2 20553  73.9809  96.8903 0031756 250.6548 227.8152 12.56273948657103
LUNA-2
1 68470U 26067BG  26145.37791182  .00005685  00000-0  28973-3 0  9998
2 68470  97.4461 104.0334 0008235 136.0532 224.1358 15.17130097  8479
PRAETORIAN SDA_619
1 65582U 25203T   26145.38357428  .00000216  00000-0  18360-3 0  9996
2 65582  81.3064  31.8883 0007040 252.1675 107.8714 13.83941740 36175
NOAA 15
1 25338U 98030A   26145.47012115  .00000127  00000-0  69659-4 0  9999
2 25338  98.5075 166.7157 0011284  58.1428 302.0850 14.27138824458054
GEESAT 5-05
1 65554U 25201E   26145.28292809  .00001301  00000-0  18131-3 0  9995
2 65554  49.9801 145.3940 0011008 193.2117 166.8534 14.84088850 38390
ONEWEB-0126
1 47272U 20100Q   26145.55265161  .00000120  00000-0  29933-3 0  9996
2 47272  87.8954 355.1728 0001690  89.5110 270.6212 13.12444288261732
COSMOS 2603
1 67677U 26023D   26145.42762267  .00008372  00000-0  34318-3 0  9992
2 67677  96.6330 209.5840 0018022 211.2561 148.7609 15.24324372 16534
IRIDIUM 122
1 42957U 17061C   26145.38850369  .00000057  00000-0  13128-4 0  9993
2 42957  86.3988  34.7167 0002296  83.6010 276.5447 14.34217680451513
ONEWEB-0159
1 48062U 21025W   26145.41384938  .00000351  00000-0  92721-3 0  9991
2 48062  87.8951 324.7496 0001607  97.9456 262.1855 13.13469402250615
HYPERFIELD-1A
1 60562U 24149CY  26145.46874719  .00006298  00000-0  21470-3 0  9995
2 60562  97.3799 225.7506 0006027  46.0381 314.1357 15.30707080 98562
COSMOS 407
1 05174U 71035A   26145.49183172  .00000111  00000-0  48757-4 0  9994
2 05174  74.0419 152.0374 0018863 335.4126  24.6125 14.34239435877332
IRIDIUM 5
1 24795U 97020D   26145.37469988  .00002505  00000-0  18748-3 0  9990
2 24795  86.3847 285.4074 0100240 347.7016  12.1768 14.98245646536637
ONEWEB-0218
1 48214U 21031E   26145.41817154  .00000111  00000-0  26573-3 0  9994
2 48214  87.8947 294.2348 0000949 104.8623 255.2612 13.14501402245388
YAOGAN 25A
1 40338U 14080A   26145.53734264 -.00000078  00000-0  14851-4 0  9992
2 40338  63.3898   9.1409 0364640   9.0596 351.6777 13.45411889562612
HJ-2F
1 57519U 23116A   26145.50683581  .00007183  00000-0  31765-3 0  9998
2 57519  97.3849 151.1270 0010491 116.7028 243.5284 15.21943875155303
HULIANWANG DIGUI-82
1 65817U 25220A   26145.49973154  .00000035  00000-0  48276-4 0  9997
2 65817  86.4984  51.5185 0001374  65.3273 294.8004 13.24405839 31914
ONEWEB-0378
1 49304U 21090AB  26145.37986683  .00000118  00000-0  25852-3 0  9995
2 49304  87.9170 278.9887 0001992  96.6876 263.4484 13.20773325226774
FIREFLY-1
1 62701U 25009CW  26145.50385409  .00001349  00000-0  13581-3 0  9992
2 62701  97.7070 224.1052 0005218  53.4861 306.6838 14.92798950 73937
KUIPER-00124
1 65953U 25228G   26145.34710109  .00003407  00000-0  47563-3 0  9992
2 65953  51.8996  16.5889 0000708 106.8574 253.2466 14.79932978 34656
LIME
1 62648U 25009AR  26145.21279753  .00009685  00000-0  33235-3 0  9993
2 62648  97.3952 227.5746 0003153  86.0460 274.1141 15.30355310 75459
SWAS
1 25560U 98071A   26145.41962014  .00003372  00000-0  21671-3 0  9993
2 25560  69.8960 286.2245 0008590 280.7601  79.2595 15.09429627493832
ICEYE-X33
1 60548U 24149CJ  26145.16860355  .00003545  00000-0  28314-3 0  9993
2 60548  97.7197 224.4460 0000430 130.0039 230.1223 15.00902357 96752
QIANFAN-5
1 60383U 24140E   26145.50863882  .00000082  00000-0  10720-3 0  9992
2 60383  88.9693 282.2453 0017264  98.9298 261.3808 13.51008523 89414
NEXSAT-1
1 58921U 24024E   26145.52840363  .00006479  00000-0  20411-3 0  9993
2 58921  97.3055 219.8468 0008113 184.8792 175.2373 15.33218875128424
S-NET B
1 43187U 18014H   26145.24766607  .00004303  00000-0  22477-3 0  9998
2 43187  97.5385  50.1690 0010782  92.8787 267.3680 15.16387299455289
ONEWEB-0359
1 49285U 21090G   26145.37468912  .00000089  00000-0  18754-3 0  9993
2 49285  87.9175 278.9827 0002083 105.9993 254.1370 13.20771997227525
COSMOS 2092
1 20737U 90070C   26145.44250892  .00000043  00000-0  18086-3 0  9990
2 20737  82.5677 320.3823 0004506 171.2804 249.1247 12.63350224650485
DRAGRACER 2(AUGURY)
1 46955U 20085AC  26145.59802145  .00033315  00000-0  28563-3 0  9998
2 46955  97.5815 339.9086 0004052   4.4422 355.6875 15.69339638308329
COSMOS 2572
1 58435U 23182A   26145.52885590  .00036233  23451-5  12297-3 0  9992
2 58435  96.6814 249.9645 0008331 197.9507 162.1475 15.90081652144858
IRIDIUM 914
1 24836U 97030A   26145.42413899  .00000311  00000-0  90283-4 0  9991
2 24836  86.3952  37.6379 0002864 118.1580 241.9909 14.41222295656415
COSMOS 2571
1 58172U 23165C   26145.53920160 -.00000081  00000-0 -38897-5 0  9995
2 58172  67.1514 342.4745 0016113 327.5284  32.4808 13.97332366131194
HULIANWANG DIGUI-95
1 66003U 25231J   26145.55303227 -.00000107  00000-0  36469-4 0  9994
2 66003  50.0035 256.5778 0000881 152.5333 207.5586 13.29331689 29884
KUIPER-00113
1 65948U 25228B   26145.38087680  .00002168  00000-0  31333-3 0  9992
2 65948  51.8988  16.4531 0000936 102.3928 257.7139 14.79935360 34655
COSMOS 449
1  5552U 71086F   26145.45799381 -.00000028  00000-0 -99569-4 0  9997
2  5552  74.0274 204.3224 0037297   9.4207   1.8953 12.38733215469673
ESSA 9 (TOS-G)
1  3764U 69016A   26145.44776286 -.00000031  00000-0  75769-4 0  9997
2  3764 101.4016 146.4134 0051313 156.2085   2.5394 12.49861366984985
JILIN-01 KUANFU 02B 4
1 61192U 24169D   26145.52446249  .00004016  00000-0  25989-3 0  9992
2 61192  97.5519 234.7672 0012832 349.6009  10.4952 15.08673036 92411
TOPO 1
1  4363U 70025B   26145.54229293 -.00000041  00000-0  58478-5 0  9997
2  4363  99.8894  59.7136 0002639  61.2250 118.7145 13.46698444758143
SKYSAT 1
1 39418U 13066C   26145.57140395  .00002731  00000-0  15821-3 0  9996
2 39418  97.3831 195.6896 0022345  36.6999 323.5757 15.12825030685064
TIANQI 22
1 57793U 23135B   26145.50269897  .00000025  00000-0  80762-4 0  9993
2 57793  49.9684 247.9786 0013733 182.0045 178.0815 14.23107700141396
GEESAT 3-06
1 61016U 24159F   26145.48736560  .00001313  00000-0  18244-3 0  9992
2 61016  49.9968 188.6338 0016854 349.1208  10.9364 14.84151594 93398
COSMOS 1091
1 11320U 79028A   26145.50488042  .00000068  00000-0  55089-4 0  9997
2 11320  82.9216 150.1587 0029373 224.9865 300.4550 13.74918712364018
LEMUR 2 MONSON
1 42839U 17042Q   26145.43224628  .00014601  00000-0  54810-3 0  9992
2 42839  97.4078 326.1827 0008022  80.4074 279.8072 15.27278859484697
MONOLITH
1 49052U 21068A   26145.39292254  .00005295  00000-0  33452-3 0  9992
2 49052  37.0242  40.7887 0002937 358.9001   1.1738 15.08879642263833
KUIPER-00483
1 68878U 26095Q   26145.50003471 -.02239156  00000-0 -14947+0 0  9991
2 68878  51.8860 353.7534 0010125 234.6140 167.2632 15.10139317  4301
MUNIN
1 26621U 00075C   26145.33090178  .00000361  00000-0  34525-3 0  9990
2 26621  95.4120  80.1125 0709099 311.0223  43.1626 13.04836867213827
HAWK-9C
1 59448U 24066G   26145.14315512  .00001294  00000-0  12382-3 0  9993
2 59448  45.6037  35.4595 0003584 263.8906  96.1567 14.99055161116375
ONEWEB-0313
1 49099U 21075AA  26145.56285438 -.00000015  00000-0 -71033-4 0  9991
2 49099  87.9151  10.3794 0001916  86.7403 273.3948 13.17650667230613
TIANMU-1 14
1 58648U 23205D   26145.49489742  .00005191  00000-0  20095-3 0  9993
2 58648  97.3413 166.6409 0009412  60.7570 299.4609 15.26576757134045
CARTOSAT 2F
1 43111U 18004A   26145.48503888  .00006286  00000-0  30130-3 0  9997
2 43111  97.4803 205.3393 0001027  50.0702 310.0623 15.19268376463884
AO-91
1 43017U 17073E   26145.58258409  .00010293  00000-0  44979-3 0  9993
2 43017  97.4740  13.2645 0153037  47.1552 314.2419 15.12246380461975
COSMOS 1928
1 18941U 88016E   26145.51431148 -.00000027  00000-0 -65619-4 0  9993
2 18941  74.0054 233.2383 0011391 257.1337 113.7428 12.52893727654032
S-NET A
1 43188U 18014J   26145.30164324  .00004582  00000-0  23888-3 0  9990
2 43188  97.5396  50.4271 0010629  93.2485 266.9964 15.16424413455291
SPAWAR-CAL-OR
1 43778U 18099W   26145.06086252  .00008602  00000-0  36930-3 0  9993
2 43778  97.3812 193.6965 0012487  45.9705 314.2559 15.22872121409139
KUIPER-00203
1 67773U 26030K   26145.52917168  .00003373  00000-0  47083-3 0  9999
2 67773  51.9059 238.3537 0000422 116.1678 243.9328 14.79965753 16486
HULIANWANG DIGUI-29
1 63696U 25086K   26145.49624274  .00000061  00000-0  10912-3 0  9990
2 63696  86.5015 320.7024 0001521  80.7424 279.3882 13.24408815 51853
UWE-1
1 28892U 05043C   26145.36017096  .00001109  00000-0  18477-3 0  9992
2 28892  98.3046 301.0733 0012468 283.5076  76.4741 14.72048585 98404
XINGYUN-2 01
1 45602U 20028A   26145.50498249  .00002300  00000-0  13879-3 0  9994
2 45602  97.4870 138.3582 0007396 286.6034  73.4384 15.11697754331415
COSMOS 1634
1 15597U 85022A   26145.37471499  .00000035  00000-0  20108-4 0  9999
2 15597  82.9411 232.6082 0036969 100.1933 330.4608 13.75325891 67064
ONEWEB-0213
1 48790U 21045Z   26145.56779066  .00000082  00000-0  18492-3 0  9991
2 48790  87.9000 263.6989 0001697  92.4169 267.7156 13.15550107241460
FARADAY_PHOENIX
1 48924U 21059AX  26145.41539038  .00103368  00000-0  76394-3 0  9998
2 48924  97.6853 341.0135 0003737  70.1951 289.9714 15.72646739274077
QIANFAN-130
1 69076U 26104D   26145.55226310  .00000081  00000-0  32171-4 0  9990
2 69076  88.9868 344.2083 0003526 148.1247 212.0156 14.18732435  1875
IRIDIUM 178
1 56729U 23068V   26145.12432754  .00000815  00000-0  10383-3 0  9996
2 56729  86.6559  34.9967 0002391  88.7729 271.3766 14.80237220162958
CENTISPACE-1 S13
1 62582U 25007H   26145.49416043 -.00000018  00000-0  11668-3 0  9991
2 62582  54.9822  10.8519 0012576  47.7490 312.4531 13.80607121 71591
KUIPER-00078
1 64825U 25151K   26145.17547719  .00002673  00000-0  37938-3 0  9999
2 64825  51.9017 317.3713 0000695 120.9588 239.1443 14.79938914 46706
NINGXIA-1 9
1 49021U 21064D   26145.53458030 -.00000191  00000-0 -34233-4 0  9997
2 49021  45.0037 329.3286 0008355 148.2235 211.9107 14.08556051251033
KUIPER-00040
1 64501U 25134B   26145.36717396  .00000714  00000-0  12268-3 0  9995
2 64501  51.8975 264.1287 0000927 159.7457 200.3543 14.79947890 51280
ONEWEB-0023
1 45136U 20008F   26145.47012024  .00000608  00000-0  17055-2 0  9991
2 45136  87.8856  40.7865 0001960  81.0710 279.0639 13.10372592305104
RAWHIDE-1
1 68629U 26074C   26145.41395793  .00010049  00000-0  41390-3 0  9993
2 68629  60.0211 265.5756 0025354   4.3159 355.8136 15.24421624  7313
AUTCUBE 2
1 43681U 18084K   26145.83245485  .00003488  00000-0  21937-3 0  9998
2 43681  98.0737 350.8230 0010375 115.1729 245.0576 15.09910763413559
COSMOS 2528
1 43657U 18082A   26145.38154146 -.00000016  00000-0  42395-4 0  9999
2 43657  67.1466 133.1864 0007719 281.7547  78.2672 13.96707651386768
HULIANWANG DIGUI-52
1 65109U 25168D   26145.50710076 -.00000080  00000-0  95585-4 0  9992
2 65109  50.0043  47.0825 0010689  33.7294 326.4256 13.29318295 39679
COSMOS 1638
1 15620U 85023D   26145.56301543 -.00000019  00000-0 -21462-4 0  9998
2 15620  74.0567  66.4141 0015905 198.6689 351.7542 12.49214276877900
PIESAT-2 09
1 62333U 24241A   26145.55194056  .00007066  00000-0  39191-3 0  9998
2 62333  97.5311  93.4614 0002291  87.8077 272.3417 15.14072613 79375
COSMOS 539
1 06319U 72102A   26145.43795081 -.00000007  00000-0  45845-4 0  9994
2 06319  74.0169 300.7490 0023579 135.3995 285.1301 12.75428686487279
HULIANWANG DIGUI-141
1 67439U 26007E   26145.44327799 -.00000085  00000-0  84725-4 0  9991
2 67439  50.0022 167.3051 0000883 283.0539  77.0234 13.29325730 17761
HJ-2B
1 46479U 20067B   26145.50016481  .00000440  00000-0  70234-4 0  9996
2 46479  97.8885 225.4120 0001140  80.4155 279.7184 14.76522573304919
COSMOS 803
1  8688U 76014A   26145.47172851  .00010763  00000-0  12071-3 0  9992
2  8688  65.8367  57.3630 0007983 327.2496  32.8165 15.63044964788304
GAOFEN 9
1 40894U 15047A   26145.52462075  .00000761  00000-0  99761-4 0  9991
2 40894  97.6290 182.2479 0026535 211.6558 148.3061 14.82833870576838
CSSWE
1 38761U 12048D   26145.36158780  .00023458  00000-0  50449-3 0  9993
2 38761  64.6613 170.7444 0050722 180.9823 179.1223 15.43250930112873
UMBRA-12
1 67371U 26004J   26145.46389687  .00004225  00000-0  45360-3 0  9999
2 67371  97.8012 144.5534 0005443 189.6714 170.4399 14.89103409 19924
KUIPER-00408
1 68924U 26098F   26145.48606682  .00001724  00000-0  69588-4 0  9996
2 68924  51.8758 177.5999 0015630  66.9920 293.2711 15.30584069  3851
KUIPER-00130
1 65959U 25228N   26145.35251382  .00001878  00000-0  27525-3 0  9998
2 65959  51.9040  11.6262 0000818 101.8531 258.2523 14.79932646 25015
IRIDE-MS1-EAG2-15
1 68462U 26067AY  26145.33307339  .00006843  00000-0  33615-3 0  9998
2 68462  97.4537 104.1473 0004590  99.2038 260.9715 15.18369862  8470
METEOR 2-19
1 20670U 90057A   26145.42277867  .00000030  00000-0  12932-4 0  9991
2 20670  82.5445 296.9332 0016783 142.3184 217.9155 13.84894860814483
RASSVET-3 7
1 68366U 26061G   26145.20887873  .00043006  00000-0  41291-3 0  9998
2 68366  82.2971  38.3299 0003230 174.3474 185.7822 15.66414975  9901
SWOT
1 54754U 22173A   26145.48016558  .00000021  00000-0  15703-4 0  9998
2 54754  77.6110  65.9618 0000113  96.2436 263.8728 14.00171724175971
YAOGAN-43 O1H
1 60465U 24148H   26145.52170339  .00007234  00000-0  26433-3 0  9995
2 60465  34.9912 300.7198 0007341 343.5405  16.5072 15.27360222 98725
HADES-SA (SPINNYONE)
1 68446U 26067AG  26145.81926674  .00017337  00000-0  84941-3 0  9990
2 68446  97.4387 104.4662 0008706 136.8691 223.3227 15.18181907  8534
NUSAT-35 (WILLIAMINA)
1 55048U 23001AR  26145.47582513  .00013189  00000-0  39655-3 0  9994
2 55048  97.1873 198.7922 0011901 173.6243 186.5154 15.34443852188922
SDA_1671
1 65981U 25230H   26145.36941879 -.00018507  00000-0 -16977-1 0  9990
2 65981  81.3011 232.8505 0000658 259.4711 100.6371 13.83091840 30657
COSMOS 1861
1 18129U 87054A   26145.47444259  .00000062  00000-0  50433-4 0  9999
2 18129  82.9255 339.6549 0012142  23.3114 348.9141 13.73265207950423
KUIPER-00033
1 63746U 25088Y   26145.44326274  .00002082  00000-0  30203-3 0  9992
2 63746  51.8994 146.1746 0000458  67.0005 293.1006 14.79935521 58985
YAOGAN-43 O1F
1 60463U 24148F   26145.50777128  .00014289  00000-0  45238-3 0  9992
2 60463  34.9925 292.9108 0008003   7.2375 352.8457 15.31877329 98804
COSMOS 2408
1 28419U 04037A   26145.51981339  .00000153  00000-0  99708-3 0  9990
2 28419  82.4857 340.0690 0015450 321.1920  38.8050 12.45679563985087
KUIPER-00223
1 67783U 26030V   26145.50003471 -.00014370  00000-0 -15412-2 0  9992
2 67783  51.8980 213.3584 0007830   4.4544  62.7407 14.87616241  5707
ONEWEB-0175
1 48073U 21025AH  26145.46124467 -.00000107  00000-0 -32710-3 0  9990
2 48073  87.8950 324.7294 0001525  83.7265 276.4037 13.13469472250507
YAOGAN-39 03C
1 57990U 23152E   26145.50265505  .00004258  00000-0  20732-3 0  9995
2 57990  34.9906  77.5913 0011122 295.3741  64.5820 15.17757917146717
ONEWEB-0356
1 49283U 21090E   26145.42351717  .00000206  00000-0  47427-3 0  9991
2 49283  87.9175 278.9728 0002637  90.2075 269.9360 13.20771500226820
FLOCK 4H 3
1 66706U 25276AS  26145.15479847  .00005714  00000-0  27119-3 0  9990
2 66706  97.4246 219.1856 0005577  87.7408 272.4465 15.19635545 26922
JILIN-01 GAOFEN 3D 31
1 52448U 22048F   26145.48237244  .00118673  00000-0  80856-3 0  9997
2 52448  97.5665 258.6312 0003055 179.8785 180.2480 15.74513263226008
COSMOS 723
1  7718U 75024A   26145.33907910 -.00000061  00000-0  25287-4 0  9997
2  7718  64.7182 355.9890 0047983 340.3961  19.5254 13.89662812595606
ONEWEB-0587
1 54654U 22166N   26145.57705194 -.00000017  00000-0 -72461-4 0  9991
2 54654  87.9265 248.4654 0001639 105.3149 254.8166 13.21827464168698
ONEWEB-0115
1 48042U 21025A   26145.47478867  .00000228  00000-0  58872-3 0  9992
2 48042  87.8947 324.7475 0001803  89.5578 270.5757 13.13468839250612
DMC 2
1 35683U 09041C   26145.51571623  .00000305  00000-0  51549-4 0  9993
2 35683  97.8802 281.0412 0001499  77.0211 283.1167 14.75983583903227
COSMOS 970
1 10531U 77121A   26145.44877055 -.00000058  00000-0  24368-4 0  9997
2 10531  65.8528 215.3676 0149506 212.3045 146.8789 13.59867214796357
YUNHAI 2-2B
1 59281U 24052B   26145.40485395  .00000048  00000-0  83893-4 0  9991
2 59281  50.0087 119.0308 0004477 108.7073 251.4327 14.27964531113356
COSMOS 1480
1 14178U 83069H   26145.44304637 -.00000026  00000-0 -74138-4 0  9993
2 14178  74.0259 245.7394 0035768  48.1274  25.9345 12.43701652947110
COSMOS 1371
1 13241U 82051A   26145.37552658  .00000084  00000-0  40358-4 0  9992
2 13241  74.0428 289.0946 0012650  34.3996 325.7972 14.32607904296181
QIANFAN-22
1 61555U 24185D   26145.48661358  .00000149  00000-0  11770-3 0  9994
2 61555  88.9832  61.2938 0004996 197.2611 162.8391 13.86382022 91629
KUIPER-00141
1 65966U 25228V   26145.32953572  .00003772  00000-0  52330-3 0  9990
2 65966  51.9039   1.8048 0000749 106.5364 253.5680 14.79945909 34853
COSMOS 1566
1 15005U 84052H   26145.55464817 -.00000017  00000-0 -53887-5 0  9994
2 15005  74.0138  62.2414 0051490 165.1301   8.6599 12.57383948927264
COSMOS 2084
1 20663U 90055A   26145.15478506  .00001857  00000-0  14050-3 0  9994
2 20663  62.7894  74.6967 0006218 239.2809 120.7679 15.06003640947832
SDX02
1 62460U 24253B   26145.55484967  .00064444  00000-0  62017-3 0  9991
2 62460  54.9932  94.3338 0006469  98.4014 261.7760 15.65989599 78979
FLOCK 4Q 2
1 58320U 23174BS  26145.52394567  .00021721  00000-0  40978-3 0  9998
2 58320  97.3830 233.4445 0005991 203.3478 156.7501 15.48475324142090
GHGSAT-C4
1 52746U 22057Q   26145.49675231  .00006364  00000-0  19591-3 0  9992
2 52746  97.6492 289.1668 0006582 174.3167 185.8151 15.34005816222067
COSMOS 2538
1 44424U 19039D   26145.53530549  .00005961  00000-0  26973-3 0  9993
2 44424  97.5880 224.7788 0043791 122.7482 237.7985 15.20423077376463
MACSAT 2 (M 2)
1 20608U 90043B   26145.54226345  .00000752  00000-0  90691-4 0  9994
2 20608  89.7533 245.9018 0078956 250.2749 108.9946 14.80653269935048
SJ-12
1 36596U 10027A   26145.49540770  .00004244  00000-0  22155-3 0  9995
2 36596  97.7630 162.6531 0007123 160.8294 199.3207 15.16480263871429
COSMOS 1798
1 17142U 86092E   26145.32748135 -.00000023  00000-0 -45181-4 0  9991
2 17142  74.0137 222.1982 0028970 274.6222 150.5878 12.53475944807795
COSMOS 1162
1 11697U 80012G   26145.38974059 -.00000003  00000-0  93343-4 0  9998
2 11697  74.0207 294.1687 0029590  44.6109 342.8982 12.42742425 99661
IRIDIUM 107
1 42960U 17061F   26145.40118826  .00000062  00000-0  14966-4 0  9992
2 42960  86.3990  34.7951 0002300  78.4005 281.7449 14.34218130451558
HULIANWANG DIGUI-37
1 64958U 25159C   26145.49979561  .00000075  00000-0  13946-3 0  9990
2 64958  86.4885 289.9673 0001943  97.1890 262.9465 13.24406717 40124
TIANMU-1 21
1 58662U 23208C   26145.49470740  .00009287  00000-0  27910-3 0  9993
2 58662  97.4475 264.8845 0007894  48.4565 311.7354 15.34604872134082
ONEWEB-0090
1 45427U 20020D   26145.40021833 -.00000241  00000-0 -71520-3 0  9992
2 45427  87.8920  25.6038 0001718  81.6137 278.5186 13.11418239299689
ONEWEB-0267
1 48985U 21060U   26145.49366606 -.00000007  00000-0 -51460-4 0  9990
2 48985  87.9106 233.2768 0001877  94.9151 265.2195 13.16593244236605
COSMOS 2190
1 21979U 92030D   26145.52283689 -.00000022  00000-0 -36079-4 0  9998
2 21979  74.0032 247.0246 0031220 141.0933 230.3878 12.52285539553118
BB 2
1 56170U 23050J   26145.47021898  .00000362  00000-0  20136-3 0  9992
2 56170  81.0008 101.1778 0010695   6.9386 353.1930 14.09231015158471
ONEWEB-0270
1 48988U 21060X   26145.53641578  .00000068  00000-0  14361-3 0  9995
2 48988  87.9109 233.2799 0001623 100.0792 260.0522 13.16593524236680
COSMOS 1125
1 11510U 79078A   26145.43494885  .00000080  00000-0  37883-4 0  9993
2 11510  74.0342 216.9231 0011472  87.1429 273.1036 14.34123753442173
JAWSAT
1 26061U 00004A   26145.44971999  .00000469  00000-0  15091-3 0  9997
2 26061 100.2232 146.0139 0030987 295.6531  64.1454 14.45078830383647
ONEWEB-0574
1 56063U 23043T   26145.55854962  .00000063  00000-0  12010-3 0  9990
2 56063  87.9265 248.4744 0002168  98.2693 261.8687 13.21826717155283
YAOGAN-30 G
1 43081U 17085A   26145.49609064  .00002539  00000-0  18911-3 0  9995
2 43081  34.9962 288.3447 0005447 308.6051  51.4169 15.02572086459303
HYDRA-3
1 69022U 26100AU  26145.45880157  .00005753  00000-0  27294-3 0  9991
2 69022  97.4050  43.6602 0006900  76.6841 283.5163 15.19635571  3356
NADEZHDA 1
1 20103U 89050A   26145.48574534  .00000068  00000-0  54615-4 0  9995
2 20103  82.9596 318.2376 0037711 169.1873 206.3727 13.74849857850333
ONEWEB-0524
1 54142U 22138AF  26145.36792447 -.00000107  00000-0 -29562-3 0  9999
2 54142  87.9176 278.9868 0001691 127.6752 232.4535 13.20770444176292
SMDC ONE 2.3
1 39474U 13072N   26145.49035826  .00090443  00000-0  10002-2 0  9990
2 39474 120.4513  44.1666 0070040  28.5192 331.9708 15.59350197114035
NIMBUS 6
1  7924U 75052A   26145.53312505 -.00000043  00000-0  25973-5 0  9992
2  7924 100.0050  58.0574 0007167 279.2442 254.3936 13.40822418493090
COSMOS 943
1 10289U 77079E   26145.43988972 -.00000020  00000-0 -28309-4 0  9998
2 10289  74.0248 260.7254 0007954 242.4118 182.0013 12.52098308202939
YAOGAN-31 E
1 47533U 21007B   26145.52420317 -.00000204  00000-0 -17541-3 0  9993
2 47533  63.4023 200.3685 0174460   0.5459 359.5726 13.45445973261181
COSMOS 2330
1 23792U 96009F   26145.52386519  .00000034  00000-0  13056-3 0  9999
2 23792  82.5824 358.3344 0012244 126.3653 233.8569 12.60976733392782
GOSAT (IBUKI)
1 33492U 09002A   26145.57006404  .00000173  00000-0  39001-4 0  9994
2 33492  98.0867 256.9373 0001534  98.7605 261.3773 14.67538852928146
NOAA 16
1 26536U 00055A   26145.52060396  .00000060  00000-0  53430-4 0  9996
2 26536  98.4631 160.9974 0010611  13.3097 346.8355 14.13916603620526
KOMPSAT
1 26032U 99070A   26145.54133641  .00000933  00000-0  14128-3 0  9997
2 26032  98.3020 316.6413 0003508 358.2812   1.8384 14.76670035690510
HJS-7D
1 65620U 25209D   26145.49466781 -.00000045  00000-0  14899-3 0  9994
2 65620  50.0002  81.6887 0005409 326.2463  33.8070 13.41468745 34595
CAS500-1
1 47932U 21022A   26145.55131088  .00005664  00000-0  26460-3 0  9993
2 47932  97.3926  41.2590 0006026  26.9579 333.1968 15.20183181287321
AETHER-5
1 67376U 26004P   26145.45959227  .00000596  00000-0  73697-4 0  9998
2 67376  97.8037 144.4272 0003141 182.0098 178.1106 14.86342258 19913
NUSAT-51 (YVONNE BRILL)
1 66740U 25276CC  26145.44863107  .00005691  00000-0  26767-3 0  9998
2 66740  97.4212 219.4810 0004723  83.5729 276.6044 15.19952291 26972
GITAI-SC1
1 62388U 24247M   26145.19816713  .00005077  00000-0  23637-3 0  9993
2 62388  45.0015  75.9221 0000597 283.5182  76.5632 15.21095480 79235
ONEWEB-0215
1 48800U 21045AK  26145.36338941 -.00000068  00000-0 -21404-3 0  9997
2 48800  87.8999 263.7261 0001267  87.2631 272.8644 13.15549419241295
COSMOS 2180
1 21875U 92008A   26145.53331529  .00000031  00000-0  16345-4 0  9998
2 21875  82.9276 238.2907 0038265  36.3827 334.9287 13.73962104717718
ONEWEB-0668
1 56711U 23068B   26145.24983445  .00000068  00000-0  14368-3 0  9995
2 56711  87.9111 233.3258 0002287 112.8642 247.2730 13.16592643148769
LARES
1 38077U 12006A   26145.57638640 -.00000040  00000-0 -11852-4 0  9998
2 38077  69.4904 330.8680 0006731  53.5640 306.6006 12.54932082654234
KUIPER-00453
1 68947U 26098AE  26145.48838594  .00035665  00000-0  10006-2 0  9990
2 68947  51.8742 176.8825 0003896 103.5878 256.5542 15.36227532  3860
ONEWEB-0597
1 54663U 22166X   26145.57873830 -.00000038  00000-0 -12236-3 0  9990
2 54663  87.9252 248.4861 0002071  98.3258 261.8111 13.21825599168557
KUIPER-00009
1 63725U 25088B   26145.32975939  .00001317  00000-0  20158-3 0  9992
2 63725  51.9019 126.7250 0000297  40.3776 319.7208 14.79952569 59144
YAOGAN 16C
1 39013U 12066C   26145.51630468  .00000122  00000-0  20269-3 0  9999
2 39013  63.3564 348.0720 0433991  26.2730 335.9618 13.45504310663082
RAPIDEYE 3
1 33315U 08040D   26145.32470441  .00001347  00000-0  94353-4 0  9993
2 33315  97.3843 176.4262 0012278 112.4016 247.8514 15.06785783962833
UWE-3
1 39446U 13066AG  26145.42164724  .00004908  00000-0  42318-3 0  9992
2 39446  97.8683 101.3475 0050292  37.5590 322.9127 14.96798686674172
GJZ 05
1 62294U 24238E   26145.51666656 -.00000047  00000-0  74813-4 0  9990
2 62294  59.9133 339.5979 0013728 357.3194   2.7738 13.75188239 72792
PAYLOAD A
1 39208U 13037A   26145.47507756  .00000475  00000-0  83229-4 0  9999
2 39208  98.0885 148.8294 0007018 210.2420 149.8383 14.72254182688863
USA 121
1 23908U 96029C   26145.55365345  .00000602  00000-0  11872-3 0  9992
2 23908  63.3191 250.8323 0850201  49.1294 318.0303 13.46178486100327
BIOMASS
1 63772U 25090A   26145.39697143  .00000477  00000-0  92579-4 0  9995
2 63772  98.0744 333.0438 0001417  90.0658 270.0709 14.67535428 57343
KUIPER-00156
1 65775U 25217P   26145.11217902  .00000617  00000-0  10997-3 0  9991
2 65775  51.9035  47.7053 0000792 101.4410 258.6641 14.79932070 36430
FLOCK 4BE 25
1 60487U 24149V   26145.19372271  .00013581  00000-0  36355-3 0  9998
2 60487  97.3796 228.1994 0001724  31.4798 328.6550 15.38147854 98708
IRIDIUM 108
1 41924U 17003H   26145.49975089 -.00000006  00000-0 -93272-5 0  9996
2 41924  86.3965  66.2451 0002045  85.0493 275.0936 14.34217435491856
QIANFAN-83
1 63169U 25046L   26145.45199669  .00000098  00000-0  11099-3 0  9999
2 63169  88.9693 302.3999 0013642   0.1924 359.9236 13.62036399 69887
PACE
1 58928U 24025A   26145.52835355  .00000368  00000-0  76565-4 0  9999
2 58928  98.0952  77.1809 0001833  11.6714 348.4531 14.65521288122616
TIGER-7
1 59141U 24043AV  26145.38389623  .00012915  00000-0  24929-3 0  9990
2 59141  97.5458 295.3586 0004800 248.6750 111.3988 15.47943534124443
COSMOS 568
1 06679U 73037E   26145.37140677 -.00000012  00000-0  21210-4 0  9995
2 06679  74.0184 273.8695 0067050  95.4024 325.9005 12.58953808433896
ONEWEB-0192
1 48222U 21031N   26145.63702668  .00000316  00000-0  81858-3 0  9994
2 48222  87.8934 294.2024 0001717  98.5727 261.5597 13.14503633245214
FLOCK 4G 33
1 62685U 25009CE  26145.15634726  .00006027  00000-0  24316-3 0  9999
2 62685  97.3948 225.2964 0006719  62.8118 297.3804 15.25151826 75290
OSCAR 27
1 18361U 87080A   26145.36925189  .00000103  00000-0  15383-3 0  9990
2 18361  90.3715  85.3029 0105615 115.2637 245.9500 13.44937413897565
IRS B3
1 23827U 96017A   26145.46670900  .00000096  00000-0  62700-4 0  9999
2 23827  99.0294 168.3549 0003577  23.5212 336.6128 14.23727405566630
IRIDE FM7
1 66701U 25276AM  26145.14357173  .00007188  00000-0  33757-3 0  9993
2 66701  97.4221 219.1437 0005960  86.1865 274.0051 15.19909021 26923
COSMOS 409
1 05180U 71038A   26145.17142406 -.00000236  00000-0 -55388-3 0  9991
2 05180  74.0034  48.1664 0023415 300.8183 213.6677 13.17844122649218
RIDESHARE ADAPTER
1 47435U 21006Y   26145.57325581  .00013547  00000-0  28406-3 0  9999
2 47435  97.2230 199.6829 0005791 230.7948 129.2788 15.45498215296656
COSMOS 990
1 10676U 78019A   26145.42152570  .00000097  00000-0  41236-4 0  9995
2 10676  74.0377 192.9060 0016127 175.4729 184.6573 14.37238408526758
SAUDICOMSAT 4
1 31127U 07012L   26145.40308475  .00000556  00000-0  11192-3 0  9996
2 31127  98.3971 117.5114 0062774 330.7230  29.0459 14.64481601 17953
SPACEMOBILE-002
1 61048U 24163D   26145.05091170  .00006616  00000-0  31115-3 0  9999
2 61048  52.9788  55.5318 0008921  55.8776 304.3063 15.20727766 94246
ONEWEB-0606
1 54670U 22166AE  26145.52659471  .00000072  00000-0  14313-3 0  9990
2 54670  87.9252 248.5084 0001835 102.9638 257.1701 13.21824807168570
QIANFAN-25
1 61558U 24185G   26145.48244235  .00000407  00000-0  23933-3 0  9999
2 61558  88.9834  59.6454 0010817 166.5384 193.6089 14.06056338 92519
ISS (UNITY)
1 25575U 98069F   26145.42220529  .00009654  00000-0  18076-3 0  9999
2 25575  51.6330  52.7989 0007470  96.3597 263.8242 15.49365963567951
LILIUM-1
1 58467U 23185F   26145.52103894  .00812297  32912-3  13129-2 0  9996
2 58467  97.3217 229.2368 0010771 238.7279 121.2947 16.03421006139010
SPACEVAN-001
1 58295U 23174AR  26145.46398979  .00015137  00000-0  20386-3 0  9998
2 58295  97.3988 241.6355 0009013 150.8757 209.3003 15.57897283142602
YAOGAN 21
1 40143U 14053A   26145.54273358  .00008954  00000-0  35054-3 0  9996
2 40143  97.1491 186.7554 0008716 160.4024 199.7552 15.25990120651509
COSMOS 1691
1 16139U 85094B   26145.40982845  .00000033  00000-0  12290-3 0  9997
2 16139  82.6102 304.3884 0000839 119.8479 267.7865 12.62475403872361
HEAD-1
1 43011U 17072B   26145.47987171  .00000283  00000-0  13100-3 0  9999
2 43011  98.9562 163.3806 0009178 214.8019 145.2562 14.28781479444117
OPS 9845 (DMSP 5D-2 F6)
1 13736U 82118A   26145.48602088  .00000155  00000-0  76104-4 0  9997
2 13736  98.5932 333.3871 0008256  39.7387 320.4399 14.30511250261768
ONEWEB-0592
1 54658U 22166S   26145.52827784  .00000142  00000-0  31195-3 0  9995
2 54658  87.9261 248.4708 0001994 100.5391 259.5967 13.21825174168448
SDA_1669
1 65979U 25230F   26145.53081389 -.00019368  00000-0 -17188-1 0  9998
2 65979  81.3012 232.5805 0002443 245.5162 114.5740 13.85028190 30682
COSMOS 846
1  9061U 76078A   26145.54801213  .00000046  00000-0  31706-4 0  9997
2  9061  82.9316  77.5205 0039987 239.6917 293.3765 13.76651003772111
COSMOS 338
1  4385U 70036C   26145.51934725 -.00000031  00000-0 -10967-3 0  9992
2  4385  74.0292 240.1749 0031496  96.3299 276.6611 12.43373498545179
HAMMER
1 59148U 24043BC  26145.48734584  .00046180  00000-0  85151-3 0  9993
2 59148  97.5423 293.1853 0005709 255.8518 104.2098 15.48981310124297
LANDSAT 7
1 25682U 99020A   26145.50154994  .00000362  00000-0  77666-4 0  9995
2 25682  97.8581 150.1777 0001621 101.2491  59.9398 14.63894101442526
COSMOS 1000
1 10776U 78034A   26145.35204463  .00000049  00000-0  35199-4 0  9992
2 10776  82.9442   5.1917 0033872 207.0057 326.8376 13.75613233416223
COSMOS 1855
1 18116U 87051D   26145.40139076  .00000006  00000-0  14286-3 0  9996
2 18116  74.0038 308.1886 0019625 347.0808  36.1549 12.50732706777965
COSMOS 1513
1 14546U 83120A   26145.57603473  .00000043  00000-0  29966-4 0  9990
2 14546  82.9393 249.2374 0037507 322.7211  47.9851 13.74463275129207
COSMOS 1538
1 14759U 84019A   26145.43330546  .00000110  00000-0  48008-4 0  9990
2 14759  74.0397 320.9664 0020029 116.5381 243.7828 14.34516104209707
IRIDIUM 116
1 43072U 17083C   26145.47045295 -.00000031  00000-0 -18269-4 0  9995
2 43072  86.3950 331.5031 0001765  83.3616 276.7780 14.34217741440910
ONEWEB-0242
1 48772U 21045F   26145.38082103  .00000159  00000-0  38814-3 0  9995
2 48772  87.9000 263.7304 0001862  94.4954 265.6389 13.15547382241422
ONEWEB-0083
1 45435U 20020M   26145.39512972 -.00000421  00000-0 -12248-2 0  9999
2 45435  87.8918  25.5931 0001734  79.9533 280.1790 13.11416695299688
COSMOS 2188
1 21977U 92030B   26145.28313997 -.00000008  00000-0  51759-4 0  9990
2 21977  74.0033  83.7165 0058491 302.4696 211.0130 12.57553382559594
ZY 3 2
1 41556U 16033A   26145.49814340  .00005262  00000-0  23839-3 0  9998
2 41556  97.3838 221.7068 0013007  15.7592 344.4046 15.21218556554530
ONEWEB-0650
1 55813U 23029T   26145.40850341  .00000142  00000-0  32330-3 0  9992
2 55813  87.9149 309.5172 0001347  89.8806 270.2481 13.19726228155896
CARTOSAT 2B
1 36795U 10035A   26145.46704139  .00000470  00000-0  71352-4 0  9994
2 36795  97.9968 196.1604 0010018 264.3113  95.6956 14.78627405856493
COSMOS 2406
1 28352U 04021A   26145.44768208 -.00000022  00000-0  13693-4 0  9995
2 28352  70.9926 147.0073 0009857 189.2076 170.8866 14.12132205131506
HULIANWANG DIGUI-30
1 64283U 25121A   26145.50365909  .00000049  00000-0  80378-4 0  9992
2 64283  86.5008  21.2156 0001730  88.5861 271.5471 13.24410343 47155
ORBCOMM FM 34
1 25986U 99065G   26145.34479221  .00000563  00000-0  23157-3 0  9994
2 25986  45.0392 276.4759 0004761 243.2045 116.8317 14.37914093384130
ONEWEB-0232
1 48781U 21045Q   26145.55671015  .00000144  00000-0  34977-3 0  9990
2 48781  87.9007 263.6910 0001844 102.1697 257.9639 13.15549362241671
ONEWEB-0554
1 56056U 23043L   26145.52217024  .00000050  00000-0  96907-4 0  9995
2 56056  87.9103 233.2834 0002272  96.0945 264.0445 13.16593429155978
ONEWEB-0296
1 49085U 21075L   26145.28652236 -.00000072  00000-0 -23466-3 0  9998
2 49085  87.8962 355.2195 0001835  97.1047 263.0291 13.12441025231577
KUIPER-00057
1 64517U 25134T   26145.58322970  .00003478  00000-0  48484-3 0  9995
2 64517  51.8989 250.5516 0000461 114.1919 245.9092 14.79943396 51491
GLOBALSTAR M046
1 25651U 99012C   26145.57091153 -.00000198  00000-0 -12074-2 0  9995
2 25651  52.0075  17.7693 0001335 190.3402 174.6338 12.09421630225092
GEESAT 4-05
1 65123U 25170E   26145.51851104  .00001262  00000-0  18510-3 0  9994
2 65123  49.9948 233.3774 0008247 234.3452 125.6719 14.82054552 43683
ONEWEB-0666
1 55826U 23029AG  26145.38139194 -.00000481  00000-0 -12158-2 0  9992
2 55826  87.9164 279.0215 0002091 119.0197 241.1146 13.20772200158141
ONEWEB-0279
1 48997U 21060AG  26145.24667716  .00000151  00000-0  36149-3 0  9996
2 48997  87.9108 233.3268 0001900  93.2596 266.8752 13.16593241236601
ORBCOMM-X
1 21576U 91050C   26145.40386073  .00000243  00000-0  84250-4 0  9997
2 21576  98.2967 209.2384 0002777 212.6282 147.4737 14.43565875831483
WISDOM-A
1 66688U 25276Y   26145.46982860  .00004998  00000-0  24142-3 0  9993
2 66688  97.4227 219.3377 0006547  82.9801 277.2178 15.19079077 26962
HULIANWANG DIGUI-40
1 65043U 25162A   26145.53710661 -.00000089  00000-0  75841-4 0  9998
2 65043  50.0011 347.1828 0000468  45.9299 314.1611 13.29323931 40339
COSMOS 2369
1 26069U 00006A   26145.53483333 -.00000063  00000-0 -82880-5 0  9991
2 26069  70.9976 358.9060 0012916 315.5808  44.4278 14.13896063620753
METEOR 2-17
1 18820U 88005A   26145.49889561  .00000044  00000-0  25410-4 0  9992
2 18820  82.5422 341.7442 0017315 140.1620 237.9665 13.85657371937047
EZIE-A
1 63247U 25052AP  26145.65789132  .00004661  00000-0  40878-3 0  9992
2 63247  97.6935  38.1800 0001054 300.8925  59.2193 14.97114616 65291
ONEWEB-0225
1 48799U 21045AJ  26145.39349707  .00000212  00000-0  52968-3 0  9997
2 48799  87.8990 263.7394 0001466  86.6349 273.4949 13.15547658241423
ONEWEB-0609
1 56070U 23043AA  26145.36417664 -.00000024  00000-0 -98382-4 0  9997
2 56070  87.8988 263.7600 0001879 102.4392 257.6948 13.15547635153435
SUPERVIEW NEO-2 06
1 68378U 26062B   26145.43429954  .00001504  00000-0  73599-4 0  9993
2 68378  97.4384 153.0680 0001565 114.8596 245.2801 15.19722869  9194
TEN-KOH 2
1 68261U 25241B   26145.06094151  .00007450  00000-0  32072-3 0  9994
2 68261  51.6618  69.6677 0006643  73.9925 286.1785 15.23568436 11380
FLYLAB 1
1 68472U 26067BJ  26145.88039662  .00001900  00000-0  19882-3 0  9999
2 68472  97.7621 104.4222 0005725 105.0959 255.0893 14.90786459  8401
GESAT GEN 1
1 62612U 25009D   26145.49957573  .00008934  00000-0  32801-3 0  9991
2 62612  97.4020 227.6824 0001893  81.5947 278.5507 15.28167941 75456
NISAR
1 65053U 25163A   26145.48296243  .00000134  00000-0  53522-4 0  9991
2 65053  98.4056 333.4798 0001217  89.6307 270.5022 14.42504418 43114
PROBA V
1 39159U 13021A   26145.41713460  .00000071  00000-0  49163-4 0  9993
2 39159  98.3574 125.1498 0003900 182.6159 177.5001 14.23591557677877
COSMOS 2162
1 21733U 91068F   26145.08129076  .00000020  00000-0  50340-4 0  9999
2 21733  82.5899 354.2941 0005907 269.3942 247.7736 12.62438709597024
KUIPER-00085
1 64831U 25151R   26145.18357784  .00000458  00000-0  89039-4 0  9997
2 64831  51.9029 309.8947 0000736 121.9746 238.1288 14.79931142 46807
COSMOS 2550
1 48865U 21056A   26145.65713551  .00004514  00000-0  14346-3 0  9991
2 48865  67.1415 168.0534 0008173 272.2958  87.7260 15.33713497275263
LEMUR 2 THERMORAPTOR
1 63354U 25061D   26145.40524737  .00004165  00000-0  23300-3 0  9992
2 63354  97.5684 121.6023 0018380 340.1306  19.9208 15.13884117 64169
ONEWEB-0229
1 48779U 21045N   26145.32060131  .00000174  00000-0  42886-3 0  9994
2 48779  87.8998 263.7451 0001888  95.8140 264.3206 13.15546948241406
LILIUM-2
1 66679U 25276P   26145.16658766  .00001904  00000-0  97390-4 0  9995
2 66679  97.4160 218.6733 0007730  89.0117 271.2003 15.17813739 26903
COSMOS 2143
1 21299U 91033A   26145.49032057  .00000037  00000-0  14524-3 0  9996
2 21299  82.5734 317.2941 0013938 104.1464 265.6581 12.63928224615706
KUIPER-00197
1 67769U 26030F   26145.50003471 -.01392873  00000-0 -10123+0 0  9995
2 67769  51.8971 209.4601 0003418   7.4812  73.2810 15.06612258  4841
KUIPER-00064
1 64524U 25134AA  26145.34148254  .00003536  00000-0  49252-3 0  9997
2 64524  51.9020 256.5873 0000502 107.0169 253.0848 14.79938939 51397
NNSS 19 (TRANSIT 19)
1 04507U 70067A   26145.48757634  .00000124  00000-0  15954-3 0  9992
2 04507  90.0172 234.6856 0172315 177.7428 182.4541 13.51358968744331
SHINSEI (MS-F2)
1 05485U 71080A   26145.44143105  .00000073  00000-0  81206-4 0  9999
2 05485  32.0558 201.5512 0639928 248.7048 104.4073 12.74250853546352
METEOR 2-12
1 15516U 85013A   26145.55328457  .00000032  00000-0  14675-4 0  9994
2 15516  82.5319 349.8619 0015269 348.0756  12.0041 13.85864954 88674
LILIUM-3
1 66770U 25276DJ  26145.63628516  .00002007  00000-0  98068-4 0  9997
2 66770  97.4249 219.7688 0001793  25.1604 334.9718 15.19387575 27007
YAOGAN-43 O1D
1 60461U 24148D   26145.54739128  .00006734  00000-0  23060-3 0  9997
2 60461  35.0042 292.3187 0003015 333.6597  26.3966 15.29514449 98812
EDISON-1
1 62610U 25009B   26145.18699452  .00012303  00000-0  41321-3 0  9996
2 62610  97.4003 227.7428 0005986  45.8761 314.2972 15.30977110 75432
ONEWEB-0325
1 49194U 21083J   26145.29974827  .00000000  00000-0 -33954-4 0  9996
2 49194  87.9161 340.0144 0001873  86.5776 273.5570 13.18686006226991
GONETS-M 25
1 54152U 22139C   26145.52210771  .00000014  00000-0  33885-4 0  9993
2 54152  82.5064   2.1315 0019707 281.1543  78.7321 12.42889313162833
PERSEUS M2
1 40037U 14033AD  26145.51460478  .00000870  00000-0  84128-4 0  9990
2 40037  97.9949  95.5971 0012540  20.5946 339.5777 14.95424271647396
ONEWEB-0125
1 47271U 20100P   26145.30347531 -.00000441  00000-0 -12601-2 0  9991
2 47271  87.8961 355.2049 0002103  85.8133 274.3235 13.12442841261638
COSMOS 2263
1 22802U 93059A   26145.38723104  .00000283  00000-0  17502-3 0  9997
2 22802  70.9290 300.5066 0023444   1.5697 358.5493 14.13655328686104
COSMOS 1641
1 15623U 85023G   26145.49513848 -.00000026  00000-0 -59915-4 0  9998
2 15623  74.0555 226.6497 0044129 312.2406  58.9945 12.54562670885884
PROTOMETHEE
1 58321U 23174BT  26145.46574017  .00003016  00000-0  10333-3 0  9991
2 58321  97.3774 224.0052 0005688 245.3590 114.7059 15.30974416141494
ONEWEB-0604
1 54668U 22166AC  26145.51145822  .00000016  00000-0  77878-5 0  9991
2 54668  87.9261 248.4834 0001902 100.6056 259.5292 13.21825357168441
ONEWEB-0336
1 49202U 21083S   26145.48155762  .00000315  00000-0  82699-3 0  9993
2 49202  87.8939 324.7519 0002132 100.0125 260.1244 13.13469235227930
ANTELSAT
1 40034U 14033AA  26145.38095001  .00004395  00000-0  44494-3 0  9995
2 40034  97.7754 301.4980 0044666 131.0525 229.4567 14.90719093642415
SUPERVIEW NEO-2 03
1 62079U 24218B   26145.40144477  .00000236  00000-0  14197-4 0  9997
2 62079  97.4393 153.0567 0001571  86.6868 273.4546 15.19719339 82980
COSMOS 1880
1 18339U 87074F   26145.64697110  .00000011  00000-0  19884-5 0  9999
2 18339  82.5603 277.2918 0008832 219.5569 151.3117 12.65536414788104
YAOGAN-43 O1J
1 60466U 24148J   26145.55639490  .00013992  00000-0  39208-3 0  9999
2 60466  34.9913 278.9035 0007403  52.0935 308.0452 15.35728808 98955
COSMOS 402
1  5105U 71025A   26145.48176669 -.00000069  00000-0  18713-4 0  9991
2  5105  64.9817 304.4358 0059331 278.4152 114.5913 13.73169863764913
COSMOS 1850
1 18095U 87049A   26145.35166852  .00000108  00000-0  47792-4 0  9997
2 18095  74.0380  98.6192 0013767 121.8978 238.3515 14.34125075 36639
ION SCV-007
1 55060U 23001BD  26145.44369259  .00000391  00000-0  61798-4 0  9990
2 55060  97.9016 208.9086 0013457  53.8020 306.4433 14.77528866182896
DUMMY MASS 1
1 24925U 97048A   26145.50306066  .00000315  00000-0  31761-4 0  9995
2 24925  86.3335 336.9298 0007479  30.8516 329.3147 14.87329496556000
FLOCK 4Q 34
1 58316U 23174BN  26145.51878499  .00160184  00000-0  13921-2 0  9997
2 58316  97.3806 238.5732 0008598 224.6122 135.4449 15.68530140142423
IRIDIUM 17
1 24870U 97034B   26145.32940858  .00000344  00000-0  10692-3 0  9993
2 24870  86.3939  90.9205 0002246  43.9667 316.1709 14.38174493512756
BRO-12
1 59108U 24043L   26145.49324685  .00001013  00000-0  93719-4 0  9993
2 59108  97.8447 276.6035 0009428  73.3799 286.8457 14.96772813121242
USA 58
1 20562U 90031C   26145.31955248  .00000618  00000-0  83633-4 0  9995
2 20562  89.8580 263.6950 0063779  27.6102 332.8482 14.76410885110271
METEOR 1-10
1  5731U 71120A   26145.45328035  .00000122  00000-0  59608-4 0  9992
2  5731  81.2609  42.5508 0024467 119.9489 240.4117 14.11886306792906
METEOR 2-8
1 13113U 82025A   26145.44348801  .00000064  00000-0  43038-4 0  9998
2 13113  82.5372 116.2989 0016778 304.3659 206.6756 13.85597618232498
TIANQI 31
1 61197U 24170C   26145.52114397  .00000051  00000-0  12259-3 0  9996
2 61197  44.8617 238.4190 0007708 320.6731  39.3540 13.99131327 85777
COSMOS 1176
1 11788U 80034A   26145.52232625 -.00000076  00000-0  12428-4 0  9990
2 11788  64.8292  72.8219 0061909 282.7038  76.7109 13.93144663338668
COSMOS 830
1 08894U 76054F   26145.39144487  .00000007  00000-0  15984-3 0  9996
2 08894  73.9979 124.1359 0015761 352.5819 161.9781 12.46260448272037
ONEWEB-0335
1 49201U 21083R   26145.43416330 -.00000077  00000-0 -24532-3 0  9997
2 49201  87.8942 324.7655 0001952  94.2728 265.8624 13.13468786227930
DOJO
1 65302U 25185F   26145.20822265  .00009113  00000-0  12410-2 0  9996
2 65302  97.9642 228.8127 0016931 150.7365 209.4798 14.78844433 40449
GLOBALSTAR M036
1 25623U 99004C   26145.48509547 -.00000202  00000-0 -17335-2 0  9997
2 25623  51.9984  58.0689 0010966 353.2320 177.7842 11.86625386219613
YAOGAN-30 V
1 46808U 20076B   26145.50168135  .00002263  00000-0  16877-3 0  9993
2 46808  34.9938 229.2496 0000950 213.0089 147.0560 15.02595166304814
YAOGAN 9C
1 36415U 10009C   26145.14176127  .00000067  00000-0  11133-3 0  9991
2 36415  63.3669  58.0052 0537125  21.0550 341.1702 13.45706360796803
GLOBALSTAR M038
1 25624U 99004D   26145.50339014 -.00000065  00000-0  24991-3 0  9994
2 25624  51.9942 165.7222 0001567  46.0356 118.8811 12.32545571244585
GPM
1 39574U 14009C   26145.49049514  .00010404  00000-0  22302-3 0  9997
2 39574  64.9738  24.1992 0011872 266.1031  93.8753 15.45128654694300
SHIYAN 30-04
1 68140U 26048B   26145.47284534  .00001785  00000-0  17660-3 0  9998
2 68140  34.9925  43.9567 0002990 184.5162 175.5516 14.91721732 10978
COSMOS 510
1 06123U 72057G   26145.56367411 -.00000011  00000-0  31005-4 0  9990
2 06123  74.0278  81.1832 0008930 344.6846 188.4116 12.41074618439504
DAQI 1
1 52257U 22039A   26145.49307782  .00000185  00000-0  50513-4 0  9997
2 52257  98.1472  84.8152 0003371 348.8548  11.2576 14.57660838218636
YAM-16
1 68992U 26100N   26145.47401310  .00001449  00000-0  15081-3 0  9997
2 68992  97.7394  43.3426 0002502 192.9786 167.1368 14.91355792  3313
HULIANWANG DIGUI-62
1 65168U 25174E   26145.55650939  .00000054  00000-0  91387-4 0  9996
2 65168  86.4901 259.5127 0001907  91.1981 268.9372 13.24406003 37799
UND ROADS 1
1 64535U 25135H   26145.26323141  .00005831  00000-0  25713-3 0  9997
2 64535  97.4647 260.4635 0003124 250.0479 110.0420 15.22170438 51372
SAUDISAT 5B
1 43833U 18102C   26145.52779131  .00004846  00000-0  17965-3 0  9999
2 43833  97.3186 210.5766 0009618 207.8576 152.2150 15.28045944412334
COSMOS 2530
1 43751U 18097A   26145.51547463  .00000011  00000-0  32823-5 0  9993
2 43751  82.5147 236.3492 0020769  86.9550 273.3906 12.42880745339472
KUIPER-00012
1 63728U 25088E   26145.22705187  .00001875  00000-0  27487-3 0  9991
2 63728  51.9015  97.1394 0000668 100.8251 259.2787 14.79936723 59251
ONEWEB-0239
1 48802U 21045AM  26145.30158731  .00000111  00000-0  26068-3 0  9998
2 48802  87.8987 263.7626 0001059  96.6292 263.4959 13.15547050241334
RASSVET-3 1
1 68360U 26061A   26145.17829634  .00073524  00000-0  29628-3 0  9997
2 68360  82.2957  38.1076 0006907 183.3818 176.7406 15.86112360  9910
ICEYE-X25
1 56963U 23084AH  26145.53446140  .00040211  00000-0  53093-3 0  9992
2 56963  97.5857 290.2566 0002587  39.8406 320.3039 15.58274366164440
COSMOS 2594
1 65270U 25182D   26145.46231759  .00001387  18512-5  48089-5 0  9998
2 65270  96.5883  77.0231 0004923 163.5207 196.6232 15.96145566 44086
FOSSASAT2E18 (TAT-A)
1 62686U 25009CF  26145.49941361  .00002578  00000-0  11964-3 0  9995
2 62686  97.3973 224.2449 0007441  65.0465 295.1543 15.20907940 75241
GEESAT 4-03
1 65121U 25170C   26145.49355106  .00001435  00000-0  19756-3 0  9995
2 65121  49.9933 279.3329 0020394 333.8645  26.1263 14.83970924 43069
QIANFAN-81
1 63167U 25046J   26145.46663378  .00000003  00000-0 -13727-4 0  9999
2 63167  88.9687 302.9008 0015019  16.2568 343.9062 13.51013395 69594
ONEWEB-0533
1 55141U 23004B   26145.28130859  .00000165  00000-0  42197-3 0  9997
2 55141  87.8962 355.2259 0001958  83.2110 276.9241 13.12441139165054
NANOSAT(1)
1 28493U 04049B   26145.31955334  .00000903  00000-0  12640-3 0  9992
2 28493  98.2245 281.4263 0004288  24.8121 335.3295 14.80105619152063
HULIANWANG DIGUI-109
1 66919U 25285E   26145.51327050 -.00000093  00000-0  67438-4 0  9999
2 66919  50.0067 227.2759 0001019 216.5331 143.5472 13.29336858 23051
OXP 1
1 22489U 93009A   26145.53750058  .00000433  00000-0  65909-4 0  9990
2 22489  24.9661 334.1825 0039381 293.7022  65.9358 14.47088849757907
COSMOS 2610
1 68758U 26083F   26145.62124801  .00001638  00000-0  11543-3 0  9990
2 68758  97.8020 283.2919 0011824 126.5094 233.7223 15.06400195  5805
KUIPER-00357
1 68866U 26095C   26145.84323439  .00029645  00000-0  77683-3 0  9990
2 68866  51.8832 350.2892 0003380 181.9288 178.1687 15.38437793  4296
DRISHTI
1 69010U 26100AG  26145.51439640  .00002391  00000-0  11309-3 0  9997
2 69010  97.4065  43.7444 0007083 103.4765 256.7260 15.20318175  3362
COSMOS 2587
1 63290U 25054C   26145.54728909  .00000017  00000-0  52927-4 0  9995
2 63290  82.4966  92.7951 0016177  62.4362 297.8358 12.42892126 54047
HULIANWANG DIGUI-54
1 65111U 25168F   26145.47385118 -.00000068  00000-0  12177-3 0  9997
2 65111  50.0002  46.8154 0011096  29.0664 331.0823 13.29321737 39678
COSMOS 2494 (SKRL 756)
1 39491U 13078B   26145.47463071  .00002778  00000-0  19509-3 0  9996
2 39491  82.4106 272.8876 0014429 282.5517  77.4095 15.04698535675397
KUIPER-00178
1 67767U 26030D   26145.51367109  .00001487  00000-0  24220-3 0  9997
2 67767  51.8994 232.8274 0000424 100.7022 259.3986 14.76452651 16562
SDA_1677
1 65987U 25230P   26145.49250972  .00000095  00000-0  82332-4 0  9999
2 65987  81.3004 233.2757 0001119 142.8734 217.2497 13.78596037 30636
AIST 1
1 39492U 13078C   26145.48602693  .00001250  00000-0  10897-3 0  9998
2 39492  82.4141 292.8666 0016779 359.3688   0.7509 14.95994191671850
IRIDIUM 45
1 25104U 97082A   26145.23732607  .00032887  00000-0  70711-3 0  9993
2 25104  86.3520 239.4451 0083050 113.4509 247.5505 15.40800809504377
GONETS M 11 (M21)
1 40552U 15020A   26145.46903455  .00000079  00000-0  49809-3 0  9997
2 40552  82.4880  45.1458 0017354  52.9131 307.3532 12.42876417505911
ONEWEB-0193
1 48238U 21031AE  26145.38645984  .00000131  00000-0  32010-3 0  9991
2 48238  87.8941 294.2459 0001854  84.0913 276.0428 13.14501687245312
SPOT 6
1 38755U 12047A   26145.49069837  .00000389  00000-0  93516-4 0  9994
2 38755  98.2123 213.0640 0001310  96.0343 264.1006 14.58546891729740
GP-B
1 28230U 04014A   26145.22710557  .00000631  00000-0  75259-4 0  9993
2 28230  89.8524  50.6275 0002899  74.2781 285.8764 14.83246599648947
COSMOS 1244
1 12297U 81013A   26145.39603859  .00000052  00000-0  38956-4 0  9997
2 12297  82.9507 102.5292 0028943 254.1779 226.8540 13.75244741916131
APRIZESAT 1
1 28372U 04025G   26145.27481894  .00000198  00000-0  60951-4 0  9997
2 28372  98.6309 155.3763 0043740 223.7524 136.0201 14.51764156158582
WILDFIRE 5
1 57769U 23133N   26145.39592373  .00000031  00000-0  17665-4 0  9998
2 57769  81.0053  29.6830 0007188  71.7426 288.4512 13.85463778137870
FALCONSAT-10
1 58291U 23174AM  26145.17106232  .00004459  00000-0  16875-3 0  9994
2 58291  97.3806 221.4535 0006777 267.8240  92.2224 15.27436924141255
XINZHENGCHENG 01
1 68414U 26066C   26145.29768389  .00000834  00000-0  86033-4 0  9992
2 68414  84.9669 242.2926 0025099 338.2933  21.7224 14.88582232  8324
CORVUS BC1
1 42847U 17042Y   26145.40535904  .00003779  00000-0  26086-3 0  9998
2 42847  97.4075 308.4460 0012369 160.7800 199.3897 15.06293122483661
NOVA 3
1 15362U 84110A   26145.58881265  .00000074  00000-0  15728-3 0  9999
2 15362  90.1204  82.3791 0029691 236.1503 297.1325 13.23066554  8644
SKYSAT C9
1 42989U 17068C   26145.64537258  .00012232  00000-0  29909-3 0  9994
2 42989  97.4392 283.0074 0008028 209.0792 151.0008 15.40923067479281
COSMOS 591
1 06848U 73069D   26145.36476413  .00000010  00000-0  14510-3 0  9998
2 06848  73.9991 109.9222 0089163 155.3952 358.5690 12.61752541424626
SJ-30B
1 66546U 25266B   26145.62015727  .00008044  00000-0  43662-3 0  9996
2 66546  51.7970 285.0839 0009012 175.6156 184.4901 15.15350244 28430
FLOCK 4H 28
1 66731U 25276BT  26145.45462401  .00005660  00000-0  27090-3 0  9997
2 66731  97.4183 219.2494 0006179  94.4694 265.7246 15.19343703 26968
QIANFAN-11
1 60389U 24140L   26145.47974360  .00000032  00000-0  30912-4 0  9999
2 60389  88.9654 282.1786 0016279  87.1754 273.1260 13.51006025 89224
GUANGCHUAN 02
1 62112U 24221B   26145.47591119  .00003333  00000-0  19508-3 0  9996
2 62112  49.9418 272.6471 0006867 254.3965 105.6228 15.14430975 82732
GLOBALSTAR M015
1 25308U 98023C   26145.40379929 -.00000066  00000-0  17991-3 0  9994
2 25308  51.9798 197.5991 0012815 323.2727  48.6931 11.48864478233418
ONEWEB-0591
1 54657U 22166R   26145.52491325  .00000093  00000-0  19282-3 0  9990
2 54657  87.9252 248.4955 0002029 102.0281 258.1080 13.21825303168564
BB4
1 57757U 23133B   26145.61120644  .00000437  00000-0  16801-3 0  9998
2 57757  80.9917  23.4396 0010376  48.4206 311.7862 14.28954025138230
LEMUR-2-LAILA
1 66776U 25276DQ  26145.46024054  .00005424  00000-0  24789-3 0  9995
2 66776  97.4179 219.6880 0000683 147.0721 213.0558 15.20975697 26995
HULIANWANG DIGUI-07
1 62329U 24240G   26145.51510030  .00000073  00000-0  13585-3 0  9992
2 62329  86.4952 350.6105 0001448  82.9070 277.2229 13.24408409 69642
FLOCK 4H 33
1 66736U 25276BY  26145.11024386  .00004674  00000-0  21625-3 0  9993
2 66736  97.4226 219.3514 0002915  50.6637 309.4857 15.20617933 26932
TIGER-8
1 59120U 24043Y   26145.34802362  .00008951  00000-0  19686-3 0  9992
2 59120  97.5517 293.0883 0006037 287.8398  72.2191 15.44218740124260
ONEWEB-0112
1 48051U 21025K   26145.48494858  .00000333  00000-0  87700-3 0  9990
2 48051  87.8950 324.7298 0001545  93.4417 266.6889 13.13468692250617
NOAA 4
1  7529U 74089A   26145.53525197 -.00000022  00000-0  15148-3 0  9993
2  7529 102.0015 158.0839 0008673 238.3885 288.9998 12.53203367356682
FLOCK 4Q 11
1 58273U 23174T   26145.21716686  .00021001  00000-0  39549-3 0  9994
2 58273  97.3873 233.3874 0005226 226.4559 133.6258 15.48537971142030
TEMISAT
1 22783U 93055B   26145.42708597  .00000054  00000-0  35786-4 0  9996
2 22783  82.5498 316.0169 0021469 272.8338  87.0365 13.83894454652563
COSMOS 1197
1 11880U 80058F   26145.39797424  .00000007  00000-0  15471-3 0  9990
2 11880  74.0150 153.1448 0012614  97.0599 263.1885 12.46011399 86694
HJS-7A
1 65617U 25209A   26145.50433458 -.00000078  00000-0  89523-4 0  9990
2 65617  49.9992  82.3999 0000998 345.9906  14.0943 13.41461437 34621
QIANFAN-105
1 66047U 25233Q   26145.23549670  .00000139  00000-0  19628-3 0  9994
2 66047  89.0043  45.2549 0002003  70.4066 289.7301 13.51008991 30242
ONEWEB-0368
1 49294U 21090R   26145.63731553  .00000121  00000-0  26528-3 0  9991
2 49294  87.9164 278.9489 0002104  79.4760 280.6610 13.20772146228000
LEMUR 2 ANDIS
1 42838U 17042P   26145.48656789  .00020865  00000-0  63868-3 0  9995
2 42838  97.3684 326.3402 0009914  89.7020 270.5359 15.33803298484978
COSMOS 1692
1 16140U 85094C   26145.27330497  .00000001  00000-0 -52227-4 0  9995
2 16140  82.6014 245.0999 0018542  60.8428 327.2484 12.64914622875480
ATHENA
1 46275U 20061D   26145.44648782  .00014045  00000-0  26737-3 0  9996
2 46275  97.1922 209.8668 0002552 103.1215 257.0321 15.48316951318636
SHIYAN 23 (SY-23)
1 59728U 24089A   26145.79257763  .00000537  00000-0  65891-4 0  9996
2 59728  97.7766 148.0348 0001836 270.5054  89.5952 14.87001264110513
ANSER-FLW2
1 58018U 23155C   26145.52319203  .00016421  00000-0  35787-3 0  9998
2 58018  97.5539 233.7013 0002339 145.7734 214.3665 15.44338558145451
CHUBUSAT 2
1 41338U 16012B   26145.30390437  .00004890  00000-0  21229-3 0  9996
2 41338  30.9970 111.5278 0008936 206.3105 153.7083 15.20609217564934
USA 18
1 16631U 86014H   26145.25560203  .00006796  00000-0  42078-3 0  9999
2 16631  63.2930  93.4944 0756620 112.0660 256.2472 13.91801932341167
ONEWEB-0149
1 48058U 21025S   26145.45785853 -.00000169  00000-0 -49835-3 0  9998
2 48058  87.8950 324.7500 0001981  95.1856 264.9499 13.13469269250507
GAOFEN 9 05
1 46232U 20058A   26145.53796441  .00009999  00000-0  33007-3 0  9991
2 46232  97.2104 186.4292 0008872 164.9900 195.1607 15.31560679320140
KINEIS-3B
1 61224U 24172E   26145.51988426  .00001689  00000-0  27503-3 0  9996
2 61224  98.0409 235.7793 0003135 124.5677 235.5827 14.72323511 90018
ONEWEB-0338
1 49204U 21083U   26145.38981697  .00000089  00000-0  18695-3 0  9991
2 49204  87.9164 278.9959 0001624  92.5244 267.6075 13.20773583233802
LEMUR 2 AHMED-ASRAR
1 60576U 24149DN  26145.20476758  .00011537  00000-0  67343-3 0  9994
2 60576  97.6994 230.0000 0003440  93.1624 267.0000 15.12094459 97091
ASUSAT
1 26065U 00004E   26145.54829482  .00000127  00000-0  60841-4 0  9996
2 26065 100.1943  81.9116 0036679  97.1559 263.3795 14.38225785380306
GEESAT 3-10
1 61020U 24159K   26145.47232007  .00001297  00000-0  18061-3 0  9991
2 61020  49.9983 188.5772 0003824  15.8402 344.2656 14.84137741 93134
COSMOS 1228
1 12107U 80102A   26145.47492635 -.00000001  00000-0  87340-4 0  9998
2 12107  73.9966 319.0845 0045264  13.7952  14.0787 12.58649241 86767
YAOGAN-43 02D
1 60948U 24156D   26145.56930530  .00007342  00000-0  30585-3 0  9994
2 60948  34.9928 340.1990 0002450  19.3083 340.7724 15.23014879 95994
YOUTHSAT
1 37388U 11015B   26145.43665752  .00000171  00000-0  89384-4 0  9998
2 37388  98.3670 120.5187 0015511  51.7628 112.8705 14.25619222784399
ONEWEB-0419
1 50494U 21132AB  26145.06492136  .00000010  00000-0 -71564-5 0  9990
2 50494  87.9171 340.0571 0001852  96.9411 263.1932 13.18664070218534
JILIN-01 GAOFEN 2A
1 44777U 19075A   26145.50815609  .00014236  00000-0  37506-3 0  9993
2 44777  97.4963 228.7801 0007307 154.1311 206.0301 15.38607433361394
CAPELLA-20 (ACADIA)
1 68485U 26067BX  26145.63285735  .00007113  00000-0  70231-3 0  9997
2 68485  97.7561 104.2542 0002883  57.8330 302.3169 14.92253816  8365
COSMOS 1829
1 17584U 87026C   26145.57654889  .00000004  00000-0 -35643-4 0  9998
2 17584  82.5715 247.0804 0000671  77.0999 283.0167 12.62720617806550
CSS (WENTIAN)
1 53239U 22085A   26145.51067809  .00014512  00000-0  17905-3 0  9991
2 53239  41.4679  99.9009 0011051 279.1269  80.8319 15.59810900288235
HULIANWANG DIGUI-165
1 68657U 26076B   26145.62775793  .00000074  00000-0  11985-3 0  9995
2 68657  86.4991  51.5150 0002783 124.4332 235.7071 13.33319808  6388
TIANHUI 4A
1 50572U 21134A   26145.51178596  .00007370  00000-0  14950-3 0  9999
2 50572  88.9704 325.9563 0009554 141.8834 218.3103 15.46151943246360
OSCAR 11 (UOSAT 2)
1 14781U 84021B   26145.40003914  .00001063  00000-0  11394-3 0  9996
2 14781  97.8044 111.2326 0006082 257.6923 102.3614 14.90719463253732
COSMOS 252
1 03530U 68097A   26145.46284162 -.00000057  00000-0  20327-4 0  9993
2 03530  62.3171 208.2310 1008932  50.6252 317.9810 12.88289793703020
ONEWEB-0575
1 56064U 23043U   26145.50949691  .00000054  00000-0  10856-3 0  9996
2 56064  87.9104 233.2703 0002469  98.7989 261.3422 13.16593245155980
QIANFAN-75
1 63161U 25046C   26145.47876774  .00000041  00000-0  44799-4 0  9994
2 63161  88.9691 303.1734 0016374  20.9417 339.2401 13.51003845 69451
SWISSCUBE
1 35932U 09051B   26145.24846163  .00000869  00000-0  18141-3 0  9990
2 35932  98.4052  52.7364 0005517 290.1938  69.8669 14.62429420885806
KUIPER-00511
1 68888U 26095AA  26145.60161193  .00032515  00000-0  88068-3 0  9994
2 68888  51.8778 351.6620 0006913 202.9460 157.1219 15.37352332  4252
NEMO-HD
1 46277U 20061F   26145.51639969  .00009940  00000-0  21944-3 0  9996
2 46277  97.1934 207.7048 0002726 107.6483 252.5064 15.44066939318480
ONEWEB-0056
1 45159U 20008AE  26145.45254562  .00000270  00000-0  73704-3 0  9998
2 45159  87.8864  40.7853 0001731  88.3107 271.8219 13.10370646305204
ICEYE-X59
1 66752U 25276CQ  26145.68409196  .00001838  00000-0  15269-3 0  9995
2 66752  97.4300 217.9672 0001791 122.6612 237.4785 14.99906397 26891
ZY-1 02E
1 50465U 21131A   26145.49317528  .00000161  00000-0  71243-4 0  9994
2 50465  98.4428 223.0640 0001305 126.5740 233.5566 14.35390696231167
KUIPER-00489
1 68880U 26095S   26145.29244459  .00022872  00000-0  65123-3 0  9990
2 68880  51.8760 353.3289 0009671 222.6815 137.3421 15.35971318  4201
ONEWEB-0039
1 45146U 20008R   26145.14891955  .00000420  00000-0  11673-2 0  9996
2 45146  87.8857  40.8541 0002313  74.9473 285.1910 13.10375755305146
KUIPER-00032
1 63745U 25088X   26145.90190171  .00014945  00000-0  38426-3 0  9993
2 63745  51.8683  10.1836 0004903  49.8340 310.3076 15.39476575 61437
SHIJIAN 6 03B (SJ-6 03B)
1 33409U 08053B   26145.54997987  .00000856  00000-0  65995-4 0  9998
2 33409  97.8573 165.0677 0020615 115.2320 245.1045 15.04222481959340
SEAHAWK-1
1 43820U 18099BQ  26145.59472796  .00008070  00000-0  35214-3 0  9994
2 43820  97.3976 198.4296 0008998  40.1075 320.0824 15.22372511409090
COSMOS 894
1  9846U 77013A   26145.40808697  .00000082  00000-0  70986-4 0  9999
2  9846  82.9414 114.0287 0028391 272.8389 197.4686 13.74207300469043
COSMOS 2014
1 19908U 89025G   26145.32560182  .00000000  00000-0  10903-3 0  9992
2 19908  74.0086 100.3306 0012753 182.5659 291.9527 12.46290069690998
FLOCK 4H 5
1 66708U 25276AU  26145.46887366  .00005895  00000-0  27432-3 0  9993
2 66708  97.4183 219.5357 0002143  84.2597 275.8883 15.20310835 26982
CSS (TIANHE-1)
1 48274U 21035A   26145.51067809  .00014512  00000-0  17905-3 0  9998
2 48274  41.4679  99.9009 0011051 279.1269  80.8319 15.59810900289622
ONEWEB-0448
1 51641U 22012V   26145.42113026 -.00000555  00000-0 -16274-2 0  9990
2 51641  87.8848  40.8133 0001881  77.5330 282.6007 13.10370139206319
ONEWEB-0058
1 45161U 20008AG  26145.45614256  .00000527  00000-0  14745-2 0  9995
2 45161  87.8855  40.8046 0001697  72.4569 287.6744 13.10376549305441
AETHER-10
1 67381U 26004U   26145.89407342  .00000678  00000-0  79296-4 0  9990
2 67381  97.8039 144.9502 0005117 178.2227 181.9009 14.88241544 19976
SZ-20 MODULE
1 67481U 25082C   26145.22028725  .00024688  00000-0  21992-3 0  9993
2 67481  41.4769  97.6571 0011371 195.4530 164.5965 15.67799502289628
COSMOS 729
1  7768U 75034A   26145.39754808  .00000063  00000-0  51749-4 0  9998
2  7768  82.9621 147.1188 0021902 224.4090 249.2683 13.73640779559902
QIANFAN-63
1 62793U 25016J   26145.44758360  .00000067  00000-0  84541-4 0  9995
2 62793  88.9734  86.0804 0013994 232.0320 127.9568 13.51004655 69375
HULIANWANG DIGUI-153
1 67529U 26013H   26145.54670466 -.00000090  00000-0  73990-4 0  9999
2 67529  50.0045  76.5318 0000918  29.0215 331.0708 13.29327941 17036
COSMOS 724
1  7727U 75025A   26145.25888566 -.00000040  00000-0  32695-4 0  9992
2  7727  65.5879 117.7958 0048399 137.5118 222.9717 13.99127615612487
OTB
1 44341U 19036C   26145.24591211  .00001152  00000-0  20300-3 0  9995
2 44341  23.9954 125.6470 0011234 112.3889 247.7794 14.57161568368021
HYPSO-2
1 60531U 24149BR  26145.16699759  .00002932  00000-0  24896-3 0  9993
2 60531  97.6839 221.7631 0002946  85.9605 274.1954 14.98667501 96605
SCISAT 1
1 27858U 03036A   26145.46796125  .00000449  00000-0  62019-4 0  9999
2 27858  73.9300 216.4811 0008641 283.7890  76.2324 14.81420246228089
IMPULSE-3 MIRA
1 66687U 25276X   26145.15010023  .00010036  00000-0  46242-3 0  9996
2 66687  97.4262 219.1502 0005393 217.0084 143.0780 15.20463363 26922
COSMOS 2127
1 21102U 91009C   26145.15155704 -.00000017  00000-0 -10922-4 0  9999
2 21102  74.0320  48.0383 0006479  13.1977 138.3368 12.48178692607535
COSMIC
1 66658U 25274J   26145.75983435  .00003757  00000-0  35600-3 0  9992
2 66658  97.7477  75.4868 0014537  90.5937 269.6949 14.94121674 26883
HERMES-2
1 63243U 25052AK  26145.38298736  .00016209  00000-0  56948-3 0  9999
2 63243  97.3919  40.4366 0004540 168.1106 192.0242 15.29452797 66538
SHIYAN 6 02 (SY-6 02)
1 45859U 20043A   26145.28573581  .00000227  00000-0  51478-4 0  9997
2 45859  98.1848 156.8408 0127640 298.4727  60.3665 14.60918963313518
KUIPER-00117
1 65949U 25228C   26145.61453250  .00001419  00000-0  21514-3 0  9997
2 65949  51.9017  17.9230 0000917 106.3495 253.7569 14.79935197 34655
ORBCOMM FM 29
1 33062U 08031C   26145.42429397  .00001116  00000-0  16351-3 0  9992
2 33062  48.4372 138.3889 0005042  52.8627 102.6203 14.82704391964906
BRITE-PL 2
1 40119U 14049B   26145.27503137  .00001735  00000-0  16598-3 0  9997
2 40119  97.9074 257.1032 0014023 179.8666 180.2560 14.94494037638022
EROS C3
1 54880U 22179A   26145.48103391  .00000476  00000-0  14864-4 0  9997
2 54880 139.3352 235.2502 0007207 177.0999 182.9850 15.10681461188890
GAOFEN 1-03
1 43260U 18031B   26145.50566668  .00000628  00000-0  97562-4 0  9997
2 43260  98.0528 207.9553 0003466 129.3881 230.7636 14.76489648439348
LEMUR 2 MARACHE-FRAN
1 63262U 25052BE  26145.65414938  .00006111  00000-0  49840-3 0  9998
2 63262  97.6928  39.5411 0006500  88.0151 272.1817 14.99798097 65382
GEESAT 2-10
1 58914U 24023K   26145.36236852  .00001030  00000-0  15240-3 0  9990
2 58914  49.9942  99.6947 0010063 271.7858  88.1927 14.83152778125524
UMBRA-09
1 60541U 24149CB  26145.18886789  .00018525  00000-0  93323-3 0  9993
2 60541  97.6922 232.0088 0001397 121.9439 238.1930 15.17229840 97231
COSMOS 414
1 05213U 71041D   26145.39120297 -.00000002  00000-0  87979-4 0  9992
2 05213  74.0150 295.0575 0042299 114.5300 274.0733 12.51148302514309
LEMUR 2 VALHALLA
1 58900U 24022B   26145.51765007  .00015188  00000-0  39606-3 0  9991
2 58900  97.4137 355.2480 0009450 185.0445 175.0707 15.38888551128782
COSMOS 447
1  5550U 71086D   26145.48174403 -.00000002  00000-0  87677-4 0  9998
2  5550  74.0290 339.2541 0066020 357.2632  16.5635 12.50623224493366
QIANFAN-91
1 66033U 25233A   26145.47002220  .00000125  00000-0  17531-3 0  9996
2 66033  89.0020  45.4848 0002102  67.9378 292.1996 13.51005713 30116
OSCAR 18 (WEBERSAT)
1 20441U 90005F   26145.33349259  .00000088  00000-0  48274-4 0  9996
2 20441  98.8737 173.1877 0010080 289.9321  89.2370 14.33983992898782
TIANMU-1 16
1 58701U 24004B   26145.53997984  .00005368  00000-0  20850-3 0  9993
2 58701  97.4622 330.9930 0007539  77.4776 282.7306 15.26475403132328
SDA_1683
1 65993U 25230V   26145.52012675  .00000117  00000-0  10326-3 0  9994
2 65993  81.3021 233.2181 0001257 114.3375 245.7910 13.79141736 30641
IRIDIUM 164
1 43577U 18061J   26145.49341426  .00000228  00000-0  74302-4 0  9995
2 43577  86.3969  66.2566 0002057  84.6214 275.5216 14.34219964410162
SJ-11-02
1 37765U 11039A   26145.30053307  .00000456  00000-0  95409-4 0  9997
2 37765  98.2651  35.2129 0010144 342.0939 133.8481 14.64450538790603
METOP-C
1 43689U 18087A   26145.47363962  .00000094  00000-0  62713-4 0  9998
2 43689  98.6655 205.4909 0000793 150.8530 209.2692 14.21505039391600
ZHEDA PIXING 1B
1 37166U 10047B   26145.48540694  .00002009  00000-0  20780-3 0  9994
2 37166  97.9467 123.5031 0019466   0.4649 359.6584 14.91119857847039
COSMOS 2034
1 20149U 89059A   26145.34051206  .00000038  00000-0  25075-4 0  9990
2 20149  82.9422 231.6898 0030084 310.0973 116.1387 13.73695374845978
JILIN-01-09
1 43943U 19005B   26145.47422691  .00004721  00000-0  22059-3 0  9996
2 43943  97.4724 240.6363 0003166 141.0558 219.0906 15.20277975405698
SINAH 1
1 28893U 05043D   26145.50210124  .00000278  00000-0  62305-4 0  9992
2 28893  98.2830 279.6947 0014127 352.6587   7.4406 14.64139420 97200
COSMOS 1898
1 18585U 87098A   26145.55911348  .00000107  00000-0  47153-4 0  9995
2 18585  74.0030 152.8799 0020202 157.4390 202.7655 14.34566398 12187
COSMOS 1231
1 12110U 80102D   26145.43444624 -.00000013  00000-0  18149-4 0  9997
2 12110  73.9961  20.3766 0036804  92.7845  79.8766 12.57137415 84261
KANOPUS-V 5
1 43876U 18111A   26145.52529890  .00002326  00000-0  10232-3 0  9992
2 43876  97.3597  51.4935 0001931  80.6294 279.5161 15.22856418411335
ESEO
1 43792U 18099AL  26145.56283378  .00001256  00000-0  94511-4 0  9990
2 43792  97.3994 183.9199 0013671  56.7493 303.5041 15.04169051408404
GLOBALSTAR M069
1 31573U 07020C   26145.47186030 -.00000061  00000-0  29454-3 0  9990
2 31573  52.0044 316.4189 0002673 102.1106 285.6120 12.23470544876026
LUMELITE 4
1 56309U 23057B   26145.49312352  .00010357  00000-0  40677-3 0  9990
2 56309   9.9919 232.3101 0004377 138.0254 222.0297 15.21502101170592
CO3D2
1 64902U 25156D   26145.44557419  .00004621  00000-0  21647-3 0  9993
2 64902  97.4327 224.3644 0001116 132.7972 227.3357 15.20195896 46072
MISR-C-2
1 68633U 26074G   26145.31023177  .00009501  00000-0  37805-3 0  9998
2 68633  60.0219 265.6350 0025195  15.7471 344.4388 15.25642100  7298
COSMOS 1086
1 11301U 79024F   26145.38149688  .00000001  00000-0  11616-3 0  9992
2 11301  74.0326  98.7260 0010218  25.1908 150.8324 12.47883497149807
ONEWEB-0642
1 55806U 23029L   26145.42903296  .00000054  00000-0  10369-3 0  9994
2 55806  87.9151 309.5141 0000976  85.5505 274.5739 13.19725873155903
LANDSAT 3
1 10702U 78026A   26145.39209985  .00000220  00000-0  18923-3 0  9996
2 10702  99.0665 100.9045 0014115 203.6127 279.9293 13.96995121458294
SS 2
1 10544U 77112E   26145.46267158  .00000252  00000-0  10367-3 0  9998
2 10544  63.3395  47.3367 0513686 162.0639 199.9313 13.91238838349233
METEOR 1-17
1 07274U 74025A   26145.45196606  .00000244  00000-0  13380-3 0  9991
2 07274  81.2097 319.3935 0019902  35.9314 324.3190 14.08902554675107
IRIDE-MS2-HEO-9
1 64585U 25135BK  26145.55907098  .00001413  00000-0  14536-3 0  9996
2 64585  97.7734 260.3951 0003000  87.3360 272.8202 14.91881245 50521
HELIOS 1B
1 25977U 99064A   26145.31483788  .00001162  00000-0  13320-3 0  9990
2 25977  98.1633  49.7916 0001874 121.2754 238.8646 14.87934159696650
EZIE-C
1 63249U 25052AR  26145.25066748  .00004421  00000-0  38821-3 0  9990
2 63249  97.6907  37.6805 0001453 330.4265  29.6874 14.97092360 65232
KUIPER-00294
1 68594U 26072X   26145.42782629  .00024365  00000-0  67982-3 0  9992
2 68594  51.8691 287.3547 0010383 304.9969  55.0042 15.36558513  7875
COSMOS 2115
1 21029U 90114B   26145.28209306  .00000009  00000-0 -10326-4 0  9993
2 21029  82.5692 226.4170 0002525 240.6103 183.3911 12.63532892633515
HYDROGNSS-1
1 66762U 25276DA  26145.62487981  .00003022  00000-0  18282-3 0  9993
2 66762  97.4206 218.7844 0012442 124.7917 235.4486 15.11317594 26945
KUIPER-00488
1 68879U 26095R   26145.29997943  .00023809  00000-0  68384-3 0  9994
2 68879  51.8687 353.3604 0010299 225.4480 134.5665 15.35667651  4206
ICEYE-X6
1 46497U 20068M   26145.51128470  .00002501  00000-0  18391-3 0  9995
2 46497  98.0979 138.1029 0007854 153.3631 206.7999 15.04382764309828
YUNYAO-1 44
1 63345U 25059B   26145.49019862  .00002639  00000-0  16212-3 0  9994
2 63345  97.6096 326.9392 0015695 232.1710 127.8100 15.10866895 64879
FLOCK 4H 19
1 66722U 25276BJ  26145.61764065  .00005367  00000-0  24698-3 0  9991
2 66722  97.4186 219.7966 0002311  56.3483 303.7973 15.20741917 26306
BRO-16
1 62654U 25009AX  26145.49005775  .00003933  00000-0  16657-3 0  9990
2 62654  97.4055 226.2573 0002852  58.0263 302.1251 15.23748476 75343
COSMOS 2166
1 21780U 91077B   26145.39294999  .00000019  00000-0  45851-4 0  9991
2 21780  82.5987 260.8335 0003305 191.3787 230.7183 12.63448476592299
YAOGAN 17A
1 39239U 13046A   26145.48660838 -.00000049  00000-0  40945-4 0  9991
2 39239  63.3841 148.7939 0424373  11.7573 349.2994 13.45501908625235
FIREFLY-3
1 62710U 25009DF  26145.45976253  .00000947  00000-0  96867-4 0  9991
2 62710  97.7060 224.0980 0002688 221.2297 138.8719 14.92819581 73949
GONETS M 21
1 47228U 20091B   26145.52118332  .00000091  00000-0  58824-3 0  9998
2 47228  82.4958 315.2502 0013879 242.4189 117.5481 12.42885746248252
COSMOS 683
1  7441U 74072G   26145.43872049 -.00000017  00000-0 -61585-5 0  9991
2  7441  74.0341 197.5252 0020967 325.6636  34.3061 12.53518672364801
SPEQTRE
1 66769U 25276DH  26145.45366170  .00004104  00000-0  19228-3 0  9990
2 66769  97.4212 219.6270 0000909  50.0734 310.0581 15.20257857 26980
TIANHUI 2-02A
1 49071U 21074A   26145.36945455  .00001509  00000-0  80378-4 0  9999
2 49071  97.4809 148.8977 0001797 112.7357 247.4066 15.16736538263818
COSMOS 2221
1 22236U 92080A   26145.13770707  .00001083  00000-0  93087-4 0  9997
2 22236  82.5047 205.8455 0012681 298.3205  61.6738 14.96465627792222
YAOGAN-35 05A
1 53760U 22109A   26145.38068837  .00008527  00000-0  35362-3 0  9990
2 53760  35.0057 122.3599 0004111 117.3723 242.7411 15.23137147207133
NINGXIA-1 6
1 49018U 21064A   26145.57712816  .00000151  00000-0  16367-3 0  9993
2 49018  45.0013 329.2442 0007568 123.0718 237.0846 14.08533008251023
SATGUS
1 62713U 25009DJ  26145.13200663  .00005897  00000-0  46785-3 0  9996
2 62713  97.6986 226.7284 0008623 179.1723 180.9517 15.00867455 74100
ONEWEB-0708
1 61613U 24188V   26145.40620635  .00000289  00000-0  79272-3 0  9993
2 61613  87.8850  40.8131 0002140  94.0315 266.1057 13.10371139 80319
COSMOS 2199
1 22036U 92042C   26145.40392748  .00000032  00000-0  12240-3 0  9992
2 22036  82.5977 295.0565 0011844  30.7693  28.8939 12.61051904558366
GAOFEN 9 03
1 45794U 20039A   26145.49691699  .00009458  00000-0  30807-3 0  9991
2 45794  97.5354 278.9793 0012339 157.3010 202.8779 15.31988357330285
LPNTSAT-001
1 68408U 26065A   26145.40798088  .00002699  00000-0  13399-3 0  9991
2 68408  97.4050  26.3982 0018293  84.6005 275.7316 15.18395861  8803
KUIPER-00405
1 68923U 26098E   26145.47731274  .00013656  00000-0  44420-3 0  9994
2 68923  51.8764 177.5448 0015010  67.4562 292.8009 15.32072966  3851
GMS-T
1 47346U 21004A   26145.51743721 -.00000009  00000-0 -45900-4 0  9992
2 47346  90.1296 241.5478 0004482 102.6651 257.4982 13.16658325256610
BLACKCAT
1 67369U 26004G   26145.95745523  .00001340  00000-0  15341-3 0  9996
2 67369  97.7981 144.7773 0006248 206.0910 153.9992 14.87581408 19986
YAOGAN-50
1 67433U 26006A   26145.44718542  .00000302  00000-0  10288-3 0  9997
2 67433 142.0350 105.8736 0000910 274.2240  85.8375 13.83243737 18287
COSMOS 783
1 08458U 75112A   26145.41041915  .00000091  00000-0  42114-4 0  9990
2 08458  74.0606  44.6470 0011350 125.7195 234.5015 14.33769342636923
HAMSAT
1 28650U 05017B   26145.45390312  .00004362  00000-0  27527-3 0  9990
2 28650  97.9920 167.5632 0021027 112.3581 247.9877 15.09486696143334
ONEWEB-0443
1 51637U 22012R   26145.36722948  .00000029  00000-0  41217-4 0  9998
2 51637  87.9153  10.4178 0002076  77.3945 282.7419 13.17650787210717
ONEWEB-0612
1 54675U 22166AK  26145.56190366 -.00000107  00000-0 -29035-3 0  9990
2 54675  87.9265 248.4720 0002160  98.7262 261.4117 13.21827430168442
GEESAT 5-08
1 65557U 25201H   26145.01572608  .00001179  00000-0  17176-3 0  9998
2 65557  49.9778 142.9712 0002073 234.3835 125.6910 14.82768213 38412
CANX-4
1 40055U 14034C   26145.25190849  .00000797  00000-0  10956-3 0  9999
2 40055  98.3152  19.7202 0014140  85.2781 275.0045 14.81214595641134
QIANFAN-57
1 62787U 25016C   26145.50530142  .00000104  00000-0  14221-3 0  9990
2 62787  88.9738  86.2235 0003033  68.1450 292.0024 13.51012544 69318
ONEWEB-0048
1 45153U 20008Y   26145.46597085  .00000697  00000-0  19602-2 0  9992
2 45153  87.8853  40.8109 0001777  77.6785 282.4542 13.10373861304831
COSMOS 2252
1 22687U 93038A   26145.53375889  .00000018  00000-0  41912-4 0  9994
2 22687  82.5829 242.4310 0008288  36.7436 333.9229 12.63332620517666
KUIPER-00254
1 68585U 26072N   26145.50003471 -.01146507  00000-0 -73217-1 0  9994
2 68585  51.8840 288.0193 0008599 308.4547 269.8022 15.11149440  5445
SARAL
1 39086U 13009A   26145.48555749  .00000087  00000-0  48034-4 0  9992
2 39086  98.5560 332.3405 0002032  27.9256 332.2037 14.32849603692354
OBSERVER-1A
1 58323U 23174BV  26145.52551956  .00011170  00000-0  30015-3 0  9996
2 58323  97.3940 229.1174 0006950 226.9489 133.1174 15.38060557141726
KUIPER-00128
1 65957U 25228L   26145.34981373  .00002207  00000-0  31833-3 0  9999
2 65957  51.9007  14.1323 0000911 106.8703 253.2359 14.79939981 34686
METEOR 3-1
1 16191U 85100A   26145.53593225  .00000152  00000-0  36081-3 0  9993
2 16191  82.5497  51.9838 0020901  55.6621 118.3411 13.17318004951356
GEESAT 6-04
1 65716U 25214E   26145.45681478  .00001572  00000-0  21745-3 0  9997
2 65716  49.9866  53.5351 0009277 137.4358 222.7300 14.83284422 36134
ONEWEB-0628
1 55169U 23004AF  26145.30517347 -.00000377  00000-0 -10822-2 0  9997
2 55169  87.8959 355.2035 0002465  91.1961 268.9450 13.12443044165036
CENTISPACE-1 S15
1 62584U 25007K   26145.45762006 -.00000034  00000-0  10087-3 0  9994
2 62584  54.9880  12.0461 0014588  37.6771 322.5205 13.80608736 71595
COSMOS 2507
1 40920U 15050A   26145.53279733  .00000041  00000-0  22080-3 0  9993
2 40920  82.4905  93.7734 0011008  43.0836 317.1103 12.42926272484045
WILDFIRE 9
1 57765U 23133J   26145.38255383 -.00000006  00000-0 -15335-4 0  9996
2 57765  81.0047  29.8451 0007012  74.7321 285.4610 13.85387153137860
GENMAT-1
1 58276U 23174W   26145.16474292  .00009759  00000-0  29740-3 0  9993
2 58276  97.3673 223.0269 0005141 262.5357  97.5302 15.34161154141441
ONEWEB-0452
1 51644U 22012Y   26145.57817769 -.00000008  00000-0 -54354-4 0  9990
2 51644  87.9153  10.3762 0002118  80.3158 279.8213 13.17649550210692
FLOCK 4Q 1
1 58270U 23174Q   26145.50901104  .00244745  00000-0  13901-2 0  9999
2 58270  97.3845 238.9822 0006812 236.1651 123.8968 15.78306398142425
COSMOS 1420
1 13648U 82109A   26145.45973480  .00000070  00000-0  33854-4 0  9994
2 13648  73.9940 223.8721 0020328 336.2111  23.8099 14.34789283276323
SUPERVIEW NEO-3 01
1 59510U 24072A   26145.51745506  .00009602  00000-0  39154-3 0  9998
2 59510  97.4140 225.8730 0002299 141.1258 219.0145 15.24652169117257
ICEYE-X65
1 66300U 25248H   26145.35758158  .00004075  00000-0  27083-3 0  9995
2 66300  45.4043 254.2173 0006513 266.4769  93.5368 15.08768821 32078
NADEZHDA 5
1 25567U 98072A   26145.40479957  .00000100  00000-0  93681-4 0  9996
2 25567  82.9460 104.7098 0025953 167.4711 311.4009 13.72080475374544
SHIYAN 30 02
1 65852U 25222B   26145.60444170  .00001765  00000-0  17462-3 0  9995
2 65852  34.9981  37.4596 0003718 284.3492  75.6800 14.91744279 35649
FLOCK 4BE 29
1 60509U 24149AT  26145.49306985  .00016985  00000-0  38327-3 0  9997
2 60509  97.3807 231.0386 0003017  50.2000 309.9513 15.43287559 98913
ONEWEB-0422
1 51626U 22012E   26145.37062084  .00000123  00000-0  28260-3 0  9992
2 51626  87.9160  10.3942 0001651  63.2549 296.8751 13.17649302210809
COSMOS 1707
1 16326U 85113A   26145.38728200  .00077209  00000-0  49083-3 0  9996
2 16326  82.4854 191.2323 0001757 101.6599 258.4863 15.76203176213867
DEIMOS 1
1 35681U 09041A   26145.53196053  .00000431  00000-0  70808-4 0  9992
2 35681  97.7382 303.7453 0000212  95.2353 264.8881 14.75208954903541
GEESAT 5-07
1 65556U 25201G   26145.26756667  .00001346  00000-0  18655-3 0  9992
2 65556  49.9870 145.4514 0013566 226.4700 133.5111 14.84102071 38398
NINGXIA-1 5
1 44783U 19076E   26145.53562753 -.00000112  00000-0  11446-4 0  9998
2 44783  45.0059 280.4286 0010292  38.2639 321.8924 14.02084453334590
GLOBALSTAR M087
1 52888U 22064A   26145.43669176 -.00000095  00000-0  51718-4 0  9996
2 52888  51.9969 131.7147 0000254 328.3336  31.7515 12.62268790188265
IRIDIUM 132
1 42961U 17061G   26145.40752676  .00000158  00000-0  49200-4 0  9995
2 42961  86.3990  34.7722 0002274  84.8054 275.3402 14.34217499451555
COSMOS 1703
1 16262U 85108A   26145.51952225  .00026250  00000-0  40534-3 0  9992
2 16262  82.4579 240.9443 0005602  85.2455 274.9438 15.53954168213945
YAOGAN-43 02C
1 60947U 24156C   26145.56297209  .00007580  00000-0  31554-3 0  9993
2 60947  34.9988 340.4136 0003640 192.0588 168.0040 15.23029979 95994
ONEWEB-0362
1 49288U 21090K   26145.43218720  .00000035  00000-0  56181-4 0  9991
2 49288  87.9151 309.5146 0001565  98.6618 261.4692 13.19726653223917
FLOCK 4Q 25
1 58303U 23174AZ  26145.51831917  .00254144  00000-0  15220-2 0  9991
2 58303  97.3789 239.2268 0008825 219.7120 140.3500 15.77063671142486
LAPAN A3
1 41603U 16040E   26145.54150186  .00003006  00000-0  96658-4 0  9990
2 41603  97.1486 142.4351 0012251  96.0450 264.2189 15.32939761551342
IRIDIUM 113
1 42803U 17039A   26145.49582574  .00000048  00000-0  10031-4 0  9990
2 42803  86.3962 331.6681 0002326  91.7409 268.4054 14.34217551467935
GEESAT 1-06
1 52790U 22058F   26145.47782001  .00001564  00000-0  22565-3 0  9996
2 52790  50.0061 307.7409 0033846  60.2109 300.2187 14.81274947216567
IMPULSE-1 MIRA
1 58301U 23174AX  26145.22888167  .00012561  00000-0  34521-3 0  9997
2 58301  97.5188 230.2560 0073764 202.7492 157.0477 15.34589894141371
COSMOS 1717
1 16450U 86002B   26145.33784494 -.00000033  00000-0 -12545-3 0  9990
2 16450  73.9886 213.2363 0024008  18.4073  50.8040 12.42992437831952
ORBCOMM FM 35
1 25985U 99065F   26145.36846286  .00000704  00000-0  27715-3 0  9995
2 25985  45.0396 275.7947 0003468 283.3804  76.6658 14.38028793384028
KINEIS-3A
1 61223U 24172D   26145.53722446  .00001685  00000-0  27432-3 0  9992
2 61223  98.0414 235.7710 0002934 138.4404 221.7027 14.72314060 89443
JILIN-01-06
1 43024U 17074C   26145.51633197  .00005971  00000-0  18741-3 0  9991
2 43024  97.4768 248.4096 0005861 330.7513  29.3400 15.33405265470363
COSMOS 2515
1 41394U 16020A   26145.49123399  .00001757  00000-0  11845-3 0  9990
2 41394  97.9774 160.1132 0024269  23.2716 336.9604 15.07868839556994
IRIDIUM 145
1 43253U 18030E   26145.37823375  .00000210  00000-0  67929-4 0  9995
2 43253  86.3939 299.9457 0001882  87.6685 272.4726 14.34218858426850
TIANMU-1 19
1 58660U 23208A   26145.48250933  .00008006  00000-0  26835-3 0  9993
2 58660  97.4476 261.6765 0005771  51.1581 309.0174 15.31170713133851
STARS-AO
1 43679U 18084J   26145.38173934  .00005468  00000-0  28248-3 0  9996
2 43679  98.0531 357.9497 0001067 200.8011 159.3177 15.16756583414017
DMSP 5D-3 F18 (USA 210)
1 35951U 09057A   26145.51186760  .00000244  00000-0  14950-3 0  9998
2 35951  98.9030 126.3320 0010332 320.8919  39.1506 14.14882708856389
ONEWEB-0401
1 50481U 21132N   26145.29132252 -.00000024  00000-0 -92936-4 0  9992
2 50481  87.9171 339.9976 0001860  80.9635 279.1708 13.18687633218590
COSMOS 1802
1 17159U 86093A   26145.26074148  .00000043  00000-0  30486-4 0  9991
2 17159  82.9301 197.8906 0042365 185.4604 243.7918 13.72973221978483
GONETS M 16 (M26)
1 44907U 19096C   26145.48419396 -.00000030  00000-0 -28879-3 0  9993
2 44907  82.5180  98.1354 0009614 269.8127  90.1851 12.42890918290813
HULIANWANG DIGUI-32
1 64285U 25121C   26145.48845095  .00000030  00000-0  35019-4 0  9992
2 64285  86.4970  21.0708 0001667  83.6746 276.4578 13.24407945 47158
SS 3
1 10594U 77112F   26145.50955213  .00000983  00000-0  25136-3 0  9995
2 10594  63.3310 238.1954 0485540 163.3170 198.4517 14.03039013364110
WORLDVIEW 2
1 35946U 09055A   26145.47886036  .00000100  00000-0  47484-4 0  9998
2 35946  98.4681 219.2428 0003141 293.4859  66.5998 14.37937060872383
METOP-A
1 29499U 06044A   26145.49570815  .00002732  00000-0  31708-3 0  9990
2 29499  98.3308 251.4907 0175161 141.4621 350.2492 14.75852071 22104
TERRA
1 25994U 99068A   26145.50108502  .00000332  00000-0  76518-4 0  9999
2 25994  97.9470 195.9453 0001162 335.3182 161.5955 14.61081819406290
HAWK-6B
1 55324U 23011A   26145.36093768  .00004255  00000-0  18691-3 0  9990
2 55324  40.4980 125.1871 0004543 245.0902 114.9435 15.22698031184365
SAOCOM 1-B
1 46265U 20059A   26145.48377968  .00000617  00000-0  84012-4 0  9992
2 46265  97.8895 331.6563 0001487  85.9162 274.2221 14.82151282310120
CBERS 1
1 25940U 99057A   26145.47755101  .00000148  00000-0  65807-4 0  9991
2 25940  98.8489 154.3986 0006008  70.1646 290.0187 14.36994318394250
ONEWEB-0566
1 56061U 23043R   26145.56528236  .00000090  00000-0  18543-3 0  9998
2 56061  87.9253 248.4723 0001662 100.9216 259.2105 13.21826334155242
INFORMATOR 1
1 21087U 91006A   26145.36324778  .00000057  00000-0  43352-4 0  9995
2 21087  82.9414 142.0832 0033847 301.0794 181.5661 13.75521186772404
RSW-01
1 49112U 21076A   26145.47468007  .00000074  00000-0  10292-3 0  9995
2 49112  86.4107 165.9293 0017137 123.9127 236.3650 13.42861598232834
PAYLOAD B
1 39209U 13037B   26145.46680899  .00000841  00000-0  13393-3 0  9990
2 39209  98.0817 151.7531 0003685 186.0424 174.0741 14.74559321689006
HULIANWANG DIGUI-104
1 66420U 25258J   26145.31746423 -.00000083  00000-0  89276-4 0  9996
2 66420  50.0041  17.3283 0001006  55.5344 304.5623 13.29322860 26688
ONEWEB-0262
1 48980U 21060P   26145.54433220  .00000006  00000-0 -17258-4 0  9993
2 48980  87.9106 233.2654 0001776 106.3529 253.7797 13.16593564236648
COSMOS 660
1  7337U 74044A   26145.45341374  .00006600  00000-0  26205-3 0  9998
2  7337  82.9347 288.8239 0432029  78.4597 286.4774 14.67752873638280
IRS 1A
1 18960U 88021A   26145.41957365 -.00000071  00000-0 -20784-4 0  9996
2 18960  98.8513 200.9464 0013178 271.5447  99.0863 13.97166444849994
ETIHAD-SAT
1 63226U 25052S   26145.28185458  .00003621  00000-0  16214-3 0  9991
2 63226  97.3991  38.1958 0004155 204.3953 155.7087 15.21891180 66353
HYPSO-1
1 51053U 22002BX  26145.49954156  .00058048  00000-0  52158-3 0  9990
2 51053  97.2842 225.5475 0001028  70.1282 290.0090 15.68085467243356
OPS 8364 (DMSP 4)
1  6787U 73054A   26145.39493976  .00000206  00000-0  89579-4 0  9995
2  6787  98.5686  13.3245 0026818 101.6711 258.7485 14.33680661748503
PRAETORIAN SDA_618
1 65581U 25203S   26145.43396683  .00000065  00000-0  47147-4 0  9995
2 65581  81.3038  31.5808 0008806 254.2837 105.7349 13.84772677 35568
ONEWEB-0271
1 48989U 21060Y   26145.52374726  .00000069  00000-0  14702-3 0  9993
2 48989  87.9105 233.2727 0001788  95.9296 264.2039 13.16592992236688
COSMOS 1610
1 15398U 84118A   26145.53819999  .00000067  00000-0  54793-4 0  9994
2 15398  82.9471 150.2416 0031286 199.9898 311.3161 13.73956410 81768
GHGSAT-C2
1 47509U 21006DA  26145.56790069  .00005714  00000-0  15759-3 0  9991
2 47509  97.2168 193.2189 0003579 235.9074 124.1832 15.37488042296377
GLOBALSTAR M097
1 39072U 13005A   26145.43673184 -.00000090  00000-0  78271-4 0  9993
2 39072  52.0056 312.5882 0000616 104.7253 255.3682 12.62251198614037
KUIPER-00081
1 65132U 25171A   26145.43586794  .00001757  00000-0  25942-3 0  9992
2 65132  51.8985 168.7022 0000400  67.5343 292.5662 14.79930091 44400
STARS (KUKAI)
1 33498U 09002G   26145.40578209  .00003983  00000-0  36453-3 0  9998
2 33498  98.1542  91.7893 0006669 239.7078 120.3482 14.95568140935075
HULIANWANG DIGUI-71
1 65231U 25178D   26145.51892375  .00000062  00000-0  11011-3 0  9993
2 65231  86.5019  21.2078 0001683  87.8395 272.2932 13.24411642 37315
KUIPER-00181
1 67137U 25301E   26145.59579518  .00000835  00000-0  13849-3 0  9996
2 67137  51.9000  98.0353 0001663  79.4792 280.6358 14.79947415 25104
QIANFAN-134
1 69080U 26104H   26145.54645560  .00000040  00000-0  12324-4 0  9999
2 69080  88.9868 344.2074 0004262 153.3584 206.7826 14.19321454  1870
KORSAT-2
1 62377U 24247A   26145.46596191  .00002392  00000-0  21461-3 0  9996
2 62377  45.4095 185.6033 0002111  97.6658 262.4460 14.98711251 78150
KUIPER-00173
1 65786U 25217AA  26145.47549376  .00002151  00000-0  31105-3 0  9994
2 65786  51.9011  53.5629 0001204  75.4222 284.6873 14.79940180 36381
HJS-7B
1 65618U 25209B   26145.50120934 -.00000076  00000-0  93645-4 0  9991
2 65618  49.9994  82.3886 0001866  28.6503 331.4477 13.41461715 34595
ONEWEB-0113
1 48050U 21025J   26145.39817468  .00000210  00000-0  53708-3 0  9990
2 48050  87.8945 324.6793 0001843  91.7018 268.4322 13.13895620250615
GONETS-M 23
1 54150U 22139A   26145.56263377  .00000059  00000-0  35723-3 0  9996
2 54150  82.5082   2.3568 0020518 271.6868  88.1861 12.42889916162832
COSMOS 2540
1 44517U 19057A   26145.52248557  .00000062  00000-0  91889-4 0  9996
2 44517  99.2056 157.4651 0014860 229.2481 130.7385 13.85943395340734
YAM-9
1 66694U 25276AE  26145.14063075  .00005131  00000-0  28044-3 0  9998
2 66694  97.4219 218.2383 0009648  41.6926 318.5040 15.14689931 26867
PRAETORIAN SDA_621
1 65584U 25203V   26145.38471686  .00000099  00000-0  78343-4 0  9998
2 65584  81.3038  31.8304 0006419 246.6839 113.3642 13.83797772 35541
KOMPASS
1 27002U 01056B   26145.43965552  .00000021  00000-0  75858-4 0  9990
2 27002  99.7954 319.8134 0019300 190.3220 223.9977 13.70639042223129
QIANFAN-103
1 66045U 25233N   26145.22316773  .00000138  00000-0  19454-3 0  9993
2 66045  89.0026  45.5150 0002156  68.4415 291.6966 13.51007295 30083
COSMOS 2601
1 67675U 26023B   26145.41625834  .00010743  00000-0  43606-3 0  9992
2 67675  96.6262 209.5134 0016598 214.5478 145.4684 15.24617010 16543
COSMOS 2565
1 54381U 22163A   26145.52325756 -.00000025  00000-0  36048-4 0  9991
2 54381  67.1467 162.3395 0006569 275.1782  84.8553 13.96676451177603
PANDORE
1 63244U 25052AL  26145.26183431  .00002341  00000-0  21996-3 0  9999
2 63244  97.6929  37.0583 0003100 278.4517  81.6352 14.94880281 65187
KAGAYAKI
1 33495U 09002D   26145.30818594  .00000282  00000-0  49854-4 0  9997
2 33495  98.1246  50.8666 0009020 101.1013 259.1210 14.74776797930848
TOMORROW-S2
1 60485U 24149T   26145.44527620  .00007547  00000-0  24397-3 0  9992
2 60485  97.3817 226.4628 0002863  29.4288 330.7114 15.32366450 98609
EOS-4
1 51656U 22013A   26145.47654666  .00002260  00000-0  13273-3 0  9992
2 51656  97.5119 152.4734 0001751  89.9297 270.2135 15.12724853236055
IRIDIUM 174
1 56728U 23068U   26145.31564219  .00000753  00000-0  11557-3 0  9993
2 56728  86.6113   3.2544 0002609  87.4960 272.6555 14.72254973162650
COSMOS 1275
1 12504U 81053A   26145.39101867  .00000062  00000-0  49084-4 0  9999
2 12504  82.9592 282.2887 0038521 241.4986 118.2289 13.74531823256145
APRIZESAT 9
1 40018U 14033J   26145.33377784  .00000464  00000-0  75924-4 0  9999
2 40018  97.9029 279.0950 0064742 273.8440  85.5368 14.74181400640199
HULIANWANG DIGUI-105
1 66915U 25285A   26145.54697374 -.00000103  00000-0  46264-4 0  9993
2 66915  50.0045 227.4182 0001103 211.2408 148.8399 13.29322167 23049
ONEWEB-0185
1 48220U 21031L   26145.38248784 -.00000147  00000-0 -42970-3 0  9994
2 48220  87.8953 294.2449 0002033 108.8014 251.3336 13.14503193245253
JACKAL-01
1 59127U 24043AF  26145.39070159  .00015676  00000-0  34847-3 0  9993
2 59127  97.5552 289.4963 0005707 302.7994  57.2703 15.43746445124030
ONEWEB-0614
1 55156U 23004S   26145.41874055  .00000445  00000-0  12191-2 0  9992
2 55156  87.8907  25.6079 0002002  85.3398 274.7958 13.11417558162852
HULIANWANG DIGUI-84
1 65819U 25220C   26145.48465614  .00000044  00000-0  68115-4 0  9999
2 65819  86.4945  51.4137 0001411  66.2101 293.9181 13.24406007 31915
ORBCOMM FM 106
1 40088U 14040C   26145.32000418  .00000741  00000-0  15199-3 0  9995
2 40088  47.0615 354.6380 0016707 219.0140 140.9547 14.70453587633817
LIZZIESAT-2
1 62383U 24247G   26145.45847253  .00007111  00000-0  25433-3 0  9997
2 62383  44.9940  56.0038 0001573  86.4675 273.6389 15.29472749 79495
COSMOS 342
1  4389U 70036G   26145.50246001 -.00000026  00000-0 -42613-4 0  9996
2  4389  74.0311  42.0522 0101706 287.8156 247.6015 12.68339125596240
JILIN-01-04
1 43022U 17074A   26145.50542510  .00012738  00000-0  30298-3 0  9996
2 43022  97.4831 254.5275 0002531 272.3749  87.7208 15.41779793470770
YAOGAN 24
1 40310U 14072A   26145.51069792  .00000364  00000-0  60308-4 0  9993
2 40310  98.1455 282.6611 0013477 341.8975  18.1752 14.76187765620371
COSMOS 2304
1 23446U 94086F   26145.48720236  .00000043  00000-0  18173-3 0  9996
2 23446  82.5709 334.7157 0003465 215.6147 172.0927 12.62204531446824
HULIANWANG DIGUI-115
1 66954U 25287B   26145.39384398  .00000030  00000-0  34733-4 0  9996
2 66954  86.4931 290.0925 0001511 113.5058 246.6235 13.24427946 22320
YAOGAN-36 03A
1 54372U 22160A   26145.34829795  .00013822  00000-0  41275-3 0  9995
2 54372  34.9996 109.1160 0000501 100.9299 259.1476 15.33765873194700
YAOGAN-30 F
1 43030U 17075C   26145.19427063  .00002515  00000-0  18758-3 0  9995
2 43030  34.9957  50.3215 0002828 228.6989 131.3476 15.02528354463967
TIANMU-1 08
1 57400U 23101B   26145.49828366  .00006316  00000-0  22335-3 0  9991
2 57400  97.2598 196.4649 0003872 174.9550 185.1731 15.29506466158170
COSMOS 507
1  6120U 72057D   26145.53752014 -.00000024  00000-0 -46116-4 0  9995
2  6120  74.0279 238.0220 0054596 280.9749  89.5769 12.52656095462125
FLOCK 4Q 30
1 58286U 23174AG  26145.14468435  .00036314  00000-0  52197-3 0  9993
2 58286  97.3930 236.7024 0005130 209.9650 150.1311 15.55991675142211
COSMOS 2297
1 23404U 94077A   26145.42697651 -.00000150  00000-0 -54152-4 0  9997
2 23404  71.0148 298.3864 0017491 235.9089 124.0374 14.13939968625337
ONEWEB-0292
1 49186U 21083A   26145.38844522  .00000010  00000-0 -62387-5 0  9999
2 49186  87.8930 324.7825 0001993  91.9345 268.2012 13.13469196227936
ISAT
1 43879U 18111D   26145.37354979  .00081264  00000-0  95990-3 0  9994
2 43879  97.5895  78.9131 0006243  58.5037 301.6829 15.61030495407608
COSMOS 2094
1 20739U 90070E   26145.38956528  .00000037  00000-0  14441-3 0  9998
2 20739  82.5743 306.4084 0012320 138.0826 235.6554 12.64754660652344
JACKAL-02
1 59134U 24043AN  26145.37235643  .00017028  00000-0  35814-3 0  9998
2 59134  97.5545 290.3911 0006033 291.7576  68.3030 15.45365644124092
FORMOSAT 3C
1 29049U 06011C   26145.22395860  .00000368  00000-0  15326-3 0  9992
2 29049  72.0180  90.8707 0035594 248.1146 111.6206 14.31384502 49389
HILAT
1 14154U 83063A   26145.34813544  .00000294  00000-0  90014-4 0  9998
2 14154  82.0241 182.2591 0039216   2.1876   8.3050 14.38695138244304
QIANFAN-94
1 66036U 25233D   26145.47414024  .00000125  00000-0  17455-3 0  9993
2 66036  89.0026  45.4096 0002099  73.6446 286.4936 13.51006244 30160
ICEYE-X31
1 58288U 23174AJ  26145.49994943  .00017214  00000-0  53456-3 0  9998
2 58288  97.3788 221.2611 0003223  74.2086 285.9512 15.33429118141271
COSMOS 1723
1 16456U 86002H   26145.35110616  .00000008  00000-0  14516-3 0  9997
2 16456  73.9875 103.6953 0051722  89.3984  64.5537 12.55805002850773
ITUPSAT 1
1 35935U 09051E   26145.49091204  .00000659  00000-0  14627-3 0  9990
2 35935  98.4065  51.8816 0006585 318.1798  41.8898 14.60400249885424
KUIPER-00083
1 64829U 25151P   26145.47933323 -.00000112  00000-0  14365-4 0  9993
2 64829  51.9011 316.0323 0001138 115.3664 244.7416 14.79944118 47934
COSMOS 1150
1 11667U 80003A   26145.43276523  .00000042  00000-0  28887-4 0  9995
2 11667  82.9561 195.4260 0031696 350.0553  20.4676 13.73677218319246
ION SCV-006
1 52761U 22057AF  26145.36688636  .00012808  00000-0  27527-3 0  9996
2 52761  97.6072 292.9094 0017418 192.4170 167.6651 15.44653756222592
ONEWEB-0297
1 49086U 21075M   26145.31702342 -.00000126  00000-0 -38652-3 0  9990
2 49086  87.8948 355.2276 0001855  89.3015 270.8327 13.12443319232184
KUIPER-00074
1 64821U 25151F   26145.49973166  .00259548  00000-0  12779-2 0  9999
2 64821  51.8907 262.6459 0007668 299.0801  60.9436 15.80833481 47485
ONEWEB-0069
1 45430U 20020G   26145.41522338  .00002071  00000-0  58512-2 0  9999
2 45430  87.8920  25.6004 0001537  83.3216 276.8087 13.10877181299687
ONEWEB-0283
1 49001U 21060AL  26145.51423955  .00000040  00000-0  71936-4 0  9999
2 49001  87.9102 233.2812 0001941  96.4056 263.7296 13.16592871236637
IRIDIUM 142
1 43256U 18030H   26145.36555202  .00000220  00000-0  71601-4 0  9991
2 43256  86.3936 299.8959 0001977  89.3697 270.7726 14.34219281426866
FENGYUN 3B
1 37214U 10059A   26145.54675262  .00000296  00000-0  17656-3 0  9992
2 37214  98.9637 191.4639 0021016 250.2045 244.3389 14.14837181804229
GEESAT 4-09
1 65127U 25170J   26145.48539517  .00001332  00000-0  19697-3 0  9990
2 65127  49.9926 308.7935 0021951 303.6914  56.1930 14.81297707 42636
CYGNUS NG-24
1 68689U 26079A   26145.42220529  .00009654  00000-0  18076-3 0  9994
2 68689  51.6330  52.7989 0007470  96.3597 263.8242 15.49365963568270
KOYOH
1 58464U 23185C   26145.48896265  .00005936  00000-0  29591-3 0  9994
2 58464  97.5320 217.8238 0007528  37.7486 322.4274 15.17901180136684
GLOBALSTAR M039
1 25961U 99062A   26145.45820796 -.00000071  00000-0  18104-3 0  9994
2 25961  51.9853 306.2028 0002947  43.1316 316.9781 12.62345287223447
KUIPER-00266
1 67789U 26030AB  26145.50003471 -.00066002  00000-0 -48097-2 0  9992
2 67789  51.8920 214.6320 0020295 354.2173  36.1785 15.03325517  5473
COSMOS 1913
1 18792U 88002E   26145.54411243  .00000011  00000-0  22741-5 0  9990
2 18792  82.6005 231.1325 0014865 118.5022 253.4528 12.65748820771894
KUIPER-00317
1 68600U 26072AD  26145.40766250  .00030484  00000-0  81911-3 0  9997
2 68600  51.8700 287.2299 0008848 297.8335  62.1754 15.37618273  7877
COSMOS 651
1 07291U 74029A   26145.34804194 -.00000071  00000-0  15584-4 0  9998
2 07291  64.9726  13.9008 0023761  51.4228 308.8960 13.93093021647537
AETHER-4
1 67375U 26004N   26145.76480515  .00000634  00000-0  74763-4 0  9998
2 67375  97.8036 144.8038 0004751 178.0917 182.0319 14.88162234 19969
SPAWAR-CAL-O
1 43766U 18099J   26145.11585373  .00018095  00000-0  54814-3 0  9992
2 43766  97.4346 208.9128 0007981  25.3456 334.8176 15.34183484409984
ONEWEB-0045
1 45151U 20008W   26145.42721661  .00000571  00000-0  15740-2 0  9995
2 45151  87.8919  25.5861 0001870  78.7101 281.4237 13.11415743307420
CENTISPACE-2 S10
1 68359U 26060K   26145.36151876  .00001004  00000-0  18535-3 0  9990
2 68359  54.9766 128.9872 0014067  98.1763 262.0831 14.73360464  9402
COSMOS 1528
1 14617U 84001G   26145.38668434 -.00000011  00000-0  33337-4 0  9998
2 14617  74.0102  17.5336 0009800 104.8177  68.9046 12.49037972932578
COSMOS 766
1 08290U 75086F   26145.32415951 -.00000001  00000-0  93655-4 0  9997
2 08290  74.0072 173.6236 0043058 248.2419 122.9895 12.53298422318904
HINCUBE
1 39445U 13066AF  26145.39488995  .00007217  00000-0  46856-3 0  9993
2 39445  97.7950 113.5824 0031537 289.5285  70.2537 15.07956224676099
SAUDISAT 3
1 31118U 07012B   26145.61386632  .00000232  00000-0  45657-4 0  9995
2 31118  98.1446  96.0018 0013475 302.5205  57.4699 14.71409515 24428
KUIPER-00034
1 63747U 25088Z   26145.61877055  .00000429  00000-0  85236-4 0  9990
2 63747  51.9022 107.9270 0000671  68.2697 291.8337 14.79945420 59211
COSMOS 574
1  6707U 73042A   26145.42545338  .00000033  00000-0  20105-4 0  9996
2  6707  82.9510 210.4871 0020139 313.8169  56.3797 13.72420336 87559
SNUSAT-2
1 43782U 18099AA  26145.58037997  .00007754  00000-0  34778-3 0  9992
2 43782  97.4076 199.3161 0010570  24.9734 335.2011 15.21434682409599
ASNARO
1 40298U 14070A   26145.50667669  .00009085  00000-0  42815-3 0  9993
2 40298  97.3450 222.2310 0003099 198.7919 161.3203 15.19716986640560
FLOCK 4H 10
1 66713U 25276AZ  26145.63257756  .00005903  00000-0  28085-3 0  9997
2 66713  97.4194 219.4998 0006150  86.9609 273.2330 15.19529479 26999
HULIANWANG DIGUI-45
1 65048U 25162F   26145.49532374 -.00000091  00000-0  71861-4 0  9992
2 65048  50.0060 347.0843 0000467  41.6186 318.4722 13.29323595 40348
HYDRA-2
1 67389U 26004AC  26145.46229702  .00005053  00000-0  24985-3 0  9999
2 67389  97.4583 144.8337 0005074  70.7288 289.4494 15.18269063 20305
YAOGAN 25C
1 40340U 14080C   26145.54038579  .00000060  00000-0  17000-3 0  9990
2 40340  63.3889   9.6382 0364883   9.5277 351.2428 13.45347728562709
KUIPER-00097
1 65136U 25171E   26145.52368494  .00001914  00000-0  27999-3 0  9990
2 65136  51.9002 180.9620 0000271  64.8214 295.2776 14.79940027 44224
COSMOS 2189
1 21978U 92030C   26145.37143791 -.00000010  00000-0  36008-4 0  9997
2 21978  74.0019 193.4070 0039855  74.5831 298.5026 12.54028833555285
KUIPER-00193
1 68576U 26072D   26145.50003471  .00003219  00000-0  13263-3 0  9990
2 68576  51.8802 286.8211 0003865 277.4808 240.5151 15.27016553  5170
NORBI
1 46494U 20068J   26145.46706969  .00021406  00000-0  41999-3 0  9996
2 46494  97.8640 159.4480 0005763 359.8794   0.2452 15.47356083312696
ICEYE-X76
1 68502U 26067CQ  26145.38339518  .00000851  00000-0  90213-4 0  9993
2 68502  97.7613 103.9926 0003643  88.2498 271.9137 14.91639320  8322
KUIPER-00260
1 67787U 26030Z   26145.50003471 -.00007421  00000-0 -10288-2 0  9991
2 67787  51.9000 215.5666 0002126 127.2182  20.3401 14.76390613  4562
UND ROADS 2
1 64549U 25135X   26145.26507636  .00006700  00000-0  28348-3 0  9998
2 64549  97.4758 261.5331 0002159 139.3753 220.7645 15.23529109 51424
COSMOS 2602
1 67676U 26023C   26145.60972612  .00012522  00000-0  50760-3 0  9999
2 67676  96.6304 209.7555 0017827 203.0885 156.9556 15.24605082 16733
COSMOS 1640
1 15622U 85023F   26145.36147493 -.00000008  00000-0  46776-4 0  9992
2 15622  74.0555 291.4119 0033718  26.0725   1.6322 12.52840630883469
COSMOS 1932
1 18957U 88019A   26145.39668289 -.00000065  00000-0  21593-4 0  9991
2 18957  65.0429 192.2371 0059175 248.4995 110.9748 13.79817629926001
SHIYAN 32-03
1 66379U 25255D   26145.45733205  .00009868  00000-0  24303-3 0  9993
2 66379  52.9936 122.2053 0010834  75.5930 284.6275 15.41215946 30473
HAWK-12C
1 64621U 25138A   26145.43401051  .00003625  00000-0  18126-3 0  9991
2 64621  97.4347 148.2706 0012877 216.1730 143.8634 15.18003546 50410
YAOGAN-36 02B
1 54043U 22133B   26145.49145359  .00012104  00000-0  38205-3 0  9994
2 54043  34.9955 255.0569 0004482 238.2093 121.8188 15.32020296201361
BRO-17
1 66672U 25276G   26145.43937551  .00002747  00000-0  13906-3 0  9996
2 66672  97.4198 218.9981 0008457  83.9313 276.2884 15.17816080 26941
LQSAT
1 40958U 15057A   26145.50683115  .00000834  00000-0  12571-3 0  9995
2 40958  97.6680 140.0068 0016963 351.6123   8.4802 14.76751056571961
FLOCK 4H 29
1 66732U 25276BU  26145.44122274  .00005472  00000-0  26141-3 0  9995
2 66732  97.4177 219.2446 0005001 102.4675 257.7119 15.19425764 26969
TIGER-6
1 58272U 23174S   26145.54241257  .00564618  14713-3  99062-3 0  9997
2 58272  97.3747 244.4235 0009054 243.6254 116.4096 16.02016807142781
HULIANWANG DIGUI-22
1 63689U 25086C   26145.52643512  .00000050  00000-0  81697-4 0  9999
2 63689  86.5027 320.6968 0001399  83.4234 276.7059 13.24408046 51860
CONNECTA IOT-10
1 64555U 25135AD  26145.58420597  .00002995  00000-0  14124-3 0  9999
2 64555  97.4658 260.8332 0002235  76.2736 283.8748 15.20247190 51426
CHUANG XIN 1-04
1 40137U 14051B   26145.49637179  .00000152  00000-0  75607-4 0  9997
2 40137  98.7059 147.3137 0021183 239.6269 120.2819 14.30405096611309
SOAP
1 63263U 25052BF  26145.49572900  .00002370  00000-0  21283-3 0  9999
2 63263  97.6882  38.2039 0003363  68.9716 291.1865 14.96655588 65290
COSMOS 1524
1 14613U 84001C   26145.29025770 -.00000012  00000-0  29216-4 0  9996
2 14613  74.0085  80.6863 0031983 338.7294 187.7167 12.56746869944426
TIANQI 24
1 57795U 23135D   26145.55436257 -.00000008  00000-0  66627-4 0  9992
2 57795  49.9729 248.0122 0014235 182.4145 177.6700 14.23131591141402
ORBCOMM FM 21
1 25475U 98053A   26145.51459978  .00000564  00000-0  23064-3 0  9997
2 25475  45.0080  87.2846 0000589 318.9887  41.0917 14.38142206446516
COSMOS 1693
1 16141U 85094D   26145.57896164  .00000009  00000-0 -10530-4 0  9996
2 16141  82.6093 266.8482 0015906  87.4138 291.3508 12.64358795874682
HJ-1A
1 33320U 08041A   26145.51021353  .00001006  00000-0  12701-3 0  9993
2 33320  97.6677 132.2282 0018013 209.1684 150.8526 14.83925856955049
TIANHUI 5A
1 58199U 23168A   26145.40839598  .00000353  00000-0  44799-4 0  9994
2 58199  97.8213 153.1048 0001564  90.0917 270.0479 14.87578092139214
COSMOS 1412
1 13600U 82099A   26145.49507079 -.00000073  00000-0  14778-4 0  9999
2 13600  64.8151  60.1626 0047748  25.2839 147.1039 13.86382958196551
GARAI-A
1 62635U 25009AC  26145.50210924  .00006665  00000-0  32196-3 0  9996
2 62635  97.4001 225.7468 0003890  73.5735 286.5927 15.18964593 75337
COSMOS 2322
1 23704U 95058A   26145.44183726  .00000033  00000-0  42715-4 0  9995
2 23704  70.9881  40.5488 0010073 205.0182 155.0453 14.13825308576904
COSMOS 521
1  6206U 72074A   26145.31885602 -.00000065  00000-0  16631-4 0  9998
2  6206  65.8289 339.2717 0002655  28.1343 145.3413 13.72509603688475
PRAETORIAN SDA_608
1 65571U 25203G   26145.37274034  .00000091  00000-0  71272-4 0  9997
2 65571  81.3023  31.9282 0005025 262.4506  97.6080 13.83813699 35532
ORBCOMM FM 118
1 41183U 15081E   26145.60606853  .00000591  00000-0  16141-3 0  9995
2 41183  47.0035 108.5356 0004045 291.2713  68.7741 14.58857321554432
FOSSASAT2E25
1 68478U 26067BQ  26145.36422927  .00000981  00000-0  10209-3 0  9990
2 68478  97.7588 104.0002 0002588  39.3219 320.8187 14.92094344  8328
YAOGAN-30 A
1 42945U 17058A   26145.48660447  .00001926  00000-0  14250-3 0  9995
2 42945  34.9959 167.6980 0002603 298.3356  61.7090 15.02977348472472
TEMPSAT 2
1  4168U 69082H   26145.42618578  .00000056  00000-0  79022-4 0  9998
2  4168  70.0119 146.6237 0019053 163.6300 196.5425 13.96011080884916
HULIANWANG DIGUI-99
1 66415U 25258D   26145.34259172 -.00000087  00000-0  80682-4 0  9999
2 66415  50.0065  17.4973 0000981  60.5873 299.5097 13.29322898 26688
GHGSAT-C3
1 52737U 22057F   26145.47642556  .00006305  00000-0  19406-3 0  9994
2 52737  97.6566 290.2913 0006045 188.6217 171.4922 15.34019359222056
KUIPER-00122
1 65951U 25228E   26145.37274487 -.00000517  00000-0 -38719-4 0  9992
2 65951  51.9009  23.9714 0001365  91.3062 268.8057 14.79964068 34551
QIANFAN-71
1 62801U 25016S   26145.46408294  .00000104  00000-0  14174-3 0  9991
2 62801  88.9723  86.0906 0013591 231.8583 128.1344 13.51013640 69343
ONEWEB-0334
1 49200U 21083Q   26145.41592670  .00000120  00000-0  26247-3 0  9998
2 49200  87.9169 278.9872 0001184  76.0449 284.0816 13.20769280233784
COSMOS 1677
1 15986U 85075A   26145.31832911 -.00000073  00000-0  15810-4 0  9990
2 15986  64.6847   6.2665 0059842   0.7388 359.3749 13.86699481 54717
GAOFEN 1-02
1 43259U 18031A   26145.52756087  .00000743  00000-0  11419-3 0  9997
2 43259  98.0534 208.1165 0004657  85.2634 274.9107 14.76442964439358
LEMUR 2 MJR092620
1 58340U 23174CN  26145.22257392  .00018841  00000-0  41586-3 0  9996
2 58340  97.3967 234.8462 0006404 186.6919 173.4244 15.43908949142101
ADEOS 2
1 27597U 02056A   26145.38744094  .00000235  00000-0  11018-3 0  9994
2 27597  98.7867 104.4556 0001990 107.7921 252.3478 14.29334795221258
APRIZESAT 4
1 35684U 09041D   26145.46492903  .00000661  00000-0  85353-4 0  9996
2 35684  98.1414 220.3329 0044061  36.8975 323.5256 14.83841705907990
COSMOS 2147
1 21303U 91033E   26145.38420134  .00000023  00000-0  64353-4 0  9998
2 21303  82.5649 289.8804 0019697  56.6792 331.2899 12.65165511617261
ONEWEB-0343
1 49209U 21083Z   26145.46162530  .00000071  00000-0  14860-3 0  9993
2 49209  87.9167 339.9803 0001405  85.1645 274.9647 13.18685218227045
OKEAN 3
1 21397U 91039A   26145.33771753  .00003354  00000-0  23262-3 0  9991
2 21397  82.5163 262.5358 0015361  71.1801 289.1090 15.05203069876566
ONEWEB-0372
1 49298U 21090V   26145.35936913  .00000061  00000-0  11809-3 0  9990
2 49298  87.9177 278.9929 0001840  98.6155 261.5187 13.20770147226828
ONEWEB-0400
1 50480U 21132M   26145.47341016  .00000021  00000-0  20403-4 0  9996
2 50480  87.9169 339.9644 0001712  93.1803 266.9525 13.18688262218610
ONEWEB-0332
1 49279U 21090A   26145.38329834  .00000090  00000-0  20715-3 0  9998
2 49279  87.8942 294.2569 0001696  90.7764 269.3560 13.14503713224583
GLOBAL-4
1 44499U 19054E   26145.32907191  .00047591  00000-0  53406-3 0  9996
2 44499  45.0080   8.0661 0005147 202.5235 157.5436 15.61941653376789
GLOBAL-2
1 43812U 18099BG  26145.05875804  .00003076  00000-0  20099-3 0  9999
2 43812  97.3571 182.5348 0004789 221.2703 138.8165 15.08511144408428
ORBCOMM FM 115
1 41186U 15081H   26145.22563830  .00000318  00000-0  95183-4 0  9994
2 41186  46.9975 211.8367 0001746 233.7451 126.3275 14.63235895557855
PICARD
1 36598U 10028A   26145.24643704  .00000228  00000-0  66499-4 0  9990
2 36598  98.2802 338.3431 0001245  90.3970 269.7369 14.52684073844106
TIANHUI 1-04
1 49049U 21067A   26145.53665830  .00005311  00000-0  22554-3 0  9997
2 49049  97.2778 214.3214 0000358  99.4616 260.6661 15.23484220268145
CHUANG XIN 20B (CX-20B)
1 58426U 23181B   26145.49525095 -.00000054  00000-0  13176-3 0  9998
2 58426  49.9598  49.9882 0010891 202.0259 158.0151 13.41488578122690
ISIS 2
1  5104U 71024A   26145.42402712  .00000036  00000-0  13092-3 0  9991
2  5104  88.1636 319.9847 0044132 168.3132 218.5509 12.67885492551860
QIANFAN-141
1 69087U 26104Q   26145.24938203  .00000087  00000-0  32690-4 0  9991
2 69087  88.9864 344.2378 0002594 165.1979 194.9289 14.21989120  1835
ONEWEB-0019
1 45449U 20020AB  26145.39994285 -.00000220  00000-0 -65682-3 0  9993
2 45449  87.8913  25.5884 0001648  80.8792 279.2523 13.11417232299554
COSMOS 2253
1 22688U 93038B   26145.36942147  .00000030  00000-0  11035-3 0  9999
2 22688  82.5859 271.8596 0012546  63.9689 296.2692 12.61600837515621
YAOGAN 29
1 41038U 15069A   26145.50838164  .00001008  00000-0  13049-3 0  9999
2 41038  98.0045 174.1052 0003022  92.0275 268.1284 14.83065068567264
IRIDIUM 136
1 42962U 17061H   26145.43924303  .00000075  00000-0  19752-4 0  9994
2 42962  86.3990  34.7654 0002291  84.3433 275.8024 14.34217262451570
ONEWEB-0082
1 45452U 20020AE  26145.59676353 -.00000039  00000-0 -14556-3 0  9994
2 45452  87.8917  25.5521 0001899  75.0253 285.1085 13.11414243299712
KUIPER-00416
1 68931U 26098N   26145.35500725  .00023067  00000-0  64654-3 0  9993
2 68931  51.8745 177.4873 0001398  93.6087 266.5059 15.36495108  3840
COSMOS 967
1 10512U 77116A   26145.48821280 -.00000059  00000-0  22530-4 0  9993
2 10512  65.8325 161.0643 0029841 256.7394 265.9099 13.75076224432243
HAIYANG 2C
1 46469U 20066A   26145.53751976 -.00000166  00000-0 -76570-4 0  9998
2 46469  65.9974 271.6757 0009742 239.0527 120.9584 13.83372060286363
NOAA 1
1 04793U 70106A   26145.57594953 -.00000047  00000-0 -26143-4 0  9995
2 04793 101.3379 181.3200 0031709  31.7079 135.1656 12.54050153537852
TIANQI 16
1 64058U 25105A   26145.41950030 -.00000073  00000-0  37836-4 0  9998
2 64058  44.9823 123.6675 0012664 273.7788  86.1597 13.99144627 52005
COSMOS 2481
1 38733U 12041A   26145.50781440  .00000017  00000-0  53126-4 0  9998
2 38733  82.4730  89.3659 0019621 122.5729 237.7248 12.42434185626930
HAWK-2A
1 47505U 21006CW  26145.59250279  .00005953  00000-0  18121-3 0  9995
2 47505  97.2339 191.0209 0004574 289.5631  70.5118 15.34361743296031
BRITE-PL
1 39431U 13066R   26145.58013819  .00000630  00000-0  13392-3 0  9999
2 39431  97.7939 259.5395 0191437  81.6958 280.5895 14.51340079660650
QIANFAN-121
1 68648U 26075N   26145.23825204  .00000047  00000-0  43970-4 0  9994
2 68648  88.9877 323.3553 0010408  68.1945 292.0319 13.62731253  6703
GONETS M 18
1 46487U 20068B   26145.55316970  .00000143  00000-0  96306-3 0  9994
2 46487  82.4958   0.7118 0020768  80.9411 279.4018 12.42872159256331
SATORO-T3
1 64589U 25135BP  26145.46230505  .00001888  00000-0  18137-3 0  9999
2 64589  97.7692 260.2252 0006075  60.6270 299.5556 14.94225585 50519
METEOR 3-5
1 21655U 91056A   26145.40713824  .00000177  00000-0  42605-3 0  9992
2 21655  82.5545 155.4676 0013071 188.6838 171.4060 13.17158226671579
ONEWEB-0429
1 50500U 21132AH  26145.50039096  .00000059  00000-0  11653-3 0  9992
2 50500  87.9162 339.9751 0001718  85.6520 274.4808 13.18688974218598
ICEYE-X57
1 64578U 25135BC  26145.46558655  .00004361  00000-0  34761-3 0  9996
2 64578  97.7871 261.8715 0001773  52.2439 307.8945 15.00859869 50613
PRISMA (TANGO)
1 36827U 10028F   26145.35269452  .00000259  00000-0  86700-4 0  9992
2 36827  98.4352 356.4076 0040076 301.9936  57.7363 14.44804946699591
DUTHSAT-2
1 64530U 25135C   26145.58188068  .00012252  00000-0  47481-3 0  9995
2 64530  97.4592 261.5153 0003383 261.2588  98.8267 15.26289075 51481
QIANFAN-120
1 68647U 26075M   26145.96163585 -.01792736  00000-0 -25851+1 0  9990
2 68647  88.9878 323.2766 0010966  52.6247 307.5906 13.59756857  6808
LEMUR-2 CARROLLEMO
1 68489U 26067CB  26145.32413827  .00002655  00000-0  27091-3 0  9994
2 68489  97.7522 103.8601 0003458 116.8720 243.2853 14.91470288  8316
KUIPER-00082
1 64828U 25151N   26145.14979735  .00003521  00000-0  49060-3 0  9998
2 64828  51.9018 310.0044 0000638 111.5736 248.5294 14.79937122 46804
ONEWEB-0274
1 48992U 21060AB  26145.51740431  .00000048  00000-0  91685-4 0  9999
2 48992  87.9096 233.2892 0002195  92.9492 267.1890 13.16595702236647
AMSAT ECHO
1 28375U 04025K   26145.41392190  .00000152  00000-0  56612-4 0  9995
2 28375  98.6600 108.9817 0079963 185.4661 174.5664 14.43861386152291
ONEWEB-0290
1 49080U 21075F   26145.32167916  .00000044  00000-0  80558-4 0  9997
2 49080  87.9163  10.4002 0001298  89.8920 270.2360 13.17649789230606
YAM-11
1 68991U 26100M   26145.14176410  .00001408  00000-0  14778-3 0  9997
2 68991  97.7389  43.0081 0002335 197.1083 163.0057 14.91058976  3269
KINEIS-2D
1 62930U 25028C   26145.13312999  .00001361  00000-0  20681-3 0  9993
2 62930  97.9298 198.0232 0001617 281.8813  78.2215 14.75598202 69314
FLOCK 4G 9
1 62622U 25009P   26145.15354545  .00008875  00000-0  33142-3 0  9998
2 62622  97.3960 226.2803 0005674  60.3997 299.7807 15.27596118 75349
ALMUNTHER
1 63240U 25052AG  26145.43664104  .00017280  00000-0  57879-3 0  9992
2 63240  97.3913  40.3196 0004980 212.3874 147.7062 15.30990908 66531
KUIPER-00218
1 67780U 26030S   26145.50046771  .00001547  00000-0  25071-3 0  9992
2 67780  51.8969 225.5202 0000876  92.2695 267.8366 14.76461724 16669
FLOCK 4G 15
1 62678U 25009BX  26145.19983086  .00009757  00000-0  35051-3 0  9992
2 62678  97.4017 227.1909 0005569  54.8787 305.2974 15.28847359133035
ROCSAT 2
1 28254U 04018A   26145.41142002 -.00000108  00000-0 -43585-4 0  9996
2 28254  98.8466 113.5937 0002387  32.3861  80.0067 14.01267189125565
COSMOS 2184
1 21937U 92020A   26145.59800519  .00000077  00000-0  66246-4 0  9992
2 21937  82.9303 131.9197 0032380 213.8298 283.8723 13.73386874709233
COSMOS 1577
1 15077U 84067A   26145.51239727  .00000037  00000-0  22499-4 0  9999
2 15077  82.9584 223.0891 0036916  61.3035 310.3232 13.75676988850362
PROGRESS MS-34
1 68837U 26093A   26145.42220529  .00009654  00000-0  18076-3 0  9995
2 68837  51.6330  52.7989 0007470  96.3597 263.8242 15.49365963568310
THE ARAB SATELLITE 813
1 66994U 25292B   26145.51068794  .00003965  00000-0  27347-3 0  9991
2 66994  97.6323 221.4932 0016213  79.3271 280.9781 15.06285549 25031
ONEWEB-0319
1 49105U 21075AG  26145.31660606  .00000078  00000-0  16823-3 0  9998
2 49105  87.9151  10.4164 0002353  86.3583 273.7818 13.17651715230596
MERCURY ONE (M1)
1 66742U 25276CE  26145.14971130  .00004529  00000-0  21713-3 0  9998
2 66742  97.4197 219.0853 0003670  71.6124 288.5510 15.19399685 26923
SENTINEL 1C
1 62261U 24235A   26145.49830730 -.00000013  00000-0  69748-5 0  9999
2 62261  98.1817 153.1365 0001366  91.2542 268.8815 14.59198197 78104
FLOCK 4G 32
1 62643U 25009AL  26145.49329352  .00288260  00000-0  14119-2 0  9996
2 62643  97.3811 234.3885 0002233 224.2239 135.8851 15.81494419 75929
COSMOS 646
1 07270U 74024F   26145.29985265  .00000004  00000-0  11989-3 0  9992
2 07270  74.0163 101.3622 0050968  89.5079  61.4895 12.55027489386317
DMSP 5D-2 F10 (USA 68)
1 20978U 90105A   26145.41240374  .00000217  00000-0  81137-4 0  9998
2 20978  98.6105 205.2436 0070780 353.8115   6.2191 14.40150033859234
ONEWEB-0598
1 55154U 23004Q   26145.11864019  .00000559  00000-0  15420-2 0  9990
2 55154  87.8908  25.6590 0001068  84.2027 275.9222 13.11416017162875
KUIPER-00299
1 68864U 26095A   26145.50003471 -.01808323  00000-0 -86470-1 0  9995
2 68864  51.8797 352.8810 0008767 228.1670 262.2262 15.22170797  4953
ION SCV-020
1 64545U 25135T   26145.57747169  .00002646  00000-0  12856-3 0  9997
2 64545  97.4611 260.7877 0007539 227.2278 132.8323 15.19304633 51413
FLOCK 4H 36
1 66739U 25276CB  26145.16106594  .00005428  00000-0  25429-3 0  9997
2 66739  97.4248 219.3389 0003680  62.5940 297.5669 15.20115741 26936
IRIDE-MS2-HEO-8
1 64587U 25135BM  26145.46979429  .00001739  00000-0  17775-3 0  9994
2 64587  97.7710 260.2749 0002975  80.1237 280.0318 14.91852238 50513
GALEX
1 27783U 03017A   26145.43615654  .00000623  00000-0  91726-4 0  9990
2 27783  28.9976 275.6876 0003264 236.5611 123.4666 14.66033664233870
APRIZESAT 2
1 28366U 04025A   26145.46251741  .00000122  00000-0  51422-4 0  9997
2 28366  98.0997 312.7316 0104696 319.2349  40.1039 14.38026660148375
FLOCK 4Q 16
1 58271U 23174R   26145.23106563  .00029378  00000-0  55975-3 0  9997
2 58271  97.3826 232.8268 0005354 232.3692 127.7073 15.48134440142025
ONEWEB-0583
1 54650U 22166J   26145.50977436  .00000069  00000-0  13616-3 0  9991
2 54650  87.9252 248.5097 0002105  98.8016 261.3356 13.21824956168530
ONEWEB-0211
1 48767U 21045A   26145.38495802  .00000098  00000-0  22291-3 0  9997
2 48767  87.8993 263.6298 0001230 107.7928 252.3337 13.16195024241446
KUIPER-00011
1 63727U 25088D   26145.31219594  .00001489  00000-0  22422-3 0  9997
2 63727  51.9004 111.8339 0000756  46.2649 313.8376 14.79950642 59104
COSMOS 793
1 08609U 76008C   26145.35107560 -.00000013  00000-0  19911-4 0  9999
2 08609  74.0550 273.2446 0046329  35.2691 339.1794 12.52646159301083
KUIPER-00144
1 67133U 25301A   26145.52712843  .00002053  00000-0  32300-3 0  9992
2 67133  51.9011  75.5755 0001121  55.4890 304.6177 14.76425883 25259
PNEO3
1 48268U 21034A   26145.62976638  .00000944  00000-0  12653-3 0  9990
2 48268  97.8938 220.7211 0001440  99.3700 260.7675 14.81669758274311
KUIPER-00016
1 63732U 25088J   26145.39188251  .00001257  00000-0  19343-3 0  9997
2 63732  51.8995 131.3933 0000556  67.5290 292.5732 14.80018538 58706
ORBCOMM FM 2
1 23546U 95017B   26145.45575180  .00008221  00000-0  70239-3 0  9992
2 23546  69.9622 314.2889 0005657 187.7862 172.3210 14.97968738663297
COSMOS 2151
1 21422U 91042A   26145.45163188  .00001157  00000-0  89858-4 0  9997
2 21422  82.4973   9.6224 0012866 153.2962 206.8928 15.00366439874708
COSMOS 1531
1 14624U 84003A   26145.52783374  .00000075  00000-0  64972-4 0  9993
2 14624  82.9303 154.2572 0019865 168.6343   2.6439 13.72414216121380
COSMOS 614
1 06965U 73098A   26145.28830693  .00000150  00000-0  55785-4 0  9990
2 06965  74.0568  77.5688 0022387   8.8383 351.3161 14.40148397751005
SAUDISAT 4
1 40016U 14033G   26145.39497463  .00000683  00000-0  96623-4 0  9992
2 40016  97.7555 292.3225 0045670 146.0842 214.3305 14.79505033642707
JILIN-01 GAOFEN 3D 28
1 52445U 22048C   26145.41464331  .00107330  00000-0  80226-3 0  9995
2 52445  97.5628 257.4578 0003823 157.5922 202.5508 15.72366075225940
FLOCK 4G 34
1 62650U 25009AT  26145.15504733  .00010156  00000-0  36606-3 0  9998
2 62650  97.3963 226.8852 0002806  67.7298 292.4239 15.28736708 75398
LEMUR 2 ALISIA
1 62706U 25009DB  26145.49385882  .00007896  00000-0  60108-3 0  9990
2 62706  97.6975 227.8196 0000756 330.6885  29.4297 15.02364078 96758
YAOGAN-35 04A
1 53522U 22100A   26145.57171451  .00000311  00000-0  14448-4 0  9991
2 53522  35.0082 194.0081 0006032  47.9423 312.1804 15.23087691209811
PRAETORIAN SDA_606
1 65569U 25203E   26145.38055851  .00000093  00000-0  73856-4 0  9991
2 65569  81.3072  32.0699 0004825 251.1106 108.9527 13.83404287 35536
QIANFAN-50
1 62251U 24232Q   26145.47098676  .00000102  00000-0  13954-3 0  9992
2 62251  89.0105  24.7973 0017871  82.9765 277.3418 13.51004660 89975
KUIPER-00176
1 65788U 25217AC  26145.46471105  .00001162  00000-0  18148-3 0  9992
2 65788  51.9010  63.5982 0000947 103.2737 256.8331 14.79927363 36242
RISAT 2B
1 44233U 19028A   26145.41043654  .00002222  00000-0  17449-3 0  9997
2 44233  36.9956 129.1725 0005746 222.7233 137.3063 15.01525160384404
KUIPER-00241
1 67149U 25301S   26145.26082755  .00003323  00000-0  46451-3 0  9995
2 67149  51.9022  97.0355 0000800  83.3627 276.7426 14.79944159 25266
COSMOS 1716
1 16449U 86002A   26145.54009557 -.00000010  00000-0  40989-4 0  9999
2 16449  73.9899  69.8981 0017764 163.2404   9.6271 12.46918929837809
COSMOS 1312
1 12879U 81098A   26145.56395153  .00000014  00000-0  28705-4 0  9999
2 12879  82.6008 240.5903 0007835 148.3993 222.4541 12.42392683566744
FGN-100-D2
1 66299U 25248G   26145.55250470  .00003944  00000-0  19113-3 0  9997
2 66299  45.4017 242.4576 0006457 277.4392  82.5761 15.20271544 31072
COSMOS 1360
1 13163U 82040D   26145.47415166  .00000004  00000-0  12955-3 0  9999
2 13163  74.0121 335.8709 0022601  96.8880 277.4596 12.50199326734941
SS 1
1 10529U 77112D   26145.50470464  .00000197  00000-0  89930-4 0  9993
2 10529  63.3396  60.0098 0516684 162.2306 199.7591 13.90343262349046
MOHAMMED VI-A
1 43005U 17070A   26145.51731440  .00001036  00000-0  15390-3 0  9991
2 43005  97.9559 218.1597 0001669 101.5300 258.6097 14.77105212460639
COSMOS 1975
1 19573U 88093A   26145.12040460  .00005857  00000-0  20675-3 0  9996
2 19573  82.5209  40.8963 0009321 260.3851  99.6336 15.28981797 31088
HEAD-3D
1 57629U 23121D   26145.53636022  .00000820  00000-0  19031-3 0  9990
2 57629  45.0050  46.4181 0006407 151.1399 208.9815 14.62878605148480
COSMOS 1720
1 16453U 86002E   26145.36489205 -.00000004  00000-0  77873-4 0  9991
2 16453  73.9886 294.0764 0028197 322.8632  60.7288 12.50635423843273
COSMOS 2256
1 22691U 93038E   26145.50289256  .00000004  00000-0 -34330-4 0  9990
2 22691  82.5764 226.1960 0007539  47.8078 323.3405 12.63947004518952
USA 16
1 16624U 86014E   26145.32770846  .00002649  00000-0  26800-3 0  9993
2 16624  63.2982 178.5640 0795475 115.8436 252.6817 13.71879795345816
COSMOS 1832
1 17587U 87026F   26145.66759294  .00000019  00000-0  48095-4 0  9997
2 17587  82.5693 216.1007 0008193 228.6950 298.1694 12.64345661808859
YAOGAN-39 03A
1 57986U 23152A   26145.18763712  .00008836  00000-0  36713-3 0  9999
2 57986  35.0009  57.1691 0005262 309.7163  50.3087 15.23059580146931
ONEWEB-0383
1 49309U 21090AG  26145.42452611  .00000030  00000-0  46294-4 0  9992
2 49309  87.8954 294.2376 0001921  92.8989 267.2360 13.14504227224608
ION SCV-012
1 60573U 24149DK  26145.14339966  .00001095  00000-0  10566-3 0  9996
2 60573  97.6780 219.6488 0004196 140.4330 219.7197 14.94878474 96471
WNISAT 1R
1 42835U 17042L   26145.37014463  .00002173  00000-0  17174-3 0  9998
2 42835  97.4816 302.3122 0009416 235.7229 124.3105 15.01641858483080
COSMOS 1801
1 17145U 86092H   26145.46787250 -.00000018  00000-0 -10884-4 0  9996
2 17145  74.0158  27.4225 0054306  38.8729 136.5728 12.58854066815575
GEESAT 4-07
1 65125U 25170G   26145.50595329  .00001426  00000-0  19671-3 0  9990
2 65125  49.9928 279.4076 0017913 325.9792  33.9997 14.83936273 43064
GONETS M 06
1 39250U 13048B   26145.54711404  .00000146  00000-0  98266-3 0  9994
2 39250  82.4873 358.3942 0018383 297.6872  62.2342 12.43030431576133
NAOS
1 65317U 25188C   26145.49837037  .00005008  00000-0  13374-3 0  9999
2 65317  97.2034 221.2104 0000727 230.0404 130.0778 15.38552958 41776
IRIDE-MS2-HEO-10
1 68982U 26100C   26145.27522178  .00001345  00000-0  14102-3 0  9998
2 68982  97.7360  43.1358 0002634 214.2240 145.8809 14.91183832  3289
APRIZESAT 7
1 39416U 13066A   26145.61292455  .00001215  00000-0  12578-3 0  9996
2 39416  97.7696  99.1600 0034343 287.0817  72.6641 14.91505059677863
SENTINEL 5P
1 42969U 17064A   26145.36438378  .00000044  00000-0  41856-4 0  9994
2 42969  98.7918  87.6593 0001074  77.6951 282.4345 14.19514481446324
KUIPER-00089
1 64834U 25151U   26145.45638876  .00001516  00000-0  22774-3 0  9992
2 64834  51.9003 306.1319 0000629 101.1763 258.9270 14.79936372 46884
COSMOS 951
1 10352U 77087A   26145.55651803  .00000053  00000-0  39907-4 0  9991
2 10352  82.9698 188.9697 0035424  76.9643  87.0653 13.74341634441370
OPS 1292
1 11852U 80052C   26145.54122952  .00000010  00000-0  11744-3 0  9991
2 11852  96.6266  82.4374 0001687 331.1260  28.9752 12.83718951 95079
ONEWEB-0323
1 49106U 21075AH  26145.55082021  .00000034  00000-0  58138-4 0  9992
2 49106  87.8961 355.1507 0002312  92.9194 267.2199 13.12443038231583
ONEWEB-0391
1 50471U 21132C   26145.57310786  .00000001  00000-0 -31739-4 0  9990
2 50471  87.9154  10.3759 0002426 100.7188 259.4217 13.17650654215104
COSMOS 1082
1 11297U 79024B   26145.41390780  .00000001  00000-0  10360-3 0  9996
2 11297  74.0314 157.1944 0027363 228.8349 240.4267 12.54964310761913
MICRO LABSAT
1 27600U 02056D   26145.42117931  .00000115  00000-0  61204-4 0  9998
2 27600  98.8112 111.8000 0011026  21.7530 338.4119 14.30840236223282
GONETS D1 6
1 24730U 97006F   26145.36604825  .00000030  00000-0  10729-3 0  9995
2 24730  82.6066 271.5800 0002620  30.9725 329.1521 12.62498910348791
FLOCK 4H 8
1 66711U 25276AX  26145.14347664  .00006517  00000-0  30718-3 0  9997
2 66711  97.4230 219.1678 0005155  97.6837 262.4984 15.19820148 26921
HULIANWANG DIGUI-144
1 67442U 26007H   26145.34300836 -.00000083  00000-0  88629-4 0  9992
2 67442  50.0070 167.4981 0000843 286.0018  74.0761 13.29328256 17759
DISCO-2
1 68431U 26067R   26145.84944476  .00007805  00000-0  37955-3 0  9999
2 68431  97.4586 104.7136 0004334  81.0934 279.0791 15.18676349  8557
LEMUR-2-STARLIGHT
1 66783U 25276DY  26145.13877446  .00003535  00000-0  29784-3 0  9999
2 66783  97.5250 216.5660 0014510 200.6220 159.4420 14.98739682 26740
ICEYE-X51
1 63257U 25052AZ  26145.45701257  .00003995  00000-0  31831-3 0  9991
2 63257  97.7510  40.6070 0002032  58.4385 301.7037 15.00926964 65397
SATMAR
1 64551U 25135Z   26145.28039551  .00007326  00000-0  30025-3 0  9999
2 64551  97.4588 261.1221 0001325  57.2008 302.9357 15.24571003 51432
CUTE-1
1 27844U 03031E   26145.48744790  .00000245  00000-0  12520-3 0  9997
2 27844  98.6738 154.3320 0008361 248.7369 111.2917 14.24319547188440
KUIPER-00192
1 68575U 26072C   26145.50003471 -.00043521  00000-0 -56077-2 0  9990
2 68575  51.9005 293.4750 0002540  69.0929  89.5388 14.80735740  4227
ONEWEB-0299
1 49088U 21075P   26145.33687609  .00000001  00000-0 -31293-4 0  9998
2 49088  87.9163  10.3898 0001936  87.7028 272.4325 13.17649704230591
COSMOS 773
1 08343U 75094A   26145.16502531  .00000099  00000-0  42951-4 0  9997
2 08343  74.0567  38.2222 0011993 223.3943 136.6267 14.35955161649063
QIANFAN-132
1 69078U 26104F   26145.55828671  .00000082  00000-0  32861-4 0  9997
2 69078  88.9868 344.2092 0003733 159.0862 201.0480 14.18144327  1876
COSMOS 2130
1 21105U 91009F   26145.39255191  .00000005  00000-0  13077-3 0  9997
2 21105  74.0276 119.1134 0044258 277.0516 197.6732 12.57180974619092
HJ-2E
1 54035U 22132A   26145.53914514  .00007385  00000-0  32497-3 0  9998
2 54035  97.3804 150.3307 0022649  89.4354 270.9477 15.21917514200975
FLOCK 4H 34
1 66737U 25276BZ  26145.14971369  .00006147  00000-0  28709-3 0  9996
2 66737  97.4240 219.3329 0003294  55.8247 304.3300 15.20171386 26189
COSMOS 675
1  7424U 74069A   26145.37592830 -.00000027  00000-0 -53412-4 0  9998
2  7424  74.0590 255.4578 0038461 341.5871  75.2760 12.67186022393301
GEESAT 6-07
1 65719U 25214H   26145.17230061  .00001543  00000-0  21399-3 0  9990
2 65719  49.9816  54.5680 0009650 145.1193 215.0379 14.83274754 36101
SIT-2086
1 61764U 24199AF  26145.50488845  .00035458  00000-0  60284-3 0  9997
2 61764  97.2982  21.4725 0006524   4.9881 355.1435 15.51337418130919
COSMOS 1953
1 19210U 88050A   26145.32146216  .00007551  00000-0  26184-3 0  9999
2 19210  82.5072  81.0823 0009683 202.6884 157.3930 15.29599952 49497
CENTISPACE-2 S6
1 68355U 26060F   26145.44869407 -.00000009  00000-0  30513-4 0  9997
2 68355  54.9743 128.7981 0010806  83.1825 277.0403 14.72899149  9410
OKEAN 4
1 23317U 94066A   26145.38950199  .00001644  00000-0  13973-3 0  9994
2 23317  82.5327 276.7451 0016006 356.1339   3.9756 14.97156276711928
JASON
1 26997U 01055A   26145.39463242 -.00000020  00000-0  17226-3 0  9999
2 26997  66.0374 121.3097 0008730 279.9948 246.2509 12.84086976145706
SDA_1678
1 65988U 25230Q   26145.36199295  .00000247  00000-0  20851-3 0  9992
2 65988  81.3017 232.7063 0000392 236.7735 123.3384 13.84978653 30661
ONEWEB-0438
1 51634U 22012N   26145.42445172 -.00000559  00000-0 -16365-2 0  9997
2 51634  87.8849  40.8123 0001959  82.6743 277.4607 13.10372405206363
TIANHUI 7
1 67300U 25314A   26145.14481062  .00005649  00000-0  22484-3 0  9992
2 67300  97.4016 221.0361 0003815  45.7489 314.4062 15.25647358 22273
ONEWEB-0580
1 54648U 22166G   26145.53164125  .00000131  00000-0  28494-3 0  9994
2 54648  87.9254 248.4894 0002415  99.3499 260.7908 13.21826164168559
ASTEX 1
1 05560U 71089A   26145.51902839  .00000393  00000-0  99800-4 0  9991
2 05560  92.7009 176.5546 0015589 176.2000 183.9328 14.50831425873446
PUJIANG 2 (PJ-2)
1 52151U 22031B   26145.54031306  .00001067  00000-0  10478-3 0  9999
2 52151  97.8623 331.0603 0010129 280.2946  79.7131 14.94290774226411
ONEWEB-0571
1 55150U 23004L   26145.51052137  .00000073  00000-0  15234-3 0  9995
2 55150  87.9159 339.9827 0001013 128.7948 231.3275 13.18687215166718
ONEWEB-0560
1 55145U 23004F   26145.46330975  .00000044  00000-0  78849-4 0  9992
2 55145  87.9160 339.9827 0001557  84.1411 275.9899 13.18685372166715
COSMOS 872
1 09589U 76118B   26145.58774312 -.00000006  00000-0  59423-4 0  9993
2 09589  74.0320 355.2516 0042038 245.1724 141.6763 12.58109710271662
FLOCK 4Q 27
1 58282U 23174AC  26145.51648705  .00024448  00000-0  39007-3 0  9990
2 58282  97.3814 235.4485 0004911 207.1933 152.9063 15.53198684142238
KUIPER-00220
1 67781U 26030T   26145.50003471  .00025753  00000-0  99453-3 0  9993
2 67781  51.8849 209.2180 0010095 344.3858 217.7246 15.26056829  5624
QIANFAN-44
1 62245U 24232J   26145.49979925  .00000099  00000-0  13428-3 0  9993
2 62245  89.0101  24.6170 0015737  80.3866 279.9062 13.51007683121445
GONETS M 10 (M20)
1 40063U 14036C   26145.53228042  .00000152  00000-0  10251-2 0  9990
2 40063  82.5104 321.7500 0021683 189.1448 170.9240 12.42945335539433
HJS-6D
1 63431U 25067D   26145.42817728  .00000551  00000-0  34906-4 0  9991
2 63431  54.9896 127.6722 0002585 281.4782  78.5950 15.25120988 64464
HULIANWANG DIGUI-92
1 66000U 25231F   26145.57794432 -.00000101  00000-0  49719-4 0  9991
2 66000  50.0054 256.7393 0000907 154.3180 205.7737 13.29328370 29887
COSMOS 713
1  7680U 75016C   26145.50292719 -.00000019  00000-0 -16287-4 0  9993
2  7680  74.0056  49.1955 0058669 180.9200 352.0667 12.55675362348558
COSMOS 528
1  6262U 72087A   26145.49720168  .00000009  00000-0  14332-3 0  9990
2  6262  74.0326 171.7426 0065894 283.2879 245.7424 12.61616129466929
FIREFLY-2
1 62704U 25009CZ  26145.48197920  .00001119  00000-0  11371-3 0  9991
2 62704  97.7028 223.8807 0006938 143.9421 216.2267 14.92753659 73933
COLIBRI-S
1 61746U 24199M   26145.49040742  .00021677  00000-0  43528-3 0  9995
2 61746  97.3033  19.1515 0008604  16.8827 343.2708 15.46645297133905
GEESAT 1-02
1 52786U 22058B   26145.47020433  .00001750  00000-0  24967-3 0  9990
2 52786  50.0016 307.6517 0023230 164.8276 195.3363 14.81292058216565
LEMUR 2 MANO
1 57390U 23100E   26145.20034711  .05189989  37333-5  11615-2 0  9995
2 57390  99.4501 195.7338 0031481 223.1703 136.7115 16.28673702158555
QPS-SAR-7 TSUKUYOMI-II
1 59447U 24066F   26145.52341182  .00006334  00000-0  41454-3 0  9998
2 59447  45.6052   4.2513 0001961 216.8116 143.2634 15.08579634116807
ONEWEB-0186
1 48229U 21031V   26145.35790984 -.00000139  00000-0 -41033-3 0  9994
2 48229  87.8949 294.2474 0001812 101.3657 258.7676 13.14501139245380
OPS 1127 (DMSP 4B F3)
1  4047U 69062A   26145.31636294  .00000073  00000-0  44851-4 0  9996
2  4047  98.4264   1.4203 0043230 323.4413  36.3821 14.29509517958066
PRAETORIAN SDA_601
1 65585U 25203X   26145.41779628  .00000200  00000-0  17185-3 0  9990
2 65585  81.3060  32.0709 0004522 267.8024  92.2614 13.83269502 35531
ONEWEB-0205
1 48226U 21031S   26145.37854809 -.00000008  00000-0 -57061-4 0  9994
2 48226  87.8949 294.2436 0001753 106.7998 253.3324 13.14504001245276
LINGQIAO VIDEO B
1 40960U 15057C   26145.51524263  .00000723  00000-0  10814-3 0  9992
2 40960  97.6588 142.6072 0016744 348.9215  11.1625 14.77461800572109
SUPERVIEW NEO-2 02
1 53130U 22082C   26145.48143880  .00002399  00000-0  10052-3 0  9994
2 53130  97.3930 155.7895 0001740  89.0494 271.0943 15.24497953214755
YAOGAN-30 M
1 43172U 18011D   26145.50213366  .00002561  00000-0  19064-3 0  9999
2 43172  34.9972 289.2123 0002530 245.4051 114.6394 15.02592390454671
INTERCOSMOS 22
1 12645U 81075A   26145.53069602  .00000094  00000-0  38556-4 0  9992
2 12645  81.2182 229.5940 0061707 274.1388  85.2736 14.18971990316838
NIGHTJAR
1 60535U 24149BV  26145.49558985  .00003589  00000-0  30206-3 0  9999
2 60535  97.6850 222.5171 0002716 113.9372 246.2136 14.98866410139473
GAOFEN 11 3
1 49492U 21107A   26145.52719155  .00005149  00000-0  21747-3 0  9995
2 49492  97.2102 190.5439 0009532 132.8758 227.3282 15.23639324251186
QIANFAN-9
1 60387U 24140J   26145.43872740  .00000097  00000-0  13118-3 0  9991
2 60387  88.9718 282.3548 0018249  87.2294 273.0945 13.51010993 89431
HEAD-3A
1 57626U 23121A   26145.50519562  .00000657  00000-0  16619-3 0  9990
2 57626  45.0023  63.2404 0005832 166.6504 193.4508 14.60632323148268
COSMOS 1797
1 17141U 86092D   26145.37249087 -.00000007  00000-0  58310-4 0  9996
2 17141  74.0138 288.2918 0018547 353.3092  34.6285 12.51643811805167
COSMOS 1327
1 12982U 81116H   26145.41118383  .00000006  00000-0  17627-3 0  9998
2 12982  73.9820 308.2007 0076790 152.3400 233.3047 12.31647109   216
ONEWEB-0008
1 44059U 19010C   26145.50476094  .00000017  00000-0  10825-4 0  9994
2 44059  87.9105 233.2799 0002169 106.7879 253.3490 13.16594475348742
OPS 7613 (P/L 5)
1 04247U 69082F   26145.49970703  .00000050  00000-0  75221-4 0  9995
2 04247  70.0122 150.9376 0019707 166.2318 193.9329 13.95988494883244
SKYCRAFT 4C
1 64896U 25154H   26145.12809162  .00002977  00000-0  27639-3 0  9992
2 64896  97.6698 209.7552 0004711 356.5999   3.5189 14.95138069195703
GLOBALSTAR M057
1 25943U 99058A   26145.53195472 -.00000103  00000-0 -92290-4 0  9990
2 25943  51.9976  96.6131 0002920   6.7025 353.3863 12.24840708208884
LYNK TOWER 6
1 59123U 24043AB  26145.33367916  .00004866  00000-0  16549-3 0  9991
2 59123  97.5563 281.9026 0009197 333.4296  26.6472 15.30901694123530
COSMOS 1195
1 11878U 80058D   26145.48332218  .00000005  00000-0  13907-3 0  9993
2 11878  74.0181 322.2324 0015861 128.0681 261.0581 12.50616352 94527
CE-SAT-IE
1 58987U 24032A   26145.13464920  .00000302  00000-0  60653-4 0  9994
2 58987  97.9976 200.3368 0003621 134.5091 225.6411 14.68262185121450
SPOT 1
1 16613U 86019A   26145.53420501  .00001488  00000-0  22062-3 0  9995
2 16613  98.6629  77.2630 0128246 336.8886  22.6581 14.71440100807662
ONEWEB-0381
1 49307U 21090AE  26145.35617163  .00000032  00000-0  45764-4 0  9990
2 49307  87.9176 278.9921 0002181  97.8624 262.2757 13.20772253226811
COSMOS 2576
1 59773U 24092A   26145.73171965  .00006855  00000-0  32415-3 0  9997
2 59773  97.4355 262.0276 0014309  92.4105 267.8769 15.19613541112970
RAVEN
1 69016U 26100AN  26145.43575624  .00002782  00000-0  12767-3 0  9990
2 69016  97.4055  43.6935 0009433 122.8073 237.4073 15.21214977  3352
TIANQI-6
1 46810U 20076D   26145.54856248  .00002794  00000-0  18444-3 0  9990
2 46810  34.9977 187.3889 0010594 325.4794  34.5227 15.07008204305162
QUICK3
1 64558U 25135AG  26145.24275467  .00012399  00000-0  47528-3 0  9992
2 64558  97.4713 261.7159 0004255 228.2764 131.8111 15.26648280 51351
START 1
1 22561U 93014A   26145.48956786  .00000055  00000-0  26108-4 0  9995
2 22561  75.7629  53.0687 0193362 228.0197 130.4350 14.22583805720638
KUIPER-00050
1 64510U 25134L   26145.53727073  .00000506  00000-0  95421-4 0  9999
2 64510  51.8990 230.7353 0000526 109.8486 250.2533 14.79934000 51779
ONEWEB-0636
1 56077U 23043AH  26145.31902786  .00000179  00000-0  44108-3 0  9998
2 56077  87.8990 263.7546 0002104  96.7785 263.3585 13.15548018153401
KUIPER-00502
1 68883U 26095V   26145.59552683  .00027352  00000-0  73463-3 0  9991
2 68883  51.8806 351.6239 0005696 203.7099 156.3626 15.37711154  4253
COSMOS 1526
1 14615U 84001E   26145.50601111 -.00000024  00000-0 -52095-4 0  9996
2 14615  74.0080 222.9387 0011682 141.3978 230.0629 12.53055402938742
COSMOS 2612
1 68762U 26083H   26145.61057750  .00002317  00000-0  15936-3 0  9997
2 68762  97.8499 283.2653 0014110 124.0393 236.2176 15.06886326  5800
FLYLAB 2
1 68503U 26067CR  26145.41701495  .00001750  00000-0  18410-3 0  9992
2 68503  97.7559 103.9142 0006431 125.1457 235.0365 14.90653011  8322
HULIANWANG DIGUI-77
1 65309U 25187E   26145.52503104 -.00000106  00000-0  39879-4 0  9992
2 65309  50.0051 287.2855 0000665  82.0359 278.0589 13.29322763 36687
KUIPER-00468
1 68873U 26095K   26145.98140056  .00031043  00000-0  82724-3 0  9992
2 68873  51.8828 349.7150 0005075 199.7297 160.3494 15.37889703  4312
COSMOS 1045
1 11084U 78100A   26145.29532851  .00000005  00000-0 -52605-4 0  9991
2 11084  82.5497  55.0102 0012824  17.8204 105.0869 11.96770307 78525
ONEWEB-0556
1 55798U 23029C   26145.35786345  .00000232  00000-0  53872-3 0  9994
2 55798  87.9165 279.0233 0002406  80.2189 279.9216 13.20771288158131
KINEIS-4A
1 63303U 25056D   26145.46524573  .00001380  00000-0  22608-3 0  9990
2 63303  97.9080 270.1220 0001992  46.3278 313.8095 14.72282518 63788
KUIPER-00380
1 68920U 26098B   26145.39196897  .00013881  00000-0  43619-3 0  9997
2 68920  51.8734 177.7247 0009321  60.2081 299.9829 15.33228809  3846
KUIPER-00160
1 67765U 26030B   26145.49574767  .00022462  00000-0  60118-3 0  9994
2 67765  51.8803 208.1502 0006395 335.9653  24.1034 15.37932341 16901
COSMOS 711
1  7678U 75016A   26145.34792005 -.00000007  00000-0  63094-4 0  9999
2  7678  74.0031  89.8472 0020099 313.0001 169.0757 12.47085166332486
GXIBA-1
1 67685U 98067YB  26145.93640402  .00051067  00000-0  64448-3 0  9996
2 67685  51.6292  45.7301 0013441 117.8582 242.3774 15.58955704 16818
IRIDE-MS1-EAG2-12
1 68461U 26067AX  26145.35364876  .00007111  00000-0  35479-3 0  9997
2 68461  97.4534 104.1186 0005302 126.8985 233.2735 15.17806395  8478
COSMOS 1816
1 17359U 87009A   26145.25234428  .00000072  00000-0  60603-4 0  9995
2 17359  82.9258  41.4696 0031108 273.6923 209.1487 13.74643572972007
COSMOS 1619
1 15471U 85003C   26145.54167784  .00000015  00000-0  23368-4 0  9996
2 15471  82.6087  57.0518 0020427  90.9257  82.5431 12.66279027911189
COSMOS 1232
1 12111U 80102E   26145.23361448 -.00000014  00000-0  14246-4 0  9993
2 12111  73.9958  54.2532 0032638 128.9411  38.8560 12.56331577 82918
SJ-11-06
1 39624U 14014A   26145.51120387  .00000433  00000-0  95654-4 0  9992
2 39624  97.9493 173.1341 0015206  60.5667 299.7050 14.61827187647386
ONEWEB-0305
1 49093U 21075U   26145.38073262  .00000051  00000-0  98698-4 0  9999
2 49093  87.9161  10.3885 0002108  93.9790 266.1582 13.17650899230602
ONEWEB-0500
1 54118U 22138F   26145.46694186  .00000103  00000-0  22535-3 0  9991
2 54118  87.9159 309.4939 0001786  96.2380 263.8956 13.19727499173830
KUIPER-00482
1 68877U 26095P   26145.96932065  .00034661  00000-0  89973-3 0  9995
2 68877  51.8858 349.6357 0002123 184.6739 175.4229 15.38651770  4317
FLOCK 4H 15
1 66718U 25276BE  26145.46004525  .00005540  00000-0  26578-3 0  9999
2 66718  97.4224 219.3371 0006010  97.3320 262.8598 15.19269519 26966
ONEWEB-0312
1 49098U 21075Z   26145.33011826  .00000052  00000-0  10176-3 0  9992
2 49098  87.9153  10.4193 0001858  94.8056 265.3287 13.17649633230592
COSMOS 1777
1 16952U 86070A   26145.47793918  .00000097  00000-0  44115-4 0  9995
2 16952  74.0027 164.4798 0026649 320.5307  39.3903 14.34085924 75606
GENA-OT-1
1 66774U 25276DN  26145.15064536  .00005255  00000-0  24145-3 0  9996
2 66774  97.4208 219.4173 0000435  40.3229 319.8039 15.20802730 26943
ONEWEB-0509
1 54127U 22138Q   26145.42272143  .00000078  00000-0  16236-3 0  9994
2 54127  87.9161 309.5010 0001702  90.4594 269.6733 13.19726060173802
FLOCK 4G 25
1 62646U 25009AP  26145.48465247  .00010444  00000-0  37419-3 0  9998
2 62646  97.4014 227.6758 0002759  65.6536 294.4991 15.28927213 75451
CANX-1
1 27847U 03031H   26145.48917058  .00000180  00000-0  97818-4 0  9991
2 27847  98.6864 154.2326 0008307 224.7163 135.3347 14.23843284188504
COSMOS 797
1 08613U 76008G   26145.57519921  .00000004  00000-0  13976-3 0  9999
2 08613  74.0541  94.2882 0031477  39.3194 135.0178 12.40688617279203
ONEWEB-0474
1 51654U 22012AJ  26145.41449585 -.00000239  00000-0 -71959-3 0  9996
2 51654  87.8859  40.7924 0001946  70.8736 289.2602 13.10370823206314
ONEWEB-0514
1 54132U 22138V   26145.42745524  .00000047  00000-0  84972-4 0  9997
2 54132  87.9160 309.5017 0001901  96.3603 263.7747 13.19725749173826
ION SCV-014
1 62630U 25009X   26145.44214333  .00000907  00000-0  67821-4 0  9999
2 62630  97.4857 219.2904 0004049 199.3234 160.7840 15.05144357 74567
TMSAT
1 25396U 98043C   26145.37053780  .00000116  00000-0  68532-4 0  9996
2 25396  98.9856 135.8916 0001936 207.6264 152.4813 14.25753251448747
KUIPER-00297
1 68596U 26072Z   26145.50003471 -.02187412  00000-0 -13927+0 0  9997
2 68596  51.8785 288.6167 0008875 311.7067  49.3310 15.11767350  4517
ONEWEB-0052
1 45156U 20008AB  26145.41297942 -.00000142  00000-0 -44438-3 0  9992
2 45156  87.8852  40.7959 0002137  89.5920 270.5452 13.10371014304958
KUIPER-00186
1 67140U 25301H   26145.15676584 -.00006664  00000-0 -84622-3 0  9998
2 67140  51.9014  99.9869 0000604 113.0949 247.0077 14.79925611 24881
FLOCK 4Q 36
1 58274U 23174U   26145.50959073  .00034361  00000-0  49196-3 0  9998
2 58274  97.3846 237.1119 0006991 208.8149 151.2721 15.56096218142308
KUIPER-00200
1 67772U 26030J   26145.44615111  .00009375  00000-0  45916-3 0  9993
2 67772  51.8836 213.5798 0002770  20.5924 339.5166 15.18810645 16824
YAOGAN-40 02A
1 63918U 25096A   26145.54045954  .00000082  00000-0  34014-4 0  9999
2 63918  85.9969 198.1128 0002466 105.0019 255.1437 14.12442963 53370
FLOCK 4H 21
1 66724U 25276BL  26145.18159287  .00005938  00000-0  27507-3 0  9995
2 66724  97.4187 219.3158 0003262  54.4394 305.7145 15.20465350 26198
YAOGAN-35 03C
1 53320U 22088E   26145.55299890  .00036568  00000-0  78824-3 0  9998
2 53320  34.9961 299.1077 0001551  72.5267 287.5623 15.43559292213434
COSMOS 2070
1 20555U 90029G   26145.45678117 -.00000021  00000-0 -30381-4 0  9998
2 20555  73.9814 211.2560 0013521 359.4415  12.5423 12.52804824652568
YAOGAN-36 04C
1 54750U 22171E   26145.54195535  .00014246  00000-0  45162-3 0  9997
2 54750  34.9818 327.9561 0006799 286.4591  73.5379 15.31840130192018
YUNYAO-1 43
1 63344U 25059A   26145.50295370  .00003130  00000-0  19185-3 0  9994
2 63344  97.6109 326.9917 0013397 228.0754 131.9334 15.10843045 64872
IRIDIUM 28
1 24948U 97051E   26145.58107542  .00000254  00000-0  77981-4 0  9996
2 24948  86.3972 357.4741 0002579  78.9212 281.2275 14.37687116503039
CERISE
1 23606U 95033B   26145.51380806  .00014011  00000-0  42278-3 0  9999
2 23606  98.3164 359.6173 0004624 322.5705  37.5213 15.34415545676416
PLATERO
1 58262U 23174G   26145.24166907  .00031705  00000-0  37057-3 0  9994
2 58262  97.3927 242.2528 0005308 174.1142 186.0179 15.61525237142605
LANDSAT 8
1 39084U 13008A   26145.43238094  .00000270  00000-0  69913-4 0  9998
2 39084  98.1837 215.8544 0001353 102.7474 257.3876 14.57118926694582
CROCUBE
1 62394U 24247T   26145.37969828  .00035596  00000-0  70668-3 0  9991
2 62394  44.9733  27.9144 0006454 207.7136 152.3410 15.46420907 79817
TIANHUI 2-01A
1 44207U 19024A   26145.39911447  .00001533  00000-0  81563-4 0  9998
2 44207  97.4800 149.6389 0001579 112.5924 247.5476 15.16749358 98688
SKYSAT C7
1 42991U 17068E   26145.66145469  .00010306  00000-0  29233-3 0  9998
2 42991  97.4500 283.0039 0006271 175.0358 185.0950 15.36404830478913
YAOGAN-39 01A
1 57727U 23130A   26145.52411905  .00010041  00000-0  41599-3 0  9999
2 57727  35.0027 271.2701 0002992 291.4364  68.6031 15.23143502152253
PERSEUS M1
1 40039U 14033AF  26145.35558445  .00001109  00000-0  10539-3 0  9996
2 40039  97.9634  89.1158 0012171  20.0690 340.1006 14.95542388647221
RAPTOR2
1 58959U 24028E   26145.32842027 -.00000042  00000-0  39581-4 0  9995
2 58959  39.9887 147.9868 0010868 128.0629 232.1099 13.70554808113930
PERUSAT 1
1 41770U 16058A   26145.46108545  .00000511  00000-0  11976-3 0  9994
2 41770  98.2021 219.4004 0001426  83.4570 276.6791 14.58541272515786
SHIYAN 30 01
1 65851U 25222A   26145.60510217  .00001777  00000-0  17568-3 0  9990
2 65851  34.9896  37.3209 0003147 275.1677  84.8668 14.91753148 35663
ALSAT 1
1 27559U 02054A   26145.46056618  .00000663  00000-0  98905-4 0  9993
2 27559  98.2484 329.5525 0019668 357.8391   2.2731 14.78161807259893
HAWK-8B
1 59445U 24066D   26145.38729556  .00001155  00000-0  11268-3 0  9991
2 59445  45.6220  36.3712 0003904 292.6151  67.4317 14.99024190116401
COSMOS 1363
1 13166U 82040G   26145.50085674 -.00000024  00000-0 -60055-4 0  9992
2 13166  74.0111 215.9110 0018907 107.7823 264.0054 12.44161668   702
COSMOS 1250
1 12320U 81022A   26145.44056767 -.00000018  00000-0 -12565-4 0  9992
2 12320  74.0319  21.3388 0051915  91.9700  80.4643 12.58281826 77042
BANE
1 58465U 23185D   26145.49261803  .00333090  44894-4  92344-3 0  9994
2 58465  97.3356 232.8735 0007044 217.2984 142.7803 15.93759998139217
FORMOSAT7-5/COSMIC2-5
1 44358U 19036V   26145.46445099  .00002347  00000-0  17615-3 0  9991
2 44358  23.9992  61.5556 0000119 263.6930  96.3557 14.96397795378944
IONOSFERA-M 01
1 61735U 24199A   26145.47848086  .00000030  00000-0  33109-4 0  9993
2 61735  98.7203  18.8873 0001083 139.8707 220.2551 14.22749533124470
COSMOS 1158
1 11693U 80012C   26145.57952161 -.00000023  00000-0 -43172-4 0  9993
2 11693  74.0215 253.1270 0027513 184.3682 187.1186 12.52380991115897
PE2_FLT1 (TYVAK-0261)
1 59105U 24043H   26145.33002300  .00001923  00000-0  17190-3 0  9998
2 59105  97.8360 275.9172 0007543 110.2733 249.9300 14.97084662121237
FLOCK 4BE 27
1 60513U 24149AX  26145.49746812  .00009179  00000-0  28143-3 0  9991
2 60513  97.3824 227.3450 0004435  45.6280 314.5326 15.33990116 98665
ONEWEB-0705
1 61610U 24188S   26145.39624551  .00000657  00000-0  18445-2 0  9992
2 61610  87.8859  40.7953 0002044 112.9026 247.2317 13.10373647 72471
GAOFEN 12 (03)
1 52912U 22069A   26145.47193566  .00000579  00000-0  83203-4 0  9998
2 52912  97.8305  33.9116 0001026 112.1089 248.0232 14.79991517211252
HAWK-5C
1 52754U 22057Y   26145.39809112  .00018331  00000-0  32316-3 0  9994
2 52754  97.6568 303.6179 0005446 148.0912 212.0670 15.50458135222819
YAOGAN-31 C
1 43277U 18034C   26145.54644057 -.00000240  00000-0 -20187-3 0  9991
2 43277  63.3939 148.9039 0273548   7.0346 353.4397 13.45440107399195
ORBCOMM FM 15
1 25418U 98046F   26145.26316342  .00000762  00000-0  28670-3 0  9993
2 25418  44.9981 353.0917 0003534 213.2902 146.7725 14.39632512453526
SIMSAT 2
1 26366U 00026B   26145.41207519  .00002111  00000-0  72635-4 0  9990
2 26366  86.3445 138.7803 0006343  16.9440 343.2018 15.29393418439737
COSMOS 494
1 06059U 72043A   26145.36611546  .00000104  00000-0  44391-4 0  9996
2 06059  74.0533 123.7372 0011554 266.8388  93.1443 14.36527147820864
DUMSAT
1 26086U 00009A   26145.38165955  .00000121  00000-0  24498-4 0  9996
2 26086  64.8499 137.8963 0021888 261.8392  98.0241 14.97197486434820
COSMOS 1864
1 18160U 87057A   26145.38054772  .00000064  00000-0  50662-4 0  9990
2 18160  82.9332 183.0872 0030416 257.1909 113.3058 13.75814032931728
PISAT
1 41784U 16059B   26145.46120804  .00000803  00000-0  14452-3 0  9998
2 41784  97.8179 146.8917 0027487 278.7208  81.0885 14.68937166516402
VSP RF B1
1 59137U 24043AR  26145.47900493  .00003856  00000-0  14648-3 0  9990
2 59137  97.5584 282.1477 0009779 323.2930  36.7638 15.27398554123558
HULIANWANG DIGUI-159
1 68133U 26047E   26145.34136459 -.00000085  00000-0  85107-4 0  9992
2 68133  49.9995 138.0246 0000436   3.7712 356.3163 13.29330744 10032
BRO-6
1 52422U 22047AE  26145.47406053  .00021227  00000-0  39283-3 0  9999
2 52422  97.3402 236.1205 0005700 147.8526 212.3073 15.49033690227634
RAPTOR4
1 58956U 24028B   26145.46557828  .00000107  00000-0  20712-3 0  9995
2 58956  39.9884 148.8221 0013976 110.8965 249.3279 13.70381835113930
HULIANWANG DIGUI-69
1 65229U 25178B   26145.45852551  .00000059  00000-0  10275-3 0  9992
2 65229  86.5022  21.2471 0001703  84.7398 275.3930 13.24412875 37305
NUSAT-26 (M SOMERVILLE)
1 52184U 22033AD  26145.52734479  .00022095  00000-0  53083-3 0  9999
2 52184  97.2346 224.7987 0004586 340.1983  19.9085 15.41340584101215
ONEWEB-0579
1 56068U 23043Y   26145.53668912  .00000188  00000-0  42359-3 0  9998
2 56068  87.9262 248.4743 0001808  94.1797 265.9544 13.21825221155257
ORBCOMM FM 31
1 25981U 99065B   26145.42633673  .00000514  00000-0  21487-3 0  9991
2 25981  45.0229 262.1205 0003936 285.0211  75.0202 14.38029598383253
QIANFAN-4
1 60382U 24140D   26145.45927083  .00000104  00000-0  14252-3 0  9998
2 60382  88.9718 282.1644 0014884  80.8679 279.4155 13.51009467 89547
NUSAT-37 (JOAN CLARKE)
1 56203U 23054AB  26145.47117712  .00044011  00000-0  65287-3 0  9999
2 56203  97.2664  52.1582 0006430  23.5093 336.6454 15.55082353175113
SKYSAT C13
1 43802U 18099AW  26145.58334904  .00252058  27400-4  56106-3 0  9998
2 43802  96.9179 194.3240 0004019 207.9694 152.1369 15.97877566419354
ENVISAT
1 27386U 02009A   26145.39421454  .00000068  00000-0  35778-4 0  9995
2 27386  98.3824  97.2228 0001263  92.0600  74.8000 14.39058485270208
ONEWEB-0064
1 45433U 20020K   26145.60185165 -.00000252  00000-0 -74790-3 0  9994
2 45433  87.8907  25.5604 0001618  83.7079 276.4233 13.11415430299721
HONGYUN 1
1 43871U 18108A   26145.51707141  .00000130  00000-0  26774-3 0  9998
2 43871  99.7563 167.7363 0014620 110.1356 250.1353 13.51210300366029
ONEWEB-0302
1 49091U 21075S   26145.50846442  .00000157  00000-0  39973-3 0  9996
2 49091  87.8961 355.1763 0001575  94.6721 265.4587 13.12440512231579
ONEWEB-0238
1 48784U 21045T   26145.57269131  .00000042  00000-0  76424-4 0  9998
2 48784  87.9005 263.6766 0001927 113.3654 246.7679 13.15549944241407
YAOGAN 14
1 38257U 12021A   26145.49928373  .00005512  00000-0  20669-3 0  9993
2 38257  97.2997 283.2470 0003558 257.5832 102.5010 15.27639283782359
YUNHAI 2-1F
1 43915U 18112G   26145.51394111  .00000360  00000-0  20461-3 0  9993
2 43915  50.0123 323.8955 0006941 246.5340 113.4846 14.29019843385064
COSMOS 2401
1 27869U 03037B   26145.53468557  .00000105  00000-0  66027-3 0  9996
2 27869  82.4710 340.4479 0023161  99.7306 260.6393 12.45503118 34954
KUIPER-00037
1 63749U 25088AB  26145.50003471 -.00006796  00000-0 -81657-3 0  9990
2 63749  51.8986 132.3201 0000495  97.0121 155.6215 14.82230400  5697
KNACKSAT-2
1 67683U 98067XZ  26145.01594194  .00040983  00000-0  54507-3 0  9999
2 67683  51.6300  50.8353 0011915 116.1156 244.1064 15.57682767 16663
FOSSASAT2E21
1 64536U 25135J   26145.23540476  .00002436  00000-0  11689-3 0  9992
2 64536  97.4622 259.8097 0002629 260.3129  99.7809 15.19824913 51335
KUIPER-00236
1 68582U 26072K   26145.38418032  .00031641  00000-0  87230-3 0  9991
2 68582  51.8773 287.1057 0002222 272.6743  87.3990 15.36835682  7876
JACKAL-004
1 69012U 26100AJ  26145.24890613  .00003502  00000-0  16334-3 0  9998
2 69012  97.4065  43.4893 0007146 108.2594 251.9420 15.20491322  3329
IRIDIUM 173
1 43925U 19002D   26145.09332138  .00000043  00000-0  81981-5 0  9991
2 43925  86.3982   3.2191 0002281  86.3053 273.8403 14.34217821385641
QIANFAN-86
1 63172U 25046P   26145.45843538  .00000036  00000-0  37588-4 0  9998
2 63172  88.9692 302.8144 0011609  28.7961 331.3829 13.51012478 69652
ONEWEB-0534
1 55797U 23029B   26145.35109703  .00000053  00000-0  98371-4 0  9995
2 55797  87.9167 279.0244 0001833  95.7150 264.4193 13.20770083158131
MOS 1A (MOMO 1)
1 17527U 87018A   26145.42422010  .00000388  00000-0  27670-3 0  9993
2 17527  98.8424 195.5076 0007708 250.6021 120.0810 14.03205274  6860
KUIPER-00062
1 64522U 25134Y   26145.54947027  .00003624  00000-0  50405-3 0  9992
2 64522  51.8957 250.7206 0000297  95.9066 264.1930 14.79939011 51499
PROGRESS MS-33
1 68319U 26058A   26145.42220529  .00009654  00000-0  18076-3 0  9991
2 68319  51.6330  52.7989 0007470  96.3597 263.8242 15.49365963568236
COSMOS 1621
1 15473U 85003E   26145.35928817  .00000017  00000-0  34634-4 0  9999
2 15473  82.6102  91.0534 0011866 188.3062 296.3630 12.64481849908679
AAC-HSI-SAT1
1 56225U 23054AZ  26145.53714543  .00001789  00000-0  10648-3 0  9991
2 56225  97.3719  22.6895 0009270 193.6892 166.4089 15.12428567171943
TIANQI 38
1 67477U 26010B   26145.45194479 -.00000010  00000-0  81459-4 0  9994
2 67477  44.9765 182.6743 0011843 230.2872 129.6918 13.99154202 18214
YAOGAN 4
1 33446U 08061A   26145.36424665  .00000817  00000-0  10667-3 0  9998
2 33446  97.9304  79.0446 0015138 140.3657 219.8666 14.83149241942288
COSMOS 595
1  6852U 73069H   26145.49262167 -.00000021  00000-0 -29888-4 0  9995
2  6852  74.0028  53.3732 0055503 141.5573  40.4916 12.55487185412682
METEOR 2-4
1 11288U 79021A   26145.34112987  .00000068  00000-0  30326-4 0  9994
2 11288  81.2156 160.4641 0023913   3.9484 356.1872 14.12329737431798
SAPPHIRE
1 26932U 01043D   26145.43758206  .00000061  00000-0  54335-4 0  9994
2 26932  67.0558 311.8323 0007450 252.4726 107.5562 14.31287479287133
IRIDIUM 154
1 43574U 18061F   26145.48706132  .00000187  00000-0  59686-4 0  9992
2 43574  86.3970  66.2960 0002119  83.2493 276.8944 14.34219780410159
KUIPER-00080
1 64827U 25151M   26145.50772983  .00001113  00000-0  17503-3 0  9995
2 64827  51.8996 320.8769 0000707 120.8940 239.2091 14.79936843 46684
AE3VA
1 64563U 25135AM  26145.56586273  .00005341  00000-0  47104-3 0  9992
2 64563  97.7647 260.6112 0002237  15.6472 344.4818 14.96840305 50550
ONEWEB-0066
1 45424U 20020A   26145.41026029  .00000230  00000-0  61391-3 0  9993
2 45424  87.8914  25.6027 0001861  76.2143 283.9191 13.11418239299690
BUCCANEER MM
1 63245U 25052AM  26145.47108613  .00002030  00000-0  19307-3 0  9990
2 63245  97.6899  36.9444 0002611 307.4015  52.6968 14.94531100 65207
KINEIS-4B
1 63304U 25056E   26145.58390825  .00001314  00000-0  21569-3 0  9997
2 63304  97.9093 270.2877 0005765  25.2396 334.9092 14.72274432 63799
HULIANWANG DIGUI-49
1 65106U 25168A   26145.45710139 -.00000070  00000-0  11598-3 0  9993
2 65106  50.0042  47.4877 0008531  34.7326 325.4102 13.29317779 39660
CSTB 1
1 31122U 07012F   26145.47193566  .00001900  00000-0  29586-3 0  9991
2 31122  98.4135 147.3116 0063664 339.5288  20.3369 14.72912332 18205
COSMOS 770
1  8325U 75089A   26145.40772080  .00000015  00000-0  32620-5 0  9997
2  8325  82.9605  24.1691 0029080 151.6450  22.0068 13.19806772440385
YAOGAN-30 S
1 45461U 20021B   26145.55266191  .00002584  00000-0  19233-3 0  9998
2 45461  34.9953 348.4298 0002446 352.7212   7.3460 15.02595240337085
ONEWEB-0540
1 54645U 22166D   26145.51327530  .00000046  00000-0  79171-4 0  9994
2 54645  87.9252 248.5131 0002085  98.4031 261.7339 13.21825458168536
IRIDIUM 911
1 24842U 97030G   26145.49337424  .00000432  00000-0  11049-3 0  9990
2 24842  86.4459  59.8119 0015704  42.3808 317.8606 14.48092956524610
YAOGAN-31 G
1 47691U 21014A   26145.57130041 -.00000049  00000-0  63568-4 0  9990
2 47691  63.4039 255.9703 0175068   0.5886 359.5315 13.45447949257734
GLOBALSTAR M095
1 39077U 13005F   26145.58171100 -.00000088  00000-0  89951-4 0  9999
2 39077  52.0099 350.0215 0000463 107.0645 253.0273 12.62263043613017
ONEWEB-0451
1 51643U 22012X   26145.35206349 -.00000062  00000-0 -19408-3 0  9991
2 51643  87.9164  10.3820 0002076  86.0356 274.1013 13.17648120210658
ONEWEB-0236
1 48797U 21045AG  26145.35862351 -.00000048  00000-0 -16100-3 0  9993
2 48797  87.8988 263.7558 0001932 104.2452 255.8893 13.15546577241252
KINEIS-5C
1 62081U 24219A   26145.49593322  .00000584  00000-0  10005-3 0  9996
2 62081  97.9020 304.9825 0004126  16.7955 343.3388 14.72292616 80418
ONEWEB-0618
1 55159U 23004V   26145.57219155  .00003841  00000-0  21575-3 0  9996
2 55159  86.9116 186.8130 0013353  30.5055 329.6959 15.12944710178843
FLOCK 4Q 29
1 58304U 23174BA  26145.50442331  .00028011  00000-0  43272-3 0  9990
2 58304  97.3927 236.4835 0005720 200.7563 159.3459 15.54062450142237
KUIPER-00168
1 65781U 25217V   26145.17700229  .00001811  00000-0  26644-3 0  9996
2 65781  51.9012  49.8774 0000900 100.4937 259.6126 14.79938939 36416
ONEWEB-0523
1 54141U 22138AE  26145.37802569  .00000096  00000-0  20450-3 0  9998
2 54141  87.9177 278.9877 0002467 114.7000 245.4390 13.20772871176296
COSMOS 1854
1 18115U 87051C   26145.37898494 -.00000010  00000-0  40651-4 0  9999
2 18115  74.0058  15.1263 0013922  99.2189  73.5189 12.48827584775231
KUWAITSAT-1
1 55103U 23001CY  26145.46687170  .00022423  00000-0  42197-3 0  9996
2 55103  97.3253 215.9275 0009436 150.4222 209.7564 15.48510044189074
KUIPER-00142
1 65766U 25217E   26145.20267797  .00003822  00000-0  53013-3 0  9995
2 65766  51.9003  57.2450 0000840  93.7042 266.4017 14.79929651 36312
COSMOS 508
1  6121U 72057E   26145.50407616 -.00000016  00000-0 -26346-5 0  9993
2  6121  74.0289  61.4012 0033592 130.3871  41.8391 12.48901945454867
QIANFAN-19
1 61552U 24185A   26145.50533139  .00000336  00000-0  16789-3 0  9992
2 61552  88.9851  59.1627 0008430 125.0176 235.1803 14.14457645 92810
COSMOS 2599
1 66649U 25273C   26145.40620187  .00000022  00000-0  85575-4 0  9994
2 66649  82.5034 184.7908 0014626 251.2708 108.6785 12.42896702 22466
USA 57
1 20561U 90031B   26145.58602759  .00000686  00000-0  99908-4 0  9996
2 20561  89.8503 265.2183 0068267 135.9480 224.7209 14.73215828111858
JASON 2
1 33105U 08032A   26145.43888874 -.00000053  00000-0  38188-4 0  9994
2 33105  66.0388  98.6806 0008044 271.0320 232.0654 12.87697350840779
SHARJAHSAT-1
1 55104U 23001CZ  26145.43239235  .00018297  00000-0  34999-3 0  9994
2 55104  97.3184 213.8976 0006328 169.2407 190.8980 15.48107884188977
COSMOS 569
1 06680U 73037F   26145.49934481  .00000010  00000-0  15213-3 0  9996
2 06680  74.0161 165.1372 0079366 328.7563 199.2800 12.61178257438207
METEOR 1-11
1 05917U 72022A   26145.41111046  .00000300  00000-0  16344-3 0  9995
2 05917  81.2278 307.3738 0050745  38.1165 322.3577 14.09271888781236
KUIPER-00210
1 67146U 25301P   26145.16223214  .00002953  00000-0  41608-3 0  9995
2 67146  51.8993  94.9395 0000837  75.3536 284.7519 14.79942268 25125
COSMOS 1452
1 13991U 83031A   26145.54678222  .00000086  00000-0  40171-4 0  9993
2 13991  74.0485 244.0038 0016513 221.7922 149.3903 14.33990290253374
HULIANWANG DIGUI-85
1 65820U 25220D   26145.47705848  .00000054  00000-0  91226-4 0  9996
2 65820  86.5005  51.5578 0001436  62.9532 297.1748 13.24405064 31910
COSMOS 2148
1 21304U 91033F   26145.43046737  .00000031  00000-0  10744-3 0  9991
2 21304  82.5715 284.6618 0023210   8.4360  47.1736 12.65993680618220
ZHUHAI-1 03D
1 44538U 19060E   26145.48558720  .00028393  00000-0  53773-3 0  9990
2 44538  97.5362 294.3748 0007461  34.4310 325.7422 15.48301471372560
COSMOS 1430
1 13762U 83002B   26145.35834571  .00000002  00000-0  12326-3 0  9995
2 13762  74.0213 167.5723 0019522  73.5226 299.1902 12.45725570971415
SHIYAN 20A (SY-20A)
1 54699U 22169A   26145.50266198  .00000008  00000-0  56325-4 0  9991
2 54699  59.9974 315.4147 0010038 159.3204 200.8240 14.29519503180115
ONEWEB-0352
1 49216U 21083AG  26145.47648387  .00000273  00000-0  71359-3 0  9991
2 49216  87.8942 324.7573 0001367  89.3831 270.7455 13.13469206228043
ICEYE-X5
1 44389U 19038C   26145.54661093  .00039850  00000-0  63320-3 0  9993
2 44389  97.8715 198.0145 0003905 341.5736  18.5373 15.53225242379446
QIANFAN-28
1 61561U 24185K   26145.46727649  .00000617  00000-0  24103-3 0  9999
2 61561  88.9855  57.7495 0009475 102.7947 257.4307 14.28349479 93546
GAOFEN 1-04
1 43262U 18031D   26145.54920343  .00001265  00000-0  18926-3 0  9991
2 43262  98.0537 208.1868 0002015 107.7080 252.4349 14.76442705439347
COSMOS 2302
1 23444U 94086D   26145.07170167  .00000031  00000-0  11432-3 0  9999
2 23444  82.5659 342.0442 0006349 231.3748 246.8874 12.61272182445906
COSMOS 1372
1 13243U 82052A   26145.18194283 -.00000070  00000-0  17137-4 0  9995
2 13243  64.9030 308.1032 0050834 284.8536  74.6898 13.86112294643114
TUBSAT
1 25757U 99029B   26145.42182239  .00000084  00000-0  32594-4 0  9993
2 25757  98.6692 140.1778 0015254  61.7953 298.4779 14.52419742429947
YAOGAN-30 D
1 43028U 17075A   26145.16100911  .00002467  00000-0  18335-3 0  9996
2 43028  34.9955  50.8917 0000905 120.7045 239.3753 15.02680444463781
SSC
1 13874U 83008H   26145.49196522  .00001590  00000-0  22133-3 0  9997
2 13874  63.3073  65.0419 0709404 136.3006 229.6508 13.80824062348512
ITAMSAT
1 22826U 93061D   26145.12098988  .00000061  00000-0  39953-4 0  9992
2 22826  98.6833 212.4568 0009608 145.5525 214.6283 14.31361097704010
COSMOS 2391
1 27465U 02036B   26145.55653969  .00000003  00000-0 -46563-4 0  9993
2 27465  82.4854 355.6514 0025679 303.7996  56.0640 12.44945597 85039
CHECKMATE 7
1 56166U 23050E   26145.61104702  .00000089  00000-0  66889-4 0  9991
2 56166  80.9996  92.8996 0013299  12.5699 347.5787 13.86945811158984
IRIDIUM 22
1 24907U 97043E   26145.50854854  .00000273  00000-0  86841-4 0  9995
2 24907  86.3950 330.5818 0002123  85.9331 274.2108 14.36240680505907
FLOCK 4BE 15
1 60491U 24149Z   26145.15038925  .00132903  00000-0  19914-2 0  9995
2 60491  97.3696 229.7493 0001613 127.3138 232.8263 15.54480770 98840
Z-SAT
1 49399U 21102E   26145.52469770  .00004114  00000-0  20462-3 0  9995
2 49399  97.3342 181.5373 0015691 332.1362  27.9030 15.18064744250002
SPOT 2
1 20436U 90005A   26145.42836230  .00000982  00000-0  14008-3 0  9990
2 20436  98.7114 300.8599 0129419 159.0926 201.5642 14.73850327911976
POSAT 1
1 22829U 93061G   26145.43962480  .00000078  00000-0  45787-4 0  9996
2 22829  98.6665 212.5473 0010880  96.4647 263.7775 14.31911199704795
GEESAT 1-03
1 52787U 22058C   26145.50015139  .00001546  00000-0  22427-3 0  9994
2 52787  49.9881 306.1708 0007998  18.8721 341.2511 14.81288180216574
IRIDIUM 102
1 41920U 17003D   26145.38266293  .00000228  00000-0  74196-4 0  9997
2 41920  86.3949  97.9721 0002256  85.7500 274.3954 14.34218516490015
COSMOS 763
1 08287U 75086C   26145.36579833 -.00000021  00000-0 -38871-4 0  9999
2 08287  74.0095 259.7237 0022486 134.0982 282.9023 12.43563301300924
SHIYAN 13 (SY-13)
1 51102U 22004A   26145.51466056  .00001078  00000-0  78416-4 0  9994
2 51102  98.4565 166.0103 0603539 258.3499  94.9381 14.20281779224071
JILIN-01-05
1 43023U 17074B   26145.54659571  .00007512  00000-0  23466-3 0  9990
2 43023  97.4840 251.4043 0003969 319.2248  40.8696 15.33471426470539
WSF-M
1 59481U 24070A   26145.47654439  .00000051  00000-0  43860-4 0  9991
2 59481  98.7166 153.7305 0005417  39.7599 320.3974 14.20732342109870
ION SCV-010
1 56192U 23054Q   26145.40747954  .00004291  00000-0  16967-3 0  9993
2 56192  97.3810  35.1990 0011140 288.2327  71.7699 15.25964467172726
QIANFAN-2
1 60380U 24140B   26145.47570187  .00000092  00000-0  12386-3 0  9999
2 60380  88.9701 282.1036 0014611  78.5950 281.6842 13.51005919 89519
ARVAKER-3
1 64566U 25135AQ  26145.58048193  .00001868  00000-0  18283-3 0  9997
2 64566  97.7701 259.9638 0002562  53.7374 306.4083 14.93505267 50502
KUIPER-00077
1 64824U 25151J   26145.47666593  .00003263  00000-0  45674-3 0  9995
2 64824  51.9026 318.5579 0000681 118.1096 241.9935 14.79937015 46715
ONEWEB-0086
1 45456U 20020AJ  26145.41534787  .00000431  00000-0  11813-2 0  9999
2 45456  87.8920  25.5910 0001620  57.0927 303.0356 13.11417789299621
DEMO8(TENZING)
1 48951U 21059CA  26145.26116955  .00020505  00000-0  31790-3 0  9992
2 48951  97.7041 336.9513 0008129  75.0657 285.1496 15.54012480273745
COSMOS 1766
1 16881U 86055A   26145.41917977  .00025764  00000-0  39012-3 0  9993
2 16881  82.4895  28.5315 0004102 253.9248 106.1554 15.54503578155518
COSMOS 1131
1 11539U 79084B   26145.52472332  .00000002  00000-0  11510-3 0  9996
2 11539  74.0224 170.2599 0046363 223.7972 303.2668 12.54393608136747
GLOBALSTAR M019
1 25677U 99019B   26145.47022116  .00000034  00000-0  12931-2 0  9991
2 25677  51.9852 204.1331 0001403 269.3608 103.8479 12.13883078226716
ONEWEB-0537
1 56046U 23043A   26145.31950549  .00000150  00000-0  35802-3 0  9994
2 56046  87.9106 233.3119 0002107 106.1871 253.9491 13.16593380155957
AETHER-6
1 67377U 26004Q   26145.43889957  .00000626  00000-0  77236-4 0  9996
2 67377  97.8033 144.4578 0002198 182.6973 177.4231 14.86245981 19903
CSG-1
1 44873U 19092A   26145.50285069  .00000352  00000-0  50823-4 0  9992
2 44873  97.8887 329.4341 0001408  94.1905 265.9469 14.82160589348114
EXACTVIEW-1
1 38709U 12039C   26145.56107859  .00000099  00000-0  62388-4 0  9990
2 38709  98.9750 262.4434 0010049 233.1887 126.8370 14.24976846719485
KUIPER-00446
1 68944U 26098AB  26145.50969575  .00010362  00000-0  32022-3 0  9994
2 68944  51.8734 177.0162 0006171  60.9069 299.2533 15.34082851  3867
COSMOS 1954
1 19256U 88053A   26145.52684916  .00000110  00000-0  47633-4 0  9995
2 19256  74.0471  84.6262 0014787 106.0475 254.2307 14.34980091983749
SHIYAN 27C
1 63601U 25078C   26145.52886475  .00000036  00000-0  11275-3 0  9999
2 63601  99.6907 153.1625 0001129  95.3207 264.8060 13.57243980 54467
TZINGHUA 1
1 26385U 00033B   26145.36723092  .00000522  00000-0  98683-4 0  9997
2 26385  97.8794 119.6384 0014694 168.6760 191.4779 14.68221389383534
METEOR 2-15
1 17290U 87001A   26145.38828572  .00000075  00000-0  53468-4 0  9998
2 17290  82.4650 114.2337 0011802 234.1557 125.8508 13.85268530990677
COSMOS 878
1  9595U 76118H   26145.51264372 -.00000015  00000-0  69141-5 0  9992
2  9595  74.0329  47.5729 0007145 187.2010 346.0407 12.48946307255140
QIANFAN-138
1 69084U 26104M   26145.53762694  .00000083  00000-0  31979-4 0  9994
2 69084  88.9867 344.2062 0002972 174.0835 186.0392 14.20798956  1870
CUBEBUG 2
1 39440U 13066AA  26145.42034475  .00003578  00000-0  33344-3 0  9996
2 39440  97.8896  94.3080 0059572 102.4399 258.3495 14.93554437673590
COSMOS 1607
1 15378U 84112A   26145.63032967 -.00000045  00000-0  39370-4 0  9990
2 15378  64.9902 119.6878 0046576 338.2336  21.6744 13.83710550101865
HULIANWANG DIGUI-36
1 64957U 25159B   26145.50733718  .00000078  00000-0  14804-3 0  9990
2 64957  86.4944 290.1487 0001994  92.3504 267.7858 13.24405992 40124
NOAA 11
1 19531U 88089A   26145.39260083  .00000050  00000-0  47019-4 0  9991
2 19531  98.6188  91.8992 0011274   9.5960 350.5428 14.15835053944259
M-SEL
1 63231U 25052X   26145.11897979  .00007448  00000-0  29477-3 0  9993
2 63231  97.3949  38.9102 0003534 211.6719 148.4307 15.25731485 66407
RASSVET-3 9
1 68368U 26061J   26145.15292647  .00069075  00000-0  30325-3 0  9993
2 68368  82.2970  38.2444 0006950 173.4769 186.6592 15.84329112  9904
SDS-4
1 38339U 12025C   26145.53648404  .00000367  00000-0  61193-4 0  9998
2 38339  98.1349 241.3152 0007269  21.2797 338.8713 14.75775793752644
COSMOS 1929
1 18942U 88016F   26145.51453411  .00000002  00000-0  11488-3 0  9996
2 18942  74.0028 166.7607 0020489 197.2929 329.0797 12.54808256750046
RITE TARGET 2
1 28455U 02056G   26145.67100693  .00000585  00000-0  21149-3 0  9995
2 28455  98.7540 122.2650 0008480 277.6122  82.4100 14.37324674671756
COSMOS 565
1 06676U 73037B   26145.16302104 -.00000021  00000-0 -31280-4 0  9993
2 06676  74.0210  36.3375 0026013 325.0133 202.7100 12.48970426414630
COSMOS 1550
1 14965U 84043A   26145.52366345  .00000038  00000-0  23851-4 0  9990
2 14965  82.9739 236.7887 0027096  83.5291 287.9102 13.73024296106696
KUIPER-00229
1 68578U 26072F   26145.12081871  .00001960  00000-0  31035-3 0  9998
2 68578  51.9016 297.2024 0002294 135.3207 224.7939 14.76350272  7710
COSMOS 1417
1 13617U 82102A   26145.41392377  .00000080  00000-0  66803-4 0  9990
2 13617  82.9673 275.9074 0035580 128.1147 296.4911 13.75617140187827
KUIPER-00013
1 63729U 25088F   26145.36084461  .00000882  00000-0  14466-3 0  9992
2 63729  51.9005 129.0662 0000889   5.8548 354.2424 14.79931825 58927
COSMOS 2013
1 19907U 89025F   26145.18747800 -.00000020  00000-0 -26098-4 0  9996
2 19907  74.0123  37.1931 0009270  47.5463 120.9210 12.48177395693578
QPS-SAR-15 SUKUNAMI-1
1 67228U 25307A   26145.58314275  .00004196  00000-0  35706-3 0  9999
2 67228  42.0081 352.0099 0010536 214.8758 145.1378 14.98774428 23299
BRO-8
1 55011U 23001C   26145.49266326  .00028970  00000-0  56422-3 0  9992
2 55011  97.3231 210.3733 0006223 187.7784 172.3370 15.47496277188690
GEESAT 5-10
1 65559U 25201K   26145.38753197  .00001347  00000-0  18668-3 0  9998
2 65559  49.9814 144.5849 0007585 200.6718 159.3914 14.84091529 38412
PVSAT
1 52894U 22065A   26145.36707732  .00000244  00000-0  61124-4 0  9994
2 52894  98.2255 284.9613 0010628  89.7294 270.5124 14.59527776209027
ICEYE-X48
1 63253U 25052AV  26145.27686854  .00001868  00000-0  16391-3 0  9993
2 63253  97.6904  37.8152 0001116 331.2168  28.8992 14.97821680 65246
KX-09
1 44520U 19058B   26145.52074007  .00001922  00000-0  17369-3 0  9994
2 44520  97.7774 158.9489 0011980  64.7566 295.4896 14.96600748366648
COSMOS 1253
1 12323U 81022D   26145.50148192 -.00000001  00000-0  10096-3 0  9993
2 12323  74.0273 171.9862 0017192  85.2943  68.6399 12.45840688 56492
KUIPER-00272
1 68588U 26072R   26145.50003471 -.00047750  00000-0 -62142-2 0  9992
2 68588  51.8979 293.4701 0001263 101.6004 238.3698 14.80367411  5476
KUIPER-00248
1 67153U 25301W   26145.50003471 -.00044964  00000-0 -57619-2 0  9990
2 67153  51.8992  60.3132 0000729  48.5255 154.4620 14.80984720  5527
RUBIN 8/PSLV
1 32792U 08021K   26145.24953100  .00000969  00000-0  11616-3 0  9998
2 32792  98.1448 146.4553 0025427  50.9050 309.4420 14.86267378975696
SAUDICOMSAT 7
1 31119U 07012C   26145.38584425  .00000437  00000-0  87658-4 0  9994
2 31119  98.3766 119.0529 0054359 267.9683  91.5294 14.66083408 19099
ONEWEB-0458
1 51648U 22012AC  26145.43440820 -.00000724  00000-0 -21094-2 0  9997
2 51648  87.8862  40.7870 0001986  78.2123 281.9227 13.10374242206329
COSMOS 1697
1 16181U 85097A   26145.46918639 -.00000317  00000-0 -14229-3 0  9994
2 16181  70.9632  59.6085 0015451  43.2096 317.0235 14.13660286960462
COSMOS 457
1  5614U 71099A   26145.50519213  .00000241  00000-0  68442-3 0  9990
2  5614  74.0372  44.0696 0023626 310.7205 223.6253 13.16116326618577
COSMOS 2509
1 40922U 15050C   26145.50736455  .00000139  00000-0  93371-3 0  9990
2 40922  82.4866  92.4029 0015844  88.8394 271.4501 12.42883367484067
COSMOS 1749
1 16759U 86042B   26145.23395263 -.00000013  00000-0  18176-4 0  9991
2 16759  74.0197  57.4723 0048342 163.7202   3.4172 12.58108711835555
CUBEBUG 1
1 39153U 13018D   26145.37870773  .00003345  00000-0  29492-3 0  9998
2 39153  98.1638 304.3096 0011048 217.3510 142.6943 14.97127595707650
PRAETORIAN SDA_603
1 65566U 25203B   26145.42115485  .00000149  00000-0  12342-3 0  9997
2 65566  81.3054  31.7578 0008524 254.6828 105.3386 13.83902386 35553
MISRSAT-2
1 58497U 23187B   26145.52590742  .00001054  00000-0  13568-3 0  9992
2 58497  97.9268 227.6333 0010213 213.8402 146.2161 14.83177647133689
SENTINEL 3B
1 43437U 18039A   26145.46762419  .00000044  00000-0  36078-4 0  9995
2 43437  98.6253 213.3247 0001175  74.3068 285.8242 14.26734061420887
YAOGAN 11
1 37165U 10047A   26145.23001824  .00000677  00000-0  92018-4 0  9996
2 37165  98.3885  10.2476 0033860 317.7639  42.0965 14.82042219844691
HAWK-10B
1 60545U 24149CF  26145.16781856  .00001749  00000-0  15923-3 0  9994
2 60545  97.6820 220.8538 0005963 153.2526 206.9005 14.96432739 96543
UM5-RIBAT
1 60554U 24149CQ  26145.13988650  .00002562  00000-0  20579-3 0  9999
2 60554  97.6649 223.2513 0003801  98.5055 261.6600 15.00920395 96735
COSMOS 2266
1 22888U 93070A   26145.39588071  .00000056  00000-0  42982-4 0  9996
2 22888  82.9495  98.0732 0046687 250.5176 223.4594 13.75174578630896
IRIDIUM 106
1 41917U 17003A   26145.63002590  .00000037  00000-0  60891-5 0  9995
2 41917  86.3950  97.9859 0002134  76.5880 283.5554 14.34217793489976
IRIDIUM 134
1 43075U 17083F   26145.24211852 -.00000208  00000-0 -81275-4 0  9990
2 43075  86.3955 331.6637 0002075  85.3598 274.7835 14.34215626440815
NPSAT1
1 44340U 19036B   26145.31027353  .00005321  00000-0  74920-3 0  9992
2 44340  24.0004   6.7261 0007628 312.9920  46.9937 14.74331843369114
3CAT-5/A (TYVAK-0161)
1 46292U 20061W   26145.45347703  .00016352  00000-0  34493-3 0  9996
2 46292  97.2420 208.3837 0002256 154.2880 205.8482 15.45293881317515
SHERPA-AC1
1 52763U 22057AH  26145.39739468  .00007451  00000-0  21557-3 0  9996
2 52763  97.6657 293.6844 0008129 164.1791 195.9707 15.35891808222204
FLOCK 4BE 32
1 60497U 24149AF  26145.21197942  .00017558  00000-0  42373-3 0  9997
2 60497  97.3722 228.9058 0003160  26.6409 333.4999 15.41261056 98793
COSMOS 381
1  4783U 70102A   26145.41800573  .00000012  00000-0  35791-4 0  9990
2  4783  74.0342  49.2082 0029806  73.4629 286.9761 13.75044214783025
RUBIN 3/SL-8
1 27561U 02054C   26145.33556495  .00000306  00000-0  75734-4 0  9999
2 27561  98.4607   5.5759 0043699 198.9573 161.0000 14.58551525247340
DMSP 5D-2 F8 (USA 26)
1 18123U 87053A   26145.50403275  .00000050  00000-0  44546-4 0  9994
2 18123  98.7334 331.8770 0011699 222.6360 137.3909 14.19549278 13621
DSAT
1 42794U 17036AF  26145.40531987  .00005112  00000-0  24322-3 0  9993
2 42794  97.5545 124.3889 0080461 240.0379 119.2849 15.16765246487402
ONEWEB-0337
1 49203U 21083T   26145.41540283  .00000299  00000-0  78267-3 0  9990
2 49203  87.8937 324.7717 0001819  97.8898 262.2438 13.13468479227926
COSMOS 2037
1 20196U 89068A   26145.46612024  .00000019  00000-0  27415-3 0  9994
2 20196  73.5670 332.0342 0024943 228.9970 143.9995 12.40539158662905
COSMOS 2593
1 65269U 25182C   26145.50933200  .00071895  38220-5  17477-3 0  9995
2 65269  96.5867  77.0912 0003372 181.9062 178.2204 15.96369300 44070
SPIRIT
1 58468U 23185G   26145.55865038  .00142598  00000-0  87377-3 0  9992
2 58468  97.3292 229.1343 0004944 231.8029 128.2792 15.76879741139004
TRACERS 2
1 64873U 25154E   26145.46075498  .00001560  00000-0  15386-3 0  9994
2 64873  97.6702 209.6701 0004360  34.3969 325.7532 14.93395708 45604
ONEWEB-0403
1 50483U 21132Q   26145.43126732  .00000073  00000-0  15159-3 0  9999
2 50483  87.9170 339.9835 0001944  90.8119 269.3236 13.18687275218594
GLOBAL-16
1 49950U 21120B   26145.41530728  .00021093  00000-0  38346-3 0  9993
2 49950  41.9942 188.1781 0009806  83.4508 276.7451 15.49026722251315
YAOGAN-30 T
1 45462U 20021C   26145.53055815  .00002627  00000-0  19551-3 0  9997
2 45462  34.9966 346.6211 0001718 236.1596 123.8948 15.02595804337009
KUIPER-00104
1 65142U 25171L   26145.56013611 -.00000005  00000-0  28396-4 0  9993
2 65142  51.8997 178.1246 0000315  75.6926 284.4072 14.79929777 44278
HELIOS 2A
1 28492U 04049A   26145.46423808  .00001144  00000-0  90811-4 0  9998
2 28492  98.2591 197.6715 0004305  61.8166 298.3491 15.02728124150359
KUIPER-00100
1 65139U 25171H   26145.46692722  .00001976  00000-0  28802-3 0  9992
2 65139  51.8996 171.0534 0000312  68.6403 291.4593 14.79941847 44362
KUIPER-00044
1 64505U 25134F   26145.36446280  .00001590  00000-0  23752-3 0  9993
2 64505  51.8983 266.5018 0000743 108.3370 251.7673 14.79936630 51252
COSMOS 2609
1 68754U 26083B   26145.60546268  .00002091  00000-0  14311-3 0  9999
2 68754  98.1197 293.2588 0012154 141.7987 218.4103 15.07266892  5824
SPAWAR-CAL-R
1 43776U 18099U   26145.08850644  .00001297  00000-0  93781-4 0  9998
2 43776  97.4395 186.3131 0021791  80.6071 279.7619 15.05539547408525
LEMUR-2 DELOITTE-2
1 68491U 26067CD  26145.86664610  .00001493  00000-0  15543-3 0  9992
2 68491  97.7554 104.3986 0004582 112.0272 248.1433 14.91310782  8393
COSMOS 533
1  6268U 72087F   26145.55743189 -.00000021  00000-0 -18098-4 0  9991
2  6268  74.0351 233.9881 0098014 307.7578  64.5458 12.67612690478435
COSMOS 764
1  8288U 75086D   26145.37879617 -.00000015  00000-0  49026-5 0  9991
2  8288  74.0114  12.0059 0030317 287.6776 246.1415 12.41090139296414
HAWK-14A
1 68448U 26067AJ  26145.47562969  .00004036  00000-0  20177-3 0  9990
2 68448  97.4593 104.3421 0004574 133.1819 226.9798 15.18004132  8499
GLOBALSTAR M090
1 38044U 11080E   26145.42185225 -.00000090  00000-0  75710-4 0  9990
2 38044  52.0144  37.7441 0000658  58.4223 113.7062 12.62268593666839
KIKU 1 (ETS 1)
1  8197U 75082A   26145.53696674 -.00000108  00000-0  23954-4 0  9998
2  8197  46.9902 333.3267 0085776 347.1613  44.0357 13.59602421519339
KUIPER-00455
1 68949U 26098AG  26145.37631384 -.00004453  00000-0 -13891-3 0  9997
2 68949  51.8735 178.3534 0019526  71.3525 288.9577 15.29742126  3833
OPS 5644
1 10033U 77044A   26145.36502276  .00000181  00000-0  85855-4 0  9993
2 10033  99.1186 192.6306 0036717 295.2410  64.4967 14.31450592364897
COSMOS 755
1  8072U 75074A   26145.38215521  .00000066  00000-0  53737-4 0  9996
2  8072  82.9035 101.7057 0027102 205.9398 272.4281 13.74217662545374
FLOCK 4G 27
1 62641U 25009AJ  26145.17425162  .00010654  00000-0  38334-3 0  9991
2 62641  97.3934 226.7100 0003056  63.7769 296.3785 15.28780832 75383
SCOT-1 (SCOT)
1 62617U 25009J   26145.46048159  .00056670  00000-0  96243-3 0  9994
2 62617  97.3860 232.6497 0002200  55.2286 304.9173 15.51285314 75826
KUIPER-00148
1 65769U 25217H   26145.12134311  .00002879  00000-0  44661-3 0  9994
2 65769  51.9054  43.7712 0001040 104.8459 255.2616 14.75842796 36491
GEISAT PRECURSOR
1 56934U 23084C   26145.52568190  .00007451  00000-0  22680-3 0  9996
2 56934  97.6188 285.7433 0006955  73.7783 286.4224 15.34292579164051
QIANFAN-61
1 62791U 25016G   26145.49287463  .00000107  00000-0  14711-3 0  9995
2 62791  88.9780  86.3329 0012700 224.7457 135.2671 13.51012249 69355
KUIPER-00430
1 68935U 26098S   26145.49689488  .00011731  00000-0  39971-3 0  9995
2 68935  51.8769 177.6719 0019945  74.9482 285.3707 15.30644496  3859
HULIANWANG DIGUI-107
1 66917U 25285C   26145.53021810 -.00000108  00000-0  35251-4 0  9999
2 66917  50.0022 227.2988 0001066 214.2197 145.8607 13.29325453 23044
SKYSAT 2
1 40072U 14037D   26145.32901855  .00001192  00000-0  13671-3 0  9993
2 40072  98.3825 102.9943 0005660   7.3346 352.7951 14.87956954642561
APRIZESAT 8
1 39425U 13066K   26145.40683681  .00001034  00000-0  11788-3 0  9999
2 39425  97.8210  93.1952 0046079   2.8818 357.2655 14.87595665676282
COSMOS 911
1 10019U 77039A   26145.47343810  .00000057  00000-0  42770-4 0  9991
2 10019  82.9462 153.6671 0025714  49.2704 114.9119 13.75424959458730
PRSC-S1
1 65055U 25164A   26145.45605385  .00004480  00000-0  31194-3 0  9990
2 65055  41.1310  55.8095 0006703 213.3223 146.7169 15.06210067 45008
COSMOS 1911
1 18790U 88002C   26145.40362935  .00000018  00000-0  37873-4 0  9994
2 18790  82.6081 263.0629 0007646 176.5256 244.2081 12.64384444770077
PRAETORIAN SDA_612
1 65575U 25203L   26145.43525213  .00000138  00000-0  11134-3 0  9998
2 65575  81.3048  31.6187 0008269 254.3953 105.6291 13.85035571 35567
KUIPER-00252
1 67157U 25301AA  26145.54712098  .00003506  00000-0  48856-3 0  9999
2 67157  51.9001  80.7480 0000547  79.6587 280.4437 14.79943718 25186
METEOR 1-24
1  8799U 76032A   26145.55441329  .00000097  00000-0  46110-4 0  9994
2  8799  81.2560 250.3363 0033230 278.7285  81.0124 14.11901145580780
HAISHAO 1
1 62190U 24228A   26145.47158429  .00030206  00000-0  29979-3 0  9994
2 62190  42.9790 141.1507 0000531  61.6454 298.4464 15.65183322 84022
ONEWEB-0461
1 51649U 22012AD  26145.60010969 -.00000046  00000-0 -15050-3 0  9997
2 51649  87.9162  10.3471 0001786  88.2962 271.8374 13.17650302210916
IRIDIUM 82
1 25467U 98051A   26145.42690356  .00119802  00000-0  92311-3 0  9990
2 25467  86.3483 297.2619 0033597  47.4360 312.9736 15.70837282476871
ONEWEB-0171
1 48070U 21025AE  26145.46970738  .00000127  00000-0  31371-3 0  9999
2 48070  87.8940 324.7565 0001707  89.4895 270.6430 13.13469193250635
LEGION 6
1 62901U 25025B   26145.52664980  .00003947  00000-0  21662-3 0  9993
2 62901  45.0022 332.0406 0007605 342.7874  17.2745 15.15794459 72199
METEOR 1-19
1 07490U 74083A   26145.14386708  .00000198  00000-0  10370-3 0  9999
2 07490  81.1871 160.4541 0031466 144.7981 215.5278 14.10569571651633
YAOGAN-39 04C
1 58145U 23163E   26145.42865286  .00003554  00000-0  17463-3 0  9998
2 58145  34.9892 150.6018 0007551 199.9980 160.0438 15.17526235143865
COSMOS 2441
1 33272U 08037A   26145.38138233  .00000198  00000-0  58699-4 0  9993
2 33272  98.3277  92.3513 0017163  52.8383 307.4377 14.53251099944732
KUIPER-00199
1 67771U 26030H   26145.46420283  .00017684  00000-0  51582-3 0  9996
2 67771  51.8801 209.4123 0011291 338.6613  21.3901 15.35371551 16883
ONEWEB-0306
1 49188U 21083C   26145.30312557  .00000124  00000-0  28194-3 0  9992
2 49188  87.9169 339.9980 0001593  88.0144 272.1171 13.18686279227009
COSMOS 735
1 07824U 75045D   26145.58702449 -.00000009  00000-0  45985-4 0  9994
2 07824  74.0194   5.7772 0008065 301.2906  86.0360 12.49369137325767
ONEWEB-0416
1 51625U 22012D   26145.41946626 -.00000577  00000-0 -16889-2 0  9997
2 51625  87.8848  40.8167 0001656  93.3270 266.8047 13.10370745206341
COSMOS 2125
1 21100U 91009A   26145.31293104 -.00000001  00000-0  95006-4 0  9990
2 21100  74.0311 350.8335 0010241 233.5277 308.6478 12.49966426609871
POSAT 2
1 63488U 25009DR  26145.49960690  .00011945  00000-0  69313-3 0  9991
2 63488  97.4850 220.9804 0005806 209.8736 150.2164 15.12280954 63211
FLOCK 4G 18
1 62680U 25009BZ  26145.13266011  .00037362  00000-0  13249-2 0  9998
2 62680  97.4012 226.9508 0006154  62.8139 297.3727 15.28966561133018
DUCHIFAT 1
1 40021U 14033M   26145.41174327  .00087416  00000-0  10765-2 0  9992
2 40021  98.0493 201.4574 0006086 156.7264 203.4268 15.59914468652196
SAUDISAT 2
1 28371U 04025F   26145.43011950  .00000260  00000-0  69131-4 0  9995
2 28371  98.5506 144.8248 0024909   9.6524 350.5147 14.56667660162435
HULIANWANG DIGUI-16
1 62976U 25030F   26145.48938505 -.00000099  00000-0  54406-4 0  9992
2 62976  50.0059 317.0207 0001094  94.7198 265.3799 13.29322312 62842
LEMUR-2-CELIJO-SB-PK
1 66781U 25276DW  26145.61987706  .00007167  00000-0  58592-3 0  9995
2 66781  97.5278 217.1355 0008059 192.2559 167.8470 14.99631702 19248
ONEWEB-0541
1 55142U 23004C   26145.36957244 -.00000082  00000-0 -26804-3 0  9999
2 55142  87.8916  25.5960 0001661  86.3760 273.7558 13.11415170162953
GLOBALSTAR M006
1 25307U 98023B   26145.52802380 -.00000131  00000-0 -11394-2 0  9992
2 25307  51.9935  83.1268 0003986  10.2359 161.4498 11.58176115256490
SSA
1 13844U 83008E   26145.54669566  .00001190  00000-0  18355-3 0  9990
2 13844  63.3100  90.5301 0714275 134.5206 231.6528 13.77611181355736
TIANMU-1 17
1 58702U 24004C   26145.52542866  .00005503  00000-0  21369-3 0  9995
2 58702  97.4650 331.4548 0007107  81.8874 278.3171 15.26476132132310
COSMOS 1878
1 18337U 87074D   26145.38890495  .00000035  00000-0  13501-3 0  9993
2 18337  82.5683 307.3088 0002094 282.4078 102.1150 12.64385358786412
GLOBALSTAR M004
1 25163U 98008B   26145.25790389 -.00000061  00000-0  23548-3 0  9996
2 25163  52.0002  90.5527 0003407 336.6408 187.2395 12.63421241304929
KUIPER-00174
1 65787U 25217AB  26145.00819370  .00003210  00000-0  44970-3 0  9999
2 65787  51.9031  50.6674 0001194  98.1849 261.9249 14.79956818 36387
RANDEV
1 52898U 22065E   26145.50918354  .00000754  00000-0  15415-3 0  9995
2 52898  98.2183 289.8267 0009254  95.8243 264.4014 14.63645765207937
ORBCOMM FM 104
1 40090U 14040E   26145.53403771  .00000265  00000-0  95579-4 0  9992
2 40090  47.0047 237.1898 0016335 326.7245  33.2613 14.57255194630541
GUANGCHUAN 01
1 62111U 24221A   26145.47353666  .00003110  00000-0  18290-3 0  9998
2 62111  49.9434 272.7171 0007614 209.8131 150.2386 15.14467270 82748
COSMOS 2355
1 25366U 98036D   26145.56110559  .00000015  00000-0  56543-4 0  9991
2 25366  82.5902 354.3210 0352671 243.0697 139.7049 12.21821088246269
METEOR M2
1 40069U 14037A   26145.47995147  .00000360  00000-0  18392-3 0  9993
2 40069  98.5104 122.0247 0006932  99.3743 260.8219 14.21455238616096
COSMOS 1020
1 10937U 78056H   26145.47234271  .00000006  00000-0  13758-3 0  9997
2 10937  74.0236 156.4605 0049643 206.0333 153.8223 12.54558204196572
KORSAT-1
1 59452U 24066L   26145.50200146  .00003254  00000-0  28772-3 0  9992
2 59452  45.4123   1.7889 0007073 292.4387  67.5742 14.98367393116654
GEESAT 3-09
1 61019U 24159J   26145.50229641  .00001292  00000-0  17971-3 0  9997
2 61019  49.9964 187.9144 0022644 331.9664  28.0053 14.84156568 93406
CHEOPS
1 44874U 19092B   26145.49875232  .00000280  00000-0  65241-4 0  9998
2 44874  98.1510 334.0845 0010832 163.9360 196.2187 14.61946440342587
SAR LUPE 2
1 31797U 07030A   26145.53319030  .00033831  00000-0  67617-3 0  9997
2 31797  98.1016 247.2302 0012483 184.0916 176.0231 15.46656257 53433
JAS 2
1 24278U 96046B   26145.31709002 -.00000008  00000-0  25710-4 0  9996
2 24278  98.5263 357.3196 0350299 155.6468 206.1682 13.53273146470073
COSMOS 1092
1 11326U 79030A   26145.53200208  .00000049  00000-0  34901-4 0  9994
2 11326  82.9496  62.5330 0029480 161.0397  11.6352 13.75657082599276
COSMOS 1869
1 18214U 87062A   26145.45512031  .00008789  00000-0  24156-3 0  9991
2 18214  82.5087 123.7492 0018844 139.3453 220.9202 15.36858990101079
COSMOS 1088
1 11303U 79024H   26145.56418522 -.00000006  00000-0  70776-4 0  9999
2 11303  74.0351  64.6729 0051382  26.0916 147.9640 12.40160770136679
CORVUS BC2
1 42846U 17042X   26145.40816145  .00003550  00000-0  24643-3 0  9990
2 42846  97.4039 307.6497 0013053 184.3402 175.7715 15.06119611483636
ONEWEB-0657
1 55818U 23029Y   26145.40376701  .00000104  00000-0  22801-3 0  9990
2 55818  87.9150 309.5168 0002045 113.7493 246.3854 13.19726326155902
ONEWEB-0012
1 44057U 19010A   26145.53008185  .00000075  00000-0  16216-3 0  9990
2 44057  87.9106 233.2835 0002299  92.4563 267.6832 13.16593850348583
HAWK-6A
1 55327U 23011D   26145.22915617  .00004393  00000-0  19269-3 0  9999
2 55327  40.4985 124.4191 0004302 235.7086 124.3316 15.22695743184351
IMECE
1 56178U 23054A   26145.49163118  .00000228  00000-0  50656-4 0  9990
2 56178  98.1247  50.5589 0008399 238.2597 121.7788 14.65830534167082
COSMOS 1193
1 11876U 80058B   26145.46759799  .00000005  00000-0  13396-3 0  9998
2 11876  74.0150 141.3570 0039782 273.0197 255.6244 12.54952856101659
COSMOS 2269
1 23000U 94011B   26145.50044735  .00000040  00000-0  16441-3 0  9999
2 23000  82.5678 335.6051 0006252 238.1612 149.1117 12.61942975486811
SERVIS 1
1 28060U 03050A   26145.24473284  .00000034  00000-0  86513-4 0  9990
2 28060  99.5053 144.1911 0022105 143.4623 227.8095 13.72179029129818
NIGERIASAT 1
1 27941U 03042C   26145.25166630  .00000973  00000-0  10484-3 0  9998
2 27941  98.0048 336.7276 0042434   7.2216 352.9603 14.90254953220412
COSMOS 2193
1 21982U 92030G   26145.40129181  .00000002  00000-0  12047-3 0  9999
2 21982  74.0031 303.9628 0021756 208.1904 177.0802 12.50456188550909
TACSAT 6
1 39473U 13072M   26145.46925641  .00088450  00000-0  99660-3 0  9992
2 39473 120.4648  41.4955 0072303  30.9601 329.5727 15.58695324115814
COSMOS 1447
1 13916U 83021A   26145.17371176  .00000067  00000-0  53795-4 0  9991
2 13916  82.9471  16.4898 0036345 254.9185 255.2439 13.75350628165916
GAOFEN 3 02
1 49495U 21109A   26145.50106090  .00000166  00000-0  63581-4 0  9993
2 49495  98.4097 153.9206 0003917  66.8771 293.2832 14.42214033237040
ONEWEB-0492
1 54114U 22138B   26145.41481833  .00000093  00000-0  19977-3 0  9999
2 54114  87.9150 309.5085 0001578  94.7558 265.3755 13.19726207173839
FENGYUN 1D
1 27431U 02024B   26145.58610048  .00000015  00000-0  33842-4 0  9995
2 27431  98.9534 196.0178 0014513 308.9856  51.0021 14.10221010236295
COSMOS 2463
1 36519U 10017A   26145.56708633  .00000056  00000-0  45184-4 0  9996
2 36519  82.9601 266.3249 0035992 190.6793 180.9350 13.71664074804835
ION SCV-011
1 56957U 23084AB  26145.48421652  .00004956  00000-0  18123-3 0  9991
2 56957  98.1385 330.6651 0008504 113.4301 246.7831 15.28587491162349
FORESAIL-1 PRIME
1 66778U 25276DS  26145.46127062  .00004540  00000-0  22363-3 0  9994
2 66778  97.4206 219.1515 0002951 152.0747 208.0646 15.18457545 26954
HULIANWANG DIGUI-74
1 65306U 25187B   26145.49154169 -.00000109  00000-0  31934-4 0  9995
2 65306  50.0100 287.2207 0000628  99.1018 260.9925 13.29320769 36688
COSMOS 2611
1 68759U 26083G   26145.62577298  .00001601  00000-0  11394-3 0  9997
2 68759  97.8079 282.7393 0012661 132.4203 227.8096 15.06073990  5797
COSMOS 2455
1 36095U 09063A   26145.45125015 -.00000013  00000-0  44794-4 0  9999
2 36095  67.1482 308.1926 0003668 253.2846 106.7837 13.97048537841951
COSMOS 1553
1 14973U 84046A   26145.40239743  .00000059  00000-0  45913-4 0  9996
2 14973  82.9355 269.0939 0031497 339.0906  80.3867 13.75620402108595
GLOBALSTAR M056
1 25945U 99058C   26145.34534905 -.00000097  00000-0 -11675-3 0  9998
2 25945  51.9986 354.6999 0001871 115.6061  55.5741 12.04786672203866
YAOGAN 16A
1 39011U 12066A   26145.28908990 -.00000039  00000-0  49951-4 0  9997
2 39011  63.3550 348.9459 0433697  26.9630 335.3228 13.45514829663067
HULIANWANG DIGUI-129
1 67237U 25311B   26145.41572395 -.00000089  00000-0  75107-4 0  9993
2 67237  50.0057 197.2707 0000941 247.2600 112.8173 13.29324017 20313
ZACUBE
1 39417U 13066B   26145.34328483  .00004258  00000-0  33290-3 0  9992
2 39417  97.8107 107.5560 0040371 328.7903  31.0923 15.00990132677300
COSMOS 1570
1 15031U 84056A   26145.24984517  .00000101  00000-0  46594-4 0  9995
2 15031  74.0673 332.3316 0012054  42.7822 130.8035 14.32668241191140
HULIANWANG DIGUI-05
1 62327U 24240E   26145.53777848  .00000047  00000-0  74997-4 0  9990
2 62327  86.5045 351.0877 0001360  90.5656 269.5634 13.24408562 69647
ONEWEB-0519
1 54137U 22138AA  26145.42587044  .00000041  00000-0  71052-4 0  9992
2 54137  87.9162 309.5012 0001993  92.1265 268.0096 13.19722151173837
CASSIOPE
1 39265U 13055A   26145.44720701  .00032112 -65386-6  36117-3 0  9997
2 39265  80.9139  94.2891 0299445 138.6506 223.7826 15.23217416664202
COSMOS 2129
1 21104U 91009E   26145.53777485 -.00000026  00000-0 -63156-4 0  9996
2 21104  74.0299 229.6267 0024596  43.3689 336.4976 12.53743522614681
OPS 6431
1 08818U 76038A   26145.40764298  .00000012  00000-0  57103-4 0  9990
2 08818  63.3551 140.3335 0360251 182.5456 177.3774 13.91667422104054
KUIPER-00268
1 67790U 26030AC  26145.50003471 -.00075515  00000-0 -72482-2 0  9998
2 67790  51.8981 211.3247 0004755 348.5649 243.3026 14.92972248  4612
METEOR 3-4
1 21232U 91030A   26145.44157455  .00000128  00000-0  30297-3 0  9991
2 21232  82.5437 200.4096 0012317 210.3237 161.1460 13.16700343686113
ONEWEB-0164
1 48063U 21025X   26145.47139457  .00000142  00000-0  35520-3 0  9994
2 48063  87.8950 324.7443 0001793  88.9346 271.1988 13.13468864250608
COSMOS 2064
1 20549U 90029A   26145.42216851 -.00000020  00000-0 -30671-4 0  9992
2 20549  73.9843  34.2121 0016632  48.1801 125.0794 12.47225247645266
QIANFAN-74
1 63160U 25046B   26145.49120948  .00000100  00000-0  13628-3 0  9992
2 63160  88.9690 302.9359 0001874 100.9189 259.2173 13.51004266 69582
LEMUR 2 THEFALCONER
1 63264U 25052BG  26145.42271700  .00003104  00000-0  27338-3 0  9990
2 63264  97.6882  38.1707 0003238  78.7959 281.3627 14.97197542 65289
COSMOS 2556
1 52713U 22054A   26145.53893722  .00002047  00000-0  82555-4 0  9990
2 52713  97.6272  94.7668 0001919 108.2670 251.8777 15.26008810223282
COSMOS 489
1 06019U 72035A   26145.58340497  .00000012  00000-0  35195-4 0  9991
2 06019  74.0214   3.8986 0024849 306.0392  82.6741 13.76150695713776
ICEYE-X40
1 60549U 24149CK  26145.45638021  .00001062  00000-0  95202-4 0  9992
2 60549  97.6815 222.3194 0005300 140.1079 220.0534 14.97861580 96678
QIANFAN-35
1 61568U 24185S   26145.44452941  .00000593  00000-0  23207-3 0  9991
2 61568  88.9836  57.6521 0008699 100.4693 259.7482 14.28238602 93545
COSMOS 1357
1 13160U 82040A   26145.36123885  .00000003  00000-0  11641-3 0  9998
2 13160  74.0103 100.6218 0049814 164.3574 312.6264 12.56066718 19862
SATELIOT_4
1 60537U 24149BX  26145.43896824  .00001549  00000-0  14115-3 0  9997
2 60537  97.6745 220.3541 0003651 102.1253 258.0378 14.96575924 96579
GONETS M 13 (M23)
1 40554U 15020C   26145.49637725  .00000042  00000-0  23497-3 0  9991
2 40554  82.4876  44.8683 0014641  24.6915 335.4863 12.42869327505883
ONEWEB-0681
1 56717U 23068H   26145.51901889  .00000018  00000-0  11132-4 0  9995
2 56717  87.9255 248.4819 0002736  85.2043 274.9403 13.21825296148090
ONEWEB-0610
1 54673U 22166AH  26145.55518528  .00000061  00000-0  11540-3 0  9990
2 54673  87.9254 248.4844 0002547  92.0885 268.0541 13.21826729168468
COSMOS 2583
1 62904U 25026C   26145.66578414  .00001597  00000-0  14409-3 0  9998
2 62904  81.9949  97.4755 0011231 124.9687 235.2589 14.94921627 70832
COSMOS 1294
1 12643U 81074H   26145.37235501 -.00000011  00000-0  34520-4 0  9991
2 12643  74.0345   7.3735 0046453 289.9614 243.0440 12.58771489 58526
SAPPHIRE
1 39088U 13009C   26145.50446977  .00000091  00000-0  46745-4 0  9991
2 39088  98.4257 325.4998 0010387 321.6269  38.4176 14.35233432693325
YAOGAN-43 03B
1 61618U 24190B   26145.56624529  .00008148  00000-0  33945-3 0  9993
2 61618  34.9888 339.9012 0005289 161.0883 199.0029 15.22982114 88418
CARTOSAT 2E
1 42767U 17036C   26145.51930796  .00004011  00000-0  19337-3 0  9993
2 42767  97.4282 205.6930 0003633  44.7870 315.3657 15.19274079494709
SEASAT 1
1 10967U 78064A   26145.34473682  .00000260  00000-0  11106-3 0  9993
2 10967 108.0142 286.3428 0002403 245.6614 114.4281 14.46222299517590
NOAA 7
1 12553U 81059A   26145.44387579  .00000023  00000-0  32898-4 0  9993
2 12553  98.7964 212.7976 0010919 338.5141  21.5575 14.17786714321524
COSMOS 1018
1 10935U 78056F   26145.59499488 -.00000007  00000-0  56728-4 0  9998
2 10935  74.0283 359.2350 0028985  97.7095 289.4342 12.49909493188504
ONEWEB-0138
1 47284U 20100AC  26145.33227751  .00000403  00000-0  10849-2 0  9997
2 47284  87.8961 355.2100 0001539  86.2071 273.9234 13.12442574261657
KUIPER-00150
1 65770U 25217J   26145.49039363  .00008870  00000-0  11913-2 0  9997
2 65770  51.9012  71.0011 0000920  86.2979 273.8088 14.79925437 36148
CSC-1
1 58022U 23155G   26145.12995027  .00005613  00000-0  34383-3 0  9995
2 58022  97.5373 214.9565 0006902 329.3162  30.7663 15.10562027144258
USA 120
1 23907U 96029B   26145.55068595  .00000608  00000-0  12067-3 0  9991
2 23907  63.3195 251.9587 0847874  49.4838 317.6970 13.46339195100605
OPS 3899
1 14139U 83060C   26145.21720237 -.00000254  00000-0 -84778-3 0  9997
2 14139  96.6793  47.5291 0002298  84.2829 275.8544 12.93986954332865
QIANFAN-107
1 66049U 25233S   26145.46178599  .00000133  00000-0  18738-3 0  9994
2 66049  89.0029  45.4810 0002140  70.1072 290.0310 13.51005876 30128
ANSER-FLW1
1 58019U 23155D   26145.51958295  .00047989  00000-0  10333-2 0  9990
2 58019  97.5550 234.3400 0002458 140.3300 219.8128 15.44467429145458
KINEIS-5D
1 62082U 24219B   26145.52810939  .00000786  00000-0  13178-3 0  9995
2 62082  97.9131 304.9995 0004676   3.3369 356.7869 14.72397889 80422
OPS 7684
1  3605U 68112B   26145.43750132  .00000063  00000-0  31886-3 0  9993
2  3605  80.3586 133.8364 0055852 172.2539 304.8580 12.60745864641134
ONEWEB-0446
1 51640U 22012U   26145.41615512 -.00000303  00000-0 -90357-3 0  9991
2 51640  87.8849  40.8173 0001732  84.1962 275.9363 13.10371409206347
TOMORROW-S4
1 62386U 24247K   26145.46503553  .00005702  00000-0  21020-3 0  9995
2 62386  44.9837  57.4233 0004596 267.1963  92.8395 15.28807526 79471
COSMOS 468
1  5705U 71114A   26145.42845513  .00000115  00000-0  48053-4 0  9992
2  5705  74.0179 283.5599 0015445 335.1704  24.8704 14.36731100847943
COSMOS 1011
1 10917U 78053A   26145.36483773  .00000058  00000-0  44517-4 0  9998
2 10917  82.9166  95.1939 0037333  26.5512  85.9956 13.75524326408796
SMAP
1 40376U 15003A   26145.44715490  .00000388  00000-0  84307-4 0  9996
2 40376  98.1279 152.8643 0001268  87.8491 272.2856 14.63342993604298
OPS 5058 (DMSP 5B F2)
1  5903U 72018A   26145.53080898  .00000163  00000-0  87769-4 0  9995
2  5903  99.1227 338.4092 0050871 158.1502 202.1862 14.25494348886985
LEMUR 2 LLOYD
1 60577U 24149DP  26145.49660215  .00010567  00000-0  67703-3 0  9991
2 60577  97.6746 226.6223 0003367 202.3667 157.7415 15.08720305 96976
COSMOS 1856
1 18117U 87051E   26145.53025220 -.00000023  00000-0 -39636-4 0  9994
2 18117  74.0040 243.9834 0030065 274.7864  96.8949 12.52532034780524
COSMOS 1199
1 11882U 80058H   26145.31974953 -.00000008  00000-0  54857-4 0  9992
2 11882  74.0195 351.1126 0036512 347.8637 185.3097 12.41205987 78593
WARATAH SEED-1
1 60469U 24149B   26145.49998058  .00013447  00000-0  39454-3 0  9992
2 60469  97.3687 226.0642 0000665  13.1848 346.9413 15.35288100 98630
ONEWEB-0582
1 54649U 22166H   26145.57369428 -.00000010  00000-0 -56000-4 0  9995
2 54649  87.9252 248.4735 0002421  96.6982 263.4427 13.21825194168532
COSMOS 2090
1 20735U 90070A   26145.33813270  .00000025  00000-0  74326-4 0  9991
2 20735  82.5650 286.8789 0015305 115.4725 270.0710 12.65365758653045
COSMOS 2299
1 23441U 94086A   26145.46522269  .00000044  00000-0  18273-3 0  9997
2 23441  82.5679 311.4359 0006398 248.0709 111.9703 12.63798600448836
YAOGAN-36 05C
1 57456U 23106E   26145.52886111  .00005031  00000-0  24250-3 0  9994
2 57456  34.9926 221.6910 0008803 149.3771 210.7457 15.18084425157427
ONEWEB-0444
1 51638U 22012S   26145.41781376 -.00000412  00000-0 -12160-2 0  9996
2 51638  87.8848  40.8003 0001964  77.2047 282.9300 13.10370926206352
YAOGAN-43 02E
1 60949U 24156E   26145.57378973  .00013067  00000-0  54254-3 0  9993
2 60949  34.9966 340.3981 0001017 220.2282 139.8358 15.23028083 95993
ERNST
1 60528U 24149BN  26145.21621737  .00013847  00000-0  36601-3 0  9990
2 60528  97.3804 228.7754 0006245  33.2563 326.9073 15.38516704 98746
SKYMED 4
1 37216U 10060A   26145.49015632  .00000362  00000-0  52016-4 0  9993
2 37216  97.8893 329.4193 0001404  87.7263 272.4111 14.82162725841209
ONEWEB-0154
1 48045U 21025D   26145.23439734 -.00000174  00000-0 -51047-3 0  9998
2 48045  87.8941 324.7933 0001727  89.7375 270.3952 13.13469110250494
GLOBALSTAR M051
1 25853U 99037C   26145.40459073 -.00000051  00000-0  51206-3 0  9995
2 25853  51.9805 295.3342 0000738 151.1986 208.8866 11.42204962171491
CENTAURI-6
1 59451U 24066K   26145.90762630  .00005159  00000-0  36901-3 0  9995
2 59451  45.6076  10.8542 0001560 298.7265  61.3462 15.05579799116765
SNAP-3 ALICE
1 40970U 15058G   26145.50718225  .00073662  00000-0  10610-2 0  9991
2 40970  64.7514 182.0174 0033564  23.5326 336.7344 15.54936513113359
IRIDIUM 157
1 43251U 18030C   26145.37189130  .00000032  00000-0  45102-5 0  9999
2 43251  86.3939 299.9635 0002168  91.9120 268.2324 14.34217723426864
CYGFM08
1 41888U 16078E   26145.08063154  .00025328  00000-0  31792-3 0  9991
2 41888  34.9444  34.8793 0009933 313.2927  46.6968 15.58648863525368
YAOGAN-30 P
1 44450U 19045B   26145.36166631  .00002294  00000-0  17101-3 0  9996
2 44450  34.9916 108.7372 0009359 237.4114 122.5690 15.02561477373227
COSMOS 2575
1 58929U 24026A   26145.51534498  .00027285  00000-0  18119-3 0  9991
2 58929  96.6251  30.5786 0003603  46.5881 313.5685 15.75428580132065
TIANQI 27
1 59911U 24102C   26145.47949625  .00000094  00000-0  15234-3 0  9999
2 59911  44.9796   2.4832 0006511 144.0731 216.0540 13.99143743101721
LUOJIA-1 01
1 43485U 18048B   26145.50085361  .00002045  00000-0  23327-3 0  9992
2 43485  97.8096 224.0540 0008757 186.9571 173.1525 14.87183192430843
ONEWEB-0340
1 49206U 21083W   26145.29470031  .00000089  00000-0  19350-3 0  9997
2 49206  87.9171 340.0107 0001916  91.5220 268.6132 13.18686896226955
GLOBAL-34
1 68098U 26043A   26145.60572758  .00009767  00000-0  31583-3 0  9996
2 68098  42.0225 351.2933 0002695 140.6700 219.4333 15.32116989 12366
NANOACE
1 42844U 17042V   26145.44883661  .00011470  00000-0  47667-3 0  9990
2 42844  97.3733 320.1023 0005702  97.8301 262.3583 15.23948442484613
ONEWEB-0376
1 49302U 21090Z   26145.36741074 -.00000021  00000-0 -84678-4 0  9992
2 49302  87.9161 309.5137 0001657  89.9132 270.2191 13.19727797223441
COSMOS 1805
1 17191U 86097A   26145.51343172  .00018903  00000-0  32587-3 0  9992
2 17191  82.4594  15.0323 0001349 156.4792 203.6522 15.50904980159026
HAWK-13B
1 67396U 26004AK  26145.46817173  .00004420  00000-0  21479-3 0  9994
2 67396  97.4523 144.8618 0008370  62.3824 297.8259 15.18920841 20315
NOAA 21
1 54234U 22150A   26145.47939054  .00000042  00000-0  40451-4 0  9991
2 54234  98.7054  84.6508 0000507 250.5611 109.5510 14.19560709183326
GLOBALSTAR M083
1 37739U 11033A   26145.18982882 -.00000097  00000-0  36860-4 0  9995
2 37739  51.9857  82.5544 0000556  22.0570 116.6147 12.62262568690041
ONEWEB-0277
1 48995U 21060AE  26145.24825197  .00000068  00000-0  14377-3 0  9999
2 48995  87.9100 233.3394 0001829  98.4656 261.6683 13.16592347236540
SJ-11-05
1 39202U 13035A   26145.51516560  .00000250  00000-0  56077-4 0  9991
2 39202  98.2865 330.1704 0008966 311.8337  48.2099 14.64860150685915
KUIPER-00041
1 64502U 25134C   26145.33070301  .00004211  00000-0  58100-3 0  9992
2 64502  51.8997 266.6711 0000330 141.3893 218.7093 14.79932350 51247
ION SCV-018
1 64575U 25135AZ  26145.32519708  .00001027  00000-0  10016-3 0  9997
2 64575  97.7751 260.6129 0012808  15.5885 344.5727 14.94601298 50519
GLOBALSTAR M089
1 37744U 11033F   26145.51867843 -.00000100  00000-0  20709-4 0  9997
2 37744  51.9920 218.8256 0000567 110.1540 263.1934 12.62266557687927
METEOR 2-3
1 10514U 77117A   26145.58579988  .00000242  00000-0  12698-3 0  9998
2 10514  81.2059 268.3464 0024248  41.1192 319.1800 14.11236487491631
COSMOS 982
1 10589U 78005G   26145.58413395 -.00000023  00000-0 -50102-4 0  9998
2 10589  74.0310 256.6363 0033375 295.9532  75.0756 12.44137611196799
KUIPER-00116
1 65153U 25171X   26145.40890564  .00000016  00000-0  31028-4 0  9995
2 65153  51.8981 193.8783 0000365  85.8388 274.2616 14.79932552 44033
CLOUDSAT
1 29107U 06016A   26145.53031793  .00000890  00000-0  10787-3 0  9994
2 29107  98.3941 181.5644 0006266  55.1317 305.0485 14.86339478 71147
KINEIS-2A
1 62932U 25028E   26145.61564785  .00001147  00000-0  18514-3 0  9994
2 62932  98.1311 200.9526 0003532 224.1586 135.9340 14.73313322 69281
ONEWEB-0230
1 48769U 21045C   26145.57570587  .00000008  00000-0 -12274-4 0  9997
2 48769  87.8990 263.7097 0002067  98.6482 261.4883 13.15547236241694
CARTOSAT 2A
1 32783U 08021A   26145.52089082  .00000984  00000-0  13913-3 0  9997
2 32783  97.7649 195.0024 0011662 177.9475 182.1787 14.79201839975452
JB-3 C
1 28470U 04044A   26145.40560261  .00002966  00000-0  14251-3 0  9994
2 28470  97.2739 299.8376 0031953 301.9331  57.8798 15.19144562184325
METEOR M2-3
1 57166U 23091A   26145.54425803 -.00000003  00000-0  17527-4 0  9999
2 57166  98.6095 200.9841 0003075 223.2686 136.8252 14.24044565151292
COSMOS 2615
1 68826U 26090A   26145.50136523  .00033923  00000-0  17146-3 0  9992
2 68826  96.6466  63.9917 0018326 119.8735 240.4359 15.81261782  5089
ONEWEB-0679
1 56715U 23068F   26145.52057752  .00000084  00000-0  18550-3 0  9998
2 56715  87.9109 233.2696 0002562 105.8111 254.3302 13.16592951148748
GLOBALSTAR M092
1 38043U 11080D   26145.52321187 -.00000115  00000-0 -62533-4 0  9997
2 38043  52.0066 133.8835 0000241  45.5957 107.4835 12.62266873665189
YUNHAI 2-1B
1 43910U 18112B   26145.53609579  .00000194  00000-0  13953-3 0  9990
2 43910  50.0100 204.0021 0004955 149.5059 210.6145 14.29004459387005
ONEWEB-0425
1 51628U 22012G   26145.42944256 -.00000644  00000-0 -18801-2 0  9999
2 51628  87.8852  40.7972 0002130  83.6028 276.5342 13.10374194206341
YAM-3
1 48915U 21059AN  26145.25294532  .00011059  00000-0  21352-3 0  9996
2 48915  97.6999 330.7200 0006536  82.9205 277.2788 15.47976379273448
FENGYUN 3A
1 32958U 08026A   26145.42205509  .00000064  00000-0  50946-4 0  9996
2 32958  98.6876  86.6824 0008428 186.5019 173.6049 14.19565740932173
QIANFAN-52
1 62253U 24232S   26145.48333016  .00000108  00000-0  14797-3 0  9997
2 62253  89.0095  24.6472 0017369  79.3575 280.9531 13.51006831 90058
HULIANWANG DIGUI-47
1 65050U 25162H   26145.55380421 -.00000084  00000-0  86997-4 0  9994
2 65050  50.0043 346.6876 0000513  46.5401 313.5514 13.29323121 40350
KUIPER-00099
1 65138U 25171G   26145.36299337  .00002110  00000-0  30563-3 0  9993
2 65138  51.9004 174.0399 0000572  52.6847 307.4168 14.79946265 44317
KUIPER-00410
1 68926U 26098H   26145.47973236 -.00061970  00000-0 -20703-2 0  9994
2 68926  51.8744 177.5544 0013905  61.7228 298.5157 15.30483295  3852
COSMOS 1432
1 13764U 83002D   26145.34574492 -.00000006  00000-0  63847-4 0  9999
2 13764  74.0260   5.2052 0002659 123.4840  49.6604 12.49888052977997
COSMOS 2211
1 22182U 92068A   26145.46550992  .00000035  00000-0  13024-3 0  9999
2 22182  82.5953 335.9980 0007350 195.6211 177.4160 12.64065448549875
LEMUR-2 MARIO-SOUSA
1 67365U 26004C   26145.26075833  .00004223  00000-0  46237-3 0  9997
2 67365  97.7990 144.1727 0007432 205.6520 154.4329 14.88297877 19887
COSMOS 564
1  6675U 73037A   26145.41386726 -.00000020  00000-0 -21629-4 0  9997
2  6675  74.0211  27.8451 0055465 224.9011 308.7205 12.56610095429412
MR-2
1 67556U 26015A   26145.34638124  .00000063  00000-0  76609-4 0  9993
2 67556  88.9987 270.8517 0004790 127.0667 233.0923 13.52692423 16623
ION SCV-016
1 62628U 25009V   26145.40468200  .00027015  00000-0  57547-3 0  9998
2 62628  97.4310 186.0167 0593188 177.7741 182.6326 14.49828506 72247
OPS 4311 (DMSP 5B F1)
1  5557U 71087A   26145.51379280  .00000127  00000-0  68851-4 0  9990
2  5557  99.0183 247.1610 0049839 335.7680  24.1157 14.28507296837204
COSMOS 2119
1 21033U 90114F   26145.37591578  .00000009  00000-0 -11804-4 0  9995
2 21033  82.5733 188.5866 0014631  31.0153 340.8217 12.66373079637149
COSMOS 684
1 07442U 74072H   26145.57477355  .00000000  00000-0  10008-3 0  9990
2 07442  74.0344  93.5522 0033048 216.5036 317.2751 12.55722445368907
ONEWEB-0346
1 49212U 21083AC  26145.23062179  .00000030  00000-0  44404-4 0  9993
2 49212  87.9160 340.0279 0002478  93.0708 267.0708 13.18685807226955
YAOGAN-36 03C
1 54376U 22160E   26145.40167608  .00007727  00000-0  32124-3 0  9994
2 54376  35.0086 122.8274 0006573 189.7605 170.2983 15.23059236194574
YAOGAN-39 02A
1 57886U 23145A   26145.97807728  .00010044  00000-0  41663-3 0  9997
2 57886  35.0033 340.1281 0001838 110.7452 249.3460 15.23103559149780
GJZ 02
1 62291U 24238B   26145.51566697 -.00000030  00000-0  92451-4 0  9991
2 62291  59.9187 319.3891 0007350  92.2126 267.9723 13.75201754 73160
ONEWEB-0166
1 48065U 21025Z   26145.21747536 -.00000233  00000-0 -67404-3 0  9990
2 48065  87.8951 324.7761 0001889  97.1057 263.0287 13.13470551250632
CARTOSAT 2D
1 41948U 17008A   26145.50175692  .00005863  00000-0  28094-3 0  9993
2 41948  97.4122 205.2289 0003576 331.8812  28.2229 15.19299160514130
FLOCK 4BE 13
1 60512U 24149AW  26145.50180343  .00013687  00000-0  33171-3 0  9999
2 60512  97.3718 229.6888 0003595  12.9854 347.1484 15.41186859 98876
ONEWEB-0706
1 61611U 24188T   26145.45766558  .00000566  00000-0  15852-2 0  9992
2 61611  87.8858  40.7897 0001452  97.0558 263.0735 13.10376232 80408
ONEWEB-0358
1 49284U 21090F   26145.37717996  .00000069  00000-0  13827-3 0  9995
2 49284  87.9177 278.9856 0002052 101.8774 258.2590 13.20769556227545
COSMOS 2300
1 23442U 94086B   26145.44408708  .00000041  00000-0  17101-3 0  9993
2 23442  82.5617 318.3134 0001401 303.2127  84.6543 12.62806467447729
NUSAT-50 (NANCY ROMAN)
1 60493U 24149AB  26145.46875413  .00008698  00000-0  30768-3 0  9996
2 60493  97.3790 226.8905 0001720 276.8784  83.2260 15.29397676 98657
AUREOLE 3
1 12848U 81094A   26145.47630845  .00003740  00000-0  17200-3 0  9997
2 12848  82.4642 308.8101 0460194 269.7789  85.0691 14.58425321256944
HULIANWANG DIGUI-122
1 67062U 25295D   26145.35211359 -.00000084  00000-0  86490-4 0  9995
2 67062  50.0025 107.4603 0000833 354.1996   5.8866 13.29328770 22466
ONEWEB-0331
1 49198U 21083N   26145.23231281  .00000041  00000-0  72412-4 0  9990
2 49198  87.9170 340.0175 0002152  92.5418 267.5960 13.18686507226981
GLOBALSTAR M096
1 39075U 13005D   26145.58198445 -.00000098  00000-0  31649-4 0  9990
2 39075  52.0081 268.4088 0000501 133.1608 226.9301 12.62264910614531
CONNECTA IOT-2
1 60522U 24149BG  26145.59152636  .00004164  00000-0  17604-3 0  9996
2 60522  97.3840 224.0831 0007646  54.8004 305.3948 15.23748643 98453
COSMOS 1395
1 13382U 82073H   26145.33679059 -.00000013  00000-0  18263-4 0  9996
2 13382  74.0149 271.2146 0027216 293.2460  94.8858 12.42865839989276
YAOGAN-30 J
1 43083U 17085C   26145.54159603  .00002521  00000-0  18800-3 0  9990
2 43083  34.9956 288.5774 0005366 296.5963  63.4195 15.02526131459346
SPACEMOBILE-003
1 61045U 24163A   26145.01888323 -.00041645  00000-0 -18664-2 0  9992
2 61045  52.9714  55.9758 0006583  54.6325 305.5284 15.20684254 94245
COSMOS 620
1 06988U 73104D   26145.39904368  .00000014  00000-0  20106-3 0  9993
2 06988  74.0265 127.1045 0022441 322.9866 205.3650 12.47311269387315
ONEWEB-0351
1 49215U 21083AF  26145.37958121  .00000142  00000-0  31827-3 0  9990
2 49215  87.9177 278.9861 0001074 113.2295 246.8951 13.20773264233769
COSMOS 1390
1 13377U 82073C   26145.46416999 -.00000027  00000-0 -69155-4 0  9998
2 13377  74.0146 214.7605 0030454  29.4092 342.3561 12.53378075  6025
MSU ALTAIR
1 61779U 24199AW  26145.51782956  .00009376  00000-0  26425-3 0  9993
2 61779  97.3064  15.0226 0013767  35.2569 324.9584 15.36550375133632
FLOCK 4BE 26
1 60484U 24149S   26145.15887138  .00107662  00000-0  12032-2 0  9993
2 60484  97.3663 230.1291 0003283 233.3428 126.7528 15.62395497 98860
RISAT-2BR2
1 46905U 20081A   26145.53968325  .00003290  00000-0  25536-3 0  9992
2 46905  36.9001 358.7572 0012040 330.2462  29.7594 15.01466199304060
KSLV-II DUMMY
1 52895U 22065B   26145.40126441  .00000028  00000-0  16008-4 0  9993
2 52895  98.2313 285.4715 0009527 105.3377 254.8876 14.58687599209034
AUREOLE 1
1  5729U 71119A   26145.47461936  .00006941  00000-0  46360-3 0  9992
2  5729  73.9467 127.7496 0706796 334.2893  22.4609 13.99502539638538
AEROCUBE 8C
1 41853U 16067F   26145.60113462  .00006873  00000-0  28465-3 0  9994
2 41853  98.0592  11.3142 0006473 129.4010 230.7800 15.24268604522620
ONEWEB-0546
1 56048U 23043C   26145.52850461 -.00000032  00000-0 -11820-3 0  9996
2 56048  87.9106 233.2720 0002496 113.4685 246.6709 13.16593111155987
ORBCOMM FM 20
1 25416U 98046D   26145.29587303  .00000644  00000-0  25735-3 0  9999
2 25416  44.9954   0.0384 0000359 155.0677 205.0189 14.38027660453495
COSMOS 249
1 03504U 68091A   26145.49670339  .00000037  00000-0  44977-4 0  9990
2 03504  62.3451 327.5080 1007112  16.8122 346.3829 12.97154212717545
LEAP-1
1 65321U 25188G   26145.51441734  .00001868  00000-0  19260-3 0  9992
2 65321  97.7369 220.3346 0001556 292.3403  67.7651 14.91410457 40473
COSMOS 336
1  4383U 70036A   26145.44747725 -.00000022  00000-0 -41505-4 0  9997
2  4383  74.0312  24.2324 0014629 171.8198   1.8524 12.47662999554055
TELEOS 2
1 56310U 23057C   26145.29470447  .00005305  00000-0  39622-3 0  9995
2 56310   9.9894  10.8615 0000931 266.3039  93.7068 14.96403649169363
ONEWEB-0385
1 49311U 21090AJ  26145.33595336  .00000132  00000-0  29300-3 0  9998
2 49311  87.9174 278.9960 0002074  96.9586 263.1783 13.20767563226788
TIANMU-1 07
1 57399U 23101A   26145.46615243  .00005783  00000-0  20482-3 0  9991
2 57399  97.2609 196.6597 0002288 172.4927 187.6348 15.29499411158177
COSMOS 2251
1 22675U 93036A   26145.14783719  .00000062  00000-0  31781-4 0  9993
2 22675  74.0407  17.3109 0023865  61.1411 299.2132 14.33250931721149
IRIDIUM 160
1 43569U 18061A   26145.52512171  .00000023  00000-0  10521-5 0  9994
2 43569  86.3970  66.2707 0002249  87.2289 272.9164 14.34217373410127
HULIANWANG DIGUI-157
1 68131U 26047C   26145.43325495 -.00000085  00000-0  84062-4 0  9999
2 68131  49.9980 137.8313 0000205 355.1602   4.9268 13.29329729 10046
GEESAT 2-11
1 58915U 24023L   26145.39249390  .00001668  00000-0  22957-3 0  9995
2 58915  49.9995  99.5428 0019532  24.3345 335.8511 14.83143705125531
ONEWEB-0316
1 49102U 21075AD  26145.24411157  .00000088  00000-0  19041-3 0  9998
2 49102  87.9160 340.0237 0001889  89.8970 270.2379 13.18685654234180
COSMOS 2468
1 37154U 10043C   26145.58149273  .00000015  00000-0  39862-4 0  9993
2 37154  82.4607  76.3918 0015072   2.4607 171.0266 12.43746698713067
YAOGAN-32 A
1 43642U 18077A   26145.55611249  .00000697  00000-0  14480-3 0  9995
2 43642  98.1492 174.3725 0001144  97.2986 262.8346 14.63139673406536
HAWK-B
1 43794U 18099AN  26145.10663813  .00005725  00000-0  24643-3 0  9991
2 43794  97.3981 197.1098 0032774  27.6289 332.6680 15.22516431409526
SPARTAN
1 48964U 21059CP  26145.50220164  .00066201  00000-0  42375-3 0  9995
2 48964  97.6795 343.5735 0001732  76.8088 283.3370 15.76123132274354
S-NET D
1 43186U 18014G   26145.30264728  .00004502  00000-0  23483-3 0  9990
2 43186  97.5380  50.2378 0010122  96.4894 263.7491 15.16417214455296
METEOR 2-18
1 19851U 89018A   26145.56177193  .00000058  00000-0  37878-4 0  9997
2 19851  82.5210 186.9796 0012172 187.6291 336.3877 13.86028565882680
COSMOS 1828
1 17583U 87026B   26145.34302944  .00000016  00000-0  29712-4 0  9996
2 17583  82.5664 180.6813 0020179 121.9313 249.4293 12.66268922811651
IRIDIUM 166
1 43570U 18061B   26145.48072271  .00000105  00000-0  30274-4 0  9990
2 43570  86.3967  66.2400 0002151  82.3191 277.8249 14.34218107410141
COROT
1 29678U 06063A   26145.45566250  .00000542  00000-0  10855-3 0  9991
2 29678  90.1041  36.8782 0184706 200.7363 158.6284 14.50342846 11687
COSMOS 2042
1 20236U 89074E   26145.33146979 -.00000001  00000-0 -64958-4 0  9990
2 20236  82.5834 232.9707 0005443 172.1181 258.9065 12.64230965808786
ONEWEB-0656
1 55817U 23029X   26145.40162690  .00000176  00000-0  40192-3 0  9991
2 55817  87.9180 278.9719 0002337 101.7102 258.4294 13.20771828158143
COSMOS 2167
1 21781U 91077C   26145.37472612  .00000012  00000-0  88323-5 0  9995
2 21781  82.6052 255.2679 0007985 129.9943 293.6568 12.64291782593060
KUIPER-00027
1 63740U 25088S   26145.10418329  .00001018  00000-0  16251-3 0  9997
2 63740  51.9009 117.6869 0000672  62.8374 297.2656 14.79943884 58938
COSMOS 2041
1 20235U 89074D   26145.34654280 -.00000006  00000-0 -91842-4 0  9996
2 20235  82.5849 224.2744 0009407 143.3668 286.5417 12.64845844693621
COSMOS 2386
1 27057U 01058C   26145.33059973  .00000006  00000-0 -24599-4 0  9992
2 27057  82.5453 228.7940 0001589 109.8998 250.2264 12.61616262123627
TRACERS 1
1 64870U 25154B   26145.46098799  .00001590  00000-0  15674-3 0  9993
2 64870  97.6701 209.6594 0004837 349.3443  10.7674 14.93395778 45600
MUSAT3
1 64573U 25135AX  26145.23233680  .00001011  00000-0  87903-4 0  9990
2 64573  97.7083 259.6200 0002377  31.2960 328.8404 14.99184136 50487
KUIPER-00075
1 64822U 25151G   26145.34310567  .00026964  00000-0  59102-3 0  9990
2 64822  51.8662 208.0571 0003006 196.1458 163.9436 15.43888464 48238
DMSP 5D-2 F11 (USA 73)
1 21798U 91082A   26145.47575308  .00000065  00000-0  53421-4 0  9994
2 21798  98.6915 174.2296 0011963 341.8316  18.2430 14.17443731781913
BALKAN-2
1 69024U 26100AW  26145.45640812  .00005075  00000-0  23993-3 0  9994
2 69024  97.4092  43.6849 0005055  83.2321 276.9489 15.19822950  3350
IRIDIUM 156
1 43576U 18061H   26145.51243573  .00000033  00000-0  48829-5 0  9991
2 43576  86.3967  66.2086 0002281  80.1327 280.0126 14.34217912410129
PUNCH-WFI01
1 63179U 25047B   26145.38748166  .00000472  00000-0  78772-4 0  9993
2 63179  97.9585 331.1231 0007679 247.8631 112.1763 14.74319387 64700
GONETS M 19
1 46488U 20068C   26145.52891905  .00000092  00000-0  59520-3 0  9998
2 46488  82.4983   1.1732 0014445  94.9753 265.2976 12.42891570256431
SAUDISAT 1B
1 26549U 00057E   26145.50032738  .00001095  00000-0  12438-3 0  9990
2 26549  64.5490  66.3931 0042077 312.5691  47.1871 14.91104382388225
ERS 1
1 21574U 91050A   26145.29675774  .00000252  00000-0  95266-4 0  9990
2 21574  98.7806 165.4346 0031381 337.1001  22.8785 14.39500560826752
ONEWEB-0293
1 49082U 21075H   26145.33179907 -.00000020  00000-0 -83958-4 0  9996
2 49082  87.9152  10.4107 0001667  87.1524 272.9799 13.17650817230624
ONEWEB-0042
1 45441U 20020T   26145.38637645 -.00000484  00000-0 -14029-2 0  9998
2 45441  87.8916  25.5937 0001890  80.7288 279.4053 13.11417070299679
ONEWEB-0255
1 48973U 21060G   26145.24509475  .00000126  00000-0  29525-3 0  9999
2 48973  87.9107 233.3350 0001820  98.9885 261.1452 13.16593412236649
KUIPER-00304
1 68599U 26072AC  26145.41633196  .00026734  00000-0  72607-3 0  9992
2 68599  51.8670 287.2765 0010061 303.6426  56.3601 15.37346255  7879
LEMUR-2 KUTAR
1 67394U 26004AH  26145.24214497  .00003928  00000-0  18960-3 0  9991
2 67394  97.4490 144.6422 0010410  62.7227 297.5066 15.19209409 20286
JD 3
1 14795U 84012F   26145.07161413  .00004986  00000-0  43935-3 0  9996
2 14795  63.3037  26.1600 0722859 126.3086 240.6959 13.89522124351454
COSMOS 1563
1 15002U 84052E   26145.39275977 -.00000014  00000-0  15223-4 0  9997
2 15002  74.0120 274.7629 0024159  64.7455 351.6227 12.51839966651359
COSMOS 2504
1 40555U 15020D   26145.55091216  .00000185  00000-0  64124-4 0  9999
2 40555  82.5176 248.7905 0607468 335.9689  21.4157 13.61376315547113
COSMOS 1636
1 15618U 85023B   26145.44524637 -.00000019  00000-0 -27275-4 0  9991
2 15618  74.0547 209.2949 0012127  93.4580 277.8107 12.45357511872044
COSMOS 663
1  7349U 74048A   26145.42268500  .00000067  00000-0  53498-4 0  9997
2  7349  82.9510 191.5420 0023918 316.9909  53.7772 13.75857225605087
NETSAT-2
1 46507U 20068X   26145.43883522  .00021338  00000-0  45542-3 0  9991
2 46507  97.8626 151.6820 0006061  82.6526 277.5410 15.44890605312225
COSMOS 1818
1 17369U 87011A   26145.48392232 -.00000053  00000-0  17825-4 0  9990
2 17369  65.0114 310.9741 0016841 286.1385  73.7845 14.31870117105545
YUNYAO-1 46
1 63347U 25059D   26145.51398326  .00003398  00000-0  20802-3 0  9997
2 63347  97.6118 327.0352 0011048 218.1736 141.8712 15.10840444 64871
USA 3
1 15071U 84065C   26145.48849924  .00004095  00000-0  22825-3 0  9993
2 15071  95.8857  19.7716 0005933  63.9518 296.2328 15.13938653111684
ONEWEB-0234
1 48783U 21045S   26145.57240867  .00000059  00000-0  12306-3 0  9998
2 48783  87.9001 263.6834 0002061 124.4254 235.7072 13.15548217241505
HULIANWANG DIGUI-20
1 63687U 25086A   26145.51136954  .00000074  00000-0  13930-3 0  9993
2 63687  86.5033 320.7747 0001444  82.5362 277.5936 13.24409066 51871
HULIANWANG DIGUI-150
1 67526U 26013E   26145.48826318 -.00000088  00000-0  77049-4 0  9994
2 67526  50.0049  76.8940 0000932  27.7181 332.3740 13.29327472 17055
HAIYANG 1B
1 31113U 07010A   26145.35078504  .00000087  00000-0  48990-4 0  9996
2 31113  98.3486 128.0832 0012206 269.5275  90.4510 14.31020487997363
ONEWEB-0629
1 55170U 23004AG  26145.33265329  .00000004  00000-0 -21660-4 0  9992
2 55170  87.9151  10.4160 0002091  80.3312 279.8056 13.17649980164570
COSMOS 2118
1 21032U 90114E   26145.55248353  .00000022  00000-0  58302-4 0  9992
2 21032  82.5668 193.2566 0012306  87.5565 272.6937 12.65556362636074
IRIDIUM 26
1 24903U 97043A   26145.50046419  .00000313  00000-0  98130-4 0  9990
2 24903  86.3941 326.7484 0002299  85.6705 274.4755 14.37468288505913
CHUANG XIN 16B (CX-16B)
1 53876U 22102B   26145.92284727  .00038492  00000-0  82547-3 0  9990
2 53876  28.9918 346.1795 0002566  44.2951 315.7863 15.43380030203260
ORBCOMM FM 37
1 33064U 08031E   26145.30639333  .00000866  00000-0  13727-3 0  9999
2 33064  48.4379 155.2445 0004636  39.2047 334.3753 14.81241505964742
ONEWEB-0183
1 48219U 21031K   26145.43245558 -.00000123  00000-0 -36704-3 0  9996
2 48219  87.8942 294.2430 0002020  99.6684 260.4674 13.14501770245339
STARLING 3
1 57389U 23100D   26145.46432642  .00006403  00000-0  37752-3 0  9997
2 57389  99.5066 160.7239 0005518 172.2739 187.8571 15.12058512156635
RCM 2
1 44324U 19033C   26145.45313830 -.00000056  00000-0 -78202-8 0  9998
2 44324  97.7596 153.2632 0001424  90.5474 269.5909 14.92588302378699
HJ-1B
1 33321U 08041B   26145.53659278  .00001273  00000-0  16043-3 0  9998
2 33321  97.6516 135.4932 0034694 257.6114 102.1217 14.83273359955050
KUIPER-00019
1 63734U 25088L   26145.32805432  .00001997  00000-0  29092-3 0  9992
2 63734  51.8985 120.4620 0000529 161.3247 198.7735 14.79928633 58854
ORBCOMM FM 8
1 25112U 97084A   26145.39331015  .00000790  00000-0  25376-3 0  9994
2 25112  45.0120 163.2444 0006659 212.6182 147.4259 14.47193791490929
COSMOS 2216
1 22187U 92068F   26145.28413982  .00000018  00000-0  40952-4 0  9993
2 22187  82.5975 358.4251 0005161 179.5778 180.5319 12.62584937548004
COSMOS 1660
1 15821U 85047A   26145.46371743 -.00000015  00000-0  12688-4 0  9990
2 15821  73.6245 215.7783 0026589 100.5567 270.5377 12.40797646854669
HULIANWANG DIGUI-15
1 62975U 25030E   26145.51435988 -.00000096  00000-0  60613-4 0  9996
2 62975  50.0037 317.0692 0001169  98.9393 261.1612 13.29326653 62841
COSMOS 737
1  7826U 75045F   26145.55236292 -.00000000  00000-0  10835-3 0  9997
2  7826  74.0188 355.0198 0036970  89.6159 298.2710 12.41744755311539
PAUSAT-1
1 62653U 25009AW  26145.51813155  .00003690  00000-0  15818-3 0  9999
2 62653  97.3956 225.4917 0002905  70.1325 290.0225 15.23372852 75333
ORBCOMM FM 24
1 25478U 98053D   26145.52929051  .00000743  00000-0  28395-3 0  9996
2 25478  45.0078  84.5744 0000122 158.9149 201.1705 14.39083899446741
GHOST-4
1 59133U 24043AM  26145.35102287  .00013329  00000-0  30744-3 0  9999
2 59133  97.5575 289.4488 0006846 299.6508  60.4057 15.42676422124016
ONEWEB-0704
1 61609U 24188R   26145.46763702  .00000745  00000-0  20992-2 0  9998
2 61609  87.8872  40.7754 0001148 114.4642 245.6605 13.10373482 80319
RAVAN
1 41849U 16067B   26145.43524918  .00046776  00000-0  76737-3 0  9993
2 41849  97.9927  32.4186 0007009  87.7635 272.4418 15.52280947524166
COSMOS 2506
1 40699U 15029A   26145.53529743  .00000349  00000-0  92352-4 0  9992
2 40699  98.0481 187.2168 0006233 217.7017 142.3745 14.54377766579593
COSMOS 2200
1 22037U 92042D   26145.57079181  .00000012  00000-0  97475-5 0  9997
2 22037  82.5881 249.9878 0007830   8.9908   2.5289 12.63326703561356
YAOGAN-31 K
1 47854U 21020A   26145.49043330  .00000144  00000-0  36088-3 0  9994
2 47854  63.4068 316.3185 0173029   0.4576 359.6578 13.45446814255418
CONNECTA IOT-1
1 60472U 24149E   26145.10683862  .00003559  00000-0  15283-3 0  9995
2 60472  97.3758 221.7910 0002438  43.6613 316.4817 15.23332022 98282
ORBCOMM FM 26
1 25480U 98053F   26145.55420465  .00000649  00000-0  25959-3 0  9995
2 25480  45.0068  81.9182 0004655 192.4528 167.6206 14.37945913446912
TIMATION 2
1  4257U 69082C   26145.43655970  .00000069  00000-0  88275-4 0  9999
2  4257  70.0125 140.1845 0019453 159.4359 352.6951 13.96378777883475
COSMOS 2145
1 21301U 91033C   26145.21387837  .00000042  00000-0  17185-3 0  9991
2 21301  82.5658 321.9645 0009143 137.9758 222.2036 12.63216374614609
TIRSAT
1 58989U 24032C   26145.41041065  .00001102  00000-0  18180-3 0  9994
2 58989  97.9977 204.1104 0004227 204.3482 155.7526 14.72396561121738
SUPERVIEW NEO-2 01
1 53128U 22082A   26145.52375521  .00000103  00000-0  70269-5 0  9994
2 53128  97.3929 155.7755 0001662  91.1454 268.9973 15.24497257214753
YUNHAI 1-04
1 58073U 23159A   26145.52467770  .00000296  00000-0  12458-3 0  9999
2 58073  98.4986 171.7019 0000300 127.4336 232.6875 14.32713359136555
NANOFF A
1 58810U 23185T   26145.42716075  .00003211  00000-0  19000-3 0  9991
2 58810  97.5268 213.1959 0010825  35.4777 324.7171 15.12111274129608
ORBCOMM FM 6
1 25118U 97084G   26145.35832032  .00000833  00000-0  26364-3 0  9997
2 25118  45.0120 162.6065 0002273 258.8856 115.7105 14.47495781491085
GONETS M 15 (M25)
1 44906U 19096B   26145.45758469  .00000049  00000-0  28304-3 0  9997
2 44906  82.5233  99.1889 0014079 223.1543 136.8434 12.42870608290821
COSMOS 2038
1 20232U 89074A   26145.46796571  .00000013  00000-0  94292-5 0  9995
2 20232  82.5749 203.9899 0012647 111.4369 259.8287 12.65426010668593
SARA
1 21578U 91050E   26145.41666200  .00000697  00000-0  15765-3 0  9990
2 21578  98.0962 194.5359 0001662 202.1241 169.3194 14.59093348842993
COSMOS 1135
1 11543U 79084F   26145.39550632  .00000009  00000-0  16845-3 0  9999
2 11543  74.0222 118.7932 0019976 269.5371 207.6771 12.47103758124341
ICEYE-X75
1 68497U 26067CK  26145.36783266  .00002252  00000-0  22733-3 0  9995
2 68497  97.7577 103.9906 0002764  60.2682 299.8812 14.92065398  8328
ONEWEB-0286
1 49076U 21075B   26145.55236928  .00000083  00000-0  19419-3 0  9997
2 49076  87.8948 355.1822 0001976  88.6509 271.4846 13.12442183231598
FORMOSAT 3D
1 29050U 06011D   26145.34019743  .00000936  00000-0  17426-3 0  9994
2 29050  72.0140   1.8104 0044077 325.5393  34.2907 14.66900608 73025
ONEWEB-0280
1 48998U 21060AH  26145.48969648  .00000008  00000-0 -12570-4 0  9997
2 48998  87.9105 233.2827 0001726 107.8474 252.2846 13.16596326236578
COSMOS 1039
1 11048U 78091F   26145.39544293  .00000007  00000-0  17211-3 0  9998
2 11048  74.0327 160.2268 0046846 239.0115 235.4703 12.38029088674713
GLOBALSTAR M085
1 37742U 11033D   26145.37844874 -.00000101  00000-0  16473-4 0  9992
2 37742  52.0130 262.6258 0000495 143.6498 252.0034 12.62263354686910
HULIANWANG DIGUI-34
1 64287U 25121E   26145.47339492  .00000030  00000-0  36579-4 0  9994
2 64287  86.5006  21.1907 0001762  98.6751 261.4583 13.24408212 47159
QIANFAN-109
1 68636U 26075A   26145.90936932  .00000050  00000-0  47704-4 0  9999
2 68636  88.9961 323.2952 0015169  62.1386 298.1306 13.63339847  6783
CALIPSO
1 29108U 06016B   26145.48399575  .00000887  00000-0  15925-3 0  9999
2 29108  98.4477 160.3745 0001407  73.2033 286.9326 14.69297906 69720
CHUANG XIN 1 (CZ-1)
1 28058U 03049B   26145.31155911  .00000174  00000-0  58514-4 0  9992
2 28058  98.5104  44.2121 0011293 250.9923 109.0046 14.48571604192969
ONEWEB-0682
1 56718U 23068J   26145.36655877 -.00000004  00000-0 -44074-4 0  9990
2 56718  87.8995 263.7398 0002293 111.5010 248.6365 13.15547477146456
LEMUR-2-MYRA
1 66787U 25276EC  26145.44732597  .00005294  00000-0  43038-3 0  9996
2 66787  97.5244 217.0782 0013884 217.2499 142.7763 14.99915390 26808
KUIPER-00053
1 64513U 25134P   26145.57459967  .00001868  00000-0  26341-3 0  9996
2 64513  51.9002 242.5969 0001831 118.6904 241.4243 14.81660732 51607
KUIPER-00364
1 68867U 26095D   26145.52254713 -.00096096  00000-0 -25835-2 0  9991
2 68867  51.8815 351.8895 0006543 195.9214 164.1568 15.37602110  4240
PRC TEST SPACECRAFT 4
1 67689U 26024A   26145.66168953 -.00000021  00000-0  21914-4 0  9997
2 67689  49.9872  21.4069 0005613 308.9426  51.1015 14.91699416 16073
ONEWEB-0646
1 55810U 23029Q   26145.46379002  .00000116  00000-0  25670-3 0  9995
2 55810  87.9150 309.5059 0001506  92.9390 267.1915 13.19726309155896
KUIPER-00183
1 67138U 25301F   26145.50510510  .00004288  00000-0  43614-3 0  9994
2 67138  51.8948  75.2809 0008947 327.7076  32.3343 14.92577585 25427
CO3D3
1 64900U 25156B   26145.47876808  .00004605  00000-0  21569-3 0  9995
2 64900  97.4327 224.4984 0000652 155.1802 204.9465 15.20209127 46088
ONEWEB-0395
1 50475U 21132G   26145.43061214  .00000482  00000-0  13234-2 0  9998
2 50475  87.8904  25.5961 0001794  89.5806 270.5528 13.11415139212737
LEMUR 2 DELOITTE-1
1 63259U 25052BB  26145.13224072  .00003262  00000-0  28542-3 0  9995
2 63259  97.6957  38.2401 0002208 116.5293 243.6155 14.97412683 65245
RSW-02
1 49114U 21076C   26145.53880119  .00000225  00000-0  36812-3 0  9990
2 49114  86.4107 165.8873 0020748 121.9527 238.3639 13.42858513232846
GAOFEN 9 02
1 45625U 20034B   26145.49608034  .00004859  00000-0  19338-3 0  9996
2 45625  97.5731 302.5460 0013557 143.4532 216.7633 15.25667701332702
KUIPER-00388
1 68922U 26098D   26145.37134366  .00013750  00000-0  47202-3 0  9997
2 68922  51.8741 178.3190 0021744  65.4462 294.8785 15.30209310  3830
ONEWEB-0080
1 45426U 20020C   26145.37139320 -.00000118  00000-0 -36853-3 0  9991
2 45426  87.8917  25.6049 0001479  77.7917 282.3377 13.11415063299713
HULIANWANG DIGUI-127
1 67067U 25295J   26145.61110802 -.00000083  00000-0  88818-4 0  9995
2 67067  49.9999 106.1224 0000865 355.4569   4.6295 13.29327519 22506
POLAR BEAR
1 17070U 86088A   26145.38067921  .00000088  00000-0  79885-4 0  9996
2 17070  89.6194 177.2937 0038783 350.1797  20.8255 13.75283978982285
ONEWEB-0241
1 48773U 21045G   26145.29208388 -.00000011  00000-0 -62744-4 0  9990
2 48773  87.8986 263.7689 0001471 102.1542 257.9754 13.15547075241325
IRIDE-MS2-HEO-6
1 64576U 25135BA  26145.56955848  .00001370  00000-0  14108-3 0  9990
2 64576  97.7700 260.0874 0002306  72.6910 287.4561 14.91877097 50510
FLOCK 4G 24
1 62637U 25009AE  26145.11512018  .00009575  00000-0  33855-3 0  9990
2 62637  97.4022 227.4897 0003302  43.4912 316.6588 15.29382975 75404
HULIANWANG DIGUI-56
1 65113U 25168H   26145.48202905 -.00000070  00000-0  11738-3 0  9997
2 65113  49.9998  46.8486 0012072  45.1113 315.0737 13.29317669 39677
DMSP 5D-2 F9 (USA 29)
1 18822U 88006A   26145.48637273  .00000199  00000-0  95262-4 0  9998
2 18822  98.3554 313.0351 0007322 130.0944 230.0882 14.28819774993069
HULIANWANG DIGUI-61
1 65167U 25174D   26145.54901275  .00000038  00000-0  55031-4 0  9994
2 65167  86.4960 259.6716 0002047  93.2148 266.9221 13.24404570 37790
ONEWEB-0109
1 47259U 20100B   26145.34752737  .00000394  00000-0  10587-2 0  9995
2 47259  87.8961 355.2004 0001620  88.2984 271.8330 13.12441721261565
BEE-1000
1 66650U 25274A   26145.36407299  .00002803  00000-0  27615-3 0  9998
2 66650  97.7480  74.7846 0013594  72.3786 287.8917 14.92784336 26806
SKIPPER
1 23752U 95072B   26145.48542978 -.00000001  00000-0  18325-4 0  9992
2 23752  98.7358 217.2338 0005410 179.3066 180.8122 14.26154267582105
NUSAT-54(BRANCA MARQUES)
1 68442U 26067AC  26145.62612333  .00005266  00000-0  26614-3 0  9990
2 68442  97.4525 104.3565 0005741 130.5853 229.5881 15.17477296  8512
COSMOS 761
1  8285U 75086A   26145.51062123 -.00000017  00000-0 -37066-5 0  9994
2  8285  74.0111  56.7569 0052046 103.2990  69.4380 12.55816703323655
COSMOS 2579
1 61730U 24197A   26145.49840433  .00003220  00000-0  13319-3 0  9990
2 61730  97.5588  69.2696 0003167  95.7958 264.3640 15.24707846 87014
RASSVET-3 14
1 68373U 26061P   26145.50832961  .00075871  00000-0  31694-3 0  9998
2 68373  82.2970  37.6214 0004797 177.6283 182.5011 15.85378661  9974
OPS 4547
1 07244U 74020B   26145.44546142  .00000074  00000-0  32229-4 0  9991
2 07244  94.6065 210.6061 0027447 158.6840 201.5503 14.31870900108784
CINEMA
1 38764U 12048G   26145.45281619  .00026520  00000-0  51084-3 0  9993
2 38764  64.6420 162.6820 0046587 184.1591 175.9168 15.46606158113729
HYPERVIEW-1G
1 61772U 24199AP  26145.47755046  .00101649  00000-0  84043-3 0  9997
2 61772  97.2928  24.1451 0004656  24.1451 336.0029 15.69959674131107
HULIANWANG DIGUI-121
1 67061U 25295C   26145.29370077 -.00000082  00000-0  91520-4 0  9998
2 67061  49.9990 107.7660 0000840 353.7844   6.3018 13.29327142 22450
GLOBALSTAR M094
1 39074U 13005C   26145.48939177 -.00000090  00000-0  76864-4 0  9993
2 39074  51.9954 219.9079 0000198 177.5095 182.5773 12.62268183615607
LYNK TOWER 3
1 55046U 23001AP  26145.41633521  .00011147  00000-0  32253-3 0  9991
2 55046  97.3216 205.7855 0007850 187.4162 172.6967 15.35744192188412
KUIPER-00121
1 65950U 25228D   26145.65369528  .00000605  00000-0  10836-3 0  9998
2 65950  51.8995  12.7521 0001116 104.1873 255.9213 14.79934367 34732
ONEWEB-0457
1 51647U 22012AB  26145.41267508 -.00000456  00000-0 -13429-2 0  9999
2 51647  87.8849  40.8056 0001858  93.0249 267.1091 13.10370387206367
SZ-22
1 66645U 25272A   26145.51067809  .00014512  00000-0  17905-3 0  9997
2 66645  41.4679  99.9009 0011051 279.1269  80.8319 15.59810900289512
YAOGAN-35 04B
1 53524U 22100C   26145.50656590  .00011379  00000-0  32404-3 0  9995
2 53524  35.0004 172.4566 0003007  87.0716 273.0346 15.35282845101744
AEROCUBE 18A
1 63220U 25052L   26145.64344261  .00005674  00000-0  23605-3 0  9996
2 63220  97.3995  39.4134 0003726 175.8803 184.2466 15.24155721 66467
COSMOS 1325
1 12980U 81116F   26145.38811326 -.00000012  00000-0  24805-4 0  9994
2 12980  73.9845   7.6819 0085644 217.5447 316.3157 12.30136097997751
DRUMS
1 49401U 21102G   26145.56548174  .00004595  00000-0  21454-3 0  9994
2 49401  97.3312 183.2826 0013766 316.5094  43.5055 15.20232809250142
FLOCK 4Q 21
1 58329U 23174CB  26145.00351106  .00324710  00000-0  18052-2 0  9993
2 58329  97.3862 240.1386 0009568 232.6384 127.4012 15.78550137142437
COSMOS 589
1 06846U 73069B   26145.48991302  .00000008  00000-0  15130-3 0  9994
2 06846  73.9981 161.6032 0047732 273.9517 254.7254 12.53235697408340
YUNYAO-1 19
1 58759U 24009B   26145.49509495  .00010758  00000-0  54324-3 0  9994
2 58759  49.9824 278.3983 0005400 200.0432 160.0309 15.17525292131229
COSMOS 530
1 06265U 72087C   26145.46305156  .00000003  00000-0  10354-3 0  9990
2 06265  74.0353 330.6825 0086593  55.7923 319.9301 12.65677330474711
COSMOS 1225
1 12087U 80097A   26145.40388556  .00000068  00000-0  54431-4 0  9994
2 12087  82.9440 132.2855 0057396 116.9670  46.3736 13.74753312280301
COSMOS 2334
1 24304U 96052A   26145.40972091  .00000073  00000-0  61684-4 0  9994
2 24304  82.9330  97.6155 0029108 328.0516 152.3917 13.73810140489500
LEO 1
1 43113U 18004C   26145.34428595  .00001828  00000-0  13084-3 0  9991
2 43113  99.2446  60.6558 0351164 149.4521 212.7658 14.67665784434134
COSMOS 2074
1 20577U 90036A   26145.39203458  .00000072  00000-0  60083-4 0  9991
2 20577  82.9409 123.0881 0025455 271.6189 252.4764 13.74879940810598
COSMOS 1295
1 12681U 81077A   26145.50428044  .00000076  00000-0  61774-4 0  9998
2 12681  82.9159 137.5882 0043446 339.3845 171.5391 13.76643967249121
SJ-5
1 25731U 99025B   26145.59477693  .00000023  00000-0  35518-4 0  9992
2 25731  98.7271 188.5729 0017895  61.9317 298.3662 14.12927143392139
IRIDIUM 16
1 24841U 97030F   26145.48346821  .00000296  00000-0  89612-4 0  9999
2 24841  86.4034  61.4328 0003752  54.4504 305.7044 14.39037906516220
SDA_1681
1 65991U 25230T   26145.52555867  .00000109  00000-0  85871-4 0  9996
2 65991  81.3016 232.5733 0003025 253.5941 106.4884 13.85300692 30680
GLOBALSTAR M077
1 37191U 10054D   26145.44002819 -.00000074  00000-0  81482-4 0  9996
2 37191  51.9954 237.0320 0003088 132.9175 308.3555 11.67547255718480
DMSP 5D-2 F13 (USA 109)
1 23533U 95015A   26145.52528472  .00000077  00000-0  60041-4 0  9998
2 23533  98.8031 159.6805 0006120 209.5135 315.6556 14.17020382609986
GEESAT 1-08
1 52792U 22058H   26145.44750589  .00001700  00000-0  24353-3 0  9990
2 52792  49.9946 306.5631 0020188 202.5763 157.4288 14.81287910216562
KUIPER-00138
1 65964U 25228T   26145.32683393  .00001095  00000-0  17263-3 0  9991
2 65964  51.9009   4.1916 0000670 114.5514 245.5518 14.79933662 34828
COSMOS 1358
1 13161U 82040B   26145.56369830 -.00000007  00000-0  59492-4 0  9995
2 13161  74.0099 183.6619 0042587 269.6290 257.8664 12.53995612 16476
FLOCK 4Q 7
1 58318U 23174BQ  26145.22833798  .00032148  00000-0  49906-3 0  9991
2 58318  97.3910 235.9631 0006573 207.5969 152.4937 15.53895585142185
SDA_1665
1 65975U 25230B   26145.49399022  .00000187  00000-0  16266-3 0  9990
2 65975  81.3017 232.8740 0001233 107.8721 252.2569 13.82038341 30664
YAOGAN-36 04A
1 54746U 22171A   26145.66411554  .00007123  00000-0  31783-3 0  9997
2 54746  34.9918   2.6351 0006481  85.0442 275.1011 15.20677338191696
FORMOSAT7-6/COSMIC2-6
1 44353U 19036Q   26145.62046914  .00002190  00000-0  16262-3 0  9990
2 44353  23.9967 121.7535 0001101 180.0486 180.0015 14.96396110378431
ONEWEB-0396
1 50476U 21132H   26145.48016783  .00000060  00000-0  11920-3 0  9998
2 50476  87.9170 339.9732 0002014  88.4774 271.6589 13.18687925218646
IRIDIUM 104
1 41922U 17003F   26145.39535051  .00000156  00000-0  48765-4 0  9994
2 41922  86.3951  98.0090 0002540  89.3589 270.7897 14.34217968490009
ION SCV-004
1 50993U 22002K   26145.54521077  .00004957  00000-0  17211-3 0  9991
2 50993  97.2850 203.6317 0009061  79.0837 281.1423 15.30188113241831
ONEWEB-0361
1 49287U 21090J   26145.64906803 -.00000004  00000-0 -41765-4 0  9999
2 49287  87.9177 278.9322 0001998 101.4862 258.6496 13.20773995227325
VESSELSAT 1
1 37840U 11058C   26145.42358412  .00000335  00000-0  38169-4 0  9996
2 37840  19.9601 182.8712 0013631 352.3053   7.7141 14.11434105754712
TIANHUI 5D
1 60212U 24126B   26145.36404317  .00000140  00000-0  21332-4 0  9992
2 60212  97.8210 153.2480 0002091  94.6410 265.5045 14.87573213102505
FENGYUN 3E
1 49008U 21062A   26145.51132532 -.00000023  00000-0  97711-5 0  9998
2 49008  98.7500 149.1729 0002315 123.9065 236.2332 14.19901597253368
USA 23
1 18009U 87043E   26145.12941228  .00009063  00000-0  53898-3 0  9991
2 18009  63.2941  62.2160 0784632 104.8404 264.0837 13.86817305342295
QIANFAN-18
1 60396U 24140T   26145.46741919  .00000090  00000-0  11977-3 0  9991
2 60396  88.9720 281.9839 0016144  79.2284 281.0684 13.51011101 89637
ONEWEB-0247
1 48777U 21045L   26145.55829084  .00000131  00000-0  31274-3 0  9999
2 48777  87.8991 263.7226 0001565  75.2591 284.8713 13.15548146241436
OUTPOST MISSION 1
1 56226U 23084BK  26145.39036887  .00212877  18676-4  71404-3 0  9998
2 56226  97.6003 306.3080 0004176 260.1419  99.9382 15.90103068165385
HULIANWANG DIGUI-64
1 65170U 25174G   26145.49609242  .00000076  00000-0  14246-3 0  9995
2 65170  86.4913 259.5768 0001863  92.4378 267.6970 13.24404409 37788
GLOBALSTAR M030
1 25854U 99037D   26145.50045505 -.00000106  00000-0 -65669-3 0  9998
2 25854  51.9876  79.4325 0003424 299.8830  60.1646 11.55113402189604
ONEWEB-0246
1 48786U 21045V   26145.36022259 -.00000062  00000-0 -19815-3 0  9999
2 48786  87.8999 263.7340 0001906  96.5026 263.6321 13.15547711241278
ONEWEB-0228
1 48780U 21045P   26145.58219152 -.00000049  00000-0 -16361-3 0  9995
2 48780  87.9008 263.6841 0001803  98.8086 261.3249 13.15549855241350
IDEFIX/ARIANE 42P
1 27422U 02021B   26145.54625436  .00000176  00000-0  83390-4 0  9996
2 27422  98.5938  83.2756 0011218 326.8019  33.2459 14.31069435255019
PIAST-S1
1 66749U 25276CM  26145.63370154  .00005280  00000-0  24834-3 0  9990
2 66749  97.4197 219.6547 0003697  68.3215 291.8413 15.19988847 27002
OSCAR 16 (PACSAT)
1 20439U 90005D   26145.34849576  .00000110  00000-0  56284-4 0  9997
2 20439  98.8536 180.4907 0009569 301.9981  79.3561 14.33928383898660
POLAR SCOUT YUKON
1 43808U 18099BC  26145.61786124  .00020562  00000-0  57038-3 0  9994
2 43808  97.4690 218.0367 0005667  63.0143 297.1680 15.36940317410049
PRSC-E03
1 68835U 26092A   26145.52120376  .00002220  00000-0  15446-3 0  9992
2 68835  38.0001 223.3274 0004792 217.9787 142.0637 15.06552505  4539
ORBASTRO-TR5
1 63236U 25052AC  26145.41939992  .00004111  00000-0  18393-3 0  9992
2 63236  97.3869  37.4969 0002543 207.5132 152.5970 15.21843392 66353
ONEWEB-0250
1 48968U 21060B   26145.51625392  .00000084  00000-0  16063-3 0  9996
2 48968  87.9106 231.1093 0001930 129.7407 230.3899 13.25832337237216
ONEWEB-0562
1 55799U 23029D   26145.64739624 -.00000018  00000-0 -76868-4 0  9990
2 55799  87.9165 278.9459 0002744  94.1438 266.0009 13.20771944158176
LEMUR-2 WOBLER
1 67368U 26004F   26145.25287239  .00003479  00000-0  38174-3 0  9997
2 67368  97.8043 144.2573 0007361 195.4814 164.6179 14.88325181 19889
YAOGAN 19
1 39410U 13065A   26145.50123394 -.00000110  00000-0 -17940-3 0  9995
2 39410 100.1106 122.9144 0009783 136.3265 223.8624 13.15582578600664
SAUDICOMSAT 3
1 31125U 07012J   26145.39104270  .00000667  00000-0  11688-3 0  9992
2 31125  98.3132 120.3617 0040264 122.9645 237.5442 14.70662479 21472
LEMUR-2 SONNENBLUME
1 67367U 26004E   26145.45836600  .00002532  00000-0  28045-3 0  9995
2 67367  97.7984 144.3593 0007085 207.3159 152.7686 14.88178767 19913
COSMOS 734
1  7823U 75045C   26145.43748133 -.00000020  00000-0 -25836-4 0  9994
2  7823  74.0178 253.6342 0017619 137.2055 291.1253 12.51798163330227
COSMOS 2010
1 19904U 89025C   26145.59881640 -.00000015  00000-0  71382-5 0  9999
2 19904  74.0092 197.9736 0029896  96.5653  69.7326 12.54072870615121
HULIANWANG DIGUI-31
1 64284U 25121B   26145.49630670  .00000037  00000-0  53075-4 0  9992
2 64284  86.5029  21.2847 0001718  88.4717 271.6614 13.24412126 47152
TIANQI 18
1 64060U 25105C   26145.40211208 -.00000047  00000-0  56019-4 0  9992
2 64060  44.9831 123.5865 0012148 283.8982  76.0499 13.99127253 52007
METEOR 2-20
1 20826U 90086A   26145.46149168  .00000003  00000-0 -10350-4 0  9995
2 20826  82.5257 215.7082 0014757  90.2872 269.9980 13.84459382801173
FLOCK 4G 5
1 62663U 25009BG  26145.46370880  .00008355  00000-0  29019-3 0  9998
2 62663  97.4028 227.9240 0004033  52.2836 307.8769 15.30004694 75461
QIANFAN-59
1 62789U 25016E   26145.50109882  .00000098  00000-0  13353-3 0  9992
2 62789  88.9732  86.1178 0012134 229.4584 130.5511 13.51006147 69354
SZ-21 MODULE
1 66515U 25246C   26145.20404203  .00041241  00000-0  27831-3 0  9991
2 66515  41.4727  90.2489 0005482 218.1296 141.9160 15.74279029 30113
KUIPER-00421
1 68933U 26098Q   26145.38363826 -.00005689  00000-0 -15822-3 0  9992
2 68933  51.8755 177.6779 0009146  51.5634 308.6171 15.34120501  3843
ONEWEB-0132
1 47278U 20100W   26145.11543190  .00000381  00000-0  10234-2 0  9997
2 47278  87.8952 355.2619 0001772  84.5375 275.5956 13.12441423261552
RESURS O1
1 23342U 94074A   26145.50593995  .00000554  00000-0  70851-4 0  9990
2 23342  97.6632 164.8539 0001965 107.5014 252.6417 14.85052688700566
COSMOS 2385
1 27056U 01058B   26145.52872497 -.00000060  00000-0 -40299-3 0  9991
2 27056  82.5376 234.3343 0004933 286.3146 201.8496 12.60564289122923
SORCE
1 27651U 03004A   26145.09288412  .00002562  00000-0  19459-3 0  9996
2 27651  39.9924  33.4247 0018644 248.3068 111.5741 15.03562587268420
DTUSAT 2
1 40030U 14033W   26145.44927710  .00006670  00000-0  36428-3 0  9995
2 40030  98.0868 141.7394 0006624 323.8038  36.2743 15.14673921649241
TIANSHI 01
1 68415U 26066D   26145.29971787  .00002110  00000-0  22248-3 0  9997
2 68415  84.9667 242.2937 0024231 337.8447  22.1727 14.88576399  8327
RESURS P5
1 62430U 24250A   26145.50432041  .00002608  00000-0  87031-4 0  9994
2 62430  97.2789  71.2272 0001006  58.1610 301.9730 15.31943562 79073
FLOCK 4H 2
1 66705U 25276AR  26145.45738179  .00005418  00000-0  25094-3 0  9999
2 66705  97.4178 219.5374 0002558  75.0180 285.1339 15.20511166 26988
REX 2
1 23814U 96014A   26145.51213684  .00000134  00000-0  52151-4 0  9992
2 23814  90.0084 341.2116 0020645 210.9145 149.0834 14.25355699569961
PICOSAT 9
1 26930U 01043B   26145.52191391 -.00000007  00000-0  28906-4 0  9994
2 26930  67.0012 243.6026 0011260 270.5509  89.4302 14.31583493287485
VRSS-1
1 38782U 12052A   26145.50138727  .00001261  00000-0  17298-3 0  9999
2 38782  97.6144 122.9967 0016748 315.5068  44.4799 14.79971195736254
NOVA 1
1 12458U 81044A   26145.36946071  .00000086  00000-0  18283-3 0  9990
2 12458  89.8475  88.9693 0015124  20.7020  91.8113 13.23296918173503
COSMOS 2255
1 22690U 93038D   26145.57586701  .00000001  00000-0 -54346-4 0  9997
2 22690  82.5848 244.0567 0006324  45.5636 326.1376 12.63327540518373
ONEWEB-0569
1 55148U 23004J   26145.23100644 -.00000180  00000-0 -52845-3 0  9998
2 55148  87.8948 324.7914 0000894  88.3806 271.7426 13.13468708167164
MAST
1 31126U 07012K   26145.36094524  .00000732  00000-0  14726-3 0  9999
2 31126  98.4285 112.7920 0082888 118.9685 241.9857 14.62612093 15506
COSMOS 2249
1 22650U 93030E   26145.49380627  .00000039  00000-0  15668-3 0  9998
2 22650  82.5860 337.9255 0007322 357.9511  29.9770 12.63186685523162
COSMOS 2116
1 21030U 90114C   26145.49752242  .00000000  00000-0 -56010-4 0  9991
2 21030  82.5758 221.4894 0005567 146.1502 224.9613 12.64323104634562
COSMOS 2328
1 23790U 96009D   26145.05267849  .00000025  00000-0  81357-4 0  9999
2 23790  82.5777 334.3526 0008659 108.0830 252.1205 12.62602639394553
FAISAT
1 23465U 95002C   26145.46010358  .00000030  00000-0  16153-4 0  9994
2 23465  82.9292  39.9974 0036372 229.8517 304.0329 13.72024017568737
KINEIS-3D
1 61221U 24172B   26145.50286192  .00001687  00000-0  27478-3 0  9992
2 61221  98.0423 235.6521 0001404 155.3304 204.7971 14.72296968 90018
FORMOSAT7-3/COSMIC2-3
1 44343U 19036E   26145.91067053  .00004590  00000-0  25721-3 0  9994
2 44343  24.0004 331.8407 0001029  37.0814 322.9761 15.09606195379877
AAC-HSI-SAT3
1 58848U 23174DH  26145.49676947  .00002371  00000-0  12789-3 0  9993
2 58848  97.3420 205.6397 0012326  88.6223 271.6422 15.15641019140467
OMNI-L1
1 52157U 22033A   26145.23374661  .00001692  00000-0  21641-3 0  9995
2 52157  97.8396 224.8582 0005291  16.4034 343.7350 14.82646206224057
CENTISPACE-1 S9
1 62578U 25007D   26145.44348500 -.00000012  00000-0  12183-3 0  9990
2 62578  54.9837  11.8296 0012628  39.2063 320.9806 13.80602621 71572
ONEWEB-0593
1 54659U 22166T   26145.55014044  .00000159  00000-0  35336-3 0  9995
2 54659  87.9253 248.4797 0002070  95.9003 264.2367 13.21826881168556
COSMOS 2100
1 20804U 90083A   26145.55417675  .00000047  00000-0  33984-4 0  9994
2 20804  82.9396 184.5817 0036303 343.7434 179.8016 13.74564367790127
NANOSAT C BR1
1 40024U 14033Q   26145.33101217  .00016297  00000-0  55288-3 0  9993
2 40024  98.0745 175.7068 0001994 243.3155 116.7880 15.30617735650487
COSMOS 446
1  5549U 71086C   26145.40025241  .00000008  00000-0  14269-3 0  9994
2  5549  74.0253 148.1898 0083008 133.1064 227.6973 12.54460884500915
SDGSAT 1
1 49387U 21100A   26145.51695041  .00006320  00000-0  29790-3 0  9995
2 49387  97.2654 193.3069 0008586  25.1197 335.0454 15.19798880252479
YAOGAN-39 05B
1 58558U 23194B   26145.54654999  .00004299  00000-0  21142-3 0  9996
2 58558  34.9918 222.4052 0009352 117.8493 242.3168 15.17428300136654
YAOGAN-35 A
1 49390U 21101A   26145.47228369  .00008287  00000-0  31328-3 0  9994
2 49390  34.9906  59.5398 0005597 185.0138 175.0522 15.26218735253405
JILIN-01 KUANFU 02A
1 57696U 23127A   26145.54578937  .00004710  00000-0  29019-3 0  9990
2 57696  97.5549 239.6593 0012675  61.1120 299.1380 15.10389667152212
QIANFAN-31
1 61564U 24185N   26145.47687314  .00000151  00000-0  19282-3 0  9992
2 61564  88.9815  63.5044 0004888 278.0325  82.0275 13.58032370 90386
JILIN-01 KUANFU 01
1 45016U 20003A   26145.49960245  .00003001  00000-0  18548-3 0  9991
2 45016  97.5031 219.8992 0010290  29.5212 330.6596 15.10573279351906
JILIN-01 KUANFU 02B 2
1 61190U 24169B   26145.47992237  .00003230  00000-0  21012-3 0  9997
2 61190  97.5553 234.7400 0008057  94.5753 265.6396 15.08654204 92403
SAC-D (AQUARIUS)
1 37673U 11024A   26145.28244183  .00000726  00000-0  10625-3 0  9996
2 37673  97.9771 159.4019 0001518 114.0531 256.6124 14.78587972804407
ASTRID 2
1 25568U 98072B   26145.41623198  .00000140  00000-0  13441-3 0  9995
2 25568  82.9477 100.6567 0025517 145.4015 337.0577 13.73139170374843
ONEWEB-0386
1 49312U 21090AK  26145.42855894  .00000032  00000-0  45611-4 0  9990
2 49312  87.9181 278.9677 0002092  94.3221 265.8151 13.20771867226814
GEESAT 3-07
1 61017U 24159G   26145.47964743  .00001301  00000-0  18106-3 0  9992
2 61017  49.9926 188.2821 0011786 304.6337  55.3489 14.84151538 92774
IRIDIUM 133
1 42955U 17061A   26145.42655806  .00000097  00000-0  27455-4 0  9997
2 42955  86.3989  34.7817 0002249  84.1255 276.0197 14.34218468451511
COSMOS 1459
1 14057U 83042A   26145.55736625  .00000050  00000-0  35055-4 0  9998
2 14057  82.9737 196.5478 0047981 242.4458 117.1821 13.76821218162620
ORBCOMM FM 110
1 41182U 15081D   26145.16082419  .00000637  00000-0  17108-3 0  9996
2 41182  47.0010 110.3134 0003761 319.8741  40.1867 14.58838006554264
ISS (ZVEZDA)
1 26400U 00037A   26145.42220529  .00009654  00000-0  18076-3 0  9995
2 26400  51.6330  52.7989 0007470  96.3597 263.8242 15.49365963567993
APEX ARIES 1
1 59129U 24043AH  26145.36705998  .00023949  00000-0  36388-3 0  9992
2 59129  97.5445 294.3404 0004357 284.5043  75.5727 15.54561865124379
IRIDIUM 69
1 25319U 98026A   26145.42040033  .00000335  00000-0  97187-4 0  9996
2 25319  86.3949 310.7490 0002376  28.7099 331.4232 14.41380800472356
HAWK-5B
1 52756U 22057AA  26145.39794052  .00018314  00000-0  32284-3 0  9997
2 52756  97.6578 301.9643 0005879 142.5204 217.6458 15.50456448222812
ONEWEB-0309
1 49095U 21075W   26145.61193503  .00000012  00000-0 -29057-5 0  9990
2 49095  87.9151  10.3529 0001403  96.8408 263.2883 13.17649722230608
INTERCOSMOS 25
1 21819U 91086A   26145.58043532  .00000078  00000-0  14952-4 0  9993
2 21819  82.6042 263.4900 1484993 311.1831  37.0088 12.12163968506001
ONEWEB-0379
1 49305U 21090AC  26145.43085871 -.00000080  00000-0 -24923-3 0  9990
2 49305  87.8944 294.2459 0001944  95.1890 264.9461 13.14501300224578
PARASOL
1 28498U 04049G   26145.49064741  .00000729  00000-0  11767-3 0  9994
2 28498  98.5038 336.1183 0015422  96.4662 263.8301 14.74583407145891
COSMOS 1791
1 17066U 86086A   26145.35068205  .00000045  00000-0  31338-4 0  9996
2 17066  82.9464 278.3805 0039620 304.2363  73.8597 13.76053097985056
HULIANWANG DIGUI-58
1 65164U 25174A   26145.52629970  .00000016  00000-0  21862-5 0  9990
2 65164  86.4959 259.6567 0001919  95.5932 264.5421 13.24404269 37793
UNISAT 5
1 39421U 13066F   26145.40260838  .00003960  00000-0  28244-3 0  9995
2 39421  97.7041 115.7478 0029869 165.1301 195.0810 15.04788244679248
IRIDE-MS2-HEO-15
1 68987U 26100H   26145.46852766  .00001427  00000-0  14729-3 0  9999
2 68987  97.7363  43.3435 0001539 145.6033 214.5285 14.91725956  3310
ONEWEB-0547
1 56049U 23043D   26145.53918713 -.00000068  00000-0 -19621-3 0  9999
2 56049  87.9253 248.4794 0001792 100.7389 259.3947 13.21825791155239
IRIDIUM 141
1 43077U 17083H   26145.24846308  .00000064  00000-0  15772-4 0  9999
2 43077  86.3957 331.5852 0002235  90.2142 269.9309 14.34217743440886
COSMOS 1041
1 11050U 78091H   26145.34189983  .00000001  00000-0  12049-3 0  9995
2 11050  74.0352 295.2239 0019905 324.3709  54.3815 12.43325844162241
SWARM B
1 39451U 13067A   26145.54663845  .00002771  00000-0  99009-4 0  9996
2 39451  87.7448 349.1964 0003232  98.4839 261.6777 15.28394195679789
GAOFEN 14
1 47231U 20092A   26145.51493244  .00007182  00000-0  28649-3 0  9990
2 47231  97.4730 215.7674 0004715 215.6356 144.4567 15.25479490304370
COSMOS 2409
1 28420U 04037B   26145.55388178  .00000148  00000-0  96371-3 0  9995
2 28420  82.4861 343.2644 0013267 333.3131  26.7266 12.45323661984732
YAOGAN-33 02
1 53698U 22106A   26145.49119237  .00000123  00000-0  36053-4 0  9993
2 53698  98.1811 153.6947 0001224 180.3270 179.7929 14.58716203198410
ION SCV-019
1 68435U 26067V   26145.61093216  .00002805  00000-0  14283-3 0  9999
2 68435  97.4532 104.3833 0003801 118.2462 241.9156 15.17613492  8517
COSMOS 886
1 09634U 76126A   26145.37751040 -.00000024  00000-0  26691-4 0  9994
2 09634  65.8334 119.8482 1092250 266.7410  80.8313 12.56615872277340
ONEWEB-0044
1 45150U 20008V   26145.40123022  .00000421  00000-0  11705-2 0  9990
2 45150  87.8858  40.8011 0001969  76.2276 283.9070 13.10371140305491
ONEWEB-0625
1 55166U 23004AC  26145.60687151 -.00000003  00000-0 -42040-4 0  9993
2 55166  87.9152  10.3652 0001831  79.2370 280.8968 13.17649097164600
IPEX
1 39471U 13072K   26145.43046504  .00005271  00000-0  27243-3 0  9997
2 39471 120.4628 212.0236 0161215 338.0504  21.3719 15.07781657111805
KINEIS-4C
1 63301U 25056B   26145.49377365  .00001402  00000-0  22893-3 0  9997
2 63301  97.9065 270.2368 0004466  54.0160 306.1461 14.72393026 63798
ONEWEB-0118
1 47264U 20100G   26145.53725110 -.00000357  00000-0 -10281-2 0  9999
2 47264  87.8959 355.1568 0001926  95.8562 264.2786 13.12441800261757
COSMOS 2170
1 21784U 91077F   26145.38982512  .00000031  00000-0  11124-3 0  9998
2 21784  82.6073 283.5611 0002225  10.7289   2.9938 12.62587357591208
HULIANWANG DIGUI-24
1 63691U 25086E   26145.47358066  .00000030  00000-0  36293-4 0  9993
2 63691  86.5075 320.9159 0001442  79.4776 280.6521 13.24408619 51859
KUIPER-00452
1 68946U 26098AD  26145.49717826  .00029104  00000-0  83653-3 0  9994
2 68946  51.8744 176.9375 0003720  54.1438 305.9893 15.35572557  3868
KUIPER-00060
1 64520U 25134W   26145.25634521  .00003423  00000-0  47815-3 0  9998
2 64520  51.9011 242.0583 0000617  94.8130 265.2903 14.79905964 51578
COSMOS 861
1 09494U 76104A   26145.39507695 -.00000052  00000-0  34008-4 0  9993
2 09494  64.8576 119.5147 0051283 197.6758 162.2518 13.81723606502799
JILIN-01 GAOFEN 3H
1 46460U 20065G   26145.50025634  .00066631  00000-0  69412-3 0  9993
2 46460  97.2253 197.9736 0007936  83.8630 276.3534 15.64310748316330
MOST
1 27843U 03031D   26145.47310815  .00000064  00000-0  49525-4 0  9997
2 27843  98.7048 153.5161 0009111 323.7450  36.3109 14.21317046187489
ONEWEB-0515
1 54133U 22138W   26145.39150383  .00000158  00000-0  35722-3 0  9998
2 54133  87.9179 278.9742 0002005 124.4582 235.6741 13.20772599176299
QIANFAN-30
1 61563U 24185M   26145.43852200  .00000144  00000-0  20731-3 0  9998
2 61563  88.9832  63.9662 0005576 293.3982  66.6582 13.50046105 90155
COSMOS 1238
1 12138U 81003A   26145.48654477  .00004595  00000-0  30385-3 0  9995
2 12138  82.9574 236.2041 0639336 144.0701 220.5285 14.12961952266702
TYVAK-0173
1 48892U 21059P   26145.50893698  .00001574  00000-0  20317-3 0  9997
2 48892  96.0086 227.5033 0011060 104.7060 255.5384 14.81799973264888
LEMUR-2 EMARCHIA
1 68492U 26067CE  26145.32993046  .00004529  00000-0  45875-3 0  9996
2 68492  97.7549 103.8725 0005045 115.1645 245.0098 14.91414700  8316
PUCP-SAT 1
1 39442U 13066AC  26145.45363015  .00020229  00000-0  64717-3 0  9996
2 39442  97.5794 139.1987 0015840  32.5200 327.7014 15.32329124680788
TIANQI 36
1 62368U 24245D   26145.47640174  .00000046  00000-0  11925-3 0  9994
2 62368  44.9853  62.5590 0008964 273.1335  86.8472 13.99209964 73162
HULIANWANG DIGUI-154
1 67530U 26013J   26145.53834285 -.00000095  00000-0  62369-4 0  9994
2 67530  50.0069  76.5184 0000925  28.2263 331.8660 13.29328188 17036
ONEWEB-0276
1 48994U 21060AD  26145.53957462  .00000115  00000-0  26731-3 0  9991
2 48994  87.9106 233.2716 0002115  96.7883 263.3488 13.16593493236594
NOAA 12
1 21263U 91032A   26145.47602126  .00000078  00000-0  50182-4 0  9990
2 21263  98.6196 134.3169 0014853  94.4857 265.8021 14.26737845821721
ONEWEB-0310
1 49096U 21075X   26145.13574715 -.00000173  00000-0 -51564-3 0  9991
2 49096  87.8951 355.2662 0001752  86.2065 273.9264 13.12441333232161
GEESAT 5-04
1 65553U 25201D   26145.28005912  .00001013  00000-0  14698-3 0  9995
2 65553  49.9842 146.1958 0008083 185.1860 174.8996 14.84130301 38385
ONEWEB-0595
1 54661U 22166V   26145.54677878  .00000087  00000-0  17909-3 0  9993
2 54661  87.9260 248.4759 0001837 105.8163 254.3174 13.21825760168543
QIANFAN-93
1 66035U 25233C   26145.48650681  .00000136  00000-0  19209-3 0  9995
2 66035  89.0030  45.5043 0002164  68.9102 291.2280 13.51007732 30110
ONEWEB-0207
1 48242U 21031AJ  26145.41896881  .00000113  00000-0  27064-3 0  9997
2 48242  87.8950 294.2384 0002026 104.1752 255.9603 13.14501508245303
LEMUR-2-HOTSPUR-TOM
1 66786U 25276EB  26145.46211236  .00005821  00000-0  48871-3 0  9995
2 66786  97.5235 216.8749 0014272 203.8901 156.1662 14.98627776 26723
SIT-HSE
1 61763U 24199AE  26145.47983051  .00032828  00000-0  56617-3 0  9994
2 61763  97.3012  21.3879 0005267  33.2776 326.8806 15.50957083134065
ONEWEB-0130
1 47276U 20100U   26145.31872056 -.00000113  00000-0 -34953-3 0  9993
2 47276  87.8961 355.1996 0001682  85.6192 274.5129 13.12442919261648
ONEWEB-0107
1 48048U 21025G   26145.47986603  .00000320  00000-0  84038-3 0  9996
2 48048  87.8950 324.7328 0001691  99.5294 260.6026 13.13469034250549
YAOGAN 26
1 40362U 14088A   26145.49220221  .00022850  00000-0  46396-3 0  9994
2 40362  97.0648 146.2499 0006534 117.3631 242.8285 15.46323252634193
PLEIADES 1
1 38012U 11076F   26145.49934193  .00000486  00000-0  11429-3 0  9997
2 38012  98.1974 220.9059 0001272 105.0304  20.3127 14.58554500768683
ONEWEB-0676
1 56712U 23068C   26145.48575353  .00000075  00000-0  16317-3 0  9991
2 56712  87.9108 233.2853 0002301  94.9884 265.1509 13.16595889148714
IRIDE-MS1-EAG2-10
1 68451U 26067AM  26145.52515477  .00006813  00000-0  33319-3 0  9999
2 68451  97.4490 104.3133 0003467  93.1506 267.0125 15.18530137  8508
NETSAT-1
1 46506U 20068W   26145.44027644  .00012953  00000-0  39582-3 0  9996
2 46506  97.8749 144.7093 0006922  91.3225 268.8810 15.34005001311812
YAOGAN 15
1 38354U 12029A   26145.55986880 -.00000351  00000-0 -77246-3 0  9994
2 38354 100.7381 349.9160 0025226 344.1095  15.9224 13.18381612672462
COSMOS 1256
1 12326U 81022G   26145.04476932 -.00000014  00000-0  92499-5 0  9994
2 12326  74.0316  18.8153 0012909 194.8151 327.7998 12.49600089 62702
SEMI-1P
1 66298U 25248F   26145.58723727  .00002731  00000-0  13436-3 0  9994
2 66298  45.3812 241.0659 0014054 265.1156  94.8125 15.20742084 31098
ONEWEB-0621
1 55162U 23004Y   26145.12372245  .00000500  00000-0  13754-2 0  9999
2 55162  87.8917  25.6531 0002020  85.1772 274.9587 13.11415084162781
ONEWEB-0367
1 49293U 21090Q   26145.36038133  .00000057  00000-0  10821-3 0  9991
2 49293  87.9178 278.9911 0001723 102.0848 258.0478 13.20772229226810
ONEWEB-0152
1 48043U 21025B   26145.48833285  .00000340  00000-0  89631-3 0  9995
2 48043  87.8942 324.7414 0001829  87.1766 272.9572 13.13468755250575
QIANFAN-27
1 61560U 24185J   26145.50325111  .00000342  00000-0  13304-3 0  9997
2 61560  88.9836  57.7344 0009666 104.9702 255.2562 14.27517144 93524
EMISAR
1 68427U 26067M   26145.57925052  .00008485  00000-0  40951-3 0  9998
2 68427  97.4528 104.4232 0003741  78.4036 281.7618 15.18916667  8510
ROBUSTA-3A
1 60243U 24128J   26145.37770005  .00008867  00000-0  52454-3 0  9991
2 60243  61.9868 288.8853 0044515 123.6615 236.8738 15.11269169102977
ONEWEB-0136
1 47282U 20100AA  26145.54912381 -.00000046  00000-0 -16223-3 0  9996
2 47282  87.8960 355.1515 0001481  83.1120 277.0176 13.12443177261694
JILIN-01 GAOFEN 3D 30
1 52447U 22048E   26145.61412641  .00220902  00000-0  90050-3 0  9993
2 52447  97.5647 261.0845 0003221 166.4288 193.7069 15.85578007226170
SJ-11-07
1 40261U 14059A   26145.47230595  .00000494  00000-0  10360-3 0  9995
2 40261  97.9943 215.4412 0009737 215.6849 144.3704 14.63711761621599
COSMOS 2114
1 21028U 90114A   26145.51572580  .00000004  00000-0 -37479-4 0  9998
2 21028  82.5779 248.1920 0004586 356.8089  14.8440 12.62803483632538
CUAVA-2
1 60527U 24149BM  26145.14913546  .00012041  00000-0  35089-3 0  9997
2 60527  97.3724 226.6396 0006924  29.0367 331.1260 15.35508737 98632
KINEIS-1A
1 60084U 24114F   26145.49759775  .00000772  00000-0  10744-3 0  9996
2 60084  97.8927 169.3792 0003508 192.3653 167.7473 14.80579960104036
COSMOS 977
1 10584U 78005B   26145.11046155 -.00000006  00000-0  61644-4 0  9991
2 10584  74.0330  10.9271 0040756 138.0375 346.7145 12.57990396208557
ONEWEB-0194
1 48237U 21031AD  26145.37059738 -.00000133  00000-0 -39325-3 0  9995
2 48237  87.8945 294.2582 0001820  90.6387 269.4951 13.14501376245360
METHANESAT
1 59101U 24043D   26145.35035665  .00001806  00000-0  15796-3 0  9996
2 59101  97.8413 276.2871 0011176  87.1313 273.1188 14.97999284121233
TIANHUI 5B
1 58201U 23168C   26145.40839709  .00000351  00000-0  44642-4 0  9997
2 58201  97.8212 153.1088 0002151  97.8429 262.3031 14.87578081139213
LEMUR 2 ZACHARY
1 42845U 17042W   26145.77728279  .00041349  00000-0  78675-3 0  9991
2 42845  97.3622 336.9707 0004459 103.6463 256.5284 15.48108535485733
GLOBAL-12
1 49772U 21115BA  26145.22536803  .00022887  00000-0  37860-3 0  9990
2 49772  53.1940 154.8245 0003382  12.8669 347.2428 15.52134128252337
MALLIGYONG-1
1 58400U 23179A   26145.56140310  .00002686  00000-0  11879-3 0  9998
2 58400  97.3052  27.7463 0010231 105.0085 255.2285 15.22489009139316
COSMOS 972
1 10539U 77123A   26145.40018569  .00000000  00000-0  82742-5 0  9997
2 10539  75.8322 140.1503 0302410 248.6022 108.2607 13.89160553452887
ONEWEB-0698
1 61604U 24188L   26145.38990456 -.00000530  00000-0 -15308-2 0  9991
2 61604  87.8907  25.6174 0001117  41.4519 318.6694 13.11417337 81486
GLOBALSTAR M070
1 32264U 07048B   26145.60959723 -.00000080  00000-0  13401-3 0  9996
2 32264  51.9721 165.3281 0000249 192.4463 320.0785 12.62334782856916
LEGION 1
1 59625U 24081A   26145.46401168  .00003317  00000-0  17363-3 0  9997
2 59625  97.5017 223.5663 0011025  88.7355 271.5140 15.16476468114093
GLOBALSTAR M040
1 25622U 99004B   26145.57630890 -.00000069  00000-0  19345-3 0  9996
2 25622  51.9909  95.4951 0001284  52.0566 118.9189 12.62034555258481
COSMOS 2150
1 21418U 91041A   26145.56343912  .00000104  00000-0  47793-4 0  9991
2 21418  74.0343 153.7066 0017997 305.5867  54.3607 14.32641153825745
ZHEDA PIXING 1C
1 37167U 10047C   26145.47346582  .00001324  00000-0  13990-3 0  9998
2 37167  97.9764 126.8437 0019383   6.7745 353.3731 14.90857788847047
BRITE-A TUGSAT-1
1 39091U 13009F   26145.43191156  .00000154  00000-0  66985-4 0  9991
2 39091  98.3990 325.4317 0009234 313.0698  46.9715 14.36531641693784
FORMOSAT7-4/COSMIC2-4
1 44350U 19036M   26145.39818704  .00002305  00000-0  17254-3 0  9995
2 44350  23.9978 248.1263 0000746 291.5263  68.5158 14.96391735380650
COSMOS 2273
1 23004U 94011F   26145.27231271  .00000037  00000-0  14496-3 0  9994
2 23004  82.5742 329.6748 0004370 235.2855 301.6055 12.62919128487855
COSMOS 1055
1 11132U 78109E   26145.34565749  .00000008  00000-0  16301-3 0  9996
2 11132  74.0147 114.0669 0017138 190.9296 320.8797 12.46952562160719
SHIYAN 19 (SY-19)
1 55861U 23034A   26145.54298198  .00018739  00000-0  27352-3 0  9991
2 55861  97.3961   1.1124 0007038  78.0811 282.1232 15.55690140179041
COSMOS 2043
1 20237U 89074F   26145.49003520  .00000001  00000-0 -54774-4 0  9996
2 20237  82.5774 237.6515 0002639 268.8873 104.4133 12.63551770692033
YAOGAN-43 O1B
1 60459U 24148B   26145.51782434  .00012726  00000-0  36203-3 0  9990
2 60459  34.9927 279.4100 0007886   2.2105 357.8647 15.35270280 98945
KL-ALPHA B
1 44786U 19077B   26145.47446446  .00000011  00000-0 -21435-5 0  9993
2 44786  88.9123 222.6675 0025221 212.2188 147.7427 13.55999527322103
COSMOS 1349
1 13127U 82030A   26145.10835348  .00000058  00000-0  45527-4 0  9997
2 13127  82.9296 179.3466 0032241 100.8690 313.2764 13.74027610212141
TIROS N
1 11060U 78096A   26145.50964541  .00000117  00000-0  75245-4 0  9996
2 11060  98.4540 167.5892 0009377 313.0676  46.9715 14.19367722675530
ICEYE-X74
1 68500U 26067CN  26145.31960675  .00002116  00000-0  21667-3 0  9990
2 68500  97.7607 103.9184 0003817  91.1101 269.0555 14.91540476  8310
PICOSAT 3
1 26091U 00004J   26145.27624448  .00001616  00000-0  35044-3 0  9990
2 26091 100.1797 252.8658 0024148  23.1630 337.0647 14.59866232387087
COSMOS 1876
1 18335U 87074B   26145.44063865  .00000043  00000-0  18226-3 0  9999
2 18335  82.5733 337.3907 0005379 160.5021 214.8442 12.62815506784225
COSMOS 940
1 10286U 77079B   26145.48076560 -.00000002  00000-0  86752-4 0  9996
2 10286  74.0252 318.9301 0043863 251.5993 135.9203 12.58902592209324
COSMOS 2532
1 43753U 18097C   26145.48603424  .00000006  00000-0 -29281-4 0  9999
2 43753  82.5137 236.2146 0019393 106.9991 253.3216 12.42908977339459
KANOPUS-V 3
1 43180U 18014A   26145.54152336  .00002244  00000-0  98792-4 0  9998
2 43180  97.3598  51.5214 0001962  81.4421 278.7038 15.22860030461277
KUIPER-00433
1 68869U 26095F   26145.50003471 -.01774045  00000-0 -13451+0 0  9990
2 68869  51.8851 354.2896 0007668 237.2648 351.2937 15.05276979  4211
COSMOS 506
1 06119U 72057C   26145.49328728 -.00000004  00000-0  70388-4 0  9994
2 06119  74.0287  62.8000 0072356  82.3292  91.7961 12.56206839469163
IRIDIUM 119
1 42959U 17061E   26145.66123561  .00000006  00000-0 -49556-5 0  9993
2 42959  86.3984  34.6652 0002237  84.7109 275.4342 14.34217461451581
ONEWEB-0357
1 49219U 21083AK  26145.32755286  .00000094  00000-0  19930-3 0  9993
2 49219  87.9176 278.9900 0001690 100.8206 259.3117 13.20772077233791
METEOR 1-23
1 08519U 75124A   26145.54687113  .00000192  00000-0  99379-4 0  9998
2 08519  81.2415 146.5440 0013862  32.7137 327.4890 14.11384838593699
ORBCOMM FM 116
1 41189U 15081L   26145.08468829  .00000576  00000-0  15803-3 0  9999
2 41189  47.0037  19.8522 0001955 314.3061  45.7665 14.58841637555567
ONEWEB-0578
1 56067U 23043X   26145.54510133  .00000156  00000-0  34675-3 0  9996
2 56067  87.9257 248.4768 0002225 106.5355 253.6023 13.21825716155243
BIFROST-DNK
1 64588U 25135BN  26145.44432220  .00002355  00000-0  22337-3 0  9991
2 64588  97.7713 260.3486 0005417  72.1703 288.0108 14.94513430 50515
GLOBALSTAR M076
1 37190U 10054C   26145.48198954 -.00000089  00000-0  83318-4 0  9991
2 37190  52.0003 177.2576 0000214  22.6295 124.6023 12.62261802720007
METEOR 3-6
1 22969U 94003A   26145.37757258 -.00000108  00000-0 -31133-3 0  9991
2 22969  82.5608 103.3922 0013746 264.9836  94.9717 13.17061885554234
BEIJING 1 (TSINGHUA)
1 28890U 05043A   26145.52060301  .00000187  00000-0  45623-4 0  9994
2 28890  98.2878 278.6113 0014573 358.0025   2.1116 14.63516290 97332
GRAVITAS
1 68495U 26067CH  26145.50003471 -.00054325  00000-0 -11528-1 0  9990
2 68495  97.7598 103.0471 0004104  85.0503 222.6253 14.59527187  5720
ONEWEB-0263
1 48981U 21060Q   26145.49999982 -.00000028  00000-0 -10717-3 0  9997
2 48981  87.9106 233.2855 0001713  95.1534 264.9793 13.16593238236608
KUIPER-00056
1 64516U 25134S   26145.52380061  .00000571  00000-0  10384-3 0  9992
2 64516  51.9003 243.3705 0000324 103.0798 257.0201 14.79935221 51593
KUIPER-00205
1 67774U 26030L   26145.50003471  .00024518  00000-0  89055-3 0  9990
2 67774  51.8831 207.7824 0003227 311.5954 265.1610 15.28150365  5485
ONEWEB-0426
1 50498U 21132AF  26145.24665640  .00000107  00000-0  23740-3 0  9993
2 50498  87.9168 340.0111 0002544  89.4470 270.6953 13.18687539218569
GLOBALSTAR M023
1 25621U 99004A   26145.11728368 -.00000076  00000-0  15407-3 0  9996
2 25621  52.0101  92.2339 0009858 160.2025 213.4919 12.62526456258925
ONEWEB-0278
1 48996U 21060AF  26145.54275681  .00000118  00000-0  27427-3 0  9996
2 48996  87.9110 233.2696 0002095 106.9457 253.1904 13.16595859236718
RESOURCESAT 2
1 37387U 11015A   26145.49618097  .00000074  00000-0  54056-4 0  9993
2 37387  98.7649 213.0934 0010503 327.7787  32.2747 14.21606833782955
HINODE (SOLAR B)
1 29479U 06041A   26145.29282011  .00000664  00000-0  12249-3 0  9992
2 29479  98.0554 161.7830 0017502   5.8763 354.2644 14.68583925 51515
COSMOS 2165
1 21779U 91077A   26145.54452634 -.00000000  00000-0 -60348-4 0  9998
2 21779  82.6068 246.6614 0011714 106.2960 265.2164 12.64920974594137
STPSAT-5
1 43762U 18099E   26145.55330070  .00004818  00000-0  27292-3 0  9996
2 43762  97.4103 195.9561 0004573  69.1776 290.9945 15.13463131409446
COSMOS 1235
1 12114U 80102H   26145.54240169 -.00000021  00000-0 -26849-4 0  9997
2 12114  73.9956  57.8225 0032176 134.5612  38.8252 12.56234339 82747
SAUDISAT 5A
1 43831U 18102A   26145.50503870  .00005139  00000-0  19194-3 0  9992
2 43831  97.3081 207.5258 0008995 204.8125 155.2683 15.27775057412217
IRIDIUM 180
1 43922U 19002A   26145.32165431  .00000025  00000-0  19564-5 0  9992
2 43922  86.3986   3.1573 0002237  89.0930 271.0522 14.34217730385719
ONEWEB-0581
1 56069U 23043Z   26145.50317137 -.00000015  00000-0 -72766-4 0  9993
2 56069  87.9107 233.2876 0002534  92.3424 267.7998 13.16595159155979
METOP-B
1 38771U 12049A   26145.45317510  .00000092  00000-0  62081-4 0  9998
2 38771  98.6518 197.4043 0003305  68.5517 291.6013 14.21425530710036
ONEWEB-0088
1 45457U 20020AK  26145.39330118 -.00000422  00000-0 -12279-2 0  9998
2 45457  87.8927  25.5662 0002161  87.8185 272.3191 13.11417339299559
KUIPER-00231
1 68580U 26072H   26145.37187535  .00043813  00000-0  11854-2 0  9991
2 68580  51.8746 287.0240 0001687 317.9420  42.1437 15.37264349  7878
COSMOS 2337
1 24725U 97006A   26145.34394279  .00000028  00000-0  98841-4 0  9995
2 24725  82.6074 294.6445 0009446 169.2015 190.9280 12.60724343346970
DMSP 5D-2 F15 (USA 147)
1 25991U 99067A   26145.51087514  .00000130  00000-0  86485-4 0  9995
2 25991  98.9975 183.7810 0011045  69.8038  67.2545 14.17554364367430
HULIANWANG DIGUI-101
1 66417U 25258F   26145.65993271 -.00000087  00000-0  80637-4 0  9990
2 66417  50.0019  16.4267 0000869  54.6517 305.4436 13.29323587 26745
HULIANWANG DIGUI-135
1 67243U 25311H   26145.45749107 -.00000097  00000-0  58143-4 0  9991
2 67243  50.0004 197.4167 0001036 246.9637 113.1126 13.29322639 20316
FLOCK 4G 1
1 62666U 25009BK  26145.49275407  .00010808  00000-0  38486-3 0  9997
2 62666  97.4023 227.5956 0005155  59.5574 300.6175 15.29110057 75443
KUIPER-00096
1 65135U 25171D   26145.45884565  .00001983  00000-0  28902-3 0  9994
2 65135  51.8978 178.6030 0000386  77.3115 282.7891 14.79931831 44265
MBZ-SAT
1 62626U 25009T   26145.49349532  .00000178  00000-0  12006-4 0  9994
2 62626  97.3971 224.2804 0006619  75.4001 284.7967 15.17969710 75248
ONEWEB-0561
1 56710U 23068A   26145.39485903  .00000042  00000-0  70129-4 0  9996
2 56710  87.9175 278.9873 0002066  88.4043 271.7327 13.20772463146491
NOAA 5
1  9057U 76077A   26145.40078895 -.00000011  00000-0  27159-3 0  9997
2  9057 102.3012 131.3423 0010110  24.2488 145.0166 12.37830983251656
COSMOS 2161
1 21732U 91068E   26145.40956171  .00000026  00000-0  80179-4 0  9997
2 21732  82.5751 299.5169 0011266  31.0033 357.1742 12.65278255600381
CENTISPACE-2 S1
1 68350U 26060A   26145.38683105  .00000289  00000-0  76591-4 0  9999
2 68350  54.9795 129.1423 0010637  57.9923 302.2108 14.72821798  9405
NUSAT-41 (C PAYNE-G)
1 56944U 23084N   26145.49404970  .00010643  00000-0  36871-3 0  9992
2 56944  97.5483 281.8469 0007792  51.3724 308.8212 15.30003128164313
LEMUR-2-DEANANDMAEVE
1 66678U 25276N   26145.46484211  .00006489  00000-0  30952-3 0  9992
2 66678  97.4217 219.3224 0007383  83.5432 276.6644 15.19396553 26969
PELICAN-9 3010
1 69019U 26100AR  26145.51449435  .00002620  00000-0  12345-3 0  9995
2 69019  97.4064  43.7438 0006751 101.6940 258.5054 15.20370564  3360
IRIDE-MS1-EAG2-14
1 68447U 26067AH  26145.32577037  .00007418  00000-0  36200-3 0  9996
2 68447  97.4504 104.1320 0003472  89.7733 270.3899 15.18575832  8476
QIANFAN-40
1 62241U 24232E   26145.50801372  .00000116  00000-0  16048-3 0  9992
2 62241  89.0128  24.4172 0015585  88.7637 271.5299 13.51009594121701
KUIPER-00152
1 65772U 25217L   26145.47819373  .00001651  00000-0  24546-3 0  9991
2 65772  51.9008  51.0394 0001025  88.3145 271.7935 14.79936258 36424
LEMUR 2 HUBBLE-5
1 64840U 25135BT  26145.32020216  .00001518  00000-0  14751-3 0  9998
2 64840  97.7692 260.1047 0006736  63.9620 296.2293 14.94052790 50494
SDA_1672
1 65982U 25230J   26145.54317318  .00000176  00000-0  15236-3 0  9996
2 65982  81.3024 232.9351 0001432 111.5244 248.6065 13.82251692 30668
UME 1 (ISS 1)
1  8709U 76019A   26145.52482287 -.00000001  00000-0  56921-4 0  9992
2  8709  69.6724 183.3989 0012612 309.2540 218.2223 13.71742340513984
ONEWEB-0141
1 47287U 20100AF  26145.52527157 -.00000326  00000-0 -94108-3 0  9991
2 47287  87.8959 355.1537 0001987  93.7902 266.3453 13.12441878261704
QIANFAN-96
1 66038U 25233F   26145.43301658  .00000129  00000-0  18188-3 0  9997
2 66038  89.0022  45.5020 0002062  66.9606 293.1763 13.51006546 30101
KUIPER-00154
1 65969U 25228Y   26145.57127903  .00000286  00000-0  66575-4 0  9995
2 65969  51.9018 355.6361 0000699 108.6136 251.4903 14.79935346 34966
ALSAT 2B
1 41786U 16059D   26145.48927064  .00001014  00000-0  17377-3 0  9999
2 41786  97.9904 208.1970 0000814  72.5270 287.6026 14.70838444517433
DEMETER
1 28368U 04025C   26145.36636312  .00001302  00000-0  16435-3 0  9994
2 28368  98.1261 124.8234 0001413 117.9874 242.1482 14.83676951177295
COSMOS 644
1 07268U 74024D   26145.42971737 -.00000021  00000-0 -21203-4 0  9995
2 07268  74.0200  45.8133 0094535 324.6359  34.8452 12.63694162402811
ONEWEB-0696
1 56723U 23068P   26145.58362435 -.00000001  00000-0 -35393-4 0  9996
2 56723  87.8989 263.7261 0001590  90.0389 270.0924 13.15547247146391
COSMOS 791
1  8607U 76008A   26145.39246512  .00000011  00000-0  16454-3 0  9997
2  8607  74.0523 163.3692 0055198 257.7157 219.3897 12.55045693305452
FLOCK 4BE 30
1 60499U 24149AH  26145.45695838  .00108217  00000-0  18676-2 0  9993
2 60499  97.3785 230.3111 0001563 180.7689 179.3560 15.50624920 98242
ONEWEB-0616
1 55157U 23004T   26145.36218756 -.00000025  00000-0 -97299-4 0  9997
2 55157  87.9154  10.4068 0001840  54.6345 305.4958 13.17648785164698
WILDFIRE 3
1 57758U 23133C   26145.43461601  .00000128  00000-0  10109-3 0  9992
2 57758  80.9984  27.8632 0009508  58.0748 302.1333 13.86268719137944
PELICAN-1 3001
1 58296U 23174AS  26145.79211706  .00025297  00000-0  18774-3 0  9993
2 58296  97.4020 244.7541 0000921  30.8071 329.3246 15.72865306142641
MACSAT 1 (M 1)
1 20607U 90043A   26145.23019174  .00000567  00000-0  75710-4 0  9998
2 20607  89.7525 245.0203 0091966  80.1279 281.0309 14.75156156910999
COSMOS 1879
1 18338U 87074E   26145.43854811  .00000029  00000-0  99567-4 0  9992
2 18338  82.5694 297.7909 0005369 251.5150 115.9695 12.65027905787188
KUIPER-00189
1 68574U 26072B   26145.38682586  .00002364  00000-0  36824-3 0  9992
2 68574  51.8989 298.5129 0000804 231.0610 129.0279 14.76322404  7711
UITMSAT
1 67686U 98067YC  26145.92435315  .00064569  00000-0  74329-3 0  9991
2 67686  51.6286  44.9004 0009735 104.1722 256.0354 15.61316131 16825
COSMOS 2132
1 21107U 91009H   26145.36366666 -.00000005  00000-0  68247-4 0  9997
2 21107  74.0279 173.5119 0034377 335.2320  52.4850 12.55502054616939
COSMOS 2303
1 23445U 94086E   26145.35083678  .00000033  00000-0  12715-3 0  9998
2 23445  82.5765   0.5532 0010356 259.1700 274.6360 12.60561683445107
METEOR 2-11
1 15099U 84072A   26145.51280603  .00000039  00000-0  20857-4 0  9996
2 15099  82.5320  57.2573 0013713 148.7541 211.4438 13.85297785117209
BRO-15
1 60553U 24149CP  26145.17060941  .00000886  00000-0  83838-4 0  9991
2 60553  97.6809 220.9851 0008690 154.1509 206.0148 14.96085346 96568
QIANFAN-21
1 61554U 24185C   26145.48445664  .00000515  00000-0  22283-3 0  9991
2 61554  88.9768  57.7888 0010048 176.7360 183.3899 14.22827215 93259
COSMOS 732
1 07820U 75045A   26145.44062171 -.00000013  00000-0  21890-4 0  9990
2 07820  74.0200  24.9441 0043014 219.8227 320.2027 12.56724013339416
CENTISPACE-1 S12
1 62581U 25007G   26145.43650850 -.00000060  00000-0  76684-4 0  9997
2 62581  54.9782  10.9536 0017457  82.8702 277.4238 13.80626083 71596
HULIANWANG DIGUI-87
1 65995U 25231A   26145.31063317 -.00000105  00000-0  40213-4 0  9990
2 65995  50.0004 257.8959 0000820 154.9961 205.0951 13.29327379 29846
OT-FOREST-3 BJOERNTBW
1 62682U 25009CB  26145.19446578  .00005532  00000-0  22810-3 0  9993
2 62682  97.3905 224.9643 0006436  74.1720 286.0226 15.24457051132937
YAOGAN-34
1 48340U 21037A   26145.53005475 -.00000277  00000-0 -31052-3 0  9991
2 48340  63.4021 204.5720 0060537 355.1173   4.9255 13.45565712248955
HULIANWANG DIGUI-94
1 66002U 25231H   26145.56959625 -.00000104  00000-0  42578-4 0  9998
2 66002  50.0064 256.7109 0000944 153.3625 206.7296 13.29325359 29884
IONOSFERA-M 02
1 61736U 24199B   26145.51283148  .00000039  00000-0  37017-4 0  9992
2 61736  98.7202  18.8321 0001794  61.9970 298.1389 14.22752623127609
USA 17
1 16625U 86014F   26145.41992096  .00002698  00000-0  26517-3 0  9996
2 16625  63.2991 163.1808 0787461 115.2879 253.1848 13.74290492339697
KUIPER-00196
1 67144U 25301M   26145.15081831  .00018170  00000-0  65795-3 0  9990
2 67144  51.8774  55.1633 0001395 251.8413 108.2418 15.28443826 25500
ONEWEB-0382
1 49308U 21090AF  26145.34267517  .00000062  00000-0  11987-3 0  9996
2 49308  87.9175 278.9894 0002187  95.3029 264.8354 13.20771921226809
COSMOS 1755
1 16765U 86042H   26145.58857012 -.00000010  00000-0  37300-4 0  9998
2 16765  74.0171 194.8104 0029619 326.8470 200.0594 12.54343993830139
COSMOS 1017
1 10934U 78056E   26145.32574289  .00000001  00000-0  11478-3 0  9996
2 10934  74.0255  98.9973 0022125 233.4643 243.4236 12.47611789184423
ONEWEB-0528
1 54643U 22166B   26145.54340962  .00000109  00000-0  23166-3 0  9991
2 54643  87.9253 248.5046 0001766  97.6954 262.4380 13.21826068168554
SHIYAN 20B (SY-20B)
1 54700U 22169B   26145.50673942  .00000037  00000-0  67497-4 0  9997
2 54700  59.9976 315.4684 0013403 182.7647 177.3316 14.29532918180113
IRIDIUM 109
1 41919U 17003C   26145.41437812  .00000062  00000-0  14959-4 0  9993
2 41919  86.3952  98.0350 0002351  85.9284 274.2181 14.34217967489933
ORBCOMM FM 12
1 25115U 97084D   26145.45573736  .00000741  00000-0  24316-3 0  9991
2 25115  45.0123 167.0004 0003608 188.8577 171.2211 14.46672389490817
ONEWEB-0674
1 55833U 23029AP  26145.64971888  .00000075  00000-0  16771-3 0  9996
2 55833  87.8935 294.2148 0002070  86.9510 273.1857 13.14502603156453
APRIZESAT 6
1 37793U 11044F   26145.53981806  .00000548  00000-0  84752-4 0  9994
2 37793  98.2379  55.5760 0043591 156.7472  19.2501 14.76878118793807
SHIJIAN 6 02B (SJ-6 02B)
1 29506U 06046B   26145.55254443  .00001613  00000-0  12985-3 0  9997
2 29506  97.7165 174.7515 0012962 129.4602 230.7771 15.01306224 67344
COSMOS 1160
1 11695U 80012E   26145.58769314 -.00000009  00000-0  48181-4 0  9990
2 11695  74.0213  85.0169 0010843 105.2451  67.3326 12.47775765108168
YAOGAN 28
1 41026U 15064A   26145.52218520  .00006745  00000-0  25635-3 0  9998
2 41026  97.3040 284.2554 0009166 270.2348  89.7841 15.27080231587226
GLOBALSTAR M072
1 31574U 07020D   26145.30892765 -.00000069  00000-0  20530-3 0  9996
2 31574  51.9897 161.1543 0001368 265.8419 107.4397 11.91658309872253
STSAT 3
1 39422U 13066G   26145.47236172  .00004905  00000-0  37267-3 0  9992
2 39422  97.6161 115.7348 0010364 108.1173 252.1182 15.02582871680796
BB 1
1 56171U 23050K   26145.35412872  .00000143  00000-0  12170-3 0  9992
2 56171  81.0012 102.4670 0017015  11.1206 349.0321 13.82654866158385
COSMOS 1809
1 17241U 86101A   26145.36866740  .00000097  00000-0  73597-4 0  9990
2 17241  82.5287 298.8250 0014580 221.1325 155.8094 13.84492760991675
LATINSAT A
1 27612U 02058H   26145.06427396  .00000503  00000-0  74461-4 0  9992
2 27612  64.5555  33.4273 0054262 251.4504 108.0704 14.85427081264194
COSMOS 1477
1 14175U 83069E   26145.29884624 -.00000009  00000-0  48013-4 0  9995
2 14175  74.0268 345.2659 0002370 208.4517 324.4172 12.50456927957724
COSMOS 1535
1 14679U 84010A   26145.59471782  .00000052  00000-0  37432-4 0  9991
2 14679  82.9575 171.4969 0042955  39.7595 112.3626 13.75448715 91742
FORMOSAT-5
1 42920U 17049A   26145.50180530  .00000137  00000-0  45812-4 0  9993
2 42920  98.2254 221.3150 0012143 147.6899 212.5042 14.50888242463380
EGS (AJISAI)
1 16908U 86061A   26145.51769676 -.00000094  00000-0  24925-4 0  9990
2 16908  50.0078 217.1048 0011349 123.1122  75.2627 12.44516429477565
ONEWEB-0392
1 50472U 21132D   26145.60349657 -.00000015  00000-0 -72117-4 0  9995
2 50472  87.9162  10.3366 0002160  90.8347 269.3032 13.17648909215148
HULIANWANG DIGUI-147
1 67523U 26013B   26145.52161838 -.00000088  00000-0  76876-4 0  9992
2 67523  50.0053  77.0701 0000878  26.3908 333.7008 13.29328922 17037
PROBA 2
1 36037U 09059B   26145.26937079  .00000159  00000-0  47564-4 0  9998
2 36037  98.2450 328.9405 0013114 357.4849   2.6280 14.54850975878199
YAOGAN-30 AC
1 48863U 21055D   26145.55717122  .00002450  00000-0  18269-3 0  9990
2 48863  34.9960 289.4477 0003846 317.3007  42.7402 15.02557547269484
ONEWEB-0216
1 48801U 21045AL  26145.37289776  .00000085  00000-0  19136-3 0  9996
2 48801  87.8996 263.7400 0001956  99.1366 260.9986 13.15547457241309
REX
1 21527U 91045A   26145.38405817  .00000095  00000-0  34676-4 0  9994
2 21527  89.5323 261.3762 0070460  60.8983 299.9240 14.23579873811854
COSMOS 985
1 10599U 78007A   26145.44053552  .00000045  00000-0  30904-4 0  9991
2 10599  82.9427  45.2923 0051499 257.2204 102.3195 13.76929597428747
OPS 8579 (DMSP 5B F5)
1 07218U 74015A   26145.56181609  .00000153  00000-0  73152-4 0  9990
2 07218  98.9875 247.9075 0055962  13.7030 346.5656 14.32177165717716
NAPA-1
1 46320U 20061BA  26145.54881646  .00062754  00000-0  64164-3 0  9992
2 46320  97.2481 219.0360 0001695 138.9058 221.2329 15.64835795318190
METEOR 2-10
1 14452U 83109A   26145.15869205  .00000150  00000-0  54053-4 0  9998
2 14452  81.1627  20.2960 0088906 269.6150  89.4842 14.27269790214135
IONOSFERA-M 03
1 64876U 25155A   26145.51022523  .00000051  00000-0  43050-4 0  9999
2 64876  98.6014 107.9881 0000423 352.3719   7.7452 14.21482010 43188
CENTISPACE-1 S6
1 54021U 22126B   26145.45043969  .00000549  00000-0  14517-3 0  9992
2 54021  54.9998 305.7026 0015254  28.2329 331.9489 14.62252856193678
COSMOS 1053
1 11130U 78109C   26145.36020874 -.00000009  00000-0  46424-4 0  9993
2 11130  74.0166 278.3875 0037616 295.9231  78.5183 12.51499183168646
KUIPER-00079
1 64826U 25151L   26145.47396498  .00003251  00000-0  45525-3 0  9993
2 64826  51.9002 321.0174 0000664 105.4444 254.6592 14.79933827 47873
NINGXIA-1 10
1 49022U 21064E   26145.52073106 -.00000085  00000-0  27069-4 0  9994
2 49022  45.0009 328.8500 0007783 154.3208 205.8017 14.08550642251030
CHECKMATE 8
1 56162U 23050A   26145.61643053  .00000082  00000-0  62806-4 0  9992
2 56162  81.0012  93.4174 0007229  30.5244 329.6331 13.84954536159022
KUIPER-00025
1 63739U 25088R   26145.20010084  .00000748  00000-0  12714-3 0  9991
2 63739  51.9028 122.2854 0000680  57.3263 302.7765 14.79923570 59145
SIMSAT 1
1 26365U 00026A   26145.22381214  .00001987  00000-0  71168-4 0  9993
2 26365  86.3431 142.9915 0010805  73.7583 286.4852 15.28000877438881
SHIYAN 4 (SY-4)
1 37931U 11068B   26145.02615562  .00000130  00000-0  66235-4 0  9994
2 37931  98.6959 164.0250 0022286 211.3081 203.3507 14.31118297755582
PICOSAT 1&2 (TETHERED)
1 26080U 00004H   26145.02673328  .00000470  00000-0  14348-3 0  9993
2 26080 100.2152 176.1640 0028877 229.3546 130.5129 14.47690219383566
ONEWEB-0633
1 56074U 23043AE  26145.57412156  .00000079  00000-0  17669-3 0  9991
2 56074  87.9000 263.6930 0001507 101.6906 258.4393 13.15549879153435
ONEWEB-0640
1 55804U 23029J   26145.64336062  .00000219  00000-0  55680-3 0  9995
2 55804  87.8934 294.2408 0002031  77.2475 282.8881 13.14501300156456
SUOMI100
1 43804U 18099AY  26145.41880924  .00012431  00000-0  45958-3 0  9995
2 43804  97.4205 205.9049 0009741  11.3025 348.8432 15.27809501409946
VIGORIDE 7
1 68473U 26067BK  26145.37797999  .00015161  00000-0  68009-3 0  9997
2 68473  97.4535 104.2265 0008242 207.5517 152.5283 15.21267219  8466
GLOBALSTAR M062
1 26082U 00008B   26145.48552966 -.00000064  00000-0  24174-3 0  9991
2 26082  51.9815 169.1651 0007218 124.9154  22.8504 12.43491252539205
CONNECTA IOT-14
1 67401U 26004AQ  26145.27343324  .00003002  00000-0  14919-3 0  9998
2 67401  97.4508 144.6387 0011411  65.1481 295.0939 15.18363338 20289
LYRA-1
1 62664U 25009BH  26145.46860619  .00008357  00000-0  40952-3 0  9994
2 62664  97.3987 220.5358 0007326 269.7226  90.3169 15.18370203 74971
GLOBAL-19
1 55982U 23041B   26145.56971318  .00013990  00000-0  36535-3 0  9994
2 55982  42.0027 333.8376 0006377 198.0618 161.9996 15.38554278178448
HULIANWANG DIGUI-149
1 67525U 26013D   26145.50497205 -.00000091  00000-0  71423-4 0  9999
2 67525  50.0087  77.0248 0001087  35.6646 324.4298 13.29327377 17038
GARAI-B
1 68463U 26067AZ  26145.62179233  .00006417  00000-0  32332-3 0  9993
2 68463  97.4520 104.3602 0004947 127.7503 232.4179 15.17501880  8519
SJ-11-08
1 40286U 14066A   26145.52874839  .00000615  00000-0  12105-3 0  9995
2 40286  98.3489 289.9988 0011031 306.9096  53.1095 14.66140994617893
TYVAK-182A
1 48271U 21034D   26145.40830036  .00004298  00000-0  29960-3 0  9996
2 48271  97.5737 204.7241 0007233  60.0566 300.1378 15.05913031276409
IRIS
1 39197U 13033A   26145.26857480  .00000944  00000-0  11431-3 0  9997
2 39197  97.9345 344.6170 0025330  36.7938 323.5010 14.85830628696978
KUIPER-00014
1 63730U 25088G   26145.32705657  .00001073  00000-0  16977-3 0  9999
2 63730  51.9013 129.1587 0000305  36.5916 323.5067 14.79929940 58734
COSMOS 2213
1 22184U 92068C   26145.58924485  .00000030  00000-0  10567-3 0  9990
2 22184  82.6015   1.4086 0002995 163.5029 222.8841 12.62611302548100
COSMOS 1291
1 12640U 81074E   26145.48997914  .00000004  00000-0  13268-3 0  9999
2 12640  74.0338 330.0649 0004681 289.2410  98.8693 12.50887039 45645
KUIPER-00024
1 63738U 25088Q   26145.17442676  .00001295  00000-0  19889-3 0  9990
2 63738  51.9025 114.9180 0000638  65.8335 294.2694 14.79933961 59385
SDA_1682
1 65992U 25230U   26145.33310488  .00000170  00000-0  15722-3 0  9999
2 65992  81.3032 233.4897 0001079  99.6895 260.4381 13.78090259 30617
ONEWEB-0217
1 48245U 21031AM  26145.38011470  .00000061  00000-0  12996-3 0  9999
2 48245  87.8948 294.2436 0001551 105.6001 254.5300 13.14501773245185
HAWK-3C
1 48948U 21059BX  26145.29403887  .00041690  00000-0  38463-3 0  9996
2 48948  97.6812 345.5176 0005815  64.3228 295.8632 15.67482292274265
TIANPING 3B-01
1 61615U 24189B   26145.51395826  .00002271  00000-0  18236-3 0  9995
2 61615  97.5203 166.3711 0004091  72.0090 288.1580 15.01016345 87041
FGN-100-D3
1 68464U 26067BA  26145.62195956  .00004469  00000-0  22659-3 0  9990
2 68464  97.4503 104.3456 0004082 137.1568 222.9985 15.17454115  8511
FLOCK 4BE 3
1 60561U 24149CX  26145.48737933  .00016053  00000-0  39361-3 0  9990
2 60561  97.3697 229.1949 0003987  32.4123 327.7368 15.40795473 98849
QIANFAN-82
1 63168U 25046K   26145.49937566  .00000055  00000-0  65910-4 0  9993
2 63168  88.9691 302.9411 0013154  24.4350 335.7422 13.51007223 69587
RADARSAT
1 23710U 95059A   26145.46278413  .00000227  00000-0  10002-3 0  9991
2 23710  98.5465 154.7542 0001603  95.5859 264.5507 14.32394830595095
ONEWEB-0686
1 56721U 23068M   26145.25301026  .00000062  00000-0  12866-3 0  9991
2 56721  87.9097 233.3485 0001829 109.4342 250.6987 13.16593705148699
ONEWEB-0516
1 54134U 22138X   26145.02309842  .00000022  00000-0  21564-4 0  9995
2 54134  87.9148 309.5910 0001652  93.8026 266.3296 13.19726706173776
HULIANWANG DIGUI-26
1 63693U 25086G   26145.53391865  .00000047  00000-0  75334-4 0  9993
2 63693  86.5063 320.8339 0001293  73.9503 286.1773 13.24406776 51861
ONEWEB-0600
1 54664U 22166Y   26145.56023000  .00000084  00000-0  17206-3 0  9997
2 54664  87.9251 248.4810 0001935  93.6208 266.5147 13.21827616168522
LOPEN
1 60473U 24149F   26145.18340392  .00015410  00000-0  40187-3 0  9992
2 60473  97.3777 228.3843 0001270  51.7092 308.4268 15.38926618 98722
KUIPER-00188
1 67142U 25301K   26145.50003471 -.00024156  00000-0 -31137-2 0  9996
2 67142  51.9024  68.5801 0001776  95.8850 300.3475 14.80429180  5663
CYGFM02
1 41886U 16078C   26145.03942525  .00030662  00000-0  33050-3 0  9998
2 41886  34.9421  17.7391 0008993 331.1630  28.8599 15.62583404525546
HODOYOSHI 4
1 40011U 14033B   26145.50825819  .00000344  00000-0  42893-4 0  9994
2 40011  97.5460 331.4270 0024351  24.1679 336.0675 14.88063607645438
SKYSAT C5
1 41772U 16058C   26145.08154424  .00006880  00000-0  21081-3 0  9994
2 41772  97.0490 186.7567 0003706  46.5945 313.5607 15.34086426540206
HULIANWANG DIGUI-117
1 66956U 25287D   26145.37919872  .00000037  00000-0  52709-4 0  9997
2 66956  86.4932 290.0863 0003041  93.9684 266.1797 13.24412867 22326
LEMU-NGE
1 60532U 24149BS  26145.49403970  .00002272  00000-0  21382-3 0  9992
2 60532  97.6847 220.9133 0002782  96.1863 263.9674 14.94842074 96567
EGYPTSAT 1
1 31117U 07012A   26145.33403876  .00000891  00000-0  12572-3 0  9993
2 31117  98.0585 101.4521 0005029 160.6050 199.5354 14.79698598 26334
ONEWEB-0365
1 49291U 21090N   26145.36585552  .00000000  00000-0 -31519-4 0  9998
2 49291  87.9160 309.5145 0001718  92.6399 267.4930 13.19726532223412
YAOGAN 42-01
1 59395U 24063A   26145.54571372  .00009252  00000-0  38439-3 0  9996
2 59395  34.9983 268.2341 0003102 122.6880 237.4134 15.23062642119396
KUIPER-00251
1 67156U 25301Z   26145.54983023  .00007127  00000-0  96305-3 0  9991
2 67156  51.9013  78.2841 0001663 144.5098 215.5976 14.79925152 25404
PATHFINDER 1
1 41787U 16059E   26145.43344671  .00000527  00000-0  10045-3 0  9995
2 41787  97.8167 145.7373 0026940 279.4398  80.3763 14.67631896516370
HORYU 4
1 41340U 16012D   26145.56536628  .00197902  00000-0  91093-3 0  9994
2 41340  30.9873 243.3220 0003230 126.5506 233.5450 15.81929841567214
FORMOSAT-7R/TRITON
1 58017U 23155B   26145.49012044  .00001341  00000-0  14126-3 0  9995
2 58017  97.8355 227.0437 0002345 120.9626 239.1823 14.91036663142841
COSMOS 1435
1 13767U 83002G   26145.39752403  .00000010  00000-0  15753-3 0  9993
2 13767  74.0211 135.4223 0034315 189.1599 339.3836 12.55713303986872
ONEWEB-0349
1 49281U 21090C   26145.42517913  .00000059  00000-0  11263-3 0  9996
2 49281  87.9176 278.9794 0001869  99.9658 260.1687 13.20769731226829
YUNHAI 2-2F
1 59285U 24052F   26145.47809367  .00000020  00000-0  72656-4 0  9996
2 59285  50.0115 299.1847 0005339 101.7802 258.3711 14.27980753115912
ONEWEB-0596
1 54662U 22166W   26145.52154897  .00000014  00000-0  27779-5 0  9991
2 54662  87.9253 248.4941 0001932 102.7294 257.4056 13.21824932168549
GEESAT 1-05
1 52789U 22058E   26145.50718983  .00004222  00000-0  35199-3 0  9997
2 52789  49.9869 288.6252 0001397 282.8526  77.2263 15.00451357216809
ONEWEB-0188
1 48231U 21031X   26145.37379024 -.00000072  00000-0 -22972-3 0  9994
2 48231  87.8934 294.2762 0001857  99.6633 260.4706 13.14503146245147
SRMSAT
1 37841U 11058D   26145.47444317  .00000372  00000-0  58040-4 0  9993
2 37841  19.9703 196.9483 0011657 315.1236 187.5474 14.11570120754605
KUIPER-00120
1 65762U 25217A   26145.52143914  .00000225  00000-0  58491-4 0  9990
2 65762  51.8975  73.3089 0000846  99.2883 260.8175 14.79933816 36111
YAOGAN-30 W
1 46809U 20076C   26145.54640337  .00001930  00000-0  14430-3 0  9990
2 46809  34.9955 228.8604 0006963 235.5046 124.5005 15.02560290304737
RADIO 8
1 12998U 81120B   26145.41993822 -.00000062  00000-0 -84773-3 0  9999
2 12998  82.9560 133.2508 0019494 165.3662 348.2805 12.03196308951423
GHGSAT-C5
1 52744U 22057N   26145.51505229  .00006271  00000-0  19314-3 0  9992
2 52744  97.6654 291.8796 0006646 187.3174 172.7972 15.33995859222060
COSMOS 2292
1 23278U 94061A   26145.49168767  .00003359  00000-0  27721-3 0  9990
2 23278  82.9708 289.5061 0818842 217.8307 136.2530 13.70700198554895
ONEWEB-0268
1 48986U 21060V   26145.53800644  .00000092  00000-0  20676-3 0  9997
2 48986  87.9108 233.2778 0002107  98.1950 261.9420 13.16595545236878
BNU-1
1 44529U 19059B   26145.49345294  .00000305  00000-0  93839-4 0  9990
2 44529  98.6029 274.1617 0014426  83.3136 276.9697 14.48367056353707
CARTOSAT 2C
1 41599U 16040A   26145.46934818  .00003272  00000-0  15826-3 0  9999
2 41599  97.4497 205.7577 0009170 204.6364 155.4433 15.19274778550269
ONEWEB-0632
1 56073U 23043AD  26145.58046471 -.00000156  00000-0 -44977-3 0  9994
2 56073  87.8992 263.7180 0002035  96.5588 263.5774 13.15548693153451
EUCROPIS
1 43807U 18099BB  26145.36073136  .00008261  00000-0  38432-3 0  9996
2 43807  97.4238 201.4801 0005902  36.4268 323.7368 15.20187674408991
POEM
1 52939U 22072E   26145.44173755  .00007273  00000-0  25231-3 0  9990
2 52939   9.9517 243.5847 0024129 221.4109 138.4276 15.23773216216031
NOAA 10
1 16969U 86073A   26145.43534470  .00000110  00000-0  60896-4 0  9998
2 16969  98.7029 138.7051 0013158  65.0728  96.3744 14.29169751 66166
RAPTOR3
1 58958U 24028D   26145.36398325 -.00000042  00000-0  40289-4 0  9992
2 58958  39.9890 148.2220 0010694 126.1263 234.0475 13.70485339113930
COSMOS 1814
1 17303U 87006A   26145.37328081  .00000126  00000-0  52315-4 0  9994
2 17303  74.0554 299.4509 0023977  42.1437 318.1554 14.35999129 58965
GRUS-1A
1 43890U 18111Q   26145.53803407  .00000130  00000-0  15308-4 0  9999
2 43890  97.4569  13.6449 0007176 229.2975 130.7626 14.98999378404314
SKYSAT C12
1 43797U 18099AR  26145.02461145  .00015159  00000-0  29095-3 0  9997
2 43797  96.9279 169.2064 0002742 202.3350 157.7782 15.48056080418278
COSMOS 1796
1 17140U 86092C   26145.34785531 -.00000006  00000-0  66047-4 0  9996
2 17140  74.0153 359.6550 0015190 115.4887  57.3699 12.49643247802324
FAST 1 (USA 222)
1 37227U 10062F   26145.52777965  .00000595  00000-0  76213-4 0  9998
2 37227  71.9653 186.5500 0014036 164.2717 195.8888 14.85210174362507
COSMOS 1036
1 11045U 78091C   26145.46622050  .00000003  00000-0  12555-3 0  9993
2 11045  74.0361 332.0818 0024626 189.2367 184.3060 12.50851833175387
HULIANWANG DIGUI-67
1 65173U 25174K   26145.51876086  .00000033  00000-0  42418-4 0  9999
2 65173  86.4924 259.6164 0001920  95.7504 264.3849 13.24405603 37758
OSCAR 23
1 19070U 88033A   26145.44780034  .00000103  00000-0  18725-3 0  9997
2 19070  90.3300  21.5669 0191349  85.1361  86.7869 13.27814542844258
COSMOS 2233
1 22487U 93008A   26145.43762281  .00000052  00000-0  37903-4 0  9997
2 22487  82.9455 199.4340 0038178 177.0776 194.2613 13.76039163666890
KUIPER-00480
1 68876U 26095N   26145.53528529  .00043920  00000-0  11802-2 0  9996
2 68876  51.8775 351.9650 0006213 204.3056 155.7639 15.37459816  4246
SHIYAN 25 (SY-25)
1 57047U 23087A   26145.16144389  .00076039  43302-5  14215-3 0  9995
2 57047  96.7934 207.1516 0008341 192.8411 167.2658 16.01019629171118
ONEWEB-0549
1 56051U 23043F   26145.53330844  .00000166  00000-0  37051-3 0  9999
2 56051  87.9253 248.4884 0001682 108.7012 251.4304 13.21827827155233
COSMOS 1910
1 18789U 88002B   26145.38993787  .00000021  00000-0  58666-4 0  9991
2 18789  82.6014 268.1087 0003266 243.7594 171.4688 12.63633880768993
TATIANA
1 28523U 05002C   26145.52881913  .00000110  00000-0  78437-4 0  9997
2 28523  82.9503  62.7130 0038805  44.5824 315.8449 13.88072415 80819
ONEWEB-0026
1 45139U 20008J   26145.42213139  .00000511  00000-0  14062-2 0  9997
2 45139  87.8915  25.5980 0001651  83.1396 276.9920 13.11415953308126
COSMOS 1134
1 11542U 79084E   26145.15431630 -.00000017  00000-0 -10547-4 0  9993
2 11542  74.0270  36.2164 0018868 141.8218  12.4987 12.49079190127736
CHECKMATE 1
1 56168U 23050G   26145.35913072  .00000092  00000-0  71475-4 0  9993
2 56168  81.0034  93.8514 0012440  50.4794 309.7460 13.84947335158936
HULIANWANG DIGUI-160
1 68134U 26047F   26145.24946666 -.00000085  00000-0  84163-4 0  9992
2 68134  50.0052 138.2462 0000528 349.5189  10.5672 13.29331933 10016
MEGSAT 1
1 26546U 00057B   26145.35881113  .00002642  00000-0  19294-3 0  9995
2 26546  64.5479 142.2580 0041561 286.5570  73.0984 15.05335709394221
COSMOS 928
1 10141U 77064A   26145.48256243  .00000070  00000-0  54645-4 0  9998
2 10141  82.9650 154.8114 0039291  69.7850 290.7526 13.76904530454374
RAPIDEYE 1
1 33314U 08040C   26145.11615473  .00000603  00000-0  48509-4 0  9991
2 33314  97.4099 174.0525 0025812 258.1141 101.7190 15.03305851962195
ORBCOMM FM 40
1 33065U 08031F   26145.25079731  .00001393  00000-0  19188-3 0  9997
2 33065  48.4399 133.2241 0005502  59.9293 313.5858 14.83963496964938
OPS 7323 (DMSP 5B F3)
1 06275U 72089A   26145.49530457  .00000240  00000-0  10921-3 0  9993
2 06275  98.5301 312.6448 0035224  29.5831 330.7335 14.29944483781435
YAOGAN-36 02C
1 54045U 22133D   26145.54469922  .00027415  00000-0  52668-3 0  9997
2 54045  34.9892 221.5375 0006307   8.2788 351.8037 15.46944020201712
DJIBOUTI-1B
1 62402U 24247AB  26145.05512418  .00047793  00000-0  74179-3 0  9998
2 62402  44.9726  15.4612 0007106 188.4739 171.6034 15.53268494 79938
JILIN-01 GAOFEN 3G
1 46459U 20065F   26145.50892476  .00078528  00000-0  73238-3 0  9996
2 46459  97.2309 201.5307 0012438 133.3902 226.8397 15.66991229316385
TIANQI 40
1 67479U 26010D   26145.41605654 -.00000014  00000-0  78738-4 0  9994
2 67479  44.9808 183.2499 0011870 236.0729 123.8976 13.99141842 18209
KUIPER-00279
1 67795U 26030AH  26145.54910717  .00014352  00000-0  41948-3 0  9991
2 67795  51.8794 208.4818 0007787 328.9526  31.0999 15.35508838 16908
YAOGAN-43 03A
1 61617U 24190A   26145.56536071  .00007277  00000-0  30293-3 0  9991
2 61617  34.9911 340.0135 0004100 131.0712 229.0357 15.23035564 88419
TATIANA 2
1 35868U 09049D   26145.38512684  .00000141  00000-0  80327-4 0  9997
2 35868  98.7168 107.7453 0003845 356.7521   3.3632 14.24218538866440
YAOGAN-30 Y
1 48424U 21039B   26145.48356418  .00001827  00000-0  13672-3 0  9994
2 48424  34.9940 169.4161 0004405 337.8279  22.2238 15.02576108276125
QIANFAN-23
1 61556U 24185E   26145.46080617  .00000459  00000-0  22371-3 0  9999
2 61556  88.9843  58.9005 0008783 133.6958 226.4959 14.16482413 92926
QPS-SAR-11 YAMATSUMI
1 64340U 25125A   26145.50797336  .00004497  00000-0  35679-3 0  9997
2 64340  42.0088 316.8031 0010427 334.1529  25.8776 15.01378623 52215
COSMOS 864
1  9509U 76108A   26145.44427824  .00000055  00000-0  41490-4 0  9990
2  9509  82.9396 166.4440 0029211 205.5794 267.2277 13.75578923487310
HULIANWANG DIGUI-19
1 62979U 25030J   26145.50593295 -.00000098  00000-0  56926-4 0  9999
2 62979  50.0061 317.1135 0001180  89.8144 270.2863 13.29318865 62846
COSMO-SKYMED-FM3
1 67304U 26001A   26145.38046294  .00000271  00000-0  40616-4 0  9994
2 67304  97.8885 329.3129 0001303  90.6370 269.4993 14.82150396 21080
CONNECTA IOT-4
1 60524U 24149BJ  26145.49032498  .00018509  00000-0  44751-3 0  9991
2 60524  97.3798 229.6079 0005101  27.2148 332.9365 15.41184799 98836
DMSP 5D-3 F16 (USA 172)
1 28054U 03048A   26145.54992896  .00000014  00000-0  30757-4 0  9995
2 28054  98.9901 169.2274 0006558 202.6439 325.5173 14.14480230166284
ONEWEB-0511
1 54129U 22138S   26145.19211112  .00000038  00000-0  62020-4 0  9998
2 54129  87.9157 309.5507 0002019  86.8034 273.3330 13.19724411173803
COSMOS 2009
1 19903U 89025B   26145.34568580  .00000004  00000-0  12279-3 0  9991
2 19903  74.0072 134.4858 0040838  25.5409  86.7267 12.55949018704095
BUZZZER-1
1 62609U 25009A   26145.49432866  .00006528  00000-0  29396-3 0  9992
2 62609  97.3927 224.1438 0009055  62.4509 297.7646 15.21369408 75249
UMBRA-11
1 66748U 25276CL  26145.17801985  .00022176  00000-0  87500-3 0  9991
2 66748  97.4205 219.9688 0003343  84.7183 275.4437 15.25556084 26985
PROITERES
1 38756U 12047B   26145.51656336  .00000325  00000-0  47557-4 0  9998
2 38756  98.2358  66.6198 0011780 122.3499 237.8855 14.82440389738952
ORBCOMM FM 41
1 33061U 08031B   26145.40579139  .00001118  00000-0  16442-3 0  9992
2 33061  48.4422 131.1911 0003487  49.6388 105.6940 14.82521652964983
ONEWEB-0124
1 47270U 20100N   26145.32550423  .00000206  00000-0  53838-3 0  9993
2 47270  87.8947 355.2202 0001862  84.0045 276.1295 13.12443390261575
NUSAT-49(K.VON NEUMANN)
1 60500U 24149AJ  26145.17969695  .00008989  00000-0  31154-3 0  9992
2 60500  97.3775 226.6243 0003022  58.8407 301.3130 15.30053826 98613
NORSAT 4
1 62702U 25009CX  26145.62291576  .00001878  00000-0  17722-3 0  9995
2 62702  97.7047 224.7243 0003178 105.5396 254.6176 14.94945881 73997
HULIANWANG DIGUI-96
1 66412U 25258A   26145.35094545 -.00000089  00000-0  75088-4 0  9994
2 66412  50.0064  17.5390 0000940  53.9701 306.1258 13.29323795 26691
AAC-AIS-SAT3
1 58997U 23174DJ  26145.55842564  .00002976  00000-0  35829-3 0  9996
2 58997  97.6254 195.1921 0007440  47.3368 312.8473 14.84585352137797
HULIANWANG DIGUI-114
1 66953U 25287A   26145.47735845  .00000038  00000-0  54331-4 0  9995
2 66953  86.4915 290.0429 0001588 108.4564 251.6743 13.24410710 22331
COSMOS 1304
1 12803U 81087A   26145.48198705  .00000060  00000-0  37613-4 0  9998
2 12803  82.9362  61.3874 0044371 288.5952  71.0394 13.87850544639763
ONEWEB-0206
1 48227U 21031T   26145.42770309 -.00000048  00000-0 -16419-3 0  9998
2 48227  87.8948 294.2361 0001871  92.3610 267.7734 13.14502051245238
COSMOS 1362
1 13165U 82040F   26145.46115509  .00000010  00000-0  17829-3 0  9990
2 13165  74.0084 136.6898 0018161 339.0122 189.2862 12.46160508  3898
CS2
1 49262U 21088C   26145.16047854  .00014709  00000-0  42675-3 0  9993
2 49262  97.3830 210.8096 0010766 158.0515 202.1192 15.35564692256989
CP3
1 31129U 07012N   26145.52313432  .00001162  00000-0  21188-3 0  9990
2 31129  98.4524 124.6659 0082875 130.6652 230.1793 14.65840210 15413
QIANFAN-37
1 62238U 24232B   26145.45036698  .00000091  00000-0  12231-3 0  9995
2 62238  89.0094  24.8657 0002082  60.6788 299.4571 13.51010283121276
NADEZHDA 2
1 20508U 90017A   26145.58287880  .00000043  00000-0  28559-4 0  9996
2 20508  82.9552  90.7046 0044808 141.1818  31.7308 13.74554739817277
USA 61
1 20691U 90050C   26145.36310817  .00003568  00000-0  25991-3 0  9990
2 20691  63.2952 273.3784 0881290  84.7445 285.3409 13.62628131103199
IRIDIUM 124
1 42810U 17039H   26145.38120514 -.00000008  00000-0 -83909-5 0  9991
2 42810  86.4458 299.8991 0002072  91.1231 269.0208 14.43279801471825
TEIKYOSAT-4 (OORURI)
1 49396U 21102B   26145.05152965  .00001404  00000-0  91505-4 0  9991
2 49396  97.3685 175.4344 0012554  20.8330 339.3409 15.09411383249238
COSMOS 422
1  5238U 71046A   26145.43611391 -.00000001  00000-0  22958-4 0  9994
2  5238  74.0190 211.2083 0014965 194.7846 176.4311 13.72292555754361
GLOBALSTAR M068
1 32266U 07048D   26145.25443449 -.00000068  00000-0  19928-3 0  9998
2 32266  51.9906 339.4980 0001482 133.9548  37.4937 12.62846670860778
VRSS-2
1 42954U 17060A   26145.55599955  .00001063  00000-0  14277-3 0  9992
2 42954  97.6531 184.3015 0017193 168.6315 191.5290 14.81151916465100
COSMOS 968
1 10520U 77119A   26145.55055736  .00000084  00000-0  37217-4 0  9993
2 10520  74.0280 180.0076 0016506  57.5233 302.7513 14.37085034535555
COSMOS 2219
1 22219U 92076A   26145.48381305 -.00000294  00000-0 -12949-3 0  9995
2 22219  71.0602 217.5330 0015614  81.3212 278.9679 14.14099616729231
SDA_1679
1 65989U 25230R   26145.53398550  .00000137  00000-0  11130-3 0  9995
2 65989  81.3037 232.6209 0001977 254.1236 105.9703 13.84855874 30687
NIGERIASAT X
1 37790U 11044C   26145.39515912  .00000325  00000-0  75357-4 0  9990
2 37790  97.8536 130.7248 0013422  50.9387 309.3006 14.60846701786846
BRO-9
1 56185U 23054H   26145.35320001  .00112607  00000-0  45963-3 0  9998
2 56185  97.2958  62.0721 0007816 115.6814 244.5265 15.85782731175450
GLOBALSTAR M022
1 25649U 99012A   26145.56095288 -.00000067  00000-0  23362-3 0  9991
2 25649  52.0042  80.1573 0002612 114.0984  56.4711 12.02512971217568
SJ-7
1 28737U 05024A   26145.46484784  .00007389  00000-0  33379-3 0  9996
2 28737  97.7304 174.9628 0017582 110.0691 250.2438 15.21136111144574
QIANFAN-7
1 60385U 24140G   26145.46293341  .00000426  00000-0  16647-3 0  9992
2 60385  88.9757 274.4449 0013945 213.1847 146.8475 14.27812934 93750
YAOGAN-33 03
1 57797U 23136A   26145.55792249  .00000338  00000-0  82238-4 0  9992
2 57797  98.1958  70.1824 0006386 256.9709 103.0778 14.58703197144639
ONEWEB-0718
1 56081U 23043AM  26145.37448902  .00000045  00000-0  85808-4 0  9999
2 56081  87.8988 263.7474 0001861 116.1778 243.9544 13.15549844153431
SKYCRAFT 4B
1 64872U 25154D   26145.52075292  .00006394  00000-0  55590-3 0  9993
2 64872  97.6668 210.5619 0003854 353.3240   6.7930 14.97308743 45656
GHOST-3
1 56958U 23084AC  26145.46676615  .00016957  00000-0  33684-3 0  9994
2 56958  97.6185 292.8384 0006359  26.2508 333.9062 15.47037390164504
QIANFAN-15
1 60393U 24140Q   26145.50447265  .00000080  00000-0  10526-3 0  9998
2 60393  88.9712 282.2690 0014357  84.8792 275.3997 13.51011222 89372
YAOGAN-32 2B
1 49384U 21099B   26145.55036235  .00000628  00000-0  12864-3 0  9996
2 49384  98.2435 279.3451 0000973  76.8134 283.3177 14.64169379243055
MUBLCOM
1 25736U 99026B   26145.33252980  .00001033  00000-0  23805-3 0  9997
2 25736  97.6879   6.9284 0003585 324.1372  35.9587 14.57149871426515
ONEWEB-0096
1 45439U 20020R   26145.39670000 -.00000337  00000-0 -98685-3 0  9996
2 45439  87.8920  25.5953 0001869  81.5620 278.5720 13.11418443299670
ONEWEB-0450
1 50504U 21132AM  26145.50223464  .00000034  00000-0  53270-4 0  9995
2 50504  87.9159 339.9749 0001644  85.2820 274.8499 13.18686694218612
BEESAT
1 35933U 09051C   26145.17756527  .00000725  00000-0  15561-3 0  9991
2 35933  98.3981  52.3476 0004240 310.2632  49.8197 14.61676163885827
GLOBALSTAR M041
1 25650U 99012B   26145.50997718 -.00000044  00000-0  53600-3 0  9999
2 25650  52.0037 332.1883 0000630 307.5201  52.5578 11.96683576219266
COSMOS 1527
1 14616U 84001F   26145.36826289  .00000003  00000-0  12516-3 0  9994
2 14616  74.0081 298.4999 0001795 194.8713 187.3717 12.51104407524522
COSMOS 2226
1 22282U 92092A   26145.39602736  .00000003  00000-0  15020-3 0  9996
2 22282  73.6209 136.2364 0028637  58.3453 110.9991 12.41305256514373
TOMORROW-R2
1 56962U 23084AG  26145.52094581  .00193143  16136-4  57678-3 0  9995
2 56962  97.5930 306.7298 0003633 258.3182 101.7684 15.92390359165434
ION-SCV-021
1 67483U 25276DT  26145.46022053  .00001045  00000-0  94449-4 0  9994
2 67483  97.5246 216.7428 0011144 191.3414 168.7560 14.97480937 19204
APRIZESAT 5
1 37792U 11044E   26145.37456659  .00000932  00000-0  12475-3 0  9997
2 37792  98.2450  77.7704 0053653  76.5121 284.2062 14.81017361795416
TUBSAT A
1 21577U 91050D   26145.14290679  .00000090  00000-0  41860-4 0  9995
2 21577  98.3836 215.3689 0005578 340.4690  19.6285 14.40541831830065
JD 1
1 14728U 84012C   26145.29730483  .00001519  00000-0  20103-3 0  9996
2 14728  63.3095 104.6485 0748864 128.0226 239.0873 13.74716914340503
KUIPER-00107
1 65145U 25171P   26145.46963965  .00001962  00000-0  28625-3 0  9997
2 65145  51.8991 168.5741 0000384  77.2587 282.8418 14.79929078 44400
ONEWEB-0040
1 45147U 20008S   26145.21862418  .00000102  00000-0  25545-3 0  9998
2 45147  87.8854  40.8516 0001832  75.4483 284.6847 13.10377085304856
HAWK-12A
1 64623U 25138C   26145.43379323  .00003662  00000-0  18306-3 0  9990
2 64623  97.4407 148.5749 0012968 210.3690 149.6794 15.18004328 50411
LEMUR-2 IRINA
1 68480U 26067BS  26145.34326278  .00002717  00000-0  26839-3 0  9998
2 68480  97.7610 104.0469 0004012  13.6425 346.4902 14.92761579  8322
LEMUR-2-TEODOR
1 66768U 25276DG  26145.15406174  .00005622  00000-0  25844-3 0  9992
2 66768  97.4154 219.2804 0001324 127.4540 232.6816 15.20755166 26941
COSMOS 2416
1 28908U 05048A   26145.47641794  .00000037  00000-0  16651-3 0  9996
2 28908  82.4677 322.1867 0007465 214.5029 159.7738 12.55600068936053
KUIPER-00047
1 64507U 25134H   26145.53191360  .00003168  00000-0  44401-3 0  9997
2 64507  51.8983 235.7627 0000215  59.6925 300.4059 14.79970651 51695
SIRION PATHFINDER-2
1 43759U 18099B   26145.38656646  .00004268  00000-0  23644-3 0  9999
2 43759  97.4269 194.9879 0009316  29.9336 330.2427 15.14305745409172
ELISA E12
1 38010U 11076D   26145.54052914  .00001454  00000-0  14638-3 0  9994
2 38010  97.6410 172.1946 0000706  91.7763 268.3538 14.92672098775841
QIANFAN-85
1 63171U 25046N   26145.45006644  .00000048  00000-0  56191-4 0  9990
2 63171  88.9690 302.9494 0013614  23.0929 337.0831 13.51014804 69570
COSMOS 1089
1 11308U 79026A   26145.31879675  .00000046  00000-0  32097-4 0  9996
2 11308  82.9748 171.9788 0023955  81.5851 289.5577 13.75417819366246
SHIYAN 27E
1 63603U 25078E   26145.49188286  .00000012  00000-0  79075-4 0  9999
2 63603  99.6895 152.9852 0001199  88.7217 271.4059 13.57239050 54452
KINEIS-2B
1 62934U 25028G   26145.38921588  .00001172  00000-0  18880-3 0  9992
2 62934  97.9680 198.6646 0002880 199.8931 160.2166 14.73314828 69304
HULIANWANG DIGUI-158
1 68132U 26047D   26145.34971889 -.00000084  00000-0  86024-4 0  9993
2 68132  50.0025 138.0885 0000277  12.4057 347.6822 13.29330444 10020
LARETS
1 27944U 03042F   26145.49076339  .00000043  00000-0  17912-4 0  9995
2 27944  98.4133 307.2230 0013483 105.7242 254.5448 14.63864339210049
ONEWEB-0122
1 47268U 20100L   26145.33990277  .00000356  00000-0  95495-3 0  9997
2 47268  87.8962 355.2039 0001621  85.3659 274.7655 13.12440958261554
MAGNARO-2
1 68798U 26088G   26145.39830313  .00003336  00000-0  21651-3 0  9993
2 68798  97.5040 295.3339 0019966 155.2834 204.9356 15.08580463  4865
ONEWEB-0029
1 45445U 20020X   26145.59589505 -.00000009  00000-0 -61366-4 0  9997
2 45445  87.8903  25.5643 0001950  79.2802 280.8545 13.10885423299699
GEESAT 4-11
1 65129U 25170L   26145.48194448  .00001469  00000-0  20208-3 0  9993
2 65129  49.9847 279.0569 0006802   2.9888 357.1089 14.83899852 43068
LEMUR-2 CLARA
1 68483U 26067BV  26145.62076639  .00004596  00000-0  45260-3 0  9991
2 68483  97.7623 104.3101 0003801  32.5921 327.5532 14.92545689  8366
KUIPER-00507
1 68887U 26095Z   26145.50003471  .00065983  00000-0  17728-2 0  9995
2 68887  51.8851 351.8612 0001205  92.3497 209.9903 15.37298993  3398
KUIPER-00198
1 67770U 26030G   26145.41297736  .00002707  00000-0  38400-3 0  9999
2 67770  51.8972 221.3458 0000401  98.4318 261.6690 14.79919610 16716
TIANMU-1 04
1 55974U 23039B   26145.53746909  .00014748  00000-0  29253-3 0  9996
2 55974  97.5166 317.7863 0004286 156.9504 203.1938 15.47120674177346
MICE-1
1 66684U 25276U   26145.19046651  .00003442  00000-0  16769-3 0  9997
2 66684  97.4275 219.2039 0007038  79.3961 280.8066 15.18993563 26924
COSMOS 2503
1 40420U 15009A   26145.41642504  .00001222  00000-0  86986-4 0  9997
2 40420  97.8322 201.7527 0015358 334.2376  25.8084 15.06522202615506
MAROC TUBSAT
1 27004U 01056D   26145.44054367 -.00000016  00000-0  34521-4 0  9993
2 27004  99.8074 321.8723 0019569 199.0689 225.2973 13.70261394223070
YAOGAN 20C
1 40111U 14047C   26145.53543650 -.00000009  00000-0  87105-4 0  9997
2 40111  63.3782  78.1097 0388175  14.9624 346.2509 13.45448139579246
GEESAT 5-02
1 65551U 25201B   26145.36488484  .00001340  00000-0  18584-3 0  9992
2 65551  49.9849 145.2838 0008618 241.0706 118.9368 14.84100249 38405
KUIPER-00249
1 67154U 25301X   26145.51873117  .00003320  00000-0  46451-3 0  9996
2 67154  51.8999  75.9054 0000822  75.9734 284.1320 14.79910548 25244
RASSVET-3 16
1 68375U 26061R   26145.13279560  .00060520  00000-0  27589-3 0  9992
2 68375  82.2963  38.5402 0014079 184.2024 175.9128 15.83427511  9880
CONNECTA IOT-9
1 64534U 25135G   26145.27682192  .00003027  00000-0  14396-3 0  9991
2 64534  97.4732 260.3695 0003896 241.7071 118.3771 15.19951415 51347
CP5
1 38763U 12048F   26145.41462305  .00014420  00000-0  49375-3 0  9997
2 38763  64.6449 227.8184 0083028 183.5388 176.5166 15.27164102113287
HUYGENS
1 55093U 23001CN  26145.46739278  .00009008  00000-0  23036-3 0  9996
2 55093  97.3261 212.6448 0010487 156.2826 203.8905 15.39614175188870
FAISAT 2V
1 24954U 97052B   26145.35958704  .00000073  00000-0  54786-4 0  9990
2 24954  82.9236   1.2821 0039796  17.9402 155.0992 13.80369962443859
HULIANWANG DIGUI-130
1 67238U 25311C   26145.39067651 -.00000097  00000-0  58724-4 0  9990
2 67238  50.0036 197.7694 0001041 247.8368 112.2394 13.29322623 20309
QIANFAN-13
1 60391U 24140N   26145.47161132  .00000083  00000-0  11011-3 0  9991
2 60391  88.9709 282.4142 0015026  96.8285 263.4577 13.51008333 89375
ONEWEB-0532
1 55140U 23004A   26145.32841859  .00000058  00000-0  11511-3 0  9997
2 55140  87.9153  10.4107 0002001  93.3803 266.7557 13.17651748164576
HULIANWANG DIGUI-125
1 67065U 25295G   26145.62785774 -.00000082  00000-0  90519-4 0  9990
2 67065  49.9979 106.1788 0000848 354.1816   5.9046 13.29326254 22502
QIANFAN-53
1 62254U 24232T   26145.46275117  .00000098  00000-0  13318-3 0  9999
2 62254  89.0103  24.7660 0016252  80.4082 279.8904 13.51009553 90016
PRAETORIAN SDA_616
1 65579U 25203Q   26145.41576218  .00000155  00000-0  13027-3 0  9993
2 65579  81.3082  32.1242 0004583 265.2582  94.8051 13.83264104 35535
QIANFAN-92
1 66034U 25233B   26145.25609272  .00000127  00000-0  17760-3 0  9999
2 66034  89.0002  45.4818 0002244  73.3397 286.8000 13.51008720 30086
IRIDIUM 120
1 42805U 17039C   26145.07088192  .00000060  00000-0  14343-4 0  9997
2 42805  86.3951 331.6312 0002030  87.7643 272.3786 14.34218743467865
QIANFAN-65
1 62795U 25016L   26145.48463398  .00000105  00000-0  14445-3 0  9993
2 62795  88.9717  86.0488 0011915 224.9155 135.1033 13.51009106 69355
SONATE-2
1 59112U 24043Q   26145.39937572  .00036447  00000-0  50717-3 0  9991
2 59112  97.5510 294.4330 0005867 278.7110  81.3480 15.56867388124349
INTERCOSMOS 24
1 20261U 89080A   26145.45918299  .00000562  00000-0  15622-3 0  9993
2 20261  82.6080  54.4283 1188082 114.6027 258.3437 12.59622892676469
COSMOS 2298
1 23431U 94083A   26145.32296034  .00000057  00000-0  31484-4 0  9990
2 23431  74.0281 189.6600 0015306 139.1864 221.0436 14.31176920640411
GEESAT 2-01
1 58905U 24023A   26145.37050362  .00001456  00000-0  20389-3 0  9993
2 58905  49.9945  99.7628 0005590 303.9148  56.1258 14.83161846125521
GEO IK
1 23411U 94078A   26145.43084841 -.00000024  00000-0 -53403-4 0  9996
2 23411  73.6123 195.9891 0028663  23.2949 347.8962 12.40864963426241
PAN SAT
1 25520U 98064B   26145.27974560  .00085625  00000-0  29721-3 0  9999
2 25520  28.4308 110.0291 0000899 294.9858  65.0658 15.87913445536917
UMBRA-07
1 58297U 23174AT  26145.42578840  .00009847  00000-0  63242-3 0  9992
2 58297  97.3810 202.0566 0004663 138.6924 221.4658 15.08634795139980
COSMOS 1255
1 12325U 81022F   26145.37375595  .00000001  00000-0  10808-3 0  9999
2 12325  74.0295 301.5360 0016876  64.0088 318.8540 12.51491405 65736
COSMOS 1027
1 10991U 78074A   26145.44492838  .00000045  00000-0  29718-4 0  9996
2 10991  82.9384  34.1436 0028065  91.2157  81.8477 13.76694201401978
ONEWEB-0406
1 50486U 21132T   26145.28457759 -.00000005  00000-0 -46658-4 0  9997
2 50486  87.9160 340.0151 0002339  96.8463 263.2936 13.18687938218605
UMBRA-10
1 60547U 24149CH  26145.51817918  .00016118  00000-0  81258-3 0  9994
2 60547  97.6971 232.3759 0001907  93.4703 266.6748 15.17234763 97292
COSMOS 2451
1 35498U 09036A   26145.51640814  .00000038  00000-0  20790-3 0  9996
2 35498  82.4860 106.4288 0005451 261.8531  98.1929 12.40870098764834
IRIDIUM 150
1 43257U 18030J   26145.40360393 -.00000034  00000-0 -19249-4 0  9997
2 43257  86.3935 299.9957 0002051  90.9786 269.1645 14.34217630426897
USA 15
1 16591U 86014A   26145.23400552  .00019476  00000-0  10088-2 0  9996
2 16591  63.2939 320.8742 0665872 112.7092 254.5739 14.14368294104684
IRIDIUM 73
1 25344U 98032C   26145.57719419  .00000426  00000-0  10000-3 0  9997
2 25344  86.4404 261.3298 0001631  92.5206 267.6186 14.52194104480247
COSMOS 469
1  5721U 71117A   26145.15112873 -.00000077  00000-0  14046-4 0  9992
2  5721  64.4890  48.4046 0066616 274.3038  85.0404 13.76147371733954
R2
1 46913U 20081J   26145.46910987  .00006890  00000-0  27277-3 0  9997
2 46913  36.8966 201.2448 0006050  93.3875 266.7566 15.25061700308512
TRAILBLAZER 2
1 27609U 02058E   26145.46317341  .00000164  00000-0  39419-4 0  9997
2 27609  64.5564  46.8974 0050024 247.6451 111.9349 14.81323286264327
GOKTURK 2
1 39030U 12073A   26145.49887497 -.00000055  00000-0 -11763-5 0  9997
2 39030  97.6839 344.0667 0002123  75.9071 284.2375 14.75514611721169
GEMS2-AMETHYST
1 68505U 26067CT  26145.41370729  .00004085  00000-0  41938-3 0  9991
2 68505  97.7588 103.9420 0006992 112.2551 247.9410 14.90925284  8326
GLOBALSTAR M045
1 25676U 99019A   26145.49015663 -.00000071  00000-0  19771-3 0  9993
2 25676  51.9986  49.6162 0000833  48.1502 123.1580 12.27076228235410
GLOBALSTAR M058
1 25907U 99049A   26145.09055559 -.00000111  00000-0 -35830-3 0  9997
2 25907  51.9948 276.1894 0002649 199.0649 161.0087 11.93216923582350
TIANHUI 4B
1 50573U 21134B   26145.51210235  .00007435  00000-0  15087-3 0  9991
2 50573  88.9701 325.9380 0008998 145.4593 214.7253 15.46148686246331
ORBCOMM FM 119
1 41180U 15081B   26145.37999273  .00000401  00000-0  12115-3 0  9994
2 41180  47.0019  19.1943 0000927 202.6691 157.4154 14.58769361555673
STRIX-6
1 68291U 26056A   26145.27830599  .00002771  00000-0  24094-3 0  9995
2 68291  50.2822  98.0725 0016094 155.8064 204.3644 14.99982895  9834
SOCRATES
1 39768U 14029C   26145.60987169  .00001687  00000-0  16089-3 0  9992
2 39768  97.9054 258.8970 0007319  62.2596 297.9365 14.94690722651038
COSMOS 1980
1 19649U 88102A   26145.46803099 -.00000101  00000-0 -27571-4 0  9995
2 19649  71.0019  52.7994 0004746   7.2753 352.8438 14.15217155936003
ONEWEB-0288
1 49078U 21075D   26145.52878593 -.00000401  00000-0 -11495-2 0  9997
2 49078  87.8958 355.1614 0001855  93.5411 266.5930 13.12441081232218
COSMOS 2378
1 26818U 01023A   26145.55918550  .00000040  00000-0  25825-4 0  9997
2 26818  82.9281 238.2606 0034363 110.3607 261.8187 13.74157844251736
CENTISPACE-1 S1
1 43636U 18075A   26145.49223817  .00000470  00000-0  10706-3 0  9995
2 43636  97.8737 170.3955 0008435 182.4850 177.6311 14.59965785407245
ONEWEB-0254
1 48972U 21060F   26145.28309126 -.00000020  00000-0 -85399-4 0  9990
2 48972  87.9108 233.3200 0001683 100.7867 259.3454 13.16593011236570
GONETS D1 9
1 27060U 01058F   26145.48285858  .00000006  00000-0 -27229-4 0  9998
2 27060  82.5416 210.6075 0008071   7.0943 353.0261 12.63062295124961
GEESAT 4-02
1 65120U 25170B   26145.52717161  .00001389  00000-0  19264-3 0  9993
2 65120  49.9863 279.3579 0009538   0.2917 359.8025 14.83888001 43090
COSMOS 1156
1 11691U 80012A   26145.52401744 -.00000016  00000-0  31524-5 0  9992
2 11691  74.0225  60.9230 0049070 307.3680 225.8001 12.56898869123531
KL-BETA B
1 49060U 21070B   26145.48683431  .00000141  00000-0  95456-4 0  9993
2 49060  89.0055 220.9347 0005049 163.2004 196.9340 13.94716455244804
DMSP 5D-3 F19 (USA 249)
1 39630U 14015A   26145.45934620  .00000153  00000-0  10161-3 0  9994
2 39630  98.7815 145.7216 0009174 274.6844  85.3282 14.14971062626785
COSMOS 2142
1 21230U 91029A   26145.37161292  .00000047  00000-0  34142-4 0  9997
2 21230  82.9559 255.6615 0036524 271.7071 146.9803 13.73376291759221
COSMOS 994
1 10731U 78028A   26145.45722479  .00000042  00000-0  28886-4 0  9997
2 10731  82.9334  31.6538 0022446 332.9026 200.6541 13.73425947414688
ONEWEB-0231
1 48782U 21045R   26145.38239226  .00000168  00000-0  41111-3 0  9990
2 48782  87.8992 263.7401 0001648  97.9271 262.2047 13.15547313241341
YAOGAN-36 01C
1 53947U 22120E   26145.36932582  .00021682  00000-0  58628-3 0  9992
2 53947  35.0047  24.8403 0005401 297.2091  62.8077 15.36783323204287
GONETS M 22
1 47229U 20091C   26145.49437226  .00000067  00000-0  41569-3 0  9992
2 47229  82.5016 316.1551 0021137 223.4291 136.5124 12.42891718248208
ONEWEB-0314
1 49100U 21075AB  26145.60518386 -.00000004  00000-0 -42482-4 0  9994
2 49100  87.9162  10.3409 0001911  96.1987 263.9362 13.17649277230595
XINZHENGCHENG 02
1 68412U 26066A   26145.50550053  .00000446  00000-0  44697-4 0  9990
2 68412  84.9671 242.1702 0024470 336.9520  23.0603 14.88385186  8353
OSCAR 6
1 06236U 72082B   26145.08009657 -.00000031  00000-0  93699-4 0  9994
2 06236 101.9923 168.2298 0004306 189.2462 187.6470 12.53211001452072
KUIPER-00209
1 67776U 26030N   26145.60746014  .00002150  00000-0  31108-3 0  9994
2 67776  51.8984 228.0722 0000440 171.1601 188.9369 14.79915264 16636
ONEWEB-0398
1 50478U 21132K   26145.09320103 -.00000223  00000-0 -66377-3 0  9990
2 50478  87.8918  25.6514 0001595  90.0009 270.1302 13.11418632212581
AAC-IO1
1 68498U 26067CL  26145.39310382  .00001103  00000-0  11608-3 0  9997
2 68498  97.7534 103.9305 0003921 117.7457 242.4159 14.91392047  8320
TIMED
1 26998U 01055B   26145.39386838  .00001070  00000-0  10083-3 0  9994
2 26998  74.0675 280.9096 0000298 152.9393 207.1807 14.95227575327419
SKYCRAFT 4E
1 65227U 25154L   26145.13914362  .00006402  00000-0  55299-3 0  9991
2 65227  97.6708 210.3400 0004321   2.8216 357.3029 14.97566527 43884
THEA
1 43796U 18099AQ  26145.64106302  .00016803  00000-0  51018-3 0  9992
2 43796  97.4454 215.1271 0007104  18.4267 341.7231 15.34132015409237
HAWK-13A
1 67392U 26004AF  26145.46838991  .00004426  00000-0  21516-3 0  9999
2 67392  97.4438 144.6714 0007160  61.8314 298.3643 15.18920078 20310
KUIPER-00093
1 64838U 25151Y   26145.17808749 -.00006678  00000-0 -84770-3 0  9993
2 64838  51.9008 314.8441 0000598 101.2901 258.8129 14.79941535 46738
KUIPER-00166
1 65779U 25217T   26145.01357525 -.00000869  00000-0 -84939-4 0  9999
2 65779  51.9034  45.6360 0000783 104.3793 255.7257 14.79930676 36450
HTV-X1
1 66174U 25241A   26145.91592054  .00014208  00000-0  14695-3 0  9994
2 66174  51.6360  53.0262 0006780  94.2693 265.9077 15.65004947 32865
YAOGAN-30 AD
1 49026U 21065A   26145.20041013  .00002370  00000-0  17667-3 0  9996
2 49026  34.9941  53.2063 0005405 304.1150  55.9045 15.02577641265188
ONEWEB-0094
1 45450U 20020AC  26145.34614601  .00000050  00000-0  96073-4 0  9999
2 45450  87.9161  10.3894 0001784  77.2504 282.8827 13.17650102303304
RASSVET-3 6
1 68365U 26061F   26145.80695943 -.00163802  00000-0 -20447-2 0  9996
2 68365  82.2968  38.0621 0010484  64.0704 296.1631 15.60305583  9972
CONNECTA IOT-7
1 62715U 25009DL  26145.46773177  .00000518  00000-0  53657-4 0  9991
2 62715  97.7083 224.6472 0000197 121.1866 238.9373 14.94126909 73950
COSMOS 2497
1 39762U 14028B   26145.45916712 -.00000016  00000-0 -18694-3 0  9995
2 39762  82.4477 124.6479 0021537 121.2687 239.0506 12.42893163544691
LEMUR-2 DELOITTE-3
1 68471U 26067BH  26145.33356564  .00005036  00000-0  51084-3 0  9995
2 68471  97.7561 103.8755 0005387 113.8036 246.3748 14.91308267  8325
TRITON 1
1 39427U 13066M   26145.46942458  .00000588  00000-0  76965-4 0  9999
2 39427  97.8257  55.7930 0088992 309.1933  50.1400 14.81593146670722
GFO
1 25157U 98007A   26145.41684689  .00140334  00000-0  74356-3 0  9991
2 25157 108.0060 103.0516 0029611  28.7256 331.5583 15.79394578522906
QIANFAN-62
1 62792U 25016H   26145.49710670  .00000105  00000-0  14350-3 0  9994
2 62792  88.9727  86.1127 0014065 225.6740 134.3259 13.51010833 69340
TANSAT
1 41898U 16081A   26145.49452425  .00000467  00000-0  10771-3 0  9995
2 41898  98.5369 145.0829 0021166  22.7994 337.4141 14.59928605501312
POLYTECH UNIVERSE-4
1 61747U 24199N   26145.51373638  .00017894  00000-0  38483-3 0  9992
2 61747  97.3037  18.5230 0009157  15.0626 345.0894 15.44664959133864
ZHUHAI-1 03C
1 44537U 19060D   26145.48463476  .00641918  20458-3  91309-3 0  9995
2 44537  97.5359 315.5332 0008030 282.3768  77.6614 16.05568500373631
CENTISPACE-1 S16
1 62585U 25007L   26145.45048669 -.00000039  00000-0  96804-4 0  9994
2 62585  54.9895  10.7856 0013656  50.0487 310.1666 13.80608458 71576
ONEWEB-0605
1 54669U 22166AD  26145.58041427 -.00000001  00000-0 -32950-4 0  9992
2 54669  87.9253 248.4849 0002595 104.7232 255.4190 13.21824581168528
COSMOS 2508
1 40921U 15050B   26145.48759001  .00000050  00000-0  29031-3 0  9992
2 40921  82.4858  92.3152 0015564  73.0517 287.2267 12.42913474484028
ONEWEB-0464
1 51651U 22012AF  26145.43109187 -.00000642  00000-0 -18741-2 0  9993
2 51651  87.8853  40.8114 0001890  71.4381 288.6951 13.10373699206345
ONEWEB-0455
1 51645U 22012Z   26145.41742583  .00000258  00000-0  10541-3 0  9999
2 51645  87.5262 278.7532 0015824 211.7240 148.3000 14.23628790222907
PRISMA
1 44072U 19015A   26145.48041663  .00000476  00000-0  64033-4 0  9990
2 44072  97.8642 220.5904 0001408  86.6643 273.4732 14.83650223388688
COSMOS 1288
1 12637U 81074B   26145.42692186  .00000012  00000-0  18832-3 0  9993
2 12637  74.0302 138.5213 0018233 306.0384 207.6668 12.46712894 38810
METEOR 2-9
1 13718U 82116A   26145.57760507  .00000156  00000-0  71902-4 0  9998
2 13718  81.2514   9.4774 0053782  26.2796 334.1088 14.15944400243177
COSMOS 877
1 09594U 76118G   26145.41847738  .00000001  00000-0  11270-3 0  9995
2 09594  74.0303 300.3235 0006471 247.6917 140.8626 12.51339855259405
IRIDE-MS1-EAG2-9
1 68449U 26067AK  26145.42246568  .00007131  00000-0  35664-3 0  9996
2 68449  97.4495 104.1502 0005203 131.5226 228.6455 15.17721539  8487
GEESAT 2-09
1 58913U 24023J   26145.37785175  .00001392  00000-0  19603-3 0  9995
2 58913  50.0033  99.7883 0022223 280.6269  79.2167 14.83142646125534
HULIANWANG DIGUI-01
1 62323U 24240A   26145.48491534  .00000016  00000-0  30149-5 0  9993
2 62323  86.5000 350.9004 0001500  82.1542 277.9762 13.24408934 69638
KUIPER-00125
1 65954U 25228H   26145.29576481  .00002046  00000-0  29721-3 0  9994
2 65954  51.9013   1.8530 0000873 108.1297 251.9760 14.79940498 34858
COSMOS 2246
1 22647U 93030B   26145.50761065  .00000028  00000-0  96133-4 0  9990
2 22647  82.5852 331.3145 0009380 330.4277  29.6284 12.63635735523663
FLOCK 4G 16
1 62638U 25009AF  26145.51362650  .00092950  00000-0  11666-2 0  9994
2 62638  97.3851 234.7143 0001111 195.7335 164.3887 15.59412462 75964
COSMOS 1605
1 15359U 84109A   26145.58516182  .00000055  00000-0  40712-4 0  9997
2 15359  82.9392 168.8430 0046954  26.9308 131.0804 13.75419426 88728
QIANFAN-46
1 62247U 24232L   26145.49156772  .00000093  00000-0  12490-3 0  9994
2 62247  89.0101  24.8323 0016440  84.9639 275.3388 13.51006108121328
CYGFM05
1 41884U 16078A   26145.14839387  .00023283  00000-0  32889-3 0  9999
2 41884  34.9579  53.0223 0009031 291.5383  68.4378 15.55521265525165
METEOR 1-15
1  6659U 73034A   26145.33566573 -.00000032  00000-0 -25078-4 0  9992
2  6659  81.1882 268.4721 0027746 109.8988 250.5176 14.10544194724209
HEAD-3E
1 57630U 23121E   26145.50753986  .00000904  00000-0  20247-3 0  9992
2 57630  45.0029  39.7590 0006932 142.1488 217.9859 14.63809569148560
GLOBALSTAR M075
1 37192U 10054E   26145.46599737 -.00000095  00000-0  46374-4 0  9993
2 37192  51.9936 219.3746 0000404 144.7848 229.1596 12.62267024719073
KUIPER-00149
1 65968U 25228X   26145.33222129  .00002139  00000-0  30945-3 0  9994
2 65968  51.9021 359.1956 0000818 115.5394 244.5653 14.79936203 34894
DISKSAT D
1 67221U 25305C   26145.45488281  .00006680  00000-0  43394-3 0  9997
2 67221  45.0023 204.1922 0004006  23.4163 336.6895 15.08729543 23888
SKYMED 1
1 31598U 07023A   26145.54322539  .00002820  00000-0  25049-3 0  9994
2 31598  97.8862 337.2103 0001737  96.4939 263.6480 14.96974440 26404
IRIDIUM 110
1 43481U 18047F   26145.36998064  .00000085  00000-0  23348-4 0  9990
2 43481  86.3949  97.9678 0002499  92.6470 267.5012 14.34217957419201
CHUBUSAT 3
1 41339U 16012C   26145.32927851  .00003899  00000-0  17995-3 0  9998
2 41339  31.0039 120.4040 0009252 193.8280 166.2108 15.18333507564722
FLOCK 4BE 18
1 60480U 24149N   26145.16554843  .00016500  00000-0  40163-3 0  9991
2 60480  97.3723 228.6688 0002623   2.4036 357.7223 15.41014707 98768
STEP 2
1 23105U 94029A   26145.42079107  .00001995  00000-0  18905-3 0  9993
2 23105  81.9384 197.1018 0081513 334.9804  24.7470 14.90604098716494
SENTINEL 3A
1 41335U 16011A   26145.49448281  .00000090  00000-0  55428-4 0  9990
2 41335  98.6255 213.2027 0001216 108.4847 251.6465 14.26738938534824
LEMUR 2 SPECIAL K
1 48273U 21034F   26145.20372403  .00115325  00000-0  15225-2 0  9997
2 48273  97.5654 230.5157 0001792 203.9638 156.1534 15.57983322278103
COSMOS 628
1  7094U 74001A   26145.43248668  .00000053  00000-0  38638-4 0  9991
2  7094  82.9570 198.5298 0036021 203.0147 168.2821 13.75966217627453
ONEWEB-0603
1 54667U 22166AB  26145.52323050  .00000063  00000-0  12049-3 0  9991
2 54667  87.9260 248.4656 0002038  97.3238 262.8127 13.21825129168481
R5-S2
1 60207U 24125E   26145.56691790  .00015311  00000-0  33493-3 0  9996
2 60207  97.2401 357.5965 0014450 316.2010  43.8091 15.44125106105692
EOS-8
1 60454U 24147A   26145.52671925  .00024791  00000-0  46812-3 0  9999
2 60454  37.3802 201.0717 0001476 111.3721 248.7201 15.47636668 99561
DEBUT (ORIZURU)
1 20479U 90013B   26145.54061506  .00000015  00000-0  10473-3 0  9994
2 20479  99.0703  77.8092 0538441 180.3364 179.7446 12.84034711700663
MOZHAYETS
1 27560U 02054B   26145.58846611  .00000339  00000-0  77388-4 0  9990
2 27560  98.4439   1.8818 0039447  87.0479 298.2871 14.61778258248973
COSMOS 1719
1 16452U 86002D   26145.33272023 -.00000007  00000-0  59984-4 0  9991
2 16452  73.9907 358.8184 0018576  43.6705 129.2251 12.48879844840654
COSMOS 411
1 05210U 71041A   26145.39474728  .00000001  00000-0  92303-4 0  9995
2 05210  74.0150 313.5700 0111850  22.1058 357.0631 12.64998910541981
YAOGAN 1
1 29092U 06015A   26145.09575134  .00000555  00000-0  66818-4 0  9994
2 29092  97.7470 166.5834 0001464  90.4663 269.6721 14.87706335 86375
FLOCK 4Q 12
1 58275U 23174V   26145.23883819  .00144883  00000-0  13369-2 0  9996
2 58275  97.3824 237.3789 0006179 214.7599 145.3259 15.67117323142328
XSAT
1 37389U 11015C   26145.47893932  .00000345  00000-0  16416-3 0  9994
2 37389  98.3501 123.5866 0015143  52.5475 307.7080 14.25199205784441
CYGFM01
1 41887U 16078D   26145.14689017  .00023087  00000-0  31853-3 0  9997
2 41887  34.9410  54.2722 0008785 286.1793  73.7964 15.56158820525118
SCD 2
1 25504U 98060A   26145.51347749  .00000343  00000-0  44868-4 0  9991
2 25504  24.9942 211.9894 0016488 243.3017 139.4397 14.45515641457041
ONEWEB-0663
1 55823U 23029AD  26145.36122800  .00000017  00000-0  87488-5 0  9997
2 55823  87.9179 279.0525 0001566  88.1777 271.9535 13.20867522158138
OPS 6182 (DMSP 5D-1 F3)
1 10820U 78042A   26145.30555566  .00000353  00000-0  13072-3 0  9992
2 10820  98.4499 340.5186 0010397  60.0587 300.1631 14.38059114509722
COSMOS 1054
1 11131U 78109D   26145.07242647 -.00000014  00000-0  97321-5 0  9995
2 11131  74.0187  12.7263 0026960  54.3973 112.3333 12.49312617164846
GLOBALSTAR M091
1 37741U 11033C   26145.47088111 -.00000085  00000-0  10227-3 0  9997
2 37741  52.0007 311.0724 0000703 114.0949 281.6629 12.62263334686415
CAPELLA-11 (ACADIA)
1 57693U 23126A   26145.53174441  .00004502  00000-0  58296-3 0  9995
2 57693  53.0075 283.0629 0001803  62.5455 297.5706 14.82514332148766
GEESAT 4-01
1 65119U 25170A   26145.47078998  .00001488  00000-0  20438-3 0  9998
2 65119  49.9889 279.8058 0010160 321.7399  38.2818 14.83886753 43068
METOP SG-A
1 65159U 25172A   26145.40355719  .00000033  00000-0  35086-4 0  9997
2 65159  98.6655 205.5457 0001084  83.2284 276.9017 14.21505390 40551
EARTHCARE
1 59908U 24101A   26145.30316971  .00011610  00000-0  16165-3 0  9998
2 59908  97.0486 272.1518 0001560 101.9282 258.2149 15.57096966113008
KUIPER-00043
1 64504U 25134E   26145.58053112  .00003339  00000-0  46661-3 0  9991
2 64504  51.9001 253.0304 0000252 119.1161 240.9827 14.79942452 51468
COSMOS 981
1 10588U 78005F   26145.50054779  .00000013  00000-0  19630-3 0  9993
2 10588  74.0279 155.8203 0020218 172.5178 342.8118 12.46466908197551
GLOBALSTAR M054
1 25885U 99043C   26145.34137144 -.00000052  00000-0  48981-3 0  9999
2 25885  52.0102 126.1463 0004778  50.6935  98.1721 11.39227345158040
MANDRAKE 2 ABLE
1 48907U 21059AE  26145.25768280  .00021519  00000-0  33446-3 0  9992
2 48907  97.7045 333.3112 0006213  82.3267 277.8691 15.53949067273560
CHECKMATE 3
1 56169U 23050H   26145.33957494  .00000035  00000-0  20781-4 0  9999
2 56169  81.0019  93.3277 0007709  23.4874 336.6633 13.85146540158955
ONEWEB-0568
1 56062U 23043S   26145.51583069  .00000011  00000-0 -52996-5 0  9995
2 56062  87.9103 233.2725 0002265 105.6920 254.4461 13.16592980155990
IRIDIUM 161
1 43478U 18047C   26145.28981569  .00000289  00000-0  79790-4 0  9997
2 43478  86.4470  98.0444 0002403  92.0059 268.1418 14.43280905421834
COSMOS 2157
1 21728U 91068A   26145.45290614  .00000036  00000-0  14200-3 0  9992
2 21728  82.5789 332.3215 0004772 183.1335 176.9728 12.63250062597844
ONEWEB-0055
1 45443U 20020V   26145.36094281  .00000246  00000-0  65922-3 0  9994
2 45443  87.8914  25.6072 0001693  80.7736 279.3583 13.11412453299621
IRIDIUM 158
1 43571U 18061C   26145.51876788  .00000218  00000-0  70802-4 0  9996
2 43571  86.3969  66.2340 0002340  84.5914 275.5549 14.34215181410118
COSMOS 2271
1 23002U 94011D   26145.44380732  .00000037  00000-0  14502-3 0  9996
2 23002  82.5641 311.8212 0006154 238.7363 121.3126 12.63522683488612
LEMUR-2 POLO-11
1 68493U 26067CF  26145.32869960  .00004110  00000-0  41690-3 0  9991
2 68493  97.7638 103.9292 0005650  97.1545 263.0316 14.91405913  8315
COBE
1 20322U 89089A   26145.51563968 -.00000054  00000-0 -66637-5 0  9998
2 20322  98.8960 148.0231 0009248 138.2092  28.4348 14.05460624871476
YAOGAN-50 02
1 68196U 26051A   26145.40043861  .00000309  00000-0  11088-3 0  9991
2 68196 141.9853 217.5468 0001083 289.7369  70.3234 13.83263301  9831
ONEWEB-0675
1 55834U 23029AQ  26145.38638931  .00000015  00000-0  49393-5 0  9999
2 55834  87.9150 309.5228 0001738 103.1041 257.0286 13.19725926155911
AEROCUBE 18B
1 63222U 25052N   26145.14729643  .00005355  00000-0  22369-3 0  9996
2 63222  97.4003  38.9046 0003893 185.7829 174.3364 15.24044997 66389
SHIJIAN 6 02A (SJ-6 02A)
1 29505U 06046A   26145.52980868  .00008998  00000-0  46332-3 0  9996
2 29505  97.6376 186.4304 0002558 185.9317 174.1885 15.16639076 68834
UGATUSAT
1 35869U 09049E   26145.38105431  .00000064  00000-0  47859-4 0  9993
2 35869  98.7382 107.3929 0004805  22.8877 337.2514 14.23208950866180
OPS 4078 (DMSP 4B F2)
1 03510U 68092A   26145.31806251  .00000093  00000-0  54533-4 0  9994
2 03510  98.5696 268.2878 0030346  36.7092 323.6160 14.28245173993984
HULIANWANG DIGUI-60
1 65166U 25174C   26145.46586666  .00000032  00000-0  40827-4 0  9998
2 65166  86.4951 259.6704 0001874  94.4701 265.6647 13.24403998 37781
KUIPER-00110
1 65148U 25171S   26145.41428160 -.00000950  00000-0 -95658-4 0  9997
2 65148  51.8982 188.8591 0000682  96.2938 263.8102 14.79929758 44104
COSMOS 2496
1 39761U 14028A   26145.48359883 -.00000007  00000-0 -12439-3 0  9998
2 39761  82.4429 122.9515 0020908 125.9711 234.3311 12.42877619544699
GLOBALSTAR M055
1 25910U 99049D   26145.61075488 -.00000064  00000-0  25524-3 0  9997
2 25910  52.0008  99.1432 0006847 120.2549 239.8981 12.29444518210407
OTTER
1 62623U 25009Q   26145.17871064  .00009798  00000-0  34645-3 0  9995
2 62623  97.4027 227.4259 0005460  48.7968 311.3742 15.29364737 75402
COSMOS 2173
1 21796U 91081A   26145.35281203  .00000063  00000-0  48654-4 0  9996
2 21796  82.9562 187.6866 0050218  46.9105 324.8356 13.75761891731260
SHIYAN 32-02
1 66378U 25255C   26145.39222204  .00012074  00000-0  29457-3 0  9995
2 66378  52.9918 122.4633 0014722  97.8622 262.4053 15.41220732 30447
SHARJAHSAT-2
1 68444U 26067AE  26145.38942948  .00006045  00000-0  29560-3 0  9992
2 68444  97.4557 104.2363 0003576  80.4830 279.6808 15.18578408  8485
KUIPER-00436
1 68939U 26098W   26145.46484829  .00017971  00000-0  56760-3 0  9995
2 68939  51.8742 177.4615 0011236  66.6161 293.6004 15.32836592  3858
COSMOS 1808
1 17239U 86100A   26145.36496650  .00000051  00000-0  39328-4 0  9999
2 17239  82.9351 188.8719 0031185 285.1559  85.4504 13.72243357974291
HULIANWANG DIGUI-53
1 65110U 25168E   26145.49869375 -.00000076  00000-0  10455-3 0  9996
2 65110  50.0050  47.0654 0009314  24.4011 335.7301 13.29321796 39670
LEMUR 2 KREMPEL-BRO1
1 63357U 25061G   26145.39328480  .00003699  00000-0  20447-3 0  9990
2 63357  97.5597 121.4311 0017856 333.0219  27.0083 15.14393528 64189
CONNECTA T1.2
1 55012U 23001D   26145.44389290  .00040158  00000-0  74387-3 0  9996
2 55012  97.3284 215.7584 0006798 166.7747 193.3684 15.48871963189024
SJ-26
1 64199U 25115A   26145.14265525  .00004662  00000-0  19781-3 0  9998
2 64199  97.4556 223.8208 0020654  75.6417 284.7111 15.23404275 54937
YAOGAN-30 AA
1 48860U 21055A   26145.54609830  .00002698  00000-0  20089-3 0  9999
2 48860  34.9958 290.2215 0004265 242.4570 117.5705 15.02556535269772
TROLL
1 62658U 25009BB  26145.18840064  .00009600  00000-0  33659-3 0  9996
2 62658  97.3890 227.1642 0002895  99.4099 260.7468 15.29658426129938
ONEWEB-0053
1 45157U 20008AC  26145.44603447 -.00000037  00000-0 -14097-3 0  9998
2 45157  87.8855  40.8120 0002341  80.9428 279.1965 13.10377663304936
DEIMOS 2
1 40013U 14033D   26145.47360352  .00001691  00000-0  16524-3 0  9995
2 40013  97.5858  20.7572 0002430  72.7315 287.4171 14.93651722634338
ONEWEB-0135
1 47281U 20100Z   26145.53048787 -.00000412  00000-0 -11805-2 0  9991
2 47281  87.8951 355.1758 0001552  79.1774 280.9529 13.12442266261762
POLYITAN 1
1 40042U 14033AJ  26145.53057891  .00017087  00000-0  54892-3 0  9991
2 40042  98.0964 169.6628 0006385 212.9613 147.1229 15.32350806650125
COSMOS 1523
1 14612U 84001B   26145.35309419 -.00000011  00000-0  32931-4 0  9994
2 14612  74.0068   3.7165 0042027 247.8527 286.1067 12.58656625947414
AISAT
1 40054U 14034B   26145.47935077  .00009725  00000-0  63060-3 0  9996
2 40054  98.2407  56.2384 0007651 308.0161  52.0374 15.08312052643787
QIANFAN-119
1 68646U 26075L   26145.97151313 -.02016023  00000-0 -29013+1 0  9999
2 68646  88.9875 323.2807 0008384  45.9472 314.2373 13.59701950  6803
CYGFM07
1 41890U 16078G   26145.36147493  .00027432  00000-0  34298-3 0  9996
2 41890  34.9462  21.3763 0008238 330.2498  29.7758 15.58762032525430
FLOCK 4BE 17
1 60492U 24149AA  26145.21025560  .00015108  00000-0  39287-3 0  9997
2 60492  97.3772 228.4113 0002258  16.3768 343.7550 15.39018023 98722
AGGIESAT6
1 68634U 26074H   26145.75741753  .00007904  00000-0  31309-3 0  9992
2 68634  60.0203 263.8062 0026119  18.3501 341.8516 15.25986754  7371
ONEWEB-0021
1 45134U 20008D   26145.45932689  .00000556  00000-0  15567-2 0  9993
2 45134  87.8854  40.8078 0001869  75.9546 284.1789 13.10375533305677
HULIANWANG DIGUI-132
1 67240U 25311E   26145.52432878 -.00000093  00000-0  67074-4 0  9999
2 67240  50.0045 197.1543 0001014 246.6843 113.3922 13.29323129 20327
COSMOS 372
1  4588U 70086A   26145.44346323  .00000078  00000-0  35064-4 0  9990
2  4588  74.0556 256.2159 0012888  22.9167  45.4667 14.36942654909653
ONEWEB-0504
1 54122U 22138K   26145.45904489  .00000101  00000-0  21926-3 0  9996
2 54122  87.9159 309.4951 0001816  85.6861 274.4479 13.19725650173834
HULIANWANG DIGUI-139
1 67437U 26007C   26145.46000682 -.00000107  00000-0  36786-4 0  9999
2 67437  50.0004 167.3720 0000898 276.2802  83.7967 13.29307746 17769
COSMOS 1434
1 13766U 83002F   26145.42000611 -.00000020  00000-0 -26444-4 0  9996
2 13766  74.0237 210.3472 0024085 269.7893 102.6879 12.53822905984225
WESTPAC
1 25398U 98043E   26145.41654762 -.00000013  00000-0  14973-4 0  9997
2 25398  99.0127 130.9271 0000327 299.8560  60.2585 14.23051914447709
GONETS M 03
1 38734U 12041B   26145.48686003  .00000054  00000-0  30933-3 0  9996
2 38734  82.4740  79.0283 0017630 108.4151 251.8848 12.44902038627844
LEMUR 2 AFFIE-WAUWIE
1 66295U 25248C   26145.54812284  .00019144  00000-0  73042-3 0  9999
2 66295  45.3898 237.5803 0010230 309.9520  50.0469 15.26413434 31134
YAOGAN-43 02A
1 60945U 24156A   26145.56651116  .00044643  00000-0  83852-3 0  9991
2 60945  34.9953 300.6740 0003468  52.3230 307.7806 15.47524558 96456
ORBCOMM FM 111
1 40089U 14040D   26145.48876900  .00001489  00000-0  18037-3 0  9994
2 40089  46.9994 155.8425 0028176  32.7614 327.5024 14.88697423641197
RADCAL
1 22698U 93041A   26145.49700150  .00000097  00000-0  35598-4 0  9998
2 22698  89.5029  61.6263 0085860 260.2549  98.8939 14.24181134708966
MIMAN
1 52900U 22065G   26145.39200310  .00000510  00000-0  11170-3 0  9996
2 52900  98.2231 287.9934 0008941  97.1736 263.0481 14.61813901207119
COSMOS 367
1 04564U 70079A   26145.32992193 -.00000050  00000-0  34745-4 0  9991
2 04564  65.2764 117.1272 0048400  77.8897 282.7579 13.78565965799969
COSMOS 1251
1 12321U 81022B   26145.34831069  .00000003  00000-0  11411-3 0  9998
2 12321  74.0288  95.5120 0044648 186.4805 292.3568 12.56490213 74054
ION-SCV-022
1 66682U 25276S   26145.45928543  .00000712  00000-0  65930-4 0  9995
2 66682  97.5294 216.9543 0003414 237.6938 122.3954 14.97484518 26674
FLOCK 4H 31
1 66734U 25276BW  26145.45092446  .00005422  00000-0  25973-3 0  9992
2 66734  97.4172 219.2297 0005488  99.2720 260.9136 15.19331517 26960
HULIANWANG DIGUI-13
1 62973U 25030C   26145.52268537 -.00000114  00000-0  21975-4 0  9998
2 62973  50.0046 317.1099 0001091  95.6468 264.4529 13.29326861 62846
CSG-2
1 51444U 22008A   26145.53659918  .00000417  00000-0  58942-4 0  9998
2 51444  97.8891 329.4630 0001413  88.3901 271.7473 14.82155087233232
KINEIS-3E
1 61222U 24172C   26145.48550540  .00001697  00000-0  27638-3 0  9990
2 61222  98.0417 235.6204 0001398 124.4017 235.7323 14.72288126 90012
COSMOS 1163
1 11698U 80012H   26145.51230757 -.00000017  00000-0 -13110-4 0  9994
2 11698  74.0234  49.7140 0045699 175.9062 357.8964 12.39949454 94583
COSMOS 1015
1 10932U 78056C   26145.42000189  .00000000  00000-0  11383-3 0  9992
2 10932  74.0263 305.6508 0027248 169.6751 217.6881 12.42815891175966
COSMOS 465
1  5683U 71111A   26145.53237519  .00000009  00000-0  33506-4 0  9996
2  5683  74.0284 348.7803 0026677 110.8852 268.4265 13.74365407730233
FENGYUN 3G
1 56232U 23055A   26145.33636404  .00024801  00000-0  38733-3 0  9992
2 56232  49.9919 103.9129 0005628  92.4421 267.7191 15.53593501176452
ONEWEB-0388
1 49314U 21090AM  26145.35954031  .00000055  00000-0  10530-3 0  9993
2 49314  87.9152 309.5206 0001942  92.4846 267.6509 13.19725770223407
DIWATA 2B
1 43678U 18084H   26145.49515394  .00002122  00000-0  17424-3 0  9995
2 43678  98.1138 340.7254 0011626 247.8284 112.1704 15.00325812412815
KUIPER-00086
1 64832U 25151S   26145.44289954  .00000692  00000-0  11972-3 0  9990
2 64832  51.9014 318.7032 0000753 131.3564 228.7463 14.79935578 46704
YAOGAN-30 AF
1 49029U 21065D   26145.42117324  .00002250  00000-0  16798-3 0  9993
2 49029  34.9954  51.3874 0002767  61.2885 298.8101 15.02557065265233
OSCAR 8
1 10703U 78026B   26145.43793565  .00000381  00000-0  29139-3 0  9993
2 10703  99.3273 141.4940 0009797  36.7144  91.0389 13.99792110460884
PEXT
1 64874U 25154F   26145.53246801  .00002865  00000-0  13504-3 0  9990
2 64874  97.3975 210.9694 0003263  36.4182 323.7275 15.20295810 46406
ONEWEB-0322
1 49192U 21083G   26145.45446673 -.00000218  00000-0 -63325-3 0  9991
2 49192  87.8937 324.7654 0001551  78.5978 281.5326 13.13468798227936
KUIPER-00431
1 68936U 26098T   26145.49547900  .00025158  00000-0  87665-3 0  9999
2 68936  51.8752 177.6541 0017679  69.9579 290.3306 15.29358318  3852
COSMOS 832
1 08896U 76054H   26145.56549578 -.00000003  00000-0  96015-4 0  9999
2 08896  74.0015 345.3391 0024507 323.7207  63.2100 12.41321949263098
ISTSAT-1
1 60238U 24128D   26145.49397054  .00007751  00000-0  46155-3 0  9999
2 60238  61.9883 286.3541 0041462 126.7249 233.7665 15.11282455103036
MAKERSAT 0
1 43016U 17073D   26145.57540127  .00023454  00000-0  65044-3 0  9991
2 43016  97.4664  27.9306 0109084 354.6160   5.3898 15.31057034463001
COSMOS 971
1 10536U 77122A   26145.39466729  .00000052  00000-0  39386-4 0  9998
2 10536  82.9354 263.2032 0022497  86.6209 333.0201 13.73427082426013
BLACKJACK ACES-3
1 56950U 23084U   26145.36854076  .00004943  00000-0  24426-3 0  9990
2 56950  97.6177 280.3935 0004045  90.1903 269.9794 15.18320627163707
GOMX 1
1 39430U 13066Q   26145.50995463  .00001374  00000-0  21206-3 0  9993
2 39430  97.6504 347.4033 0129412 149.7422 211.1339 14.69352614666586
ENSHI XIDA SHANQUAN
1 64962U 25160A   26145.52194921  .00033915  00000-0  84469-3 0  9997
2 64962  97.3621 223.2328 0005667 277.7837  82.2766 15.40156877 45929
COSMOS 1996
1 19787U 89009C   26145.41782404  .00000016  00000-0  28879-4 0  9991
2 19787  82.6161  20.6799 0007367  99.0387  74.4987 12.62924782718558
COSMOS 1914
1 18793U 88002F   26145.45845891 -.00000003  00000-0 -74189-4 0  9996
2 18793  82.6078 227.3724 0018190  66.1485 304.7607 12.66461557772913
SHIJIAN 6 05B (SJ-6 05B)
1 49962U 21122B   26145.74202920  .00001755  00000-0  10651-3 0  9996
2 49962  97.3779 127.1327 0003120 100.2325 259.9258 15.11778510246352
COSMOS 2004
1 19826U 89017A   26145.40989509  .00000072  00000-0  62668-4 0  9994
2 19826  82.9507 300.1068 0029064 315.2784 101.6937 13.72551994865369
COSMOS 1934
1 18985U 88023A   26145.36491778  .00000057  00000-0  42295-4 0  9993
2 18985  82.9558 171.9652 0040889 190.0846 169.9495 13.76680235792864
RISAT 1
1 38248U 12017A   26145.07380890  .00045834  00000-0  48447-3 0  9993
2 38248  97.4383 191.5048 0002906 162.2899 197.8462 15.64056983778469
ICEYE-X58
1 66751U 25276CP  26145.44261928  .00001076  00000-0  56645-4 0  9995
2 66751  97.4213 219.3357 0004687  69.8156 290.3581 15.17725271 26962
GONETS D1 8
1 27059U 01058E   26145.50666723  .00000006  00000-0 -24315-4 0  9996
2 27059  82.5419 227.2657 0000948 330.2973  29.8064 12.61556823123715
COSMOS 909
1 10010U 77036A   26145.51354657 -.00000057  00000-0 -12278-4 0  9997
2 10010  65.8620 241.1712 0697913  68.6159 298.7810 12.30355060182527
FFLY-1
1 65320U 25188F   26145.51237191  .00001071  00000-0  10961-3 0  9996
2 65320  97.7380 221.1341 0008286 246.5349 113.4999 14.92567751 40527
COSMOS 532
1 06267U 72087E   26145.40022927  .00000008  00000-0  12310-3 0  9997
2 06267  74.0322 128.2459 0108195 184.2485 330.3353 12.69742440482405
QIANFAN-68
1 62798U 25016P   26145.50953242  .00000093  00000-0  12512-3 0  9990
2 62798  88.9730  86.1092 0013029 225.7718 134.2364 13.51012246 69353
ONEWEB-0235
1 48771U 21045E   26145.31109472  .00000185  00000-0  45680-3 0  9994
2 48771  87.8999 263.7480 0001525  92.0499 268.0806 13.15546821241378
BRITE-U UNIBRITE
1 39092U 13009G   26145.44213553  .00000165  00000-0  70826-4 0  9990
2 39092  98.4029 325.5471 0008106 309.7829  50.2643 14.36402686693724
IRIDE FM8
1 66702U 25276AN  26145.14722920  .00007809  00000-0  36717-3 0  9999
2 66702  97.4197 219.0841 0005383 102.5719 257.6118 15.19841799 26922
KUIPER-00179
1 67136U 25301D   26145.54173918  .00000838  00000-0  13891-3 0  9994
2 67136  51.8968  85.7566 0000699  93.3055 266.7987 14.79932814 25299
IRIDIUM 171
1 43929U 19002H   26145.34702390  .00000086  00000-0  23665-4 0  9995
2 43929  86.3993   3.4246 0002119  83.4267 276.7170 14.34218202385686
SHIYAN 32-01
1 66376U 25255A   26145.61450363  .00020462  00000-0  35871-3 0  9994
2 66376  52.9924 114.5622 0009687 192.8333 167.2430 15.50528374 30715
ONEWEB-0120
1 47266U 20100J   26145.12911993  .00000012  00000-0 -32336-5 0  9997
2 47266  87.8950 355.2580 0001626  89.8721 270.2594 13.12441352261703
METEOR-M
1 35865U 09049A   26145.36656531  .00000067  00000-0  49104-4 0  9997
2 35865  98.7374 108.0065 0002820  38.2797 321.8581 14.23150884866009
HJ-2A
1 46478U 20067A   26145.46358455  .00001039  00000-0  15609-3 0  9999
2 46478  97.8823 224.3718 0003245   6.2604 353.8646 14.76579412304904
SKYBEE-A02
1 64544U 25135S   26145.48987484  .00002544  00000-0  12145-3 0  9990
2 64544  97.4706 260.5400 0001318 170.1445 189.9816 15.19959452 51389
KUIPER-00084
1 64830U 25151Q   26145.53609551  .00001266  00000-0  19514-3 0  9995
2 64830  51.9030 325.7669 0000739 101.5081 258.5964 14.79918042 46615
LEMUR 2 KREMPEL-BRO2
1 63353U 25061C   26145.42201806  .00003780  00000-0  21220-3 0  9993
2 63353  97.5678 121.5475 0018695 341.0110  19.0422 15.13809357 64165
ONEWEB-0245
1 48778U 21045M   26145.55353568  .00000239  00000-0  60159-3 0  9992
2 48778  87.8999 263.7006 0001719 104.5372 255.5949 13.15548308241408
ONEWEB-0298
1 49087U 21075N   26145.56313417  .00000023  00000-0  26770-4 0  9992
2 49087  87.9155  10.3669 0001973  83.9669 276.1687 13.17647171230641
ICEYE-X61
1 66754U 25276CS  26145.15997034  .00003034  00000-0  15146-3 0  9996
2 66754  97.4207 219.0840 0004691  72.9846 287.1902 15.18237141 26920
COSMOS 792
1 08608U 76008B   26145.11657569 -.00000013  00000-0  18396-4 0  9997
2 08608  74.0573  15.2884 0034861 158.4003 317.9789 12.50421146297010
XCUBE-1
1 62400U 24247Z   26145.46463176  .00007615  00000-0  27391-3 0  9990
2 62400  44.9981  56.8379 0002782  77.8349 282.2846 15.29195930 79488
USA 32
1 19460U 88078A   26145.35005560  .00000170  00000-0  53395-4 0  9990
2 19460  84.9844 126.3494 0003572 147.5184 212.6230 14.34437274105916
BADR B
1 27003U 01056C   26145.49407903 -.00000008  00000-0  43814-4 0  9991
2 27003  99.8028 320.7160 0020075 192.7440 167.3201 13.70407092222830
BRO-14
1 60551U 24149CM  26145.45620467  .00000247  00000-0  26989-4 0  9990
2 60551  97.6877 221.6426 0007019 162.2359 197.9109 14.96125699 96598
KUIPER-00021
1 63736U 25088N   26145.33245966  .00001357  00000-0  20692-3 0  9992
2 63736  51.8994 124.1442 0001311  75.4314 284.6794 14.79936669 58846
QIANFAN-79
1 63165U 25046G   26145.47064051  .00000087  00000-0  11639-3 0  9991
2 63165  88.9694 303.1300 0015134  22.7375 337.4443 13.51007235 69489
KUIPER-00289
1 68591U 26072U   26145.36708827  .00031018  00000-0  86404-3 0  9993
2 68591  51.8650 287.6855 0010850 312.1105  47.8958 15.36471553  7866
FLOCK 4H 17
1 66720U 25276BG  26145.15136362  .00014992  00000-0  65689-3 0  9990
2 66720  97.4218 219.4701 0003898  65.1154 295.0487 15.22095875 26948
YAOGAN-43 O1E
1 60462U 24148E   26145.53493576  .00011336  00000-0  47016-3 0  9992
2 60462  34.9928 302.6678 0005305   9.5868 350.4947 15.23076536 98700
ELARA 1
1 64539U 25135M   26145.56619394  .00003708  00000-0  16225-3 0  9991
2 64539  97.4705 261.2132 0001909 240.1542 119.9505 15.22676213 51433
FLOCK 4G 31
1 62652U 25009AV  26145.17838996  .00010351  00000-0  37504-3 0  9998
2 62652  97.3966 226.8917 0002721  75.9699 284.1844 15.28558387 75392
ONEWEB-0643
1 55807U 23029M   26145.38488583  .00000129  00000-0  31391-3 0  9998
2 55807  87.8932 294.2794 0001178 105.7962 254.3298 13.14502199156390
COSMOS 1522
1 14611U 84001A   26145.30906756  .00000002  00000-0  12040-3 0  9992
2 14611  74.0073  92.8259 0020406 216.3256 297.3508 12.47065650929514
RADIO 7
1 13001U 81120E   26145.47017427 -.00000080  00000-0 -99803-3 0  9999
2 13001  82.9616  35.4647 0024734  56.3589 117.0446 12.08947690960693
CENTAURI-7
1 62708U 25009DD  26145.21218979  .00002926  00000-0  25524-3 0  9996
2 62708  97.7082 225.7803 0000381  82.7362 277.3903 14.97616598 74025
QIANFAN-87
1 63173U 25046Q   26145.50361051  .00000087  00000-0  11604-3 0  9996
2 63173  88.9689 302.9153 0011966  23.8593 336.3111 13.51013825 69592
COSMOS 2580
1 62216U 24230A   26145.53508773 -.00000065  00000-0  76560-5 0  9995
2 62216  67.1469 105.9030 0006535 264.5508  95.4831 13.96671373 74972
JILIN-01 KUANFU 02B 6
1 61194U 24169F   26145.46903475  .00004044  00000-0  26119-3 0  9993
2 61194  97.5543 235.3835 0017409  43.9656 316.2954 15.08685659 92418
IRIDE-MS1-EAG2-16
1 68452U 26067AN  26145.42036323  .00007115  00000-0  35524-3 0  9993
2 68452  97.4533 104.1799 0005398 126.1956 233.9777 15.17781350  8480
COSMOS 2585
1 63288U 25054A   26145.51942047  .00000035  00000-0  18132-3 0  9999
2 63288  82.4925  92.7501 0025778  83.9872 276.4144 12.42866371 54040
GEESAT 6-02
1 65714U 25214C   26145.14972583  .00001579  00000-0  21838-3 0  9991
2 65714  49.9855  55.2471 0009948 124.4560 235.7319 14.83265492 36082
YAOGAN-32 2A
1 49383U 21099A   26145.55053934  .00000646  00000-0  13200-3 0  9995
2 49383  98.2440 279.3340 0000284  47.3110 312.8116 14.64171623243055
LEGION 2
1 59626U 24081B   26145.49370958  .00003919  00000-0  20448-3 0  9999
2 59626  97.5018 223.6938 0012789  60.2580 299.9923 15.16457924114105
COSMOS 341
1 04388U 70036F   26145.56649323 -.00000021  00000-0 -22714-4 0  9990
2 04388  74.0290 249.6208 0080931 168.0346 204.8546 12.64352688588068
ONEWEB-0586
1 54653U 22166M   26145.56695510 -.00000038  00000-0 -12426-3 0  9996
2 54653  87.9254 248.4959 0002125  97.2282 262.9093 13.21827329168533
KORSAT-4
1 66293U 25248A   26145.36689772  .00003315  00000-0  28930-3 0  9990
2 66293  45.4094 277.8499 0000847 270.0403  90.0378 14.98829051 30631
LEMUR 2 WILSON
1 62694U 25009CP  26145.13931947  .00001667  00000-0  15745-3 0  9993
2 62694  97.7027 224.0103 0004681 109.1459 251.0268 14.95045551 73914
GLOBALSTAR M071
1 31576U 07020F   26145.58259483 -.00000129  00000-0 -37755-3 0  9997
2 31576  52.0085 351.3742 0001743  84.5559 308.8155 12.18269146536677
COSMOS 623
1 06991U 73104G   26145.46020451 -.00000017  00000-0 -62750-5 0  9995
2 06991  74.0315  27.2850 0062453 114.3899  59.7452 12.56957644405815
VNREDSAT 1
1 39160U 13021B   26145.47917646  .00000810  00000-0  16030-3 0  9990
2 39160  97.9093 199.7664 0001519  96.6752 263.4625 14.64829666696967
COSMOS 1436
1 13768U 83002H   26145.53362919 -.00000021  00000-0 -30633-4 0  9998
2 13768  74.0258  54.8550 0043167  85.1475  87.7101 12.57741643990160
ORBCOMM FM 7
1 25119U 97084H   26145.50522410  .00000775  00000-0  24810-3 0  9990
2 25119  45.0115 162.6351 0002355 211.1118 148.9595 14.47498154491091
ONEWEB-0360
1 49286U 21090H   26145.36458051  .00000056  00000-0  10512-3 0  9994
2 49286  87.9175 278.9908 0001971 104.5346 255.6006 13.20773645226835
CARBONITE 1
1 40718U 15032D   26145.52023525  .00001604  00000-0  20081-3 0  9998
2 40718  97.6506 324.5386 0014826  14.9851 345.1800 14.83505297585985
OPS 7898 (P/L 4)
1  5682U 71110E   26145.44201484 -.00000013  00000-0  39245-4 0  9998
2  5682  69.9906  53.1189 0009427 214.6276 145.4205 13.74651691342057
COSMOS 2197
1 22034U 92042A   26145.35873248  .00000010  00000-0 -35641-5 0  9992
2 22034  82.5949 243.5180 0011780 330.3957  94.3196 12.64251740562401
FLOCK 4BE 35
1 60558U 24149CU  26145.48500494  .00138175  00000-0  15943-2 0  9995
2 60558  97.3695 230.7659 0002598 253.7601 106.3371 15.61465010 98912
ONEWEB-0687
1 61595U 24188B   26145.60180746 -.00000012  00000-0 -63398-4 0  9997
2 61595  87.9147  10.3696 0002131  96.5652 263.5723 13.17649911 82920
PAZ
1 43215U 18020A   26145.51417973  .00001593  00000-0  78998-4 0  9994
2 43215  97.4452 153.2225 0001655  88.9725 271.1699 15.19158476457563
COSMOS 1386
1 13353U 82069A   26145.45832055  .00000075  00000-0  60376-4 0  9998
2 13353  82.9609 122.4952 0039792 128.1707 232.3046 13.76626183203853
ORBCOMM FM 105
1 41181U 15081C   26145.46435250  .00000149  00000-0  86142-4 0  9996
2 41181  47.0023  57.4003 0001516  32.3545 327.7428 14.45544564550260
GEESAT 2-06
1 58910U 24023F   26145.52336890  .00005497  00000-0  41301-3 0  9995
2 58910  49.9889  48.1418 0005969 326.9415  33.1157 15.03911382126234
COSMOS 1365
1 13175U 82043A   26145.38938047 -.00000073  00000-0  13433-4 0  9993
2 13175  65.0690 264.7921 0044964  41.3975  24.5905 13.89782043236799
YAOGAN-30 K
1 43170U 18011B   26145.51327266  .00002659  00000-0  19773-3 0  9998
2 43170  34.9965 289.1406 0002709 139.2074 220.8837 15.02619093454736
COSMOS 450
1  5553U 71086G   26145.41764153 -.00000011  00000-0  27845-4 0  9992
2  5553  74.0303  10.4297 0042598 120.0040  53.1281 12.42700325477571
ONEWEB-0693
1 61601U 24188H   26145.33855977  .00000008  00000-0 -13821-4 0  9990
2 61601  87.9144  10.4423 0002126  61.9424 298.1923 13.17650559 82871
KUIPER-00126
1 65955U 25228J   26145.37548472  .00000678  00000-0  11792-3 0  9991
2 65955  51.9007  21.4916 0000716 103.1015 257.0027 14.79934695 34582
ONEWEB-0172
1 48071U 21025AF  26145.22085910 -.00000282  00000-0 -80792-3 0  9998
2 48071  87.8947 324.7946 0001614  92.7264 267.4050 13.13469659251494
COSMOS 2524
1 43032U 17076A   26145.55615836  .00000030  00000-0  74644-4 0  9992
2 43032  67.1461 247.5661 0006317 227.7414 132.3135 13.97425861432445
NUSAT-48 (H. LEAVITT)
1 60498U 24149AG  26145.46269952  .00009081  00000-0  31504-3 0  9992
2 60498  97.3906 227.0774 0003808  19.8705 340.2684 15.30018126 98664
COSMOS 1257
1 12327U 81022H   26145.29615705 -.00000004  00000-0  77573-4 0  9999
2 12327  74.0289  89.6219 0007108 326.1645 186.6547 12.47857392 59813
KSM1-D
1 46907U 20081C   26145.50116837  .00005789  00000-0  23477-3 0  9991
2 46907  36.8960 207.5331 0002675  61.3942 298.7076 15.24362569305635
COSMOS 1226
1 12091U 80099A   26145.41871034  .00000043  00000-0  29232-4 0  9994
2 12091  82.9427  20.7779 0034621 124.6156  51.8611 13.74720382279625
COSMOS 1057
1 11134U 78109G   26145.48562329  .00000005  00000-0  14673-3 0  9991
2 11134  74.0165 319.2358 0021914 143.3004 246.4508 12.42130602152422
SKYSAT C8
1 42990U 17068D   26145.34300213  .00010098  00000-0  28615-3 0  9993
2 42990  97.4488 281.6933 0001653 106.5129 253.6296 15.36457551478809
COSMOS 1448
1 13949U 83023A   26145.57612219  .00000061  00000-0  46759-4 0  9995
2 13949  82.9559  90.7453 0029428 184.7212 348.5682 13.76136194166745
MANDRAKE 2 BAKER
1 48908U 21059AF  26145.51152150  .00025487  00000-0  33758-3 0  9999
2 48908  97.7020 336.3021 0004686  80.9914 279.1871 15.58274204273767
ONEWEB-0260
1 48978U 21060M   26145.51819316 -.00000151  00000-0 -42765-3 0  9993
2 48978  87.9099 233.2858 0002316  93.0813 267.0583 13.16594273236628
GNOMES-1
1 46266U 20059B   26145.51841545  .00002189  00000-0  17975-3 0  9993
2 46266  97.7871 355.8790 0012360  84.6204 275.6429 15.00192005312192
RADIO 1
1 11085U 78100B   26145.50025611  .00000002  00000-0 -84211-4 0  9992
2 11085  82.5494  59.2672 0013817  26.4425 146.7454 11.96568693 78104
GHGSAT-C6
1 56204U 23054AC  26145.50428712  .00015130  00000-0  25099-3 0  9996
2 56204  97.3069  55.0096 0008369 113.6194 246.5938 15.52183401174930
COSMOS 1748
1 16758U 86042A   26145.47537278  .00000004  00000-0  13254-3 0  9990
2 16758  74.0184 324.1537 0010306 128.2531 259.7026 12.50788175824997
ONEWEB-0394
1 50474U 21132F   26145.25928418  .00000055  00000-0  10728-3 0  9997
2 50474  87.9168 340.0044 0002072  89.5097 270.6273 13.18688323218578
ONEWEB-0093
1 45444U 20020W   26145.41719027  .00000485  00000-0  13312-2 0  9993
2 45444  87.8918  25.5887 0002160  77.9502 282.1868 13.11418612299696
FEDSAT
1 27598U 02056B   26145.63604781  .00000093  00000-0  54065-4 0  9993
2 27598  98.8586 118.6837 0009793  48.2711 311.9307 14.29724010222530
YUNHAI 1-02
1 44547U 19063A   26145.50417662  .00000270  00000-0  11481-3 0  9999
2 44547  98.4125 156.6106 0004967 211.0333 149.0558 14.32689054348626
KUIPER-00058
1 64518U 25134U   26145.55485691  .00001126  00000-0  17674-3 0  9998
2 64518  51.9003 245.6361 0001011 118.5515 241.5549 14.79935822 51567
COSMOS 795
1  8611U 76008E   26145.50990422 -.00000022  00000-0 -46766-4 0  9995
2  8611  74.0551 224.8225 0019333  79.9953 280.3276 12.45794048288400
GONETS D1 2
1 23788U 96009B   26145.44857994  .00000040  00000-0  16421-3 0  9991
2 23788  82.5691 319.0500 0007909 117.8944 242.2949 12.63216408395224
COSMOS 800
1  8645U 76011A   26145.48287931  .00000063  00000-0  52482-4 0  9992
2  8645  82.9704 133.2972 0022438  46.5036 109.7554 13.72200074518275
COSMOS 765
1  8289U 75086E   26145.38992058  .00000005  00000-0  15680-3 0  9993
2  8289  74.0065 138.9381 0045077  71.6850  79.9846 12.38290255291264
KUIPER-00029
1 63742U 25088U   26145.17569566  .00001643  00000-0  26387-3 0  9991
2 63742  51.9017 113.4169 0002980  82.6742 277.4558 14.76578045 58930
DOVE 3
1 39429U 13066P   26145.04621121  .00002721  00000-0  36023-3 0  9997
2 39429  97.6659   6.0764 0115601  99.6481 261.7812 14.76096786667599
HORUS 1
1 55690U 23025A   26145.49237347  .00005634  00000-0  24026-3 0  9999
2 55690  97.3467 220.5626 0001377 137.6827 222.4517 15.23318883180596
AEROCUBE 4.5A
1 38767U 12048K   26145.30346864  .00214909  00000-0  10399-2 0  9997
2 38767  64.6275 109.7205 0018323 214.3328 145.6645 15.81436502369023
ONEWEB-0506
1 54124U 22138M   26145.35480138  .00000016  00000-0  79905-5 0  9994
2 54124  87.9159 309.5136 0001701  85.2285 274.9042 13.19725723173798
COSMOS 1132
1 11540U 79084C   26145.52001301 -.00000020  00000-0 -26874-4 0  9994
2 11540  74.0250 243.7384 0036578 307.3926  64.2534 12.52668508133836
KUIPER-00440
1 68942U 26098Z   26145.37977057  .00013377  00000-0  40650-3 0  9996
2 68942  51.8766 177.6552 0004755  79.8501 280.3020 15.34356053  3843
QB50P2
1 40032U 14033Y   26145.44565575  .00006407  00000-0  34874-3 0  9995
2 40032  98.0754 140.9170 0005769 247.4865 112.5755 15.14817614649226
DEAR-5
1 67070U 25296B   26145.54644053  .00004286  00000-0  21938-3 0  9999
2 67070  41.3594 246.8248 0016245  63.0319 297.2160 15.17452396 24839
HELIOS 1A
1 23605U 95033A   26145.40834753  .00002026  00000-0  14506-3 0  9997
2 23605  98.1995  34.2907 0013760 106.0886 254.1855 15.05626261664730
KUIPER-00008
1 63724U 25088A   26145.31502847  .00004843  00000-0  66435-3 0  9999
2 63724  51.8999 109.1715 0001072  91.4263 268.6822 14.79898051 59396
ONEWEB-0158
1 48054U 21025N   26145.19884768 -.00000022  00000-0 -96241-4 0  9992
2 48054  87.8949 324.7959 0001783  80.7009 279.4322 13.13467387250616
TIANHUI 2-02B
1 49072U 21074B   26145.43542823  .00001496  00000-0  79712-4 0  9995
2 49072  97.4808 148.9585 0001933  96.7382 263.4071 15.16736664263820
RASSVET-3 11
1 68370U 26061L   26145.43872988  .00083338  00000-0  30933-3 0  9992
2 68370  82.2960  37.5143 0001017 256.2404 103.8753 15.87817909  9975
UK-DMC
1 27942U 03042D   26145.48459764  .00000901  00000-0  10498-3 0  9993
2 27942  98.0812 334.2531 0052259 278.1980  81.3310 14.86966683219390
ONEWEB-0173
1 48069U 21025AD  26145.50863676 -.00000044  00000-0 -15654-3 0  9990
2 48069  87.8946 324.7401 0001480 100.8063 259.3232 13.13468129250824
COSMOS 2491
1 39497U 13076E   26145.48916764  .00000013  00000-0  24809-4 0  9993
2 39497  82.4854 182.3796 0014122 136.6826 223.5367 12.43496672562435
GEESAT 4-08
1 65126U 25170H   26145.53469925  .00001273  00000-0  18613-3 0  9991
2 65126  49.9657 232.1537 0021329 254.1682 105.6904 14.82076740 43696
M2 PATHFINDER
1 45727U 20037E   26145.50215699  .00001357  00000-0  10130-3 0  9996
2 45727  97.8149 336.4804 0010397 224.6608 135.3781 15.04554148322081
KUIPER-00087
1 64833U 25151T   26145.46177507  .00003219  00000-0  45095-3 0  9994
2 64833  51.8996 301.0907 0000611 110.1162 249.9866 14.79939384 46948
QIANFAN-112
1 68639U 26075D   26145.94526626 -.01792996  00000-0 -24448+1 0  9997
2 68639  88.9875 323.2921 0013513  60.9800 299.2710 13.63233500  6795
STRIX-5
1 65971U 25229A   26145.12998811  .00003662  00000-0  26876-3 0  9994
2 65971  41.9293  55.2250 0038663 261.7486  97.8954 15.04184365 33507
QIANFAN-67
1 62797U 25016N   26145.44352076  .00000101  00000-0  13731-3 0  9994
2 62797  88.9726  86.0649 0012914 228.4504 131.5540 13.51013715 69368
HJS-6C
1 63430U 25067C   26145.42606675  .00004870  00000-0  20541-3 0  9994
2 63430  54.9907 127.6704 0004522 275.8378  84.2128 15.25085215 64461
ONEWEB-0163
1 48061U 21025V   26145.49849015  .00000188  00000-0  48031-3 0  9993
2 48061  87.8944 324.7398 0001608 100.0026 260.1285 13.13468800250703
OCO 2
1 40059U 14035A   26145.49436637  .00000335  00000-0  84432-4 0  9997
2 40059  98.2011  87.1347 0001420  88.0057 272.1304 14.57088757632749
PIESAT-2 11
1 62335U 24241C   26145.51728334  .00007804  00000-0  43189-3 0  9990
2 62335  97.5273  93.3110 0002460  85.1726 274.9786 15.14120174 79388
POPSAT HIP 1
1 40028U 14033U   26145.49032399  .00007506  00000-0  40697-3 0  9999
2 40028  98.1000 154.8908 0005018 271.6394  88.4261 15.14896365649360
ONEWEB-0187
1 48221U 21031M   26145.36253718 -.00000162  00000-0 -47220-3 0  9996
2 48221  87.8931 294.2672 0001824 105.9796 254.1535 13.14501572245262
IRIS-F2
1 62684U 25009CD  26145.18958488  .00004487  00000-0  17708-3 0  9990
2 62684  97.3892 225.2195 0006776  79.4189 280.7813 15.26032826132950
NOAA 13
1 22739U 93050A   26145.58605388  .00000065  00000-0  57193-4 0  9991
2 22739  98.7022  91.2394 0009143 187.7259 172.3774 14.13657636690184
AETHER-12
1 67383U 26004W   26145.46623322  .00000582  00000-0  72205-4 0  9990
2 67383  97.8007 144.3776 0003473 173.8621 186.2638 14.86304440 19904
COSMOS 1263
1 12388U 81033A   26145.50376897  .00006583  00000-0  36920-3 0  9995
2 12388  82.8581 233.1532 0577846 160.0596 202.4232 14.29828543268185
ICEYE-X41
1 62700U 25009CV  26145.20531164  .00002656  00000-0  23835-3 0  9994
2 62700  97.7065 225.0689 0002811 100.3700 259.7838 14.96576204 73978
IRIDIUM 71
1 25320U 98026B   26145.39751663  .00000366  00000-0  10676-3 0  9993
2 25320  86.3947 305.4170 0003828  65.4384 294.7215 14.41455218472886
ONEWEB-0536
1 54148U 22138AM  26145.41674644  .00000064  00000-0  12444-3 0  9990
2 54148  87.9163 279.0001 0002264 125.7537 234.3807 13.20772565176291
KUIPER-00136
1 65962U 25228R   26145.35538176  .00010220  00000-0  13622-2 0  9994
2 65962  51.9019   9.1342 0001218  63.9251 296.1836 14.80098737 34753
ONEWEB-0204
1 48225U 21031R   26145.40311665  .00000266  00000-0  68181-3 0  9993
2 48225  87.8944 294.2468 0002118 100.3487 259.7882 13.14501192245260
TOPEX/POSEIDON
1 22076U 92052A   26145.54323677 -.00000044  00000-0  73389-4 0  9993
2 22076  66.0386 179.2142 0008346 270.4069 241.6598 12.81093386580585
ONEWEB-0170
1 48067U 21025AB  26145.45615491 -.00000179  00000-0 -52526-3 0  9990
2 48067  87.8939 324.7495 0001648  76.6998 283.4315 13.13468947250569
KANYINI
1 60556U 24149CS  26145.51248774  .00034852  00000-0  60260-3 0  9997
2 60556  97.3731 231.8128 0000681   1.3133 358.8121 15.50887634 98995
QIANFAN-58
1 62788U 25016D   26145.47655394  .00000101  00000-0  13821-3 0  9996
2 62788  88.9708  86.0080 0011830 224.9464 135.0730 13.51011985 69355
UM5-EOSAT
1 60555U 24149CR  26145.17949917  .00003213  00000-0  25401-3 0  9990
2 60555  97.6655 224.1998 0007879 181.9566 178.1629 15.01332370 96760
IRIDIUM 148
1 43255U 18030G   26145.39726071 -.00000034  00000-0 -19154-4 0  9997
2 43255  86.3936 299.9930 0001990  95.0385 265.1038 14.34218046426905
ARC-1
1 40969U 15058F   26145.49521763  .00049254  00000-0  92529-3 0  9996
2 40969  64.7611 193.8587 0039230  24.3069 335.9910 15.47449680113527
ONEWEB-0434
1 51631U 22012K   26145.43289131 -.00000606  00000-0 -17712-2 0  9996
2 51631  87.8857  40.8205 0002451  84.5073 275.6334 13.10374431206341
SJ 16-02
1 41634U 16043A   26145.50270911  .00000783  00000-0  77086-4 0  9995
2 41634  75.0031 321.9155 0006921  90.4940 269.7042 14.93507883537751
SATELIOT_2
1 60534U 24149BU  26145.49033812  .00002215  00000-0  20125-3 0  9999
2 60534  97.6832 220.8611 0001933 109.8688 250.2742 14.96262394 96576
COSMOS 1598
1 15292U 84100A   26145.38401338  .00000040  00000-0  26516-4 0  9998
2 15292  82.9464 189.4299 0033937  92.4590 278.7438 13.73191247 88867
NIMBUS 5
1  6305U 72097A   26145.47617703 -.00000034  00000-0  16555-4 0  9996
2  6305  99.8102  44.8824 0008025 200.3136 333.4947 13.44255064621674
GAOFEN 1
1 39150U 13018A   26145.49639749  .00000876  00000-0  13270-3 0  9997
2 39150  97.9095 218.0246 0016600 344.1609  15.9079 14.76547758704895
COSMOS 1690
1 16138U 85094A   26145.52233858  .00000008  00000-0 -16167-4 0  9993
2 16138  82.6084 235.5637 0021169 349.1123  21.3445 12.66105874877126
ICEYE-X49
1 62384U 24247H   26145.38832902  .00002837  00000-0  17327-3 0  9998
2 62384  44.9972 119.0812 0001282 286.4761  73.5975 15.12778750 78722
SDA_1668
1 65978U 25230E   26145.49338227 -.00007081  00000-0 -62396-2 0  9999
2 65978  81.3006 232.5254 0002377 273.4172  86.6713 13.85413326 30687
ST5-C
1 28982U 06008C   26145.46969397  .00054201  55201-5  58805-3 0  9993
2 28982 105.4727 333.6137 0782893 324.0422  31.0380 14.21760748552767
EDUSAT
1 37788U 11044A   26145.66489461  .00000691  00000-0  10628-3 0  9991
2 37788  98.2722  42.7671 0034040 190.5632 198.0584 14.76478120793205
HAWK-7C
1 56200U 23054Y   26145.44017703  .00005404  00000-0  20609-3 0  9994
2 56200  97.2736  32.3879 0004119 103.8018 256.3680 15.27081395173559
ARCTIC WEATHER SATELLITE
1 60543U 24149CD  26145.18338041  .00000674  00000-0  75864-4 0  9995
2 60543  97.6806 216.3055 0002652 150.2093 209.9276 14.89810920 95879
ONEWEB-0366
1 49292U 21090P   26145.37218578 -.00000075  00000-0 -23750-3 0  9991
2 49292  87.8938 294.2570 0001860  98.9117 261.2223 13.14501613224562
GLOBALSTAR M034
1 25962U 99062B   26145.40180848 -.00000059  00000-0  35063-3 0  9996
2 25962  51.9848 201.8177 0013881 326.7326  46.3429 11.79458363178772
AAC-AIS-SAT2
1 56996U 23084BY  26145.52860198  .00003659  00000-0  41988-3 0  9995
2 56996  98.1451 284.9065 0057471 170.4121 189.8204 14.85335684150015
KUIPER-00439
1 68941U 26098Y   26145.38891551  .00013776  00000-0  42695-3 0  9994
2 68941  51.8750 177.7105 0006827  71.7351 288.4376 15.33693690  3849
IRIDIUM 176
1 43923U 19002B   26145.32184825  .00000650  00000-0  99260-4 0  9995
2 43923  86.6104   3.1041 0002243  87.4328 272.7146 14.72251369395882
SKYSAT C10
1 42988U 17068B   26145.33737964  .00009156  00000-0  27911-3 0  9997
2 42988  97.4473 281.9741 0001588  94.3223 265.8201 15.34183800478853
SSOT
1 38011U 11076E   26145.54665777  .00001463  00000-0  18887-3 0  9992
2 38011  97.8075 206.4856 0001442  95.3454  12.1084 14.82450020781023
COSMOS 1927
1 18940U 88016D   26145.44233184 -.00000001  00000-0  95402-4 0  9998
2 18940  74.0051 301.8991 0007968 265.1016 155.6748 12.50920273744689
GB 1
1 14143U 83056C   26145.46727165  .00004510  00000-0  56155-3 0  9996
2 14143  63.3122 316.9745 0726358 131.2307 235.3711 13.78795516343504
RASAT
1 37791U 11044D   26145.54063779  .00000256  00000-0  52977-4 0  9993
2 37791  98.0559 237.2841 0019171 264.1523 105.4353 14.68140055789867
KUIPER-00505
1 68886U 26095Y   26145.50003471  .00057107  00000-0  16946-2 0  9994
2 68886  51.8833 352.0336 0004568 195.3288  15.7093 15.34250615  5010
COSMOS 1943
1 19119U 88039A   26145.30511828 -.00000061  00000-0 -68532-5 0  9993
2 19119  71.0035  84.8550 0009796 140.2036  21.8569 14.15759172963658
CENTISPACE-2 S9
1 68358U 26060J   26145.37770243 -.00000037  00000-0  26209-4 0  9999
2 68358  54.9791 129.0877 0011217  89.1373 271.0910 14.72831996  9407
AO-95
1 43770U 18099N   26145.59282205  .00010893  00000-0  42389-3 0  9999
2 43770  97.4402 205.9301 0010165  73.6783 286.5572 15.26140361409777
KUIPER-00420
1 68932U 26098P   26145.49804805  .00021283  00000-0  61976-3 0  9997
2 68932  51.8756 176.9476 0003658  73.2971 286.8416 15.35345519  3866
IXPE
1 49954U 21121A   26145.50003471  .00011050  00000-0  60427-3 0  9995
2 49954   0.2298 128.6107 0006903  99.6440  13.9153 15.10005155  5470
COSMOS 2026
1 20045U 89042A   26145.52721199  .00000048  00000-0  32965-4 0  9999
2 20045  82.9413  65.0083 0040548  26.8499 146.0456 13.76264753856178
ESSAIM-1
1 28494U 04049C   26145.33990797  .00000936  00000-0  11319-3 0  9995
2 28494  98.3069  13.4101 0001705  94.7361 265.4048 14.86246855154892
METEOR 1-25
1  8845U 76043A   26145.52361329 -.00000073  00000-0 -46795-4 0  9991
2  8845  81.2623 337.8548 0039596 357.5911   2.5063 14.11834409721720
COSMOS 2489
1 39484U 13076B   26145.55418179 -.00000133  00000-0 -10295-2 0  9991
2 39484  82.4883 184.1677 0022269 142.3797 217.8846 12.42878800563135
ONEWEB-0499
1 54117U 22138E   26145.46458470  .00000148  00000-0  33790-3 0  9998
2 54117  87.9150 309.5023 0001759  85.3747 274.7586 13.19725498173827
ONEWEB-0051
1 45155U 20008AA  26145.42552800  .00000485  00000-0  13336-2 0  9999
2 45155  87.8910  25.5956 0001827  81.8970 278.2365 13.11414921308100
OPAL
1 26063U 00004C   26145.28524091  .00000111  00000-0  55897-4 0  9991
2 26063 100.1908  77.8852 0036514  99.5158 261.0153 14.37954612379998
SPHEREX
1 63182U 25047E   26145.51343958  .00000851  00000-0  13699-3 0  9999
2 63182  97.9579 330.7588 0008944 265.3075  94.7112 14.74014040 64701
COSMOS 2339
1 24727U 97006C   26145.32913420  .00000007  00000-0 -22865-4 0  9991
2 24727  82.6033 269.8737 0001560  95.0060 323.0914 12.62379405348691
CANX-5
1 40056U 14034D   26145.58836703  .00000787  00000-0  10831-3 0  9993
2 40056  98.3154  20.1113 0014148  84.5523 275.7302 14.81232207631994
ONEWEB-0639
1 55803U 23029H   26145.43851874  .00000004  00000-0 -23359-4 0  9996
2 55803  87.9150 309.5114 0001003  68.9652 291.1588 13.19726178155905
ELISA E24
1 38008U 11076B   26145.51606988  .00000819  00000-0  90010-4 0  9997
2 38008  97.6540 166.8520 0001695  74.0452 286.0953 14.90201095775466
IRIDE FM4
1 66698U 25276AJ  26145.10681738  .00005228  00000-0  24974-3 0  9995
2 66698  97.4188 218.9675 0005714  91.6179 268.5710 15.19444921 26919
ICUBE 1
1 39432U 13066S   26145.43213757  .00014135  00000-0  56349-3 0  9991
2 39432  97.5684 130.8284 0018414  56.2362 304.0626 15.25159451680946
FLOCK 4H 30
1 66733U 25276BV  26145.17361413  .00005784  00000-0  27538-3 0  9993
2 66733  97.4236 219.1390 0005951  94.3753 265.8162 15.19517063 26921
GREGOIRE
1 56946U 23084Q   26145.37718610  .00008006  00000-0  21664-3 0  9994
2 56946  97.6210 288.3743 0006891  49.1148 311.0692 15.37960705164201
COSMOS 1799
1 17143U 86092F   26145.46726295  .00000011  00000-0  16871-3 0  9998
2 17143  74.0111 157.3322 0037676 195.8680 332.0275 12.55278890810403
COSMOS 890
1 09737U 77004A   26145.33703185  .00000062  00000-0  51813-4 0  9992
2 09737  82.9600 181.8265 0025762 352.6136  19.4809 13.71923413469208
KUIPER-00070
1 64817U 25151B   26145.50222403  .00003291  00000-0  46007-3 0  9991
2 64817  51.8999 325.8906 0000785 126.1052 233.9983 14.79977986 47790
PCSAT
1 26931U 01043C   26145.38964784  .00000117  00000-0  74589-4 0  9992
2 26931  67.0508 303.2359 0006184 263.8379  96.2019 14.31946061287189
HULIANWANG DIGUI-152
1 67528U 26013G   26145.47988875 -.00000083  00000-0  88517-4 0  9999
2 67528  50.0043  76.8433 0000924  27.9858 332.1064 13.29327967 17036
BPA 3/SL-24
1 39448U 13066AJ  26145.50982692  .00000075  00000-0  43830-4 0  9997
2 39448  97.6731 316.5127 0678562  83.2351 284.5473 13.43243881612845
UVSQ-SAT NG
1 63251U 25052AT  26145.64272347  .00002351  00000-0  21874-3 0  9990
2 63251  97.6880  37.5401 0001800 334.3949  25.7182 14.95263394 65261
SHERPA-FX2/TAGSAT-2
1 48958U 21059CH  26145.47633434  .00019521  00000-0  28992-3 0  9994
2 48958  97.6877 337.7742 0007568  67.3124 292.8929 15.55210457273897
ONEWEB-0572
1 55151U 23004M   26145.58660544  .00000021  00000-0  19996-4 0  9993
2 55151  87.9151  10.3605 0001659  89.5297 270.6025 13.17650559164506
COSMOS 2215
1 22186U 92068E   26145.37935520  .00000027  00000-0  91698-4 0  9992
2 22186  82.6032  27.1914 0011686 227.0265 132.9847 12.60962570545996
SPRITE-SAT (RISING)
1 33494U 09002C   26145.21960560  .00000493  00000-0  80532-4 0  9999
2 33494  98.1538  50.0476 0004824  78.9080 281.2671 14.75325828930421
ASTROCAST-0105
1 47517U 21006DH  26145.15019021  .00343305  00000-0  14350-2 0  9993
2 47517  97.2062 208.5546 0007143 221.2583 138.8148 15.84735532297295
CAPELLA-19 (ACADIA)
1 67384U 26004X   26145.44912565  .00004074  00000-0  46457-3 0  9998
2 67384  97.7996 144.2416 0001439  93.6403 266.4977 14.86665691 19891
ONEWEB-0702
1 61608U 24188Q   26145.13051797  .00000308  00000-0  83407-3 0  9991
2 61608  87.8925  25.5706 0000949 108.4230 251.7001 13.11415169 81464
SUPERVIEW NEO-1 03
1 63125U 25040A   26145.57966109  .00000135  00000-0  89617-5 0  9994
2 63125  97.3480 260.5285 0000900 101.5241 258.6096 15.21592355 68740
KUIPER-00265
1 67159U 25301AC  26145.18252051  .00000410  00000-0  82730-4 0  9990
2 67159  51.9007 107.3784 0000696  71.0739 289.0299 14.79931198 24816
YAOGAN-43 O1C
1 60460U 24148C   26145.53944748  .00008777  00000-0  36340-3 0  9995
2 60460  34.9992 304.9671 0006104 354.8311   5.2340 15.23173522 98686
COSMOS 2398
1 27818U 03023A   26145.39241545  .00000053  00000-0  41131-4 0  9997
2 27818  82.9468 152.1210 0031865  20.9780  93.1122 13.72402523150616
ONEWEB-0121
1 47267U 20100K   26145.57454237  .00000422  00000-0  11377-2 0  9993
2 47267  87.8960 355.1533 0001999  78.9591 281.1762 13.12441606261675
FLOCK 4BE 22
1 60494U 24149AC  26145.21213777  .00015159  00000-0  37706-3 0  9998
2 60494  97.3732 228.5693 0003014  20.2288 339.9077 15.40374937 98762
OSCAR 7
1  7530U 74089B   26145.50123808 -.00000031  00000-0  95166-4 0  9994
2  7530 101.9908 158.5111 0012321 172.6684 342.7297 12.53697657357673
COSMOS 1308
1 12835U 81091A   26145.36231030  .00000050  00000-0  35473-4 0  9995
2 12835  82.9203 191.5967 0028211 156.2701 215.5233 13.75649729242427
OPS 6381 (SSU 1)
1 07937U 75051C   26145.12735128  .00000012  00000-0  11261-3 0  9998
2 07937  95.0723 184.3459 0007706  54.3028  10.2464 12.68266031358457
SAUDICOMSAT 6
1 31121U 07012E   26145.37683323  .00000612  00000-0  12630-3 0  9995
2 31121  98.4084 112.4720 0072686  38.6808 321.9567 14.62522381 16859
KANOPUS-V-IK
1 42825U 17042A   26145.49170829  .00002098  00000-0  92548-4 0  9994
2 42825  97.3597  51.4756 0001958  85.2666 274.8794 15.22859065491915
O/OREOS (USA 219)
1 37224U 10062C   26145.35867942  .00001849  00000-0  18073-3 0  9993
2 37224  71.9680 132.0447 0012521 113.2479 247.0011 14.93628546113233
AZUR (GRS A)
1  4221U 69097A   26145.48697303  .00035176  00000-0  49711-3 0  9995
2  4221 102.6587 272.6913 0223792 258.9632  98.6348 15.32550835721948
COSMOS 2242
1 22626U 93024A   26145.38567120  .00001292  00000-0  11019-3 0  9995
2 22626  82.5193 193.3559 0017398  51.6577 308.6206 14.96827578791865
YAOGAN-35 C
1 49393U 21101D   26145.40630171  .00011133  00000-0  46161-3 0  9993
2 49393  35.0055  48.2172 0007428 177.8821 182.1926 15.23076975253539
COSMOS 2268
1 22999U 94011A   26145.30912531  .00000023  00000-0  72957-4 0  9997
2 22999  82.5780 355.0928 0009268 253.0035 280.5849 12.61227653485871
HEAD-3B
1 57627U 23121B   26145.46435366  .00000728  00000-0  17728-3 0  9996
2 57627  45.0034  56.7998 0004592 155.1708 204.9371 14.61535994148349
ORBCOMM FM 17
1 25413U 98046A   26145.52820595  .00000594  00000-0  25163-3 0  9994
2 25413  44.9943  80.8831 0001049  88.0786 272.0181 14.35866306452362
COSMOS 826
1 08890U 76054B   26145.36285618  .00000010  00000-0  19265-3 0  9991
2 08890  73.9988 109.3337 0039151 109.8712  43.9910 12.38553796258059
YAOGAN 9B
1 36414U 10009B   26145.21776481  .00000075  00000-0  11661-3 0  9992
2 36414  63.3674  57.2951 0536439  20.7243 341.4661 13.45704828796656
TSAT-1A
1 59442U 24066A   26145.52670345  .00011569  00000-0  34086-3 0  9998
2 59442  45.6162 244.3420 0012056 332.5240  27.5017 15.35156373118294
COSMOS 2228
1 22286U 92094A   26145.50330187  .00001449  00000-0  12165-3 0  9995
2 22286  82.5171 163.7699 0019038  47.5293 312.7535 14.97493666787551
SSB
1 13845U 83008F   26145.21325559  .00001335  00000-0  20439-3 0  9993
2 13845  63.3094  81.0800 0709458 135.3301 230.7202 13.78348270341731
COSMOS 1168
1 11735U 80022A   26145.39175632  .00000072  00000-0  58992-4 0  9999
2 11735  82.9450 291.3128 0036686  65.3720 351.3087 13.75251008317027
LEMUR 2 KRISH
1 64561U 25135AK  26145.26748045  .00005365  00000-0  48388-3 0  9995
2 64561  97.7713 260.3105 0001748 105.6560 254.4854 14.95955050 50491
YAOGAN-30 L
1 43171U 18011C   26145.50814944  .00002671  00000-0  19881-3 0  9996
2 43171  34.9956 288.9312 0000952 158.1531 201.9217 15.02589680454804
COSMOS 1081
1 11296U 79024A   26145.52698836 -.00000017  00000-0 -67885-5 0  9995
2 11296  74.0353  55.2510 0038869 102.1557  70.4049 12.57293134166077
COSMOS 1759
1 16798U 86047A   26145.44255693  .00000047  00000-0  33238-4 0  9996
2 16798  82.9216 205.3404 0023472 320.0107  50.5432 13.75199811  3579
IRIDIUM 130
1 43073U 17083D   26145.50850694  .00000048  00000-0  99428-5 0  9990
2 43073  86.3963 331.7601 0002122  83.0532 277.0905 14.34218007440865
DMSP 5D-3 F17 (USA 191)
1 29522U 06050A   26145.47132495  .00000058  00000-0  52046-4 0  9998
2 29522  98.7381 152.5064 0011158 117.6022 242.6286 14.14988725  9217
USA 141
1 25615U 98055C   26145.37693190  .00000273  00000-0  68999-4 0  9999
2 25615  84.9867  21.4383 0005758 289.9831  70.0749 14.47231645370733
OSCAR 22 (UOSAT 5)
1 21575U 91050B   26145.42323402  .00000133  00000-0  53391-4 0  9995
2 21575  98.3508 214.3711 0006052 237.9669 122.0934 14.42360911831261
DRESDEN
1 65297U 25185A   26145.27960465  .00008126  00000-0  11073-2 0  9998
2 65297  97.9620 228.8210 0016848 154.0045 206.2016 14.78855682 40446
PAYLOAD B
1 49113U 21076B   26145.49499446  .00000149  00000-0  74723-4 0  9992
2 49113  86.4016  92.1203 0017496 280.2716  79.6493 14.09457908244235
ONEWEB-0530
1 55796U 23029A   26145.36288321  .00000028  00000-0  35705-4 0  9993
2 55796  87.9165 279.0219 0002351 101.7958 258.3439 13.20769893158132
COSMOS 963
1 10491U 77109A   26145.37489264  .00000124  00000-0  28491-3 0  9994
2 10491  82.9296 284.8629 0016528 128.8629 247.9190 13.17657049332700
QIANFAN-125
1 68652U 26075S   26145.29912984  .00000047  00000-0  43838-4 0  9990
2 68652  88.9874 323.3456 0010386  64.4212 295.8019 13.63414908  6713
COSMOS 875
1 09592U 76118E   26145.44279385 -.00000023  00000-0 -46167-4 0  9993
2 09592  74.0299 202.7027 0017107 128.9020 242.7319 12.53518979263252
YAOGAN-31 D
1 47532U 21007A   26145.52417001 -.00000211  00000-0 -18570-3 0  9999
2 47532  63.4029 201.3608 0173994   0.4292 359.6853 13.45445857261180
ONEWEB-0667
1 55827U 23029AH  26145.37637137  .00000099  00000-0  21109-3 0  9992
2 55827  87.9181 278.9772 0001860  93.5343 266.6003 13.20769795158137
FUNCUBE 1
1 39444U 13066AE  26145.38334711  .00006815  00000-0  42758-3 0  9997
2 39444  97.8264 116.3600 0034467 282.1902  77.5466 15.09155971676228
HAWK-14C
1 68441U 26067AB  26145.40958000  .00003992  00000-0  19962-3 0  9991
2 68441  97.4469 104.1130 0003855 128.3138 231.8443 15.17998897  8480
ONEWEB-0399
1 50479U 21132L   26145.61370824 -.00000496  00000-0 -14358-2 0  9997
2 50479  87.8917  25.5584 0002294  83.8256 276.3133 13.11415714212643
HUBBLE 6
1 64562U 25135AL  26145.27957996  .00002201  00000-0  21345-3 0  9994
2 64562  97.7726 259.7005 0001238  95.4968 264.6393 14.93698016 50450
HELIOS
1 69021U 26100AT  26145.45918872  .00008588  00000-0  40540-3 0  9994
2 69021  97.4052  43.6602 0006643  74.2542 285.9425 15.19663947  3358
ONEWEB-0226
1 48793U 21045AC  26145.30952498  .00000160  00000-0  39077-3 0  9997
2 48793  87.8994 263.7510 0001777  91.8860 268.2474 13.15548508241343
KUIPER-00269
1 68587U 26072Q   26145.11728134  .00031377  00000-0  81987-3 0  9993
2 68587  51.8730 288.3137 0004316 280.4929  79.5572 15.38493093  7838
QIANFAN-142
1 69088U 26104R   26145.24701636  .00000088  00000-0  32751-4 0  9999
2 69088  88.9858 344.2380 0003613 154.9147 205.2221 14.22921845  1831
CHECKMATE 6
1 56165U 23050D   26145.61243892  .00000098  00000-0  74990-4 0  9996
2 56165  81.0037  93.5529 0011060  14.7217 345.4260 13.86173700158977
SEDNA-2
1 63153U 25009DQ  26145.15064164  .00007699  00000-0  45704-3 0  9993
2 63153  97.4546 219.2575 0010441 137.0119 223.1929 15.11550698 74648
COSMOS 645
1  7269U 74024E   26145.36133794 -.00000027  00000-0 -62502-4 0  9995
2  7269  74.0180 245.9229 0072277 194.1710 237.4483 12.59542044394774
LEMUR 2 EMBRIONOVIS
1 56970U 23084AQ  26145.35390406  .00013397  00000-0  37313-3 0  9995
2 56970  97.6259 288.6926 0009477  44.0913 316.1085 15.36886243164175
GEOSAT
1 15595U 85021A   26145.43255061  .00000067  00000-0  64356-4 0  9996
2 15595 108.0454  34.0958 0001261 269.9001  90.1997 14.39954181159493
FLOCK 4G 8
1 62613U 25009E   26145.18714236  .00010593  00000-0  37588-3 0  9996
2 62613  97.4005 227.2967 0004972  56.1308 304.0405 15.29232068 75405
IRIDE-MS2-HEO-3
1 64568U 25135AS  26145.48058594  .00001626  00000-0  16657-3 0  9999
2 64568  97.7707 259.9415 0001734  63.5667 296.5730 14.91842355 50493
QIANFAN-144
1 69090U 26104T   26145.45667198  .00000093  00000-0  34157-4 0  9997
2 69090  88.9868 344.2125 0002825 153.2178 206.9161 14.24071791  1864
COSMOS 642
1  7266U 74024B   26145.38359771  .00000006  00000-0  11717-3 0  9995
2  7266  74.0176 302.5044 0103567 202.5831 180.5325 12.65840439406825
ZY 3 04
1 67131U 25300A   26145.14197950  .00003958  00000-0  17934-3 0  9994
2 67131  97.4735 223.2154 0007145  38.1639 322.0102 15.21421174 24331
COSMOS 1998
1 19789U 89009E   26145.29440926  .00000035  00000-0  12991-3 0  9997
2 19789  82.6120 346.1120 0015635 336.6308  23.4072 12.64933233721128
PULSAR-0
1 64541U 25135P   26145.57670199  .00002804  00000-0  13302-3 0  9994
2 64541  97.4672 260.4469 0001541 251.6643 108.4424 15.20105546 51396
YUBELEINY 2
1 38735U 12041C   26145.49014411  .00000033  00000-0  16506-3 0  9993
2 38735  82.4752  88.8444 0018452 114.6290 245.6714 12.42648545627022
KUIPER-00059
1 64519U 25134V   26145.56022968  .00001953  00000-0  28505-3 0  9997
2 64519  51.8997 240.6628 0000989  89.5836 270.5239 14.79949908 51632
KUIPER-00139
1 65765U 25217D   26145.54998109 -.00270633  00000-0 -21386-1 0  9993
2 65765  51.8863  41.7742 0008226 199.5213 160.5445 15.01624560 36560
ONEWEB-0264
1 48982U 21060R   26145.53721147  .00000090  00000-0  20214-3 0  9999
2 48982  87.9105 233.2815 0001982  94.1254 266.0104 13.16594082236618
TIANQI-12
1 48426U 21039D   26145.33605885  .00005507  00000-0  31711-3 0  9998
2 48426  34.9979 107.0167 0002645 103.0374 257.0632 15.11810891276762
GOOD ANCESTOR KILAKILA
1 64528U 25135A   26145.58613228  .00007743  00000-0  32590-3 0  9997
2 64528  97.4605 260.9308 0003601 257.4623 102.6211 15.23649115 51449
USA 56
1 20560U 90031A   26145.32730044  .00000638  00000-0  84280-4 0  9990
2 20560  89.8606 261.4319 0060450 352.0564   7.9694 14.77643600109326
NNSS 20 (TRANSIT 20)
1  6909U 73081A   26145.55098141  .00000156  00000-0  15073-3 0  9995
2  6909  89.8624 252.5812 0152550 307.4137  51.3221 13.71500524826065
FLOCK 4G 21
1 62651U 25009AU  26145.46821113  .00011645  00000-0  40175-3 0  9997
2 62651  97.3993 228.0255 0002539  68.1025 292.0485 15.30132952 75482
ONEWEB-0627
1 55168U 23004AE  26145.58491480 -.00000020  00000-0 -84347-4 0  9995
2 55168  87.9153  10.3696 0002285  90.9059 269.2334 13.17650623164604
OSCAR 29
1 18362U 87080B   26145.37275801  .00000092  00000-0  13693-3 0  9990
2 18362  90.3724  85.7736 0106535 138.3934 341.4704 13.44475991897086
ONEWEB-0007
1 44060U 19010D   26145.36972155 -.00000004  00000-0 -43810-4 0  9997
2 44060  87.8989 263.7680 0001808  90.6097 269.5241 13.15547347348379
CENTISPACE-1 S10
1 62579U 25007E   26145.46510075 -.00000103  00000-0  35869-4 0  9999
2 62579  54.9903  10.9171 0012985  55.5371 304.6810 13.80606116 71597
ONEWEB-0710
1 55173U 23004AK  26145.34700090  .00000292  00000-0  72002-3 0  9998
2 55173  87.9153  10.4083 0002036  88.2961 271.8404 13.17648077164570
COSMOS 1249
1 12319U 81021A   26145.43010544 -.00000070  00000-0  16181-4 0  9996
2 12319  64.9629 201.0354 0067564 275.1228  84.2124 13.86773311291692
GAOFEN 11-05
1 60249U 24130A   26145.52251831  .00005062  00000-0  21582-3 0  9990
2 60249  97.4000 224.1453 0004301 136.5485 223.6091 15.23376506 82016
PRAETORIAN SDA_604
1 65567U 25203C   26145.42676117  .00000112  00000-0  91365-4 0  9995
2 65567  81.3070  32.1299 0004557 264.2061  95.8575 13.83043546 35530
COSMOS 1364
1 13167U 82040H   26145.40048741 -.00000001  00000-0  10350-3 0  9992
2 13167  74.0116 306.0624 0032325 215.2996 168.8075 12.41889712997147
JILIN-01 KUANFU 02B 3
1 61191U 24169C   26145.49032589  .00002794  00000-0  18182-3 0  9993
2 61191  97.5552 235.1822 0014264  32.4901 327.7203 15.08709725 92405
ONEWEB-0168
1 48068U 21025AC  26145.21238458 -.00000224  00000-0 -64820-3 0  9990
2 48068  87.8950 324.7961 0001735  97.4266 262.7060 13.13468506250543
S-NET C
1 43189U 18014K   26145.38339914  .00004345  00000-0  22691-3 0  9996
2 43189  97.5414  50.5797 0012043  86.9657 273.2954 15.16379794453850
COSMOS 627
1  7008U 73109A   26145.44259490  .00000068  00000-0  56729-4 0  9997
2  7008  82.9516 138.4593 0033089  41.9010 111.9284 13.73076760624760
ORBCOMM FM 13
1 25420U 98046H   26145.27607968  .00000662  00000-0  26029-3 0  9999
2 25420  44.9988   1.7838 0004469 191.6811 168.3934 14.38593108452483
SPOT 4
1 25260U 98017A   26145.52664566  .00000268  00000-0  71253-4 0  9996
2 25260  98.2453 241.4952 0011284 294.9344  65.0681 14.56084327476010
COSMOS 448
1 05551U 71086E   26145.35013405  .00000005  00000-0  14056-3 0  9991
2 05551  74.0260 170.7178 0049549 226.3892 144.3244 12.46763131485622
ONEWEB-0384
1 49310U 21090AH  26145.33202722  .00000088  00000-0  18419-3 0  9990
2 49310  87.9178 279.0350 0002315  91.7465 268.3933 13.20811387226815
GNOMES-5
1 60574U 24149DL  26145.50124450  .00004382  00000-0  34806-3 0  9992
2 60574  97.7015 223.7670 0006785 193.7191 166.3850 15.00972224 96755
ONEWEB-0644
1 55808U 23029N   26145.42428274  .00000150  00000-0  34344-3 0  9990
2 55808  87.9149 309.5168 0001424  92.8432 267.2864 13.19727107155900
COSMOS 1859
1 18120U 87051H   26145.50979346 -.00000009  00000-0  40338-4 0  9996
2 18120  74.0058  50.9245 0056651  44.4979 127.9860 12.57955986788152
COSMOS 1853
1 18114U 87051B   26145.28254128 -.00000007  00000-0  63382-4 0  9990
2 18114  74.0041  79.0031 0006818 221.9185 304.7951 12.47019202772658
OPS 7613 (P/L 4)
1  4237U 69082E   26145.47415161  .00000053  00000-0  77183-4 0  9996
2  4237  70.0125 152.4115 0019777 167.3650 354.7522 13.95992441883139
WEOS
1 27599U 02056C   26145.42255722  .00000117  00000-0  62097-4 0  9999
2 27599  98.8148 112.8744 0010140  26.0027 334.1663 14.30837053223098
ONEWEB-0432
1 50502U 21132AK  26145.29390457 -.00000003  00000-0 -40492-4 0  9996
2 50502  87.9169 339.9864 0001608 107.6762 252.4545 13.18712729218560
TIANMU-1 22
1 58663U 23208D   26145.52222709  .00007192  00000-0  24503-3 0  9996
2 58663  97.4470 261.6710 0005009  73.8123 286.3669 15.30683658133868
QIANFAN-129
1 69075U 26104C   26145.52264079  .00000143  00000-0  53023-4 0  9998
2 69075  88.9868 344.2038 0003396 156.7009 203.4339 14.26565178  1874
RAX (USA 218)
1 37223U 10062B   26145.27072108  .00003648  00000-0  29663-3 0  9991
2 37223  71.9688  92.0072 0011328  78.1346 282.1097 15.00169475110775
CBERS 2
1 28057U 03049A   26145.41794938  .00000162  00000-0  70689-4 0  9994
2 28057  98.7540 116.8895 0000857 133.1022 227.0235 14.36735004183913
JILIN-01 GAOFEN 2F
1 49338U 21097A   26145.46960041  .00003051  00000-0  20423-3 0  9997
2 49338  97.6670 271.7343 0017251 307.3694  52.5962 15.07571599252893
YAOGAN-39 05A
1 58557U 23194A   26145.48535691  .00007306  00000-0  30349-3 0  9996
2 58557  35.0008 200.1683 0005294 117.2403 242.8852 15.23105375136896
VINDLER 2.1
1 68488U 26067CA  26145.50003471 -.00051644  00000-0 -50099-2 0  9990
2 68488  97.7561 104.0956 0003105  95.9598 217.3272 14.92938523  1304
ONEWEB-0295
1 49084U 21075K   26145.33096597 -.00000017  00000-0 -77493-4 0  9994
2 49084  87.9154  10.4151 0001956  94.0021 266.1335 13.17652441230588
KUIPER-00063
1 64523U 25134Z   26145.27123470  .00004387  00000-0  60378-3 0  9998
2 64523  51.9035 259.4745 0001317 105.3764 254.7344 14.79960644 51341
GAOFEN 12
1 44819U 19082A   26145.50520207  .00000351  00000-0  52549-4 0  9993
2 44819  97.8105 152.4839 0002496  98.1159 262.0337 14.80436660350733
KUIPER-00069
1 64816U 25151A   26145.42801724  .00003527  00000-0  49140-3 0  9993
2 64816  51.9018 301.2988 0000604 112.1562 247.9465 14.79936824 48125
ICEYE-X2
1 43800U 18099AU  26145.52538013  .00008901  00000-0  44783-3 0  9994
2 43800  97.4374 199.7710 0010908  31.7851 328.4039 15.17402168409386
KUIPER-00066
1 64526U 25134AC  26145.43725591  .00000329  00000-0  72169-4 0  9995
2 64526  51.8999 198.6163 0000247   6.4901 353.6064 14.79933728 52213
COSMOS 1051
1 11128U 78109A   26145.26841514  .00000005  00000-0  12868-3 0  9990
2 11128  74.0166  84.9487 0057751  63.9043  87.1165 12.55966824176245
SICH 2
1 37794U 11044G   26145.41595488  .00000520  00000-0  10407-3 0  9994
2 37794  97.8365 127.0180 0010703 239.3414 280.7165 14.65612067788129
COSMOS 733
1  7822U 75045B   26145.41471882  .00000016  00000-0  23925-3 0  9994
2  7822  74.0150 127.4752 0053837 234.7817 292.6573 12.38841920306184
QIANFAN-89
1 63175U 25046S   26145.48310082  .00000024  00000-0  17885-4 0  9992
2 63175  88.9691 303.0652 0016924  19.3993 340.7799 13.51012736 69519
NULINK-2
1 68994U 26100Q   26145.66025556  .00003819  00000-0  37842-3 0  9996
2 68994  97.7356  43.5540 0002597  63.4103 296.7382 14.92390990  3349
ONEWEB-0665
1 55825U 23029AF  26145.39915710  .00000307  00000-0  79449-3 0  9990
2 55825  87.8934 294.2703 0001662  88.1057 272.0263 13.14501828156419
GEESAT 4-04
1 65122U 25170D   26145.55232619  .00001328  00000-0  19263-3 0  9990
2 65122  49.9702 232.4470 0030276 226.1591 133.6843 14.82047989 43697
KUIPER-00370
1 68919U 26098A   26145.48654292 -.00024627  00000-0 -80936-3 0  9998
2 68919  51.8715 177.5941 0015121  72.8750 287.3889 15.30540514  3854
CLARITY-1
1 63227U 25052T   26145.51626102  .00356737  62166-4  45268-3 0  9999
2 63227  97.3971  64.9620 0006303 130.7475 229.4355 16.07420037 68064
KUIPER-00109
1 65147U 25171R   26145.46153952  .00001994  00000-0  29043-3 0  9996
2 65147  51.9007 176.0812 0000385  58.3278 301.7722 14.79931068 44290
ACRIMSAT
1 26033U 99070B   26145.34999600  .00000491  00000-0  98719-4 0  9999
2 26033  98.3422 289.9891 0026436 176.0743 184.0672 14.65894672409541
ALOS 2
1 39766U 14029A   26145.48215828  .00000307  00000-0  47991-4 0  9997
2 39766  97.9221 242.9717 0001564  89.7918 270.3473 14.79464943648222
COSMOS 648
1  7272U 74024H   26145.48042659  .00000001  00000-0  11367-3 0  9993
2  7272  74.0180 322.0661 0033083   0.0832  28.5225 12.50376275377560
ONEWEB-0630
1 56072U 23043AC  26145.58522223 -.00000035  00000-0 -12815-3 0  9999
2 56072  87.8988 263.6987 0001689  96.4465 263.6858 13.15550018153454
PRAETORIAN SDA_617
1 65580U 25203R   26145.43543544  .00000097  00000-0  78166-4 0  9994
2 65580  81.3054  31.9393 0006413 252.8411 107.2043 13.83148067 35547
COSMOS 2531
1 43752U 18097B   26145.53831091 -.00000081  00000-0 -65525-3 0  9991
2 43752  82.5192 237.3860 0018008 104.8952 255.4123 12.42912056339497
MSX
1 23851U 96024A   26145.34087050 -.00000011  00000-0  22845-4 0  9993
2 23851  99.0425  82.7486 0006906 307.4322  52.6213 13.98391727535155
GONETS D1 4
1 24728U 97006D   26145.35278967  .00000001  00000-0 -51358-4 0  9998
2 24728  82.6046 250.8437 0007163 224.5694 135.4823 12.63922497350323
HULIANWANG DIGUI-27
1 63694U 25086H   26145.48870795  .00000058  00000-0  10094-3 0  9995
2 63694  86.5023 320.7265 0001441  80.4964 279.6333 13.24409651 51857
ONEWEB-0716
1 55177U 23004AP  26145.34024961  .00000012  00000-0 -11137-5 0  9993
2 55177  87.9154  10.4120 0001787  76.4094 283.7236 13.17650000164579
TRIAD 1
1 06173U 72069A   26145.45792356  .00000438  00000-0  10188-3 0  9996
2 06173  90.0213 208.6940 0052041 112.5115 258.9675 14.52629001827279
ONEWEB-0189
1 48217U 21031H   26145.40391212  .00000323  00000-0  83755-3 0  9998
2 48217  87.8946 294.2409 0001564 106.1451 253.9851 13.14502241245232
STRIX-1
1 53815U 22113A   26145.49644436  .00021755  00000-0  57102-3 0  9997
2 53815  97.4513 207.1333 0002263 333.6667  26.4463 15.38654637203951
KUIPER-00246
1 67151U 25301U   26145.03256862  .00003096  00000-0  43469-3 0  9998
2 67151  51.8995  90.5206 0000917  70.3864 289.7198 14.79960331 25022
LEMUR 2 AMANDA-SVANTE
1 48269U 21034B   26145.45501864  .00030562  00000-0  96640-3 0  9994
2 48269  97.5766 223.1675 0001184  26.6301 333.5002 15.32738197277579
VIREON-2
1 68421U 26067F   26145.38399419  .00003719  00000-0  18295-3 0  9994
2 68421  97.4503 104.2025 0001668  58.0826 302.0571 15.18625369  8489
6GSTARLAB
1 66683U 25276T   26145.45241245  .00002644  00000-0  13233-3 0  9997
2 66683  97.4249 219.2570 0007520  79.2204 280.9877 15.18248888 26956
ONEWEB-0608
1 54672U 22166AG  26145.57538125  .00000047  00000-0  81507-4 0  9991
2 54672  87.9263 248.4639 0002503  98.1505 261.9913 13.21824691168569
MENUT
1 55010U 23001B   26145.49499819  .00063813  00000-0  87584-3 0  9994
2 55010  97.3165 212.7734 0005749 176.1006 184.0295 15.57114414188869
IRIDE-MS2-HEO-14
1 68986U 26100G   26145.46807833  .00001488  00000-0  15320-3 0  9998
2 68986  97.7387  43.3484 0001768 142.8639 217.2702 14.91756547  3318
LONGJIANG 3
1 56874U 23082A   26145.48155565  .00019481  00000-0  46588-3 0  9999
2 56874  49.1070 162.2965 0005926 307.8180  52.2233 15.41390349165865
YAOGAN-35 03A
1 53316U 22088A   26145.48636308  .00204915  00000-0  10014-2 0  9993
2 53316  35.0078 194.7198 0011638 193.9927 166.0484 15.80640718214502
LEMUR-2-STAS-GORBUK
1 66686U 25276W   26145.14505490  .00005405  00000-0  26071-3 0  9993
2 66686  97.4252 219.0641 0006922  82.7641 277.4380 15.19087663 26918
ASTRID
1 23464U 95002B   26145.14688309  .00000084  00000-0  73929-4 0  9998
2 23464  82.9296  35.6858 0039988 211.4153 148.4613 13.73078592568872
ONEWEB-0655
1 54677U 22166AM  26145.51818451  .00000121  00000-0  26181-3 0  9992
2 54677  87.9252 248.4991 0002014  92.8532 267.2833 13.21825593168440
WILDFIRE 8
1 57768U 23133M   26145.42939343  .00000120  00000-0  96010-4 0  9993
2 57768  80.9966  28.8197 0006905  73.9918 286.1999 13.85419047137888
ONEWEB-0174
1 48072U 21025AG  26145.50695616  .00000053  00000-0  11012-3 0  9993
2 48072  87.8945 324.7374 0001846  95.5271 264.6069 13.13468620250859
ELISA W11
1 38007U 11076A   26145.46948175  .00000681  00000-0  10224-3 0  9992
2 38007  97.7656 142.6115 0001537  84.7617 275.3769 14.77533101773401
STARCLOUD-1
1 66303U 25248L   26145.56784144  .00004441  00000-0  20896-3 0  9997
2 66303  45.4007 241.7563 0007001 274.1439  85.8648 15.21036879 31090
YAOGAN 22
1 40275U 14063A   26145.44642009 -.00000002  00000-0  11979-3 0  9992
2 40275 100.7694 296.3446 0005875 238.3069 121.7470 13.15530512556821
YAOGAN 25B
1 40339U 14080B   26145.52575723  .00000022  00000-0  12684-3 0  9994
2 40339  63.3906   9.2964 0364931   8.8552 351.8682 13.45433413562582
GAOFEN 8
1 40701U 15030A   26145.55635531  .00019824  00000-0  42111-3 0  9998
2 40701  97.6922 337.5837 0007565 275.0744  84.9640 15.45031343607954
HULIANWANG DIGUI-134
1 67242U 25311G   26145.51596233 -.00000089  00000-0  76252-4 0  9999
2 67242  50.0018 197.0796 0001000 248.1181 111.9585 13.29322684 20329
ONEWEB-0468
1 51652U 22012AG  26145.13229945 -.00000330  00000-0 -98030-3 0  9990
2 51652  87.8857  40.8650 0001859  68.2142 291.9183 13.10378280206287
ONEWEB-0032
1 45141U 20008L   26145.39970881  .00000501  00000-0  13998-2 0  9996
2 45141  87.8851  40.8068 0002342  78.8766 281.2624 13.10371626305310
GAOFEN 5 01A
1 54640U 22165A   26145.52788557  .00000348  00000-0  86321-4 0  9999
2 54640  98.2347  83.0898 0003131  81.1894 278.9659 14.57675474184110
ENMAP
1 52159U 22033C   26145.50736463  .00000199  00000-0  37122-4 0  9992
2 52159  97.9784 228.0790 0001415  84.5801 275.5569 14.74963951223312
ONEWEB-0717
1 55178U 23004AQ  26145.32336958 -.00000979  00000-0 -25546-2 0  9993
2 55178  87.9163  10.4008 0002223  99.5669 260.5714 13.17643030164620
SENTINEL 1B
1 41456U 16025A   26145.49969035  .00001984  00000-0  16835-3 0  9995
2 41456  98.0913 205.3836 0016399 203.5191 156.5283 14.99083610540389
WREN-1
1 60478U 24149L   26145.21335459  .00019940  00000-0  49239-3 0  9998
2 60478  97.3765 229.1020 0003460   4.7702 355.3577 15.40535339 98788
WILDFIRE 7
1 57761U 23133E   26145.38635543  .00000108  00000-0  85592-4 0  9995
2 57761  81.0007  29.8286 0006403  92.2569 267.9320 13.85098029137831
CAPELLA-14 (ACADIA)
1 59444U 24066C   26145.01366003  .00015837  00000-0  89215-3 0  9993
2 59444  45.6051  17.5519 0006584 189.5359 170.5404 15.13118521108974
COSMOS 2208
1 22080U 92053A   26145.44359269  .00000084  00000-0  41127-4 0  9992
2 22080  74.0416 314.8218 0012403 152.3828 207.7983 14.31516798763380
TECHNOSAT
1 42829U 17042E   26145.37591099  .00003236  00000-0  23269-3 0  9999
2 42829  97.4268 303.9083 0018167 167.1884 192.9808 15.04797923483275
UME 2 (ISS-B)
1 10674U 78018A   26145.43856191 -.00000036  00000-0  21829-4 0  9993
2 10674  69.3631 297.1323 0161893 129.7967 263.8844 13.43713795367581
VENUS
1 42901U 17044B   26145.49988630  .00008679  00000-0  47568-3 0  9990
2 42901  97.2738 183.1188 0005178  84.8581 275.3243 15.14408986477526
ONEWEB-0208
1 48243U 21031AK  26145.40074705  .00000263  00000-0  67562-3 0  9993
2 48243  87.8944 294.2495 0001478 103.6880 256.4414 13.14501837245318
RESURS P4
1 59371U 24061A   26145.53394693  .00002766  00000-0  92040-4 0  9998
2 59371  97.2739  93.8314 0000670  87.8080 272.3239 15.31980423120294
TYCHE
1 60496U 24149AE  26145.51139046  .00004177  00000-0  16598-3 0  9993
2 60496  97.3755 223.6316 0002651  37.5443 322.5980 15.25859870 98440
GEESAT 2-04
1 58908U 24023D   26145.52694153  .00002130  00000-0  20461-3 0  9996
2 58908  49.9926  70.5253 0006451 311.7278  48.3114 14.97050700125932
COSMOS 829
1  8893U 76054E   26145.35666822 -.00000015  00000-0  50054-5 0  9992
2  8893  74.0027  14.6744 0026057 208.1092 327.0559 12.48679842276432
COSMOS 939
1 10282U 77079A   26145.47520090  .00000004  00000-0  12265-3 0  9991
2 10282  74.0220 163.6309 0018848 131.1026  22.5401 12.54292674205082
SAFIR 2
1 25399U 98043F   26145.39379006  .00000090  00000-0  57773-4 0  9999
2 25399  98.9757 131.9218 0002091 147.4032 212.7276 14.25613421448083
POLAR SCOUT KODIAK
1 43764U 18099G   26145.48807441  .00129167  00000-0  10207-2 0  9993
2 43764  97.4170 227.7151 0004345 260.3396  99.7376 15.70967736411361
CE-SAT IIB
1 46818U 20077F   26145.00094524  .00146537  10165-4  40710-3 0  9993
2 46818  97.1990 226.2160 0004311 204.3518 155.7555 15.93789971311585
ONEWEB-0301
1 49090U 21075R   26145.52202433 -.00000294  00000-0 -85137-3 0  9990
2 49090  87.8957 355.1622 0002012  78.2606 281.8749 13.12442144231591
SHIJIAN 6 05A (SJ-6 05A)
1 49961U 21122A   26145.50307200  .00001348  00000-0  11465-3 0  9998
2 49961  97.4058 115.1602 0000635 143.2348 216.8920 14.99379091245358
ONEWEB-0328
1 49197U 21083M   26145.44430767 -.00000227  00000-0 -65624-3 0  9996
2 49197  87.8949 324.7383 0001763  96.2634 263.8696 13.13468494227918
ONEWEB-0402
1 50482U 21132P   26145.10249233 -.00000035  00000-0 -12119-3 0  9997
2 50482  87.9170 340.0248 0002049  75.3528 284.7831 13.18687191218592
ONEWEB-0224
1 48794U 21045AD  26145.57729904  .00000002  00000-0 -29750-4 0  9995
2 48794  87.8993 263.7325 0001420 126.5940 233.5321 13.15549738241305
ORBASTRO-JEN1
1 69006U 26100AC  26145.25662910  .00004761  00000-0  22432-3 0  9993
2 69006  97.4074  43.4845 0006055  89.5361 270.6568 15.19971119  3326
COSMOS 1725
1 16493U 86005A   26145.44084668  .00000050  00000-0  36933-4 0  9993
2 16493  82.9339 200.0827 0020815 255.2670 115.3887 13.74920659 69072
COSMOS 1241
1 12149U 81006A   26145.42203292 -.00000071  00000-0  94490-5 0  9994
2 12149  65.8223 187.6678 0011039 187.6267 183.0650 13.72232394271682
M1
1 43779U 18099X   26145.40311564  .00003165  00000-0  21227-3 0  9991
2 43779  97.4403 189.1169 0014535 110.2022 250.0771 15.07466377408707
TUBSAT B
1 22971U 94003C   26145.35030073  .00000173  00000-0  41647-3 0  9992
2 22971  82.5607 101.9945 0014952 257.5740 222.5743 13.17155062554067
QIANFAN-90
1 63176U 25046T   26145.43764928  .00000109  00000-0  14977-3 0  9992
2 63176  88.9692 303.0425 0013811  19.8544 340.3141 13.51010689 69521
KUIPER-00521
1 68891U 26095AD  26145.57651956  .00027363  00000-0  72444-3 0  9991
2 68891  51.8863 351.5017 0000487 144.3480 215.7539 15.38166491  4257
ONEWEB-0061
1 45428U 20020E   26145.12697589  .00000418  00000-0  11444-2 0  9991
2 45428  87.8916  25.6433 0001777  80.1651 279.9678 13.11415047299601
COSMOS 2618
1 68829U 26090D   26145.49292409  .00032089  00000-0  15606-3 0  9990
2 68829  96.6463  64.0025 0017010 122.9341 237.3569 15.82140565  5082
ICEYE-X60
1 66753U 25276CR  26145.13992516  .00003497  00000-0  21762-3 0  9997
2 66753  97.4177 218.5091 0005097 110.8154 249.3622 15.10231534 26888
RASSVET-3 4
1 68363U 26061D   26145.15094659  .00486833  11666-3  54482-3 0  9999
2 68363  82.2968  37.4155 0019875 181.6102 178.5120 16.08971499  9958
ONEWEB-0552
1 56054U 23043J   26145.51482487 -.00000001  00000-0 -33383-4 0  9996
2 56054  87.9250 248.4953 0001832  95.9273 264.2070 13.21825230155231
GLOBALSTAR M084
1 38040U 11080A   26145.56664064 -.00000091  00000-0  69751-4 0  9993
2 38040  52.0009  86.1453 0000786  51.0688 120.2834 12.62267205665908
ONEWEB-0256
1 48974U 21060H   26145.49920225  .00000034  00000-0  55503-4 0  9991
2 48974  87.9100 233.2894 0002097  99.5621 260.5747 13.16596865236642
NUSAT-52
1 66692U 25276AC  26145.62684043  .00005124  00000-0  24493-3 0  9999
2 66692  97.4213 219.5572 0004733  95.4653 264.7121 15.19437966 26997
IRS P4 (OCEANSAT 1)
1 25758U 99029C   26145.41810772  .00000369  00000-0  94930-4 0  9991
2 25758  97.9681 119.4172 0002081 194.3121 165.8018 14.55257637430805
KUIPER-00048
1 64508U 25134J   26145.22800032  .00000450  00000-0  88031-4 0  9996
2 64508  51.8978 237.1212 0000289 110.4808 249.6186 14.79935115 51650
ONEWEB-0147
1 47293U 20100AM  26145.27637146  .00000247  00000-0  65106-3 0  9996
2 47293  87.8960 355.1985 0001681  81.7838 278.3482 13.12441584261569
XW-3 (CAS 9)
1 50466U 21131B   26145.49319105  .00000642  00000-0  21212-3 0  9992
2 50466  98.4963 238.0075 0004633 151.5162 208.6281 14.41332823231840
COSMOS 2195
1 22006U 92036A   26145.56902660  .00000035  00000-0  20524-4 0  9997
2 22006  82.9347  74.9349 0036556 339.6873 197.8449 13.75188450701029
ONEWEB-0555
1 56057U 23043M   26145.25618807  .00000063  00000-0  13159-3 0  9991
2 56057  87.9109 233.3236 0002499 110.5220 249.6179 13.16595581155942
ONEWEB-0139
1 47285U 20100AD  26145.29683957 -.00000359  00000-0 -10338-2 0  9992
2 47285  87.8957 355.2036 0001725  86.6083 273.5243 13.12443391261727
QIANFAN-80
1 63166U 25046H   26145.48709583  .00000035  00000-0  36202-4 0  9996
2 63166  88.9691 302.8307 0014144  27.5846 332.6053 13.51005297 69644
GLOBAL-33
1 66554U 25267A   26145.48343292  .00009502  00000-0  27092-3 0  9990
2 66554  42.0184 188.3308 0007128 106.3713 253.7910 15.36123831 28557
TPA-1
1 64533U 25135F   26145.57906367  .00003209  00000-0  14682-3 0  9996
2 64533  97.4660 260.7017 0003636 266.5752  93.5067 15.21241138 51418
METEOR 1-27
1  9903U 77024A   26145.46491484 -.00000059  00000-0 -41283-4 0  9997
2  9903  81.2726 159.6390 0039086  71.6227 288.9187 14.08733979524356
COSMOS 1930
1 18943U 88016G   26145.33033385  .00000004  00000-0  12141-3 0  9990
2 18943  74.0037 102.9604 0029136 135.6069  16.7335 12.56640753752560
PACE-1
1 48909U 21059AG  26145.06960311  .00069248  00000-0  44851-3 0  9995
2 48909  97.6793 340.6744 0002064  69.0646 291.0839 15.75841241274153
REAL
1 64875U 25154G   26145.62761418  .00021363  00000-0  70089-3 0  9992
2 64875  97.4046 213.9617 0001913 124.8017 235.3405 15.31625861 46592
COSMOS 2112
1 21014U 90111A   26145.50165034  .00000103  00000-0  45809-4 0  9996
2 21014  74.0474 346.3316 0027564 183.5849 176.5111 14.34309160854026
ZHANGHENG 1-02
1 64393U 25128A   26145.61851039 -.00000044  00000-0  11094-5 0  9993
2 64393  97.3570 272.9297 0012608 185.6894 174.4201 15.20971195 52493
COSMOS 2586
1 63289U 25054B   26145.49482068  .00000043  00000-0  23692-3 0  9995
2 63289  82.4913  92.6696 0022283  72.7492 287.6024 12.42876451 54034
ONEWEB-0531
1 54146U 22138AK  26145.35448909  .00000044  00000-0  76151-4 0  9998
2 54146  87.9173 278.9878 0002300 120.5329 239.6032 13.20772115176292
AE2A
1 64591U 25135BR  26145.49649013  .00003865  00000-0  34191-3 0  9998
2 64591  97.7659 260.8675 0006204  57.0283 303.1534 14.96880658 50561
KUIPER-00275
1 67793U 26030AF  26145.50003471  .00028123  00000-0  85967-3 0  9995
2 67793  51.8857 208.9847 0011620 321.9090  15.7732 15.33593648  5658
GEESAT 6-09
1 65721U 25214K   26145.47180022  .00001389  00000-0  19538-3 0  9997
2 65721  49.9859  53.5876 0008341 120.9109 239.2649 14.83281787 36136
COSMOS 2608
1 67682U 26023J   26145.13548509  .00010284  00000-0  41334-3 0  9998
2 67682  96.6266 211.8047 0021242 196.4411 163.6143 15.24873932 16483
SAUDICOMSAT 2
1 28370U 04025E   26145.97398985  .00000262  00000-0  79205-4 0  9994
2 28370  98.6645 157.5914 0054672 328.0507  31.7375 14.49965336156885
GYEONGGISAT-1
1 66771U 25276DK  26145.11356456  .00005051  00000-0  23465-3 0  9992
2 66771  97.4238 219.3792 0001135  33.9141 326.2167 15.20439303 26933
COSMOS 529
1  6264U 72087B   26145.43382887 -.00000016  00000-0  21708-5 0  9994
2  6264  74.0372  27.8850 0042172 172.2970   1.0721 12.57214496458130
JINJUSAT-1B
1 63210U 25052A   26145.43244937  .00016054  00000-0  51049-3 0  9998
2 63210  97.4031  42.1670 0004405 138.0517 222.1063 15.32683136 66619
TIANQI 34
1 62366U 24245B   26145.58572782  .00000060  00000-0  12912-3 0  9996
2 62366  44.9809  62.2954 0005487 285.0308  74.9917 13.99179109 73160
AII-BRAVO
1 48270U 21034C   26145.12513934  .00003036  00000-0  22842-3 0  9990
2 48270  97.5623 200.5644 0005503   1.5248 358.5993 15.03261346276153
COSMOS 444
1 05547U 71086A   26145.36832577  .00000014  00000-0  16143-3 0  9995
2 05547  74.0256 122.0742 0119282  44.6891 316.3704 12.62137923516147
FLOCK 4H 27
1 66730U 25276BS  26145.15540211  .00006075  00000-0  28387-3 0  9990
2 66730  97.4172 219.1654 0002045  84.5070 275.6399 15.20159844 26937
SOHLA-1 (MAIDO-1)
1 33496U 09002E   26145.49571314  .00000386  00000-0  65078-4 0  9995
2 33496  98.1416  50.0926 0007243  88.0584 272.1454 14.74998381930648
COSMOS 2088
1 20720U 90066A   26145.23704855 -.00000020  00000-0 -16199-4 0  9998
2 20720  73.6004  61.5722 0025942 292.6004 183.0189 12.40782305622306
QUBE
1 60476U 24149J   26145.20542691  .00023286  00000-0  47856-3 0  9994
2 60476  97.3772 231.2161 0000632 350.7443   9.3795 15.45992371 98919
ZHUHAI-1 03E
1 44539U 19060F   26145.51145552  .00016603  00000-0  41460-3 0  9991
2 44539  97.5583 294.6908 0007228 104.8902 255.3144 15.40218138372273
BIRKELAND
1 55015U 23001G   26145.46730358  .00008573  00000-0  21956-3 0  9995
2 55015  97.3355 213.3852 0007122 172.5158 187.6196 15.39613791188858
COSMOS 400
1  5050U 71020A   26145.53231543 -.00000081  00000-0 -12073-5 0  9993
2  5050  65.8253 248.2959 0009131 231.0989 140.8345 13.72204730764849
COSMOS 712
1 07679U 75016B   26145.38188111  .00000007  00000-0  14811-3 0  9992
2 07679  74.0006 152.8551 0050773 308.0402 163.0879 12.53465211344391
UNICORN-2L
1 58727U 23185R   26145.43852139  .00008417  00000-0  38364-3 0  9998
2 58727  97.5398 219.2740 0013539  38.7625 321.4579 15.20827014131331
LANDSAT 9
1 49260U 21088A   26145.46687471  .00000265  00000-0  68833-4 0  9996
2 49260  98.1858 215.9697 0001451  97.7775 262.3589 14.57115814247694
YAOGAN-34 02
1 52084U 22027A   26145.57815286 -.00000078  00000-0  19913-4 0  9995
2 52084  63.3977 259.1916 0049989 353.2331   6.8015 13.45459108205870
SKYKRAFT-1C
1 55061U 23001BE  26145.56560852  .00002915  00000-0  12015-3 0  9997
2 55061  97.3208 199.7231 0009404 218.9426 141.1136 15.24830299188039
LEMUR 2 SIERRINI
1 60579U 24149DR  26145.49879628  .00011190  00000-0  68483-3 0  9992
2 60579  97.6841 228.0007 0003863 241.4984 118.5857 15.10383679 97032
HULIANWANG DIGUI-90
1 65998U 25231D   26145.29391353 -.00000100  00000-0  51740-4 0  9996
2 65998  49.9997 257.7992 0000940 151.1180 208.9744 13.29325708 29844
OMNI-L2
1 52771U 22057AR  26145.42636420  .00001216  00000-0  16189-3 0  9991
2 52771  97.4725 209.3140 0007761  49.8208 310.3684 14.81298023217024
IRIDIUM 920
1 24871U 97034C   26145.53486908  .00000334  00000-0  95904-4 0  9997
2 24871  86.3969  69.2373 0012981  40.0214 320.1940 14.41877689515901
COSMOS 375
1  4598U 70091A   26145.07500299 -.00000031  00000-0  30289-4 0  9994
2  4598  62.8224  14.5222 0944388 182.7767 176.7762 12.97439367625585
ONEWEB-0714
1 54681U 22166AR  26145.54004517  .00000117  00000-0  25224-3 0  9992
2 54681  87.9254 248.4843 0001972  93.5055 266.6304 13.21827174168547
COSMOS 1736
1 16647U 86024A   26145.34718718 -.00000061  00000-0  25722-4 0  9991
2 16647  64.9891 349.4111 0054748 230.6463 301.8623 13.79564081 25259
ONEWEB-0303
1 49187U 21083B   26145.46499757  .00000041  00000-0  70915-4 0  9993
2 49187  87.9164 339.9792 0001994  90.4909 269.6452 13.18685446226989
COSMOS 1486
1 14240U 83079A   26145.33200288  .00000127  00000-0  53676-4 0  9993
2 14240  74.0566  92.8429 0013274  10.5084 107.3025 14.34863145238471
COSMOS 2523
1 42986U 17037E   26145.51725500  .00001986  00000-0  17769-3 0  9997
2 42986  97.4993 159.5857 0065545 306.8971  52.6255 14.95352068465576
TAURUS-1
1 44530U 19059C   26145.47060957  .00005260  00000-0  84976-3 0  9996
2 44530  98.6402 308.8960 0008588  32.2018 327.9710 14.71808064355300
NUSAT-33 (ALBANIA-2)
1 55047U 23001AQ  26145.47981366  .00008744  00000-0  32904-3 0  9993
2 55047  97.3087 206.8424 0008287 122.1041 238.1004 15.27326793188841
EXO-0
1 59175U 23174DK  26145.76827087  .00008654  00000-0  26327-3 0  9993
2 59175  97.3822 225.9129 0007712 243.8176 116.2274 15.34239158141604
IRIDIUM 42
1 25077U 97077A   26145.32996008  .00000323  00000-0  10307-3 0  9998
2 25077  86.3942  95.8658 0003054  84.1066 276.0479 14.36671939490314
GLOBALSTAR M067
1 32263U 07048A   26145.34415617 -.00000056  00000-0  30814-3 0  9995
2 32263  51.9710 114.7322 0001426 354.6807 170.8681 12.40689650851957
HJS-4A
1 58691U 23212A   26145.50459176 -.00000097  00000-0  55703-4 0  9995
2 58691  50.0010  66.8372 0001060  35.1546 324.9401 13.41455914118202
SKYKRAFT-3D
1 57956U 23084BZ  26145.37615803  .00102217  00000-0  63966-3 0  9996
2 57956  97.6067 302.4301 0002415 292.5905  67.5105 15.76525579151571
TANDEM X
1 36605U 10030A   26145.33543072  .00000363  00000-0  20465-4 0  9992
2 36605  97.4455 153.3668 0001594  90.0120 270.1297 15.19148812883174
WILDFIRE 2
1 57767U 23133L   26145.37189610  .00000208  00000-0  17314-3 0  9996
2 57767  80.9976  29.3420 0006732  85.6322 274.5603 13.85266900137847
NINGXIA-1 1
1 44779U 19076A   26145.52156244 -.00000089  00000-0  26883-4 0  9990
2 44779  45.0061 281.1404 0010394  49.1469 311.0265 14.02036299334676
YUNHAI 2-1D
1 43912U 18112D   26145.46727332  .00000052  00000-0  83617-4 0  9990
2 43912  50.0117  23.8752 0015342 266.3167  93.5994 14.29021396384335
SMDC ONE 2.4
1 39472U 13072L   26145.26817498  .00322946  47694-4  14481-2 0  9991
2 39472 120.4725  66.9049 0043290  39.3081 321.1153 15.82327902113262
IRIDIUM 165
1 43572U 18061D   26145.33484281  .00000041  00000-0  74038-5 0  9990
2 43572  86.3969  66.3570 0002122  82.2362 277.9075 14.34217961410113
GEN1A-1
1 69004U 26100AA  26145.25563530  .00002799  00000-0  13302-3 0  9994
2 69004  97.4072  43.4854 0006149  92.8721 267.3218 15.20010212  3339
OTTER PUP 2
1 64537U 25135K   26145.56611861  .00020560  00000-0  88315-3 0  9994
2 64537  97.4695 261.2130 0001730 229.3929 130.7157 15.22710919 51433
RADARSAT 2
1 32382U 07061A   26145.50719617  .00000174  00000-0  84496-4 0  9993
2 32382  98.5787 152.7642 0001292  83.1408 276.9921 14.29983257962710
COSMOS 2187
1 21976U 92030A   26145.43099997  .00000008  00000-0  14500-3 0  9998
2 21976  74.0002 140.1055 0050044  14.8250  98.6670 12.55736630557381
ONEWEB-0285
1 49075U 21075A   26145.34159451  .00000455  00000-0  12291-2 0  9991
2 49075  87.8959 355.2052 0001719  85.6424 274.4901 13.12441354232217
KUIPER-00054
1 64514U 25134Q   26145.42787959  .00003144  00000-0  44113-3 0  9992
2 64514  51.8973 238.7184 0000326 114.4230 245.6766 14.79944205 51641
HJS-9B
1 68832U 26091B   26145.43735931  .00011721  00000-0  56340-3 0  9991
2 68832  55.0009 121.1094 0010866   3.3559 356.7531 15.19233787  4743
OCEANSAT 2
1 35931U 09051A   26145.46704372  .00000392  00000-0  29348-3 0  9990
2 35931  98.2309 134.5869 0014610 305.5194  54.4609 13.99655321876158
ARCSTONE
1 64540U 25135N   26145.32371368  .00018062  00000-0  59051-3 0  9996
2 64540  97.4590 262.6577 0001995 248.9779 111.1249 15.31773974 51530
COSMOS 836
1 08923U 76061A   26145.61805785  .00000102  00000-0  45798-4 0  9990
2 08923  74.0548  16.5201 0018772 260.3057  99.5974 14.34103527606976
ONEWEB-0092
1 45437U 20020P   26145.42423872  .00000494  00000-0  13464-2 0  9994
2 45437  87.8915  25.5910 0001990  89.2045 270.9311 13.11953970299802
COSMOS 2567
1 55978U 23040A   26145.51988600  .00003426  00000-0  14149-3 0  9995
2 55978  97.5889  71.3673 0002264 113.9100 246.2375 15.24716931176606
COSMOS 1141
1 11585U 79090A   26145.41861966  .00000049  00000-0  34134-4 0  9996
2 11585  82.9500 207.9116 0028881 196.7798 173.5873 13.77196450322516
ONEWEB-0253
1 48971U 21060E   26145.50156412  .00000112  00000-0  25923-3 0  9998
2 48971  87.9095 233.2825 0002091  97.5455 262.5914 13.16600088236600
HAWK-C
1 43799U 18099AT  26145.40279535  .00007861  00000-0  28604-3 0  9997
2 43799  97.3907 198.7401 0040722   8.7386 351.4553 15.27715954410430
HULIANWANG DIGUI-137
1 67435U 26007A   26145.52683386 -.00000083  00000-0  88414-4 0  9990
2 67435  50.0057 167.1153 0000894 283.7144  76.3628 13.29325937 17776
GAOFEN DUOMO (GFDM)
1 45856U 20042A   26145.51038758  .00000477  00000-0  74893-4 0  9994
2 45856  97.7756 206.2204 0011810 140.3496 219.8580 14.76841962317669
ORBITER SN3
1 56960U 23084AE  26145.49963631  .00007912  00000-0  24088-3 0  9996
2 56960  97.6238 285.5699 0008946  59.7949 300.4178 15.34250969164016
IRIDE-MS2-HEO-4
1 64582U 25135BG  26145.58137553  .00001554  00000-0  15924-3 0  9995
2 64582  97.7701 260.2414 0003116  82.1132 278.0440 14.91887339 50525
ONEWEB-0038
1 45145U 20008Q   26145.12724864  .00000406  00000-0  11086-2 0  9999
2 45145  87.8923  25.6620 0002188  32.6163 327.5100 13.11414097307301
BLITS
1 35871U 09049G   26145.37171835  .00000008  00000-0  23540-4 0  9995
2 35871  98.7653 107.9292 0004097  43.1738 316.9760 14.22178581865235
ONEWEB-0567
1 55147U 23004H   26145.29806371  .00000073  00000-0  15181-3 0  9994
2 55147  87.9160 340.0278 0001490  95.3430 264.7873 13.18685815166687
FOSSASAT2E23
1 66788U 25276ED  26145.46069741  .00008417  00000-0  38058-3 0  9999
2 66788  97.4248 219.4879 0005675 186.9588 173.1569 15.21164956 26975
RASSVET-3 12
1 68371U 26061M   26145.81010083 -.00227888  00000-0 -28231-2 0  9994
2 68371  82.2940  37.9025 0013599 302.7658  57.2287 15.60646982  9980
HAWK-A
1 43765U 18099H   26145.57197815  .00006294  00000-0  25597-3 0  9995
2 43765  97.3932 198.1060 0034983   8.1654 352.0146 15.24319805409659
AAU CUBESAT
1 27846U 03031G   26145.45124541  .00000199  00000-0  10609-3 0  9996
2 27846  98.6850 154.2117 0008336 222.7760 137.2771 14.23948606188459
ITASAT
1 43786U 18099AE  26145.09569215  .00006696  00000-0  32508-3 0  9998
2 43786  97.4047 197.0718 0014206  76.6272 283.6545 15.18708379409406
KINEIS-5B
1 62085U 24219E   26145.50812800  .00000944  00000-0  13712-3 0  9995
2 62085  98.0046 309.4782 0001910  30.3239 329.8081 14.78273712 80656
COSMOS 1084
1 11299U 79024D   26145.35586615 -.00000001  00000-0  94676-4 0  9999
2 11299  74.0347 349.5683 0001814 156.7083  16.2717 12.50493420154252
FORMOSAT-8A
1 66666U 25276A   26145.47124425  .00001351  00000-0  11029-3 0  9995
2 66666  97.6548 220.0563 0006594   0.6857 359.4375 15.01078769 26658
PLEIADES 1B
1 39019U 12068A   26145.50956910  .00000366  00000-0  88661-4 0  9990
2 39019  98.1944 220.8731 0001386 102.0585 258.0769 14.58543776717542
METEOR 3M
1 27001U 01056A   26145.39587184 -.00000016  00000-0  35049-4 0  9998
2 27001  99.8237 331.4217 0012824 255.3721 167.4674 13.69041530221768
KORONAS-FOTON
1 33504U 09003A   26145.54640041  .00011550  00000-0  24233-3 0  9998
2 33504  82.4304 195.8677 0009284 228.9062 131.1385 15.45181376957603
COSMOS 2561
1 54109U 22137A   26145.52224649  .00013430  00000-0  23173-3 0  9996
2 54109  96.9205 205.3781 0011976 107.5026 252.7537 15.51047327202834
GEESAT 6-01
1 65713U 25214B   26145.15221189  .00001326  00000-0  18814-3 0  9990
2 65713  49.9872  55.3047 0012033 138.6670 221.5181 14.83182323 36089
LEMUR 2 TILLINFINITY
1 63356U 25061F   26145.35667089  .00003906  00000-0  21458-3 0  9990
2 63356  97.5595 121.4724 0017191 332.0336  27.9970 15.14587879 64183
COSMOS 2606
1 67680U 26023G   26145.59617442  .00009468  00000-0  38142-3 0  9994
2 67680  96.6168 212.0685 0021025 197.8067 162.2438 15.24820635 16556
HOTSAT-2
1 68465U 26067BB  26145.62333909  .00003008  00000-0  15387-3 0  9991
2 68465  97.4512 104.3485 0004520 129.9584 230.2047 15.17389372  8511
COSMOS 876
1 09593U 76118F   26145.41403759 -.00000019  00000-0 -25810-4 0  9992
2 09593  74.0331  25.4298 0047535 192.6506 340.8556 12.41327548241374
COSMOS 2499
1 39765U 14028E   26145.50685537  .00000003  00000-0 -35356-4 0  9992
2 39765  82.4489 267.7312 0232274  55.1003 307.1690 12.82902544562117
COSMOS 1293
1 12642U 81074G   26145.29806619  .00000003  00000-0  11242-3 0  9990
2 12642  74.0327  92.5859 0035472  33.6252 119.3086 12.56719555 55194
RUBIN 4/SL-8
1 27940U 03042B   26145.43700053  .00000422  00000-0  80123-4 0  9997
2 27940  98.3868 322.8081 0014236  70.9572 289.3174 14.69461200211221
COSMOS 2360
1 25406U 98045A   26145.49780285 -.00000293  00000-0 -13215-3 0  9995
2 25406  70.7330 326.0706 0007097   8.7682 351.3560 14.12431363434830
SKYKRAFT-1A
1 55054U 23001AX  26145.43163342  .00005273  00000-0  18969-3 0  9992
2 55054  97.3235 203.1552 0008956 202.9470 157.1371 15.29001229188249
QIANFAN-102
1 66044U 25233M   26145.21902480  .00000127  00000-0  17746-3 0  9997
2 66044  89.0024  45.4209 0002053  73.4191 286.7185 13.51006315 30133
KUIPER-00129
1 65958U 25228M   26145.32144041  .00002129  00000-0  30809-3 0  9996
2 65958  51.9007   9.2405 0000858 103.9390 256.1668 14.79939421 34755
KUIPER-00221
1 67147U 25301Q   26145.25544360  .00003110  00000-0  43670-3 0  9991
2 67147  51.9005 102.0439 0000785  74.4260 285.6789 14.79934068 24865
SHERPA-LTC2
1 53754U 22107BG  26145.47107120  .00007810  00000-0  39209-3 0  9998
2 53754  53.2341 316.4765 0396764 162.4787 199.0339 14.69333597199201
ONEWEB-0701
1 61607U 24188P   26145.40288676  .00000391  00000-0  10846-2 0  9996
2 61607  87.8854  40.8004 0000985  81.1983 278.9256 13.10370701 80325
VSP ROSE
1 59124U 24043AC  26145.52067294  .00003830  00000-0  14091-3 0  9999
2 59124  97.5581 281.5711 0009867 334.6197  25.4556 15.28465269123524
WILDFIRE 10
1 57766U 23133K   26145.37220655  .00000120  00000-0  95654-4 0  9997
2 57766  81.0042  29.3884 0007482  66.8500 293.3445 13.85602712137880
LYNK TOWER 5
1 59121U 24043Z   26145.37862561  .00005275  00000-0  18172-3 0  9998
2 59121  97.5603 282.4538 0010153 335.2350  24.8402 15.30435472123553
LASARSAT
1 62391U 24247Q   26145.61416263  .00031257  00000-0  65791-3 0  9996
2 62391  44.9758  28.9158 0006800 205.6385 154.4168 15.44767006 79821
KUIPER-00146
1 65967U 25228W   26145.29307053 -.00001982  00000-0 -23099-3 0  9997
2 65967  51.9053   4.4754 0000996 116.4563 243.6502 14.79930052 34810
COSMOS 534
1  6269U 72087G   26145.55773698 -.00000009  00000-0  41193-4 0  9997
2  6269  74.0360  69.6535 0076453 169.3331   3.6111 12.63677566470776
QIANFAN-34
1 61567U 24185R   26145.47882265  .00000403  00000-0  25356-3 0  9996
2 61567  88.9808  59.8866 0005941 148.7871 211.3663 14.02451948 92309
XINGCHI-1 02A
1 58496U 23187A   26145.48609087  .00001312  00000-0  16328-3 0  9993
2 58496  97.9259 228.4801 0010826 212.9174 147.1367 14.84190197133755
LEMUR 2 EMERSONROSE
1 63261U 25052BD  26145.46402913  .00003939  00000-0  33070-3 0  9999
2 63261  97.6949  39.0782 0003731  96.9514 263.2133 14.98899283 65339
COSMOS 1324
1 12979U 81116E   26145.42033100 -.00000017  00000-0 -14941-4 0  9999
2 12979  73.9846  22.8340 0087837 235.7222 298.5151 12.29739632997125
LEMUR 1
1 40044U 14033AL  26145.38721011  .00002162  00000-0  25358-3 0  9991
2 40044  97.7850 295.7048 0049184 151.5959 208.7953 14.85129329642084
HULIANWANG DIGUI-128
1 67236U 25311A   26145.40739089 -.00000090  00000-0  72543-4 0  9999
2 67236  50.0068 197.2419 0001004 248.3647 111.7118 13.29322710 20313
ORBCOMM FM 4
1 25159U 98007C   26145.40171035  .00000832  00000-0  33078-3 0  9992
2 25159 107.9624 122.5261 0040557   4.1934 355.9539 14.35689433473328
CAPELLA-15 (ACADIA)
1 60544U 24149CE  26145.59365873  .00006153  00000-0  60458-3 0  9994
2 60544  97.6771 219.0601 0005124 142.6299 217.5278 14.92493713 96484
CANX-6
1 32784U 08021B   26145.18145596  .00002181  00000-0  16662-3 0  9998
2 32784  97.9085 124.1090 0010158 200.3194 159.7627 15.03033112980671
SKYSAT C6
1 42992U 17068F   26145.38257181  .00009111  00000-0  27937-3 0  9994
2 42992  97.4536 282.7706 0001966 190.4014 169.7188 15.33999640478823
COSMOS 1479
1 14177U 83069G   26145.48707260  .00000003  00000-0  13372-3 0  9990
2 14177  74.0225 152.9726 0023931 313.5851 200.2118 12.46104207950878
HEALTHSAT 1
1 22827U 93061E   26145.13481773  .00000139  00000-0  67490-4 0  9995
2 22827  98.6415 213.6317 0010040  95.4665 293.1153 14.32537087704790
PRAETORIAN SDA_614
1 65577U 25203N   26145.13114466  .00000079  00000-0  60025-4 0  9999
2 65577  81.3030  31.9725 0006152 253.5240 106.5242 13.84775466 35525
IRIDIUM 151
1 43074U 17083E   26145.48313732  .00000060  00000-0  14308-4 0  9992
2 43074  86.3958 331.5550 0002112  89.2745 270.8693 14.34217813440885
FORMOSAT 3B
1 29048U 06011B   26145.38320012  .00000342  00000-0  14349-3 0  9991
2 29048  71.9661 266.5459 0043522 240.9155 118.7621 14.31369518 53515
COSMOS 1752
1 16762U 86042E   26145.36505161  .00000002  00000-0  11933-3 0  9999
2 16762  74.0167 100.2016 0011097  49.3091  70.9034 12.47017152819475
ONEWEB-0660
1 55820U 23029AA  26145.36743345 -.00000112  00000-0 -33645-3 0  9999
2 55820  87.8948 294.2472 0001755  86.6407 273.4924 13.14502268156404
TIANQI 26
1 59910U 24102B   26145.51541476  .00000100  00000-0  15656-3 0  9991
2 59910  44.9749   2.4323 0009657 135.2166 224.9448 13.99174877101739
ONEWEB-0101
1 48049U 21025H   26145.44262329 -.00000246  00000-0 -70762-3 0  9994
2 48049  87.8941 324.7580 0001631  92.1771 267.9545 13.13468861250513
FLOCK 4BE 34
1 60495U 24149AD  26145.22943124  .00014598  00000-0  36291-3 0  9990
2 60495  97.3777 229.3943 0003372  32.6711 327.4744 15.40399404 98796
COSMOS 1476
1 14174U 83069D   26145.56344598 -.00000017  00000-0 -75028-5 0  9992
2 14174  74.0257 263.5470 0011120 209.6328 166.2896 12.52544002960970
COSMOS 339
1  4386U 70036D   26145.50919287 -.00000001  00000-0  97082-4 0  9998
2  4386  74.0264 170.5939 0015468 189.7224 338.1837 12.51875690562568
CONTECSAT-1
1 59117U 24043V   26145.49056922  .00008589  00000-0  24576-3 0  9998
2 59117  97.5610 285.8803 0009132 321.8710  38.1887 15.36172274123766
FORMOSAT 3F
1 29052U 06011F   26145.53586762  .00000316  00000-0  13315-3 0  9992
2 29052  72.0331  68.5834 0039594 202.3773 157.5640 14.31597246 49546
VIGORIDE 3
1 52760U 22057AE  26145.41455392  .00005319  00000-0  20350-3 0  9998
2 52760  97.6572 284.7948 0008103 194.6187 165.4818 15.26999915221686
COSMOS 1745
1 16727U 86037A   26145.43905022  .00000068  00000-0  56313-4 0  9996
2 16727  82.9561 122.2862 0029887 267.8121 204.0137 13.74420125  6046
METEOR M2-2
1 44387U 19038A   26145.48486429  .00000067  00000-0  48996-4 0  9993
2 44387  98.9142 132.4369 0002392  82.9433 277.2017 14.24358973358068
ONEWEB-0370
1 49296U 21090T   26145.36963030  .00000067  00000-0  13284-3 0  9994
2 49296  87.9176 278.9893 0001806 108.1016 252.0314 13.20773661226854
VINDLER 2.3
1 68486U 26067BY  26145.37339056  .00001707  00000-0  17439-3 0  9999
2 68486  97.7569 103.9767 0002460  69.1652 290.9830 14.91884278  8327
COSMOS 1014
1 10931U 78056B   26145.46805516 -.00000025  00000-0 -73383-4 0  9990
2 10931  74.0288  45.2663 0033370 305.0935 228.0817 12.40492394171995
YAOGAN 8
1 36121U 09072A   26145.42090307 -.00000084  00000-0 -13073-3 0  9995
2 36121 100.2212  31.1341 0021381  17.1823 343.0004 13.05082380785704
USA 81
1 21949U 92023A   26145.36194460  .00000163  00000-0  52928-4 0  9992
2 21949  85.0069  87.1794 0002460 104.2875 255.8591 14.32390701105764
STELLA
1 22824U 93061B   26145.49400556 -.00000046  00000-0 -26379-6 0  9993
2 22824  98.7735 209.6629 0005473 309.5467 175.4791 14.27469698701532
KINEIS-1D
1 60082U 24114D   26145.54051894  .00000581  00000-0  91288-4 0  9998
2 60082  97.9887 165.9229 0000214 129.3376 230.7853 14.76222448103785
QIANFAN-12
1 60390U 24140M   26145.50045458  .00000088  00000-0  11733-3 0  9992
2 60390  88.9698 282.2913 0015177  94.4075 265.8810 13.51008324 89357
TIANHUI 5C
1 60211U 24126A   26145.36404178  .00000363  00000-0  45956-4 0  9991
2 60211  97.8212 153.2414 0001565  90.6642 269.4753 14.87574030102496
COSMOS 1926
1 18939U 88016C   26145.40755272 -.00000006  00000-0  66139-4 0  9999
2 18939  74.0073  13.1112 0012536 274.8277 259.0688 12.48857143741795
COSMOS 2039
1 20233U 89074B   26145.43627413  .00000005  00000-0 -32686-4 0  9991
2 20233  82.5814 198.6386 0015321  53.7722 317.0235 12.66283226695727
ONEWEB-0421
1 50496U 21132AD  26145.47848251  .00000042  00000-0  73916-4 0  9996
2 50496  87.9166 339.9763 0002150  82.2588 277.8788 13.18685396218620
COSMOS 1751
1 16761U 86042D   26145.37760351 -.00000005  00000-0  76054-4 0  9993
2 16761  74.0161 176.8450 0023633 136.9248 253.0501 12.44893072816329
GEESAT 4-10
1 65128U 25170K   26145.50329678  .00001322  00000-0  19241-3 0  9993
2 65128  49.9779 232.2905 0025609 204.3769 155.5959 14.82001907 43698
TIANQI 37
1 67476U 26010A   26145.46952120 -.00000018  00000-0  75808-4 0  9998
2 67476  44.9805 182.8176 0013079 223.8150 136.1646 13.99159475 18218
HULIANWANG DIGUI-163
1 68137U 26047J   26145.38313778 -.00000088  00000-0  78358-4 0  9994
2 68137  50.0044 137.6165 0000177  10.4720 349.6156 13.29330662 10042
COSMOS 2011
1 19905U 89025D   26145.38137847 -.00000018  00000-0 -10383-4 0  9997
2 19905  74.0102 261.1568 0020903 175.7159 241.6302 12.52210707699063
ONEWEB-0647
1 56079U 23043AK  26145.38399213  .00000156  00000-0  38108-3 0  9990
2 56079  87.8989 263.7711 0001912  95.3623 264.7725 13.15547255153422
FLOCK 4H 16
1 66719U 25276BF  26145.17777848  .00005979  00000-0  28476-3 0  9998
2 66719  97.4240 219.1404 0006028  89.2531 270.9394 15.19490180 26923
CAPELLA-18 (ACADIA)
1 67385U 26004Y   26145.25724553  .00001563  00000-0  18219-3 0  9991
2 67385  97.8000 144.1999 0001640  91.7295 268.4108 14.86631343 19879
KESTREL-0A
1 64624U 25138D   26145.43640100  .00008552  00000-0  36845-3 0  9996
2 64624  97.4408 149.7913 0012719 196.0166 164.0670 15.22756042 50484
FLOCK 4H 6
1 66709U 25276AV  26145.17541318  .00005213  00000-0  24526-3 0  9991
2 66709  97.4233 219.2801 0004532  68.7938 291.3781 15.19980266 26934
INTASAT
1  7531U 74089C   26145.51777928 -.00000031  00000-0  96283-4 0  9995
2  7531 101.9939 157.6536 0011345 183.2259 343.8079 12.53529621357439
ONEWEB-0150
1 48047U 21025F   26145.47817266  .00000286  00000-0  74769-3 0  9994
2 48047  87.8948 324.7375 0001962  95.4398 264.6955 13.13468986250560
CARTOSAT-1
1 28649U 05017A   26145.52934963  .00001173  00000-0  12408-3 0  9991
2 28649  97.5320 169.6216 0002532 108.7207 251.4287 14.90979652140449
CXBN
1 38762U 12048E   26145.38900096  .00011809  00000-0  47421-3 0  9994
2 38762  64.6608 255.7731 0093566 180.1210 179.9911 15.21312651114819
KUIPER-00018
1 63733U 25088K   26145.23383135 -.00001686  00000-0 -19218-3 0  9998
2 63733  51.9029 122.1078 0000415  78.4897 281.6112 14.79931033 58828
SAL-E
1 68458U 26067AU  26145.83151479  .00007628  00000-0  38485-3 0  9992
2 68458  97.4464 104.4967 0007141 136.5564 223.6234 15.17383527  8542
LEMUR 2 BALTO
1 63395U 25052BH  26145.43850276  .00005269  00000-0  43042-3 0  9991
2 63395  97.6886  39.3227 0005087 114.0626 246.1130 14.99804364 65352
ICEYE-X11
1 48918U 21059AR  26145.48784738  .00160864  11672-4  53095-3 0  9995
2 48918  97.6370 341.9248 0002686  69.8393 290.3168 15.90452296274370
ESSAIM-2
1 28495U 04049D   26145.46978356  .00001332  00000-0  14102-3 0  9991
2 28495  98.2295  51.5362 0001799 132.4109 227.7261 14.90964889157157
METEOR 1-13
1 06256U 72085A   26145.33065369  .00000217  00000-0  11679-3 0  9991
2 06256  81.2710 175.0108 0027357 195.6411 164.3918 14.09475968751652
FLOCK 4H 13
1 66716U 25276BC  26145.13134018  .00005499  00000-0  25556-3 0  9990
2 66716  97.4226 219.3242 0002252  68.4909 291.6567 15.20389760 26935
KUIPER-00253
1 68584U 26072M   26145.50003471 -.02196771  00000-0 -10543+0 0  9993
2 68584  51.8785 287.0095 0007223 301.7898  73.7163 15.22192414  4426
FLOCK 4G 28
1 62634U 25009AB  26145.49523762  .00008142  00000-0  24674-3 0  9994
2 62634  97.4022 229.9661 0002686  62.9062 297.2455 15.34406304 75601
FLOCK 4H 12
1 66715U 25276BB  26145.48462913  .00006255  00000-0  29205-3 0  9991
2 66715  97.4193 219.5325 0003359  69.2799 290.8796 15.20169689 27297
GEESAT 1-01
1 52785U 22058A   26145.45517948  .00001707  00000-0  24427-3 0  9992
2 52785  49.9945 307.4570 0022675 174.4027 185.7168 14.81288124216567
ONEWEB-0545
1 54647U 22166F   26145.55688194  .00000112  00000-0  23977-3 0  9992
2 54647  87.9254 248.4844 0002478  94.4911 265.6506 13.21826181168510
SHIYAN 27B
1 63600U 25078B   26145.50434988  .00000027  00000-0  99286-4 0  9993
2 63600  99.6913 153.0452 0001160  80.2989 279.8280 13.57244100 54459
FOSSASAT2E22
1 66779U 25276DU  26145.12812497  .00004458  00000-0  22088-3 0  9993
2 66779  97.4188 218.7726 0004763 201.4341 158.6694 15.18260365 26905
COSMOS 567
1  6678U 73037D   26145.42872404  .00000006  00000-0  13807-3 0  9994
2  6678  74.0156 148.8152 0045066  12.9480 138.2960 12.54107023424471
COSMOS 1394
1 13381U 82073G   26145.12835214 -.00000008  00000-0  53867-4 0  9992
2 13381  74.0126 179.6644 0013890 199.5291 217.4076 12.45191847992966
COSMOS 1624
1 15482U 85006A   26145.50190352  .00000082  00000-0  38545-4 0  9991
2 15482  74.0422 235.1710 0013462 125.5013 245.6112 14.33963212161017
AEROCUBE 16B
1 59291U 24053D   26145.51516612  .00014726  00000-0  33638-3 0  9991
2 59291  49.9905  80.1648 0001987 233.9713 126.1066 15.43028443117683
COSMOS 1299
1 12783U 81081A   26145.34729830 -.00000053  00000-0  30753-4 0  9994
2 12783  65.1140 141.2259 0041030 202.7019 157.2230 13.85537240264115
STEP CUBE LAB-II
1 52897U 22065D   26145.50212194  .00000706  00000-0  14618-3 0  9994
2 52897  98.2198 289.4780 0009921  95.6143 264.6190 14.63260146208187
GEESAT 3-02
1 61012U 24159B   26145.51002909  .00001303  00000-0  18117-3 0  9993
2 61012  49.9930 188.5060 0019371 328.1326  31.8439 14.84151503 93428
COSMOS 2352
1 25363U 98036A   26145.37147429 -.00000009  00000-0 -12694-3 0  9996
2 25363  82.5947  16.5712 0351904 312.1352 224.5152 12.20138016244518
GEESAT 6-08
1 65720U 25214J   26145.46408805  .00001416  00000-0  19862-3 0  9998
2 65720  49.9923  53.6923 0009455 125.9725 234.2091 14.83268576 36134
KUIPER-00158
1 65776U 25217Q   26145.46655284  .00003729  00000-0  50262-3 0  9995
2 65776  51.8971  65.3914 0000927  32.7742 327.3279 14.81211946 36228
BRO-1
1 44495U 19054A   26145.20216418  .00158072  00000-0  78720-3 0  9997
2 44495  44.9964  66.0326 0009284 162.1182 198.0050 15.80670729376094
FAST
1 24285U 96049A   26145.17283177  .00004160  00000-0  31407-3 0  9992
2 24285  82.9499  55.1066 1736764 156.6978 212.3615 11.82799849229947
JUGNU
1 37839U 11058B   26145.51765956  .00000410  00000-0  74348-4 0  9992
2 37839  19.9607  86.1454 0018606 185.5391 330.0267 14.13769201755816
LMRST-SAT
1 40971U 15058H   26145.56287932  .00003043  00000-0  27956-3 0  9992
2 40971  64.7768 345.5816 0131150  67.5027 293.9908 14.90446227110181
GLOBALSTAR M029
1 25963U 99062C   26145.54384858 -.00000085  00000-0  20250-4 0  9991
2 25963  51.9802 248.7148 0002663  81.7104 291.4549 11.99910719210222
HAWK-5A
1 52757U 22057AB  26145.39771439  .00018468  00000-0  32552-3 0  9990
2 52757  97.6575 302.7963 0005983 145.8497 214.3139 15.50458106222813
OPS 0203 (DMSP 5A F2)
1 04512U 70070A   26145.40713809  .00000197  00000-0  81058-4 0  9999
2 04512  98.8786  93.2442 0063221 152.2605 208.1976 14.36518865908354
LEGION 3
1 60452U 24146A   26145.46241485  .00002556  00000-0  14495-3 0  9990
2 60452  44.9997 152.4146 0007555  22.9136 337.2078 15.15837928 98577
ION SCV-013
1 58300U 23174AW  26145.49199279  .00001791  00000-0  11815-3 0  9998
2 58300  97.6170 200.8715 0097229 273.3180  85.6927 15.05001626138122
ONEWEB-0010
1 44058U 19010B   26145.25142175  .00000050  00000-0  97664-4 0  9998
2 44058  87.9106 233.3345 0001634  99.1897 260.9419 13.16593225348591
APRIZESAT 3
1 35686U 09041F   26145.42769520  .00001939  00000-0  17136-3 0  9998
2 35686  98.2035 297.5668 0062726 141.4267 219.1459 14.96151275912978
COSMOS 1474
1 14172U 83069B   26145.62859206 -.00000001  00000-0  91270-4 0  9992
2 14172  74.0243 102.1210 0032749  28.9162 144.7213 12.56675844967447
YUXING-3 06
1 68199U 26052B   26145.64461303  .00004008  00000-0  24595-3 0  9993
2 68199  97.5332 220.7764 0013175  34.2536 325.9541 15.10621936 10646
HULIANWANG DIGUI-156
1 68130U 26047B   26145.36641249 -.00000088  00000-0  78213-4 0  9992
2 68130  50.0011 138.1626 0000243 356.8583   3.2287 13.29330592 10023
LKW-1
1 43034U 17077A   26145.50801841  .00007999  00000-0  33696-3 0  9995
2 43034  97.1004 180.9486 0001603 105.9190 254.2225 15.23591104471249
ONEWEB-0063
1 45448U 20020AA  26145.13233505  .00000170  00000-0  44272-3 0  9999
2 45448  87.8917  25.6536 0001945  90.6683 269.4667 13.11413886299674
COSMOS 1174
1 11765U 80030A   26145.53031080  .00005069  00000-0  23633-3 0  9999
2 11765  66.0805 289.0036 0467268 120.9455 243.8449 14.57870926375620
SHIYAN 5 (SY-5)
1 39455U 13068A   26145.47978103  .00000063  00000-0  30534-4 0  9999
2 39455  98.0756  17.7987 0014695  18.3612 341.8107 14.43666843658354
HULIANWANG DIGUI-38
1 64959U 25159D   26145.49226049  .00000066  00000-0  12001-3 0  9998
2 64959  86.4943 290.1416 0001892  97.9354 262.1995 13.24406288 40128
GAOFEN-5 02
1 49122U 21079A   26145.54042034  .00000474  00000-0  11395-3 0  9994
2 49122  98.2606 220.0114 0002317  72.2520 287.8931 14.57680684250781
POPACS 3
1 39270U 13055F   26145.02675237  .00013856  00000-0  32809-3 0  9993
2 39270  81.0015 254.2845 0554383 140.4308 223.8766 14.55547465635189
EXCITE
1 43819U 18099BP  26145.56105169  .00001714  00000-0  11997-3 0  9996
2 43819  97.3983 185.2231 0020069  71.0682 289.2719 15.06388661408340
YAM-13
1 68993U 26100P   26145.26953099  .00001528  00000-0  15746-3 0  9997
2 68993  97.7393  43.1492 0002503 188.4171 171.7006 14.91683403  3282
FOX-1
1 40967U 15058D   26145.54620242  .00003062  00000-0  27967-3 0  9993
2 40967  64.7765 349.3386 0129440  65.4886 295.9658 14.90820633110198
HAIYANG 1
1 27430U 02024A   26145.32912606  .00000239  00000-0  10352-3 0  9999
2 27430  98.7274 107.1943 0009385 138.9009 221.2883 14.33136416254554
KUIPER-00476
1 68874U 26095L   26145.55186094  .00022678  00000-0  64316-3 0  9999
2 68874  51.8750 352.0632 0008614 213.7642 146.2797 15.36108712  4246
GAOFEN 7
1 44703U 19072A   26145.50927821  .00003972  00000-0  17930-3 0  9993
2 44703  97.2441 207.8260 0018182 113.6529 246.6618 15.21395732364193
TIANMU-1 18
1 58703U 24004D   26145.50565743  .00005074  00000-0  19577-3 0  9994
2 58703  97.4666 331.6764 0005619  78.9905 281.1966 15.26737191132317
COSMOS 2158
1 21729U 91068B   26145.50690087  .00000037  00000-0  14447-3 0  9991
2 21729  82.5835 325.6503 0006225 103.6838 269.8590 12.64070178598852
COSMOS 1087
1 11302U 79024G   26145.46953903  .00000002  00000-0  12768-3 0  9995
2 11302  74.0334 310.1450 0037559 263.8150 125.4847 12.42877846141217
ONEWEB-0329
1 49107U 21075AJ  26145.32504873  .00000050  00000-0  94805-4 0  9991
2 49107  87.9155  10.4155 0001852  89.3239 270.8105 13.17650815230571
HORUS 2
1 55844U 23032A   26145.52741324  .00005833  00000-0  24727-3 0  9996
2 55844  97.3538 221.3818 0003329 122.5403 237.6157 15.23505160178030
IRIDE-MS2-HEO-2
1 64569U 25135AT  26145.55125875  .00001643  00000-0  16121-3 0  9990
2 64569  97.7728 260.0902 0003124  81.8054 278.3520 14.93556881 50504
GCOM-C
1 43065U 17082A   26145.43456368  .00000105  00000-0  60914-4 0  9993
2 43065  98.6280 219.3764 0001224  97.4498 262.6822 14.27283895438692
MONITOR-E/SL-19
1 27840U 03031A   26145.42097867  .00000099  00000-0  43978-4 0  9992
2 27840  98.6287 125.0913 0097845  50.0143 310.9585 14.39819211202723
COSMOS 2616
1 68827U 26090B   26145.49825494  .00035234  00000-0  17586-3 0  9998
2 68827  96.6464  63.9958 0017925 121.4152 238.8874 15.81540295  5081
GLOBALSTAR M086
1 38045U 11080F   26145.44366794 -.00000103  00000-0  23636-5 0  9991
2 38045  51.9917  37.6446 0001431  25.3583 145.3897 12.62286092666787
JILIN-01 GAOFEN 3F
1 46458U 20065E   26145.47128906  .00044472  00000-0  58122-3 0  9997
2 46458  97.2235 195.0363 0012394 222.7828 137.2465 15.58436740316162
NUSAT-40 (C SHOEMAKER)
1 56943U 23084M   26145.51648176  .00067774  00000-0  52752-3 0  9995
2 56943  97.4847 290.3045 0002249 303.1796  56.9251 15.71535422165248
ONEWEB-0017
1 45132U 20008B   26145.39790975  .00000563  00000-0  15759-2 0  9995
2 45132  87.8849  40.8055 0001618  78.1982 281.9327 13.10371445304967
QIANFAN-116
1 68643U 26075H   26145.90995150  .00000051  00000-0  46286-4 0  9999
2 68643  88.9882 323.2893 0011254  66.9723 293.2623 13.66202733  6790
COSMOS 768
1  8292U 75086H   26145.43839125  .00000010  00000-0  17690-3 0  9997
2  8292  74.0065 143.7564 0013302 323.3911 204.0775 12.46115219305663
ONEWEB-0068
1 45446U 20020Y   26145.11172367  .00000498  00000-0  13703-2 0  9990
2 45446  87.8919  25.6529 0001929  76.9941 283.1402 13.11417238299576
ONEWEB-0525
1 54143U 22138AG  26145.41637419 -.00001787  00000-0 -44958-2 0  9993
2 54143  87.9159 309.5027 0001628  88.2366 271.8954 13.19734355173822
NINGXIA-1 4
1 44782U 19076D   26145.54825199 -.00000207  00000-0 -50136-4 0  9999
2 44782  45.0086 280.9980 0012407  14.8266 345.2929 14.02066583334646
RAY 1.0
1 62627U 25009U   26145.31897385  .00002811  00000-0  13140-3 0  9995
2 62627  97.3989 224.0600 0008663   7.3814 352.7548 15.20577367 75201
HULIANWANG DIGUI-57
1 65114U 25168J   26145.46552369 -.00000081  00000-0  92417-4 0  9994
2 65114  50.0027  46.8351 0009830  36.3681 323.7857 13.29321735 39684
HAWK-7A
1 56191U 23054P   26145.24378708  .00001387  00000-0  54901-4 0  9995
2 56191  97.2740  33.1646 0004861 105.9286 254.2489 15.27075871173521
COSMOS 1655
1 15751U 85041A   26145.57438666  .00000063  00000-0  52385-4 0  9996
2 15751  82.9488  83.2935 0027056 156.7568  15.9896 13.71935058 51598
COSMOS 1562
1 15001U 84052D   26145.32517257  .00000001  00000-0  11236-3 0  9993
2 15001  74.0134 346.6091 0015068 158.2442  14.5708 12.49965402915926
SDX01
1 62459U 24253A   26145.55493613  .00064127  00000-0  61758-3 0  9996
2 62459  54.9928  94.3336 0006415  98.4478 261.7290 15.65973301 78988
YAOGAN-35 05B
1 53761U 22109B   26145.31084726  .00017640  00000-0  46470-3 0  9997
2 53761  34.9779  96.5292 0006544 310.0226  49.9918 15.37609631207346
ONEWEB-0389
1 50469U 21132A   26145.34192715 -.00000013  00000-0 -66759-4 0  9996
2 50469  87.9154  10.4116 0002195  89.0007 271.1376 13.17650765215077
KUIPER-00039
1 64500U 25134A   26145.00653776  .00001510  00000-0  22706-3 0  9999
2 64500  51.9001 255.6295 0000357 113.8412 246.2588 14.79936619 51378
QIANFAN-42
1 62243U 24232G   26145.50904111  .00000297  00000-0  12164-3 0  9994
2 62243  89.0079  18.7192 0012617 270.1905  89.7842 14.24601952124684
GLOBAL-31
1 63027U 25033B   26145.11755245  .00013185  00000-0  34588-3 0  9998
2 63027  59.0000  49.3978 0014291  54.6532 305.5878 15.38942201 70778
MISR-C-1
1 68628U 26074B   26145.69133268  .00009050  00000-0  38036-3 0  9992
2 68628  60.0223 264.6558 0022062   0.0042   0.1034 15.23916810  7347
COSMOS 1763
1 16860U 86052A   26145.57334364  .00000104  00000-0  41993-4 0  9990
2 16860  74.0333 248.1868 0031547 261.6738  98.0839 14.39318136 90558
FOSSASAT2E20 (TAT-O)
1 63003U 25009DN  26145.12642113  .00012929  00000-0  46065-3 0  9993
2 63003  97.3173 221.3663 0004182  72.9671 287.2027 15.29046883132981
DEMOSAT/FALCON 1
1 33393U 08048A   26145.09966271  .00002611  00000-0  16233-3 0  9997
2 33393   9.3465 348.8998 0010181  14.1422 345.9062 14.96568470959455
PIAST-M
1 66758U 25276CW  26145.16031043  .00005016  00000-0  23604-3 0  9990
2 66758  97.4191 219.2042 0002397  76.0714 284.0788 15.19997369 26937
BRO-18
1 64550U 25135Y   26145.56769759  .00005052  00000-0  22575-3 0  9994
2 64550  97.4600 260.7813 0001129  55.8154 304.3189 15.21785346 51439
KUIPER-00172
1 65785U 25217Z   26145.41154877  .00002016  00000-0  31617-3 0  9993
2 65785  51.8984  41.2413 0000975 176.1300 183.9669 14.76656586 36557
NOAA 2 (ITOS-D)
1  6235U 72082A   26145.55495141 -.00000024  00000-0  14083-3 0  9993
2  6235 102.0083 163.8781 0003935 207.6309 319.7539 12.53214196452117
KAZEOSAT 1
1 39731U 14024A   26145.47161488  .00000304  00000-0  10562-3 0  9995
2 39731  98.3206 218.4832 0001568  85.7169 274.4200 14.42069833635280
COSMOS 1287
1 12636U 81074A   26145.54889106 -.00000028  00000-0 -89764-4 0  9997
2 12636  74.0336 233.5137 0030302  42.8448 317.4954 12.44354660 35618
CENTISPACE-1 S5
1 54020U 22126A   26145.46844359  .00000714  00000-0  17503-3 0  9996
2 54020  54.9995 303.8701 0013422  29.1377 331.0363 14.62966167193715
HMU-SAT2
1 67688U 98067YE  26145.95908179  .00056426  00000-0  67871-3 0  9996
2 67688  51.6296  45.1385 0009667 102.2509 257.9567 15.60228869 16745
QIANFAN-115
1 68642U 26075G   26145.91187588  .00000036  00000-0  32398-4 0  9999
2 68642  88.9890 323.3066 0009497  66.1816 294.0334 13.57992717  6787
FLOCK 4BE 1
1 60518U 24149BC  26145.14927857  .00017399  00000-0  41356-3 0  9992
2 60518  97.3780 229.9250 0004099  39.4953 320.6592 15.41717753 98825
SENTINEL-1D
1 66315U 25251A   26145.46984997  .00000388  00000-0  91933-4 0  9998
2 66315  98.1825 153.1497 0001341  88.8882 271.2471 14.59198849 29415
OPS 8180 (STP RADSAT)
1  6217U 72076B   26145.37394168  .00000566  00000-0  10127-3 0  9998
2  6217  98.6488 127.9776 0010436  96.6492 263.5901 14.70997235835436
PHISAT 2
1 60470U 24149C   26145.43129446  .00006712  00000-0  22897-3 0  9995
2 60470  97.3755 224.7805 0001200  38.8654 321.2673 15.30672178 98517
JILIN-01 GAOFEN 3D 27
1 52444U 22048B   26145.50445251  .00091050  00000-0  74957-3 0  9999
2 52444  97.5685 257.4828 0004712 136.0192 224.1446 15.70096698225916
PRAETORIAN SDA_620
1 65583U 25203U   26145.40792072  .00000115  00000-0  93903-4 0  9993
2 65583  81.3050  31.8821 0006594 249.0472 110.9979 13.83615554 35545
ONEWEB-0209
1 48215U 21031F   26145.40709295  .00000247  00000-0  63171-3 0  9995
2 48215  87.8933 294.2561 0001805 105.1645 254.9685 13.14503687245384
ORBCOMM FM 109
1 40086U 14040A   26145.49720373  .00000214  00000-0  81619-4 0  9996
2 40086  47.0018 198.7618 0000938 164.5350 195.5564 14.58815802631034
AURA
1 28376U 04026A   26145.45873395  .00000668  00000-0  14522-3 0  9997
2 28376  98.3406 101.7266 0001539  71.5395 288.5973 14.61288003162890
COSMOS 2604
1 67678U 26023E   26145.60363200  .00010419  00000-0  42056-3 0  9990
2 67678  96.6222 209.6446 0017584 207.5920 152.4389 15.24794618 16561
PROPCUBE 1
1 40976U 15058N   26145.09403758  .00002796  00000-0  26832-3 0  9997
2 40976  64.7761   6.8014 0129954  69.9714 291.5333 14.89072711112824
CENTISPACE-2 S4
1 68353U 26060D   26145.44382986 -.00000039  00000-0  25632-4 0  9996
2 68353  54.9818 128.8174 0010260  91.8869 268.3305 14.73265720  9411
TOMORROW-S5
1 63234U 25052AA  26145.26549980  .00004106  00000-0  18178-3 0  9992
2 63234  97.4017  38.3124 0005341 220.5281 139.5558 15.22196275 66358
BRO-11
1 58264U 23174J   26145.51179759  .00004383  00000-0  16757-3 0  9991
2 58264  97.3907 222.5677 0008660 290.2023  69.8285 15.27096262141296
STEX
1 25489U 98055A   26145.50545284  .00000410  00000-0  96578-4 0  9990
2 25489  84.9829 348.6310 0010409 129.7043 230.5079 14.51826996460046
QIANFAN-49
1 62250U 24232P   26145.44631094  .00000093  00000-0  12558-3 0  9993
2 62250  89.0100  24.7827 0016220  81.8155 278.4835 13.51007902 89949
HAWK-11A
1 62382U 24247F   26145.12452237  .00006000  00000-0  21298-3 0  9995
2 62382  44.9952  54.8463 0003134  78.4500 281.6736 15.29976771 79475
KUIPER-00232
1 67148U 25301R   26145.23783274  .00003339  00000-0  46723-3 0  9994
2 67148  51.8991  87.1558 0001210  85.5967 274.5134 14.79890998 25062
ONEWEB-0153
1 48044U 21025C   26145.39014662  .00000079  00000-0  18255-3 0  9999
2 48044  87.8940 324.7650 0001768  94.2260 265.9071 13.13469520250551
SPACEMOBILE-005
1 61046U 24163B   26145.13433743  .00022468  00000-0  10191-2 0  9995
2 61046  52.9733  55.3805 0009842  54.4943 305.6968 15.20720001 94251
OTTER SDM
1 66680U 25276Q   26145.62693264  .00005554  00000-0  26910-3 0  9994
2 66680  97.4210 219.3917 0007546  82.2325 277.9766 15.18913864 26982
OPS 7613 (P/L 1)
1 04256U 69082B   26145.07424754  .00000086  00000-0  95968-4 0  9998
2 04256  70.0109  14.6680 0017043  96.4845 263.8204 13.99190624887239
COSMOS 1559
1 14998U 84052A   26145.45429670 -.00000023  00000-0 -49539-4 0  9996
2 14998  74.0120 213.1028 0025313 155.8952 216.1432 12.43979864906718
KINEIS-1E
1 60083U 24114E   26145.32918838 -.00000113  00000-0 -80285-5 0  9994
2 60083  97.8953 169.1023 0001150 297.7133  62.3963 14.80581459104000
SUNSAT
1 25636U 99008C   26145.43257738  .00000224  00000-0  62332-4 0  9993
2 25636  96.4730  27.5580 0142986  41.0788 320.1071 14.46458553435942
NPP
1 37849U 11061A   26145.50301895  .00000066  00000-0  52227-4 0  9993
2 37849  98.7947  86.5352 0002580  52.2968 307.8441 14.19511998755229
PIESAT-2 12
1 62336U 24241D   26145.53455164  .00008449  00000-0  46758-3 0  9992
2 62336  97.5244  93.2776 0002333  85.9491 274.2007 15.14093199 79374
SINOD-D 1
1 40974U 15058L   26145.53753164  .00010066  00000-0  49664-3 0  9990
2 40974  64.7598 246.8415 0078296  56.7100 304.1492 15.15674653112185
ICON
1 44628U 19068A   26145.38239974  .00003155  00000-0  19101-3 0  9990
2 44628  26.9825 175.5213 0013186 319.7814  40.1772 15.06796073362594
COSMOS 1800
1 17144U 86092G   26145.58000774  .00000005  00000-0  12721-3 0  9992
2 17144  74.0131  92.9806 0047062 123.3789  50.2508 12.57046333812950
OPS 7613 (P/L 6)
1 04295U 69082G   26145.42730069  .00000010  00000-0  46283-4 0  9992
2 04295  70.0101 158.0598 0020618 184.6148 175.4771 13.95593762882310
BASIL
1 65301U 25185E   26145.20947610  .00005458  00000-0  74660-3 0  9991
2 65301  97.9642 228.8119 0016841 151.1961 209.0183 14.78838041 40448
ONEWEB-0282
1 49000U 21060AK  26145.52533987  .00000006  00000-0 -16887-4 0  9993
2 49000  87.9102 233.2796 0001841 100.8083 259.3256 13.16595583236625
COSMOS 2429
1 32052U 07038A   26145.50301316  .00000040  00000-0  26260-4 0  9991
2 32052  82.9819 222.5958 0037032 299.7475  59.9998 13.75165031938531
ORBCOMM FM 30
1 25980U 99065A   26145.36636720  .00000577  00000-0  23498-3 0  9992
2 25980  45.0318 268.9705 0006882 270.3856  89.6205 14.38115955383690
COSMOS 1161
1 11696U 80012F   26145.36328745 -.00000011  00000-0  33628-4 0  9999
2 11696  74.0196 193.2079 0022663 264.2343  95.6121 12.45172264103772
QIANFAN-140
1 69086U 26104P   26145.25153006  .00000087  00000-0  32742-4 0  9999
2 69086  88.9865 344.2387 0002817 172.2791 187.8444 14.22142742  1830
COSMOS 823
1  8873U 76051A   26145.46107837  .00000064  00000-0  52165-4 0  9992
2  8873  82.9647 153.0754 0020963 279.8860 233.0852 13.73537081504021
PALISADE
1 44634U 19069A   26145.39841138 -.00000162  00000-0 -48825-3 0  9992
2 44634  87.8852 284.2995 0010837 122.7038 237.5137 13.11904159316127
METEOR 2-21
1 22782U 93055A   26145.44011589  .00000049  00000-0  31099-4 0  9992
2 22782  82.5478 312.8151 0020932 272.6175 146.7151 13.84027127652906
GLOBALSTAR M044
1 25678U 99019C   26145.46175588 -.00000094  00000-0 -14957-3 0  9992
2 25678  51.9949 198.3332 0005879 337.3128  36.0299 11.90262984212086
COSMOS 1536
1 14699U 84013A   26145.39258907  .00005451  00000-0  21804-3 0  9999
2 14699  82.5463  31.5424 0014832  19.8325 340.3485 15.24774679284300
SACI 1
1 25941U 99057B   26145.36229560  .00000381  00000-0  10013-3 0  9992
2 25941  98.6374 193.0947 0008489  17.2358 342.9125 14.54885789409321
METEOR 1-16
1  7209U 74011A   26145.22889191  .00000043  00000-0  15307-4 0  9996
2  7209  81.2283  52.2304 0039624 106.8235 253.7290 14.14544550691994
ONEWEB-0294
1 49083U 21075J   26145.53557153 -.00000349  00000-0 -10061-2 0  9999
2 49083  87.8959 355.1634 0001485  91.6994 268.4305 13.12442638231609
KUIPER-00175
1 67135U 25301C   26145.19412804  .00004272  00000-0  43878-3 0  9998
2 67135  51.8951  75.8322 0001059  54.0050 306.1015 14.92194281 25294
IRIDE FM3
1 66697U 25276AH  26145.45140284  .00006968  00000-0  32228-3 0  9991
2 66697  97.4187 219.5690 0002925  69.5966 290.5583 15.20459269 26983
AETHER-3
1 67374U 26004M   26145.22942297  .00000636  00000-0  75219-4 0  9997
2 67374  97.7997 144.2113 0003463 183.7033 176.4158 14.87996944 19883
IRS 1B
1 21688U 91061A   26145.52139154 -.00000199  00000-0 -10687-3 0  9996
2 21688  99.4110 152.9035 0024995  65.9635  97.7594 13.97869604665325
COSMOS 874
1  9591U 76118D   26145.37288278 -.00000019  00000-0 -28468-4 0  9994
2  9591  74.0305 266.9895 0032674  65.9156 350.2051 12.44003278246160
POPACS 2
1 39269U 13055E   26145.49192958  .00010939  00000-0  18791-3 0  9999
2 39269  80.9912 170.1633 0418053 266.7825  88.5495 14.90653610659833
COSMOS 546
1 06350U 73005A   26145.39015656  .00001127  00000-0  50392-4 0  9996
2 06350  50.6356 274.2266 0014832 201.4553 158.5793 15.30047919939736
YUBELEINY
1 32953U 08025A   26145.56460836  .00000016  00000-0  43736-4 0  9997
2 32953  82.5059   9.5136 0019840   3.8242 356.2986 12.43178367816880
HULIANWANG DIGUI-111
1 66921U 25285G   26145.49684301 -.00000097  00000-0  57655-4 0  9998
2 66921  50.0117 227.2588 0001009 214.2712 145.8095 13.29325456 23044
PNEO4
1 49070U 21073E   26145.46092766  .00000918  00000-0  12324-3 0  9994
2 49070  97.8928 220.5504 0001464  91.7594 268.3786 14.81672693258005
KUIPER-00286
1 68590U 26072T   26145.11390090  .00030611  00000-0  79650-3 0  9997
2 68590  51.8746 288.2868 0004485 282.8180  77.2306 15.38634482  7830
TSX-5
1 26374U 00030A   26145.43522206  .00017468  00000-0  92571-3 0  9990
2 26374  68.9155  36.8282 0430606  85.9525 279.0695 14.60507747319237
YAOGAN-37
1 55244U 23006C   26145.56628260  .00005159  00000-0  26746-3 0  9992
2 55244  43.1967 247.9858 0018144 232.6917 127.2280 15.16960632186447
KUIPER-00259
1 67786U 26030Y   26145.41180738  .00001413  00000-0  23223-3 0  9999
2 67786  51.8980 218.4705 0001513 103.9774 256.1355 14.76356843 16758
COSMOS 1506
1 14450U 83108A   26145.39125969  .00000073  00000-0  57985-4 0  9994
2 14450  82.9290 288.5311 0044048  65.9888 312.8794 13.76538959954523
ONEWEB-0085
1 45438U 20020Q   26145.39485945 -.00000390  00000-0 -11359-2 0  9998
2 45438  87.8909  25.6017 0001787  81.8098 278.3233 13.11417261299684
MKA-FKI 1
1 38711U 12039E   26145.58517876  .00000124  00000-0  72118-4 0  9990
2 38711  98.9692 262.1121 0010668 229.9409 130.0834 14.25418919719624
YAOGAN-36 02A
1 54042U 22133A   26145.50103928  .00010674  00000-0  43482-3 0  9994
2 54042  35.0061 262.4431 0028322 351.4874   8.5358 15.23329801201290
COSMOS 1508
1 14483U 83111A   26145.44394191  .00005975  00000-0  37778-3 0  9998
2 14483  82.8778 267.8713 0673312 167.6441 194.2224 14.07390198118137
COSMOS 1670
1 15930U 85064A   26145.54739979 -.00000072  00000-0  15403-4 0  9999
2 15930  64.9389 198.6989 0051686  46.1507 314.3807 13.83878694 50624
IRS P2
1 23323U 94068A   26145.58636411  .00000077  00000-0  52625-4 0  9990
2 23323  98.8950 195.8325 0001093  99.3686 260.7616 14.24660912641847
KUIPER-00135
1 65961U 25228Q   26145.31875199  .00002325  00000-0  33381-3 0  9990
2 65961  51.9023  11.8322 0000866 104.8516 255.2542 14.79937945 34719
IRIDIUM 36
1 24967U 97056C   26145.42053329  .00000308  00000-0  95646-4 0  9996
2 24967  86.3984  29.1206 0002238  78.7818 281.3632 14.37927869501391
ONEWEB-0544
1 55144U 23004E   26145.54592850  .00000036  00000-0  58811-4 0  9990
2 55144  87.9159 339.9771 0001608  87.4398 272.6918 13.18685658166710
OPS 8314 (2)
1 06822U 72079C   26145.38722650 -.00000009  00000-0  18834-4 0  9992
2 06822  95.6408  15.9643 0030151 153.6090  20.9390 12.55629872456841
IRAS
1 13777U 83004A   26145.44294464  .00000183  00000-0  15162-3 0  9995
2 13777  99.0536 327.2883 0019042  33.3613 326.8747 14.00908813883197
IRIS-F3
1 62619U 25009L   26145.18379737  .00005386  00000-0  20773-3 0  9997
2 62619  97.4046 226.2086 0007675  55.0949 305.1010 15.26704684 75318
KUIPER-00151
1 65771U 25217K   26145.49847395  .00002754  00000-0  39009-3 0  9992
2 65771  51.9022  63.4620 0001145  80.4589 279.6503 14.79942451 36257
GONETS M 09 (M19)
1 40062U 14036B   26145.46959990  .00000161  00000-0  10897-2 0  9990
2 40062  82.5100 321.7755 0022779 203.0886 156.9172 12.42950622539634
QIANFAN-47
1 62248U 24232M   26145.49566441  .00000108  00000-0  14862-3 0  9995
2 62248  89.0097  24.7584 0016872  84.2195 276.0879 13.51009982121359
THEOS
1 33396U 08049A   26145.49343073  .00000503  00000-0  25597-3 0  9995
2 33396  98.5582 203.5127 0001318  86.0873 274.0454 14.20130937914749
ICEYE-X66
1 66301U 25248J   26145.32841182  .00003739  00000-0  24921-3 0  9997
2 66301  45.4014 253.9496 0006163 261.1984  98.8200 15.08860800 32054
STARLING 4
1 57386U 23100A   26145.47028947  .00001431  00000-0  10273-3 0  9999
2 57386  99.5106 157.9096 0006562 176.1130 184.0143 15.06578477156481
COSMOS 1290
1 12639U 81074D   26145.58770619 -.00000018  00000-0 -12934-4 0  9996
2 12639  74.0335 250.5651 0015165 215.0426 155.5826 12.52834583 48833
CP4
1 31132U 07012Q   26145.41216248  .00001223  00000-0  22162-3 0  9990
2 31132  98.4359 129.6433 0072186  36.1366 324.4684 14.66573356 17013
HST
1 20580U 90037B   26145.51837330  .00005856  00000-0  18543-3 0  9990
2 20580  28.4733 235.4743 0001291 249.5122 110.5335 15.30484310785096
COSMOS 516
1  6154U 72066A   26145.55689963 -.00000084  00000-0  43937-5 0  9990
2  6154  64.8110 248.6747 0053427 105.4823 255.2141 13.77811203704802
ONEWEB-0659
1 54678U 22166AN  26145.53499506  .00000143  00000-0  31386-3 0  9998
2 54678  87.9253 248.4958 0001973 102.5540 257.5815 13.21827340168530
ONEWEB-0342
1 49208U 21083Y   26145.32081042  .00000104  00000-0  22440-3 0  9995
2 49208  87.9174 278.9956 0001777  98.8375 261.2960 13.20772331233765
SDA_1664
1 65974U 25230A   26145.52045766  .00000156  00000-0  13912-3 0  9997
2 65974  81.3003 233.1483 0001326 102.9826 257.1476 13.79935896 30647
COSMOS 1034
1 11042U 78091A   26145.41266933 -.00000027  00000-0 -72755-4 0  9996
2 11042  74.0355 230.2775 0037023  72.0313   2.2672 12.53200300179395
COSMOS 2091
1 20736U 90070B   26145.52219587  .00000036  00000-0  14307-3 0  9998
2 20736  82.5782 342.6420 0003930 148.3401 238.8513 12.62559657649455
OPS 7898 (P/L 2)
1 05680U 71110C   26145.46964560 -.00000016  00000-0  35987-4 0  9991
2 05680  69.9910  49.8027 0009059 213.7480 146.3039 13.74756717345098
COSMOS 332
1  4369U 70028A   26145.42641573  .00000219  00000-0  59756-4 0  9997
2  4369  74.0355 307.7141 0005756 185.2440 174.8663 14.53182643964795
FLOCK 4Q 35
1 58309U 23174BF  26145.20351982  .00033561  00000-0  49889-3 0  9999
2 58309  97.3877 236.5066 0005590 212.4737 147.6174 15.55087339142239
PTD-4
1 60565U 24149DB  26145.51643743  .00020993  00000-0  94889-3 0  9997
2 60565  97.6961 233.8918 0004414 123.5424 236.6232 15.20961922 97377
METEOR 3-3
1 20305U 89086A   26145.43173378  .00000708  00000-0  21626-2 0  9999
2 20305  82.5493 122.7352 0005931 211.6381 315.6676 13.04704240743648
KOMPSAT 2
1 29268U 06031A   26145.54797466 -.00000033  00000-0  22185-5 0  9993
2 29268  97.8314 331.0905 0015236 140.8183 304.4273 14.64641857 58163
COSMOS 1743
1 16719U 86034A   26145.52480478  .00036625  00000-0  37501-3 0  9992
2 16719  82.5289 352.7910 0004544  22.0294 338.1159 15.64804880192245
FENGYUN 3D
1 43010U 17072A   26145.52491149 -.00000037  00000-0  43815-5 0  9995
2 43010  99.0117 119.5396 0002507  99.5634 260.5825 14.19733898441775
ISS (ZARYA)
1 25544U 98067A   26145.42220529  .00009654  00000-0  18076-3 0  9993
2 25544  51.6330  52.7989 0007470  96.3597 263.8242 15.49365963568228
LEMUR 2 PETERG
1 42841U 17042S   26145.26045974  .00019029  00000-0  60244-3 0  9998
2 42841  97.3995 330.2733 0004958  74.2931 285.8858 15.32784587484927
IRIDIUM 152
1 43479U 18047D   26145.35729501 -.00000060  00000-0 -28660-4 0  9991
2 43479  86.3947  97.8773 0002278  87.4847 272.6610 14.34217324419216
COSMOS 1323
1 12978U 81116D   26145.51109278 -.00000023  00000-0 -59141-4 0  9996
2 12978  73.9848  43.8176 0090375 260.0700 274.5151 12.29207260996264
INDEX
1 28810U 05031B   26145.34270775  .00005229  00000-0  31902-3 0  9997
2 28810  98.0112 268.2893 0019705 185.5407 174.5606 15.10647679127546
KUIPER-00072
1 64819U 25151D   26145.15518867  .00002124  00000-0  30751-3 0  9999
2 64819  51.8965 304.9193 0000707 126.5752 233.5276 14.79935746 46873
ONEWEB-0257
1 48975U 21060J   26145.53165797  .00000155  00000-0  37179-3 0  9994
2 48975  87.9105 233.2692 0001898  96.5061 263.6286 13.16593938236603
NIMBUS 4
1 04362U 70025A   26145.56740602 -.00000028  00000-0  28177-4 0  9997
2 04362  99.9620  66.8845 0008168  55.6328 117.2110 13.44754338753809
COSMOS 2392
1 27470U 02037A   26145.64426382 -.00000325  00000-0 -16844-2 0  9992
2 27470  63.3982  94.8349 0620235 359.1873 172.4918 12.06807326 50578
COSMOS 1722
1 16455U 86002G   26145.42872208  .00000003  00000-0  11981-3 0  9994
2 16455  73.9865 168.5792 0045788 174.2690 296.8104 12.54042218848201
COSMOS 1190
1 11869U 80056A   26145.54294920  .00000117  00000-0  50754-4 0  9991
2 11869  74.0465  77.4977 0014617 283.7857  76.1668 14.34647616377040
RADIO 2
1 11086U 78100C   26145.30122656  .00000003  00000-0 -69357-4 0  9993
2 11086  82.5510  57.2764 0013067  18.1695 110.2768 11.96753428 78171
DS-EO
1 52935U 22072A   26145.41105568  .00004975  00000-0  22421-3 0  9994
2 52935   9.9945 354.1624 0004164 335.6280  24.3739 15.13647729215055
BRO-13
1 59107U 24043K   26145.49342928  .00001141  00000-0  10551-3 0  9996
2 59107  97.8462 276.4452 0010172  77.5695 282.6663 14.96528120121229
GLOBALSTAR M081
1 37743U 11033E   26145.32193741 -.00000099  00000-0  25519-4 0  9995
2 37743  51.9962 265.2604 0000551 119.3014 258.9153 12.62264450687054
SJ-16
1 39358U 13057A   26145.51679818  .00001276  00000-0  12667-3 0  9998
2 39358  74.9736  39.6188 0016948 282.9735  76.9561 14.92544402682965
SUPERVIEW-1 03
1 43099U 18002A   26145.47180447  .00015538  00000-0  39707-3 0  9990
2 43099  97.3131 230.3584 0046168 262.0748  97.5256 15.38430211464871
HAWK-8C
1 59449U 24066H   26145.05360381  .00001028  00000-0  10229-3 0  9991
2 59449  45.6093  37.1704 0003444 294.2132  65.8389 14.99022004116356
SUPERVIEW NEO-1 02
1 52322U 22043C   26145.54185267  .00004742  00000-0  24856-3 0  9996
2 52322  97.3407 219.0674 0003145  73.0559 287.1018 15.16233888226144
MUSAT2
1 59099U 24043B   26145.37058335  .00006044  00000-0  39389-3 0  9996
2 59099  97.8574 283.4973 0008210  60.5349 299.6697 15.08272463121659
COSMOS 2058
1 20465U 90010A   26145.50118286  .00002529  00000-0  14603-3 0  9991
2 20465  82.4681 331.7310 0010729  71.4163 288.8231 15.11858295953843
YUNYAO-1 18
1 58758U 24009A   26145.20923646  .00013456  00000-0  57957-3 0  9993
2 58758  49.9919 267.4626 0004929 200.5349 159.5408 15.22817684131344
COSMOS 1083
1 11298U 79024C   26145.44222218 -.00000023  00000-0 -47585-4 0  9996
2 11298  74.0339 256.5988 0014890 336.4245  88.9168 12.52616100158032
RUNNER-1 (TYVAK-1005)
1 56953U 23084X   26145.35333807  .00009911  00000-0  27379-3 0  9996
2 56953  97.6205 286.5995 0008582  44.0436 316.1490 15.37233882164093
SSU 1
1 08835U 76038C   26145.23561442  .00000140  00000-0  12666-3 0  9992
2 08835  63.3619 325.7859 0385101 179.5819 180.5627 13.83093638355647
AISSAT 1
1 36797U 10035C   26145.22143655  .00001370  00000-0  12366-3 0  9999
2 36797  98.0951  43.6555 0009944 125.7448 234.4699 14.97250981860783
ONEWEB-0330
1 49108U 21075AK  26145.34883196  .00000004  00000-0 -22066-4 0  9992
2 49108  87.9155  10.4306 0001745  92.3598 267.7733 13.17648596230613
TIUNGSAT 1
1 26548U 00057D   26145.51820921  .00001573  00000-0  13249-3 0  9991
2 26548  64.5450 197.9443 0041566 293.5070  66.1680 15.01527263392829
COSMOS 1999
1 19790U 89009F   26145.50043059  .00000040  00000-0  15712-3 0  9999
2 19790  82.6186 341.2288 0018555 274.9016  99.1862 12.65750226722383
ONEWEB-0649
1 55812U 23029S   26145.41323928  .00000116  00000-0  25635-3 0  9999
2 55812  87.9150 309.5137 0001636  86.5409 273.5911 13.19726501155924
COSMOS 718
1 07685U 75016H   26145.56400350 -.00000026  00000-0 -65224-4 0  9999
2 07685  74.0037 249.4858 0038333  59.9245 312.7860 12.51394489340564
ONEWEB-0670
1 55829U 23029AK  26145.37694879 -.00000027  00000-0 -10612-3 0  9990
2 55829  87.8930 294.2922 0002029  86.3424 273.7938 13.14501825156434
ISS (NAUKA)
1 49044U 21066A   26145.42220529  .00009654  00000-0  18076-3 0  9999
2 49044  51.6330  52.7989 0007470  96.3597 263.8242 15.49365963568117
CORVUS BC4
1 43767U 18099K   26145.09767972  .00003455  00000-0  20315-3 0  9990
2 43767  97.4086 188.7558 0010078  83.8816 276.3563 15.12274382408914
COSMOS 682
1  7440U 74072F   26145.42841955 -.00000002  00000-0  90830-4 0  9998
2  7440  74.0348 301.3932 0008708  83.4833 340.4182 12.51299103360639
COSMO
1 68460U 26067AW  26145.37206935  .00010543  00000-0  53134-3 0  9990
2 68460  97.4481 104.0551 0007327 134.6423 225.5409 15.17322994  8476
ONEWEB-0300
1 49089U 21075Q   26145.30940404 -.00000320  00000-0 -92444-3 0  9990
2 49089  87.8959 355.2058 0002113  80.8697 279.2670 13.12443485232208
COSMOS 2582
1 62903U 25026B   26145.73272492  .00001112  00000-0  99654-4 0  9991
2 62903  81.9948  97.4075 0011319 124.8050 235.4236 14.94923051 70851
ALOS
1 28931U 06002A   26145.35618649  .00000898  00000-0  15809-3 0  9992
2 28931  98.1313 100.9977 0002134  74.2749 285.8692 14.69994968 84744
LEMUR-2 CALLUM-K-J
1 67366U 26004D   26145.40574071  .00004488  00000-0  49412-3 0  9993
2 67366  97.8017 144.3282 0007997 199.5449 160.5462 14.88038938 19904
ION SCV-017
1 63230U 25052W   26145.43855624  .00004039  00000-0  15141-3 0  9994
2 63230  97.3935  40.8138 0023534 127.5394 232.7989 15.27571707 66569
OSCAR 25
1 19419U 88074A   26145.42378475  .00000075  00000-0  11122-3 0  9991
2 19419  90.0428  20.8725 0097231 138.3771  34.4874 13.42654578848369
KUIPER-00031
1 63744U 25088W   26145.61503251  .00001666  00000-0  26819-3 0  9996
2 63744  51.9002 114.0697 0001649  46.1704 313.9393 14.76383289 58963
HULIANWANG DIGUI-50
1 65107U 25168B   26145.52386432 -.00000073  00000-0  10945-3 0  9995
2 65107  50.0012  47.0994 0009321  21.6889 338.4377 13.29317496 39676
ONEWEB-0184
1 48211U 21031B   26145.39280339  .00000229  00000-0  58416-3 0  9998
2 48211  87.8952 294.2442 0001036  87.7458 272.3791 13.14501694245290
TIANQI 35
1 62367U 24245C   26145.49537585  .00000048  00000-0  12069-3 0  9998
2 62367  44.9856  62.6840 0010523 261.9861  97.9778 13.99184157 73164
FENGYUN 3C
1 39260U 13052A   26145.49891295  .00000069  00000-0  55927-4 0  9993
2 39260  98.4969 120.4177 0015877  88.6767 271.6226 14.15749007655357
TIANQI 39
1 67478U 26010C   26145.46961145  .00000064  00000-0  12210-3 0  9994
2 67478  44.9804 179.8566 0016071 234.1912 125.7429 14.03969419 18254
PRAETORIAN SDA_609
1 65572U 25203H   26145.38506696  .00000084  00000-0  64693-4 0  9992
2 65572  81.3069  31.9057 0005892 253.8594 106.1914 13.84281886 35547
LEMUR 2 SEJONG-2
1 64586U 25135BL  26145.57263476  .00003985  00000-0  35609-3 0  9994
2 64586  97.7653 260.7563 0005131  53.8628 306.3067 14.96470615 50563
AETHER-9
1 67380U 26004T   26145.50003471  .00009523  00000-0  10953-2 0  9993
2 67380  97.7999 144.4537 0000115 323.6907 333.3436 14.85981522  5758
IOD1_STARTICAL
1 63212U 25052C   26145.47360375  .00048200  00000-0  84021-3 0  9993
2 63212  97.3857  46.5459 0003830 124.2037 235.9578 15.50581699 66966
GONETS-M 24
1 54151U 22139B   26145.53574935  .00000025  00000-0  11052-3 0  9991
2 54151  82.4998   1.4489 0015808 283.0591  76.8724 12.42890353162835
COSMOS 716
1  7683U 75016F   26145.40434579 -.00000006  00000-0  68618-4 0  9997
2  7683  74.0032 303.3350 0022246 268.9404 116.7731 12.42447940323841
COSMOS 689
1  7476U 74079A   26145.36528079  .00000053  00000-0  41433-4 0  9996
2  7476  82.9430 193.6282 0030077 183.5870 187.9719 13.72365617583247
TIANZHOU 10
1 69049U 26102A   26145.51067809  .00014512  00000-0  17905-3 0  9991
2 69049  41.4679  99.9009 0011051 279.1269  80.8319 15.59810900289669
COSMOS 1560
1 14999U 84052B   26145.39305078  .00000016  00000-0  21987-3 0  9991
2 14999  74.0091 132.1357 0013053  52.2486 101.6490 12.46118034909993
YAOGAN-40 02B
1 63919U 25096B   26145.54061027  .00000120  00000-0  54909-4 0  9997
2 63919  85.9962 198.0843 0002045 101.0898 259.0515 14.12443851 53378
COSMOS 680
1 07438U 74072D   26145.36873053  .00000000  00000-0  10490-3 0  9992
2 07438  74.0322 158.4012 0015507 146.7557 322.1052 12.46644423351848
CANX-2
1 32790U 08021H   26145.35839183  .00004202  00000-0  29690-3 0  9997
2 32790  97.8624 124.6976 0011666 117.7152 242.5259 15.05422019981374
FENGYUN 1A
1 19467U 88080A   26145.40502255 -.00000171  00000-0 -80611-4 0  9993
2 19467  99.0269 198.8998 0015076  50.8035 309.4468 14.03537231930708
ORBCOMM FM 1
1 23545U 95017A   26145.33374932  .00005400  00000-0  49300-3 0  9991
2 23545  69.9609 297.2393 0004324 195.7916 164.3108 14.95621498663575
COSMOS 2069
1 20554U 90029F   26145.50858560  .00000003  00000-0  12210-3 0  9993
2 20554  73.9787 153.7636 0022437 311.3771 217.0363 12.54541741654844
COSMOS 1328
1 12987U 81117A   26145.42189474  .00009197  00000-0  26691-3 0  9995
2 12987  82.4893 272.3956 0009327 263.3649  96.6533 15.35313108425824
COSMOS 1266
1 12409U 81037A   26145.38669268 -.00000067  00000-0  19791-4 0  9996
2 12409  64.7633  13.8293 0051130 275.0665  84.4562 13.90614030289515
ONEWEB-0199
1 48234U 21031AA  26145.42611098  .00000005  00000-0 -20413-4 0  9997
2 48234  87.8951 294.2342 0001932  92.6644 267.4707 13.14502103245276
FLOCK 4Q 23
1 58307U 23174BD  26145.22007042  .00154752  00000-0  14174-2 0  9998
2 58307  97.3910 238.8932 0008241 225.5460 134.5127 15.67254623142368
ORBASTRO-PC-1
1 58258U 23174C   26145.50999954  .00022396  00000-0  43653-3 0  9999
2 58258  97.3772 231.0788 0005317 238.5768 121.4962 15.47530274141963
CELESTIS 17/SHERPA-FX1
1 47486U 21006CB  26145.48128708  .00005250  00000-0  17301-3 0  9991
2 47486  97.2274 187.0941 0004666 280.5618  79.5098 15.31879099295820
CSC-2
1 58021U 23155F   26145.18300483  .00008749  00000-0  39380-3 0  9991
2 58021  97.5427 221.7974 0003650 329.8212  30.2813 15.21323534144684
HULIANWANG DIGUI-93
1 66001U 25231G   26145.56117622 -.00000103  00000-0  44962-4 0  9998
2 66001  50.0023 256.5991 0000930 151.6988 208.3935 13.29327451 29886
CHUANG XIN 1-02(CX-1-02)
1 33434U 08056B   26145.48968144  .00000250  00000-0  11340-3 0  9997
2 33434  98.6151 171.9823 0013654 202.6862 157.3719 14.30148366915379
TOMORROW-S7
1 63631U 25081B   26145.53627441  .00001654  00000-0  15104-3 0  9995
2 63631  45.3913  93.4443 0001129 177.7425 182.3459 14.99527578 59776
ONEWEB-0353
1 49282U 21090D   26145.37536652 -.00000066  00000-0 -21261-3 0  9991
2 49282  87.8944 294.2536 0001756  89.5941 270.5390 13.14502079224582
CONNECTA IOT-3
1 60475U 24149H   26145.45682950  .00003806  00000-0  16316-3 0  9996
2 60475  97.3736 221.8950 0002856  20.1086 340.0263 15.23346275 98344
COSMOS 1354
1 13148U 82037A   26145.46536422  .00000110  00000-0  49728-4 0  9993
2 13148  74.0355 147.1424 0010116 315.9408  44.0936 14.32804904301808
FLOCK 4BE 31
1 60488U 24149W   26145.13531942  .00020120  00000-0  45657-3 0  9997
2 60488  97.3799 230.0969 0002164  33.5544 326.5841 15.43087734 98826
FLOCK 4Q 4
1 58327U 23174BZ  26145.19975532  .00020609  00000-0  40215-3 0  9993
2 58327  97.3821 232.4214 0005084 229.8652 130.2153 15.47515891142004
KHAYYAM
1 53370U 22096A   26145.53414160  .00004475  00000-0  17934-3 0  9996
2 53370  97.3461  50.1643 0002634  96.9918 263.1620 15.25527471211133
GAOFEN 2
1 40118U 14049A   26145.54099920  .00001072  00000-0  14569-3 0  9996
2 40118  98.0116 209.7690 0006293 315.6719  44.3989 14.80872402635889
USA 60
1 20682U 90050B   26145.40257125  .00006036  00000-0  39639-3 0  9994
2 20682  63.2952 269.3077 0876195  82.5152 287.4448 13.65681518100743
KUIPER-00170
1 65783U 25217X   26145.03114697  .00003256  00000-0  45599-3 0  9996
2 65783  51.8995  60.4986 0000795  99.3873 260.7179 14.79924222 36251
COSMOS 1475
1 14173U 83069C   26145.38828946 -.00000011  00000-0  29441-4 0  9995
2 14173  74.0240 184.5939 0021171 118.5293 253.4140 12.54580428964136
YAOGAN-39 01C
1 57731U 23130E   26145.53518774  .00005846  00000-0  29888-3 0  9991
2 57731  34.9936 293.0200 0009019 115.8821 244.2822 15.15989316152022
DUBAISAT 1
1 35682U 09041B   26145.36505544  .00000830  00000-0  13057-3 0  9998
2 35682  98.0021 278.8776 0011315 139.0267 221.1794 14.75079288901737
FLOCK 4Q 31
1 58285U 23174AF  26145.23173427  .00035423  00000-0  51493-3 0  9994
2 58285  97.3910 236.5653 0006178 213.9153 146.1708 15.55683214142212
YUNHAI 2-2A
1 59280U 24052A   26145.49994323 -.00000002  00000-0  63933-4 0  9999
2 59280  50.0065 178.8469 0011369  65.8793 294.3309 14.27950963 94989
ONEWEB-0320
1 49190U 21083E   26145.47511087  .00000036  00000-0  59542-4 0  9996
2 49190  87.9160 339.9841 0001785  87.9514 272.1822 13.18686938226982
COSMOS 2467
1 37152U 10043A   26145.56962917  .00000015  00000-0  34845-4 0  9993
2 37152  82.4567  79.1693 0001182 111.7094  61.7985 12.42983831712694
KOMPSAT 3A
1 40536U 15014A   26145.50333354  .00022367  00000-0  33911-3 0  9993
2 40536  97.6887 135.2264 0054969 258.7629 100.7442 15.52858879618292
ONEWEB-0423
1 51627U 22012F   26145.36387556 -.00000067  00000-0 -20508-3 0  9992
2 51627  87.9155  10.4022 0001945  84.2379 275.8974 13.17648322210696
VSP RF C1
1 59136U 24043AQ  26145.50593617  .00004489  00000-0  15618-3 0  9990
2 59136  97.5579 283.0036 0008803 321.9085  38.1532 15.30212616123619
ONEWEB-0006
1 44061U 19010E   26145.29761733  .00000082  00000-0  18495-3 0  9992
2 44061  87.9000 263.7444 0001738  98.2500 261.8827 13.15551002348411
USA 62
1 20692U 90050D   26145.38401485  .00006151  00000-0  43013-3 0  9991
2 20692  63.2943 271.3582 0874283  84.2703 285.7232 13.64487806101606
GEESAT 3-03
1 61013U 24159C   26145.53248263  .00001381  00000-0  19042-3 0  9995
2 61013  49.9922 187.1420 0005346  36.4811 323.6491 14.84152567 93476
YAOGAN-30 Q
1 44451U 19045C   26145.33821608  .00002407  00000-0  17956-3 0  9990
2 44451  34.9927 108.7595 0000920 241.4227 118.6389 15.02548271373118
TIANHUI 6A
1 55836U 23030A   26145.51782858  .00000354  00000-0  26396-3 0  9998
2 55836  99.0137 154.0275 0002288  58.9275 301.2115 14.01350221164225
ORBCOMM FM 108
1 41187U 15081J   26145.41254948  .00000562  00000-0  15525-3 0  9995
2 41187  47.0052 289.8722 0001903 105.8917 254.2179 14.58833572556757
PRISMA (MANGO)
1 36599U 10028B   26145.50000146  .00000290  00000-0  70429-4 0  9994
2 36599  98.0201 345.8638 0051296 277.6906  81.8470 14.59116464845861
USA 24
1 18010U 87043F   26145.50624561  .00008845  00000-0  52117-3 0  9993
2 18010  63.2973  62.5099 0789171 104.1651 264.8314 13.86125413342319
ONEWEB-0308
1 49094U 21075V   26145.34921500  .00000342  00000-0  91466-3 0  9991
2 49094  87.8960 355.2002 0001768  85.3840 274.7490 13.12440565231564
MAGION 2
1 20281U 89080B   26145.43414461  .00000808  00000-0  23102-3 0  9990
2 20281  82.6045  27.3023 1172666   9.2245 352.8470 12.62982885679202
ONEWEB-0027
1 45432U 20020J   26145.60982732  .00000090  00000-0  20276-3 0  9996
2 45432  87.9160  10.3429 0001558  93.3230 266.8079 13.16052597303383
YAOGAN-32 B
1 43643U 18077B   26145.55593449  .00000674  00000-0  14020-3 0  9992
2 43643  98.1495 174.3267 0004501 298.3072  61.7676 14.63139849406527
IRIDIUM 139
1 42963U 17061J   26145.23628062  .00000063  00000-0  15349-4 0  9991
2 42963  86.3991  34.9118 0002141  82.2832 277.8607 14.34218163451551
OPS 7613 (P/L 3)
1 04259U 69082D   26145.56543676  .00000006  00000-0  43227-4 0  9993
2 04259  70.0135 183.8574 0020852 185.9761 336.2577 13.95121921978526
HULIANWANG DIGUI-44
1 65047U 25162E   26145.50323355 -.00000085  00000-0  83231-4 0  9997
2 65047  50.0031 347.0538 0000858 161.6683 198.4220 13.29315299 40357
TIANQI 28
1 59912U 24102D   26145.49872838  .00000100  00000-0  15634-3 0  9995
2 59912  44.9802   2.6276 0011202 141.7798 218.3831 13.99159073101725
COSMOS 2614
1 68764U 26083K   26145.60294713  .00002215  00000-0  15771-3 0  9994
2 68764  97.7745 282.6357 0007724  94.3722 265.8387 15.05667932  5808
SKYCRAFT 4D
1 64898U 25154K   26145.43622692  .00005792  00000-0  52243-3 0  9996
2 64898  97.6679 210.0647 0003699 344.6628  15.4480 14.95911328 43890
SJ-9A
1 38860U 12056A   26145.46379611  .00000969  00000-0  11803-3 0  9994
2 38860  97.6696 118.2405 0024918 335.6257  24.3779 14.85419371696215
COSMOS 860
1  9486U 76103A   26145.33887483 -.00000067  00000-0  21852-4 0  9992
2  9486  64.7011 272.8720 0070833 219.3775 140.2120 13.81414347879786
COSMOS 1038
1 11047U 78091E   26145.54591888 -.00000006  00000-0  69639-4 0  9998
2 11047  74.0336 183.5307 0005987 175.9930 352.9989 12.45934010758013
KUIPER-00225
1 67784U 26030W   26145.38218914  .00001360  00000-0  22432-3 0  9993
2 67784  51.8972 218.7422 0002886 353.6800   6.4124 14.76430818 16748
ONEWEB-0035
1 45143U 20008N   26145.24206636 -.00016439  00000-0 -47146-1 0  9992
2 45143  87.8848  40.8378 0001801  72.5340 287.5984 13.10470784304930
KUIPER-00451
1 68945U 26098AC  26145.50003471  .00049846  00000-0  17002-2 0  9998
2 68945  51.8786 177.4651 0014069  65.3602  49.0283 15.29769573  4488
KUIPER-00503
1 68884U 26095W   26145.50003471  .00054002  00000-0  19503-2 0  9995
2 68884  51.8823 352.4625 0007013 215.6279 159.2642 15.27936462  4810
TIANQI 20
1 64061U 25105D   26145.38338878 -.00000056  00000-0  49606-4 0  9997
2 64061  44.9837 123.4920 0011501 278.2225  81.7303 13.99130244 52017
LEMUR-2 HCS-BAZUS
1 67388U 26004AB  26145.38766094  .00004328  00000-0  45638-3 0  9991
2 67388  97.8026 144.6739 0003589 133.7116 226.4399 14.89825736 19915
HULIANWANG DIGUI-120
1 67060U 25295B   26145.28534530 -.00000085  00000-0  83739-4 0  9998
2 67060  50.0030 107.7813 0000834 356.3894   3.6972 13.29327329 22450
SNUGLITE
1 43784U 18099AC  26145.40341623  .00011146  00000-0  42824-3 0  9990
2 43784  97.3887 199.9151 0003268  43.0969 317.0525 15.26598846409847
FLOCK 4G 23
1 62647U 25009AQ  26145.17757826  .00039845  00000-0  13436-2 0  9990
2 62647  97.3935 226.8971 0001298 107.0041 253.1343 15.30607212 75405
KUIPER-00073
1 64820U 25151E   26145.20115223  .00001102  00000-0  17355-3 0  9996
2 64820  51.9000 324.7429 0000734 120.8221 239.2813 14.79935953 47787
HULIANWANG DIGUI-70
1 65230U 25178C   26145.52648348  .00000076  00000-0  14250-3 0  9995
2 65230  86.4960  21.0451 0001662  88.6520 271.4804 13.24412571 37318
NUSAT-47
1 66743U 25276CF  26145.45489602  .00005434  00000-0  25542-3 0  9991
2 66743  97.4195 219.4356 0003420  91.1316 269.0311 15.19998116 26979
COSMOS 647
1  7271U 74024G   26145.46297036 -.00000022  00000-0 -37978-4 0  9993
2  7271  74.0169 203.6014 0039416 207.9934 163.7872 12.52875670382212
COSMOS 798
1  8614U 76008H   26145.46216441 -.00000022  00000-0 -55282-4 0  9998
2  8614  74.0551 225.6550 0047901 195.3078 183.3200 12.37759511273776
JIAOTONG VDES
1 54588U 22164A   26145.53343640  .00000274  00000-0  88741-4 0  9996
2 54588  98.2426 165.3370 0010720  42.9873 317.2155 14.46054571182801
FORGESTAR-1
1 64546U 25135U   26145.58490557  .00006770  00000-0  28434-3 0  9996
2 64546  97.4661 261.4613 0000782 129.0996 231.0311 15.23770640 51468
ONEWEB-0449
1 51642U 22012W   26145.42611272 -.00000669  00000-0 -19541-2 0  9993
2 51642  87.8851  40.7967 0002229  83.1814 276.9567 13.10372397206321
COSMOS 677
1  7435U 74072A   26145.29984919 -.00000007  00000-0  52626-4 0  9991
2  7435  74.0360 344.7426 0044282  82.8020  89.3714 12.58029487373305
IRIDE-MS2-HEO-7
1 68981U 26100B   26145.47864647  .00001274  00000-0  13431-3 0  9994
2 68981  97.7386  43.3346 0003563 205.7477 154.3565 14.91040877  3313
LEMUR 2 NEUROSPICY
1 63355U 25061E   26145.37863748  .00003434  00000-0  19230-3 0  9992
2 63355  97.5609 121.2197 0016352 344.8789  15.1952 15.13997425 64169
KUIPER-00432
1 68937U 26098U   26145.46591633 -.00025104  00000-0 -77553-3 0  9997
2 68937  51.8756 177.4698 0012366  64.8991 295.3276 15.32560381  3858
SPRINT A
1 39253U 13049A   26145.51847918  .00000142  00000-0  10124-3 0  9998
2 39253  29.7218 335.2589 0136795 193.1843 166.5131 13.55541699628342
COSMOS 794
1 08610U 76008D   26145.37291679  .00000010  00000-0  17350-3 0  9998
2 08610  74.0524 117.5868 0027311 291.1489 221.8625 12.48157432292841
GAOFEN 3
1 41727U 16049A   26145.53609270  .00000163  00000-0  62601-4 0  9990
2 41727  98.4021 153.6646 0000962  90.3607 269.7693 14.42212312515386
KUIPER-00300
1 68597U 26072AA  26145.50003471 -.01971021  00000-0 -84729-1 0  9994
2 68597  51.8784 287.3883 0007793 306.5841 285.9307 15.25457163  3996
UNISAT 3
1 28373U 04025H   26145.29976349  .00000461  00000-0  13100-3 0  9990
2 28373  98.6941 154.4625 0066307  61.9978 298.7902 14.49048363155731
ONEWEB-0611
1 54674U 22166AJ  26145.32136683  .00000103  00000-0  21801-3 0  9992
2 54674  87.9251 248.5270 0001894 102.6201 257.5145 13.21826446168429
FLOCK 4H 22
1 66725U 25276BM  26145.47086741  .00006444  00000-0  30355-3 0  9990
2 66725  97.4177 219.3603 0004337 105.8904 254.2809 15.19848643 26974
COSMOS 2329
1 23791U 96009E   26145.29021546  .00000029  00000-0  10545-3 0  9992
2 23791  82.5724 340.4553 0009685 115.1934  58.1018 12.61704292393471
USA 25
1 18025U 87043H   26145.15872937  .00011086  00000-0  58678-3 0  9991
2 18025  63.2915  57.7088 0781948 103.0024 265.9445 13.90127697348674
YAM-8
1 63254U 25052AW  26145.46603127  .00004955  00000-0  29529-3 0  9994
2 63254  97.6964  46.7885 0000909 315.8835  44.2322 15.11650048 65832
COSMOS 2598
1 66648U 25273B   26145.50977219  .00000024  00000-0  99238-4 0  9998
2 66648  82.5036 184.6426 0009791 230.5569 129.4645 12.42917927 22484
COSMOS 2400
1 27868U 03037A   26145.56656885  .00000031  00000-0  14880-3 0  9999
2 27868  82.4722 344.0390 0022367 104.1569 256.1999 12.45189786 34725
COSMOS 1603
1 15333U 84106A   26145.30111327 -.00000069  00000-0 -11179-4 0  9990
2 15333  71.0264  95.8179 0022030 276.2908  83.5706 14.14520369149500
YUNHAI 3-02
1 59343U 24058A   26145.53473009  .00000000  00000-0  23485-4 0  9998
2 59343  98.8199 153.7056 0002039  86.8669 273.2736 14.13325007111542
PTD-R (TYVAK-0127)
1 60523U 24149BH  26145.22709723  .00227115  21261-4  69518-3 0  9992
2 60523  97.3780 243.8972 0002875 249.8734 110.2231 15.91905521 99765
KUIPER-00127
1 65956U 25228K   26145.02904111  .00000028  00000-0  32716-4 0  9999
2 65956  51.9017  15.4867 0001279 109.7837 250.3264 14.79932477 34643
COSMOS 312
1 04254U 69103A   26145.34504788  .00000029  00000-0  10833-3 0  9990
2 04254  74.0195 110.4993 0022996 351.0163 119.3659 13.27211014736616
SJ-30A
1 66545U 25266A   26145.61937216  .00006985  00000-0  38058-3 0  9995
2 66545  51.7988 285.1100 0008987 176.9568 183.1464 15.15422107 28439
QIANFAN-10
1 60388U 24140K   26145.44288181  .00000098  00000-0  13266-3 0  9998
2 60388  88.9730 281.7181 0016317  67.2964 292.9910 13.51011855 89562
PRAETORIAN SDA_607
1 65570U 25203F   26145.40303071  .00000108  00000-0  86287-4 0  9995
2 65570  81.3059  31.7471 0007806 255.5459 104.4831 13.84281139 35559
FIRESAT0
1 63256U 25052AY  26145.41449712  .00000754  00000-0  78088-4 0  9997
2 63256  97.6990  37.0838 0001608  61.6054 298.5327 14.92877251 65193
QIANFAN-108
1 66050U 25233T   26145.46592632  .00000131  00000-0  18487-3 0  9993
2 66050  89.0020  45.4699 0001977  81.5751 278.5625 13.51007042 30120
EGYPTSAT A
1 44047U 19008A   26145.51181344  .00000646  00000-0  11000-3 0  9993
2 44047  98.0045 210.6035 0001167  83.5454 276.5886 14.72276260389906
COSMOS 2066
1 20551U 90029C   26145.33914332 -.00000004  00000-0  73045-4 0  9997
2 20551  73.9824 342.5210 0049175 120.2271  52.5779 12.59713283661678
ONEWEB-0161
1 48053U 21025M   26145.46801754  .00000096  00000-0  22694-3 0  9994
2 48053  87.8942 324.7454 0001761  98.0813 262.0516 13.13469351250525
GEESAT 6-05
1 65717U 25214F   26145.14271106  .00001428  00000-0  20007-3 0  9997
2 65717  49.9809  55.1142 0012555 122.4133 237.8022 14.83277065 36083
BEIJING 3B
1 53587U 22103A   26145.54194843  .00001113  00000-0  12924-3 0  9999
2 53587  97.8013 223.3490 0026166 126.9404 233.4214 14.87127147203723
QIANFAN-32
1 61565U 24185P   26145.46498036  .00000084  00000-0  11200-3 0  9990
2 61565  88.9873  64.1473 0008564 323.9090  36.1482 13.50784024 90144
UNISAT 6
1 40012U 14033C   26145.40692022  .00002716  00000-0  29561-3 0  9993
2 40012  97.7853 298.5263 0046117 142.3467 218.0993 14.88090624642779
COSMOS 1564
1 15003U 84052F   26145.46388963 -.00000020  00000-0 -26302-4 0  9994
2 15003  74.0117 208.2826 0033172 340.3928  30.8970 12.53585076921421
TIANMU-1 13
1 58647U 23205C   26145.50902726  .00005086  00000-0  19728-3 0  9990
2 58647  97.3477 167.4552 0008483  57.2735 302.9321 15.26531751134049
ONEWEB-0165
1 48233U 21031Z   26145.36584935 -.00000184  00000-0 -52976-3 0  9995
2 48233  87.8944 294.2617 0001526 103.9940 256.1360 13.14501649245360
HEAD-3C
1 57628U 23121C   26145.43038922  .00000789  00000-0  18682-3 0  9998
2 57628  44.9994  51.5178 0005125 154.3973 205.7139 14.62210577148400
STRAND 1
1 39090U 13009E   26145.49844847  .00000252  00000-0  99122-4 0  9996
2 39090  98.3917 326.2922 0007551 303.5977  56.4488 14.37147743693800
ICEYE-X34
1 58294U 23174AQ  26145.51406638  .00070067  00000-0  82042-3 0  9995
2 58294  97.3877 235.6796 0005479 212.7879 147.3039 15.61306362142209
ALEXIS
1 22638U 93026A   26145.51195078  .00000095  00000-0  54256-4 0  9995
2 22638  69.9215 348.3482 0059790 192.0333 167.9368 14.33660844106914
LUR-1
1 60506U 24149AQ  26145.48311452  .00006808  00000-0  23873-3 0  9991
2 60506  97.3738 224.4812 0004873  45.0305 315.1330 15.29760136 98506
COSMOS 2056
1 20432U 90004A   26145.54266818  .00000076  00000-0  36440-4 0  9996
2 20432  74.0314 207.8131 0023347 270.5651  89.2826 14.34270139900489
FAST 2 (USA 228)
1 37380U 10062M   26145.32809010  .00000581  00000-0  75613-4 0  9991
2 37380  71.9708 196.5093 0014664 163.1231 197.0426 14.84601235362381
EYESAT A
1 22825U 93061C   26145.41440540  .00000080  00000-0  47324-4 0  9990
2 22825  98.6888 212.8351 0008799 160.1409 200.0117 14.30935115703748
SHIJIAN 6 04B (SJ-6 04B)
1 37180U 10051B   26145.46497438  .00000729  00000-0  64734-4 0  9995
2 37180  97.8697 150.6460 0010976  24.9518 335.2233 14.99263573852275
COSMOS 1392
1 13379U 82073E   26145.61863049 -.00000016  00000-0 -59076-6 0  9990
2 13379  74.0170  13.3087 0009775 218.8506 167.8817 12.49388894685805
FLOCK 4BE 23
1 60490U 24149Y   26145.19532221  .00013358  00000-0  37091-3 0  9995
2 60490  97.3778 227.5023 0003061  27.6658 332.4748 15.37012724 98669
CONTINUUM-1
1 55045U 23001AN  26145.48024595  .00010986  00000-0  38412-3 0  9995
2 55045  97.3353 208.8630 0010889 136.4881 223.7221 15.29657305188789
WORLDVIEW 1
1 32060U 07041A   26145.44571794  .00005785  00000-0  23725-3 0  9999
2 32060  97.3924 265.5205 0003968 120.7810 239.3819 15.24630023 39415
KITSAT B
1 22828U 93061F   26145.45318421  .00000123  00000-0  62706-4 0  9998
2 22828  98.6862 212.7879 0010929 111.5443 248.6906 14.31788400672555
LEMUR 2 JOHNNYTRUONG
1 59146U 24043BA  26145.37239440  .00036103  00000-0  47116-3 0  9993
2 59146  97.5358 295.6974 0003809 249.2537 110.8311 15.58602800124487
ADEOS
1 24277U 96046A   26145.42925907  .00000076  00000-0  46887-4 0  9993
2 24277  98.8014 199.5587 0001824 138.2333 221.8989 14.30390248552416
FORMOSAT 3E
1 29051U 06011E   26145.53581955  .00000380  00000-0  15463-3 0  9997
2 29051  72.0043 347.8332 0064904 130.8390 229.8401 14.31514093 52028
COSMOS 1137
1 11545U 79084H   26145.38030464 -.00000009  00000-0  48588-4 0  9997
2 11545  74.0245 282.8689 0026338 146.7468 242.7774 12.43198147117698
ONEWEB-0355
1 49218U 21083AJ  26145.50539169  .00000081  00000-0  18703-3 0  9995
2 49218  87.8930 324.7544 0001608  96.2352 263.8960 13.13468411227920
STARLING 2
1 57387U 23100B   26145.53702354  .00001367  00000-0  98434-4 0  9992
2 57387  99.5097 158.0128 0005234 183.7235 176.3948 15.06577479156493
ORBCOMM FM 117
1 41188U 15081K   26145.78894167  .00000534  00000-0  14933-3 0  9990
2 41188  47.0017 286.7335 0002424 114.0308 246.0832 14.58831544556853
COSMOS 831
1  8895U 76054G   26145.53912647 -.00000025  00000-0 -67511-4 0  9990
2  8895  74.0007 236.6835 0020494 167.6625 203.8391 12.43747371267487
ONEWEB-0380
1 49306U 21090AD  26145.44008470 -.00000049  00000-0 -15521-3 0  9991
2 49306  87.9150 309.5067 0001949  98.5754 261.5599 13.19724161223420
PROX-1
1 44339U 19036A   26145.56044429  .00013022  00000-0  12883-2 0  9996
2 44339  23.9950 265.3322 0006519 125.4682 234.6426 14.89995350370094
COSMOS 1040
1 11049U 78091G   26145.18782775 -.00000019  00000-0 -27493-4 0  9994
2 11049  74.0376  39.4829 0030056 106.7729  49.6951 12.40880797157974
ONEWEB-0635
1 56076U 23043AG  26145.55512654  .00000206  00000-0  51233-3 0  9992
2 56076  87.9002 263.6998 0002125  95.3430 264.7943 13.15549327153452
COSMOS 921
1 10095U 77055A   26145.49001404  .00000591  00000-0  52938-4 0  9995
2 10095  75.8318 228.7361 0035168  40.7828 319.5989 14.96733903651001
KUIPER-00090
1 64835U 25151V   26145.39694220  .00000738  00000-0  12578-3 0  9997
2 64835  51.8991 298.9095 0000742 132.0507 228.0519 14.79936034 46973
AFR-1
1 56964U 23084AJ  26145.51509740  .00004543  00000-0  16722-3 0  9993
2 56964  97.6238 281.6688 0011794  63.5506 296.6942 15.28328983163763
IRIDIUM 140
1 43252U 18030D   26145.39091878  .00000213  00000-0  68863-4 0  9992
2 43252  86.3939 299.9681 0002171  90.3525 269.7920 14.34219103426921
KUIPER-00065
1 64525U 25134AB  26145.33610959  .00000363  00000-0  76578-4 0  9990
2 64525  51.9037 261.7779 0000543 118.4342 241.6676 14.79932466 51305
WEINA 1B
1 43279U 18034E   26145.48254935 -.00000127  00000-0 -49424-4 0  9998
2 43279  63.3933 150.2880 0273211   7.7519 352.7601 13.45368777399155
ONEWEB-0653
1 55815U 23029V   26145.39439215  .00000266  00000-0  68261-3 0  9994
2 55815  87.8942 294.2544 0001885  95.4988 264.6357 13.14502099156402
KUIPER-00038
1 63750U 25088AC  26145.37163586  .00002192  00000-0  31607-3 0  9995
2 63750  51.9013 119.0159 0000683  50.1285 309.9737 14.79985714 58877
COSMOS 926
1 10137U 77062A   26145.39918317  .00000045  00000-0  31959-4 0  9993
2 10137  82.9434  24.4911 0033768  72.9080 100.2249 13.72570659447095
KUIPER-00459
1 68872U 26095J   26145.55709131  .00022080  00000-0  63571-3 0  9999
2 68872  51.8722 352.0928 0010530 218.4205 141.6032 15.35635376  4249
ONEWEB-0221
1 48789U 21045Y   26145.57887190 -.00000042  00000-0 -14506-3 0  9998
2 48789  87.9000 263.6931 0001709  97.4248 262.7076 13.15547586241409
COSMOS 1133
1 11541U 79084D   26145.44640402  .00000006  00000-0  13913-3 0  9998
2 11541  74.0245 319.0528 0027802  42.3808 343.5664 12.50883559 64948
KUIPER-00413
1 68928U 26098K   26145.50809779  .00006879  00000-0  24565-3 0  9996
2 68928  51.8733 177.7330 0025088  80.2398 280.1417 15.29733410  3857
YAOGAN-39 05C
1 58559U 23194C   26145.55019244  .00005064  00000-0  24870-3 0  9998
2 58559  34.9917 222.4005 0013077 200.0382 159.9819 15.17386123136688
LUNA-1
1 66777U 25276DR  26145.44867787  .00009540  00000-0  41744-3 0  9995
2 66777  97.4261 220.0525 0000655 354.7281   5.3948 15.22262542 27005
COSMOS 643
1  7267U 74024C   26145.46568182  .00000010  00000-0  14309-3 0  9998
2  7267  74.0148 147.5755 0081718  79.1983  73.8863 12.61592269398765
KUIPER-00118
1 65154U 25171Y   26145.40618188 -.00004108  00000-0 -50981-3 0  9992
2 65154  51.8982 196.3446 0000606 334.5877  25.5055 14.79959982 44001
CFOSAT
1 43662U 18083A   26145.52540264  .00002901  00000-0  15208-3 0  9998
2 43662  97.3609 150.7254 0001189  66.4699 293.6659 15.16538864419001
LEMUR 2 ESPERANZA
1 63352U 25061B   26145.38853031  .00003421  00000-0  19481-3 0  9998
2 63352  97.5632 121.0100 0018032 349.1463  10.9376 15.13379996 64146
COSMOS 1622
1 15474U 85003F   26145.12795618  .00000020  00000-0  52735-4 0  9992
2 15474  82.6064  99.5119 0008151 222.0876 149.2973 12.63800529907620
COSMOS 1618
1 15470U 85003B   26145.36643878  .00000023  00000-0  66527-4 0  9991
2 15470  82.6014 107.6480 0003649 287.2683 228.2850 12.62994740906493
YUNYAO-1 45
1 63346U 25059C   26145.48177090  .00002566  00000-0  15782-3 0  9992
2 63346  97.6123 327.1064 0014735 231.4672 128.5237 15.10860716 64878
SHIJIAN 6 03A (SJ-6 03A)
1 33408U 08053A   26145.55674249  .00009073  00000-0  46285-3 0  9991
2 33408  97.8430 178.0940 0013033  90.6429 269.6297 15.16907921959533
COSMOS 883
1 09610U 76122A   26145.40117636  .00000059  00000-0  44689-4 0  9999
2 09610  82.9516 281.5707 0032988 278.5707  81.1712 13.76358039481834
YAOGAN 2
1 31490U 07019A   26145.54782623  .00000652  00000-0  87878-4 0  9994
2 31490  98.2674   5.3924 0020335 350.7988   9.2849 14.82635399 24267
HULIANWANG DIGUI-48
1 65051U 25162J   26145.54547576 -.00000083  00000-0  87605-4 0  9996
2 65051  50.0053 346.6676 0000475  45.0867 315.0044 13.29324032 40354
GONETS M 20
1 47227U 20091A   26145.46693495  .00000110  00000-0  72457-3 0  9998
2 47227  82.5035 316.5632 0020214 228.3241 131.6109 12.42893314248253
NINGXIA-1 8
1 49020U 21064C   26145.55007044  .00000030  00000-0  93529-4 0  9996
2 49020  44.9957 328.3198 0007376 139.6157 220.5229 14.08534380251033
KUIPER-00270
1 67791U 26030AD  26145.51079827  .00026926  00000-0  76103-3 0  9993
2 67791  51.8814 208.9766 0011307 335.5260  24.5188 15.36089782 16894
GRUS-1C
1 47933U 21022B   26145.55901801  .00001577  00000-0  13487-3 0  9996
2 47933  97.5401  29.4155 0015043  44.0206 316.2213 14.98934460282513
HAWK-2B
1 47508U 21006CZ  26145.52383150  .00006889  00000-0  20900-3 0  9993
2 47508  97.2208 189.3221 0004999 286.1708  73.8985 15.34409013296022
GAOFEN 12-05
1 61571U 24186A   26145.50299274  .00000340  00000-0  50642-4 0  9995
2 61571  97.9097 153.9475 0001698  60.8232 299.3150 14.80936254 85983
ASAP-S
1 38013U 11076G   26145.54395327  .00010443  00000-0  42758-3 0  9997
2 38013  98.0186  74.1676 0005204 222.5272 137.5561 15.24506960789384
ONEWEB-0190
1 48796U 21045AF  26145.56937447  .00000097  00000-0  22292-3 0  9995
2 48796  87.8990 263.7035 0001401  81.7776 278.3513 13.15549796241393
ONEWEB-0202
1 48224U 21031Q   26145.36902095 -.00000111  00000-0 -33479-3 0  9993
2 48224  87.8946 294.2588 0001151 104.4684 255.6574 13.14501934245362
PICO-01A003
1 58326U 23174BY  26145.47398608  .00020754  00000-0  44061-3 0  9990
2 58326  97.3794 230.4326 0004864 229.2875 130.7952 15.45049399141903
BLACK KITE-1
1 66741U 25276CD  26145.14290622  .00007718  00000-0  35941-3 0  9998
2 66741  97.4250 219.2167 0007138  78.1924 282.0111 15.20167598 24220
SPACEMOBILE-006
1 67232U 25309A   26145.53301732  .00002993  00000-0  15895-3 0  9995
2 67232  52.9941  75.3829 0012337  65.6799 294.5481 15.18385223 23156
SIGI
1 62632U 25009Z   26145.48460623  .00004751  00000-0  19708-3 0  9991
2 62632  97.4005 225.9538 0004193  53.6192 306.5432 15.24334699 75341
SKYBEE-A01
1 62671U 25009BQ  26145.45319744  .00002342  00000-0  10907-3 0  9994
2 62671  97.3989 224.4399 0006690  63.3502 296.8418 15.20878167132887
SPACEVAN-002
1 68424U 26067J   26145.33901879  .00005294  00000-0  26290-3 0  9995
2 68424  97.4506 104.1134 0003869 103.7617 256.4048 15.18099155  8474
NUSTAR
1 38358U 12031A   26145.58335647  .00019138  00000-0  11328-2 0  9992
2 38358   6.0256 203.6620 0007587 140.3336 324.9344 15.08543267  1308
ONEWEB-0191
1 48239U 21031AF  26145.39756648  .00000256  00000-0  65602-3 0  9994
2 48239  87.8945 294.2408 0002023  99.0924 261.0435 13.14501562245176
JILIN-01 KUANFU 02B 5
1 61193U 24169E   26145.51296312  .00003363  00000-0  21797-3 0  9993
2 61193  97.5569 235.5184 0013381  15.1953 344.9674 15.08728246 92417
GCOM W1
1 38337U 12025A   26145.38148759  .00000399  00000-0  98691-4 0  9995
2 38337  98.2015  86.2841 0001779  91.7982  19.8655 14.57099119745714
COSMOS 2257
1 22692U 93038F   26145.57468590  .00000006  00000-0 -26079-4 0  9991
2 22692  82.5782 253.0449 0008874  50.9961 309.1919 12.62259264516934
EZIE-B
1 63250U 25052AS  26145.64557962  .00003795  00000-0  33418-3 0  9998
2 63250  97.6929  38.2307 0001507 266.5163  93.5887 14.97067988 65296
COSMOS 714
1 07681U 75016D   26145.28921539  .00000002  00000-0  11689-3 0  9998
2 07681  74.0044 346.7434 0029695 182.3027 351.3132 12.49303042336668
COSMOS 1431
1 13763U 83002C   26145.56514313 -.00000006  00000-0  66451-4 0  9992
2 13763  74.0236  88.2837 0011873 309.2643 225.1808 12.47750060974364
ONEWEB-0715
1 55176U 23004AN  26145.60523440 -.00000330  00000-0 -96577-3 0  9990
2 55176  87.8912  25.5618 0001307 100.8074 259.3201 13.11414654162909
TOMORROW-S8
1 66308U 25248R   26145.56662591  .00003233  00000-0  15898-3 0  9997
2 66308  45.3973 242.4984 0006004 263.1581  96.8622 15.20277341 31071
COSMOS 621
1  6989U 73104E   26145.44114088  .00000010  00000-0  16292-3 0  9999
2  6989  74.0261 136.6169 0050967 239.8498 274.3773 12.54677109401400
GEESAT 1-09
1 52793U 22058J   26145.46843463  .00004106  00000-0  34373-3 0  9993
2 52793  49.9974 289.8473 0006454  81.5503 278.6173 15.00357654216832
ONEWEB-0689
1 61597U 24188D   26145.37804197 -.00000386  00000-0 -11262-2 0  9991
2 61597  87.8928  25.5859 0001730  92.4072 267.7254 13.11415717 81464
USA 55
1 20547U 90028B   26145.41965816  .00004345  00000-0  91447-4 0  9990
2 20547  94.0866 130.6320 0053722 219.1238 140.6129 15.43864640998373
YAOGAN-40 01C
1 57833U 23139D   26145.55436495  .00000154  00000-0  73428-4 0  9991
2 57833  85.9903 269.3721 0002520 112.6342 247.5107 14.12444183139618
S80/T
1 22078U 92052C   26145.48217012 -.00000043  00000-0  77001-4 0  9997
2 22078  66.0857 316.0341 0016526 286.4236  73.4966 12.86852669587314
AE5RC
1 66677U 25276M   26145.14529073  .00010878  00000-0  47598-3 0  9993
2 66677  97.4184 219.3573 0006864  97.9917 262.2098 15.22205517 26943
ONEWEB-0607
1 54671U 22166AF  26145.56863787 -.00000024  00000-0 -89765-4 0  9995
2 54671  87.9260 248.4691 0002038  95.9451 264.1915 13.21827735168559
JILIN-01 KUANFU 02B 1
1 61189U 24169A   26145.50155528  .00003239  00000-0  21056-3 0  9990
2 61189  97.5566 235.3695 0004383 114.1932 245.9755 15.08698011 92408
IRIDIUM 135
1 43070U 17083A   26145.61633373 -.00000035  00000-0 -19393-4 0  9992
2 43070  86.3951 331.4558 0002061  89.0271 271.1161 14.34217107440910
LT-1 01B
1 51822U 22018A   26145.49203043  .00000559  00000-0  66214-4 0  9996
2 51822  97.8087 153.2298 0001586  90.7914 269.3484 14.88415894230338
COSMOS 2570
1 58148U 23165A   26145.55899366  .00000065  00000-0  10082-3 0  9997
2 58148  67.1501 344.4259 0006531 278.7236  81.3108 13.96676822131476
NINGXIA-1 2
1 44780U 19076B   26145.50554457  .00000018  00000-0  96246-4 0  9999
2 44780  45.0089 281.5456 0006312  38.3966 321.7316 14.02053746334677
COSMOS 1013
1 10930U 78056A   26145.48750333  .00000006  00000-0  16539-3 0  9993
2 10930  74.0237 159.6648 0047402  77.0663  90.4353 12.37818655167355
DMSP 5D-2 F14 (USA 131)
1 24753U 97012A   26145.51043127  .00000068  00000-0  55570-4 0  9991
2 24753  98.7593 194.4224 0009354 150.2997 209.8710 14.16764585505086
COSMOS 1056
1 11133U 78109F   26145.43165602 -.00000030  00000-0 -99528-4 0  9991
2 11133  74.0162 217.6519 0020129 348.1547  23.9627 12.44516169156514
ALISIO-1
1 58562U 23185M   26145.49648925  .00003794  00000-0  19604-3 0  9996
2 58562  97.5373 218.9738 0007243  46.9758 313.2081 15.16875149135111
TIANMU-1 15
1 58700U 24004A   26145.55481157  .00005151  00000-0  19852-3 0  9994
2 58700  97.4675 331.7454 0008490  74.0111 286.2062 15.26748179132329
COSMOS 1833
1 17589U 87027A   26145.52623555  .00000169  00000-0  11610-3 0  9993
2 17589  70.9136 164.5036 0022414  92.8195 267.5491 14.13035008 21170
KANOPUS-V 4
1 43181U 18014B   26145.50876469  .00002165  00000-0  95475-4 0  9992
2 43181  97.3608  51.6447 0002031  82.2648 277.8819 15.22846131461281
AETHER-2
1 58299U 23174AV  26145.17816299  .00005841  00000-0  17854-3 0  9997
2 58299  97.3899 228.4111 0006089 220.9720 139.1066 15.34245532141707
IRIDIUM 105
1 41921U 17003E   26145.27153892  .00000243  00000-0  79565-4 0  9998
2 41921  86.3971  66.4490 0002412  90.0029 270.1443 14.34218191491853
SKYCRAFT 4A
1 64897U 25154J   26145.43375910  .00006656  00000-0  59292-3 0  9994
2 64897  97.6710 210.3054 0004439 352.5927   7.5228 14.96344427 43986
COSMOS 944
1 10290U 77079F   26145.37459839 -.00000012  00000-0  22878-4 0  9993
2 10290  74.0269   6.6477 0005874 206.8551 326.3182 12.49706981200535
GLOBAL-14
1 49469U 21106A   26145.46936995  .00024750  00000-0  44200-3 0  9992
2 49469  42.0047  65.9695 0016832 230.1556 129.7807 15.49355221254601
ORBCOMM FM 28
1 25482U 98053H   26145.35454521  .00000625  00000-0  24560-3 0  9996
2 25482  45.0067  20.9485 0003511 220.6200 139.4388 14.39168802447637
QIANFAN-127
1 69073U 26104A   26145.32241098  .00000089  00000-0  32989-4 0  9997
2 69073  88.9868 344.2299 0004496 170.9380 189.1894 14.23183324  1842
COSMOS 2389
1 27436U 02026A   26145.10912838  .00000050  00000-0  36637-4 0  9996
2 27436  82.9511 186.0676 0045389 325.5137  63.3310 13.75170782203944
OPS 0054 (DMSP 5A F1)
1 04331U 70012A   26145.46807053  .00000173  00000-0  76579-4 0  9991
2 04331  99.0079 323.0981 0057821  36.8603 323.6534 14.34625389933929
ONEWEB-0307
1 49189U 21083D   26145.23017311 -.00000157  00000-0 -46481-3 0  9992
2 49189  87.8940 324.8090 0001906  94.3288 265.8059 13.13469416227919
ONEWEB-0420
1 50495U 21132AC  26145.48521232  .00000048  00000-0  90228-4 0  9994
2 50495  87.9161 339.9785 0001661  84.6461 275.4860 13.18687745218580
IRIDIUM 125
1 42964U 17061K   26145.43290259  .00000073  00000-0  18844-4 0  9991
2 42964  86.3993  34.8903 0002719  81.9898 278.1606 14.34217702451599
COSMOS 962
1 10459U 77107A   26145.46900897  .00000054  00000-0  40643-4 0  9992
2 10459  82.9489 156.3909 0028579 172.7004 351.9502 13.74903689436273
COSMOS 789
1  8591U 76005A   26145.49704225  .00000045  00000-0  32900-4 0  9999
2  8591  82.9756 222.1571 0028578 280.1950  90.1367 13.73201648522030
USA 77
1 21809U 91076E   26145.44558287  .00002196  00000-0  18319-3 0  9997
2 21809  63.2958 218.5284 0899178  74.2239 295.6002 13.56303155101181
POEM 2
1 56308U 23057A   26145.38208228  .00002099  00000-0  12426-3 0  9998
2 56308   9.8886  67.6731 0020985 327.9410  31.9526 14.94905169168844
ONEWEB-0638
1 55802U 23029G   26145.32937674  .00000243  00000-0  61976-3 0  9996
2 55802  87.8933 294.3126 0002230  86.4992 273.6392 13.14501653156397
YAOGAN-34 03
1 54249U 22154A   26145.49776986 -.00000053  00000-0  60797-4 0  9994
2 54249  63.4070 320.4645 0074468 355.3788   4.6542 13.45439178173207
BLUEWALKER 3
1 53807U 22111AL  26145.37243777  .00005713  00000-0  16108-3 0  9993
2 53807  53.2278 141.0545 0007402  99.4580 260.7262 15.37947145206694
GLOBALSTAR M063
1 26081U 00008A   26145.44277634 -.00000076  00000-0  97349-4 0  9990
2 26081  51.9964 290.1799 0004206 239.7260 153.6086 11.86184220198191
TANSUO 1
1 28220U 04012A   26145.14876837  .00012768  00000-0  40182-3 0  9995
2 28220  97.8692 221.7324 0007125 103.2211 256.9825 15.33070199207568
COSMOS 681
1 07439U 74072E   26145.46614141 -.00000025  00000-0 -59937-4 0  9994
2 07439  74.0375  45.5505 0003778  67.7166 106.0333 12.49072367356486
ONEWEB-0559
1 56060U 23043Q   26145.57200145  .00000014  00000-0  27125-5 0  9998
2 56060  87.9256 248.4726 0001755  99.9138 260.2194 13.21826178155268
ONEWEB-0662
1 55822U 23029AC  26145.36108267 -.00000129  00000-0 -38173-3 0  9998
2 55822  87.8932 294.3035 0001750  86.7634 273.3696 13.14501206156432
LEMUR 2 LIA-MARTIN
1 63248U 25052AQ  26145.42588985  .00004271  00000-0  37079-3 0  9997
2 63248  97.6911  38.2016 0001822 266.7683  93.3330 14.97557511 65275
KUIPER-00293
1 68593U 26072W   26145.50003471 -.00020817  00000-0 -16448-2 0  9991
2 68593  51.8887 289.2989 0013667 318.7433 323.3732 14.99787314  1309
IMS-1
1 32786U 08021D   26145.38441876  .00004401  00000-0  32149-3 0  9997
2 32786  97.9445 131.1737 0004784 155.2824 204.8631 15.04196842979772
ONEWEB-0671
1 55830U 23029AL  26145.47009255  .00000141  00000-0  32058-3 0  9994
2 55830  87.9150 309.5049 0001784  87.8250 272.3086 13.19727396155909
CUBESAT XI 5
1 28895U 05043F   26145.36827770  .00001189  00000-0  19515-3 0  9995
2 28895  98.2961 300.5153 0012780 278.4660  81.5098 14.72559828 98398
KUIPER-00147
1 65768U 25217G   26145.50116661  .00001518  00000-0  22809-3 0  9992
2 65768  51.8979  60.9291 0001138  72.5315 287.5772 14.79936945 36280
COSMOS 1136
1 11544U 79084G   26145.43379715 -.00000013  00000-0  17141-4 0  9993
2 11544  74.0232 194.1041 0015339  28.3402 343.0494 12.45310119121283
PROBA 1
1 26958U 01049B   26145.50139196  .00002481  00000-0  16317-3 0  9992
2 26958  97.9601 153.2436 0054474 198.3407 161.5857 15.07392768340204
HULIANWANG DIGUI-108
1 66918U 25285D   26145.52184191 -.00000102  00000-0  48176-4 0  9995
2 66918  50.0045 227.2854 0001055 214.3951 145.6853 13.29325274 23041
ONEWEB-0475
1 51655U 22012AK  26145.13774993  .00000073  00000-0  15432-3 0  9998
2 51655  87.9153  10.4565 0002153  68.3097 291.8263 13.17648992210657
KUIPER-00230
1 68579U 26072G   26145.37669610  .00023624  00000-0  64117-3 0  9997
2 68579  51.8773 287.0546 0001589 308.0607  52.0236 15.37483146  7879
COSMOS 2493 (SKRL 756)
1 39490U 13078A   26145.50255648  .00002472  00000-0  18636-3 0  9999
2 39490  82.4112 283.3775 0011928 326.2930  33.7535 15.02015285674558
CONNECTA IOT-15
1 67402U 26004AR  26145.25890276  .00002724  00000-0  13902-3 0  9991
2 67402  97.4565 144.4608 0005047  64.1904 295.9850 15.17555265 20253
ONEWEB-0512
1 54130U 22138T   26145.18419822  .00000067  00000-0  13448-3 0  9998
2 54130  87.9150 309.5587 0001789  82.4022 277.7313 13.19727080173778
TOMS EP
1 23940U 96037A   26145.48187280  .00000579  00000-0  13110-3 0  9999
2 23940  98.5091 313.6429 0024910 274.8415  84.9940 14.59882061588714
TECHSAT 1B
1 25397U 98043D   26145.44610884  .00000054  00000-0  43712-4 0  9993
2 25397  99.0063 137.6323 0000349 329.3516  30.7641 14.24423288448099
AEROCUBE 2
1 31133U 07012R   26145.41022364  .00001251  00000-0  22621-3 0  9996
2 31133  98.4359 129.7766 0072139  35.5967 325.0016 14.66628282 17017
SEDNA-1
1 60580U 24149DS  26145.43099264  .00007250  00000-0  49196-3 0  9990
2 60580  97.6636 226.0085 0010182  71.8242 288.4093 15.06678791 96961
ONEWEB-0442
1 51636U 22012Q   26145.57563487 -.00000220  00000-0 -60045-3 0  9995
2 51636  87.9155  10.3750 0002305  93.4938 266.6457 13.17648516210696
QIANFAN-101
1 66043U 25233L   26145.43119968  .00000244  00000-0  94639-4 0  9998
2 66043  89.0021  43.1784 0013530 211.4258 148.6129 14.26793311 31386
AETHER-1
1 58281U 23174AB  26145.23815322  .00163718  00000-0  10896-2 0  9997
2 58281  97.3815 237.9561 0005660 212.8251 147.2662 15.74915011142335
SHIYAN-33
1 68405U 26064A   26145.59592670  .00004478  00000-0  18914-3 0  9991
2 68405  97.4626 221.2298 0014634  32.9988 327.2159 15.23680880  9056
UPM/LBSAT
1 23607U 95033C   26145.39712489  .00000833  00000-0  10527-3 0  9991
2 23607  98.3048 115.9262 0004232 222.6351 137.4535 14.84729909662599
LEMUR-2-TARTIFLETTE
1 66784U 25276DZ  26145.13745818  .00007587  00000-0  63412-3 0  9994
2 66784  97.5251 216.5703 0013185 207.4417 152.6112 14.98715184 26744
ASTROCAST-0101
1 47430U 21006T   26145.45115667  .00231083  00000-0  14425-2 0  9995
2 47430  97.2294 213.1918 0003688 234.9443 125.1477 15.76219162296365
QIANFAN-56
1 62786U 25016B   26145.47236531  .00000096  00000-0  12996-3 0  9997
2 62786  88.9708  86.0224 0013773 234.4903 125.4964 13.51014131 69342
GLOBALSTAR M014
1 25306U 98023A   26145.43301106 -.00000084  00000-0 -12024-3 0  9990
2 25306  51.9867  18.0977 0000314 316.7494 214.5855 11.65485938231071
YAOGAN 20A
1 40109U 14047A   26145.54307334  .00000054  00000-0  15478-3 0  9994
2 40109  63.3790  77.5298 0388273  14.5512 346.6323 13.45439965579390
KUIPER-00262
1 67788U 26030AA  26145.48584552  .00074425  00000-0  97247-2 0  9999
2 67788  51.8998 216.0329 0001410 112.6596 247.4515 14.79755923 16790
COSMOS 624
1  6992U 73104H   26145.36149578 -.00000004  00000-0  74112-4 0  9996
2  6992  74.0273 178.4635 0086678 235.7494 149.2246 12.61290560414014
YAOGAN-33
1 47302U 20103A   26145.52595493  .00000309  00000-0  75575-4 0  9997
2 47302  98.0447  27.8270 0002679 181.1413 178.9781 14.58858779288000
YUNHAI 2-2E
1 59284U 24052E   26145.52276609  .00000035  00000-0  78642-4 0  9995
2 59284  50.0114  58.8279 0012044 339.2327  20.8097 14.27955175103691
QIANFAN-70
1 62800U 25016R   26145.46816209  .00000093  00000-0  12594-3 0  9990
2 62800  88.9729  86.1206 0013566 216.6626 143.3598 13.51013706 69346
YAOGAN-31 M
1 47857U 21020D   26145.49068706  .00000274  00000-0  56081-3 0  9990
2 47857  63.4075 316.3985 0172809   0.3951 359.7182 13.45447222255403
YAOGAN 9A
1 36413U 10009A   26145.46076718  .00000041  00000-0  93238-4 0  9998
2 36413  63.3661  57.0285 0535644  21.5615 340.7071 13.45696885796917
ONEWEB-0197
1 48236U 21031AC  26145.39109771  .00000207  00000-0  52454-3 0  9997
2 48236  87.8939 294.2333 0002071 102.4702 257.6660 13.14502754245196
IRIDIUM 4
1 24796U 97020E   26145.41105182  .00000286  00000-0  89464-4 0  9997
2 24796  86.3976  30.0634 0002329  87.2059 272.9405 14.37145519521616
COSMOS 1470
1 14147U 83061A   26145.50429670  .00016603  00000-0  33249-3 0  9996
2 14147  82.4693  37.4955 0009382  84.2667 275.9651 15.46558059 99594
EOLE 1 (CAS-A)
1 05435U 71071A   26145.46933559  .00000296  00000-0  96854-4 0  9998
2 05435  50.1368 166.6161 0101594  94.3933 266.8613 14.60250826872676
COSMOS 415
1  5214U 71041E   26145.33482360  .00000013  00000-0  19478-3 0  9998
2  5214  74.0127 117.0469 0031857 346.7908  13.2304 12.47496641506833
YUNHAI 2-2C
1 59282U 24052C   26145.52149948 -.00000003  00000-0  63552-4 0  9998
2 59282  50.0084 238.4794 0006293  84.5673 275.5960 14.27954959111568
YAOGAN-40 01A
1 57830U 23139A   26145.55428958  .00000117  00000-0  53079-4 0  9992
2 57830  85.9900 270.1094 0001834  98.0824 262.0568 14.12442439139507
PICO-01B009
1 58287U 23174AH  26145.86507032  .00127371  00000-0  83126-3 0  9990
2 58287  97.3787 241.1910 0004664 196.1326 163.9792 15.75478887142643
GAOFEN-5
1 43461U 18043A   26145.38639412  .00000300  00000-0  71848-4 0  9993
2 43461  98.4558 116.4963 0002598 124.6440 235.5005 14.60586669428368
CYGFM03
1 41891U 16078H   26145.07620524  .00025332  00000-0  31709-3 0  9997
2 41891  34.9417  25.2164 0007836 316.9957  43.0154 15.58745490525363
YAOGAN-43 02B
1 60946U 24156B   26145.56706756  .00010693  00000-0  44483-3 0  9998
2 60946  34.9953 340.2814 0004733 293.9752  66.0467 15.22985491 95993
IRIDIUM 111
1 41926U 17003K   26145.37632478  .00000187  00000-0  59777-4 0  9996
2 41926  86.3952  97.9152 0002868  82.1466 278.0055 14.34210433489981
GLOBALSTAR M042
1 25679U 99019D   26145.33833728 -.00000049  00000-0  40798-3 0  9997
2 25679  51.9981 165.0362 0003044 285.6192  86.9772 12.22104294227097
YUNYAO-1 20
1 58760U 24009C   26145.49758120  .00011090  00000-0  55661-3 0  9992
2 58760  49.9772 276.5084 0004158 208.8995 151.1728 15.17709339131248
GHOST-5
1 59130U 24043AJ  26145.33999693  .00012965  00000-0  30340-3 0  9996
2 59130  97.5561 288.9856 0006462 301.0336  59.0276 15.42251234123995
ONEWEB-0326
1 49195U 21083K   26145.23919166  .00000020  00000-0  18056-4 0  9993
2 49195  87.9168 340.0224 0002118  88.6239 271.5136 13.18685057226977
COSMOS 1393
1 13380U 82073F   26145.30740265  .00000002  00000-0  12097-3 0  9994
2 13380  74.0137  97.6978 0007840  37.8007 115.4245 12.47265131996287
YAOGAN-39 01B
1 57728U 23130B   26145.53970699  .00005439  00000-0  27780-3 0  9992
2 57728  34.9947 293.0811 0009722 241.9563 118.0166 15.16030140152047
CBERS 2B
1 32062U 07042A   26145.41531130  .00000212  00000-0  78246-4 0  9998
2 32062  98.3915  90.4637 0031968  44.9441  70.2959 14.41461397981406
GEESAT 3-05
1 61015U 24159E   26145.52504454  .00001757  00000-0  23510-3 0  9995
2 61015  50.0017 188.4231 0013781 327.1126  32.8954 14.84122225 93416
FALCONSAT
1 26064U 00004D   26145.54975275  .00000072  00000-0  43692-4 0  9991
2 26064 100.1897  70.9856 0037692 121.5041 238.9831 14.37263244379517
TIANMU-1 12
1 58646U 23205B   26145.47899743  .00005548  00000-0  21395-3 0  9995
2 58646  97.3450 167.1565 0009016  74.0430 286.1802 15.26675844134041
QUIKSCAT
1 25789U 99034A   26145.41261258  .00000256  00000-0  71709-4 0  9994
2 25789  98.2725  26.3452 0095190 353.0985   6.8893 14.51712225409215
IRIDIUM 144
1 43249U 18030A   26145.41628854  .00000208  00000-0  67209-4 0  9998
2 43249  86.3939 299.9249 0002058  90.6049 269.5383 14.34218249426870
COSMOS 650
1  7281U 74028A   26145.48755419 -.00000027  00000-0 -53644-4 0  9997
2  7281  74.0424 223.5918 0020490 101.7362 269.7593 12.69567447413297
KUIPER-00415
1 68930U 26098M   26145.46220761  .00012239  00000-0  38716-3 0  9992
2 68930  51.8768 177.4522 0011081  56.9779 303.2269 15.33122047  3854
GLOBALSTAR M079
1 37188U 10054A   26145.51207167 -.00000094  00000-0  53860-4 0  9994
2 37188  52.0012 177.6969 0000165 294.4169 228.9361 12.62265838719686
KUIPER-00042
1 64503U 25134D   26145.57244148  .00003759  00000-0  52166-3 0  9993
2 64503  51.8991 260.5822 0000395 117.6335 242.4668 14.79940499 51353
ONEWEB-0025
1 45138U 20008H   26145.21349781 -.00000144  00000-0 -44765-3 0  9994
2 45138  87.8870  40.8180 0001778  95.9599 264.1730 13.10378248305560
GLOBALSTAR M061
1 25964U 99062D   26145.45752191 -.00000065  00000-0  24673-3 0  9991
2 25964  51.9817  30.2520 0005202 249.5446 281.8457 11.76777882161472
COSMOS 2040
1 20234U 89074C   26145.37304644  .00000015  00000-0  26496-4 0  9995
2 20234  82.5854 261.9337 0005169  27.6021  27.6549 12.62627221690756
HORYU 2
1 38340U 12025D   26145.35459945  .00002695  00000-0  27936-3 0  9992
2 38340  98.2143 277.3640 0006965 253.0729 106.9725 14.90902453745328
NOAA 6
1 11416U 79057A   26145.36546959  .00000209  00000-0  88000-4 0  9997
2 11416  98.5643 175.0141 0009162 332.3297  27.7400 14.35481351447680
KONDOR FKA 1
1 56756U 23074A   26145.50391068  .00003717  00000-0  17701-3 0  9992
2 56756  97.4430 340.3889 0001748  93.4689 266.6746 15.19752855166246
KINEIS-4E
1 63300U 25056A   26145.48178211  .00001363  00000-0  22276-3 0  9995
2 63300  97.9012 270.0083 0001183 173.2099 186.9125 14.72407246 63789
ONEWEB-0065
1 45164U 20008AK  26145.43261392 -.00000621  00000-0 -18154-2 0  9990
2 45164  87.8860  40.8020 0002113  86.8896 273.2473 13.10374330304904
POISK
1 36086U 09060A   26145.42220529  .00009654  00000-0  18076-3 0  9991
2 36086  51.6330  52.7989 0007470  96.3597 263.8242 15.49365963568074
ONEWEB-0563
1 55800U 23029E   26145.41509073  .00000197  00000-0  45276-3 0  9995
2 55800  87.9165 279.0230 0001717  93.4773 266.6557 13.20771014158139
OSCAR 36 (UOSAT 12)
1 25693U 99021A   26145.33010571  .00000287  00000-0  51784-4 0  9990
2 25693  64.5527 131.1734 0029349 226.0280 133.8406 14.84235778463459
JAY-D2
1 62665U 25009BJ  26145.43958669  .00003495  00000-0  15535-3 0  9992
2 62665  97.3891 224.3173 0005403  65.4785 294.7014 15.22157402 75270
YAOGAN 17B
1 39240U 13046B   26145.53128340 -.00000150  00000-0 -57385-4 0  9996
2 39240  63.3850 149.2967 0424469  11.2901 349.7290 13.45469037625285
ONEWEB-0054
1 45158U 20008AD  26145.40454646  .00000238  00000-0  64442-3 0  9990
2 45158  87.8857  40.8008 0001827  81.9856 278.1478 13.10370441305046
GLOBAL-5
1 55983U 23041C   26145.53793362  .00014472  00000-0  37747-3 0  9995
2 55983  42.0018 333.5579 0006609 206.0238 154.0270 15.38569010178445
SUPERVIEW NEO 3-02
1 63208U 25051A   26145.54910140  .00009215  00000-0  37590-3 0  9998
2 63208  97.4516 224.9710 0001166 136.2367 223.8963 15.24651928 66390
FLOCK 4G 6
1 62660U 25009BD  26145.18227179  .00009338  00000-0  33368-3 0  9990
2 62660  97.3942 226.7318 0004546  71.2529 288.9204 15.29039828132983
JAY-C
1 62668U 25009BM  26145.44042924  .00003317  00000-0  14752-3 0  9997
2 62668  97.3962 224.7332 0005897  69.4930 290.6939 15.22175435132918
BUGSAT 1
1 40014U 14033E   26145.52055898  .00004651  00000-0  24880-3 0  9991
2 40014  98.0415 236.7498 0026872 257.5655 102.2568 15.15304995652400
COSMOS 679
1 07437U 74072C   26145.38589680 -.00000016  00000-0 -42266-5 0  9990
2 07437  74.0352 261.3559 0028399 275.5459  84.2350 12.44422897347686
HULIANWANG DIGUI-18
1 62978U 25030H   26145.54781696 -.00000095  00000-0  61822-4 0  9994
2 62978  50.0076 316.7236 0001272  94.4396 265.6622 13.29324342 62850
COSMOS 708
1  7663U 75012A   26145.33981757 -.00000021  00000-0  10271-3 0  9996
2  7663  69.2299 126.8823 0022727 134.6478 331.5293 12.68301655374630
CENTISPACE-1 S7
1 62576U 25007B   26145.50148735 -.00000074  00000-0  62674-4 0  9992
2 62576  54.9777  11.3372 0013467  29.5443 330.6272 13.80604898 71583
LEMUR-2 KATIE
1 67387U 26004AA  26145.59018350  .00002763  00000-0  29317-3 0  9995
2 67387  97.8038 144.8894 0003831 139.9571 220.1930 14.89864392 19940
COSMOS 2016
1 19921U 89028A   26145.46105127  .00000046  00000-0  32723-4 0  9994
2 19921  82.9631 204.3232 0038257 254.5214 116.5283 13.75341741862757
QIANFAN-137
1 69083U 26104L   26145.52697001  .00000164  00000-0  62976-4 0  9992
2 69083  88.9867 344.2043 0003863 164.6804 195.4506 14.25596723  1873
SURFSAT
1 23711U 95059B   26145.33166182 -.00000022  00000-0  41445-4 0  9997
2 23711 100.4961 174.5599 0368127 147.5644 226.1592 13.12855901463910
ONEWEB-0131
1 47277U 20100V   26145.54403841 -.00000207  00000-0 -61137-3 0  9999
2 47277  87.8949 355.1756 0001744  85.1816 274.9512 13.12443041261711
ORBCOMM FM 38
1 33060U 08031A   26145.33796410  .00001286  00000-0  18314-3 0  9992
2 33060  48.4390 122.4781 0004103  70.2282 289.9077 14.82998943965500
W-SERIES 4
1 64543U 25135R   26145.56945883  .02037290  19192-5  60051-3 0  9999
2 64543  97.4284 256.8644 0334720 161.2676 200.1257 15.62285956 51115
COSMOS 1617
1 15469U 85003A   26145.44034948  .00000027  00000-0  89624-4 0  9997
2 15469  82.6098 130.4216 0001704  48.4413  72.2652 12.62552414905564
PRATHAM
1 41783U 16059A   26145.46512648  .00000614  00000-0  11677-3 0  9994
2 41783  97.8321 143.3221 0029823 292.1929  67.6113 14.67160519516184
PUNCH-WFI03
1 63180U 25047C   26145.47813067  .00000463  00000-0  77389-4 0  9991
2 63180  97.9545 330.9385 0008836 237.3669 122.6688 14.74320885 64714
LPNTSAT-002
1 68409U 26065B   26145.59773080  .00006730  00000-0  32472-3 0  9990
2 68409  97.4042  26.5935 0015874  79.8034 280.4990 15.18896327  8810
RESOURCESAT 2A
1 41877U 16074A   26145.47807304  .00000371  00000-0  18948-3 0  9990
2 41877  98.7525 219.1674 0003037 127.1920 232.9535 14.21608675491070
COSMOS 717
1 07684U 75016G   26145.49045340 -.00000022  00000-0 -50126-4 0  9995
2 07684  74.0049  63.1978 0035002  54.7155 128.9965 12.39834337319020
KUIPER-00145
1 65767U 25217F   26145.47009665  .00001314  00000-0  20131-3 0  9992
2 65767  51.9014  58.5807 0000751 102.4048 257.6999 14.79936632 36318
YAOGAN-31 L
1 47856U 21020C   26145.49062794  .00000150  00000-0  37046-3 0  9993
2 47856  63.4064 317.1089 0172740   0.5330 359.5849 13.45447258255352
BLUEBON
1 62688U 25009CH  26145.49745177  .00007556  00000-0  26017-3 0  9990
2 62688  97.3981 228.6621 0002903  82.2228 277.9342 15.30326660 75507
ONEWEB-0222
1 48775U 21045J   26145.38319041  .00000160  00000-0  39109-3 0  9992
2 48775  87.8998 263.7288 0001636  99.2090 260.9226 13.15547218241408
YUNYAO-1 47
1 63348U 25059E   26145.51266400  .00003330  00000-0  20272-3 0  9992
2 63348  97.6091 327.0373 0014822 232.6465 127.3415 15.11026543 64874
ASTROCAST-0401
1 55110U 23001DF  26145.51774600  .00010846  00000-0  40630-3 0  9991
2 55110  97.5551 238.2455 0006417 287.3356  72.7181 15.27438902187741
SKYSAT C2
1 41773U 16058D   26145.02430999  .00011228  00000-0  26985-3 0  9993
2 41773  97.0185 167.9998 0005080 119.8267 240.3486 15.41468443541489
FLOCK 4Q 33
1 58308U 23174BE  26145.22957947  .00033889  00000-0  48614-3 0  9991
2 58308  97.3854 236.4701 0005966 195.9073 164.1995 15.56054968142264
AEROCUBE 6A
1 40045U 14033AM  26145.37892601  .00005346  00000-0  45270-3 0  9997
2 40045  97.7211 312.5788 0039556  91.9424 268.6329 14.97811481643208
COSMOS 1694
1 16142U 85094E   26145.62953047  .00000005  00000-0 -32464-4 0  9993
2 16142  82.6073 276.6163 0012436 117.0224 253.9946 12.63684293873815
FLOCK 4H 24
1 66727U 25276BP  26145.10329231  .00005674  00000-0  27010-3 0  9994
2 66727  97.4240 219.0937 0005643  95.3213 264.8666 15.19533517 26914
KUIPER-00263
1 68586U 26072P   26145.76296347  .00037010  00000-0  98888-3 0  9997
2 68586  51.8769 285.1449 0000574  75.4228 284.6823 15.37730039  7938
CHAMRAN-1
1 61072U 24165B   26145.50485137  .00004326  00000-0  26236-3 0  9992
2 61072  64.0746 116.7470 0051992 308.0780  51.5650 15.10877200 93233
ICEYE-X21
1 55049U 23001AS  26145.48643991  .00187311  15746-4  46505-3 0  9992
2 55049  97.3244 229.8772 0004494 183.3607 176.7640 15.95884979189981
ONEWEB-0195
1 48240U 21031AG  26145.37456392 -.00000025  00000-0 -10171-3 0  9994
2 48240  87.8954 294.2462 0001513 107.5027 252.6268 13.14505118245159
HAIYANG 3A
1 58349U 23176A   26145.49310498  .00000102  00000-0  51926-4 0  9994
2 58349  98.5466 223.7206 0010874  93.3806 266.8623 14.34164594132066
HULIANWANG DIGUI-08
1 62330U 24240H   26145.53022723  .00000071  00000-0  13091-3 0  9993
2 62330  86.5036 351.0410 0001308  92.3167 267.8116 13.24408616 69649
SHIYAN 20C (SY-20C)
1 54214U 22142A   26145.58147752  .00000016  00000-0  59543-4 0  9991
2 54214  59.9978  15.0599 0008442 299.4753  60.5440 14.29512984186460
UNAMSAT
1 24305U 96052B   26145.36590364  .00000071  00000-0  59427-4 0  9999
2 24305  82.9358  97.0988 0029172 317.7211  42.1695 13.74082226489480
ONEWEB-0354
1 49217U 21083AH  26145.33092139  .00000135  00000-0  29885-3 0  9999
2 49217  87.9177 278.9950 0002130 109.3538 250.7826 13.20771930233796
YAOGAN 3
1 32289U 07055A   26145.50710569  .00002551  00000-0  26584-3 0  9993
2 32289  97.8171 175.6098 0001934  95.9905 264.1533 14.90680876  2497
COSMOS 2333
1 24297U 96051A   26145.37380516 -.00000274  00000-0 -11899-3 0  9992
2 24297  70.9062  22.8945 0024628 342.1743  17.8511 14.13838667533074
GLOBALSTAR M066
1 32265U 07048C   26145.35342516 -.00000070  00000-0  20886-3 0  9999
2 32265  51.9563 123.4604 0005013 353.5505 172.7554 12.30388876857416
STERKH
1 35636U 09039B   26145.41463112  .00000084  00000-0  55052-4 0  9997
2 35636  82.9583  43.3405 0018992 317.7218  42.2481 13.90323176853896
TANSEI 1 (MS-T1)
1 04952U 71011A   26145.19857098  .00000081  00000-0  20051-4 0  9996
2 04952  29.6661  99.9506 0079663 150.7116 229.7544 13.58637590745402
QIANFAN-6
1 60384U 24140F   26145.45514079  .00000081  00000-0  10721-3 0  9998
2 60384  88.9719 282.0412 0015086  85.9101 274.3775 13.51009085 89608
GAOFEN 3 03
1 52200U 22035A   26145.54307534  .00000186  00000-0  69722-4 0  9995
2 52200  98.4071 154.4525 0000961  86.7163 273.4136 14.42220719217584
SHIJIAN 6 04A (SJ-6 04A)
1 37179U 10051A   26145.54565303  .00008165  00000-0  40732-3 0  9992
2 37179  97.8296 167.9623 0017106 307.0576  52.9091 15.17674065853517
IPERDRONE.0
1 60520U 24149BE  26145.15951766  .00066801  00000-0  72921-3 0  9996
2 60520  97.3772 237.2959 0001121 308.7047  51.4111 15.63150510 99313
SERT 2
1  4327U 70009A   26145.43817983 -.00000012  00000-0  40411-4 0  9991
2  4327  99.2837  84.3730 0004577 340.7103 132.1381 13.58737621790314
STRIX-4
1 60352U 24137A   26145.46804175  .00018570  00000-0  60040-3 0  9990
2 60352  43.0164  54.1836 0016447 159.3647 200.7874 15.31635248100535
ALSAT 2A
1 36798U 10035D   26145.48574356  .00000491  00000-0  81068-4 0  9993
2 36798  97.7633 148.9974 0001275  67.6954 292.4390 14.74440544850418
RUBIN 2
1 27605U 02058A   26145.55492159  .00000346  00000-0  63454-4 0  9992
2 27605  64.5526 200.1315 0079139 267.3097  91.8947 14.79415595261237
ORS 5 SENSORSAT
1 42921U 17050A   26145.51111000  .00002482  00000-0  12606-3 0  9992
2 42921   0.0497 315.5872 0010481  83.6663 320.8225 15.00806116477634
YAOGAN-30 C
1 42947U 17058C   26145.50558838  .00002152  00000-0  15319-3 0  9999
2 42947  34.9960 159.3072 0004646 358.3874   1.6819 15.04368091472403
QIANFAN-135
1 69081U 26104J   26145.96693295  .00000086  00000-0  33858-4 0  9999
2 69081  88.9867 344.1549 0002351 188.5710 171.5441 14.19619586  1939
TOPSAT
1 28891U 05043B   26145.33886389  .00000344  00000-0  74154-4 0  9992
2 28891  98.3052 283.2703 0015660   0.5064 359.6151 14.64516577 97254
ONEWEB-0252
1 48970U 21060D   26145.51266022  .00000043  00000-0  79017-4 0  9994
2 48970  87.9105 233.2718 0002130  94.3378 265.7996 13.16596247236678
ONEWEB-0424
1 50497U 21132AE  26145.28795034 -.00001333  00000-0 -34147-2 0  9993
2 50497  87.9167 340.0115 0001462 108.5257 251.6034 13.18694248218626
YAOGAN-30 E
1 43029U 17075B   26145.41534252  .00002475  00000-0  18451-3 0  9992
2 43029  34.9948  49.0154 0002844  19.6983 340.3834 15.02561700463931
VELOX C1
1 41166U 15077A   26145.51146568  .00021032  00000-0  35595-3 0  9990
2 41166  14.9822 259.9818 0004396 251.0999 108.8850 15.48888762579205
ARVAKER-2
1 64567U 25135AR  26145.52210508  .00002001  00000-0  19575-3 0  9998
2 64567  97.7713 259.9358 0002364  64.7814 295.3650 14.93447296 50497
KUIPER-00112
1 65150U 25171U   26145.35762610  .00001871  00000-0  27312-3 0  9996
2 65150  51.9004 176.5650 0000670 326.6530  33.4390 14.80130077 44276
CAPELLA-17 (ACADIA)
1 64583U 25135BH  26145.32844418  .00007218  00000-0  72588-3 0  9995
2 64583  97.7659 259.2927 0006583  82.0309 278.1656 14.91501742 50443
ONEWEB-0495
1 54115U 22138C   26145.39270742  .00000094  00000-0  20275-3 0  9996
2 54115  87.9151 309.5152 0001440  73.7715 286.3576 13.19726425173810
EO 1
1 26619U 00075A   26145.38352517  .00000554  00000-0  10248-3 0  9990
2 26619  98.1158 102.3877 0008541 191.5285 168.5726 14.69163768643240
EPIC ATHENA
1 64871U 25154C   26145.43178389  .00001186  00000-0  11647-3 0  9992
2 64871  97.6683 209.7731 0005777 333.1398  26.9522 14.94019946 45611
KUIPER-00076
1 64823U 25151H   26145.48206101  .00001142  00000-0  17873-3 0  9994
2 64823  51.9020 313.5184 0001050 134.1620 225.9429 14.79934459 46783
QIANFAN-76
1 63162U 25046D   26145.47469068  .00000155  00000-0  22105-3 0  9991
2 63162  88.9692 303.1535 0013940  22.8258 337.3510 13.51008564 69466
COSMOS 946
1 10292U 77079H   26145.45120153 -.00000025  00000-0 -68572-4 0  9994
2 10292  74.0243 216.2655 0030227  61.1103 311.1177 12.44919777196074
S6 MICHAEL FREILICH
1 46984U 20086A   26145.52153442 -.00000035  00000-0  11462-3 0  9997
2 46984  66.0391 182.1298 0007936 270.2737  89.7369 12.80929185257429
HULIANWANG DIGUI-143
1 67441U 26007G   26145.42656196 -.00000077  00000-0  10065-3 0  9994
2 67441  50.0080 167.2829 0000743 278.8563  81.2225 13.29323932 17763
AISTECHSAT-2
1 43768U 18099L   26145.57123890  .00004832  00000-0  26088-3 0  9992
2 43768  97.4311 194.1026 0005318  37.1389 323.0210 15.15177598408851
ONEWEB-0111
1 47261U 20100D   26145.32888491  .00000289  00000-0  76848-3 0  9999
2 47261  87.8960 355.2070 0001844  83.1928 276.9410 13.12444174261560
KUIPER-00245
1 67150U 25301T   26145.32025531  .00003026  00000-0  42556-3 0  9995
2 67150  51.9022 104.2858 0000812  58.8801 301.2240 14.79958202 24835
GLOBALSTAR M082
1 38042U 11080C   26145.15603962 -.00000101  00000-0  15101-4 0  9992
2 38042  52.0094  44.6042 0000393  75.3454  89.3088 12.62269415666688
IRIDE FM5
1 66699U 25276AK  26145.15029503  .00007612  00000-0  35857-3 0  9998
2 66699  97.4203 219.0934 0005445  95.3990 264.7866 15.19785715 26921
MAUVE
1 66756U 25276CU  26145.48728594  .00007287  00000-0  33843-3 0  9995
2 66756  97.4212 219.5780 0002835  67.4589 292.6946 15.20300499 26982
HULIANWANG DIGUI-116
1 66955U 25287C   26145.38669105  .00000031  00000-0  38878-4 0  9993
2 66955  86.4871 289.9848 0001590 112.9659 247.1643 13.24410211 22328
COSMOS 841
1  9022U 76069A   26145.54557668  .00000110  00000-0  45958-4 0  9992
2  9022  74.0436 342.6191 0011940  69.6905 290.5530 14.36822807609128
COSMOS 1157
1 11692U 80012B   26145.35013582  .00000005  00000-0  12857-3 0  9996
2 11692  74.0184 159.8437 0038725  72.8950 307.1442 12.54568681119589
RASSVET-3 10
1 68369U 26061K   26145.17870502  .00088327  17119-5  24207-3 0  9995
2 68369  82.2965  37.7846 0014958 175.9491 184.1907 15.93702667  9931
TIANMU-1 03
1 55973U 23039A   26145.53942837  .00014304  00000-0  28946-3 0  9999
2 55973  97.5230 318.6357 0003602 157.4757 202.6651 15.46548490177336
LEMUR 2 KARENDARRELL
1 64841U 25135BU  26145.56981353  .00006691  00000-0  54617-3 0  9995
2 64841  97.7669 261.8248 0008297 291.3578  68.6760 14.99730024 50626
FLOCK 4H 18
1 66721U 25276BH  26145.51149440  .00005783  00000-0  27581-3 0  9999
2 66721  97.4182 219.3241 0005572 104.9641 255.2211 15.19460805 26972
LEMUR 2 HUBBLE-4
1 64565U 25135AP  26145.88832011  .00001714  00000-0  16876-3 0  9995
2 64565  97.7660 260.0690 0002996  36.1889 323.9533 14.93377278 50540
NINGXIA-1 7
1 49019U 21064B   26145.56334253  .00000185  00000-0  18342-3 0  9990
2 49019  45.0038 329.5407 0006458 132.9372 227.2008 14.08548227251050
SENTINEL 2A
1 40697U 15028A   26145.48742288  .00000207  00000-0  95469-4 0  9999
2 40697  98.5682 220.6607 0001098  84.7149 275.4159 14.30816547570486
COSMOS 2061
1 20527U 90023A   26145.57477613  .00000064  00000-0  53589-4 0  9992
2 20527  82.9372 186.0694 0030195 330.1973 193.9644 13.72382187811702
FLOCK 4G 7
1 62624U 25009R   26145.22268879  .00011434  00000-0  41144-3 0  9998
2 62624  97.3945 226.6789 0003709  66.3341 293.8288 15.28756826 75395
ICEYE-X35
1 58302U 23174AY  26145.53612887  .00039289  00000-0  69506-3 0  9993
2 58302  97.3801 229.5198 0007880 264.2237  95.8116 15.50181137141832
KUIPER-00177
1 67766U 26030C   26145.53457181  .00000931  00000-0  15115-3 0  9994
2 67766  51.9000 233.3129 0000525  88.6363 271.4660 14.79927758 16550
CONNECTA IOT-5
1 62703U 25009CY  26145.17910146  .00001039  00000-0  10244-3 0  9998
2 62703  97.7027 224.2174 0003649 121.5943 238.5634 14.94105617 73932
HULIANWANG DIGUI-146
1 67522U 26013A   26145.52999871 -.00000086  00000-0  81268-4 0  9996
2 67522  50.0083  77.1499 0000975  26.7482 333.3441 13.29328466 17033
SATELIOT_1
1 60550U 24149CL  26145.11534081  .00001168  00000-0  10393-3 0  9992
2 60550  97.6758 221.3993 0007308 140.6289 219.5466 14.97963137 96612
IRIDE FM1
1 66695U 25276AF  26145.44357992  .00005176  00000-0  23945-3 0  9990
2 66695  97.4202 219.6100 0002174  77.8991 282.2488 15.20574033 26981
COSMOS 2301
1 23443U 94086C   26145.50724347  .00000027  00000-0  94165-4 0  9991
2 23443  82.5719 335.2910 0001660 172.6056 214.6617 12.62226491447044
ONEWEB-0143
1 47289U 20100AH  26145.52371352 -.00000317  00000-0 -91778-3 0  9997
2 47289  87.8958 355.1745 0001808  86.4096 273.7239 13.12441582261673
FLOCK 4H 25
1 66728U 25276BQ  26145.46038103  .00005245  00000-0  24399-3 0  9990
2 66728  97.4199 219.5806 0001658  79.2043 280.9379 15.20374455 26266
KUIPER-00208
1 67775U 26030M   26145.51696404  .00001395  00000-0  22890-3 0  9998
2 67775  51.8968 229.6417 0006992 326.9658  33.0865 14.76530687 16602
SDA_1674
1 65984U 25230L   26145.49790078 -.00004447  00000-0 -40298-2 0  9992
2 65984  81.3012 232.6947 0000885 234.5705 125.5368 13.83823242 30671
HULIANWANG DIGUI-118
1 66957U 25287E   26145.37159702  .00000046  00000-0  72922-4 0  9995
2 66957  86.4906 290.0414 0001548 110.6020 249.5280 13.24411573 22326
ONEWEB-0415
1 51624U 22012C   26145.40786460  .00000114  00000-0  29148-3 0  9991
2 51624  87.8849  40.8000 0001591  84.4511 275.6798 13.10370287206302
KUIPER-00290
1 68592U 26072V   26145.10861047  .00039188  00000-0  10951-2 0  9999
2 68592  51.8655 288.9477 0011217 304.7626  55.2304 15.36253379  7827
COSMOS 2067
1 20552U 90029D   26145.17444152 -.00000022  00000-0 -35575-4 0  9995
2 20552  73.9839  41.8149 0040229 195.4026 319.1507 12.57937646659305
TIANQI 23
1 57794U 23135C   26145.53550029  .00000355  00000-0  22574-3 0  9999
2 57794  49.9725 247.8415 0014390 180.7241 179.3653 14.23145589141407
OSCAR 32
1 19071U 88033B   26145.40434372  .00000049  00000-0  79912-4 0  9990
2 19071  90.3304  21.7058 0189720  72.1096  99.6252 13.27977451844379
SPOQC
1 68423U 26067H   26145.58377057  .00004849  00000-0  23756-3 0  9995
2 68423  97.4489 104.3851 0002108  70.0842 290.0620 15.18613246  8510
FLOCK 4G 35
1 62683U 25009CC  26145.50440319  .00029956  00000-0  80063-3 0  9996
2 62683  97.3972 228.9179 0004062  59.3282 300.8363 15.38024700133182
FOSSASAT2E24
1 66780U 25276DV  26145.15186011  .00003334  00000-0  16391-3 0  9996
2 66780  97.4180 218.8854 0004185 190.8776 169.2369 15.18706281 26913
COSMOS 2553
1 51511U 22011A   26145.44648117 -.00000052  00000-0 -46323-3 0  9992
2 51511  67.0948  41.6460 0003950 274.0965  85.9526 11.32845653177862
ONEWEB-0590
1 54656U 22166Q   26145.51299988  .00000107  00000-0  22821-3 0  9998
2 54656  87.9260 248.4813 0002234 111.3961 248.7411 13.21826214168533
ONEWEB-0410
1 51622U 22012A   26145.58829827 -.00000011  00000-0 -61369-4 0  9993
2 51622  87.9164  10.3492 0003068  97.0860 263.0621 13.17650440210722
WILDFIRE 1
1 57764U 23133H   26145.43423210  .00000096  00000-0  73972-4 0  9995
2 57764  81.0014  28.8359 0007401  64.6007 295.5915 13.85726877137905
COSMOS 1680
1 16011U 85079A   26145.59356577  .00000099  00000-0  44733-4 0  9996
2 16011  74.0544   6.1201 0015167 189.1279 170.9600 14.34154274128562
ONEWEB-0347
1 49280U 21090B   26145.39319860 -.00000939  00000-0 -23431-2 0  9990
2 49280  87.9178 278.9852 0001894  91.7672 268.3678 13.20761425228036
YAOGAN-36 03B
1 54374U 22160C   26145.45418006  .00004929  00000-0  22044-3 0  9999
2 54374  34.9912 148.3444 0009198 306.2318  53.7545 15.20664252194265
YAOGAN-39 02C
1 57890U 23145E   26145.65838228  .00005945  00000-0  29072-3 0  9990
2 57890  34.9952   4.8779 0006140 223.4405 136.5824 15.17555362149439
FORTE
1 24920U 97047A   26145.46884564  .00000146  00000-0  82091-4 0  9992
2 24920  69.9540  65.3350 0024173 305.0344  54.8509 14.27934586495446
LEMUR 2 SQUIRRELCOMM
1 60578U 24149DQ  26145.21522753  .00006148  00000-0  41628-3 0  9994
2 60578  97.6713 226.2045 0007145 123.1592 237.0322 15.06840349 96949
DUMMY MASS 2
1 24926U 97048B   26145.25340880  .00000313  00000-0  31673-4 0  9990
2 24926  86.3337 338.7154 0008674  40.1451 320.0414 14.87078589555732
HULIANWANG DIGUI-02
1 62324U 24240B   26145.49237653  .00000035  00000-0  47648-4 0  9997
2 62324  86.5029 351.0507 0001522  81.7563 278.3744 13.24409101 69645
YAOGAN-39 04A
1 58141U 23163A   26145.35764163  .00006961  00000-0  28919-3 0  9991
2 58141  34.9996 128.3131 0005147 176.5463 183.5288 15.23108783144090
LANDSAT 1 (ERTS 1)
1  6126U 72058A   26145.34225645 -.00000153  00000-0 -75109-4 0  9993
2  6126  99.3372 174.7008 0007263 321.7041  38.3605 13.97832151744766
ONEWEB-0558
1 56059U 23043P   26145.58378201  .00000047  00000-0  82612-4 0  9993
2 56059  87.9252 248.4759 0001784 108.9505 251.1823 13.21825698155252
TIANMU-1 09
1 57401U 23101C   26145.48209325  .00006040  00000-0  21360-3 0  9990
2 57401  97.2556 195.8766 0002548 185.5209 174.6004 15.29527124158176
FENGYUN 3F
1 57490U 23111A   26145.49575780  .00000041  00000-0  39684-4 0  9995
2 57490  98.6841 215.9262 0001446 109.8746 250.2586 14.19934528145644
GEESAT 3-08
1 61018U 24159H   26145.49493183  .00001284  00000-0  17872-3 0  9999
2 61018  50.0040 188.3237 0027866   5.2806 354.8422 14.84139917 93400
IRIDIUM 131
1 43079U 17083K   26145.44508295  .00000059  00000-0  13858-4 0  9990
2 43079  86.3961 331.6873 0002178  90.8007 269.3438 14.34217895440840
ORBCOMM FM 22
1 25476U 98053B   26145.55360637  .00000733  00000-0  27881-3 0  9994
2 25476  45.0076  78.8803 0001216 137.2953 222.7991 14.39406468446586
COSMOS 2390
1 27464U 02036A   26145.53399310  .00000009  00000-0 -69242-5 0  9993
2 27464  82.4860 359.1231 0024921 309.9961  49.8932 12.44622145 84853
ZY-1 02D
1 44528U 19059A   26145.48504625  .00000447  00000-0  17027-3 0  9994
2 44528  98.3197 207.7726 0001591 142.5053 217.6244 14.35452787351088
COSMOS 1181
1 11803U 80039A   26145.48745959  .00000028  00000-0  13507-4 0  9992
2 11803  82.9437 232.5669 0021041 305.1553  64.8774 13.74202869306840
TIANQI 32
1 61198U 24170D   26145.53717926  .00000053  00000-0  12388-3 0  9990
2 61198  44.8602 238.4447 0007862 317.3916  42.6304 13.99154771 81360
FORMOSAT 3A
1 29047U 06011A   26145.59916264  .00000319  00000-0  13438-3 0  9995
2 29047  71.9780 357.6615 0049867 276.7070  82.8394 14.31376758 51175
ONEWEB-0412
1 50489U 21132W   26145.49365736  .00000049  00000-0  92506-4 0  9995
2 50489  87.9167 339.9731 0001952  79.5100 280.6252 13.18687684218660
IRIDIUM 159
1 43578U 18061K   26145.32215809  .00000032  00000-0  44795-5 0  9990
2 43578  86.3967  66.2654 0002300  86.7194 273.4265 14.34217948410105
YIJIAN
1 41899U 16081B   26145.45656433  .00000526  00000-0  11803-3 0  9990
2 41899  98.5374 142.6525 0021409  22.7124 337.5018 14.60732237501275
ONEWEB-0341
1 49207U 21083X   26145.07381150  .00000023  00000-0  25263-4 0  9996
2 49207  87.9163 340.0594 0001713 104.5639 255.5683 13.18685722226943
JAS 1 (FUJI 1)
1 16909U 86061B   26145.53402226 -.00000101  00000-0 -28142-4 0  9993
2 16909  50.0141 223.0056 0011186 104.0500 270.0537 12.44486152809270
COSMOS 475
1  5846U 72009A   26145.38056814  .00000014  00000-0  37014-4 0  9998
2  5846  74.0469 168.2860 0021651  80.7291  19.2433 13.76418167723950
ORBCOMM FM 36
1 25984U 99065E   26145.54813168  .00000658  00000-0  25622-3 0  9990
2 25984  45.0390 267.0577 0004717 215.9764 144.0768 14.39149543383724
COSMOS 2230
1 22307U 93001A   26145.37918256  .00000083  00000-0  72519-4 0  9995
2 22307  82.9395 305.3737 0023519 226.2889 146.0494 13.73888058663955
MICROSCOPE
1 41457U 16025B   26145.28240077  .00000730  00000-0  16344-3 0  9994
2 41457  98.2445 158.0821 0001003  92.1993 267.9322 14.59543561535385
CARB
1 64899U 25156A   26145.45068199  .00000451  00000-0  79054-4 0  9994
2 64899  97.9833 222.9938 0015962 349.8920  10.1964 14.72297887 44622
QPS-SAR-5 TSUKUYOMI-I
1 58578U 23196A   26145.47046786  .00012178  00000-0  52797-3 0  9996
2 58578  42.0087 145.2159 0024451 131.7398 228.5531 15.21989244134785
HULIANWANG DIGUI-66
1 65172U 25174J   26145.50362749  .00000062  00000-0  11073-3 0  9997
2 65172  86.4912 259.5788 0001875  94.3452 265.7897 13.24404146 37783
COSMOS 2591
1 65267U 25182A   26145.47797872  .00079148  42434-5  19145-3 0  9997
2 65267  96.5883  77.1303 0003681 190.4049 169.7154 15.96445196 44071
GLOBALSTAR M065
1 31571U 07020A   26145.35888476 -.00000080  00000-0  13267-3 0  9994
2 31571  51.9897 264.7843 0009349 348.8562  28.4562 12.62030397876611
IONOSFERA-M 04
1 64877U 25155B   26145.47471267  .00000049  00000-0  42066-4 0  9991
2 64877  98.6013 107.8711 0000531  76.2079 283.9158 14.21484088 43177
COSMOS 2192
1 21981U 92030F   26145.52919744 -.00000015  00000-0  41928-5 0  9990
2 21981  74.0046  59.2619 0008363  45.3297 127.3827 12.46694031546287
COSMOS 2428
1 31792U 07029A   26145.41822364 -.00000244  00000-0 -10540-3 0  9993
2 31792  70.9395  42.2829 0007596 178.0054 182.1099 14.12934596974932
COSMOS 1827
1 17582U 87026A   26145.39619174  .00000013  00000-0  14022-4 0  9991
2 17582  82.5705 206.7075 0011864 201.7875 158.2715 12.65016767809769
KUIPER-00500
1 68882U 26095U   26145.50003471 -.02230248  00000-0 -12748+0 0  9996
2 68882  51.8878 353.0033 0004656 224.3464 265.7659 15.15690822  5457
KUIPER-00108
1 65146U 25171Q   26145.42238401  .00002078  00000-0  30147-3 0  9995
2 65146  51.9006 181.3122 0000313  41.7470 318.3516 14.79942191 44229
SAC C
1 26620U 00075B   26145.50480530  .00000421  00000-0  92184-4 0  9996
2 26620  98.4974 156.6871 0001641  91.1836 268.9553 14.62899070357507
ONEWEB-0548
1 56050U 23043E   26145.32505948  .00000100  00000-0  22771-3 0  9995
2 56050  87.9104 233.3096 0002362  92.3516 267.7886 13.16594588155951
ONEWEB-0266
1 48984U 21060T   26145.25458399  .00000055  00000-0  10979-3 0  9994
2 48984  87.9106 233.3278 0002033 102.1834 257.9525 13.16593235236566
KUIPER-00105
1 65143U 25171M   26145.38310068  .00007309  00000-0  98455-3 0  9995
2 65143  51.8993 186.5161 0000992  66.2413 293.8654 14.80025349 44142
COSMOS 1741
1 16681U 86030A   26145.53606130  .00000105  00000-0  46930-4 0  9993
2 16681  74.0234  89.1701 0018393  13.6431 346.5213 14.33925517 95965
BLACKJACK ACES-1
1 56956U 23084AA  26145.49503218  .00006150  00000-0  30355-3 0  9999
2 56956  97.6164 280.3817 0001475  95.1694 264.9708 15.18261016113457
HULIANWANG DIGUI-59
1 65165U 25174B   26145.45834779  .00000026  00000-0  25290-4 0  9997
2 65165  86.4919 259.5786 0001866  98.1671 261.9674 13.24404411 37781
ICEYE-X52
1 64572U 25135AW  26145.55868567  .00001416  00000-0  14003-3 0  9991
2 64572  97.7720 260.0610 0003116  67.1096 293.0452 14.93463453 50500
VANGUARD 2
1 00011U 59001A   26145.48507849  .00001006  00000-0  51352-3 0  9996
2 00011  32.8728 171.0810 1445412 287.6860  57.1401 11.90442255532764
VANGUARD 3
1 00020U 59007A   26145.22373398  .00000321  00000-0  11571-3 0  9992
2 00020  33.3570 349.6181 1638318 290.4725  52.7855 11.61953190481940
EXPLORER 7
1    22U 59009A   26145.45848106  .00009604  00000-0  32541-3 0  9998
2    22  50.2416 212.4719 0078815  32.3388 328.2368 15.28273307796873
TIROS 1
1 00029U 60002B   26145.22699357  .00000315  00000-0  71248-4 0  9995
2 00029  48.3766 133.7607 0021959 171.4947 188.6343 14.78741478538733
TRANSIT 2A
1 00045U 60007A   26145.17580825  .00000103  00000-0  51225-4 0  9999
2 00045  66.6941  61.0640 0248218 177.7036 182.5272 14.35950554376741
SOLRAD 1 (GREB)
1 00046U 60007B   26145.43222334  .00000325  00000-0  79381-4 0  9996
2 00046  66.6882 290.2816 0200801 309.0900  49.2498 14.54845540453691
COURIER 1B
1 00058U 60013A   26145.57309545  .00000093  00000-0  16041-4 0  9997
2 00058  28.3274 254.4833 0164939  20.5362 340.1723 13.46429553231019
EXPLORER 11
1   107U 61013A   26145.50040436  .00001592  00000-0  17432-3 0  9996
2   107  28.7816  87.2445 0493867 276.4155  78.0429 14.22015517273267
TRANSIT 4A
1 00116U 61015A   26145.48559069  .00000010  00000-0  65735-4 0  9996
2 00116  66.8097 306.3799 0081909 287.4506  71.7632 13.92327421293545
SOLRAD 3/INJUN 1
1 00117U 61015B   26145.49839408 -.00000031  00000-0  35998-4 0  9998
2 00117  66.8135  60.4584 0082847 310.5146  48.8734 13.90188224290908
TIROS 3
1 00162U 61017A   26145.29291266 -.00000003  00000-0  45152-4 0  9994
2 00162  47.8984 113.0801 0044256 237.8738 121.7856 14.45386043388461
TRANSIT 4B
1   202U 61031A   26145.18535028  .00000044  00000-0  28099-4 0  9995
2   202  32.4359 117.5077 0100795  40.1078 320.6933 13.63790864217858
TRAAC
1   205U 61031B   26145.36175682  .00000047  00000-0  29418-4 0  9993
2   205  32.4411 272.3579 0101694 159.8082 200.6600 13.62572471215957
TIROS 4
1   226U 62002A   26145.38472528 -.00000015  00000-0  42035-4 0  9992
2   226  48.2945 113.9875 0075766 158.7092 201.6987 14.47177153365143
TIROS 5
1   309U 62025A   26145.42322872  .00000321  00000-0  86988-4 0  9994
2   309  58.0911 303.4075 0178266 233.6980 124.7474 14.60635090378507
FTV 3502
1   369U 62039A   26145.48698266  .00001238  00000-0  12120-3 0  9998
2   369  98.4578 228.1855 0078587 200.9870 158.8117 14.92185788412228
TIROS 6
1   397U 62047A   26145.53098394  .00000991  00000-0  10824-3 0  9994
2   397  58.3035 352.2593 0013004 117.1754 243.0621 14.95959087408937
ALOUETTE 1 (S-27)
1 00424U 62049A   26145.39465665  .00000087  00000-0  90082-4 0  9991
2 00424  80.4663 278.9392 0022074 296.0096  63.8776 13.69586378177992
ANNA 1B
1 00446U 62060A   26145.57885764 -.00000103  00000-0  44404-4 0  9991
2 00446  50.1422  76.8940 0070235 308.4778 223.7371 13.35362726100686
EXPLORER 16
1   506U 62070A   26145.29147337 -.00000040  00000-0  67096-4 0  9997
2   506  52.0018 152.7760 0275444 263.4123  93.5379 13.85789129205583
TRANSIT 5B-1
1 00670U 63038B   26145.23190265  .00000082  00000-0  12331-3 0  9992
2 00670  89.9623 332.9908 0043525  99.7522 260.8545 13.44679535 71105
RADIATION SAT (5E 1)
1 00671U 63038C   26145.45652290  .00000080  00000-0  11815-3 0  9992
2 00671  89.9634 333.1061 0041862  57.2478 303.2693 13.45222138 71999
TRANSIT 5B-2
1   704U 63049B   26145.53469443  .00000063  00000-0  88220-4 0  9992
2   704  89.9248  70.6070 0035340   7.8535 166.0284 13.47123813 68279
TRANSIT 5E 3
1   705U 63049C   26145.53838565  .00000062  00000-0  86264-4 0  9993
2   705  89.9250  70.5752 0032691 323.3721 210.3595 13.47671472 69041
TIROS 8
1 00716U 63054A   26145.63246413  .00000306  00000-0  76213-4 0  9991
2 00716  58.4927 119.8103 0016990 218.5044 141.4785 14.73151232312390
GGSE 1 (GGRS)
1 00728U 64001B   26145.35018377  .00000025  00000-0  55990-4 0  9999
2 00728  69.9080 252.7595 0012901   4.9621 355.1611 13.97771235176484
SECOR 1B
1 00729U 64001C   26145.52515474  .00000005  00000-0  43160-4 0  9993
2 00729  69.9013 341.4353 0011485 110.4521 249.7818 13.95223614173549
SOLRAD 7A
1   730U 64001D   26145.50943851  .00000036  00000-0  65419-4 0  9992
2   730  69.9063 325.5975 0011513  56.3285 334.3299 13.96053370 57474
GREB
1   731U 64001E   26145.21721917  .00000016  00000-0  50193-4 0  9999
2   731  69.9061 316.4255 0011682  51.1733 309.0413 13.96306577174377
OPS 3367 A
1 00734U 64002B   26145.35653004  .00000064  00000-0  43382-4 0  9994
2 00734  98.9795  74.8102 0013385 251.9414 108.0309 14.29695068245508
OPS 3367 B
1   735U 64002C   26145.50024262  .00000060  00000-0  42485-4 0  9999
2   735  98.9831  69.5603 0016796  16.1677 344.0036 14.28575256243476
OPS 4412 (TRANSIT 9)
1 00801U 64026A   26145.13706862  .00000343  00000-0  16347-3 0  9992
2 00801  90.4540 186.8035 0049868  98.0995 262.5855 14.17059079182882
OPS 4467 A
1   812U 64031A   26145.35298499  .00000060  00000-0  49160-4 0  9992
2   812  99.8182 298.0059 0006021 144.6608 215.4967 14.24591019213041
OPS 4467 B
1   813U 64031B   26145.38120867  .00000048  00000-0  44601-4 0  9990
2   813  99.8255 295.5011 0004620 235.1934 124.8806 14.23709644211681
EXPLORER 20
1   870U 64051A   26145.16567042  .00000099  00000-0  69720-4 0  9996
2   870  79.8971 303.7965 0096648 344.4718  15.3477 13.91786049130239
COSMOS 44
1 00876U 64053A   26145.40373893  .00000030  00000-0  27226-4 0  9990
2 00876  65.0612  33.0382 0152036 271.1498  87.2189 14.65724664285332
OPS 5798 (TRANSIT 5B-4)
1   897U 64063B   26145.52823367  .00000058  00000-0  73751-4 0  9997
2   897  90.2364  74.9703 0017673 242.0109 294.4379 13.53733128 42158
EXPLORER 22
1   899U 64064A   26145.45525144  .00000165  00000-0  13827-3 0  9990
2   899  79.6885 151.8829 0118248 264.5431  94.2222 13.83046628101839
CALSPHERE 1
1   900U 64063C   26145.48645941  .00000573  00000-0  57409-3 0  9990
2   900  90.2237  71.2354 0026995   6.8303  46.4201 13.76594946 68305
CALSPHERE 2
1 00902U 64063E   26145.57336648  .00000061  00000-0  78469-4 0  9995
2 00902  90.2373  75.2506 0016771 296.2915 250.7719 13.52898349853209
EXPLORER 25 (INJUN-4)
1 00932U 64076B   26145.39568298  .00000312  00000-0  10996-3 0  9999
2 00932  81.3426  36.0344 1117958 320.1147  32.2729 12.67210181816245
OPS 6582 (TRANSIT 5E-5)
1   959U 64083C   26145.12679667  .00000131  00000-0  15593-3 0  9997
2   959  90.0081 187.3094 0042384  14.5194  39.3342 13.62487052 47070
OPS 6582 (TRANSIT 5B-5)
1   965U 64083D   26145.44641051  .00000065  00000-0  78571-4 0  9997
2   965  90.0781 202.8567 0040934 347.2460  23.3770 13.57010549 40532
TIROS 9
1 00978U 65004A   26145.41489591 -.00000028  00000-0 -27351-4 0  9992
2 00978  96.3994 306.3998 1158612  84.2745 288.8987 12.11147122708858
SECOR 3
1  1208U 65016E   26145.50228662 -.00000007  00000-0  33206-4 0  9994
2  1208  70.0796 232.4171 0017882 119.3128 257.7015 13.96076563116004
GGSE 2
1 01244U 65016B   26145.42666993 -.00000006  00000-0  33578-4 0  9999
2 01244  70.0793 234.8035 0018714 122.6796 237.6119 13.96156993114881
OPS 4988 (GREB 6)
1  1271U 65016A   26145.41313911 -.00000002  00000-0  36025-4 0  9993
2  1271  70.0789 206.6685 0018161 101.0684 271.3638 13.96655862115631
PORCUPINE 1
1  1272U 65016H   26145.40525021  .00000006  00000-0  43673-4 0  9990
2  1272  70.0797 298.0410 0021217 158.6072 201.5925 13.94532283113201
SOLRAD 7B
1  1291U 65016D   26145.38103238  .00000010  00000-0  46370-4 0  9992
2  1291  70.0795 284.7483 0020003 157.5249 202.6738 13.94972701113520
GGSE 3
1 01292U 65016C   26145.60141933  .00000076  00000-0  84930-4 0  9998
2 01292  70.0780   0.2153 0020423 332.8355  27.1684 14.01580033121400
OSCAR 3
1  1293U 65016F   26145.22384536  .00000408  00000-0  26927-3 0  9995
2  1293  70.0729  89.1790 0017742 186.8079 173.2795 14.08450024128852
OPS 4682 (SNAPSHOT)
1 01314U 65027A   26145.34044825  .00000031  00000-0  86995-4 0  9992
2 01314  90.2406   5.7556 0030106 353.9677 180.3417 12.91804755628079
SECOR 4 (EGRS 4)
1 01315U 65027B   26145.13193413  .00000046  00000-0  14318-3 0  9993
2 01315  90.2515  15.0561 0029396 260.2132 253.9275 12.92667228883947
EXPLORER 27
1 01328U 65032A   26145.43782045 -.00000007  00000-0  11497-3 0  9994
2 01328  41.1819 114.6154 0241464 187.8299 171.8648 13.38926387985284
OPS 8480 (TRANSIT 5B-6)
1  1420U 65048A   26145.34314147  .00000094  00000-0  12582-3 0  9999
2  1420  89.8766 286.4739 0074977 136.2858 284.0567 13.51903234   372
TIROS 10
1  1430U 65051A   26145.55548744  .00000164  00000-0  62896-4 0  9991
2  1430  98.5010 264.9890 0056009 146.0142 214.4655 14.41620320192652
SECOR 5 (EGRS 5)
1 01506U 65063A   26145.36607539  .00000010  00000-0  29303-3 0  9990
2 01506  69.2328 282.6571 0788199 181.6032 211.3288 11.78688590615569
DODECAPOLE 2
1 01510U 65065C   26145.43192502  .00003119  00000-0  17198-2 0  9995
2 01510  90.0669  24.8365 0034665 260.8871  98.8392 14.11051016 29957
TEMPSAT 1
1  1512U 65065E   26145.46782718  .00000017  00000-0  17653-4 0  9996
2  1512  90.0003 212.5905 0068074 313.5785  57.4917 13.33592669957027
OPS 8464 (TRANSIT 5B-7)
1  1514U 65065F   26145.52461538  .00000089  00000-0  15669-3 0  9992
2  1514  89.9976 227.9009 0068837 223.0589 148.3087 13.35365954958244
NAVSPASUR ROD 1
1  1515U 65065G   26145.44908461  .00000323  00000-0  48086-3 0  9995
2  1515  90.0223 214.1963 0060541  23.9030 355.2361 13.51001165977257
CALSPHERE 4(A)
1 01520U 65065H   26145.40799047  .00000123  00000-0  21777-3 0  9991
2 01520  89.8967 122.7135 0070131 166.0680 358.3002 13.36273583959664
COSMOS 80
1 01570U 65070A   26145.35281133 -.00000089  00000-0  44179-4 0  9992
2 01570  56.0535 172.5555 0099074 291.3673  80.8478 12.52800619778493
COSMOS 81
1  1571U 65070B   26145.29843543 -.00000101  00000-0 -34545-4 0  9997
2  1571  56.0605 263.0595 0089430  58.6208 324.9194 12.48867913769767
COSMOS 82
1  1572U 65070C   26145.48100196 -.00000075  00000-0  12828-3 0  9997
2  1572  56.0606 318.3193 0072818 228.4120 164.5333 12.45123377761377
COSMOS 83
1 01573U 65070D   26145.43708743 -.00000095  00000-0 -12690-4 0  9996
2 01573  56.0559  44.0445 0068545  47.5018 313.1649 12.41045298752380
COSMOS 84
1  1574U 65070E   26145.35903286 -.00000080  00000-0  93134-4 0  9992
2  1574  56.0505 126.6825 0063160 204.8562 305.5915 12.37037962743601
PORCUPINE 2
1  1577U 65065J   26145.18149043  .00000068  00000-0  11359-3 0  9996
2  1577  90.0312 212.0247 0070721 167.0106 219.7493 13.36253085959580
OPS 8068
1  1580U 65072A   26145.49733549  .00000336  00000-0  11217-3 0  9993
2  1580  98.4174 302.7058 0230090 112.5819 249.9884 14.29646654129772
COSMOS 86
1 01584U 65073A   26145.45711002 -.00000086  00000-0  52250-4 0  9990
2 01584  56.0576 201.6920 0211948 252.5244 117.9614 12.51920711774600
COSMOS 87
1  1585U 65073B   26145.29336034 -.00000088  00000-0  45802-4 0  9998
2  1585  56.0630 345.2933 0203923 356.9444 186.6482 12.47463034762895
COSMOS 88
1 01586U 65073C   26145.58204339 -.00000089  00000-0  32489-4 0  9991
2 01586  56.0598  82.9155 0189116 137.4583  33.3770 12.43344824755681
COSMOS 89
1  1587U 65073D   26145.40451616 -.00000090  00000-0  12644-4 0  9998
2  1587  56.0561 205.5878 0165116 279.4783  78.7491 12.38989414746036
COSMOS 90
1 01588U 65073E   26145.43795206 -.00000082  00000-0  79135-4 0  9997
2 01588  56.0575 331.7467 0156680  49.6213 322.1477 12.34592696736182
OV1-2
1 01613U 65078A   26145.58328785  .00006456  00000-0  62079-3 0  9999
2 01613 144.2242 276.4918 1128473 216.2022 135.6730 13.01271112711777
OV2-1
1 01641U 65082C   26145.26291847  .00000242  00000-0  48101-4 0  9996
2 01641  32.2981 356.6124 0018543 359.6838   0.3794 14.54804129213950
EXPLORER 29 (GEOS 1)
1 01726U 65089A   26145.56778924 -.00000086  00000-0 -72874-4 0  9998
2 01726  59.3817  79.8918 0714156 205.9979 330.3307 11.97075940646950
EXPLORER 30
1  1738U 65093A   26145.18415859  .00000024  00000-0  50122-4 0  9991
2  1738  59.7079 323.1623 0132024  18.1468 342.4216 14.41825798153075
ALOUETTE 2
1  1804U 65098A   26145.35802212  .00000245  00000-0  82751-4 0  9990
2  1804  79.8004 296.0857 1329953 278.8548  66.4611 12.28325022676475
EXPLORER 31 (ISIS-X)
1 01806U 65098B   26145.34138464  .00000393  00000-0  13324-3 0  9995
2 01806  79.7764   8.6551 1423142 179.3562 180.9813 12.08307274645933
FR 1
1  1814U 65101A   26145.11130205  .00000601  00000-0  99181-4 0  9997
2  1814  75.8668  30.8328 0005529 163.5260 196.6102 14.71636339 52706
OPS 1509 (TRANSIT 10)
1  1864U 65109A   26145.49926043  .00000142  00000-0  12270-3 0  9997
2  1864  89.0739 237.5556 0107426 283.5225  75.3992 13.79054367 32978
OPS 1593 (TRANSIT 11)
1  1952U 66005A   26145.53124006  .00000157  00000-0  14446-3 0  9998
2  1952  90.1458 351.4772 0219271  86.6953 275.9265 13.68130505  3027
ESSA 1 (OT-3)
1 01982U 66008A   26145.33101420  .00000124  00000-0  42723-4 0  9991
2 01982  97.8127 178.9322 0079948 173.7670 186.4539 14.48330656154631
DIAPASON (D1-A)
1 02016U 66013A   26145.45714582  .00000339  00000-0  88361-4 0  9994
2 02016  34.0979  62.9077 1158590 253.9612  93.0592 12.66515264737565
ESSA 2 (OT-2)
1  2091U 66016A   26145.50659882 -.00000047  00000-0 -16841-4 0  9999
2  2091 101.2347  55.2995 0038471 303.0831 230.8188 12.69430680790744
OPS 1117 (TRANSIT 12)
1 02119U 66024A   26145.35467736  .00000171  00000-0  15232-3 0  9995
2 02119  89.6046  89.4153 0148240 114.7132 246.9547 13.75404315 12010
OV1-4
1  2121U 66025A   26145.55211036  .00000394  00000-0  10500-3 0  9991
2  2121 144.5031 249.9159 0083407 204.3492 155.3221 13.87322716 47999
OV1-5
1  2122U 66025B   26145.33856991  .00000311  00000-0  63555-4 0  9991
2  2122 144.6327 190.9232 0046750 116.6135 243.9332 13.66168062  1946
OPS 0340
1  2125U 66026A   26145.40773175  .00000333  00000-0  68586-4 0  9998
2  2125  98.0307 314.3529 0145436 316.4872  42.4927 14.60744710156228
OAO 1
1 02142U 66031A   26145.28389245  .00000055  00000-0  25858-4 0  9996
2 02142  35.0453  95.4525 0006434 119.8209 240.3118 14.34690307147792
OPS 1527 (OV3-1)
1  2150U 66034A   26145.49425956  .00011529  00000-0  59257-3 0  9998
2  2150  82.3708 192.5916 1392763  80.4334 295.0933 12.62085824399015
NIMBUS 2
1  2173U 66040A   26145.15315932 -.00000033  00000-0  29206-4 0  9996
2  2173 100.5327   3.0147 0055329 351.9207 120.7534 13.33716734920550
OPS 0082 (TRANSIT 13)
1  2176U 66041A   26145.37444719  .00000206  00000-0  12098-3 0  9991
2  2176  90.2306  82.6353 0060444 178.3027 181.8372 14.04320807 64235
OV3-3
1  2389U 66070A   26145.52214265  .00008235  00000-0  37217-3 0  9997
2  2389  81.3273 351.0045 1013940 216.4538 136.3296 13.44707252595928
OPS 2366 (TRANSIT 14)
1 02401U 66076A   26145.57765102  .00000101  00000-0  13081-3 0  9991
2 02401  88.8478  68.4533 0033410  14.2245 160.2284 13.53951114948030
OPS 6026 (DMSP 4A F1)
1 02418U 66082A   26145.36110613  .00000271  00000-0  85699-4 0  9997
2 02418  98.3386 298.9512 0116595  93.5028 267.9507 14.43885943108996
ESSA 3 (TOS-A)
1  2435U 66087A   26145.49459799 -.00000048  00000-0 -38404-4 0  9992
2  2435 101.0795  49.6612 0064467  83.4157  89.5739 12.56880108736154
ESSA 4 (TOS-B)
1 02657U 67006A   26145.49321817 -.00000039  00000-0  51400-4 0  9999
2 02657 102.0861 342.8610 0072833 324.1590  62.7986 12.69890758749666
OPS 6073 (DMSP 4A F2)
1  2669U 67010A   26145.47084132  .00000117  00000-0  65083-4 0  9999
2  2669  99.1056 147.2627 0049912  87.9176 272.7718 14.28212091 81099
DIADEME 1
1 02674U 67011A   26145.47865694  .00004908  00000-0  53434-3 0  9994
2 02674  39.9162  69.2895 0203688  93.8067 268.6029 14.74552008 86755
DIADEME 2
1 02680U 67014A   26145.44967861  .00000617  00000-0  27079-3 0  9999
2 02680  39.4411 199.4843 0700905 273.4789  78.6085 13.41996527872917
OPS 0100 (TRANSIT 15)
1  2754U 67034A   26145.43611035  .00000091  00000-0  11506-3 0  9995
2  2754  90.2369  34.6313 0018224 208.1361 325.5853 13.57400570923026
ESSA 5
1  2757U 67036A   26145.44261073 -.00000033  00000-0  78979-4 0  9999
2  2757 101.9905 327.0853 0042474 296.9162  77.0367 12.68542552736097
COSMOS 158
1  2801U 67045A   26145.34918019  .00000033  00000-0  19860-4 0  9990
2  2801  74.0391 107.0523 0057740 319.4932  40.1929 14.36939006 93142
OPS 7218 (TRANSIT 16)
1  2807U 67048A   26145.52898831  .00000119  00000-0  16860-3 0  9999
2  2807  89.6724 348.6539 0020469   8.2075  18.7617 13.50761338904871
OPS 5712 (P/L 160)
1  2826U 67053A   26145.43727094  .00007751  00000-0  10991-2 0  9995
2  2826  69.9161  94.0415 0001316 261.1746  98.9253 14.77337315 62873
GGSE 4
1  2828U 67053C   26145.33466462  .00000077  00000-0  91462-4 0  9993
2  2828  69.9696 112.0241 0009133 215.3432 144.7070 13.98082732  4969
GGSE 5
1 02834U 67053D   26145.45856729  .00000008  00000-0  44435-4 0  9994
2 02834  69.9711 181.7202 0009939 246.8053 113.2006 13.96188391  2971
TIMATION 1
1  2847U 67053E   26145.39813755  .00000113  00000-0  10762-3 0  9995
2  2847  69.9654 256.5641 0004090  98.3044 261.8529 14.02974142 10594
SURCAL 159
1  2872U 67053F   26145.43150565  .00000063  00000-0  79713-4 0  9997
2  2872  69.9753  49.8292 0005800 167.4535 192.6718 13.99596684  7021
OPS 5712 (P/L 152)
1  2873U 67053G   26145.29855985  .00000052  00000-0  73324-4 0  9990
2  2873  69.9733  99.2298 0008474 202.3494 320.9650 13.98521483  5302
OPS 5712 (P/L 153)
1  2874U 67053H   26145.35156122  .00000016  00000-0  49830-4 0  9990
2  2874  69.9717 164.2530 0009581 237.1634 122.8550 13.96824648  3605
OPS 7202 (DMSP 4A F3)
1 02920U 67080A   26145.29610239  .00000033  00000-0  38266-4 0  9999
2 02920  98.5890 356.0638 0039025  63.5937 296.9234 14.15305053 29471
OPS 4947 (TRANSIT 17)
1 02965U 67092A   26145.36333363  .00000120  00000-0  15953-3 0  9993
2 02965  89.2556  12.0356 0049266 119.3944  55.0247 13.53494726893102
OPS 1264 (DMSP 4A F4)
1  2980U 67096A   26145.47669433  .00000494  00000-0  10234-3 0  9997
2  2980  99.1819 218.7920 0093284 180.1251 179.9939 14.62962855 83805
ESSA 6 (TOS-D)
1  3035U 67114A   26145.53972492 -.00000042  00000-0  25015-4 0  9993
2  3035 102.0137 250.1590 0049020 166.4778 205.0078 12.54249385679774
COSMOS 192
1 03047U 67116A   26145.49025716  .00000216  00000-0  53901-4 0  9998
2 03047  74.0132  58.8576 0009240 235.4631 124.5661 14.57570597 95325
COSMOS 198
1  3081U 67127A   26145.26281291 -.00000052  00000-0  28823-4 0  9999
2  3081  65.1438 341.6892 0012579  81.4327 278.8164 13.93392334970386
EXPLORER 36 (GEOS 2)
1  3093U 68002A   26145.46618895 -.00000062  00000-0  41811-4 0  9994
2  3093 105.7915  28.3489 0318386 142.7889  29.0944 12.83603659734440
COSMOS 203
1  3129U 68011A   26145.46370093 -.00000073  00000-0 -13664-3 0  9996
2  3129  74.0496 127.8510 0012719 325.5096 210.9171 13.18303393802983
OPS 7034 (TRANSIT 18)
1 03133U 68012A   26145.38938788  .00000101  00000-0  13699-3 0  9992
2 03133  90.0268 274.0413 0075355  57.5913   1.3395 13.51604753591295
COSMOS 209
1 03158U 68023A   26145.37438068 -.00000062  00000-0  18962-4 0  9992
2 03158  65.3321 254.4353 0050190 256.4252 103.1225 13.97932841967829
COSMOS 220
1  3229U 68040A   26145.37839499  .00000576  00000-0  78624-4 0  9993
2  3229  74.0258 226.1130 0032979 136.4118 223.9673 14.80820298 87013
OPS 7869 (DMSP 4B F1)
1  3266U 68042A   26145.42846764  .00000061  00000-0  51811-4 0  9993
2  3266  98.5583 337.1687 0052669   9.2687 350.9448 14.15890805909914
EXPLORER 40 (INJUN-5)
1 03338U 68066B   26145.62570441  .00000146  00000-0  15138-3 0  9992
2 03338  80.6594 104.1683 1129428 346.7452  10.6056 12.23572794575559
